season,batch_index,artifact,game_id,error
2006-07,0,treb-fanout-2006-0,20600017,"ValueError: starter solution requires missing in-period lineup transition game=20600017 period=3 team=1610612743: starters=[948, 1889, 2030, 2546, 2747] violations=[{'kind': 'participant', 'event_num': 313, 'player_id': 2546, 'event_type': 6}]"
2006-07,0,treb-fanout-2006-0,20600034,"ValueError: starter solution requires missing in-period lineup transition game=20600034 period=4 team=1610612765: starters=[739, 1888, 2436, 2568, 101131] violations=[{'kind': 'participant', 'event_num': 346, 'player_id': 739, 'event_type': 6}]"
2006-07,0,treb-fanout-2006-0,20600058,"ValueError: starter solution requires missing in-period lineup transition game=20600058 period=2 team=1610612755: starters=[947, 2212, 2584, 2594, 2738] violations=[{'kind': 'participant', 'event_num': 205, 'player_id': 185, 'event_type': 6}]"
2006-07,0,treb-fanout-2006-0,20600078,"ValueError: starter solution requires missing in-period lineup transition game=20600078 period=3 team=1610612748: starters=[56, 406, 952, 2548, 2617] violations=[{'kind': 'participant', 'event_num': 247, 'player_id': 1899, 'event_type': 6}]"
2006-07,0,treb-fanout-2006-0,20600092,"ValueError: starter solution requires missing in-period lineup transition game=20600092 period=4 team=1610612766: starters=[2408, 2679, 2731, 101109, 200747] violations=[{'kind': 'participant', 'event_num': 456, 'player_id': 101118, 'event_type': 6}]"
2006-07,1,treb-fanout-2006-1,20600134,"ValueError: starter solution requires missing in-period lineup transition game=20600134 period=2 team=1610612765: starters=[283, 686, 739, 2419, 2436] violations=[{'kind': 'participant', 'event_num': 159, 'player_id': 739, 'event_type': 6}]"
2006-07,1,treb-fanout-2006-1,20600136,"ValueError: starter solution requires missing in-period lineup transition game=20600136 period=4 team=1610612749: starters=[2294, 2581, 2590, 101106, 101141] violations=[{'kind': 'participant', 'event_num': 430, 'player_id': 101106, 'event_type': 6}]"
2006-07,1,treb-fanout-2006-1,20600156,"ValueError: starter solution requires missing in-period lineup transition game=20600156 period=4 team=1610612741: starters=[1112, 2732, 2736, 2768, 2804] violations=[{'kind': 'participant', 'event_num': 377, 'player_id': 2550, 'event_type': 6}]"
2006-07,1,treb-fanout-2006-1,20600173,"ValueError: starter solution requires missing in-period lineup transition game=20600173 period=3 team=1610612761: starters=[1515, 2410, 2547, 2551, 200816] violations=[{'kind': 'participant', 'event_num': 313, 'player_id': 239, 'event_type': 6}]"
2006-07,1,treb-fanout-2006-1,20600174,"ValueError: starter solution requires missing in-period lineup transition game=20600174 period=2 team=1610612748: starters=[56, 952, 2548, 2574, 2853] violations=[{'kind': 'participant', 'event_num': 232, 'player_id': 2617, 'event_type': 6}]"
2006-07,1,treb-fanout-2006-1,20600191,"ValueError: starter solution requires missing in-period lineup transition game=20600191 period=3 team=1610612740: starters=[1517, 1531, 2046, 2199, 101108] violations=[{'kind': 'participant', 'event_num': 344, 'player_id': 1517, 'event_type': 6}, {'kind': 'participant', 'event_num': 346, 'player_id': 1517, 'event_type': 6}]"
2006-07,2,treb-fanout-2006-2,20600260,"ValueError: starter solution requires missing in-period lineup transition game=20600260 period=2 team=1610612746: starters=[208, 1501, 1894, 2549, 2624] violations=[{'kind': 'participant', 'event_num': 130, 'player_id': 2549, 'event_type': 6}]"
2006-07,2,treb-fanout-2006-2,20600266,"ValueError: starter solution requires missing in-period lineup transition game=20600266 period=2 team=1610612757: starters=[2137, 2413, 2424, 2566, 200746] violations=[{'kind': 'participant', 'event_num': 192, 'player_id': 2216, 'event_type': 6}]"
2006-07,2,treb-fanout-2006-2,20600271,"ValueError: non-unique v3/team-local starter solution game=20600271 period=5 team=1610612751: candidates=[467, 1630, 1713, 2067, 2210, 2215, 2420, 101120, 200766, 200801] prior=[467, 2067, 2210, 2215, 200766] best_score=0 solutions=[[467, 1630, 1713, 2210, 200766], [467, 1630, 2067, 2210, 200766], [467, 1630, 2210, 2215, 200766], [467, 1630, 2210, 2420, 200766], [467, 1630, 2210, 101120, 200766], [467, 1630, 2210, 200766, 200801]]"
2006-07,2,treb-fanout-2006-2,20600277,"ValueError: starter solution requires missing in-period lineup transition game=20600277 period=3 team=1610612756: starters=[959, 1890, 1952, 2405, 2564] violations=[{'kind': 'participant', 'event_num': 282, 'player_id': 2405, 'event_type': 6}]"
2006-07,2,treb-fanout-2006-2,20600283,"ValueError: starter solution requires missing in-period lineup transition game=20600283 period=1 team=1610612743: starters=[948, 1889, 2059, 2546, 2747] violations=[{'kind': 'participant', 'event_num': 78, 'player_id': 1889, 'event_type': 6}]"
2006-07,3,treb-fanout-2006-3,20600320,"ValueError: starter solution requires missing in-period lineup transition game=20600320 period=2 team=1610612752: starters=[950, 2201, 2407, 101126, 101135] violations=[{'kind': 'participant', 'event_num': 160, 'player_id': 2407, 'event_type': 6}]"
2006-07,3,treb-fanout-2006-3,20600340,"ValueError: non-unique v3/team-local starter solution game=20600340 period=5 team=1610612747: candidates=[977, 2198, 2209, 2230, 2470, 2567, 2575, 101142, 200770] prior=[977, 2198, 2470, 2567, 2575] best_score=0 solutions=[[977, 2198, 2209, 2470, 2567], [977, 2198, 2230, 2470, 2567], [977, 2198, 2470, 2567, 2575], [977, 2198, 2470, 2567, 101142], [977, 2198, 2470, 2567, 200770]]"
2006-07,3,treb-fanout-2006-3,20600361,"ValueError: starter solution requires missing in-period lineup transition game=20600361 period=2 team=1610612758: starters=[949, 1710, 1903, 2422, 101128] violations=[{'kind': 'participant', 'event_num': 210, 'player_id': 1710, 'event_type': 6}]"
2006-07,3,treb-fanout-2006-3,20600371,"ValueError: starter solution requires missing in-period lineup transition game=20600371 period=2 team=1610612763: starters=[224, 1088, 2200, 101124, 200752] violations=[{'kind': 'participant', 'event_num': 147, 'player_id': 2563, 'event_type': 6}]"
2006-07,4,treb-fanout-2006-4,20600406,"ValueError: starter solution requires missing in-period lineup transition game=20600406 period=3 team=1610612765: starters=[739, 1497, 1737, 1888, 2419] violations=[{'kind': 'participant', 'event_num': 297, 'player_id': 686, 'event_type': 6}]"
2006-07,4,treb-fanout-2006-4,20600420,"ValueError: starter solution requires missing in-period lineup transition game=20600420 period=2 team=1610612752: starters=[1883, 2037, 2201, 101135, 200764] violations=[{'kind': 'participant', 'event_num': 223, 'player_id': 2037, 'event_type': 6}]"
2006-07,4,treb-fanout-2006-4,20600428,"ValueError: starter solution requires missing in-period lineup transition game=20600428 period=2 team=1610612743: starters=[947, 1863, 2501, 101132, 200821] violations=[{'kind': 'participant', 'event_num': 173, 'player_id': 101132, 'event_type': 6}]"
2006-07,4,treb-fanout-2006-4,20600431,"ValueError: non-unique v3/team-local starter solution game=20600431 period=5 team=1610612766: candidates=[1507, 2056, 2063, 2222, 2408, 2679, 2731, 101109, 200747, 200835] prior=[1507, 2222, 2679, 2731, 101109] best_score=0 solutions=[[1507, 2222, 2679, 2731, 101109], [2056, 2222, 2679, 2731, 101109], [2063, 2222, 2679, 2731, 101109], [2222, 2408, 2679, 2731, 101109], [2222, 2679, 2731, 101109, 200747], [2222, 2679, 2731, 101109, 200835]]"
2006-07,4,treb-fanout-2006-4,20600437,"ValueError: starter solution requires missing in-period lineup transition game=20600437 period=1 team=1610612745: starters=[87, 436, 1503, 1747, 2203] violations=[{'kind': 'participant', 'event_num': 64, 'player_id': 1503, 'event_type': 5}]"
2006-07,4,treb-fanout-2006-4,20600452,"ValueError: starter solution requires missing in-period lineup transition game=20600452 period=4 team=1610612746: starters=[1425, 1894, 2549, 101137, 101189] violations=[{'kind': 'participant', 'event_num': 429, 'player_id': 2549, 'event_type': 6}]"
2006-07,5,treb-fanout-2006-5,20600523,"ValueError: starter solution requires missing in-period lineup transition game=20600523 period=3 team=1610612747: starters=[977, 2470, 2567, 2575, 101115] violations=[{'kind': 'participant', 'event_num': 230, 'player_id': 2567, 'event_type': 6}]"
2006-07,5,treb-fanout-2006-5,20600551,"ValueError: starter solution requires missing in-period lineup transition game=20600551 period=3 team=1610612746: starters=[208, 1749, 1882, 2549, 2733] violations=[{'kind': 'participant', 'event_num': 283, 'player_id': 208, 'event_type': 6}]"
2006-07,5,treb-fanout-2006-5,20600587,"ValueError: starter solution requires missing in-period lineup transition game=20600587 period=4 team=1610612740: starters=[1517, 2046, 2457, 2669, 200756] violations=[{'kind': 'participant', 'event_num': 475, 'player_id': 101108, 'event_type': 6}]"
2006-07,5,treb-fanout-2006-5,20600600,"ValueError: non-unique v3/team-local starter solution game=20600600 period=5 team=1610612743: candidates=[947, 948, 2059, 2403, 2501, 2581, 2747, 101132, 200821] prior=[947, 948, 2581, 2747, 200821] best_score=0 solutions=[[947, 948, 2059, 2581, 2747], [947, 948, 2403, 2581, 2747], [947, 948, 2501, 2581, 2747], [947, 948, 2581, 2747, 101132], [947, 948, 2581, 2747, 200821]]"
2006-07,6,treb-fanout-2006-6,20600628,"ValueError: non-unique v3/team-local starter solution game=20600628 period=5 team=1610612763: candidates=[224, 757, 1088, 2034, 2073, 2200, 101124, 101160, 200752, 200792] prior=[224, 2034, 2200, 2563, 101124] best_score=0 solutions=[[224, 757, 1088, 2200, 101124], [224, 1088, 2034, 2200, 101124], [224, 1088, 2073, 2200, 101124], [224, 1088, 2200, 101124, 101160], [224, 1088, 2200, 101124, 200752], [224, 1088, 2200, 101124, 200792]]"
2006-07,6,treb-fanout-2006-6,20600633,"ValueError: starter solution requires missing in-period lineup transition game=20600633 period=2 team=1610612751: starters=[361, 2067, 2411, 200766, 200767] violations=[{'kind': 'participant', 'event_num': 144, 'player_id': 1713, 'event_type': 6}]"
2006-07,6,treb-fanout-2006-6,20600652,"ValueError: starter solution requires missing in-period lineup transition game=20600652 period=3 team=1610612751: starters=[467, 1630, 1713, 2215, 101120] violations=[{'kind': 'participant', 'event_num': 260, 'player_id': 1630, 'event_type': 6}]"
2006-07,6,treb-fanout-2006-6,20600653,"ValueError: starter solution requires missing in-period lineup transition game=20600653 period=4 team=1610612750: starters=[1729, 2058, 2060, 200751, 200783] violations=[{'kind': 'participant', 'event_num': 375, 'player_id': 708, 'event_type': 6}]"
2006-07,7,treb-fanout-2006-7,20600719,"ValueError: starter solution requires missing in-period lineup transition game=20600719 period=2 team=1610612740: starters=[1517, 2446, 2457, 2669, 200756] violations=[{'kind': 'participant', 'event_num': 111, 'player_id': 101108, 'event_type': 6}]"
2006-07,7,treb-fanout-2006-7,20600746,"ValueError: starter solution requires missing in-period lineup transition game=20600746 period=4 team=1610612745: starters=[436, 1747, 2203, 2745, 101129] violations=[{'kind': 'participant', 'event_num': 375, 'player_id': 1503, 'event_type': 6}]"
2006-07,7,treb-fanout-2006-7,20600762,"ValueError: starter solution requires missing in-period lineup transition game=20600762 period=2 team=1610612741: starters=[1112, 2550, 2736, 2751, 2768] violations=[{'kind': 'participant', 'event_num': 187, 'player_id': 1112, 'event_type': 6}]"
2006-07,7,treb-fanout-2006-7,20600782,"ValueError: starter solution requires missing in-period lineup transition game=20600782 period=2 team=1610612758: starters=[722, 1897, 2422, 2755, 101128] violations=[{'kind': 'participant', 'event_num': 115, 'player_id': 949, 'event_type': 6}]"
2006-07,8,treb-fanout-2006-8,20600803,"ValueError: non-unique v3/team-local starter solution game=20600803 period=6 team=1610612749: candidates=[1730, 1739, 1863, 2072, 2294, 2590, 2696, 2876, 101106, 200786] prior=[1739, 1863, 2072, 2294, 2876] best_score=0 solutions=[[1730, 1739, 2072, 2294, 2876], [1739, 1863, 2072, 2294, 2876], [1739, 2072, 2294, 2590, 2876], [1739, 2072, 2294, 2696, 2876], [1739, 2072, 2294, 2876, 101106], [1739, 2072, 2294, 2876, 200786]]"
2006-07,8,treb-fanout-2006-8,20600822,"ValueError: starter solution requires missing in-period lineup transition game=20600822 period=1 team=1610612756: starters=[703, 959, 1890, 1952, 2405] violations=[{'kind': 'participant', 'event_num': 43, 'player_id': 703, 'event_type': 6}]"
2006-07,8,treb-fanout-2006-8,20600854,"ValueError: starter solution requires missing in-period lineup transition game=20600854 period=3 team=1610612742: starters=[956, 1717, 1891, 2572, 2734] violations=[{'kind': 'participant', 'event_num': 244, 'player_id': 711, 'event_type': 6}]"
2006-07,8,treb-fanout-2006-8,20600862,"ValueError: starter solution requires missing in-period lineup transition game=20600862 period=3 team=1610612753: starters=[2045, 2545, 2586, 2730, 2749] violations=[{'kind': 'participant', 'event_num': 252, 'player_id': 2045, 'event_type': 6}]"
2006-07,8,treb-fanout-2006-8,20600863,"ValueError: starter solution requires missing in-period lineup transition game=20600863 period=4 team=1610612766: starters=[1507, 1510, 2063, 101109, 200747] violations=[{'kind': 'participant', 'event_num': 442, 'player_id': 2222, 'event_type': 6}]"
2006-07,8,treb-fanout-2006-8,20600873,"ValueError: starter solution requires missing in-period lineup transition game=20600873 period=1 team=1610612759: starters=[699, 1477, 1495, 1922, 2225] violations=[{'kind': 'participant', 'event_num': 49, 'player_id': 1922, 'event_type': 6}]"
2006-07,8,treb-fanout-2006-8,20600887,"ValueError: non-unique v3/team-local starter solution game=20600887 period=5 team=1610612750: candidates=[708, 1548, 1607, 1729, 2229, 2239, 2770, 101119, 200751] prior=[708, 1548, 1607, 1729, 2060] best_score=0 solutions=[[708, 1548, 1607, 1729, 2229], [708, 1548, 1607, 1729, 2239], [708, 1548, 1607, 1729, 2770], [708, 1548, 1607, 1729, 101119], [708, 1548, 1607, 1729, 200751]]"
2006-07,9,treb-fanout-2006-9,20600941,"ValueError: starter solution requires missing in-period lineup transition game=20600941 period=1 team=1610612747: starters=[977, 2230, 2470, 2567, 101115] violations=[{'kind': 'participant', 'event_num': 49, 'player_id': 2470, 'event_type': 6}]"
2006-07,9,treb-fanout-2006-9,20600944,"ValueError: starter solution requires missing in-period lineup transition game=20600944 period=4 team=1610612761: starters=[2050, 2413, 2743, 101181, 200745] violations=[{'kind': 'participant', 'event_num': 449, 'player_id': 2551, 'event_type': 6}]"
2006-07,9,treb-fanout-2006-9,20600947,"ValueError: starter solution requires missing in-period lineup transition game=20600947 period=3 team=1610612742: starters=[711, 956, 1717, 1761, 1891] violations=[{'kind': 'participant', 'event_num': 345, 'player_id': 1717, 'event_type': 6}]"
2006-07,9,treb-fanout-2006-9,20600950,"ValueError: starter solution requires missing in-period lineup transition game=20600950 period=1 team=1610612748: starters=[224, 406, 1715, 1899, 2617] violations=[{'kind': 'participant', 'event_num': 111, 'player_id': 297, 'event_type': 6}]"
2006-07,9,treb-fanout-2006-9,20600988,"ValueError: starter solution requires missing in-period lineup transition game=20600988 period=1 team=1610612752: starters=[950, 1883, 2201, 2407, 101112] violations=[{'kind': 'participant', 'event_num': 69, 'player_id': 990, 'event_type': 6}]"
2006-07,10,treb-fanout-2006-10,20601025,"ValueError: non-unique v3/team-local starter solution game=20601025 period=5 team=1610612757: candidates=[2048, 2137, 2424, 2566, 101110, 101127, 200746, 200750, 200771] prior=[2048, 2137, 101127, 200746, 200750] best_score=0 solutions=[[2048, 2137, 101127, 200746, 200750], [2048, 2424, 101127, 200746, 200750], [2048, 2566, 101127, 200746, 200750], [2048, 101110, 101127, 200746, 200750], [2048, 101127, 200746, 200750, 200771]]"
2006-07,10,treb-fanout-2006-10,20601040,"ValueError: non-unique v3/team-local starter solution game=20601040 period=4 team=1610612750: candidates=[1548, 1729, 2058, 101119, 200751, 200783] prior=[1548, 1729, 101119, 200751, 200783] best_score=0 solutions=[[1548, 1729, 101119, 200751, 200783], [1729, 2058, 101119, 200751, 200783]]"
2006-07,10,treb-fanout-2006-10,20601061,"ValueError: non-unique v3/team-local starter solution game=20601061 period=5 team=1610612738: candidates=[1718, 2570, 2742, 2744, 2753, 101155, 200765, 200796] prior=[1718, 2570, 2753, 101155, 200765] best_score=0 solutions=[[1718, 2570, 2742, 2744, 200765], [1718, 2570, 2744, 2753, 200765], [1718, 2570, 2744, 101155, 200765], [1718, 2570, 2744, 200765, 200796]]"
2006-07,10,treb-fanout-2006-10,20601062,"ValueError: starter solution requires missing in-period lineup transition game=20601062 period=2 team=1610612751: starters=[361, 1713, 2411, 200766, 200767] violations=[{'kind': 'participant', 'event_num': 268, 'player_id': 1630, 'event_type': 6}]"
2006-07,10,treb-fanout-2006-10,20601063,"ValueError: starter solution requires missing in-period lineup transition game=20601063 period=4 team=1610612752: starters=[990, 2201, 2407, 200764, 200776] violations=[{'kind': 'participant', 'event_num': 359, 'player_id': 101112, 'event_type': 6}]"
2006-07,10,treb-fanout-2006-10,20601081,"ValueError: non-unique v3/team-local starter solution game=20601081 period=5 team=1610612745: candidates=[87, 1503, 1747, 2203, 2397, 2745, 101236, 101249] prior=[1503, 1747, 2203, 2397, 101249] best_score=0 solutions=[[87, 1503, 1747, 2397, 101236], [1503, 1747, 2203, 2397, 101236], [1503, 1747, 2397, 2745, 101236], [1503, 1747, 2397, 101236, 101249]]"
2006-07,11,treb-fanout-2006-11,20601104,"ValueError: starter solution requires missing in-period lineup transition game=20601104 period=2 team=1610612760: starters=[2248, 2404, 2863, 101130, 101153] violations=[{'kind': 'participant', 'event_num': 181, 'player_id': 2404, 'event_type': 6}]"
2006-07,11,treb-fanout-2006-11,20601143,"ValueError: starter solution requires missing in-period lineup transition game=20601143 period=1 team=1610612739: starters=[980, 1716, 2400, 2544, 2562] violations=[{'kind': 'participant', 'event_num': 96, 'player_id': 1716, 'event_type': 6}]"
2006-07,11,treb-fanout-2006-11,20601146,"ValueError: non-unique v3/team-local starter solution game=20601146 period=5 team=1610612766: candidates=[976, 1510, 2056, 2222, 2731, 101109, 101187, 200797, 200835] prior=[1510, 2222, 2731, 101109, 200835] best_score=1 solutions=[[1510, 2222, 2731, 101109, 200835], [1510, 2222, 2731, 101187, 200835]]"
2006-07,11,treb-fanout-2006-11,20601194,"ValueError: starter solution requires missing in-period lineup transition game=20601194 period=3 team=1610612759: starters=[714, 1477, 1495, 1922, 2225] violations=[{'kind': 'participant', 'event_num': 306, 'player_id': 1495, 'event_type': 6}, {'kind': 'participant', 'event_num': 321, 'player_id': 1495, 'event_type': 6}]"
2006-07,12,treb-fanout-2006-12,20601213,"ValueError: starter solution requires missing in-period lineup transition game=20601213 period=3 team=1610612754: starters=[2211, 2224, 2399, 2758, 101122] violations=[{'kind': 'participant', 'event_num': 276, 'player_id': 2758, 'event_type': 6}]"
2007-08,0,treb-fanout-2007-0,20700030,"ValueError: starter solution requires missing in-period lineup transition game=20700030 period=3 team=1610612754: starters=[979, 1902, 2224, 2399, 101122] violations=[{'kind': 'participant', 'event_num': 347, 'player_id': 979, 'event_type': 6}]"
2007-08,0,treb-fanout-2007-0,20700084,"ValueError: starter solution requires missing in-period lineup transition game=20700084 period=2 team=1610612750: starters=[689, 2742, 101119, 200783, 201147] violations=[{'kind': 'participant', 'event_num': 195, 'player_id': 2742, 'event_type': 6}]"
2007-08,1,treb-fanout-2007-1,20700106,"ValueError: starter solution requires missing in-period lineup transition game=20700106 period=2 team=1610612766: starters=[976, 2222, 2679, 200797, 201162] violations=[{'kind': 'participant', 'event_num': 196, 'player_id': 2222, 'event_type': 6}]"
2007-08,1,treb-fanout-2007-1,20700107,"ValueError: non-unique v3/team-local starter solution game=20700107 period=5 team=1610612739: candidates=[980, 1716, 1800, 2400, 2544, 2562, 101204, 200789] prior=[980, 2484, 2544, 2562, 200789] best_score=0 solutions=[[980, 1716, 2400, 2544, 2562], [980, 1800, 2400, 2544, 2562], [980, 2400, 2544, 2562, 101204], [980, 2400, 2544, 2562, 200789]]"
2007-08,1,treb-fanout-2007-1,20700129,"ValueError: starter solution requires missing in-period lineup transition game=20700129 period=3 team=1610612765: starters=[739, 1888, 2419, 2436, 101131] violations=[{'kind': 'participant', 'event_num': 328, 'player_id': 1888, 'event_type': 6}]"
2007-08,2,treb-fanout-2007-2,20700204,"ValueError: non-unique v3/team-local starter solution game=20700204 period=5 team=1610612739: candidates=[727, 980, 1800, 2400, 2484, 2544, 2562, 101204, 200789] prior=[980, 1800, 2544, 2562, 200789] best_score=0 solutions=[[727, 980, 2400, 2544, 2562], [980, 1800, 2400, 2544, 2562], [980, 2400, 2484, 2544, 2562], [980, 2400, 2544, 2562, 101204], [980, 2400, 2544, 2562, 200789]]"
2007-08,2,treb-fanout-2007-2,20700225,"ValueError: starter solution requires missing in-period lineup transition game=20700225 period=3 team=1610612755: starters=[1889, 2223, 2501, 2584, 2738] violations=[{'kind': 'participant', 'event_num': 317, 'player_id': 2501, 'event_type': 6}]"
2007-08,2,treb-fanout-2007-2,20700232,"ValueError: starter solution requires missing in-period lineup transition game=20700232 period=3 team=1610612753: starters=[1740, 2045, 2586, 2730, 2749] violations=[{'kind': 'participant', 'event_num': 315, 'player_id': 2045, 'event_type': 6}]"
2007-08,3,treb-fanout-2007-3,20700319,"ValueError: non-unique v3/team-local starter solution game=20700319 period=4 team=1610612752: candidates=[2037, 2047, 2216, 2407, 2410, 101135, 200764] prior=[2037, 2216, 2407, 101126, 101135] best_score=0 solutions=[[2037, 2047, 2216, 2407, 101135], [2037, 2216, 2407, 2410, 101135], [2037, 2216, 2407, 101135, 200764]]"
2007-08,3,treb-fanout-2007-3,20700332,"ValueError: starter solution requires missing in-period lineup transition game=20700332 period=3 team=1610612765: starters=[686, 739, 1497, 1888, 2419] violations=[{'kind': 'participant', 'event_num': 275, 'player_id': 739, 'event_type': 6}]"
2007-08,3,treb-fanout-2007-3,20700344,"ValueError: starter solution requires missing in-period lineup transition game=20700344 period=2 team=1610612739: starters=[980, 1716, 1800, 2760, 200769] violations=[{'kind': 'participant', 'event_num': 137, 'player_id': 2400, 'event_type': 6}]"
2007-08,3,treb-fanout-2007-3,20700363,"ValueError: starter solution requires missing in-period lineup transition game=20700363 period=2 team=1610612747: starters=[1885, 2209, 2756, 101115, 200770] violations=[{'kind': 'participant', 'event_num': 223, 'player_id': 965, 'event_type': 6}]"
2007-08,3,treb-fanout-2007-3,20700367,"ValueError: starter solution requires missing in-period lineup transition game=20700367 period=1 team=1610612748: starters=[406, 2548, 2617, 2748, 200809] violations=[{'kind': 'participant', 'event_num': 78, 'player_id': 406, 'event_type': 6}]"
2007-08,3,treb-fanout-2007-3,20700381,"ValueError: starter solution requires missing in-period lineup transition game=20700381 period=3 team=1610612738: starters=[708, 951, 1718, 2570, 200765] violations=[{'kind': 'participant', 'event_num': 357, 'player_id': 2067, 'event_type': 6}]"
2007-08,3,treb-fanout-2007-3,20700393,"ValueError: starter solution requires missing in-period lineup transition game=20700393 period=2 team=1610612748: starters=[1715, 1729, 2617, 2853, 201161] violations=[{'kind': 'participant', 'event_num': 224, 'player_id': 1715, 'event_type': 6}]"
2007-08,4,treb-fanout-2007-4,20700444,"ValueError: starter solution requires missing in-period lineup transition game=20700444 period=4 team=1610612755: starters=[2738, 101150, 200760, 201152, 201160] violations=[{'kind': 'participant', 'event_num': 407, 'player_id': 1889, 'event_type': 6}]"
2007-08,4,treb-fanout-2007-4,20700449,"ValueError: non-unique v3/team-local starter solution game=20700449 period=5 team=1610612766: candidates=[976, 1507, 1737, 2202, 2222, 2679, 2731, 101109, 201162] prior=[2202, 2222, 2679, 2731, 101109] best_score=0 solutions=[[976, 1507, 2202, 2222, 2731], [976, 1737, 2202, 2222, 2731], [976, 2202, 2222, 2679, 2731], [976, 2202, 2222, 2731, 101109], [976, 2202, 2222, 2731, 201162]]"
2007-08,4,treb-fanout-2007-4,20700459,"ValueError: starter solution requires missing in-period lineup transition game=20700459 period=1 team=1610612753: starters=[1740, 2045, 2306, 2586, 2730] violations=[{'kind': 'participant', 'event_num': 61, 'player_id': 2730, 'event_type': 6}]"
2007-08,4,treb-fanout-2007-4,20700463,"ValueError: starter solution requires missing in-period lineup transition game=20700463 period=3 team=1610612758: starters=[1630, 1802, 2422, 2757, 101128] violations=[{'kind': 'participant', 'event_num': 363, 'player_id': 1630, 'event_type': 6}]"
2007-08,4,treb-fanout-2007-4,20700485,"ValueError: starter solution requires missing in-period lineup transition game=20700485 period=4 team=1610612738: starters=[1513, 1718, 2067, 2754, 201175] violations=[{'kind': 'participant', 'event_num': 337, 'player_id': 2570, 'event_type': 6}]"
2007-08,5,treb-fanout-2007-5,20700527,"ValueError: non-unique v3/team-local starter solution game=20700527 period=5 team=1610612739: candidates=[980, 1716, 2400, 2484, 2544, 2562, 2760, 101204, 200789] prior=[1716, 1800, 2544, 2760, 200789] best_score=0 solutions=[[980, 1716, 2400, 2544, 2760], [1716, 2400, 2484, 2544, 2760], [1716, 2400, 2544, 2562, 2760], [1716, 2400, 2544, 2760, 101204], [1716, 2400, 2544, 2760, 200789]]"
2007-08,5,treb-fanout-2007-5,20700536,"ValueError: starter solution requires missing in-period lineup transition game=20700536 period=1 team=1610612750: starters=[1720, 2742, 2744, 101119, 101155] violations=[{'kind': 'participant', 'event_num': 65, 'player_id': 2742, 'event_type': 6}]"
2007-08,5,treb-fanout-2007-5,20700537,"ValueError: starter solution requires missing in-period lineup transition game=20700537 period=2 team=1610612753: starters=[1502, 2039, 2045, 2567, 2586] violations=[{'kind': 'participant', 'event_num': 118, 'player_id': 2045, 'event_type': 6}]"
2007-08,5,treb-fanout-2007-5,20700541,"ValueError: non-unique v3/team-local starter solution game=20700541 period=6 team=1610612761: candidates=[239, 1515, 1725, 2547, 2568, 2574, 2743, 101121, 101181, 200081, 200745] prior=[1515, 2547, 2568, 2574, 101181] best_score=0 solutions=[[239, 1515, 2547, 101181, 200081], [1515, 1725, 2547, 101181, 200081], [1515, 2547, 2568, 101181, 200081], [1515, 2547, 2574, 101181, 200081], [1515, 2547, 2743, 101181, 200081], [1515, 2547, 101121, 101181, 200081], [1515, 2547, 101181, 200081, 200745]]"
2007-08,5,treb-fanout-2007-5,20700599,"ValueError: non-unique v3/team-local starter solution game=20700599 period=5 team=1610612757: candidates=[2566, 2581, 2592, 101110, 101112, 101127, 200750, 200771] prior=[2566, 2592, 101127, 200746, 200750] best_score=0 solutions=[[2566, 2581, 101112, 101127, 200750], [2566, 2592, 101112, 101127, 200750], [2566, 101110, 101112, 101127, 200750], [2566, 101112, 101127, 200750, 200771]]"
2007-08,6,treb-fanout-2007-6,20700630,"ValueError: starter solution requires missing in-period lineup transition game=20700630 period=4 team=1610612765: starters=[739, 1497, 1888, 101131, 201167] violations=[{'kind': 'participant', 'event_num': 367, 'player_id': 739, 'event_type': 6}]"
2007-08,6,treb-fanout-2007-6,20700634,"ValueError: starter solution requires missing in-period lineup transition game=20700634 period=4 team=1610612751: starters=[353, 1713, 2124, 2210, 200766] violations=[{'kind': 'participant', 'event_num': 430, 'player_id': 2411, 'event_type': 6}]"
2007-08,6,treb-fanout-2007-6,20700675,"ValueError: starter solution requires missing in-period lineup transition game=20700675 period=2 team=1610612765: starters=[739, 1497, 2553, 101131, 201167] violations=[{'kind': 'participant', 'event_num': 177, 'player_id': 1888, 'event_type': 6}]"
2007-08,7,treb-fanout-2007-7,20700747,"ValueError: starter solution requires missing in-period lineup transition game=20700747 period=2 team=1610612766: starters=[970, 976, 1863, 2679, 2731] violations=[{'kind': 'participant', 'event_num': 139, 'player_id': 970, 'event_type': 6}]"
2007-08,7,treb-fanout-2007-7,20700768,"ValueError: starter solution requires missing in-period lineup transition game=20700768 period=2 team=1610612739: starters=[923, 980, 1800, 2484, 2544] violations=[{'kind': 'participant', 'event_num': 219, 'player_id': 2544, 'event_type': 6}]"
2007-08,7,treb-fanout-2007-7,20700777,"ValueError: starter solution requires missing in-period lineup transition game=20700777 period=4 team=1610612764: starters=[1498, 2427, 2443, 101154, 201187] violations=[{'kind': 'participant', 'event_num': 356, 'player_id': 101154, 'event_type': 6}]"
2007-08,7,treb-fanout-2007-7,20700787,"ValueError: starter solution requires missing in-period lineup transition game=20700787 period=2 team=1610612758: starters=[1533, 1630, 2422, 101128, 201150] violations=[{'kind': 'participant', 'event_num': 195, 'player_id': 1897, 'event_type': 6}]"
2007-08,7,treb-fanout-2007-7,20700798,"ValueError: starter solution requires missing in-period lineup transition game=20700798 period=4 team=1610612746: starters=[1749, 2424, 2549, 2624, 201154] violations=[{'kind': 'participant', 'event_num': 392, 'player_id': 208, 'event_type': 6}]"
2007-08,7,treb-fanout-2007-7,20700799,"ValueError: starter solution requires missing in-period lineup transition game=20700799 period=4 team=1610612738: starters=[708, 1718, 1899, 2067, 2754] violations=[{'kind': 'participant', 'event_num': 402, 'player_id': 1899, 'event_type': 6}]"
2007-08,8,treb-fanout-2007-8,20700806,"ValueError: starter solution requires missing in-period lineup transition game=20700806 period=2 team=1610612752: starters=[990, 2047, 2410, 101126, 101135] violations=[{'kind': 'participant', 'event_num': 131, 'player_id': 2047, 'event_type': 6}]"
2007-08,8,treb-fanout-2007-8,20700813,"ValueError: starter solution requires missing in-period lineup transition game=20700813 period=4 team=1610612746: starters=[1894, 2424, 2549, 2624, 201154] violations=[{'kind': 'participant', 'event_num': 485, 'player_id': 2549, 'event_type': 6}]"
2007-08,8,treb-fanout-2007-8,20700819,"ValueError: starter solution requires missing in-period lineup transition game=20700819 period=2 team=1610612743: starters=[947, 948, 2059, 2747, 200821] violations=[{'kind': 'participant', 'event_num': 263, 'player_id': 2546, 'event_type': 6}]"
2007-08,8,treb-fanout-2007-8,20700840,"ValueError: starter solution requires missing in-period lineup transition game=20700840 period=4 team=1610612756: starters=[959, 1952, 2405, 2564, 2571] violations=[{'kind': 'participant', 'event_num': 387, 'player_id': 2405, 'event_type': 6}]"
2007-08,8,treb-fanout-2007-8,20700853,"ValueError: starter solution requires missing in-period lineup transition game=20700853 period=2 team=1610612743: starters=[947, 948, 2546, 2747, 101132] violations=[{'kind': 'participant', 'event_num': 243, 'player_id': 2546, 'event_type': 6}]"
2007-08,8,treb-fanout-2007-8,20700876,"ValueError: non-unique v3/team-local starter solution game=20700876 period=5 team=1610612747: candidates=[965, 977, 1885, 2200, 2575, 2756, 101142, 200770] prior=[977, 1885, 2200, 2756, 200770] best_score=0 solutions=[[965, 977, 1885, 2200, 2756], [977, 1885, 2200, 2575, 2756], [977, 1885, 2200, 2756, 101142], [977, 1885, 2200, 2756, 200770]]"
2007-08,9,treb-fanout-2007-9,20700975,"ValueError: starter solution requires missing in-period lineup transition game=20700975 period=4 team=1610612760: starters=[2404, 2555, 2557, 2863, 101153] violations=[{'kind': 'participant', 'event_num': 467, 'player_id': 923, 'event_type': 6}]"
2007-08,9,treb-fanout-2007-9,20700989,"ValueError: starter solution requires missing in-period lineup transition game=20700989 period=2 team=1610612760: starters=[2248, 2404, 2555, 2863, 201142] violations=[{'kind': 'participant', 'event_num': 273, 'player_id': 2248, 'event_type': 6}]"
2007-08,10,treb-fanout-2007-10,20701047,"ValueError: non-unique v3/team-local starter solution game=20701047 period=5 team=1610612765: candidates=[283, 686, 689, 739, 1497, 2419, 2553, 101131, 101161, 201155, 201167] prior=[686, 739, 1497, 2419, 201155] best_score=0 solutions=[[283, 686, 739, 1497, 2419], [686, 689, 739, 1497, 2419], [686, 739, 1497, 2419, 2553], [686, 739, 1497, 2419, 101131], [686, 739, 1497, 2419, 101161], [686, 739, 1497, 2419, 201155], [686, 739, 1497, 2419, 201167]]"
2007-08,10,treb-fanout-2007-10,20701051,"ValueError: non-unique v3/team-local starter solution game=20701051 period=5 team=1610612744: candidates=[1536, 1884, 2740, 101145, 101235, 201148] prior=[1536, 1733, 1884, 101145, 101235] best_score=0 solutions=[[1536, 1884, 101145, 101235, 201148], [1884, 2740, 101145, 101235, 201148]]"
2007-08,10,treb-fanout-2007-10,20701054,"ValueError: starter solution requires missing in-period lineup transition game=20701054 period=2 team=1610612741: starters=[2732, 2804, 200748, 200757, 201149] violations=[{'kind': 'participant', 'event_num': 141, 'player_id': 2804, 'event_type': 6}]"
2007-08,11,treb-fanout-2007-11,20701106,"ValueError: starter solution requires missing in-period lineup transition game=20701106 period=3 team=1610612751: starters=[1713, 2210, 2420, 2734, 200767] violations=[{'kind': 'participant', 'event_num': 302, 'player_id': 2734, 'event_type': 6}]"
2007-08,11,treb-fanout-2007-11,20701109,"ValueError: starter solution requires missing in-period lineup transition game=20701109 period=2 team=1610612741: starters=[2736, 2768, 2804, 200757, 201189] violations=[{'kind': 'participant', 'event_num': 224, 'player_id': 2732, 'event_type': 6}]"
2007-08,11,treb-fanout-2007-11,20701148,"ValueError: starter solution requires missing in-period lineup transition game=20701148 period=2 team=1610612750: starters=[2745, 101119, 101155, 200751, 200783] violations=[{'kind': 'participant', 'event_num': 189, 'player_id': 101119, 'event_type': 6}]"
2007-08,11,treb-fanout-2007-11,20701179,"ValueError: starter solution requires missing in-period lineup transition game=20701179 period=4 team=1610612741: starters=[1716, 2550, 2804, 200748, 200757] violations=[{'kind': 'participant', 'event_num': 419, 'player_id': 2550, 'event_type': 6}]"
2007-08,12,treb-fanout-2007-12,20701224,"ValueError: non-unique v3/team-local starter solution game=20701224 period=5 team=1610612749: candidates=[1913, 2046, 2063, 2072, 2429, 2852, 101106, 101111, 201196] prior=[2046, 2250, 101106, 101111, 201196] best_score=0 solutions=[[1913, 2046, 2072, 101106, 201196], [2046, 2063, 2072, 101106, 201196], [2046, 2072, 2429, 101106, 201196], [2046, 2072, 2852, 101106, 201196], [2046, 2072, 101106, 101111, 201196]]"
2008-09,0,treb-fanout-2008-0,20800022,"ValueError: starter solution requires missing in-period lineup transition game=20800022 period=2 team=1610612741: starters=[2550, 2732, 2804, 201149, 201189] violations=[{'kind': 'participant', 'event_num': 164, 'player_id': 2804, 'event_type': 6}]"
2008-09,0,treb-fanout-2008-0,20800065,"ValueError: non-unique v3/team-local starter solution game=20800065 period=5 team=1610612745: candidates=[699, 1503, 1897, 2397, 2449, 101236, 201166] prior=[1503, 1747, 1897, 2397, 201166] best_score=0 solutions=[[699, 1503, 2397, 101236, 201166], [1503, 1897, 2397, 101236, 201166], [1503, 2397, 2449, 101236, 201166]]"
2008-09,0,treb-fanout-2008-0,20800069,"ValueError: starter solution requires missing in-period lineup transition game=20800069 period=3 team=1610612738: starters=[708, 951, 1718, 2570, 200765] violations=[{'kind': 'participant', 'event_num': 379, 'player_id': 2570, 'event_type': 6}]"
2008-09,1,treb-fanout-2008-1,20800142,"ValueError: non-unique v3/team-local starter solution game=20800142 period=5 team=1610612752: candidates=[2037, 2047, 2216, 2768, 200776, 201163] prior=[2037, 2047, 2768, 101135, 201163] best_score=0 solutions=[[2037, 2047, 2216, 2768, 201163], [2037, 2047, 2768, 200776, 201163]]"
2008-09,1,treb-fanout-2008-1,20800147,"ValueError: starter solution requires missing in-period lineup transition game=20800147 period=2 team=1610612756: starters=[255, 1952, 2405, 2564, 201609] violations=[{'kind': 'participant', 'event_num': 165, 'player_id': 1952, 'event_type': 6}]"
2008-09,2,treb-fanout-2008-2,20800238,"ValueError: starter solution requires missing in-period lineup transition game=20800238 period=1 team=1610612737: starters=[1710, 2207, 2230, 101107, 201143] violations=[{'kind': 'participant', 'event_num': 41, 'player_id': 2746, 'event_type': 6}]"
2008-09,2,treb-fanout-2008-2,20800253,"ValueError: starter solution requires missing in-period lineup transition game=20800253 period=2 team=1610612738: starters=[951, 2067, 2754, 200796, 201175] violations=[{'kind': 'participant', 'event_num': 197, 'player_id': 208, 'event_type': 6}, {'kind': 'participant', 'event_num': 198, 'player_id': 208, 'event_type': 6}]"
2008-09,2,treb-fanout-2008-2,20800254,"ValueError: non-unique v3/team-local starter solution game=20800254 period=5 team=1610612744: candidates=[1536, 1894, 2037, 101142, 201228, 201576] prior=[1536, 1894, 2037, 101142, 201228] best_score=0 solutions=[[1536, 1894, 2037, 101142, 201228], [1894, 2037, 101142, 201228, 201576]]"
2008-09,3,treb-fanout-2008-3,20800355,"ValueError: starter solution requires missing in-period lineup transition game=20800355 period=2 team=1610612748: starters=[1890, 2048, 200809, 201161, 201563] violations=[{'kind': 'participant', 'event_num': 244, 'player_id': 2548, 'event_type': 6}]"
2008-09,3,treb-fanout-2008-3,20800373,"ValueError: non-unique v3/team-local starter solution game=20800373 period=5 team=1610612746: candidates=[948, 1730, 1884, 2078, 2216, 200781, 201154, 201446, 201569, 201599] prior=[948, 1884, 201154, 201569, 201599] best_score=0 solutions=[[948, 1730, 1884, 2216, 201569], [948, 1884, 2078, 2216, 201569], [948, 1884, 2216, 200781, 201569], [948, 1884, 2216, 201154, 201569], [948, 1884, 2216, 201446, 201569], [948, 1884, 2216, 201569, 201599]]"
2008-09,3,treb-fanout-2008-3,20800374,ValueError: unmatched PBP rebound rows game=20800374: 1
2008-09,4,treb-fanout-2008-4,20800401,"ValueError: starter solution requires missing in-period lineup transition game=20800401 period=2 team=1610612764: starters=[2406, 2443, 201159, 201187, 201580] violations=[{'kind': 'participant', 'event_num': 121, 'player_id': 2229, 'event_type': 6}]"
2008-09,4,treb-fanout-2008-4,20800425,"ValueError: starter solution requires missing in-period lineup transition game=20800425 period=3 team=1610612742: starters=[467, 956, 1717, 1904, 2572] violations=[{'kind': 'participant', 'event_num': 260, 'player_id': 1717, 'event_type': 6}]"
2008-09,4,treb-fanout-2008-4,20800436,"ValueError: starter solution requires missing in-period lineup transition game=20800436 period=2 team=1610612741: starters=[283, 1716, 2804, 200757, 201149] violations=[{'kind': 'participant', 'event_num': 146, 'player_id': 1716, 'event_type': 6}]"
2008-09,4,treb-fanout-2008-4,20800437,"ValueError: starter solution requires missing in-period lineup transition game=20800437 period=5 team=1610612766: starters=[2222, 2564, 2731, 101109, 201571] violations=[{'kind': 'participant', 'event_num': 569, 'player_id': 2222, 'event_type': 6}]"
2008-09,4,treb-fanout-2008-4,20800440,"ValueError: non-unique v3/team-local starter solution game=20800440 period=6 team=1610612745: candidates=[699, 1747, 1897, 2203, 2397, 2449, 101129, 201171] prior=[699, 1747, 1897, 2203, 2397] best_score=0 solutions=[[699, 1747, 1897, 2397, 2449], [1747, 1897, 2203, 2397, 2449], [1747, 1897, 2397, 2449, 101129], [1747, 1897, 2397, 2449, 201171]]"
2008-09,4,treb-fanout-2008-4,20800447,"ValueError: starter solution requires missing in-period lineup transition game=20800447 period=3 team=1610612740: starters=[978, 2199, 2446, 2561, 101108] violations=[{'kind': 'participant', 'event_num': 251, 'player_id': 200756, 'event_type': 6}]"
2008-09,4,treb-fanout-2008-4,20800449,"ValueError: starter solution requires missing in-period lineup transition game=20800449 period=1 team=1610612744: starters=[1536, 2037, 2740, 201148, 201158] violations=[{'kind': 'participant', 'event_num': 125, 'player_id': 1536, 'event_type': 6}]"
2008-09,4,treb-fanout-2008-4,20800450,"ValueError: starter solution requires missing in-period lineup transition game=20800450 period=4 team=1610612743: starters=[1853, 2030, 2747, 101132, 200764] violations=[{'kind': 'participant', 'event_num': 454, 'player_id': 1497, 'event_type': 6}]"
2008-09,4,treb-fanout-2008-4,20800461,"ValueError: starter solution requires missing in-period lineup transition game=20800461 period=2 team=1610612756: starters=[255, 406, 2440, 200793, 200811] violations=[{'kind': 'participant', 'event_num': 237, 'player_id': 2405, 'event_type': 6}, {'kind': 'participant', 'event_num': 238, 'player_id': 2405, 'event_type': 6}]"
2008-09,4,treb-fanout-2008-4,20800467,"ValueError: starter solution requires missing in-period lineup transition game=20800467 period=1 team=1610612741: starters=[2732, 200748, 200757, 201189, 201565] violations=[{'kind': 'participant', 'event_num': 32, 'player_id': 201189, 'event_type': 6}]"
2008-09,4,treb-fanout-2008-4,20800490,"ValueError: starter solution requires missing in-period lineup transition game=20800490 period=1 team=1610612758: starters=[1630, 1802, 2422, 2757, 101128] violations=[{'kind': 'participant', 'event_num': 53, 'player_id': 101128, 'event_type': 6}]"
2008-09,4,treb-fanout-2008-4,20800491,"ValueError: non-unique v3/team-local starter solution game=20800491 period=5 team=1610612748: candidates=[2548, 2617, 200809, 200821, 201161, 201202, 201563] prior=[2548, 2617, 200821, 201161, 201563] best_score=0 solutions=[[2548, 2617, 200809, 201161, 201563], [2548, 2617, 200821, 201161, 201563], [2548, 2617, 201161, 201202, 201563]]"
2008-09,5,treb-fanout-2008-5,20800515,"ValueError: starter solution requires missing in-period lineup transition game=20800515 period=2 team=1610612766: starters=[436, 2564, 101109, 200747, 201571] violations=[{'kind': 'participant', 'event_num': 237, 'player_id': 436, 'event_type': 6}, {'kind': 'participant', 'event_num': 238, 'player_id': 436, 'event_type': 6}]"
2008-09,5,treb-fanout-2008-5,20800528,"ValueError: starter solution requires missing in-period lineup transition game=20800528 period=2 team=1610612737: starters=[2207, 2230, 2436, 2746, 200780] violations=[{'kind': 'participant', 'event_num': 156, 'player_id': 2207, 'event_type': 6}]"
2008-09,5,treb-fanout-2008-5,20800559,"ValueError: starter solution requires missing in-period lineup transition game=20800559 period=3 team=1610612765: starters=[739, 947, 1888, 2419, 201155] violations=[{'kind': 'participant', 'event_num': 273, 'player_id': 739, 'event_type': 6}]"
2008-09,5,treb-fanout-2008-5,20800575,"ValueError: starter solution requires missing in-period lineup transition game=20800575 period=4 team=1610612758: starters=[1517, 2422, 2757, 101128, 201150] violations=[{'kind': 'participant', 'event_num': 455, 'player_id': 1517, 'event_type': 6}]"
2008-09,5,treb-fanout-2008-5,20800597,"ValueError: starter solution requires missing in-period lineup transition game=20800597 period=3 team=1610612743: starters=[1497, 2030, 2403, 2563, 2747] violations=[{'kind': 'participant', 'event_num': 415, 'player_id': 2403, 'event_type': 6}]"
2008-09,6,treb-fanout-2008-6,20800608,"ValueError: starter solution requires missing in-period lineup transition game=20800608 period=4 team=1610612744: starters=[1536, 1894, 2037, 101142, 101235] violations=[{'kind': 'participant', 'event_num': 394, 'player_id': 1894, 'event_type': 6}]"
2008-09,6,treb-fanout-2008-6,20800620,"ValueError: starter solution requires missing in-period lineup transition game=20800620 period=2 team=1610612752: starters=[1501, 1733, 2047, 101126, 201568] violations=[{'kind': 'participant', 'event_num': 252, 'player_id': 101126, 'event_type': 6}]"
2008-09,6,treb-fanout-2008-6,20800646,"ValueError: starter solution requires missing in-period lineup transition game=20800646 period=4 team=1610612742: starters=[467, 1717, 1891, 2572, 101138] violations=[{'kind': 'participant', 'event_num': 476, 'player_id': 1717, 'event_type': 6}]"
2008-09,6,treb-fanout-2008-6,20800656,"ValueError: starter solution requires missing in-period lineup transition game=20800656 period=2 team=1610612737: starters=[2207, 2230, 2436, 2585, 101107] violations=[{'kind': 'participant', 'event_num': 132, 'player_id': 2746, 'event_type': 6}]"
2008-09,6,treb-fanout-2008-6,20800664,"ValueError: starter solution requires missing in-period lineup transition game=20800664 period=1 team=1610612743: starters=[1497, 2030, 2403, 2563, 2747] violations=[{'kind': 'participant', 'event_num': 126, 'player_id': 1497, 'event_type': 6}]"
2008-09,6,treb-fanout-2008-6,20800666,"ValueError: non-unique v3/team-local starter solution game=20800666 period=5 team=1610612747: candidates=[965, 977, 1885, 2209, 2756, 2772, 101115, 200770] prior=[965, 977, 1885, 2200, 2756] best_score=0 solutions=[[965, 977, 1885, 2209, 101115], [965, 977, 1885, 2756, 101115], [965, 977, 1885, 2772, 101115], [965, 977, 1885, 101115, 200770]]"
2008-09,6,treb-fanout-2008-6,20800668,"ValueError: starter solution requires missing in-period lineup transition game=20800668 period=1 team=1610612738: starters=[708, 951, 1718, 2570, 200765] violations=[{'kind': 'participant', 'event_num': 74, 'player_id': 1718, 'event_type': 6}]"
2008-09,6,treb-fanout-2008-6,20800680,"ValueError: starter solution requires missing in-period lineup transition game=20800680 period=2 team=1610612756: starters=[406, 2440, 2571, 200811, 201162] violations=[{'kind': 'participant', 'event_num': 223, 'player_id': 406, 'event_type': 6}]"
2008-09,6,treb-fanout-2008-6,20800682,"ValueError: starter solution requires missing in-period lineup transition game=20800682 period=1 team=1610612748: starters=[2048, 2548, 2617, 200821, 201596] violations=[{'kind': 'participant', 'event_num': 95, 'player_id': 2617, 'event_type': 6}, {'kind': 'participant', 'event_num': 98, 'player_id': 2617, 'event_type': 6}]"
2008-09,7,treb-fanout-2008-7,20800705,"ValueError: non-unique v3/team-local starter solution game=20800705 period=5 team=1610612760: candidates=[1088, 2248, 2404, 2420, 2555, 201142, 201145, 201566, 201602] prior=[2248, 2555, 201142, 201145, 201566] best_score=0 solutions=[[1088, 2555, 201142, 201145, 201566], [2248, 2555, 201142, 201145, 201566], [2404, 2555, 201142, 201145, 201566], [2420, 2555, 201142, 201145, 201566], [2555, 201142, 201145, 201566, 201602]]"
2008-09,7,treb-fanout-2008-7,20800729,"ValueError: starter solution requires missing in-period lineup transition game=20800729 period=1 team=1610612757: starters=[200746, 200750, 200771, 201141, 201587] violations=[{'kind': 'participant', 'event_num': 95, 'player_id': 200750, 'event_type': 6}]"
2008-09,7,treb-fanout-2008-7,20800737,"ValueError: starter solution requires missing in-period lineup transition game=20800737 period=3 team=1610612746: starters=[948, 1884, 2216, 201154, 201569] violations=[{'kind': 'participant', 'event_num': 326, 'player_id': 1884, 'event_type': 6}]"
2008-09,7,treb-fanout-2008-7,20800775,"ValueError: starter solution requires missing in-period lineup transition game=20800775 period=3 team=1610612743: starters=[1497, 2030, 2403, 2546, 2563] violations=[{'kind': 'participant', 'event_num': 314, 'player_id': 2546, 'event_type': 6}]"
2008-09,7,treb-fanout-2008-7,20800776,"ValueError: starter solution requires missing in-period lineup transition game=20800776 period=1 team=1610612755: starters=[1889, 2223, 2584, 2738, 201152] violations=[{'kind': 'participant', 'event_num': 43, 'player_id': 2223, 'event_type': 6}]"
2008-09,7,treb-fanout-2008-7,20800792,"ValueError: non-unique v3/team-local starter solution game=20800792 period=5 team=1610612752: candidates=[1501, 2047, 2407, 2768, 101126, 101135, 201163, 201568] prior=[1501, 2407, 2768, 101126, 201163] best_score=0 solutions=[[1501, 2047, 2407, 101126, 201163], [1501, 2407, 2768, 101126, 201163], [1501, 2407, 101126, 101135, 201163], [1501, 2407, 101126, 201163, 201568]]"
2008-09,8,treb-fanout-2008-8,20800807,"ValueError: starter solution requires missing in-period lineup transition game=20800807 period=1 team=1610612747: starters=[965, 977, 1885, 2200, 2575] violations=[{'kind': 'participant', 'event_num': 79, 'player_id': 1885, 'event_type': 6}]"
2008-09,8,treb-fanout-2008-8,20800808,"ValueError: starter solution requires missing in-period lineup transition game=20800808 period=4 team=1610612746: starters=[1884, 2410, 200776, 200779, 201569] violations=[{'kind': 'participant', 'event_num': 397, 'player_id': 1729, 'event_type': 6}, {'kind': 'participant', 'event_num': 398, 'player_id': 1729, 'event_type': 6}]"
2008-09,8,treb-fanout-2008-8,20800855,"ValueError: starter solution requires missing in-period lineup transition game=20800855 period=4 team=1610612765: starters=[739, 2419, 101131, 101198, 200835] violations=[{'kind': 'participant', 'event_num': 363, 'player_id': 739, 'event_type': 6}]"
2008-09,8,treb-fanout-2008-8,20800876,"ValueError: starter solution requires missing in-period lineup transition game=20800876 period=4 team=1610612755: starters=[1889, 2501, 2738, 101150, 201152] violations=[{'kind': 'participant', 'event_num': 351, 'player_id': 1889, 'event_type': 6}]"
2008-09,8,treb-fanout-2008-8,20800898,"ValueError: starter solution requires missing in-period lineup transition game=20800898 period=3 team=1610612753: starters=[1740, 1747, 2045, 2730, 201584] violations=[{'kind': 'participant', 'event_num': 353, 'player_id': 2730, 'event_type': 6}]"
2008-09,9,treb-fanout-2008-9,20800974,"ValueError: starter solution requires missing in-period lineup transition game=20800974 period=2 team=1610612752: starters=[2047, 2407, 101126, 201163, 201568] violations=[{'kind': 'participant', 'event_num': 237, 'player_id': 101126, 'event_type': 6}]"
2008-09,9,treb-fanout-2008-9,20800999,ValueError: unmatched PBP rebound rows game=20800999: 1
2008-09,10,treb-fanout-2008-10,20801017,"ValueError: non-unique v3/team-local starter solution game=20801017 period=6 team=1610612765: candidates=[686, 2198, 2419, 101161, 101198, 201155, 201167] prior=[686, 2198, 2419, 201155, 201167] best_score=0 solutions=[[686, 2198, 2419, 201155, 201167], [686, 2198, 101161, 201155, 201167], [686, 2198, 101198, 201155, 201167]]"
2008-09,10,treb-fanout-2008-10,20801051,"ValueError: starter solution requires missing in-period lineup transition game=20801051 period=1 team=1610612763: starters=[200752, 201144, 201188, 201564, 201589] violations=[{'kind': 'participant', 'event_num': 55, 'player_id': 201564, 'event_type': 6}]"
2008-09,11,treb-fanout-2008-11,20801111,ValueError: unmatched PBP rebound rows game=20801111: 1
2008-09,11,treb-fanout-2008-11,20801120,"ValueError: non-unique v3/team-local starter solution game=20801120 period=5 team=1610612744: candidates=[1894, 2037, 101142, 101145, 101235, 201228, 201576, 201633] prior=[2037, 101145, 101235, 201228, 201627] best_score=0 solutions=[[1894, 2037, 101142, 101145, 101235], [2037, 101142, 101145, 101235, 201228], [2037, 101142, 101145, 101235, 201576], [2037, 101142, 101145, 101235, 201633]]"
2008-09,11,treb-fanout-2008-11,20801124,"ValueError: starter solution requires missing in-period lineup transition game=20801124 period=3 team=1610612762: starters=[2246, 2430, 101114, 101139, 200758] violations=[{'kind': 'participant', 'event_num': 374, 'player_id': 101114, 'event_type': 6}]"
2008-09,11,treb-fanout-2008-11,20801144,"ValueError: starter solution requires missing in-period lineup transition game=20801144 period=4 team=1610612765: starters=[739, 2198, 2419, 101198, 201167] violations=[{'kind': 'participant', 'event_num': 364, 'player_id': 1888, 'event_type': 6}]"
2008-09,11,treb-fanout-2008-11,20801146,"ValueError: starter solution requires missing in-period lineup transition game=20801146 period=2 team=1610612745: starters=[2397, 101144, 101236, 200768, 201166] violations=[{'kind': 'participant', 'event_num': 207, 'player_id': 87, 'event_type': 6}]"
2008-09,11,treb-fanout-2008-11,20801154,"ValueError: starter solution requires missing in-period lineup transition game=20801154 period=2 team=1610612737: starters=[2230, 2436, 2585, 2746, 201151] violations=[{'kind': 'participant', 'event_num': 165, 'player_id': 2585, 'event_type': 6}]"
2008-09,11,treb-fanout-2008-11,20801192,"ValueError: starter solution requires missing in-period lineup transition game=20801192 period=3 team=1610612741: starters=[2422, 2732, 200748, 201149, 201565] violations=[{'kind': 'participant', 'event_num': 265, 'player_id': 201149, 'event_type': 6}]"
2008-09,12,treb-fanout-2008-12,20801223,"ValueError: starter solution requires missing in-period lineup transition game=20801223 period=2 team=1610612748: starters=[1548, 2592, 200809, 201161, 201202] violations=[{'kind': 'participant', 'event_num': 119, 'player_id': 201596, 'event_type': 6}]"
2008-09,12,treb-fanout-2008-12,20801227,"ValueError: non-unique v3/team-local starter solution game=20801227 period=5 team=1610612740: candidates=[978, 1498, 1752, 1899, 2199, 2408, 2446, 2484, 2561, 101108] prior=[1899, 2446, 2484, 2561, 101108] best_score=0 solutions=[[978, 1498, 1899, 2561, 101108], [978, 1752, 1899, 2561, 101108], [978, 1899, 2199, 2561, 101108], [978, 1899, 2408, 2561, 101108], [978, 1899, 2446, 2561, 101108], [978, 1899, 2484, 2561, 101108]]"
2009-10,0,treb-fanout-2009-0,20900065,"ValueError: starter solution requires missing in-period lineup transition game=20900065 period=2 team=1610612738: starters=[739, 1718, 2067, 2605, 200749] violations=[{'kind': 'participant', 'event_num': 196, 'player_id': 739, 'event_type': 6}]"
2009-10,0,treb-fanout-2009-0,20900067,"ValueError: non-unique v3/team-local starter solution game=20900067 period=5 team=1610612740: candidates=[978, 1899, 2050, 2443, 2561, 2731, 101108, 200756, 201153, 201628] prior=[978, 2561, 2731, 101108, 201628] best_score=0 solutions=[[978, 2561, 2731, 101108, 201628], [1899, 2561, 2731, 101108, 201628], [2050, 2561, 2731, 101108, 201628], [2443, 2561, 2731, 101108, 201628], [2561, 2731, 101108, 200756, 201628], [2561, 2731, 101108, 201153, 201628]]"
2009-10,1,treb-fanout-2009-1,20900104,"ValueError: starter solution requires missing in-period lineup transition game=20900104 period=1 team=1610612748: starters=[979, 2047, 2548, 201563, 201596] violations=[{'kind': 'participant', 'event_num': 86, 'player_id': 979, 'event_type': 6}]"
2009-10,1,treb-fanout-2009-1,20900122,ValueError: unmatched PBP rebound rows game=20900122: 1
2009-10,2,treb-fanout-2009-2,20900253,"ValueError: starter solution requires missing in-period lineup transition game=20900253 period=2 team=1610612738: starters=[739, 1718, 2067, 2605, 200749] violations=[{'kind': 'participant', 'event_num': 188, 'player_id': 739, 'event_type': 6}]"
2009-10,2,treb-fanout-2009-2,20900256,"ValueError: starter solution requires missing in-period lineup transition game=20900256 period=2 team=1610612743: starters=[1497, 2365, 2747, 201167, 201951] violations=[{'kind': 'participant', 'event_num': 181, 'player_id': 2030, 'event_type': 6}]"
2009-10,2,treb-fanout-2009-2,20900283,"ValueError: starter solution requires missing in-period lineup transition game=20900283 period=1 team=1610612741: starters=[2422, 2736, 201149, 201565, 201959] violations=[{'kind': 'participant', 'event_num': 43, 'player_id': 201149, 'event_type': 6}]"
2009-10,3,treb-fanout-2009-3,20900350,"ValueError: starter solution requires missing in-period lineup transition game=20900350 period=2 team=1610612764: starters=[1712, 2217, 2240, 201156, 201187] violations=[{'kind': 'participant', 'event_num': 151, 'player_id': 1712, 'event_type': 6}]"
2009-10,3,treb-fanout-2009-3,20900363,"ValueError: non-unique v3/team-local starter solution game=20900363 period=5 team=1610612747: candidates=[965, 977, 1897, 2200, 2756, 101115, 200769, 200770] prior=[965, 977, 1885, 1897, 2200] best_score=0 solutions=[[965, 977, 1897, 2200, 101115], [977, 1897, 2200, 2756, 101115], [977, 1897, 2200, 101115, 200769], [977, 1897, 2200, 101115, 200770]]"
2009-10,3,treb-fanout-2009-3,20900382,"ValueError: non-unique v3/team-local starter solution game=20900382 period=5 team=1610612745: candidates=[1503, 2203, 2431, 2449, 2772, 200768, 201166, 201171] prior=[2203, 2449, 2772, 200768, 201166] best_score=0 solutions=[[1503, 2203, 2449, 200768, 201166], [2203, 2431, 2449, 200768, 201166], [2203, 2449, 2772, 200768, 201166], [2203, 2449, 200768, 201166, 201171]]"
2009-10,3,treb-fanout-2009-3,20900386,"ValueError: non-unique v3/team-local starter solution game=20900386 period=5 team=1610612755: candidates=[1882, 2223, 2574, 2584, 2738, 201152, 201578, 201950] prior=[1882, 2584, 2738, 201152, 201578] best_score=0 solutions=[[1882, 2223, 2738, 201152, 201578], [1882, 2574, 2738, 201152, 201578], [1882, 2584, 2738, 201152, 201578], [1882, 2738, 201152, 201578, 201950]]"
2009-10,3,treb-fanout-2009-3,20900387,"ValueError: non-unique v3/team-local starter solution game=20900387 period=5 team=1610612741: candidates=[1802, 2422, 2550, 2736, 201149, 201565, 201949, 201959] prior=[2422, 2550, 2736, 201149, 201565] best_score=0 solutions=[[1802, 2422, 2736, 201149, 201565], [2422, 2550, 2736, 201149, 201565], [2422, 2736, 201149, 201565, 201949], [2422, 2736, 201149, 201565, 201959]]"
2009-10,4,treb-fanout-2009-4,20900410,"ValueError: starter solution requires missing in-period lineup transition game=20900410 period=3 team=1610612737: starters=[1710, 2207, 2746, 101107, 201143] violations=[{'kind': 'participant', 'event_num': 325, 'player_id': 2746, 'event_type': 6}]"
2009-10,4,treb-fanout-2009-4,20900421,"ValueError: starter solution requires missing in-period lineup transition game=20900421 period=3 team=1610612737: starters=[1710, 2207, 2746, 101107, 201143] violations=[{'kind': 'participant', 'event_num': 329, 'player_id': 2230, 'event_type': 6}]"
2009-10,4,treb-fanout-2009-4,20900423,"ValueError: non-unique v3/team-local starter solution game=20900423 period=5 team=1610612758: candidates=[2137, 2757, 2804, 200771, 201150, 201574, 201590, 201936, 201956, 201972] prior=[2757, 201150, 201574, 201936, 201956] best_score=0 solutions=[[2137, 2757, 201150, 201936, 201956], [2757, 2804, 201150, 201936, 201956], [2757, 200771, 201150, 201936, 201956], [2757, 201150, 201574, 201936, 201956], [2757, 201150, 201590, 201936, 201956], [2757, 201150, 201936, 201956, 201972]]"
2009-10,4,treb-fanout-2009-4,20900450,"ValueError: starter solution requires missing in-period lineup transition game=20900450 period=4 team=1610612743: starters=[1853, 2030, 2365, 2747, 201951] violations=[{'kind': 'participant', 'event_num': 460, 'player_id': 2747, 'event_type': 6}]"
2009-10,5,treb-fanout-2009-5,20900519,"ValueError: starter solution requires missing in-period lineup transition game=20900519 period=4 team=1610612753: starters=[1715, 2440, 2554, 101138, 101162] violations=[{'kind': 'participant', 'event_num': 443, 'player_id': 101138, 'event_type': 6}, {'kind': 'participant', 'event_num': 508, 'player_id': 1740, 'event_type': 6}]"
2009-10,5,treb-fanout-2009-5,20900543,"ValueError: starter solution requires missing in-period lineup transition game=20900543 period=3 team=1610612747: starters=[965, 977, 1885, 1897, 101115] violations=[{'kind': 'participant', 'event_num': 341, 'player_id': 977, 'event_type': 6}]"
2009-10,5,treb-fanout-2009-5,20900593,"ValueError: starter solution requires missing in-period lineup transition game=20900593 period=4 team=1610612743: starters=[2365, 2403, 2546, 2747, 201951] violations=[{'kind': 'participant', 'event_num': 457, 'player_id': 1497, 'event_type': 6}]"
2009-10,6,treb-fanout-2009-6,20900692,"ValueError: non-unique v3/team-local starter solution game=20900692 period=5 team=1610612742: candidates=[467, 956, 1717, 1890, 1891, 2059, 2400, 2572, 201958] prior=[467, 1717, 1890, 1891, 200826] best_score=0 solutions=[[467, 956, 1717, 1891, 2400], [467, 1717, 1890, 1891, 2400], [467, 1717, 1891, 2059, 2400], [467, 1717, 1891, 2400, 2572], [467, 1717, 1891, 2400, 201958]]"
2009-10,7,treb-fanout-2009-7,20900709,"ValueError: starter solution requires missing in-period lineup transition game=20900709 period=2 team=1610612742: starters=[467, 1890, 2400, 2572, 200826] violations=[{'kind': 'participant', 'event_num': 188, 'player_id': 200826, 'event_type': 6}]"
2009-10,7,treb-fanout-2009-7,20900745,"ValueError: starter solution requires missing in-period lineup transition game=20900745 period=2 team=1610612748: starters=[2306, 2617, 2748, 201202, 201563] violations=[{'kind': 'participant', 'event_num': 183, 'player_id': 2047, 'event_type': 6}]"
2009-10,7,treb-fanout-2009-7,20900753,"ValueError: starter solution requires missing in-period lineup transition game=20900753 period=4 team=1610612761: starters=[2547, 101120, 101161, 101181, 201603] violations=[{'kind': 'participant', 'event_num': 401, 'player_id': 101127, 'event_type': 6}]"
2009-10,8,treb-fanout-2009-8,20900805,"ValueError: starter solution requires missing in-period lineup transition game=20900805 period=3 team=1610612755: starters=[947, 1882, 2223, 2738, 201950] violations=[{'kind': 'participant', 'event_num': 305, 'player_id': 2223, 'event_type': 6}]"
2009-10,8,treb-fanout-2009-8,20900808,"ValueError: non-unique v3/team-local starter solution game=20900808 period=6 team=1610612763: candidates=[2216, 200752, 200758, 201144, 201188, 201564, 201589, 201934, 201960] prior=[2216, 200752, 201144, 201188, 201564] best_score=0 solutions=[[2216, 200752, 201144, 201188, 201564], [200752, 200758, 201144, 201188, 201564], [200752, 201144, 201188, 201564, 201589], [200752, 201144, 201188, 201564, 201934], [200752, 201144, 201188, 201564, 201960]]"
2009-10,8,treb-fanout-2009-8,20900869,"ValueError: non-unique v3/team-local starter solution game=20900869 period=3 team=1610612747: candidates=[965, 977, 1897, 2200, 2694, 101115] prior=[965, 977, 1897, 2200, 2694] best_score=0 solutions=[[965, 977, 1897, 2200, 101115], [965, 977, 2200, 2694, 101115]]"
2009-10,9,treb-fanout-2009-9,20900912,"ValueError: non-unique v3/team-local starter solution game=20900912 period=5 team=1610612748: candidates=[979, 2047, 2048, 2306, 2548, 2617, 2748, 201202, 201563, 201596] prior=[979, 2047, 2548, 2617, 2748] best_score=0 solutions=[[979, 2047, 2306, 2548, 2617], [979, 2048, 2306, 2548, 2617], [979, 2306, 2548, 2617, 2748], [979, 2306, 2548, 2617, 201202], [979, 2306, 2548, 2617, 201563], [979, 2306, 2548, 2617, 201596]]"
2009-10,9,treb-fanout-2009-9,20900936,"ValueError: starter solution requires missing in-period lineup transition game=20900936 period=2 team=1610612765: starters=[1888, 2198, 2419, 2732, 101111] violations=[{'kind': 'participant', 'event_num': 113, 'player_id': 1112, 'event_type': 6}]"
2009-10,9,treb-fanout-2009-9,20900943,"ValueError: starter solution requires missing in-period lineup transition game=20900943 period=2 team=1610612742: starters=[1717, 2052, 2059, 2679, 200826] violations=[{'kind': 'participant', 'event_num': 231, 'player_id': 1717, 'event_type': 6}]"
2009-10,9,treb-fanout-2009-9,20900948,"ValueError: starter solution requires missing in-period lineup transition game=20900948 period=3 team=1610612764: starters=[2034, 101154, 200751, 201154, 201580] violations=[{'kind': 'participant', 'event_num': 322, 'player_id': 201154, 'event_type': 6}]"
2009-10,9,treb-fanout-2009-9,20900952,"ValueError: starter solution requires missing in-period lineup transition game=20900952 period=4 team=1610612747: starters=[1885, 1897, 101115, 200769, 200770] violations=[{'kind': 'participant', 'event_num': 423, 'player_id': 2200, 'event_type': 6}]"
2009-10,9,treb-fanout-2009-9,20900971,"ValueError: starter solution requires missing in-period lineup transition game=20900971 period=3 team=1610612740: starters=[2050, 2561, 2731, 201153, 201954] violations=[{'kind': 'participant', 'event_num': 359, 'player_id': 201954, 'event_type': 6}]"
2009-10,10,treb-fanout-2009-10,20901027,"ValueError: non-unique v3/team-local starter solution game=20901027 period=6 team=1610612758: candidates=[2137, 2757, 101128, 201150, 201171, 201187, 201574, 201590, 201936, 201956] prior=[2137, 2757, 101128, 201150, 201574] best_score=0 solutions=[[2137, 2757, 101128, 201150, 201171], [2137, 2757, 101128, 201150, 201187], [2137, 2757, 101128, 201150, 201574], [2137, 2757, 101128, 201150, 201590], [2137, 2757, 101128, 201150, 201936], [2137, 2757, 101128, 201150, 201956]]"
2009-10,10,treb-fanout-2009-10,20901031,"ValueError: starter solution requires missing in-period lineup transition game=20901031 period=3 team=1610612761: starters=[2045, 2547, 101181, 200745, 201942] violations=[{'kind': 'participant', 'event_num': 319, 'player_id': 2556, 'event_type': 6}]"
2009-10,10,treb-fanout-2009-10,20901037,"ValueError: starter solution requires missing in-period lineup transition game=20901037 period=3 team=1610612760: starters=[2420, 200757, 201142, 201145, 201566] violations=[{'kind': 'participant', 'event_num': 358, 'player_id': 201566, 'event_type': 6}]"
2009-10,10,treb-fanout-2009-10,20901083,"ValueError: starter solution requires missing in-period lineup transition game=20901083 period=4 team=1610612751: starters=[2039, 2743, 200767, 201604, 201944] violations=[{'kind': 'participant', 'event_num': 406, 'player_id': 2734, 'event_type': 6}]"
2009-10,10,treb-fanout-2009-10,20901097,"ValueError: starter solution requires missing in-period lineup transition game=20901097 period=3 team=1610612766: starters=[689, 1536, 2222, 2564, 101109] violations=[{'kind': 'participant', 'event_num': 310, 'player_id': 1536, 'event_type': 6}]"
2009-10,11,treb-fanout-2009-11,20901104,"ValueError: starter solution requires missing in-period lineup transition game=20901104 period=3 team=1610612741: starters=[1802, 2457, 201565, 201949, 201959] violations=[{'kind': 'participant', 'event_num': 262, 'player_id': 201149, 'event_type': 6}]"
2009-10,11,treb-fanout-2009-11,20901113,"ValueError: starter solution requires missing in-period lineup transition game=20901113 period=3 team=1610612756: starters=[255, 959, 2202, 2260, 2405] violations=[{'kind': 'participant', 'event_num': 274, 'player_id': 2405, 'event_type': 6}]"
2009-10,11,treb-fanout-2009-11,20901127,"ValueError: starter solution requires missing in-period lineup transition game=20901127 period=1 team=1610612765: starters=[1112, 2419, 101198, 201155, 201973] violations=[{'kind': 'participant', 'event_num': 75, 'player_id': 1112, 'event_type': 6}]"
2009-10,11,treb-fanout-2009-11,20901196,"ValueError: starter solution requires missing in-period lineup transition game=20901196 period=2 team=1610612747: starters=[1885, 2200, 2756, 200769, 200770] violations=[{'kind': 'participant', 'event_num': 114, 'player_id': 977, 'event_type': 6}]"
2009-10,12,treb-fanout-2009-12,20901202,"ValueError: starter solution requires missing in-period lineup transition game=20901202 period=1 team=1610612754: starters=[2211, 2248, 101122, 201575, 201579] violations=[{'kind': 'participant', 'event_num': 87, 'player_id': 2211, 'event_type': 6}]"
2009-10,12,treb-fanout-2009-12,20901209,"ValueError: starter solution requires missing in-period lineup transition game=20901209 period=3 team=1610612763: starters=[2216, 200752, 201144, 201564, 201934] violations=[{'kind': 'participant', 'event_num': 447, 'player_id': 2216, 'event_type': 6}, {'kind': 'participant', 'event_num': 448, 'player_id': 2216, 'event_type': 6}]"
2009-10,12,treb-fanout-2009-12,20901213,"ValueError: starter solution requires missing in-period lineup transition game=20901213 period=3 team=1610612741: starters=[2550, 2736, 201149, 201565, 201959] violations=[{'kind': 'participant', 'event_num': 321, 'player_id': 201959, 'event_type': 6}]"
2009-10,12,treb-fanout-2009-12,20901222,"ValueError: non-unique v3/team-local starter solution game=20901222 period=5 team=1610612748: candidates=[2047, 2048, 2306, 2592, 2748, 200821, 201202, 201563, 201596] prior=[2306, 2748, 201202, 201563, 201596] best_score=0 solutions=[[2047, 2748, 201202, 201563, 201596], [2048, 2748, 201202, 201563, 201596], [2306, 2748, 201202, 201563, 201596], [2592, 2748, 201202, 201563, 201596], [2748, 200821, 201202, 201563, 201596]]"
2010-11,0,treb-fanout-2010-0,21000025,"ValueError: starter solution requires missing in-period lineup transition game=21000025 period=2 team=1610612753: starters=[2554, 2768, 101138, 101162, 200755] violations=[{'kind': 'participant', 'event_num': 149, 'player_id': 2730, 'event_type': 6}]"
2010-11,0,treb-fanout-2010-0,21000048,"ValueError: non-unique v3/team-local starter solution game=21000048 period=5 team=1610612764: candidates=[2550, 101154, 201146, 201154, 201580, 202322, 202344] prior=[2550, 101154, 201156, 201858, 202322] best_score=0 solutions=[[2550, 101154, 201154, 201580, 202322], [101154, 201146, 201154, 201580, 202322], [101154, 201154, 201580, 202322, 202344]]"
2010-11,0,treb-fanout-2010-0,21000075,"ValueError: starter solution requires missing in-period lineup transition game=21000075 period=4 team=1610612748: starters=[980, 2067, 2544, 2592, 2617] violations=[{'kind': 'participant', 'event_num': 406, 'player_id': 2544, 'event_type': 5}]"
2010-11,0,treb-fanout-2010-0,21000076,"ValueError: non-unique v3/team-local starter solution game=21000076 period=5 team=1610612763: candidates=[2216, 2754, 200752, 201144, 201151, 201188, 201564, 201934, 201970] prior=[2216, 200752, 201144, 201188, 201564] best_score=0 solutions=[[2216, 200752, 201144, 201188, 201564], [2754, 200752, 201144, 201188, 201564], [200752, 201144, 201151, 201188, 201564], [200752, 201144, 201188, 201564, 201934], [200752, 201144, 201188, 201564, 201970]]"
2010-11,0,treb-fanout-2010-0,21000086,"ValueError: non-unique v3/team-local starter solution game=21000086 period=5 team=1610612762: candidates=[1905, 1922, 1952, 2744, 101114, 101139, 101179, 200794, 201178, 202330] prior=[1905, 1952, 2744, 101114, 200794] best_score=0 solutions=[[1905, 2744, 101114, 101139, 200794], [1922, 2744, 101114, 101139, 200794], [1952, 2744, 101114, 101139, 200794], [2744, 101114, 101139, 101179, 200794], [2744, 101114, 101139, 200794, 201178], [2744, 101114, 101139, 200794, 202330]]"
2010-11,1,treb-fanout-2010-1,21000109,"ValueError: starter solution requires missing in-period lineup transition game=21000109 period=4 team=1610612753: starters=[1713, 2047, 2768, 101138, 101162] violations=[{'kind': 'participant', 'event_num': 421, 'player_id': 2730, 'event_type': 6}]"
2010-11,1,treb-fanout-2010-1,21000163,"ValueError: starter solution requires missing in-period lineup transition game=21000163 period=3 team=1610612742: starters=[467, 1717, 2052, 2199, 2406] violations=[{'kind': 'participant', 'event_num': 289, 'player_id': 1717, 'event_type': 6}]"
2010-11,2,treb-fanout-2010-2,21000213,"ValueError: starter solution requires missing in-period lineup transition game=21000213 period=3 team=1610612753: starters=[1740, 2047, 2730, 2749, 200755] violations=[{'kind': 'participant', 'event_num': 358, 'player_id': 2749, 'event_type': 6}]"
2010-11,2,treb-fanout-2010-2,21000214,"ValueError: starter solution requires missing in-period lineup transition game=21000214 period=3 team=1610612765: starters=[1112, 1888, 2419, 101131, 201155] violations=[{'kind': 'participant', 'event_num': 349, 'player_id': 1888, 'event_type': 6}]"
2010-11,2,treb-fanout-2010-2,21000288,ValueError: unmatched PBP rebound rows game=21000288: 1
2010-11,2,treb-fanout-2010-2,21000290,"ValueError: non-unique v3/team-local starter solution game=21000290 period=5 team=1610612745: candidates=[1802, 2203, 2449, 2755, 101236, 200768, 201584, 201941, 201966, 201978, 202397] prior=[1802, 2203, 2449, 200768, 201584] best_score=0 solutions=[[1802, 2203, 2449, 200768, 201584], [1802, 2449, 2755, 200768, 201584], [1802, 2449, 101236, 200768, 201584], [1802, 2449, 200768, 201584, 201941], [1802, 2449, 200768, 201584, 201966], [1802, 2449, 200768, 201584, 201978], [1802, 2449, 200768, 201584, 202397]]"
2010-11,3,treb-fanout-2010-3,21000313,"ValueError: starter solution requires missing in-period lineup transition game=21000313 period=2 team=1610612745: starters=[1802, 201584, 201941, 201966, 201978] violations=[{'kind': 'participant', 'event_num': 181, 'player_id': 1802, 'event_type': 6}]"
2010-11,3,treb-fanout-2010-3,21000316,"ValueError: starter solution requires missing in-period lineup transition game=21000316 period=3 team=1610612743: starters=[1497, 1733, 2403, 201167, 201951] violations=[{'kind': 'participant', 'event_num': 332, 'player_id': 1497, 'event_type': 6}]"
2010-11,3,treb-fanout-2010-3,21000381,"ValueError: starter solution requires missing in-period lineup transition game=21000381 period=4 team=1610612754: starters=[1899, 2551, 101122, 200780, 201575] violations=[{'kind': 'participant', 'event_num': 437, 'player_id': 200780, 'event_type': 6}]"
2010-11,3,treb-fanout-2010-3,21000394,"ValueError: non-unique v3/team-local starter solution game=21000394 period=5 team=1610612739: candidates=[1515, 1712, 2590, 2760, 200081, 200789, 201196, 201581] prior=[1515, 1712, 2760, 101214, 200081] best_score=0 solutions=[[1515, 1712, 2590, 2760, 200081], [1515, 1712, 2590, 2760, 200789], [1515, 1712, 2590, 2760, 201196], [1515, 1712, 2590, 2760, 201581]]"
2010-11,3,treb-fanout-2010-3,21000396,"ValueError: starter solution requires missing in-period lineup transition game=21000396 period=4 team=1610612762: starters=[1905, 2246, 2248, 101139, 200794] violations=[{'kind': 'participant', 'event_num': 367, 'player_id': 101114, 'event_type': 6}]"
2010-11,4,treb-fanout-2010-4,21000424,"ValueError: starter solution requires missing in-period lineup transition game=21000424 period=3 team=1610612738: starters=[406, 708, 951, 1718, 101126] violations=[{'kind': 'participant', 'event_num': 295, 'player_id': 1718, 'event_type': 6}]"
2010-11,4,treb-fanout-2010-4,21000440,"ValueError: non-unique v3/team-local starter solution game=21000440 period=5 team=1610612765: candidates=[1112, 1503, 1888, 2419, 2732, 101131, 201155, 202328] prior=[1503, 1888, 2419, 101131, 201155] best_score=0 solutions=[[1112, 1503, 2419, 101131, 201155], [1503, 1888, 2419, 101131, 201155], [1503, 2419, 2732, 101131, 201155], [1503, 2419, 101131, 201155, 202328]]"
2010-11,4,treb-fanout-2010-4,21000455,"ValueError: starter solution requires missing in-period lineup transition game=21000455 period=4 team=1610612739: starters=[200081, 200789, 200797, 201196, 201581] violations=[{'kind': 'participant', 'event_num': 484, 'player_id': 200789, 'event_type': 6}]"
2010-11,4,treb-fanout-2010-4,21000457,"ValueError: starter solution requires missing in-period lineup transition game=21000457 period=2 team=1610612752: starters=[101142, 200761, 201568, 201962, 202361] violations=[{'kind': 'participant', 'event_num': 247, 'player_id': 200761, 'event_type': 6}]"
2010-11,4,treb-fanout-2010-4,21000459,"ValueError: starter solution requires missing in-period lineup transition game=21000459 period=3 team=1610612761: starters=[101132, 101161, 201573, 201595, 201942] violations=[{'kind': 'participant', 'event_num': 291, 'player_id': 101132, 'event_type': 6}]"
2010-11,4,treb-fanout-2010-4,21000475,"ValueError: starter solution requires missing in-period lineup transition game=21000475 period=4 team=1610612757: starters=[1752, 201164, 201587, 201967, 201988] violations=[{'kind': 'participant', 'event_num': 495, 'player_id': 948, 'event_type': 6}]"
2010-11,5,treb-fanout-2010-5,21000546,"ValueError: starter solution requires missing in-period lineup transition game=21000546 period=3 team=1610612750: starters=[2545, 2557, 201147, 201567, 202325] violations=[{'kind': 'participant', 'event_num': 354, 'player_id': 202325, 'event_type': 5}, {'kind': 'participant', 'event_num': 378, 'player_id': 2545, 'event_type': 6}]"
2010-11,5,treb-fanout-2010-5,21000554,"ValueError: starter solution requires missing in-period lineup transition game=21000554 period=2 team=1610612737: starters=[2037, 2207, 2585, 101107, 201143] violations=[{'kind': 'participant', 'event_num': 99, 'player_id': 2585, 'event_type': 6}]"
2010-11,5,treb-fanout-2010-5,21000556,"ValueError: starter solution requires missing in-period lineup transition game=21000556 period=1 team=1610612758: starters=[2757, 101128, 101129, 201574, 202326] violations=[{'kind': 'participant', 'event_num': 90, 'player_id': 101128, 'event_type': 6}]"
2010-11,6,treb-fanout-2010-6,21000615,"ValueError: non-unique v3/team-local starter solution game=21000615 period=5 team=1610612755: candidates=[1499, 1882, 2574, 2738, 101150, 201150, 201152, 201578, 201950, 201975, 202323] prior=[1499, 2738, 201152, 201950, 202323] best_score=0 solutions=[[1499, 2738, 101150, 201152, 202323], [1882, 2738, 101150, 201152, 202323], [2574, 2738, 101150, 201152, 202323], [2738, 101150, 201150, 201152, 202323], [2738, 101150, 201152, 201578, 202323], [2738, 101150, 201152, 201950, 202323], [2738, 101150, 201152, 201975, 202323]]"
2010-11,6,treb-fanout-2010-6,21000625,"ValueError: starter solution requires missing in-period lineup transition game=21000625 period=2 team=1610612746: starters=[200751, 201599, 201933, 202329, 202339] violations=[{'kind': 'participant', 'event_num': 239, 'player_id': 2446, 'event_type': 6}]"
2010-11,6,treb-fanout-2010-6,21000628,"ValueError: starter solution requires missing in-period lineup transition game=21000628 period=4 team=1610612746: starters=[1884, 101155, 201569, 201599, 201933] violations=[{'kind': 'participant', 'event_num': 379, 'player_id': 201599, 'event_type': 6}]"
2010-11,6,treb-fanout-2010-6,21000648,"ValueError: starter solution requires missing in-period lineup transition game=21000648 period=2 team=1610612753: starters=[2202, 2240, 101138, 200755, 201583] violations=[{'kind': 'participant', 'event_num': 217, 'player_id': 2240, 'event_type': 6}, {'kind': 'participant', 'event_num': 258, 'player_id': 2202, 'event_type': 6}]"
2010-11,6,treb-fanout-2010-6,21000663,"ValueError: starter solution requires missing in-period lineup transition game=21000663 period=1 team=1610612743: starters=[1497, 2030, 2403, 2546, 201167] violations=[{'kind': 'participant', 'event_num': 88, 'player_id': 2030, 'event_type': 6}]"
2010-11,6,treb-fanout-2010-6,21000664,"ValueError: starter solution requires missing in-period lineup transition game=21000664 period=2 team=1610612738: starters=[101126, 101144, 200765, 201175, 202376] violations=[{'kind': 'participant', 'event_num': 238, 'player_id': 201175, 'event_type': 6}]"
2010-11,6,treb-fanout-2010-6,21000688,"ValueError: non-unique v3/team-local starter solution game=21000688 period=5 team=1610612760: candidates=[2420, 2555, 201142, 201145, 201566, 201586, 201935, 201953] prior=[2555, 201142, 201145, 201566, 201935] best_score=0 solutions=[[2420, 2555, 201142, 201566, 201935], [2555, 201142, 201145, 201566, 201935], [2555, 201142, 201566, 201586, 201935], [2555, 201142, 201566, 201935, 201953]]"
2010-11,7,treb-fanout-2010-7,21000778,"ValueError: starter solution requires missing in-period lineup transition game=21000778 period=2 team=1610612764: starters=[2550, 201156, 201580, 201858, 202344] violations=[{'kind': 'participant', 'event_num': 218, 'player_id': 101154, 'event_type': 6}]"
2010-11,7,treb-fanout-2010-7,21000791,"ValueError: non-unique v3/team-local starter solution game=21000791 period=5 team=1610612746: candidates=[1884, 101113, 101155, 200751, 201599, 201933, 202339] prior=[1884, 101155, 200751, 201933, 202339] best_score=0 solutions=[[1884, 101113, 200751, 201933, 202339], [1884, 101155, 200751, 201933, 202339], [1884, 200751, 201599, 201933, 202339]]"
2010-11,8,treb-fanout-2010-8,21000891,"ValueError: starter solution requires missing in-period lineup transition game=21000891 period=4 team=1610612737: starters=[2037, 2585, 2863, 101107, 201143] violations=[{'kind': 'participant', 'event_num': 384, 'player_id': 2585, 'event_type': 6}]"
2010-11,8,treb-fanout-2010-8,21000895,"ValueError: starter solution requires missing in-period lineup transition game=21000895 period=2 team=1610612753: starters=[2045, 2768, 101138, 200755, 201947] violations=[{'kind': 'participant', 'event_num': 247, 'player_id': 2045, 'event_type': 6}]"
2010-11,9,treb-fanout-2010-9,21000904,"ValueError: starter solution requires missing in-period lineup transition game=21000904 period=3 team=1610612744: starters=[2748, 101135, 101145, 201939, 202327] violations=[{'kind': 'participant', 'event_num': 427, 'player_id': 101145, 'event_type': 6}]"
2010-11,9,treb-fanout-2010-9,21000930,"ValueError: starter solution requires missing in-period lineup transition game=21000930 period=1 team=1610612743: starters=[2030, 2403, 201163, 201167, 201951] violations=[{'kind': 'participant', 'event_num': 64, 'player_id': 2030, 'event_type': 6}]"
2010-11,9,treb-fanout-2010-9,21000968,"ValueError: non-unique v3/team-local starter solution game=21000968 period=5 team=1610612746: candidates=[2590, 101155, 200081, 200751, 200783, 201599, 201933, 202329, 202339] prior=[2590, 101155, 200751, 201599, 201933] best_score=0 solutions=[[2590, 101155, 200751, 201599, 201933], [2590, 200081, 200751, 201599, 201933], [2590, 200751, 200783, 201599, 201933], [2590, 200751, 201599, 201933, 202329], [2590, 200751, 201599, 201933, 202339]]"
2010-11,10,treb-fanout-2010-10,21001007,"ValueError: non-unique v3/team-local starter solution game=21001007 period=5 team=1610612749: candidates=[1863, 1894, 2039, 2422, 2568, 201601, 201943, 201972, 202336] prior=[2039, 2422, 201601, 201943, 201972] best_score=0 solutions=[[1863, 2422, 201601, 201943, 201972], [1894, 2422, 201601, 201943, 201972], [2039, 2422, 201601, 201943, 201972], [2422, 2568, 201601, 201943, 201972], [2422, 201601, 201943, 201972, 202336]]"
2010-11,10,treb-fanout-2010-10,21001013,"ValueError: starter solution requires missing in-period lineup transition game=21001013 period=3 team=1610612755: starters=[1882, 2738, 201150, 201950, 201975] violations=[{'kind': 'participant', 'event_num': 323, 'player_id': 201578, 'event_type': 6}]"
2010-11,10,treb-fanout-2010-10,21001041,"ValueError: starter solution requires missing in-period lineup transition game=21001041 period=1 team=1610612760: starters=[2570, 200757, 201142, 201566, 201586] violations=[{'kind': 'participant', 'event_num': 79, 'player_id': 2570, 'event_type': 6}]"
2010-11,10,treb-fanout-2010-10,21001052,"ValueError: starter solution requires missing in-period lineup transition game=21001052 period=2 team=1610612764: starters=[2230, 201146, 201580, 201858, 202322] violations=[{'kind': 'participant', 'event_num': 162, 'player_id': 202322, 'event_type': 6}]"
2010-11,11,treb-fanout-2010-11,21001119,"ValueError: starter solution requires missing in-period lineup transition game=21001119 period=3 team=1610612747: starters=[965, 977, 1897, 2200, 101115] violations=[{'kind': 'participant', 'event_num': 307, 'player_id': 965, 'event_type': 6}]"
2010-11,12,treb-fanout-2010-12,21001223,"ValueError: starter solution requires missing in-period lineup transition game=21001223 period=1 team=1610612740: starters=[2731, 2772, 101108, 201158, 201171] violations=[{'kind': 'participant', 'event_num': 111, 'player_id': 101108, 'event_type': 6}]"
2011-12,0,treb-fanout-2011-0,21100001,"ValueError: starter solution requires missing in-period lineup transition game=21100001 period=3 team=1610612752: starters=[2199, 2405, 2546, 201962, 202361] violations=[{'kind': 'participant', 'event_num': 416, 'player_id': 2199, 'event_type': 6}]"
2011-12,0,treb-fanout-2011-0,21100007,"ValueError: starter solution requires missing in-period lineup transition game=21100007 period=3 team=1610612749: starters=[1536, 2399, 101106, 101141, 201943] violations=[{'kind': 'participant', 'event_num': 304, 'player_id': 1536, 'event_type': 6}]"
2011-12,0,treb-fanout-2011-0,21100086,"ValueError: starter solution requires missing in-period lineup transition game=21100086 period=2 team=1610612754: starters=[2563, 200811, 201588, 201946, 202362] violations=[{'kind': 'participant', 'event_num': 206, 'player_id': 2561, 'event_type': 6}]"
2011-12,0,treb-fanout-2011-0,21100094,"ValueError: non-unique v3/team-local starter solution game=21100094 period=6 team=1610612748: candidates=[436, 2203, 2547, 2592, 2617, 201596, 202227, 202354, 202708] prior=[2203, 2547, 2592, 201596, 202227] best_score=0 solutions=[[436, 2203, 2547, 201596, 202227], [2203, 2547, 2592, 201596, 202227], [2203, 2547, 2617, 201596, 202227], [2203, 2547, 201596, 202227, 202354], [2203, 2547, 201596, 202227, 202708]]"
2011-12,1,treb-fanout-2011-1,21100121,"ValueError: starter solution requires missing in-period lineup transition game=21100121 period=3 team=1610612753: starters=[2045, 2202, 2730, 2749, 201583] violations=[{'kind': 'participant', 'event_num': 286, 'player_id': 2730, 'event_type': 6}]"
2011-12,1,treb-fanout-2011-1,21100146,"ValueError: starter solution requires missing in-period lineup transition game=21100146 period=4 team=1610612738: starters=[708, 2039, 2554, 101138, 202340] violations=[{'kind': 'participant', 'event_num': 430, 'player_id': 200765, 'event_type': 6}]"
2011-12,1,treb-fanout-2011-1,21100158,"ValueError: starter solution requires missing in-period lineup transition game=21100158 period=1 team=1610612753: starters=[2045, 2202, 2730, 2749, 201583] violations=[{'kind': 'participant', 'event_num': 91, 'player_id': 201175, 'event_type': 6}]"
2011-12,1,treb-fanout-2011-1,21100165,"ValueError: starter solution requires missing in-period lineup transition game=21100165 period=1 team=1610612749: starters=[1536, 2400, 2568, 201943, 202720] violations=[{'kind': 'participant', 'event_num': 106, 'player_id': 1536, 'event_type': 6}]"
2011-12,1,treb-fanout-2011-1,21100187,"ValueError: starter solution requires missing in-period lineup transition game=21100187 period=2 team=1610612745: starters=[2755, 201609, 201941, 201978, 202335] violations=[{'kind': 'participant', 'event_num': 250, 'player_id': 200768, 'event_type': 6}]"
2011-12,2,treb-fanout-2011-2,21100214,"ValueError: non-unique v3/team-local starter solution game=21100214 period=5 team=1610612740: candidates=[2549, 2731, 2772, 101127, 201158, 201160, 201171, 202329, 202349, 202970] prior=[2549, 2772, 101127, 201158, 201160] best_score=0 solutions=[[2549, 2731, 101127, 201158, 201160], [2549, 2772, 101127, 201158, 201160], [2549, 101127, 201158, 201160, 201171], [2549, 101127, 201158, 201160, 202329], [2549, 101127, 201158, 201160, 202349], [2549, 101127, 201158, 201160, 202970]]"
2011-12,2,treb-fanout-2011-2,21100240,"ValueError: starter solution requires missing in-period lineup transition game=21100240 period=2 team=1610612748: starters=[2034, 2203, 2547, 2617, 202708] violations=[{'kind': 'participant', 'event_num': 197, 'player_id': 2034, 'event_type': 6}]"
2011-12,2,treb-fanout-2011-2,21100266,"ValueError: non-unique v3/team-local starter solution game=21100266 period=5 team=1610612762: candidates=[1952, 2248, 2572, 2734, 200794, 202324, 202330, 202379, 202683, 202692] prior=[1952, 2734, 200794, 202324, 202330] best_score=0 solutions=[[1952, 2734, 200794, 202324, 202330], [2248, 2734, 200794, 202324, 202330], [2572, 2734, 200794, 202324, 202330], [2734, 200794, 202324, 202330, 202379], [2734, 200794, 202324, 202330, 202683], [2734, 200794, 202324, 202330, 202692]]"
2011-12,2,treb-fanout-2011-2,21100287,"ValueError: starter solution requires missing in-period lineup transition game=21100287 period=4 team=1610612752: starters=[2405, 200764, 200779, 202391, 202697] violations=[{'kind': 'participant', 'event_num': 347, 'player_id': 2199, 'event_type': 6}]"
2011-12,4,treb-fanout-2011-4,21100444,"ValueError: starter solution requires missing in-period lineup transition game=21100444 period=3 team=1610612746: starters=[2406, 101108, 200751, 201599, 201933] violations=[{'kind': 'participant', 'event_num': 349, 'player_id': 201933, 'event_type': 6}]"
2011-12,4,treb-fanout-2011-4,21100452,"ValueError: starter solution requires missing in-period lineup transition game=21100452 period=2 team=1610612745: starters=[201584, 201609, 201941, 202335, 202718] violations=[{'kind': 'participant', 'event_num': 240, 'player_id': 2223, 'event_type': 6}]"
2011-12,4,treb-fanout-2011-4,21100468,"ValueError: non-unique v3/team-local starter solution game=21100468 period=5 team=1610612743: candidates=[1733, 1889, 2365, 201147, 201167, 201951, 202389, 202702, 202706] prior=[1733, 1889, 2365, 201167, 201951] best_score=0 solutions=[[1733, 1889, 2365, 201147, 201167], [1733, 1889, 2365, 201167, 201951], [1733, 1889, 2365, 201167, 202389], [1733, 1889, 2365, 201167, 202702], [1733, 1889, 2365, 201167, 202706]]"
2011-12,4,treb-fanout-2011-4,21100482,"ValueError: starter solution requires missing in-period lineup transition game=21100482 period=3 team=1610612740: starters=[2549, 2772, 201158, 202349, 202970] violations=[{'kind': 'participant', 'event_num': 340, 'player_id': 2549, 'event_type': 6}]"
2011-12,4,treb-fanout-2011-4,21100483,"ValueError: starter solution requires missing in-period lineup transition game=21100483 period=3 team=1610612758: starters=[201574, 201936, 201977, 202326, 202738] violations=[{'kind': 'participant', 'event_num': 322, 'player_id': 202326, 'event_type': 6}]"
2011-12,5,treb-fanout-2011-5,21100511,"ValueError: starter solution requires missing in-period lineup transition game=21100511 period=1 team=1610612750: starters=[2557, 201567, 201593, 201937, 202325] violations=[{'kind': 'participant', 'event_num': 67, 'player_id': 201567, 'event_type': 6}]"
2011-12,5,treb-fanout-2011-5,21100565,"ValueError: non-unique v3/team-local starter solution game=21100565 period=5 team=1610612745: candidates=[2223, 2449, 2755, 200768, 201584, 201609, 202718] prior=[2223, 2449, 200768, 201584, 201609] best_score=0 solutions=[[2223, 2449, 200768, 201584, 201609], [2223, 2755, 200768, 201584, 201609], [2223, 200768, 201584, 201609, 202718]]"
2011-12,5,treb-fanout-2011-5,21100568,"ValueError: starter solution requires missing in-period lineup transition game=21100568 period=4 team=1610612752: starters=[1884, 2747, 200779, 202697, 202725] violations=[{'kind': 'participant', 'event_num': 529, 'player_id': 2199, 'event_type': 6}]"
2011-12,6,treb-fanout-2011-6,21100635,"ValueError: starter solution requires missing in-period lineup transition game=21100635 period=3 team=1610612762: starters=[1952, 2572, 2734, 2744, 200794] violations=[{'kind': 'participant', 'event_num': 273, 'player_id': 2734, 'event_type': 6}]"
2011-12,6,treb-fanout-2011-6,21100641,"ValueError: non-unique v3/team-local starter solution game=21100641 period=5 team=1610612762: candidates=[1952, 2224, 2572, 2734, 2744, 200794, 202324, 202330, 202683, 202692] prior=[2224, 2734, 2744, 200794, 202330] best_score=0 solutions=[[1952, 2734, 2744, 200794, 202330], [2224, 2734, 2744, 200794, 202330], [2572, 2734, 2744, 200794, 202330], [2734, 2744, 200794, 202324, 202330], [2734, 2744, 200794, 202330, 202683], [2734, 2744, 200794, 202330, 202692]]"
2011-12,6,treb-fanout-2011-6,21100671,"ValueError: starter solution requires missing in-period lineup transition game=21100671 period=1 team=1610612751: starters=[2222, 2743, 101114, 200749, 202705] violations=[{'kind': 'participant', 'event_num': 81, 'player_id': 101114, 'event_type': 6}]"
2011-12,7,treb-fanout-2011-7,21100706,"ValueError: non-unique v3/team-local starter solution game=21100706 period=5 team=1610612750: candidates=[1802, 2557, 200826, 201229, 201567, 201576, 201961, 202325, 202682] prior=[2557, 200826, 201229, 201567, 201961] best_score=0 solutions=[[1802, 2557, 200826, 201229, 201567], [2557, 200826, 201229, 201567, 201576], [2557, 200826, 201229, 201567, 201961], [2557, 200826, 201229, 201567, 202325], [2557, 200826, 201229, 201567, 202682]]"
2011-12,7,treb-fanout-2011-7,21100722,"ValueError: non-unique v3/team-local starter solution game=21100722 period=7 team=1610612762: candidates=[2734, 2744, 101139, 200794, 201960, 202324, 202330, 202683, 202692] prior=[2734, 2744, 101139, 200794, 202330] best_score=0 solutions=[[2734, 2744, 101139, 200794, 202330], [2744, 101139, 200794, 201960, 202330], [2744, 101139, 200794, 202324, 202330], [2744, 101139, 200794, 202330, 202683], [2744, 101139, 200794, 202330, 202692]]"
2011-12,7,treb-fanout-2011-7,21100723,"ValueError: starter solution requires missing in-period lineup transition game=21100723 period=2 team=1610612759: starters=[1536, 1938, 2564, 202458, 202695] violations=[{'kind': 'participant', 'event_num': 214, 'player_id': 1495, 'event_type': 6}]"
2011-12,7,treb-fanout-2011-7,21100736,ValueError: unmatched PBP rebound rows game=21100736: 1
2011-12,8,treb-fanout-2011-8,21100821,"ValueError: non-unique v3/team-local starter solution game=21100821 period=5 team=1610612757: candidates=[2037, 2038, 101109, 200746, 201587, 201934, 201938, 202083, 202337] prior=[2037, 101109, 200746, 201587, 202083] best_score=0 solutions=[[2037, 2038, 101109, 200746, 201587], [2037, 101109, 200746, 201587, 201934], [2037, 101109, 200746, 201587, 201938], [2037, 101109, 200746, 201587, 202083], [2037, 101109, 200746, 201587, 202337]]"
2011-12,8,treb-fanout-2011-8,21100842,"ValueError: non-unique v3/team-local starter solution game=21100842 period=3 team=1610612766: candidates=[2679, 200748, 201591, 201945, 201957, 201974, 202687, 202689] prior=[1894, 201945, 201957, 201974, 202809] best_score=0 solutions=[[2679, 201945, 201957, 201974, 202689], [200748, 201945, 201957, 201974, 202689], [201591, 201945, 201957, 201974, 202689], [201945, 201957, 201974, 202687, 202689]]"
2011-12,8,treb-fanout-2011-8,21100894,"ValueError: non-unique v3/team-local starter solution game=21100894 period=5 team=1610612742: candidates=[467, 1717, 1891, 2217, 2753, 101133, 201148] prior=[467, 1713, 1717, 1891, 2753] best_score=0 solutions=[[467, 1717, 1891, 2217, 2753], [1717, 1891, 2217, 2753, 101133], [1717, 1891, 2217, 2753, 201148]]"
2011-12,9,treb-fanout-2011-9,21100952,"ValueError: non-unique v3/team-local starter solution game=21100952 period=5 team=1610612747: candidates=[977, 1897, 2200, 2440, 2581, 101115, 201196, 201941, 202365] prior=[977, 2200, 2581, 201941, 202365] best_score=0 solutions=[[977, 1897, 2200, 201941, 202365], [977, 2200, 2440, 201941, 202365], [977, 2200, 2581, 201941, 202365], [977, 2200, 101115, 201941, 202365], [977, 2200, 201196, 201941, 202365]]"
2012-13,0,treb-fanout-2012-0,21200009,"ValueError: starter solution requires missing in-period lineup transition game=21200009 period=1 team=1610612762: starters=[2590, 2744, 101107, 200794, 202330] violations=[{'kind': 'participant', 'event_num': 34, 'player_id': 2590, 'event_type': 6}]"
2012-13,0,treb-fanout-2012-0,21200055,"ValueError: starter solution requires missing in-period lineup transition game=21200055 period=3 team=1610612737: starters=[2585, 2594, 2746, 201143, 201952] violations=[{'kind': 'participant', 'event_num': 323, 'player_id': 2746, 'event_type': 6}]"
2012-13,0,treb-fanout-2012-0,21200061,"ValueError: starter solution requires missing in-period lineup transition game=21200061 period=4 team=1610612761: starters=[101161, 101187, 101249, 201187, 203112] violations=[{'kind': 'participant', 'event_num': 596, 'player_id': 203112, 'event_type': 6}]"
2012-13,1,treb-fanout-2012-1,21200147,"ValueError: starter solution requires missing in-period lineup transition game=21200147 period=2 team=1610612754: starters=[101123, 101133, 201571, 201946, 201970] violations=[{'kind': 'participant', 'event_num': 204, 'player_id': 202331, 'event_type': 6}]"
2012-13,1,treb-fanout-2012-1,21200185,"ValueError: starter solution requires missing in-period lineup transition game=21200185 period=4 team=1610612746: starters=[2037, 2440, 101108, 101142, 202339] violations=[{'kind': 'participant', 'event_num': 392, 'player_id': 201933, 'event_type': 6}]"
2012-13,1,treb-fanout-2012-1,21200192,"ValueError: starter solution requires missing in-period lineup transition game=21200192 period=2 team=1610612752: starters=[739, 2747, 200758, 200779, 203143] violations=[{'kind': 'participant', 'event_num': 199, 'player_id': 739, 'event_type': 6}]"
2012-13,2,treb-fanout-2012-2,21200214,"ValueError: starter solution requires missing in-period lineup transition game=21200214 period=2 team=1610612742: starters=[1713, 1882, 2211, 2563, 201958] violations=[{'kind': 'participant', 'event_num': 175, 'player_id': 1713, 'event_type': 6}]"
2012-13,2,treb-fanout-2012-2,21200234,"ValueError: non-unique v3/team-local starter solution game=21200234 period=6 team=1610612739: candidates=[2760, 200789, 201956, 202087, 202388, 202684, 202951, 203092] prior=[2760, 200789, 201956, 202087, 202951] best_score=0 solutions=[[2760, 200789, 202087, 202951, 203092], [2760, 201956, 202087, 202951, 203092], [2760, 202087, 202388, 202951, 203092], [2760, 202087, 202684, 202951, 203092]]"
2012-13,2,treb-fanout-2012-2,21200268,"ValueError: starter solution requires missing in-period lineup transition game=21200268 period=1 team=1610612752: starters=[467, 703, 2199, 101109, 200758] violations=[{'kind': 'participant', 'event_num': 105, 'player_id': 2747, 'event_type': 6}]"
2012-13,2,treb-fanout-2012-2,21200288,"ValueError: starter solution requires missing in-period lineup transition game=21200288 period=2 team=1610612741: starters=[2736, 101126, 201149, 201158, 201959] violations=[{'kind': 'participant', 'event_num': 202, 'player_id': 201959, 'event_type': 6}, {'kind': 'participant', 'event_num': 203, 'player_id': 201959, 'event_type': 6}]"
2012-13,2,treb-fanout-2012-2,21200293,"ValueError: starter solution requires missing in-period lineup transition game=21200293 period=3 team=1610612749: starters=[2605, 101141, 101145, 201943, 202336] violations=[{'kind': 'participant', 'event_num': 365, 'player_id': 101145, 'event_type': 5}]"
2012-13,3,treb-fanout-2012-3,21200316,"ValueError: starter solution requires missing in-period lineup transition game=21200316 period=2 team=1610612749: starters=[2400, 101141, 201943, 202699, 203117] violations=[{'kind': 'participant', 'event_num': 268, 'player_id': 2400, 'event_type': 6}]"
2012-13,3,treb-fanout-2012-3,21200389,"ValueError: starter solution requires missing in-period lineup transition game=21200389 period=4 team=1610612744: starters=[2740, 101127, 201171, 203084, 203110] violations=[{'kind': 'participant', 'event_num': 535, 'player_id': 203084, 'event_type': 6}]"
2012-13,5,treb-fanout-2012-5,21200505,"ValueError: starter solution requires missing in-period lineup transition game=21200505 period=1 team=1610612738: starters=[708, 1718, 1891, 101138, 202340] violations=[{'kind': 'participant', 'event_num': 42, 'player_id': 1718, 'event_type': 6}]"
2012-13,5,treb-fanout-2012-5,21200524,"ValueError: starter solution requires missing in-period lineup transition game=21200524 period=2 team=1610612743: starters=[1889, 2738, 201147, 201568, 201580] violations=[{'kind': 'participant', 'event_num': 213, 'player_id': 1889, 'event_type': 6}]"
2012-13,5,treb-fanout-2012-5,21200560,"ValueError: starter solution requires missing in-period lineup transition game=21200560 period=3 team=1610612750: starters=[1905, 2557, 201593, 201967, 203144] violations=[{'kind': 'participant', 'event_num': 314, 'player_id': 201937, 'event_type': 6}]"
2012-13,5,treb-fanout-2012-5,21200567,"ValueError: starter solution requires missing in-period lineup transition game=21200567 period=3 team=1610612746: starters=[2406, 2584, 201599, 201933, 202339] violations=[{'kind': 'participant', 'event_num': 435, 'player_id': 201933, 'event_type': 6}]"
2012-13,5,treb-fanout-2012-5,21200597,"ValueError: starter solution requires missing in-period lineup transition game=21200597 period=3 team=1610612745: starters=[2568, 201600, 201935, 201976, 202694] violations=[{'kind': 'participant', 'event_num': 282, 'player_id': 201976, 'event_type': 6}]"
2012-13,6,treb-fanout-2012-6,21200615,"ValueError: starter solution requires missing in-period lineup transition game=21200615 period=3 team=1610612753: starters=[2749, 200755, 201167, 201175, 202696] violations=[{'kind': 'participant', 'event_num': 272, 'player_id': 201175, 'event_type': 6}]"
2012-13,6,treb-fanout-2012-6,21200640,"ValueError: starter solution requires missing in-period lineup transition game=21200640 period=3 team=1610612758: starters=[2422, 201574, 201936, 202326, 202738] violations=[{'kind': 'participant', 'event_num': 329, 'player_id': 202738, 'event_type': 6}]"
2012-13,6,treb-fanout-2012-6,21200650,"ValueError: non-unique v3/team-local starter solution game=21200650 period=5 team=1610612754: candidates=[2561, 101133, 201571, 201579, 201588, 201965, 202331, 202362, 203111] prior=[2561, 201571, 201579, 201588, 202331] best_score=0 solutions=[[2561, 101133, 201579, 201588, 202331], [2561, 201571, 201579, 201588, 202331], [2561, 201579, 201588, 201965, 202331], [2561, 201579, 201588, 202331, 202362], [2561, 201579, 201588, 202331, 203111]]"
2012-13,6,treb-fanout-2012-6,21200652,"ValueError: non-unique v3/team-local starter solution game=21200652 period=5 team=1610612738: candidates=[708, 1718, 1891, 2404, 101138, 201145, 201584, 202340, 203096] prior=[708, 1718, 1891, 201145, 201584] best_score=0 solutions=[[708, 1718, 1891, 201145, 202340], [708, 1718, 2404, 201145, 202340], [708, 1718, 101138, 201145, 202340], [708, 1718, 201145, 201584, 202340], [708, 1718, 201145, 202340, 203096]]"
2012-13,7,treb-fanout-2012-7,21200714,"ValueError: starter solution requires missing in-period lineup transition game=21200714 period=3 team=1610612758: starters=[2422, 101236, 201574, 201936, 202738] violations=[{'kind': 'participant', 'event_num': 215, 'player_id': 202326, 'event_type': 6}]"
2012-13,7,treb-fanout-2012-7,21200745,"ValueError: starter solution requires missing in-period lineup transition game=21200745 period=3 team=1610612750: starters=[2557, 201593, 201937, 202682, 203144] violations=[{'kind': 'participant', 'event_num': 327, 'player_id': 201967, 'event_type': 6}]"
2012-13,7,treb-fanout-2012-7,21200754,"ValueError: non-unique v3/team-local starter solution game=21200754 period=7 team=1610612738: candidates=[708, 1718, 1891, 2215, 2404, 2571, 101138, 201145, 201584, 202340] prior=[708, 1718, 201145, 201584, 202340] best_score=0 solutions=[[708, 1718, 1891, 2215, 202340], [708, 1718, 1891, 2404, 202340], [708, 1718, 1891, 2571, 202340], [708, 1718, 1891, 101138, 202340], [708, 1718, 1891, 201145, 202340], [708, 1718, 1891, 201584, 202340]]"
2012-13,7,treb-fanout-2012-7,21200784,"ValueError: starter solution requires missing in-period lineup transition game=21200784 period=2 team=1610612750: starters=[101153, 200826, 201880, 201967, 203144] violations=[{'kind': 'participant', 'event_num': 220, 'player_id': 201880, 'event_type': 6}]"
2012-13,8,treb-fanout-2012-8,21200804,"ValueError: starter solution requires missing in-period lineup transition game=21200804 period=2 team=1610612745: starters=[2568, 201976, 202391, 202700, 202962] violations=[{'kind': 'participant', 'event_num': 270, 'player_id': 202391, 'event_type': 6}]"
2012-13,8,treb-fanout-2012-8,21200806,"ValueError: starter solution requires missing in-period lineup transition game=21200806 period=4 team=1610612753: starters=[200755, 201167, 202696, 202734, 202970] violations=[{'kind': 'participant', 'event_num': 475, 'player_id': 2749, 'event_type': 5}]"
2012-13,8,treb-fanout-2012-8,21200829,"ValueError: starter solution requires missing in-period lineup transition game=21200829 period=2 team=1610612762: starters=[2248, 202324, 202330, 202683, 202692] violations=[{'kind': 'participant', 'event_num': 249, 'player_id': 200794, 'event_type': 6}]"
2012-13,8,treb-fanout-2012-8,21200845,"ValueError: non-unique v3/team-local starter solution game=21200845 period=5 team=1610612748: candidates=[951, 1740, 2365, 2544, 2547, 2548, 2617, 201596, 202708] prior=[951, 2544, 2547, 2548, 201596] best_score=0 solutions=[[951, 1740, 2544, 2547, 2548], [951, 2365, 2544, 2547, 2548], [951, 2544, 2547, 2548, 2617], [951, 2544, 2547, 2548, 201596], [951, 2544, 2547, 2548, 202708]]"
2012-13,8,treb-fanout-2012-8,21200853,"ValueError: starter solution requires missing in-period lineup transition game=21200853 period=2 team=1610612752: starters=[467, 2405, 2747, 200779, 203143] violations=[{'kind': 'participant', 'event_num': 162, 'player_id': 2405, 'event_type': 6}]"
2012-13,8,treb-fanout-2012-8,21200883,"ValueError: starter solution requires missing in-period lineup transition game=21200883 period=4 team=1610612753: starters=[1733, 202734, 203117, 203124, 203199] violations=[{'kind': 'participant', 'event_num': 351, 'player_id': 203090, 'event_type': 6}]"
2012-13,8,treb-fanout-2012-8,21200897,"ValueError: starter solution requires missing in-period lineup transition game=21200897 period=2 team=1610612760: starters=[965, 2555, 2755, 200758, 202704] violations=[{'kind': 'participant', 'event_num': 205, 'player_id': 201142, 'event_type': 6}]"
2012-13,9,treb-fanout-2012-9,21200934,"ValueError: starter solution requires missing in-period lineup transition game=21200934 period=3 team=1610612760: starters=[2570, 200757, 201142, 201566, 201586] violations=[{'kind': 'participant', 'event_num': 287, 'player_id': 201586, 'event_type': 6}]"
2012-13,9,treb-fanout-2012-9,21200936,"ValueError: starter solution requires missing in-period lineup transition game=21200936 period=4 team=1610612739: starters=[2575, 2733, 101139, 201961, 203092] violations=[{'kind': 'participant', 'event_num': 451, 'player_id': 201578, 'event_type': 6}]"
2012-13,9,treb-fanout-2012-9,21200959,"ValueError: starter solution requires missing in-period lineup transition game=21200959 period=3 team=1610612761: starters=[101161, 200752, 200768, 201942, 202685] violations=[{'kind': 'participant', 'event_num': 351, 'player_id': 2742, 'event_type': 6}]"
2012-13,9,treb-fanout-2012-9,21200982,"ValueError: starter solution requires missing in-period lineup transition game=21200982 period=4 team=1610612759: starters=[1536, 1938, 2564, 201168, 201986] violations=[{'kind': 'participant', 'event_num': 474, 'player_id': 1536, 'event_type': 6}]"
2012-13,11,treb-fanout-2012-11,21201102,"ValueError: starter solution requires missing in-period lineup transition game=21201102 period=4 team=1610612766: starters=[2457, 200748, 201177, 202689, 203106] violations=[{'kind': 'participant', 'event_num': 501, 'player_id': 201945, 'event_type': 6}]"
2012-13,11,treb-fanout-2012-11,21201141,"ValueError: starter solution requires missing in-period lineup transition game=21201141 period=4 team=1610612765: starters=[201155, 201973, 202328, 202688, 203114] violations=[{'kind': 'participant', 'event_num': 431, 'player_id': 202328, 'event_type': 6}]"
2012-13,11,treb-fanout-2012-11,21201166,"ValueError: non-unique v3/team-local starter solution game=21201166 period=5 team=1610612749: candidates=[2399, 2605, 101145, 200755, 201601, 201943, 202336, 202397, 203089] prior=[2399, 2605, 101145, 200755, 203089] best_score=0 solutions=[[2399, 2605, 101145, 200755, 203089], [2605, 101145, 200755, 201601, 203089], [2605, 101145, 200755, 201943, 203089], [2605, 101145, 200755, 202336, 203089], [2605, 101145, 200755, 202397, 203089]]"
2012-13,11,treb-fanout-2012-11,21201177,"ValueError: starter solution requires missing in-period lineup transition game=21201177 period=2 team=1610612755: starters=[2748, 201156, 202323, 202730, 203102] violations=[{'kind': 'participant', 'event_num': 252, 'player_id': 201150, 'event_type': 6}]"
2013-14,0,treb-fanout-2013-0,21300034,"ValueError: starter solution requires missing in-period lineup transition game=21300034 period=2 team=1610612741: starters=[1737, 2399, 2550, 201959, 202710] violations=[{'kind': 'participant', 'event_num': 172, 'player_id': 2399, 'event_type': 6}]"
2013-14,0,treb-fanout-2013-0,21300080,"ValueError: starter solution requires missing in-period lineup transition game=21300080 period=1 team=1610612750: starters=[2755, 201147, 201567, 201593, 201937] violations=[{'kind': 'participant', 'event_num': 110, 'player_id': 201567, 'event_type': 6}]"
2013-14,1,treb-fanout-2013-1,21300136,"ValueError: starter solution requires missing in-period lineup transition game=21300136 period=3 team=1610612748: starters=[2203, 2544, 2547, 2548, 202708] violations=[{'kind': 'participant', 'event_num': 327, 'player_id': 2547, 'event_type': 6}]"
2013-14,1,treb-fanout-2013-1,21300138,"ValueError: non-unique v3/team-local starter solution game=21300138 period=5 team=1610612739: candidates=[2760, 101115, 101127, 101139, 201947, 202087, 202681, 202684, 203508, 203521] prior=[2760, 101127, 202681, 202684, 203521] best_score=0 solutions=[[2760, 101115, 101127, 202681, 202684], [2760, 101127, 101139, 202681, 202684], [2760, 101127, 201947, 202681, 202684], [2760, 101127, 202087, 202681, 202684], [2760, 101127, 202681, 202684, 203508], [2760, 101127, 202681, 202684, 203521]]"
2013-14,1,treb-fanout-2013-1,21300145,"ValueError: starter solution requires missing in-period lineup transition game=21300145 period=1 team=1610612744: starters=[2738, 101106, 101135, 201939, 202691] violations=[{'kind': 'participant', 'event_num': 66, 'player_id': 101106, 'event_type': 6}]"
2013-14,1,treb-fanout-2013-1,21300161,"ValueError: starter solution requires missing in-period lineup transition game=21300161 period=3 team=1610612751: starters=[708, 1718, 2207, 2501, 2733] violations=[{'kind': 'participant', 'event_num': 352, 'player_id': 2733, 'event_type': 6}]"
2013-14,1,treb-fanout-2013-1,21300199,"ValueError: starter solution requires missing in-period lineup transition game=21300199 period=2 team=1610612756: starters=[202397, 202693, 202694, 203101, 203462] violations=[{'kind': 'participant', 'event_num': 179, 'player_id': 202693, 'event_type': 6}]"
2013-14,2,treb-fanout-2013-2,21300223,"ValueError: starter solution requires missing in-period lineup transition game=21300223 period=2 team=1610612743: starters=[1889, 101126, 201589, 202702, 202706] violations=[{'kind': 'participant', 'event_num': 262, 'player_id': 101126, 'event_type': 6}]"
2013-14,2,treb-fanout-2013-2,21300228,"ValueError: starter solution requires missing in-period lineup transition game=21300228 period=2 team=1610612749: starters=[2557, 201564, 202327, 202390, 203089] violations=[{'kind': 'participant', 'event_num': 172, 'player_id': 202336, 'event_type': 6}]"
2013-14,2,treb-fanout-2013-2,21300232,"ValueError: starter solution requires missing in-period lineup transition game=21300232 period=2 team=1610612738: starters=[2222, 2743, 201145, 203515, 203543] violations=[{'kind': 'participant', 'event_num': 227, 'player_id': 203096, 'event_type': 6}]"
2013-14,2,treb-fanout-2013-2,21300238,"ValueError: starter solution requires missing in-period lineup transition game=21300238 period=4 team=1610612743: starters=[1889, 101126, 201163, 202389, 202706] violations=[{'kind': 'participant', 'event_num': 443, 'player_id': 101126, 'event_type': 6}]"
2013-14,2,treb-fanout-2013-2,21300240,"ValueError: non-unique v3/team-local starter solution game=21300240 period=5 team=1610612746: candidates=[1712, 2037, 200755, 200797, 201162, 201599, 201933, 201954, 203493] prior=[1712, 2037, 201162, 201933, 201954] best_score=0 solutions=[[1712, 2037, 201162, 201599, 201933], [2037, 200755, 201162, 201599, 201933], [2037, 200797, 201162, 201599, 201933], [2037, 201162, 201599, 201933, 201954], [2037, 201162, 201599, 201933, 203493]]"
2013-14,2,treb-fanout-2013-2,21300250,"ValueError: starter solution requires missing in-period lineup transition game=21300250 period=3 team=1610612765: starters=[2746, 201943, 202328, 203083, 203484] violations=[{'kind': 'participant', 'event_num': 325, 'player_id': 202328, 'event_type': 6}]"
2013-14,2,treb-fanout-2013-2,21300257,"ValueError: non-unique v3/team-local starter solution game=21300257 period=7 team=1610612741: candidates=[1737, 2229, 2399, 2430, 2550, 2736, 201149, 201959, 203104] prior=[2550, 2736, 201149, 201959, 203503] best_score=0 solutions=[[1737, 2399, 2736, 201149, 201959], [2229, 2399, 2736, 201149, 201959], [2399, 2430, 2736, 201149, 201959], [2399, 2550, 2736, 201149, 201959], [2399, 2736, 201149, 201959, 203104]]"
2013-14,3,treb-fanout-2013-3,21300333,"ValueError: starter solution requires missing in-period lineup transition game=21300333 period=2 team=1610612752: starters=[2030, 2405, 2747, 2757, 203501] violations=[{'kind': 'participant', 'event_num': 150, 'player_id': 2030, 'event_type': 6}]"
2013-14,3,treb-fanout-2013-3,21300340,"ValueError: starter solution requires missing in-period lineup transition game=21300340 period=2 team=1610612758: starters=[2566, 201189, 201977, 202682, 202690] violations=[{'kind': 'participant', 'event_num': 201, 'player_id': 201574, 'event_type': 6}]"
2013-14,3,treb-fanout-2013-3,21300368,"ValueError: starter solution requires missing in-period lineup transition game=21300368 period=4 team=1610612740: starters=[200811, 202329, 203085, 203121, 203148] violations=[{'kind': 'participant', 'event_num': 440, 'player_id': 200811, 'event_type': 6}]"
2013-14,3,treb-fanout-2013-3,21300371,"ValueError: non-unique v3/team-local starter solution game=21300371 period=5 team=1610612766: candidates=[2732, 2744, 201177, 201196, 201229, 201945, 202687, 202689, 203106, 203469] prior=[2744, 201177, 201196, 201945, 202689] best_score=0 solutions=[[2732, 2744, 201177, 201945, 202689], [2744, 201177, 201196, 201945, 202689], [2744, 201177, 201229, 201945, 202689], [2744, 201177, 201945, 202687, 202689], [2744, 201177, 201945, 202689, 203106], [2744, 201177, 201945, 202689, 203469]]"
2013-14,3,treb-fanout-2013-3,21300375,"ValueError: non-unique v3/team-local starter solution game=21300375 period=5 team=1610612749: candidates=[2557, 101141, 202688, 203089, 203114, 203489, 203507] prior=[101141, 202688, 203089, 203114, 203507] best_score=0 solutions=[[2557, 101141, 202688, 203089, 203114], [101141, 202688, 203089, 203114, 203489], [101141, 202688, 203089, 203114, 203507]]"
2013-14,4,treb-fanout-2013-4,21300405,"ValueError: starter solution requires missing in-period lineup transition game=21300405 period=2 team=1610612760: starters=[965, 2555, 202704, 203087, 203103] violations=[{'kind': 'participant', 'event_num': 155, 'player_id': 201142, 'event_type': 6}]"
2013-14,4,treb-fanout-2013-4,21300406,"ValueError: non-unique v3/team-local starter solution game=21300406 period=5 team=1610612750: candidates=[2755, 200826, 201567, 201593, 201937, 203144] prior=[2755, 200826, 201567, 201593, 201937] best_score=0 solutions=[[2755, 200826, 201567, 201593, 201937], [2755, 200826, 201567, 201593, 203144]]"
2013-14,4,treb-fanout-2013-4,21300423,"ValueError: non-unique v3/team-local starter solution game=21300423 period=6 team=1610612739: candidates=[2760, 101115, 101127, 101139, 201947, 202681, 202684, 203079, 203092, 203461, 203521] prior=[2760, 101127, 202681, 202684, 203079] best_score=0 solutions=[[2760, 101115, 202681, 202684, 203079], [2760, 101127, 202681, 202684, 203079], [2760, 101139, 202681, 202684, 203079], [2760, 201947, 202681, 202684, 203079], [2760, 202681, 202684, 203079, 203092], [2760, 202681, 202684, 203079, 203461], [2760, 202681, 202684, 203079, 203521]]"
2013-14,4,treb-fanout-2013-4,21300437,"ValueError: starter solution requires missing in-period lineup transition game=21300437 period=1 team=1610612751: starters=[708, 1718, 2207, 101114, 203141] violations=[{'kind': 'participant', 'event_num': 23, 'player_id': 708, 'event_type': 6}]"
2013-14,4,treb-fanout-2013-4,21300464,"ValueError: starter solution requires missing in-period lineup transition game=21300464 period=3 team=1610612758: starters=[200752, 201574, 202326, 202738, 203463] violations=[{'kind': 'participant', 'event_num': 320, 'player_id': 201574, 'event_type': 6}]"
2013-14,4,treb-fanout-2013-4,21300470,"ValueError: starter solution requires missing in-period lineup transition game=21300470 period=3 team=1610612750: starters=[2755, 201147, 201567, 201593, 201937] violations=[{'kind': 'participant', 'event_num': 411, 'player_id': 201147, 'event_type': 6}]"
2013-14,4,treb-fanout-2013-4,21300475,"ValueError: starter solution requires missing in-period lineup transition game=21300475 period=2 team=1610612741: starters=[1737, 2399, 201571, 201959, 203503] violations=[{'kind': 'participant', 'event_num': 237, 'player_id': 2430, 'event_type': 6}]"
2013-14,4,treb-fanout-2013-4,21300482,"ValueError: starter solution requires missing in-period lineup transition game=21300482 period=3 team=1610612764: starters=[2772, 101162, 202322, 202344, 203078] violations=[{'kind': 'participant', 'event_num': 285, 'player_id': 2772, 'event_type': 6}, {'kind': 'participant', 'event_num': 286, 'player_id': 2772, 'event_type': 6}]"
2013-14,4,treb-fanout-2013-4,21300498,"ValueError: starter solution requires missing in-period lineup transition game=21300498 period=3 team=1610612765: starters=[2746, 201943, 202328, 203083, 203484] violations=[{'kind': 'participant', 'event_num': 308, 'player_id': 203083, 'event_type': 6}]"
2013-14,5,treb-fanout-2013-5,21300528,"ValueError: starter solution requires missing in-period lineup transition game=21300528 period=3 team=1610612746: starters=[2037, 201162, 201599, 201933, 201954] violations=[{'kind': 'participant', 'event_num': 433, 'player_id': 201933, 'event_type': 6}]"
2013-14,5,treb-fanout-2013-5,21300530,"ValueError: starter solution requires missing in-period lineup transition game=21300530 period=4 team=1610612760: starters=[965, 203087, 203103, 203460, 203500] violations=[{'kind': 'participant', 'event_num': 494, 'player_id': 201142, 'event_type': 6}]"
2013-14,5,treb-fanout-2013-5,21300584,"ValueError: starter solution requires missing in-period lineup transition game=21300584 period=3 team=1610612750: starters=[2755, 201147, 201567, 201593, 201937] violations=[{'kind': 'participant', 'event_num': 326, 'player_id': 201147, 'event_type': 6}]"
2013-14,6,treb-fanout-2013-6,21300613,"ValueError: non-unique v3/team-local starter solution game=21300613 period=5 team=1610612741: candidates=[1737, 2399, 2430, 2550, 201149, 201571, 201959, 202710] prior=[2399, 201149, 201571, 201959, 202710] best_score=0 solutions=[[1737, 2399, 201149, 201571, 201959], [2399, 2430, 201149, 201571, 201959], [2399, 2550, 201149, 201571, 201959], [2399, 201149, 201571, 201959, 202710]]"
2013-14,7,treb-fanout-2013-7,21300763,"ValueError: starter solution requires missing in-period lineup transition game=21300763 period=2 team=1610612755: starters=[202343, 202730, 203100, 203102, 203138] violations=[{'kind': 'participant', 'event_num': 140, 'player_id': 202323, 'event_type': 6}]"
2013-14,7,treb-fanout-2013-7,21300790,"ValueError: starter solution requires missing in-period lineup transition game=21300790 period=3 team=1610612751: starters=[708, 1718, 2207, 2733, 101114] violations=[{'kind': 'participant', 'event_num': 332, 'player_id': 1718, 'event_type': 6}]"
2013-14,8,treb-fanout-2013-8,21300803,"ValueError: starter solution requires missing in-period lineup transition game=21300803 period=1 team=1610612761: starters=[200768, 201942, 202335, 202685, 203082] violations=[{'kind': 'participant', 'event_num': 117, 'player_id': 200768, 'event_type': 6}]"
2013-14,8,treb-fanout-2013-8,21300816,"ValueError: non-unique v3/team-local starter solution game=21300816 period=5 team=1610612753: candidates=[2749, 201167, 202696, 202699, 202734, 203090, 203094, 203117, 203124, 203506] prior=[201167, 202696, 202699, 202734, 203506] best_score=0 solutions=[[2749, 201167, 202696, 202699, 203506], [201167, 202696, 202699, 202734, 203506], [201167, 202696, 202699, 203090, 203506], [201167, 202696, 202699, 203094, 203506], [201167, 202696, 202699, 203117, 203506], [201167, 202696, 202699, 203124, 203506]]"
2013-14,8,treb-fanout-2013-8,21300864,"ValueError: non-unique v3/team-local starter solution game=21300864 period=7 team=1610612761: candidates=[2422, 101161, 101236, 200768, 201942, 201946, 202335, 202349, 202685, 203082] prior=[2422, 200768, 201942, 201946, 202349] best_score=0 solutions=[[2422, 200768, 201942, 201946, 202349], [101161, 200768, 201942, 201946, 202349], [101236, 200768, 201942, 201946, 202349], [200768, 201942, 201946, 202335, 202349], [200768, 201942, 201946, 202349, 202685], [200768, 201942, 201946, 202349, 203082]]"
2013-14,8,treb-fanout-2013-8,21300882,"ValueError: starter solution requires missing in-period lineup transition game=21300882 period=3 team=1610612740: starters=[201569, 201582, 201936, 203076, 203148] violations=[{'kind': 'participant', 'event_num': 318, 'player_id': 203076, 'event_type': 6}]"
2013-14,9,treb-fanout-2013-9,21300911,"ValueError: starter solution requires missing in-period lineup transition game=21300911 period=3 team=1610612752: starters=[2199, 2405, 2546, 2747, 101109] violations=[{'kind': 'participant', 'event_num': 377, 'player_id': 2199, 'event_type': 6}]"
2013-14,9,treb-fanout-2013-9,21300922,"ValueError: starter solution requires missing in-period lineup transition game=21300922 period=1 team=1610612765: starters=[2746, 201943, 202328, 202713, 203083] violations=[{'kind': 'participant', 'event_num': 63, 'player_id': 202328, 'event_type': 6}]"
2013-14,9,treb-fanout-2013-9,21300939,"ValueError: starter solution requires missing in-period lineup transition game=21300939 period=3 team=1610612745: starters=[2730, 201935, 201976, 202718, 203093] violations=[{'kind': 'participant', 'event_num': 306, 'player_id': 202706, 'event_type': 6}]"
2013-14,9,treb-fanout-2013-9,21300940,"ValueError: starter solution requires missing in-period lineup transition game=21300940 period=3 team=1610612761: starters=[101161, 200768, 201942, 202685, 203082] violations=[{'kind': 'participant', 'event_num': 293, 'player_id': 201942, 'event_type': 6}]"
2013-14,9,treb-fanout-2013-9,21300970,"ValueError: starter solution requires missing in-period lineup transition game=21300970 period=2 team=1610612760: starters=[965, 2406, 2555, 202704, 203103] violations=[{'kind': 'participant', 'event_num': 258, 'player_id': 201142, 'event_type': 6}]"
2013-14,9,treb-fanout-2013-9,21300995,"ValueError: starter solution requires missing in-period lineup transition game=21300995 period=4 team=1610612739: starters=[101127, 201150, 203079, 203092, 203521] violations=[{'kind': 'participant', 'event_num': 505, 'player_id': 201150, 'event_type': 6}]"
2013-14,10,treb-fanout-2013-10,21301014,"ValueError: starter solution requires missing in-period lineup transition game=21301014 period=3 team=1610612742: starters=[1717, 1890, 2223, 101145, 101181] violations=[{'kind': 'participant', 'event_num': 356, 'player_id': 101145, 'event_type': 6}]"
2013-14,10,treb-fanout-2013-10,21301052,"ValueError: starter solution requires missing in-period lineup transition game=21301052 period=1 team=1610612740: starters=[201880, 201936, 202329, 203076, 203148] violations=[{'kind': 'participant', 'event_num': 129, 'player_id': 201936, 'event_type': 6}]"
2013-14,10,treb-fanout-2013-10,21301061,"ValueError: non-unique v3/team-local starter solution game=21301061 period=5 team=1610612766: candidates=[2557, 2744, 201177, 201229, 201604, 201945, 202687, 202689, 203469] prior=[2744, 201177, 201604, 201945, 202689] best_score=0 solutions=[[2557, 2744, 201177, 201604, 202689], [2744, 201177, 201229, 201604, 202689], [2744, 201177, 201604, 201945, 202689], [2744, 201177, 201604, 202687, 202689], [2744, 201177, 201604, 202689, 203469]]"
2013-14,11,treb-fanout-2013-11,21301157,"ValueError: starter solution requires missing in-period lineup transition game=21301157 period=4 team=1610612757: starters=[2590, 2748, 201577, 201587, 202083] violations=[{'kind': 'participant', 'event_num': 378, 'player_id': 201577, 'event_type': 6}]"
2013-14,11,treb-fanout-2013-11,21301158,"ValueError: starter solution requires missing in-period lineup transition game=21301158 period=3 team=1610612751: starters=[1718, 2207, 2733, 101114, 203486] violations=[{'kind': 'participant', 'event_num': 287, 'player_id': 1718, 'event_type': 6}]"
2013-14,11,treb-fanout-2013-11,21301178,"ValueError: starter solution requires missing in-period lineup transition game=21301178 period=3 team=1610612766: starters=[2557, 2744, 201177, 201945, 203077] violations=[{'kind': 'participant', 'event_num': 327, 'player_id': 201229, 'event_type': 6}]"
2013-14,11,treb-fanout-2013-11,21301197,"ValueError: starter solution requires missing in-period lineup transition game=21301197 period=3 team=1610612752: starters=[2199, 2405, 2546, 2747, 101109] violations=[{'kind': 'participant', 'event_num': 333, 'player_id': 2546, 'event_type': 6}]"
2013-14,11,treb-fanout-2013-11,21301198,"ValueError: starter solution requires missing in-period lineup transition game=21301198 period=1 team=1610612765: starters=[201155, 201943, 202328, 202713, 203083] violations=[{'kind': 'participant', 'event_num': 49, 'player_id': 202328, 'event_type': 6}]"
2014-15,0,treb-fanout-2014-0,21400004,"ValueError: non-unique v3/team-local starter solution game=21400004 period=5 team=1610612749: candidates=[101141, 201162, 201564, 201573, 202336, 202688, 203089, 203114, 203507, 203953] prior=[2585, 201162, 201564, 202688, 203953] best_score=0 solutions=[[101141, 202336, 202688, 203114, 203953], [201162, 202336, 202688, 203114, 203953], [201564, 202336, 202688, 203114, 203953], [201573, 202336, 202688, 203114, 203953], [202336, 202688, 203089, 203114, 203953], [202336, 202688, 203114, 203507, 203953]]"
2014-15,0,treb-fanout-2014-0,21400031,"ValueError: starter solution requires missing in-period lineup transition game=21400031 period=2 team=1610612764: starters=[1889, 2400, 2743, 203318, 203490] violations=[{'kind': 'participant', 'event_num': 284, 'player_id': 1718, 'event_type': 6}]"
2014-15,0,treb-fanout-2014-0,21400092,"ValueError: starter solution requires missing in-period lineup transition game=21400092 period=4 team=1610612758: starters=[2501, 201171, 201196, 201956, 203917] violations=[{'kind': 'participant', 'event_num': 430, 'player_id': 2501, 'event_type': 6}]"
2014-15,1,treb-fanout-2014-1,21400116,"ValueError: starter solution requires missing in-period lineup transition game=21400116 period=2 team=1610612756: starters=[101123, 200782, 201229, 202738, 203458] violations=[{'kind': 'participant', 'event_num': 235, 'player_id': 200782, 'event_type': 6}]"
2014-15,1,treb-fanout-2014-1,21400138,"ValueError: starter solution requires missing in-period lineup transition game=21400138 period=1 team=1610612757: starters=[201577, 202083, 203081, 203086, 203459] violations=[{'kind': 'participant', 'event_num': 67, 'player_id': 201577, 'event_type': 6}]"
2014-15,1,treb-fanout-2014-1,21400139,"ValueError: starter solution requires missing in-period lineup transition game=21400139 period=1 team=1610612758: starters=[200752, 201574, 201954, 202326, 203463] violations=[{'kind': 'participant', 'event_num': 88, 'player_id': 202326, 'event_type': 6}]"
2014-15,1,treb-fanout-2014-1,21400151,"ValueError: starter solution requires missing in-period lineup transition game=21400151 period=1 team=1610612763: starters=[2216, 2754, 201144, 201188, 201584] violations=[{'kind': 'participant', 'event_num': 35, 'player_id': 2754, 'event_type': 6}]"
2014-15,1,treb-fanout-2014-1,21400187,"ValueError: starter solution requires missing in-period lineup transition game=21400187 period=2 team=1610612752: starters=[2405, 2747, 201160, 203143, 203501] violations=[{'kind': 'participant', 'event_num': 165, 'player_id': 203501, 'event_type': 6}]"
2014-15,2,treb-fanout-2014-2,21400216,"ValueError: starter solution requires missing in-period lineup transition game=21400216 period=2 team=1610612765: starters=[2406, 201973, 202328, 203484, 203915] violations=[{'kind': 'participant', 'event_num': 251, 'player_id': 2746, 'event_type': 6}]"
2014-15,2,treb-fanout-2014-2,21400226,"ValueError: starter solution requires missing in-period lineup transition game=21400226 period=3 team=1610612749: starters=[201564, 202336, 202688, 203507, 203953] violations=[{'kind': 'participant', 'event_num': 306, 'player_id': 202336, 'event_type': 6}]"
2014-15,2,treb-fanout-2014-2,21400252,"ValueError: starter solution requires missing in-period lineup transition game=21400252 period=2 team=1610612746: starters=[2037, 2045, 200770, 201150, 201175] violations=[{'kind': 'participant', 'event_num': 269, 'player_id': 201933, 'event_type': 6}]"
2014-15,2,treb-fanout-2014-2,21400257,"ValueError: non-unique v3/team-local starter solution game=21400257 period=6 team=1610612741: candidates=[2200, 2399, 2550, 201149, 201166, 201565, 202703, 202710, 203503] prior=[2200, 2399, 201149, 201565, 202710] best_score=0 solutions=[[2200, 2399, 201149, 201565, 202710], [2200, 2550, 201149, 201565, 202710], [2200, 201149, 201166, 201565, 202710], [2200, 201149, 201565, 202703, 202710], [2200, 201149, 201565, 202710, 203503]]"
2014-15,3,treb-fanout-2014-3,21400302,"ValueError: non-unique v3/team-local starter solution game=21400302 period=5 team=1610612764: candidates=[1718, 1889, 2400, 2743, 101162, 202066, 202322, 202338, 203078, 203490] prior=[1718, 2446, 2743, 202322, 203078] best_score=0 solutions=[[1718, 1889, 2743, 101162, 202322], [1718, 2400, 2743, 101162, 202322], [1718, 2743, 101162, 202066, 202322], [1718, 2743, 101162, 202322, 202338], [1718, 2743, 101162, 202322, 203078], [1718, 2743, 101162, 202322, 203490]]"
2014-15,3,treb-fanout-2014-3,21400320,"ValueError: starter solution requires missing in-period lineup transition game=21400320 period=1 team=1610612741: starters=[2200, 2399, 201565, 201959, 202710] violations=[{'kind': 'participant', 'event_num': 79, 'player_id': 201565, 'event_type': 6}]"
2014-15,3,treb-fanout-2014-3,21400358,"ValueError: starter solution requires missing in-period lineup transition game=21400358 period=2 team=1610612737: starters=[200757, 201143, 201960, 203118, 203471] violations=[{'kind': 'participant', 'event_num': 128, 'player_id': 201960, 'event_type': 6}]"
2014-15,3,treb-fanout-2014-3,21400373,"ValueError: starter solution requires missing in-period lineup transition game=21400373 period=2 team=1610612762: starters=[202683, 202692, 203497, 203957, 204060] violations=[{'kind': 'participant', 'event_num': 268, 'player_id': 202344, 'event_type': 6}]"
2014-15,3,treb-fanout-2014-3,21400380,"ValueError: starter solution requires missing in-period lineup transition game=21400380 period=3 team=1610612740: starters=[201600, 201950, 202337, 203076, 203085] violations=[{'kind': 'participant', 'event_num': 317, 'player_id': 203085, 'event_type': 6}]"
2014-15,3,treb-fanout-2014-3,21400391,"ValueError: starter solution requires missing in-period lineup transition game=21400391 period=4 team=1610612746: starters=[2037, 200770, 201175, 201604, 201933] violations=[{'kind': 'participant', 'event_num': 413, 'player_id': 2440, 'event_type': 6}]"
2014-15,4,treb-fanout-2014-4,21400424,"ValueError: non-unique v3/team-local starter solution game=21400424 period=5 team=1610612757: candidates=[2549, 2581, 2748, 200746, 202083, 203080, 203081] prior=[2581, 200746, 202083, 203081, 203459] best_score=0 solutions=[[2549, 2748, 200746, 202083, 203081], [2581, 2748, 200746, 202083, 203081], [2748, 200746, 202083, 203080, 203081]]"
2014-15,4,treb-fanout-2014-4,21400436,"ValueError: starter solution requires missing in-period lineup transition game=21400436 period=2 team=1610612763: starters=[1713, 2419, 2757, 201585, 202347] violations=[{'kind': 'participant', 'event_num': 248, 'player_id': 2754, 'event_type': 6}]"
2014-15,4,treb-fanout-2014-4,21400443,"ValueError: starter solution requires missing in-period lineup transition game=21400443 period=3 team=1610612761: starters=[101161, 200768, 201949, 202685, 203082] violations=[{'kind': 'participant', 'event_num': 373, 'player_id': 200768, 'event_type': 6}]"
2014-15,4,treb-fanout-2014-4,21400489,"ValueError: starter solution requires missing in-period lineup transition game=21400489 period=2 team=1610612760: starters=[2555, 2570, 201627, 202704, 203103] violations=[{'kind': 'participant', 'event_num': 236, 'player_id': 201142, 'event_type': 6}]"
2014-15,5,treb-fanout-2014-5,21400514,"ValueError: starter solution requires missing in-period lineup transition game=21400514 period=3 team=1610612750: starters=[2590, 201152, 203476, 203498, 203952] violations=[{'kind': 'participant', 'event_num': 289, 'player_id': 2590, 'event_type': 6}]"
2014-15,5,treb-fanout-2014-5,21400520,"ValueError: starter solution requires missing in-period lineup transition game=21400520 period=1 team=1610612749: starters=[2585, 202688, 203114, 203507, 203948] violations=[{'kind': 'participant', 'event_num': 96, 'player_id': 203114, 'event_type': 6}]"
2014-15,5,treb-fanout-2014-5,21400533,"ValueError: starter solution requires missing in-period lineup transition game=21400533 period=4 team=1610612744: starters=[2733, 2738, 101106, 101135, 202691] violations=[{'kind': 'participant', 'event_num': 418, 'player_id': 203110, 'event_type': 6}]"
2014-15,5,treb-fanout-2014-5,21400535,"ValueError: starter solution requires missing in-period lineup transition game=21400535 period=2 team=1610612766: starters=[101131, 202390, 203077, 203148, 203943] violations=[{'kind': 'participant', 'event_num': 125, 'player_id': 202689, 'event_type': 6}]"
2014-15,5,treb-fanout-2014-5,21400549,"ValueError: starter solution requires missing in-period lineup transition game=21400549 period=4 team=1610612752: starters=[101181, 202332, 203501, 203921, 204037] violations=[{'kind': 'participant', 'event_num': 454, 'player_id': 203501, 'event_type': 6}]"
2014-15,5,treb-fanout-2014-5,21400591,"ValueError: starter solution requires missing in-period lineup transition game=21400591 period=3 team=1610612741: starters=[2200, 2550, 201565, 201959, 202710] violations=[{'kind': 'participant', 'event_num': 313, 'player_id': 201149, 'event_type': 6}]"
2014-15,6,treb-fanout-2014-6,21400653,"ValueError: starter solution requires missing in-period lineup transition game=21400653 period=2 team=1610612765: starters=[2406, 201229, 201571, 201975, 203083] violations=[{'kind': 'participant', 'event_num': 131, 'player_id': 201943, 'event_type': 6}]"
2014-15,7,treb-fanout-2014-7,21400715,"ValueError: starter solution requires missing in-period lineup transition game=21400715 period=2 team=1610612756: starters=[101123, 201148, 202694, 202738, 203101] violations=[{'kind': 'participant', 'event_num': 221, 'player_id': 202694, 'event_type': 6}]"
2014-15,7,treb-fanout-2014-7,21400762,"ValueError: non-unique v3/team-local starter solution game=21400762 period=5 team=1610612757: candidates=[2549, 2581, 200746, 201577, 201587, 202083, 203081, 203086, 203468] prior=[2581, 200746, 201587, 202083, 203081] best_score=0 solutions=[[2549, 200746, 201577, 202083, 203081], [2581, 200746, 201577, 202083, 203081], [200746, 201577, 201587, 202083, 203081], [200746, 201577, 202083, 203081, 203086], [200746, 201577, 202083, 203081, 203468]]"
2014-15,7,treb-fanout-2014-7,21400800,"ValueError: starter solution requires missing in-period lineup transition game=21400800 period=3 team=1610612739: starters=[2544, 2747, 202389, 202681, 202684] violations=[{'kind': 'participant', 'event_num': 280, 'player_id': 202389, 'event_type': 6}]"
2014-15,8,treb-fanout-2014-8,21400811,"ValueError: starter solution requires missing in-period lineup transition game=21400811 period=2 team=1610612743: starters=[200751, 201568, 201581, 201589, 203475] violations=[{'kind': 'participant', 'event_num': 183, 'player_id': 201589, 'event_type': 6}]"
2014-15,8,treb-fanout-2014-8,21400816,"ValueError: starter solution requires missing in-period lineup transition game=21400816 period=3 team=1610612766: starters=[2590, 2744, 201945, 203077, 203469] violations=[{'kind': 'participant', 'event_num': 255, 'player_id': 202362, 'event_type': 6}]"
2014-15,8,treb-fanout-2014-8,21400817,"ValueError: starter solution requires missing in-period lineup transition game=21400817 period=2 team=1610612748: starters=[2365, 2736, 201596, 203516, 203894] violations=[{'kind': 'participant', 'event_num': 194, 'player_id': 2365, 'event_type': 6}]"
2014-15,8,treb-fanout-2014-8,21400818,"ValueError: starter solution requires missing in-period lineup transition game=21400818 period=3 team=1610612756: starters=[101123, 200782, 202339, 202693, 203458] violations=[{'kind': 'participant', 'event_num': 308, 'player_id': 202694, 'event_type': 6}]"
2014-15,8,treb-fanout-2014-8,21400819,"ValueError: starter solution requires missing in-period lineup transition game=21400819 period=2 team=1610612761: starters=[201942, 201946, 202335, 202349, 203082] violations=[{'kind': 'participant', 'event_num': 147, 'player_id': 200768, 'event_type': 6}]"
2014-15,8,treb-fanout-2014-8,21400838,"ValueError: starter solution requires missing in-period lineup transition game=21400838 period=1 team=1610612744: starters=[101106, 201939, 202691, 203084, 203110] violations=[{'kind': 'participant', 'event_num': 18, 'player_id': 203110, 'event_type': 6}]"
2014-15,8,treb-fanout-2014-8,21400855,"ValueError: non-unique v3/team-local starter solution game=21400855 period=5 team=1610612756: candidates=[2853, 101123, 200782, 201148, 202339, 202688, 202693, 203458] prior=[200782, 202339, 202688, 202693, 203458] best_score=0 solutions=[[2853, 200782, 202339, 202693, 203458], [101123, 200782, 202339, 202693, 203458], [200782, 201148, 202339, 202693, 203458], [200782, 202339, 202688, 202693, 203458]]"
2014-15,8,treb-fanout-2014-8,21400879,"ValueError: starter solution requires missing in-period lineup transition game=21400879 period=2 team=1610612758: starters=[1889, 2501, 200797, 201956, 203463] violations=[{'kind': 'participant', 'event_num': 198, 'player_id': 200797, 'event_type': 6}]"
2014-15,8,treb-fanout-2014-8,21400883,"ValueError: non-unique v3/team-local starter solution game=21400883 period=5 team=1610612739: candidates=[2544, 2747, 201567, 202389, 202684, 203521] prior=[2544, 2747, 201567, 202684, 203521] best_score=0 solutions=[[2544, 2747, 201567, 202389, 202684], [2544, 2747, 201567, 202684, 203521]]"
2014-15,8,treb-fanout-2014-8,21400892,"ValueError: starter solution requires missing in-period lineup transition game=21400892 period=1 team=1610612745: starters=[2772, 201147, 201976, 202700, 203093] violations=[{'kind': 'participant', 'event_num': 74, 'player_id': 201147, 'event_type': 5}]"
2014-15,9,treb-fanout-2014-9,21400916,"ValueError: non-unique v3/team-local starter solution game=21400916 period=5 team=1610612756: candidates=[101123, 200782, 201977, 202339, 202688, 202693, 202694, 203458, 203462] prior=[200782, 202339, 202688, 202693, 202694] best_score=0 solutions=[[101123, 202339, 202688, 202693, 202694], [200782, 202339, 202688, 202693, 202694], [201977, 202339, 202688, 202693, 202694], [202339, 202688, 202693, 202694, 203458], [202339, 202688, 202693, 202694, 203462]]"
2014-15,9,treb-fanout-2014-9,21400921,"ValueError: starter solution requires missing in-period lineup transition game=21400921 period=2 team=1610612743: starters=[2749, 201581, 201589, 203115, 203914] violations=[{'kind': 'participant', 'event_num': 206, 'player_id': 2749, 'event_type': 6}]"
2014-15,9,treb-fanout-2014-9,21400947,"ValueError: non-unique v3/team-local starter solution game=21400947 period=4 team=1610612740: candidates=[201582, 201967, 202343, 202347, 202690, 203076] prior=[201582, 201967, 202343, 202347, 202708] best_score=0 solutions=[[201582, 201967, 202343, 202347, 202690], [201582, 202343, 202347, 202690, 203076]]"
2014-15,10,treb-fanout-2014-10,21401022,"ValueError: non-unique v3/team-local starter solution game=21401022 period=6 team=1610612751: candidates=[2207, 101114, 101187, 201152, 201572, 202711, 203486, 203900, 203928] prior=[2207, 101127, 201152, 201572, 202711] best_score=0 solutions=[[2207, 101114, 101187, 201152, 201572], [2207, 101114, 201152, 201572, 202711], [2207, 101114, 201152, 201572, 203486], [2207, 101114, 201152, 201572, 203900], [2207, 101114, 201152, 201572, 203928]]"
2014-15,10,treb-fanout-2014-10,21401048,"ValueError: starter solution requires missing in-period lineup transition game=21401048 period=2 team=1610612754: starters=[2449, 101133, 101139, 201228, 204014] violations=[{'kind': 'participant', 'event_num': 163, 'player_id': 201579, 'event_type': 6}]"
2014-15,10,treb-fanout-2014-10,21401065,"ValueError: starter solution requires missing in-period lineup transition game=21401065 period=4 team=1610612761: starters=[101150, 101161, 201949, 202335, 202349] violations=[{'kind': 'participant', 'event_num': 327, 'player_id': 201942, 'event_type': 6}]"
2014-15,10,treb-fanout-2014-10,21401066,"ValueError: starter solution requires missing in-period lineup transition game=21401066 period=3 team=1610612763: starters=[2216, 2754, 201144, 201188, 201584] violations=[{'kind': 'participant', 'event_num': 278, 'player_id': 1713, 'event_type': 6}, {'kind': 'participant', 'event_num': 279, 'player_id': 1713, 'event_type': 6}]"
2014-15,10,treb-fanout-2014-10,21401073,"ValueError: starter solution requires missing in-period lineup transition game=21401073 period=3 team=1610612754: starters=[2449, 101139, 201579, 201588, 203524] violations=[{'kind': 'participant', 'event_num': 374, 'player_id': 203524, 'event_type': 6}]"
2015-16,0,treb-fanout-2015-0,21500025,"ValueError: non-unique v3/team-local starter solution game=21500025 period=5 team=1610612765: candidates=[2581, 101141, 201229, 202694, 202704, 203083, 203382, 203484, 203493] prior=[201229, 202694, 202704, 203083, 203484] best_score=0 solutions=[[2581, 201229, 202694, 202704, 203083], [101141, 201229, 202694, 202704, 203083], [201229, 202694, 202704, 203083, 203382], [201229, 202694, 202704, 203083, 203484], [201229, 202694, 202704, 203083, 203493]]"
2015-16,0,treb-fanout-2015-0,21500034,"ValueError: starter solution requires missing in-period lineup transition game=21500034 period=3 team=1610612764: starters=[2743, 101162, 202322, 203078, 203490] violations=[{'kind': 'participant', 'event_num': 452, 'player_id': 2403, 'event_type': 6}]"
2015-16,0,treb-fanout-2015-0,21500057,"ValueError: starter solution requires missing in-period lineup transition game=21500057 period=3 team=1610612742: starters=[1717, 2585, 101109, 101114, 202083] violations=[{'kind': 'participant', 'event_num': 359, 'player_id': 2585, 'event_type': 6}]"
2015-16,0,treb-fanout-2015-0,21500082,"ValueError: starter solution requires missing in-period lineup transition game=21500082 period=1 team=1610612756: starters=[2199, 200782, 202339, 202688, 202693] violations=[{'kind': 'participant', 'event_num': 36, 'player_id': 202693, 'event_type': 6}]"
2015-16,0,treb-fanout-2015-0,21500098,"ValueError: starter solution requires missing in-period lineup transition game=21500098 period=2 team=1610612765: starters=[2581, 201229, 202694, 203382, 1626169] violations=[{'kind': 'participant', 'event_num': 245, 'player_id': 202694, 'event_type': 6}]"
2015-16,1,treb-fanout-2015-1,21500117,"ValueError: starter solution requires missing in-period lineup transition game=21500117 period=4 team=1610612737: starters=[2594, 200757, 201143, 201168, 203471] violations=[{'kind': 'participant', 'event_num': 409, 'player_id': 203145, 'event_type': 6}]"
2015-16,1,treb-fanout-2015-1,21500152,"ValueError: starter solution requires missing in-period lineup transition game=21500152 period=2 team=1610612742: starters=[101109, 101111, 200826, 202718, 203939] violations=[{'kind': 'participant', 'event_num': 237, 'player_id': 1717, 'event_type': 6}]"
2015-16,1,treb-fanout-2015-1,21500171,"ValueError: starter solution requires missing in-period lineup transition game=21500171 period=1 team=1610612740: starters=[201569, 201582, 201583, 202087, 202397] violations=[{'kind': 'participant', 'event_num': 69, 'player_id': 2570, 'event_type': 6}]"
2015-16,2,treb-fanout-2015-2,21500201,ValueError: unmatched PBP rebound rows game=21500201: 1
2015-16,2,treb-fanout-2015-2,21500225,"ValueError: starter solution requires missing in-period lineup transition game=21500225 period=3 team=1610612740: starters=[201569, 201600, 201950, 202087, 203076] violations=[{'kind': 'participant', 'event_num': 319, 'player_id': 202087, 'event_type': 6}]"
2015-16,2,treb-fanout-2015-2,21500230,"ValueError: starter solution requires missing in-period lineup transition game=21500230 period=2 team=1610612748: starters=[2547, 2617, 101123, 204020, 1626159] violations=[{'kind': 'participant', 'event_num': 167, 'player_id': 101123, 'event_type': 6}]"
2015-16,2,treb-fanout-2015-2,21500238,"ValueError: starter solution requires missing in-period lineup transition game=21500238 period=3 team=1610612740: starters=[201569, 201600, 201950, 202087, 203076] violations=[{'kind': 'participant', 'event_num': 377, 'player_id': 2570, 'event_type': 6}]"
2015-16,2,treb-fanout-2015-2,21500256,"ValueError: starter solution requires missing in-period lineup transition game=21500256 period=2 team=1610612760: starters=[2555, 201571, 201627, 202683, 203079] violations=[{'kind': 'participant', 'event_num': 232, 'player_id': 203460, 'event_type': 6}]"
2015-16,2,treb-fanout-2015-2,21500259,"ValueError: starter solution requires missing in-period lineup transition game=21500259 period=1 team=1610612744: starters=[101106, 201575, 201939, 202691, 203110] violations=[{'kind': 'participant', 'event_num': 118, 'player_id': 2738, 'event_type': 6}]"
2015-16,2,treb-fanout-2015-2,21500274,"ValueError: starter solution requires missing in-period lineup transition game=21500274 period=3 team=1610612745: starters=[2730, 2772, 201935, 201976, 203991] violations=[{'kind': 'participant', 'event_num': 374, 'player_id': 201976, 'event_type': 6}]"
2015-16,3,treb-fanout-2015-3,21500357,"ValueError: starter solution requires missing in-period lineup transition game=21500357 period=3 team=1610612761: starters=[2449, 200768, 201942, 202687, 203082] violations=[{'kind': 'participant', 'event_num': 326, 'player_id': 200768, 'event_type': 6}]"
2015-16,3,treb-fanout-2015-3,21500359,"ValueError: non-unique v3/team-local starter solution game=21500359 period=5 team=1610612765: candidates=[2581, 101141, 201229, 202694, 202704, 203083, 203484, 1626169] prior=[201229, 202694, 202704, 203083, 203484] best_score=0 solutions=[[2581, 201229, 202704, 203083, 203484], [101141, 201229, 202704, 203083, 203484], [201229, 202694, 202704, 203083, 203484], [201229, 202704, 203083, 203484, 1626169]]"
2015-16,3,treb-fanout-2015-3,21500371,"ValueError: starter solution requires missing in-period lineup transition game=21500371 period=3 team=1610612742: starters=[1717, 2585, 101109, 101114, 202083] violations=[{'kind': 'participant', 'event_num': 324, 'player_id': 1717, 'event_type': 6}]"
2015-16,3,treb-fanout-2015-3,21500385,"ValueError: starter solution requires missing in-period lineup transition game=21500385 period=3 team=1610612747: starters=[977, 101150, 201579, 203903, 1626204] violations=[{'kind': 'participant', 'event_num': 303, 'player_id': 1626156, 'event_type': 6}]"
2015-16,4,treb-fanout-2015-4,21500408,"ValueError: starter solution requires missing in-period lineup transition game=21500408 period=2 team=1610612758: starters=[200752, 200765, 201158, 201585, 201954] violations=[{'kind': 'participant', 'event_num': 203, 'player_id': 202326, 'event_type': 6}]"
2015-16,4,treb-fanout-2015-4,21500411,"ValueError: starter solution requires missing in-period lineup transition game=21500411 period=1 team=1610612750: starters=[2419, 201937, 203476, 203952, 1626157] violations=[{'kind': 'participant', 'event_num': 34, 'player_id': 1889, 'event_type': 6}]"
2015-16,4,treb-fanout-2015-4,21500415,"ValueError: starter solution requires missing in-period lineup transition game=21500415 period=1 team=1610612745: starters=[2730, 2772, 201935, 201976, 203991] violations=[{'kind': 'participant', 'event_num': 104, 'player_id': 2730, 'event_type': 6}]"
2015-16,4,treb-fanout-2015-4,21500427,"ValueError: starter solution requires missing in-period lineup transition game=21500427 period=2 team=1610612763: starters=[1713, 2216, 2754, 201596, 203210] violations=[{'kind': 'participant', 'event_num': 149, 'player_id': 201596, 'event_type': 6}, {'kind': 'participant', 'event_num': 150, 'player_id': 201596, 'event_type': 6}]"
2015-16,4,treb-fanout-2015-4,21500484,"ValueError: starter solution requires missing in-period lineup transition game=21500484 period=3 team=1610612749: starters=[202328, 203114, 203487, 203507, 203953] violations=[{'kind': 'participant', 'event_num': 377, 'player_id': 202328, 'event_type': 6}]"
2015-16,5,treb-fanout-2015-5,21500515,"ValueError: non-unique v3/team-local starter solution game=21500515 period=5 team=1610612748: candidates=[2365, 2405, 2547, 2548, 2736, 2757, 101123, 201609, 204020, 1626159] prior=[2547, 2548, 101123, 201609, 204020] best_score=0 solutions=[[2365, 2547, 2548, 204020, 1626159], [2405, 2547, 2548, 204020, 1626159], [2547, 2548, 2736, 204020, 1626159], [2547, 2548, 2757, 204020, 1626159], [2547, 2548, 101123, 204020, 1626159], [2547, 2548, 201609, 204020, 1626159]]"
2015-16,5,treb-fanout-2015-5,21500523,"ValueError: non-unique v3/team-local starter solution game=21500523 period=6 team=1610612742: candidates=[1717, 101109, 101114, 200826, 201580, 202083, 202718] prior=[1717, 2585, 2734, 101114, 202083] best_score=0 solutions=[[1717, 101109, 101114, 200826, 201580], [1717, 101109, 101114, 201580, 202083], [1717, 101109, 101114, 201580, 202718]]"
2015-16,5,treb-fanout-2015-5,21500587,"ValueError: non-unique v3/team-local starter solution game=21500587 period=5 team=1610612755: candidates=[201171, 202397, 203138, 203457, 203496, 203917, 203960, 1626158] prior=[202397, 203138, 203457, 203960, 204456] best_score=0 solutions=[[201171, 202397, 203457, 203917, 203960], [202397, 203138, 203457, 203917, 203960], [202397, 203457, 203496, 203917, 203960], [202397, 203457, 203917, 203960, 1626158]]"
2015-16,6,treb-fanout-2015-6,21500619,"ValueError: starter solution requires missing in-period lineup transition game=21500619 period=3 team=1610612765: starters=[101141, 202694, 202704, 203083, 203484] violations=[{'kind': 'participant', 'event_num': 301, 'player_id': 203083, 'event_type': 6}]"
2015-16,6,treb-fanout-2015-6,21500624,"ValueError: non-unique v3/team-local starter solution game=21500624 period=5 team=1610612746: candidates=[1718, 2037, 101108, 200755, 201599, 201601, 202325, 202332, 203085, 203143] prior=[101108, 200755, 201599, 201601, 203085] best_score=0 solutions=[[1718, 2037, 101108, 200755, 201599], [2037, 101108, 200755, 201599, 201601], [2037, 101108, 200755, 201599, 202325], [2037, 101108, 200755, 201599, 202332], [2037, 101108, 200755, 201599, 203085], [2037, 101108, 200755, 201599, 203143]]"
2015-16,6,treb-fanout-2015-6,21500625,"ValueError: starter solution requires missing in-period lineup transition game=21500625 period=3 team=1610612748: starters=[2547, 2548, 2736, 202355, 204020] violations=[{'kind': 'participant', 'event_num': 336, 'player_id': 2548, 'event_type': 6}]"
2015-16,6,treb-fanout-2015-6,21500643,"ValueError: starter solution requires missing in-period lineup transition game=21500643 period=3 team=1610612758: starters=[200765, 201956, 202326, 203463, 1626161] violations=[{'kind': 'participant', 'event_num': 386, 'player_id': 202326, 'event_type': 6}]"
2015-16,6,treb-fanout-2015-6,21500652,"ValueError: starter solution requires missing in-period lineup transition game=21500652 period=1 team=1610612754: starters=[101145, 201941, 202331, 203524, 203922] violations=[{'kind': 'participant', 'event_num': 56, 'player_id': 203524, 'event_type': 6}]"
2015-16,6,treb-fanout-2015-6,21500674,"ValueError: non-unique v3/team-local starter solution game=21500674 period=5 team=1610612758: candidates=[200752, 200765, 201158, 201585, 201954, 202326, 203463, 1626161] prior=[200752, 200765, 201954, 202326, 1626161] best_score=0 solutions=[[200752, 200765, 201954, 202326, 1626161], [200765, 201158, 201954, 202326, 1626161], [200765, 201585, 201954, 202326, 1626161], [200765, 201954, 202326, 203463, 1626161]]"
2015-16,7,treb-fanout-2015-7,21500721,"ValueError: non-unique v3/team-local starter solution game=21500721 period=5 team=1610612739: candidates=[2210, 2544, 2747, 201567, 202389, 202681, 202684] prior=[2544, 2747, 202684, 202697, 203521] best_score=0 solutions=[[2210, 2544, 201567, 202681, 202684], [2544, 2747, 201567, 202681, 202684], [2544, 201567, 202389, 202681, 202684]]"
2015-16,7,treb-fanout-2015-7,21500739,"ValueError: starter solution requires missing in-period lineup transition game=21500739 period=2 team=1610612764: starters=[2400, 2403, 201196, 202390, 203078] violations=[{'kind': 'participant', 'event_num': 288, 'player_id': 202322, 'event_type': 6}]"
2015-16,7,treb-fanout-2015-7,21500755,"ValueError: starter solution requires missing in-period lineup transition game=21500755 period=3 team=1610612738: starters=[101161, 202340, 202738, 203096, 203109] violations=[{'kind': 'participant', 'event_num': 347, 'player_id': 202738, 'event_type': 6}]"
2015-16,8,treb-fanout-2015-8,21500814,"ValueError: starter solution requires missing in-period lineup transition game=21500814 period=3 team=1610612756: starters=[200782, 202720, 203141, 203462, 1626164] violations=[{'kind': 'participant', 'event_num': 423, 'player_id': 101179, 'event_type': 6}]"
2015-16,8,treb-fanout-2015-8,21500883,"ValueError: starter solution requires missing in-period lineup transition game=21500883 period=4 team=1610612752: starters=[2546, 2756, 202682, 204001, 204038] violations=[{'kind': 'participant', 'event_num': 520, 'player_id': 201577, 'event_type': 6}]"
2015-16,9,treb-fanout-2015-9,21500916,"ValueError: non-unique v3/team-local starter solution game=21500916 period=5 team=1610612757: candidates=[201945, 202329, 202334, 203081, 203086, 203090, 203148, 203459, 203468, 203486, 203943] prior=[201945, 203081, 203086, 203459, 203468] best_score=0 solutions=[[201945, 202329, 202334, 203081, 203086], [201945, 202329, 202334, 203081, 203090], [201945, 202329, 202334, 203081, 203148], [201945, 202329, 202334, 203081, 203459], [201945, 202329, 202334, 203081, 203468], [201945, 202329, 202334, 203081, 203486], [201945, 202329, 202334, 203081, 203943], [201945, 202329, 202334, 203086, 203090], [201945, 202329, 202334, 203086, 203148], [201945, 202329, 202334, 203086, 203459]]"
2015-16,9,treb-fanout-2015-9,21500963,"ValueError: starter solution requires missing in-period lineup transition game=21500963 period=3 team=1610612765: starters=[202694, 202699, 202704, 203083, 203484] violations=[{'kind': 'participant', 'event_num': 338, 'player_id': 203083, 'event_type': 6}]"
2015-16,9,treb-fanout-2015-9,21500976,"ValueError: starter solution requires missing in-period lineup transition game=21500976 period=2 team=1610612765: starters=[2581, 202694, 203382, 203493, 1626169] violations=[{'kind': 'participant', 'event_num': 250, 'player_id': 202694, 'event_type': 6}]"
2015-16,9,treb-fanout-2015-9,21500988,"ValueError: starter solution requires missing in-period lineup transition game=21500988 period=2 team=1610612742: starters=[1717, 2734, 101135, 200826, 1626147] violations=[{'kind': 'participant', 'event_num': 203, 'player_id': 1626147, 'event_type': 6}]"
2015-16,9,treb-fanout-2015-9,21500999,"ValueError: starter solution requires missing in-period lineup transition game=21500999 period=4 team=1610612751: starters=[202711, 203080, 203499, 203900, 203930] violations=[{'kind': 'participant', 'event_num': 540, 'player_id': 201152, 'event_type': 6}]"
2015-16,10,treb-fanout-2015-10,21501100,"ValueError: starter solution requires missing in-period lineup transition game=21501100 period=4 team=1610612763: starters=[1713, 2440, 202362, 203492, 1626185] violations=[{'kind': 'participant', 'event_num': 475, 'player_id': 2754, 'event_type': 6}]"
2015-16,11,treb-fanout-2015-11,21501106,"ValueError: starter solution requires missing in-period lineup transition game=21501106 period=4 team=1610612738: starters=[202323, 202340, 203092, 203482, 1626179] violations=[{'kind': 'participant', 'event_num': 444, 'player_id': 202738, 'event_type': 6}]"
2015-16,11,treb-fanout-2015-11,21501133,"ValueError: starter solution requires missing in-period lineup transition game=21501133 period=4 team=1610612749: starters=[202349, 203089, 203101, 203507, 203898] violations=[{'kind': 'participant', 'event_num': 375, 'player_id': 203089, 'event_type': 6}]"
2015-16,11,treb-fanout-2015-11,21501134,"ValueError: starter solution requires missing in-period lineup transition game=21501134 period=2 team=1610612750: starters=[202357, 203498, 203897, 203952, 1626157] violations=[{'kind': 'participant', 'event_num': 194, 'player_id': 203952, 'event_type': 6}]"
2015-16,11,treb-fanout-2015-11,21501147,"ValueError: starter solution requires missing in-period lineup transition game=21501147 period=1 team=1610612764: starters=[101162, 202322, 202693, 203078, 203490] violations=[{'kind': 'participant', 'event_num': 59, 'player_id': 202322, 'event_type': 6}]"
2015-16,11,treb-fanout-2015-11,21501162,"ValueError: starter solution requires missing in-period lineup transition game=21501162 period=4 team=1610612758: starters=[200765, 202341, 203112, 203463, 203961] violations=[{'kind': 'participant', 'event_num': 447, 'player_id': 203112, 'event_type': 6}]"
2015-16,11,treb-fanout-2015-11,21501171,ValueError: unmatched PBP rebound rows game=21501171: 1
2015-16,11,treb-fanout-2015-11,21501194,"ValueError: starter solution requires missing in-period lineup transition game=21501194 period=3 team=1610612764: starters=[101162, 201196, 201977, 202693, 203490] violations=[{'kind': 'participant', 'event_num': 366, 'player_id': 202693, 'event_type': 6}]"
2015-16,11,treb-fanout-2015-11,21501195,"ValueError: starter solution requires missing in-period lineup transition game=21501195 period=2 team=1610612745: starters=[1891, 201147, 201563, 201976, 203991] violations=[{'kind': 'participant', 'event_num': 122, 'player_id': 2772, 'event_type': 6}]"
2015-16,11,treb-fanout-2015-11,21501197,"ValueError: non-unique v3/team-local starter solution game=21501197 period=5 team=1610612749: candidates=[202349, 203089, 203101, 203114, 203507, 203898, 203948, 203953, 1626173] prior=[203101, 203114, 203507, 203898, 203953] best_score=0 solutions=[[202349, 203101, 203114, 203507, 203953], [203089, 203101, 203114, 203507, 203953], [203101, 203114, 203507, 203898, 203953], [203101, 203114, 203507, 203948, 203953], [203101, 203114, 203507, 203953, 1626173]]"
2016-17,0,treb-fanout-2016-0,21600024,"ValueError: starter solution requires missing in-period lineup transition game=21600024 period=3 team=1610612747: starters=[2736, 201156, 202389, 203944, 1626156] violations=[{'kind': 'participant', 'event_num': 320, 'player_id': 202389, 'event_type': 6}]"
2016-17,0,treb-fanout-2016-0,21600049,"ValueError: non-unique v3/team-local starter solution game=21600049 period=5 team=1610612748: candidates=[2617, 201609, 201949, 202337, 202355, 203079, 203186, 203585, 204020, 1626159] prior=[201609, 202355, 203079, 204020, 1626159] best_score=0 solutions=[[2617, 201609, 202355, 204020, 1626159], [201609, 201949, 202355, 204020, 1626159], [201609, 202337, 202355, 204020, 1626159], [201609, 202355, 203079, 204020, 1626159], [201609, 202355, 203186, 204020, 1626159], [201609, 202355, 203585, 204020, 1626159]]"
2016-17,1,treb-fanout-2016-1,21600109,"ValueError: starter solution requires missing in-period lineup transition game=21600109 period=3 team=1610612753: starters=[201586, 202696, 203095, 203901, 203932] violations=[{'kind': 'participant', 'event_num': 347, 'player_id': 201586, 'event_type': 6}]"
2016-17,1,treb-fanout-2016-1,21600125,"ValueError: starter solution requires missing in-period lineup transition game=21600125 period=3 team=1610612752: starters=[201149, 201565, 201584, 203200, 204001] violations=[{'kind': 'participant', 'event_num': 425, 'player_id': 201149, 'event_type': 6}]"
2016-17,1,treb-fanout-2016-1,21600165,"ValueError: starter solution requires missing in-period lineup transition game=21600165 period=2 team=1610612761: starters=[200768, 202335, 202709, 203082, 1627783] violations=[{'kind': 'participant', 'event_num': 265, 'player_id': 200768, 'event_type': 6}]"
2016-17,1,treb-fanout-2016-1,21600191,"ValueError: starter solution requires missing in-period lineup transition game=21600191 period=3 team=1610612749: starters=[203089, 203503, 203507, 203521, 203953] violations=[{'kind': 'participant', 'event_num': 334, 'player_id': 203089, 'event_type': 6}]"
2016-17,2,treb-fanout-2016-2,21600218,"ValueError: starter solution requires missing in-period lineup transition game=21600218 period=3 team=1610612748: starters=[201609, 202355, 202682, 203079, 1626196] violations=[{'kind': 'participant', 'event_num': 338, 'player_id': 203079, 'event_type': 6}]"
2016-17,2,treb-fanout-2016-2,21600246,"ValueError: starter solution requires missing in-period lineup transition game=21600246 period=1 team=1610612756: starters=[2199, 200782, 202339, 1626164, 1627737] violations=[{'kind': 'participant', 'event_num': 49, 'player_id': 1627737, 'event_type': 6}]"
2016-17,2,treb-fanout-2016-2,21600253,"ValueError: non-unique v3/team-local starter solution game=21600253 period=4 team=1610612758: candidates=[2440, 201167, 201585, 201951, 201956, 202066, 202326] prior=[2440, 200752, 201167, 201951, 202326] best_score=0 solutions=[[2440, 201167, 201951, 201956, 202326], [2440, 201585, 201951, 201956, 202326], [2440, 201951, 201956, 202066, 202326]]"
2016-17,2,treb-fanout-2016-2,21600270,"ValueError: starter solution requires missing in-period lineup transition game=21600270 period=3 team=1610612764: starters=[101162, 202322, 202693, 203078, 203490] violations=[{'kind': 'participant', 'event_num': 348, 'player_id': 202693, 'event_type': 6}]"
2016-17,2,treb-fanout-2016-2,21600298,"ValueError: starter solution requires missing in-period lineup transition game=21600298 period=2 team=1610612748: starters=[201949, 201961, 203186, 203585, 204020] violations=[{'kind': 'participant', 'event_num': 187, 'player_id': 204020, 'event_type': 6}]"
2016-17,3,treb-fanout-2016-3,21600308,"ValueError: starter solution requires missing in-period lineup transition game=21600308 period=1 team=1610612741: starters=[2548, 201577, 201959, 202710, 1626170] violations=[{'kind': 'participant', 'event_num': 59, 'player_id': 2548, 'event_type': 6}]"
2016-17,3,treb-fanout-2016-3,21600328,"ValueError: starter solution requires missing in-period lineup transition game=21600328 period=2 team=1610612742: starters=[101114, 203084, 203939, 1626147, 1626780] violations=[{'kind': 'participant', 'event_num': 222, 'player_id': 1626257, 'event_type': 6}]"
2016-17,3,treb-fanout-2016-3,21600344,"ValueError: starter solution requires missing in-period lineup transition game=21600344 period=4 team=1610612756: starters=[2571, 201162, 202688, 203458, 1627733] violations=[{'kind': 'participant', 'event_num': 522, 'player_id': 1626164, 'event_type': 6}]"
2016-17,3,treb-fanout-2016-3,21600359,"ValueError: non-unique v3/team-local starter solution game=21600359 period=5 team=1610612740: candidates=[201582, 201600, 201950, 202130, 202734, 203076, 203093, 203524, 204025, 204038, 1627741, 1627767] prior=[201950, 202734, 203076, 204025, 204038] best_score=0 solutions=[[201582, 201950, 202734, 203076, 204025], [201600, 201950, 202734, 203076, 204025], [201950, 202130, 202734, 203076, 204025], [201950, 202734, 203076, 203093, 204025], [201950, 202734, 203076, 203524, 204025], [201950, 202734, 203076, 204025, 204038], [201950, 202734, 203076, 204025, 1627741], [201950, 202734, 203076, 204025, 1627767]]"
2016-17,4,treb-fanout-2016-4,21600406,"ValueError: starter solution requires missing in-period lineup transition game=21600406 period=2 team=1610612746: starters=[2037, 101109, 201578, 202325, 203085] violations=[{'kind': 'participant', 'event_num': 238, 'player_id': 203085, 'event_type': 6}]"
2016-17,4,treb-fanout-2016-4,21600417,"ValueError: starter solution requires missing in-period lineup transition game=21600417 period=3 team=1610612742: starters=[101114, 202083, 203084, 1626257, 1627827] violations=[{'kind': 'participant', 'event_num': 332, 'player_id': 202083, 'event_type': 6}]"
2016-17,4,treb-fanout-2016-4,21600425,"ValueError: starter solution requires missing in-period lineup transition game=21600425 period=2 team=1610612745: starters=[201147, 201569, 201583, 201976, 1626155] violations=[{'kind': 'participant', 'event_num': 209, 'player_id': 201976, 'event_type': 6}]"
2016-17,4,treb-fanout-2016-4,21600442,"ValueError: starter solution requires missing in-period lineup transition game=21600442 period=4 team=1610612741: starters=[2548, 202703, 203926, 1626170, 1626245] violations=[{'kind': 'participant', 'event_num': 389, 'player_id': 201959, 'event_type': 6}]"
2016-17,4,treb-fanout-2016-4,21600474,"ValueError: starter solution requires missing in-period lineup transition game=21600474 period=4 team=1610612745: starters=[2403, 201147, 201569, 203898, 1626155] violations=[{'kind': 'participant', 'event_num': 434, 'player_id': 2772, 'event_type': 6}]"
2016-17,5,treb-fanout-2016-5,21600559,"ValueError: non-unique v3/team-local starter solution game=21600559 period=6 team=1610612757: candidates=[202329, 203081, 203086, 203459, 203468, 203486, 203943] prior=[202323, 202329, 203090, 203459, 203486] best_score=0 solutions=[[202329, 203081, 203086, 203468, 203486], [202329, 203081, 203459, 203468, 203486], [202329, 203081, 203468, 203486, 203943]]"
2016-17,5,treb-fanout-2016-5,21600561,"ValueError: starter solution requires missing in-period lineup transition game=21600561 period=4 team=1610612748: starters=[201949, 201961, 203186, 203585, 204020] violations=[{'kind': 'participant', 'event_num': 460, 'player_id': 201949, 'event_type': 6}]"
2016-17,5,treb-fanout-2016-5,21600564,"ValueError: starter solution requires missing in-period lineup transition game=21600564 period=4 team=1610612763: starters=[1713, 2216, 201144, 203210, 203584] violations=[{'kind': 'participant', 'event_num': 448, 'player_id': 203210, 'event_type': 6}]"
2016-17,5,treb-fanout-2016-5,21600566,"ValueError: starter solution requires missing in-period lineup transition game=21600566 period=2 team=1610612758: starters=[2440, 201167, 201585, 201951, 202066] violations=[{'kind': 'participant', 'event_num': 190, 'player_id': 202326, 'event_type': 6}]"
2016-17,6,treb-fanout-2016-6,21600612,"ValueError: starter solution requires missing in-period lineup transition game=21600612 period=4 team=1610612747: starters=[2736, 101150, 203903, 1627742, 1627826] violations=[{'kind': 'participant', 'event_num': 408, 'player_id': 202389, 'event_type': 6}]"
2016-17,6,treb-fanout-2016-6,21600642,"ValueError: starter solution requires missing in-period lineup transition game=21600642 period=2 team=1610612761: starters=[200768, 202709, 203082, 203096, 1627783] violations=[{'kind': 'participant', 'event_num': 232, 'player_id': 200768, 'event_type': 6}]"
2016-17,6,treb-fanout-2016-6,21600685,"ValueError: starter solution requires missing in-period lineup transition game=21600685 period=3 team=1610612763: starters=[2216, 2754, 201144, 201188, 203516] violations=[{'kind': 'participant', 'event_num': 271, 'player_id': 1713, 'event_type': 6}]"
2016-17,6,treb-fanout-2016-6,21600696,"ValueError: starter solution requires missing in-period lineup transition game=21600696 period=2 team=1610612754: starters=[2744, 101145, 201166, 202730, 203922] violations=[{'kind': 'participant', 'event_num': 141, 'player_id': 201166, 'event_type': 6}]"
2016-17,7,treb-fanout-2016-7,21600715,"ValueError: starter solution requires missing in-period lineup transition game=21600715 period=4 team=1610612761: starters=[200768, 202709, 203082, 203096, 1626181] violations=[{'kind': 'participant', 'event_num': 407, 'player_id': 201942, 'event_type': 6}]"
2016-17,7,treb-fanout-2016-7,21600737,"ValueError: starter solution requires missing in-period lineup transition game=21600737 period=1 team=1610612743: starters=[2749, 201568, 202702, 203914, 203994] violations=[{'kind': 'participant', 'event_num': 40, 'player_id': 2749, 'event_type': 6}, {'kind': 'participant', 'event_num': 41, 'player_id': 2749, 'event_type': 6}]"
2016-17,7,treb-fanout-2016-7,21600740,"ValueError: starter solution requires missing in-period lineup transition game=21600740 period=3 team=1610612741: starters=[2548, 201577, 201959, 202710, 1626170] violations=[{'kind': 'participant', 'event_num': 321, 'player_id': 201577, 'event_type': 6}]"
2016-17,9,treb-fanout-2016-9,21600976,"ValueError: non-unique v3/team-local starter solution game=21600976 period=5 team=1610612740: candidates=[201950, 201967, 202326, 202348, 203076, 203138, 203524, 204025] prior=[201950, 201967, 202734, 203076, 203524] best_score=0 solutions=[[201950, 201967, 202326, 202348, 203076], [201950, 201967, 202348, 203076, 203138], [201950, 201967, 202348, 203076, 203524], [201950, 201967, 202348, 203076, 204025]]"
2016-17,10,treb-fanout-2016-10,21601007,"ValueError: starter solution requires missing in-period lineup transition game=21601007 period=3 team=1610612748: starters=[201609, 202337, 202355, 203079, 203585] violations=[{'kind': 'participant', 'event_num': 339, 'player_id': 202337, 'event_type': 6}]"
2016-17,10,treb-fanout-2016-10,21601021,"ValueError: starter solution requires missing in-period lineup transition game=21601021 period=4 team=1610612764: starters=[101133, 201943, 202711, 203490, 1626162] violations=[{'kind': 'participant', 'event_num': 393, 'player_id': 202322, 'event_type': 6}]"
2016-17,11,treb-fanout-2016-11,21601107,"ValueError: starter solution requires missing in-period lineup transition game=21601107 period=2 team=1610612765: starters=[2757, 202694, 202699, 203382, 1626169] violations=[{'kind': 'participant', 'event_num': 142, 'player_id': 202694, 'event_type': 6}]"
2016-17,11,treb-fanout-2016-11,21601123,"ValueError: starter solution requires missing in-period lineup transition game=21601123 period=3 team=1610612747: starters=[201147, 203903, 203944, 204028, 1626156] violations=[{'kind': 'participant', 'event_num': 322, 'player_id': 203944, 'event_type': 6}]"
2016-17,11,treb-fanout-2016-11,21601147,"ValueError: starter solution requires missing in-period lineup transition game=21601147 period=3 team=1610612755: starters=[203967, 204456, 1626147, 1626158, 1627789] violations=[{'kind': 'participant', 'event_num': 329, 'player_id': 203967, 'event_type': 6}]"
2016-17,11,treb-fanout-2016-11,21601185,"ValueError: starter solution requires missing in-period lineup transition game=21601185 period=4 team=1610612762: starters=[2207, 202714, 203497, 203918, 204060] violations=[{'kind': 'participant', 'event_num': 412, 'player_id': 203497, 'event_type': 6}]"
2016-17,11,treb-fanout-2016-11,21601190,"ValueError: starter solution requires missing in-period lineup transition game=21601190 period=3 team=1610612753: starters=[202696, 203082, 203095, 203901, 203932] violations=[{'kind': 'participant', 'event_num': 368, 'player_id': 203082, 'event_type': 6}]"
2017-18,0,treb-fanout-2017-0,21700007,ValueError: unmatched PBP rebound rows game=21700007: 1
2017-18,0,treb-fanout-2017-0,21700009,ValueError: unmatched PBP rebound rows game=21700009: 1
2017-18,0,treb-fanout-2017-0,21700010,ValueError: unmatched PBP rebound rows game=21700010: 1
2017-18,0,treb-fanout-2017-0,21700017,ValueError: unmatched PBP rebound rows game=21700017: 2
2017-18,0,treb-fanout-2017-0,21700020,ValueError: unmatched PBP rebound rows game=21700020: 1
2017-18,0,treb-fanout-2017-0,21700021,ValueError: unmatched PBP rebound rows game=21700021: 1
2017-18,0,treb-fanout-2017-0,21700022,ValueError: unmatched PBP rebound rows game=21700022: 1
2017-18,0,treb-fanout-2017-0,21700024,ValueError: unmatched PBP rebound rows game=21700024: 1
2017-18,0,treb-fanout-2017-0,21700032,ValueError: unmatched PBP rebound rows game=21700032: 2
2017-18,0,treb-fanout-2017-0,21700034,ValueError: unmatched PBP rebound rows game=21700034: 1
2017-18,0,treb-fanout-2017-0,21700042,ValueError: unmatched PBP rebound rows game=21700042: 1
2017-18,0,treb-fanout-2017-0,21700043,ValueError: unmatched PBP rebound rows game=21700043: 1
2017-18,0,treb-fanout-2017-0,21700044,ValueError: unmatched PBP rebound rows game=21700044: 2
2017-18,0,treb-fanout-2017-0,21700052,ValueError: unmatched PBP rebound rows game=21700052: 1
2017-18,0,treb-fanout-2017-0,21700060,ValueError: unmatched PBP rebound rows game=21700060: 1
2017-18,0,treb-fanout-2017-0,21700064,"ValueError: non-unique v3/team-local starter solution game=21700064 period=5 team=1610612764: candidates=[101133, 101162, 201160, 202322, 203078, 203490, 204025, 1626162] prior=[101162, 202322, 203078, 203490, 1626162] best_score=0 solutions=[[101133, 101162, 202322, 203078, 203490], [101162, 201160, 202322, 203078, 203490], [101162, 202322, 203078, 203490, 204025], [101162, 202322, 203078, 203490, 1626162]]"
2017-18,0,treb-fanout-2017-0,21700066,"ValueError: starter solution requires missing in-period lineup transition game=21700066 period=2 team=1610612742: starters=[1717, 200826, 202083, 1626257, 1628372] violations=[{'kind': 'participant', 'event_num': 245, 'player_id': 1717, 'event_type': 6}]"
2017-18,0,treb-fanout-2017-0,21700075,ValueError: unmatched PBP rebound rows game=21700075: 1
2017-18,0,treb-fanout-2017-0,21700077,ValueError: unmatched PBP rebound rows game=21700077: 2
2017-18,0,treb-fanout-2017-0,21700079,ValueError: unmatched PBP rebound rows game=21700079: 3
2017-18,0,treb-fanout-2017-0,21700081,ValueError: unmatched PBP rebound rows game=21700081: 1
2017-18,0,treb-fanout-2017-0,21700085,ValueError: unmatched PBP rebound rows game=21700085: 1
2017-18,1,treb-fanout-2017-1,21700103,ValueError: unmatched PBP rebound rows game=21700103: 1
2017-18,1,treb-fanout-2017-1,21700108,ValueError: unmatched PBP rebound rows game=21700108: 1
2017-18,1,treb-fanout-2017-1,21700109,ValueError: unmatched PBP rebound rows game=21700109: 1
2017-18,1,treb-fanout-2017-1,21700111,ValueError: unmatched PBP rebound rows game=21700111: 1
2017-18,1,treb-fanout-2017-1,21700115,"ValueError: starter solution requires missing in-period lineup transition game=21700115 period=2 team=1610612762: starters=[200757, 201937, 202324, 202327, 203918] violations=[{'kind': 'participant', 'event_num': 246, 'player_id': 201973, 'event_type': 6}]"
2017-18,1,treb-fanout-2017-1,21700126,ValueError: unmatched PBP rebound rows game=21700126: 1
2017-18,1,treb-fanout-2017-1,21700138,ValueError: unmatched PBP rebound rows game=21700138: 1
2017-18,1,treb-fanout-2017-1,21700141,ValueError: unmatched PBP rebound rows game=21700141: 1
2017-18,1,treb-fanout-2017-1,21700150,ValueError: unmatched PBP rebound rows game=21700150: 1
2017-18,1,treb-fanout-2017-1,21700161,ValueError: unmatched PBP rebound rows game=21700161: 1
2017-18,1,treb-fanout-2017-1,21700162,ValueError: unmatched PBP rebound rows game=21700162: 1
2017-18,1,treb-fanout-2017-1,21700164,ValueError: unmatched PBP rebound rows game=21700164: 1
2017-18,1,treb-fanout-2017-1,21700165,"ValueError: starter solution requires missing in-period lineup transition game=21700165 period=2 team=1610612740: starters=[2749, 2754, 201950, 202326, 203121] violations=[{'kind': 'participant', 'event_num': 345, 'player_id': 202326, 'event_type': 6}]"
2017-18,1,treb-fanout-2017-1,21700174,ValueError: unmatched PBP rebound rows game=21700174: 1
2017-18,1,treb-fanout-2017-1,21700178,"ValueError: starter solution requires missing in-period lineup transition game=21700178 period=1 team=1610612746: starters=[201599, 201933, 202325, 203085, 1628414] violations=[{'kind': 'participant', 'event_num': 103, 'player_id': 203085, 'event_type': 6}]"
2017-18,1,treb-fanout-2017-1,21700185,ValueError: unmatched PBP rebound rows game=21700185: 1
2017-18,1,treb-fanout-2017-1,21700195,ValueError: unmatched PBP rebound rows game=21700195: 1
2017-18,2,treb-fanout-2017-2,21700216,"ValueError: starter solution requires missing in-period lineup transition game=21700216 period=4 team=1610612756: starters=[202328, 203584, 1627733, 1628367, 1628455] violations=[{'kind': 'participant', 'event_num': 570, 'player_id': 203933, 'event_type': 6}]"
2017-18,2,treb-fanout-2017-2,21700222,"ValueError: starter solution requires missing in-period lineup transition game=21700222 period=3 team=1610612741: starters=[201577, 203200, 1626170, 1627756, 1628374] violations=[{'kind': 'participant', 'event_num': 380, 'player_id': 201577, 'event_type': 6}]"
2017-18,2,treb-fanout-2017-2,21700231,ValueError: unmatched PBP rebound rows game=21700231: 2
2017-18,2,treb-fanout-2017-2,21700235,ValueError: unmatched PBP rebound rows game=21700235: 2
2017-18,2,treb-fanout-2017-2,21700241,ValueError: unmatched PBP rebound rows game=21700241: 1
2017-18,2,treb-fanout-2017-2,21700243,ValueError: unmatched PBP rebound rows game=21700243: 1
2017-18,2,treb-fanout-2017-2,21700248,ValueError: unmatched PBP rebound rows game=21700248: 1
2017-18,2,treb-fanout-2017-2,21700250,ValueError: unmatched PBP rebound rows game=21700250: 1
2017-18,2,treb-fanout-2017-2,21700262,ValueError: unmatched PBP rebound rows game=21700262: 1
2017-18,2,treb-fanout-2017-2,21700274,ValueError: unmatched PBP rebound rows game=21700274: 1
2017-18,2,treb-fanout-2017-2,21700276,"ValueError: starter solution requires missing in-period lineup transition game=21700276 period=2 team=1610612741: starters=[1626170, 1626171, 1626245, 1627739, 1628469] violations=[{'kind': 'participant', 'event_num': 325, 'player_id': 201577, 'event_type': 6}]"
2017-18,2,treb-fanout-2017-2,21700281,ValueError: unmatched PBP rebound rows game=21700281: 1
2017-18,2,treb-fanout-2017-2,21700298,"ValueError: starter solution requires missing in-period lineup transition game=21700298 period=3 team=1610612739: starters=[2544, 2747, 101181, 201567, 203109] violations=[{'kind': 'participant', 'event_num': 442, 'player_id': 101181, 'event_type': 5}]"
2017-18,2,treb-fanout-2017-2,21700299,ValueError: unmatched PBP rebound rows game=21700299: 1
2017-18,3,treb-fanout-2017-3,21700311,"ValueError: starter solution requires missing in-period lineup transition game=21700311 period=1 team=1610612763: starters=[201188, 201936, 203210, 203463, 1628415] violations=[{'kind': 'participant', 'event_num': 58, 'player_id': 203210, 'event_type': 6}]"
2017-18,3,treb-fanout-2017-3,21700331,ValueError: unmatched PBP rebound rows game=21700331: 1
2017-18,3,treb-fanout-2017-3,21700333,ValueError: unmatched PBP rebound rows game=21700333: 1
2017-18,3,treb-fanout-2017-3,21700338,ValueError: unmatched PBP rebound rows game=21700338: 1
2017-18,3,treb-fanout-2017-3,21700360,"ValueError: starter solution requires missing in-period lineup transition game=21700360 period=3 team=1610612740: starters=[200765, 201950, 201967, 202326, 202734] violations=[{'kind': 'participant', 'event_num': 354, 'player_id': 2754, 'event_type': 6}]"
2017-18,3,treb-fanout-2017-3,21700363,ValueError: unmatched PBP rebound rows game=21700363: 1
2017-18,3,treb-fanout-2017-3,21700366,"ValueError: starter solution requires missing in-period lineup transition game=21700366 period=4 team=1610612745: starters=[2772, 101108, 201569, 201601, 204028] violations=[{'kind': 'participant', 'event_num': 633, 'player_id': 200782, 'event_type': 6}]"
2017-18,3,treb-fanout-2017-3,21700368,ValueError: unmatched PBP rebound rows game=21700368: 1
2017-18,3,treb-fanout-2017-3,21700376,ValueError: unmatched PBP rebound rows game=21700376: 1
2017-18,3,treb-fanout-2017-3,21700377,"ValueError: starter solution requires missing in-period lineup transition game=21700377 period=3 team=1610612766: starters=[2730, 101107, 201587, 202689, 203077] violations=[{'kind': 'participant', 'event_num': 420, 'player_id': 2730, 'event_type': 6}]"
2017-18,4,treb-fanout-2017-4,21700440,"ValueError: starter solution requires missing in-period lineup transition game=21700440 period=1 team=1610612764: starters=[101162, 202322, 202693, 203078, 1626162] violations=[{'kind': 'participant', 'event_num': 119, 'player_id': 202693, 'event_type': 6}]"
2017-18,4,treb-fanout-2017-4,21700471,"ValueError: starter solution requires missing in-period lineup transition game=21700471 period=1 team=1610612752: starters=[101127, 201584, 202498, 202683, 204001] violations=[{'kind': 'participant', 'event_num': 56, 'player_id': 203501, 'event_type': 6}]"
2017-18,4,treb-fanout-2017-4,21700482,"ValueError: non-unique v3/team-local starter solution game=21700482 period=5 team=1610612751: candidates=[201960, 203112, 203459, 203915, 203917, 1627747, 1628386] prior=[201960, 203459, 203915, 1626178, 1627747] best_score=0 solutions=[[201960, 203112, 203915, 1627747, 1628386], [201960, 203459, 203915, 1627747, 1628386], [201960, 203915, 203917, 1627747, 1628386]]"
2017-18,4,treb-fanout-2017-4,21700494,ValueError: unmatched PBP rebound rows game=21700494: 1
2017-18,5,treb-fanout-2017-5,21700504,"ValueError: starter solution requires missing in-period lineup transition game=21700504 period=3 team=1610612756: starters=[2199, 203933, 1626164, 1627737, 1627755] violations=[{'kind': 'participant', 'event_num': 399, 'player_id': 2199, 'event_type': 6}]"
2017-18,5,treb-fanout-2017-5,21700527,"ValueError: starter solution requires missing in-period lineup transition game=21700527 period=3 team=1610612756: starters=[2199, 203933, 1626164, 1627737, 1627755] violations=[{'kind': 'participant', 'event_num': 406, 'player_id': 2199, 'event_type': 6}]"
2017-18,5,treb-fanout-2017-5,21700550,"ValueError: starter solution requires missing in-period lineup transition game=21700550 period=4 team=1610612752: starters=[101127, 201196, 201563, 203124, 204001] violations=[{'kind': 'participant', 'event_num': 551, 'player_id': 202898, 'event_type': 6}]"
2017-18,5,treb-fanout-2017-5,21700553,"ValueError: starter solution requires missing in-period lineup transition game=21700553 period=3 team=1610612763: starters=[201188, 201936, 203210, 1626150, 1628415] violations=[{'kind': 'participant', 'event_num': 338, 'player_id': 2794, 'event_type': 6}]"
2017-18,5,treb-fanout-2017-5,21700558,"ValueError: starter solution requires missing in-period lineup transition game=21700558 period=3 team=1610612748: starters=[201609, 202355, 203482, 204020, 1626196] violations=[{'kind': 'participant', 'event_num': 416, 'player_id': 1787, 'event_type': 6}]"
2017-18,5,treb-fanout-2017-5,21700581,"ValueError: starter solution requires missing in-period lineup transition game=21700581 period=2 team=1610612741: starters=[202703, 1626170, 1626171, 1627835, 1628021] violations=[{'kind': 'participant', 'event_num': 275, 'player_id': 201577, 'event_type': 6}]"
2017-18,5,treb-fanout-2017-5,21700582,"ValueError: starter solution requires missing in-period lineup transition game=21700582 period=1 team=1610612739: starters=[2544, 2747, 201567, 202738, 203109] violations=[{'kind': 'participant', 'event_num': 75, 'player_id': 202738, 'event_type': 6}]"
2017-18,5,treb-fanout-2017-5,21700584,"ValueError: non-unique v3/team-local starter solution game=21700584 period=2 team=1610612740: candidates=[2749, 201967, 202326, 202734, 203121, 203546, 1627767] prior=[2749, 201967, 202326, 202734, 203121] best_score=0 solutions=[[2749, 201967, 202326, 202734, 203121], [2749, 202326, 202734, 203121, 203546], [2749, 202326, 202734, 203121, 1627767]]"
2017-18,5,treb-fanout-2017-5,21700590,"ValueError: starter solution requires missing in-period lineup transition game=21700590 period=1 team=1610612747: starters=[201572, 203484, 203944, 1627742, 1628366] violations=[{'kind': 'participant', 'event_num': 122, 'player_id': 203944, 'event_type': 6}]"
2017-18,5,treb-fanout-2017-5,21700595,"ValueError: starter solution requires missing in-period lineup transition game=21700595 period=2 team=1610612765: starters=[201229, 202779, 203493, 203961, 1628379] violations=[{'kind': 'participant', 'event_num': 649, 'player_id': 203083, 'event_type': 6}]"
2017-18,6,treb-fanout-2017-6,21700605,"ValueError: starter solution requires missing in-period lineup transition game=21700605 period=3 team=1610612762: starters=[201937, 201973, 202327, 204060, 1628378] violations=[{'kind': 'participant', 'event_num': 277, 'player_id': 203918, 'event_type': 6}]"
2017-18,6,treb-fanout-2017-6,21700607,"ValueError: non-unique v3/team-local starter solution game=21700607 period=5 team=1610612752: candidates=[101127, 201563, 201584, 202498, 202683, 203124, 204001, 1627758, 1628373] prior=[101127, 201563, 201584, 203926, 204001] best_score=0 solutions=[[101127, 201563, 201584, 203124, 204001], [101127, 201584, 202498, 203124, 204001], [101127, 201584, 202683, 203124, 204001], [101127, 201584, 203124, 204001, 1627758], [101127, 201584, 203124, 204001, 1628373]]"
2017-18,6,treb-fanout-2017-6,21700633,ValueError: unmatched PBP rebound rows game=21700633: 1
2017-18,6,treb-fanout-2017-6,21700635,"ValueError: non-unique v3/team-local starter solution game=21700635 period=5 team=1610612740: candidates=[200765, 201950, 201967, 202326, 202734, 203076, 203121, 203546] prior=[201950, 202326, 202734, 203076, 203546] best_score=0 solutions=[[200765, 201950, 202326, 202734, 203076], [201950, 201967, 202326, 202734, 203076], [201950, 202326, 202734, 203076, 203121], [201950, 202326, 202734, 203076, 203546]]"
2017-18,6,treb-fanout-2017-6,21700692,"ValueError: non-unique v3/team-local starter solution game=21700692 period=6 team=1610612740: candidates=[2749, 200765, 201950, 201967, 202326, 202734, 203076, 203121] prior=[201950, 202326, 202734, 203121, 203546] best_score=0 solutions=[[2749, 201950, 201967, 202326, 202734], [200765, 201950, 201967, 202326, 202734], [201950, 201967, 202326, 202734, 203076], [201950, 201967, 202326, 202734, 203121]]"
2017-18,7,treb-fanout-2017-7,21700701,"ValueError: starter solution requires missing in-period lineup transition game=21700701 period=2 team=1610612740: starters=[2749, 201967, 202326, 203121, 203546] violations=[{'kind': 'participant', 'event_num': 315, 'player_id': 202326, 'event_type': 6}]"
2017-18,7,treb-fanout-2017-7,21700711,"ValueError: starter solution requires missing in-period lineup transition game=21700711 period=2 team=1610612760: starters=[101109, 202335, 203924, 203962, 1628390] violations=[{'kind': 'participant', 'event_num': 285, 'player_id': 202331, 'event_type': 6}]"
2017-18,7,treb-fanout-2017-7,21700714,"ValueError: starter solution requires missing in-period lineup transition game=21700714 period=3 team=1610612766: starters=[2730, 101107, 201587, 202689, 203077] violations=[{'kind': 'participant', 'event_num': 431, 'player_id': 2730, 'event_type': 6}]"
2017-18,7,treb-fanout-2017-7,21700732,"ValueError: starter solution requires missing in-period lineup transition game=21700732 period=3 team=1610612756: starters=[2199, 203584, 203933, 1626164, 1627737] violations=[{'kind': 'participant', 'event_num': 634, 'player_id': 202328, 'event_type': 6}, {'kind': 'participant', 'event_num': 511, 'player_id': 202328, 'event_type': 6}]"
2017-18,7,treb-fanout-2017-7,21700757,"ValueError: starter solution requires missing in-period lineup transition game=21700757 period=2 team=1610612748: starters=[201961, 203482, 1626159, 1626196, 1628389] violations=[{'kind': 'participant', 'event_num': 262, 'player_id': 201961, 'event_type': 6}]"
2017-18,7,treb-fanout-2017-7,21700758,ValueError: unmatched PBP rebound rows game=21700758: 1
2017-18,8,treb-fanout-2017-8,21700801,"ValueError: starter solution requires missing in-period lineup transition game=21700801 period=3 team=1610612752: starters=[101127, 201563, 201584, 202683, 203501] violations=[{'kind': 'participant', 'event_num': 443, 'player_id': 203501, 'event_type': 6}]"
2017-18,8,treb-fanout-2017-8,21700802,"ValueError: starter solution requires missing in-period lineup transition game=21700802 period=2 team=1610612764: starters=[101133, 201975, 203118, 204025, 1626162] violations=[{'kind': 'participant', 'event_num': 295, 'player_id': 202693, 'event_type': 6}]"
2017-18,8,treb-fanout-2017-8,21700803,"ValueError: starter solution requires missing in-period lineup transition game=21700803 period=4 team=1610612744: starters=[2561, 2733, 2738, 202691, 203110] violations=[{'kind': 'participant', 'event_num': 649, 'player_id': 2738, 'event_type': 6}]"
2017-18,8,treb-fanout-2017-8,21700813,"ValueError: starter solution requires missing in-period lineup transition game=21700813 period=3 team=1610612738: starters=[201143, 202681, 203382, 1627759, 1628369] violations=[{'kind': 'participant', 'event_num': 377, 'player_id': 202694, 'event_type': 6}]"
2017-18,8,treb-fanout-2017-8,21700832,ValueError: unmatched PBP rebound rows game=21700832: 1
2017-18,8,treb-fanout-2017-8,21700848,"ValueError: starter solution requires missing in-period lineup transition game=21700848 period=3 team=1610612749: starters=[202339, 203114, 203503, 203507, 1627748] violations=[{'kind': 'participant', 'event_num': 451, 'player_id': 202339, 'event_type': 6}]"
2017-18,8,treb-fanout-2017-8,21700861,"ValueError: starter solution requires missing in-period lineup transition game=21700861 period=4 team=1610612763: starters=[203463, 1626150, 1626185, 1627738, 1628415] violations=[{'kind': 'participant', 'event_num': 646, 'player_id': 1626150, 'event_type': 6}]"
2017-18,8,treb-fanout-2017-8,21700865,ValueError: unmatched PBP rebound rows game=21700865: 1
2017-18,8,treb-fanout-2017-8,21700881,"ValueError: starter solution requires missing in-period lineup transition game=21700881 period=2 team=1610612746: starters=[101150, 203085, 1626149, 1626155, 1628462] violations=[{'kind': 'participant', 'event_num': 335, 'player_id': 201599, 'event_type': 6}]"
2017-18,8,treb-fanout-2017-8,21700893,"ValueError: non-unique v3/team-local starter solution game=21700893 period=5 team=1610612749: candidates=[202339, 203089, 203092, 203114, 203503, 203507, 203953, 1627748, 1628425] prior=[202339, 203089, 203114, 203503, 203507] best_score=0 solutions=[[202339, 203089, 203114, 203503, 203507], [203089, 203092, 203114, 203503, 203507], [203089, 203114, 203503, 203507, 203953], [203089, 203114, 203503, 203507, 1627748], [203089, 203114, 203503, 203507, 1628425]]"
2017-18,9,treb-fanout-2017-9,21700926,"ValueError: starter solution requires missing in-period lineup transition game=21700926 period=1 team=1610612765: starters=[201933, 202397, 203083, 203493, 203516] violations=[{'kind': 'participant', 'event_num': 102, 'player_id': 201933, 'event_type': 6}]"
2017-18,9,treb-fanout-2017-9,21700932,"ValueError: starter solution requires missing in-period lineup transition game=21700932 period=1 team=1610612749: starters=[1891, 202339, 203089, 203114, 203507] violations=[{'kind': 'participant', 'event_num': 146, 'player_id': 202339, 'event_type': 6}]"
2017-18,9,treb-fanout-2017-9,21700949,"ValueError: starter solution requires missing in-period lineup transition game=21700949 period=4 team=1610612758: starters=[1713, 202066, 1627741, 1627746, 1628412] violations=[{'kind': 'participant', 'event_num': 595, 'player_id': 2216, 'event_type': 6}]"
2017-18,9,treb-fanout-2017-9,21700958,"ValueError: starter solution requires missing in-period lineup transition game=21700958 period=2 team=1610612761: starters=[101139, 1626153, 1627751, 1627783, 1627832] violations=[{'kind': 'participant', 'event_num': 338, 'player_id': 201942, 'event_type': 6}]"
2017-18,9,treb-fanout-2017-9,21700966,"ValueError: starter solution requires missing in-period lineup transition game=21700966 period=2 team=1610612761: starters=[101139, 1626153, 1627751, 1627783, 1627832] violations=[{'kind': 'participant', 'event_num': 248, 'player_id': 201586, 'event_type': 6}]"
2017-18,9,treb-fanout-2017-9,21700983,"ValueError: starter solution requires missing in-period lineup transition game=21700983 period=1 team=1610612747: starters=[201572, 203484, 203944, 1628366, 1628398] violations=[{'kind': 'participant', 'event_num': 96, 'player_id': 203484, 'event_type': 6}]"
2017-18,10,treb-fanout-2017-10,21701032,"ValueError: starter solution requires missing in-period lineup transition game=21701032 period=2 team=1610612746: starters=[101150, 1626149, 1626155, 1628393, 1628462] violations=[{'kind': 'participant', 'event_num': 295, 'player_id': 201599, 'event_type': 6}]"
2017-18,10,treb-fanout-2017-10,21701036,"ValueError: starter solution requires missing in-period lineup transition game=21701036 period=2 team=1610612740: starters=[202703, 203076, 203121, 203546, 203580] violations=[{'kind': 'participant', 'event_num': 208, 'player_id': 200765, 'event_type': 6}]"
2017-18,10,treb-fanout-2017-10,21701053,"ValueError: starter solution requires missing in-period lineup transition game=21701053 period=1 team=1610612763: starters=[203210, 1626150, 1626185, 1627738, 1628415] violations=[{'kind': 'participant', 'event_num': 51, 'player_id': 203210, 'event_type': 6}]"
2017-18,11,treb-fanout-2017-11,21701103,"ValueError: non-unique v3/team-local starter solution game=21701103 period=5 team=1610612752: candidates=[201563, 201584, 202683, 203501, 203504, 1627786, 1628373, 1628436, 1628439] prior=[201563, 201584, 203501, 203504, 1628436] best_score=0 solutions=[[201563, 201584, 203501, 203504, 1628436], [201563, 202683, 203501, 203504, 1628436], [201563, 203501, 203504, 1627786, 1628436], [201563, 203501, 203504, 1628373, 1628436], [201563, 203501, 203504, 1628436, 1628439]]"
2017-18,11,treb-fanout-2017-11,21701136,"ValueError: non-unique v3/team-local starter solution game=21701136 period=5 team=1610612749: candidates=[1891, 201943, 202339, 203114, 203498, 203503, 203507, 1627850, 1628425] prior=[1891, 202339, 203114, 203503, 203507] best_score=0 solutions=[[1891, 202339, 203114, 203503, 203507], [201943, 202339, 203114, 203503, 203507], [202339, 203114, 203498, 203503, 203507], [202339, 203114, 203503, 203507, 1627850], [202339, 203114, 203503, 203507, 1628425]]"
2017-18,11,treb-fanout-2017-11,21701150,"ValueError: starter solution requires missing in-period lineup transition game=21701150 period=2 team=1610612760: starters=[101109, 202331, 202335, 203518, 203924] violations=[{'kind': 'participant', 'event_num': 174, 'player_id': 2546, 'event_type': 6}]"
2017-18,11,treb-fanout-2017-11,21701155,"ValueError: starter solution requires missing in-period lineup transition game=21701155 period=3 team=1610612758: starters=[203992, 1626161, 1627746, 1628368, 1628382] violations=[{'kind': 'participant', 'event_num': 341, 'player_id': 1626161, 'event_type': 6}]"
2017-18,11,treb-fanout-2017-11,21701189,"ValueError: starter solution requires missing in-period lineup transition game=21701189 period=2 team=1610612756: starters=[201162, 1627737, 1627863, 1627885, 1628432] violations=[{'kind': 'participant', 'event_num': 293, 'player_id': 201162, 'event_type': 6}]"
2017-18,11,treb-fanout-2017-11,21701195,"ValueError: starter solution requires missing in-period lineup transition game=21701195 period=2 team=1610612744: starters=[2561, 2738, 201156, 202691, 203110] violations=[{'kind': 'participant', 'event_num': 187, 'player_id': 2738, 'event_type': 6}]"
2017-18,12,treb-fanout-2017-12,21701207,"ValueError: starter solution requires missing in-period lineup transition game=21701207 period=3 team=1610612752: starters=[201563, 202498, 203124, 203504, 1628373] violations=[{'kind': 'participant', 'event_num': 648, 'player_id': 203501, 'event_type': 6}]"
2017-18,12,treb-fanout-2017-12,21701229,ValueError: unmatched PBP rebound rows game=21701229: 1
2018-19,0,treb-fanout-2018-0,21800011,"ValueError: starter solution requires missing in-period lineup transition game=21800011 period=3 team=1610612758: starters=[202357, 1626161, 1627741, 1627812, 1628368] violations=[{'kind': 'participant', 'event_num': 463, 'player_id': 1626161, 'event_type': 6}]"
2018-19,0,treb-fanout-2018-0,21800021,"ValueError: starter solution requires missing in-period lineup transition game=21800021 period=3 team=1610612750: starters=[201952, 201959, 202710, 203952, 1626157] violations=[{'kind': 'participant', 'event_num': 458, 'player_id': 201959, 'event_type': 6}]"
2018-19,0,treb-fanout-2018-0,21800022,ValueError: unmatched PBP rebound rows game=21800022: 1
2018-19,0,treb-fanout-2018-0,21800024,ValueError: unmatched PBP rebound rows game=21800024: 1
2018-19,0,treb-fanout-2018-0,21800068,"ValueError: starter solution requires missing in-period lineup transition game=21800068 period=1 team=1610612744: starters=[201142, 201939, 202691, 203110, 1627745] violations=[{'kind': 'participant', 'event_num': 116, 'player_id': 202326, 'event_type': 6}]"
2018-19,0,treb-fanout-2018-0,21800072,"ValueError: starter solution requires missing in-period lineup transition game=21800072 period=4 team=1610612751: starters=[202334, 203459, 203894, 203915, 203925] violations=[{'kind': 'participant', 'event_num': 719, 'player_id': 202334, 'event_type': 6}]"
2018-19,1,treb-fanout-2018-1,21800128,"ValueError: starter solution requires missing in-period lineup transition game=21800128 period=3 team=1610612737: starters=[203145, 203458, 1627752, 1629016, 1629027] violations=[{'kind': 'participant', 'event_num': 545, 'player_id': 1713, 'event_type': 6}]"
2018-19,1,treb-fanout-2018-1,21800131,ValueError: unmatched PBP rebound rows game=21800131: 1
2018-19,1,treb-fanout-2018-1,21800133,ValueError: unmatched PBP rebound rows game=21800133: 1
2018-19,1,treb-fanout-2018-1,21800143,"ValueError: non-unique v3/team-local starter solution game=21800143 period=6 team=1610612741: candidates=[201577, 203200, 203897, 203953, 1626166, 1626245, 1627853, 1628469, 1628976, 1628990] prior=[201577, 203200, 203897, 1626166, 1626245] best_score=0 solutions=[[201577, 203200, 203897, 203953, 1626166], [201577, 203897, 203953, 1626166, 1626245], [201577, 203897, 203953, 1626166, 1627853], [201577, 203897, 203953, 1626166, 1628469], [201577, 203897, 203953, 1626166, 1628976], [201577, 203897, 203953, 1626166, 1628990]]"
2018-19,1,treb-fanout-2018-1,21800144,ValueError: unmatched PBP rebound rows game=21800144: 1
2018-19,1,treb-fanout-2018-1,21800146,"ValueError: starter solution requires missing in-period lineup transition game=21800146 period=3 team=1610612761: starters=[200768, 201980, 202685, 1627783, 1628384] violations=[{'kind': 'participant', 'event_num': 517, 'player_id': 200768, 'event_type': 6}]"
2018-19,1,treb-fanout-2018-1,21800160,"ValueError: starter solution requires missing in-period lineup transition game=21800160 period=2 team=1610612742: starters=[200826, 202083, 203939, 1627827, 1628467] violations=[{'kind': 'participant', 'event_num': 236, 'player_id': 1626257, 'event_type': 6}]"
2018-19,1,treb-fanout-2018-1,21800183,ValueError: unmatched PBP rebound rows game=21800183: 1
2018-19,2,treb-fanout-2018-2,21800210,"ValueError: starter solution requires missing in-period lineup transition game=21800210 period=2 team=1610612742: starters=[2734, 200826, 203939, 1627827, 1628467] violations=[{'kind': 'participant', 'event_num': 298, 'player_id': 201599, 'event_type': 6}]"
2018-19,2,treb-fanout-2018-2,21800216,"ValueError: non-unique v3/team-local starter solution game=21800216 period=5 team=1610612738: candidates=[201143, 202330, 202681, 202694, 203382, 203935, 1626179, 1627759, 1628369] prior=[201143, 202330, 202694, 203935, 1628369] best_score=0 solutions=[[201143, 202330, 202681, 202694, 1628369], [201143, 202330, 202681, 203382, 1628369], [201143, 202330, 202681, 203935, 1628369], [201143, 202330, 202681, 1626179, 1628369], [201143, 202330, 202681, 1627759, 1628369]]"
2018-19,2,treb-fanout-2018-2,21800240,"ValueError: starter solution requires missing in-period lineup transition game=21800240 period=4 team=1610612765: starters=[2585, 101181, 204038, 1626169, 1629017] violations=[{'kind': 'participant', 'event_num': 533, 'player_id': 202704, 'event_type': 6}]"
2018-19,2,treb-fanout-2018-2,21800262,"ValueError: starter solution requires missing in-period lineup transition game=21800262 period=4 team=1610612763: starters=[201144, 201956, 202705, 203210, 1627782] violations=[{'kind': 'participant', 'event_num': 511, 'player_id': 203210, 'event_type': 6}]"
2018-19,2,treb-fanout-2018-2,21800276,"ValueError: non-unique v3/team-local starter solution game=21800276 period=3 team=1610612743: candidates=[200794, 203914, 203999, 1627736, 1627750, 1627823, 1628399, 1628470, 1629118, 1629152] prior=[203486, 203914, 203999, 1627750, 1627823] best_score=0 solutions=[[200794, 203914, 203999, 1627736, 1627750], [200794, 203914, 203999, 1627750, 1627823], [200794, 203914, 203999, 1627750, 1628399], [200794, 203914, 203999, 1627750, 1628470], [200794, 203914, 203999, 1627750, 1629118], [200794, 203914, 203999, 1627750, 1629152]]"
2018-19,3,treb-fanout-2018-3,21800306,"ValueError: starter solution requires missing in-period lineup transition game=21800306 period=1 team=1610612737: starters=[203473, 1627752, 1628381, 1628989, 1629027] violations=[{'kind': 'participant', 'event_num': 53, 'player_id': 1627752, 'event_type': 6}]"
2018-19,3,treb-fanout-2018-3,21800325,"ValueError: starter solution requires missing in-period lineup transition game=21800325 period=3 team=1610612737: starters=[203473, 1627752, 1628381, 1628989, 1629027] violations=[{'kind': 'participant', 'event_num': 460, 'player_id': 1713, 'event_type': 6}]"
2018-19,3,treb-fanout-2018-3,21800328,"ValueError: starter solution requires missing in-period lineup transition game=21800328 period=4 team=1610612742: starters=[2734, 200826, 202083, 203939, 1627827] violations=[{'kind': 'participant', 'event_num': 665, 'player_id': 200826, 'event_type': 6}]"
2018-19,3,treb-fanout-2018-3,21800337,"ValueError: starter solution requires missing in-period lineup transition game=21800337 period=3 team=1610612756: starters=[2772, 1628367, 1628969, 1629028, 1629059] violations=[{'kind': 'participant', 'event_num': 500, 'player_id': 1628367, 'event_type': 6}]"
2018-19,3,treb-fanout-2018-3,21800340,"ValueError: starter solution requires missing in-period lineup transition game=21800340 period=4 team=1610612763: starters=[201144, 201188, 201956, 202705, 203210] violations=[{'kind': 'participant', 'event_num': 536, 'player_id': 201956, 'event_type': 6}]"
2018-19,3,treb-fanout-2018-3,21800343,"ValueError: starter solution requires missing in-period lineup transition game=21800343 period=3 team=1610612765: starters=[201933, 202704, 203083, 203922, 204038] violations=[{'kind': 'participant', 'event_num': 414, 'player_id': 203083, 'event_type': 6}]"
2018-19,3,treb-fanout-2018-3,21800344,"ValueError: starter solution requires missing in-period lineup transition game=21800344 period=4 team=1610612744: starters=[2733, 201973, 202691, 1626172, 1627814] violations=[{'kind': 'participant', 'event_num': 705, 'player_id': 201939, 'event_type': 6}]"
2018-19,3,treb-fanout-2018-3,21800348,"ValueError: starter solution requires missing in-period lineup transition game=21800348 period=2 team=1610612750: starters=[201565, 203476, 203496, 203967, 1626145] violations=[{'kind': 'participant', 'event_num': 225, 'player_id': 1626157, 'event_type': 6}]"
2018-19,3,treb-fanout-2018-3,21800356,"ValueError: starter solution requires missing in-period lineup transition game=21800356 period=5 team=1610612753: starters=[201571, 202696, 203082, 203095, 203932] violations=[{'kind': 'participant', 'event_num': 641, 'player_id': 203095, 'event_type': 6}]"
2018-19,3,treb-fanout-2018-3,21800363,"ValueError: starter solution requires missing in-period lineup transition game=21800363 period=3 team=1610612740: starters=[201950, 203076, 203524, 203944, 204025] violations=[{'kind': 'participant', 'event_num': 487, 'player_id': 203944, 'event_type': 6}]"
2018-19,3,treb-fanout-2018-3,21800367,"ValueError: starter solution requires missing in-period lineup transition game=21800367 period=1 team=1610612762: starters=[201937, 203109, 203497, 204060, 1628378] violations=[{'kind': 'participant', 'event_num': 36, 'player_id': 203497, 'event_type': 6}]"
2018-19,3,treb-fanout-2018-3,21800371,"ValueError: non-unique v3/team-local starter solution game=21800371 period=5 team=1610612751: candidates=[201162, 202334, 203459, 203915, 203925, 1626156, 1626178, 1628386, 1629066] prior=[201162, 203459, 203915, 203925, 1626156] best_score=0 solutions=[[201162, 203915, 1626156, 1626178, 1628386], [202334, 203915, 1626156, 1626178, 1628386], [203459, 203915, 1626156, 1626178, 1628386], [203915, 203925, 1626156, 1626178, 1628386], [203915, 1626156, 1626178, 1628386, 1629066]]"
2018-19,3,treb-fanout-2018-3,21800388,"ValueError: starter solution requires missing in-period lineup transition game=21800388 period=1 team=1610612761: starters=[200768, 201586, 201980, 202695, 1627783] violations=[{'kind': 'participant', 'event_num': 103, 'player_id': 201586, 'event_type': 5}]"
2018-19,3,treb-fanout-2018-3,21800391,"ValueError: starter solution requires missing in-period lineup transition game=21800391 period=1 team=1610612764: starters=[203078, 203085, 203107, 203490, 1628418] violations=[{'kind': 'participant', 'event_num': 117, 'player_id': 202693, 'event_type': 6}]"
2018-19,3,treb-fanout-2018-3,21800396,"ValueError: starter solution requires missing in-period lineup transition game=21800396 period=3 team=1610612762: starters=[201937, 202324, 203497, 204060, 1628378] violations=[{'kind': 'participant', 'event_num': 532, 'player_id': 203497, 'event_type': 6}]"
2018-19,4,treb-fanout-2018-4,21800431,"ValueError: starter solution requires missing in-period lineup transition game=21800431 period=3 team=1610612765: starters=[201933, 202704, 203083, 203493, 1628379] violations=[{'kind': 'participant', 'event_num': 476, 'player_id': 201933, 'event_type': 6}]"
2018-19,4,treb-fanout-2018-4,21800472,"ValueError: starter solution requires missing in-period lineup transition game=21800472 period=1 team=1610612737: starters=[203145, 203473, 1628381, 1628989, 1629027] violations=[{'kind': 'participant', 'event_num': 103, 'player_id': 1629027, 'event_type': 6}]"
2018-19,4,treb-fanout-2018-4,21800479,"ValueError: starter solution requires missing in-period lineup transition game=21800479 period=4 team=1610612746: starters=[101150, 201976, 203118, 1626149, 1627820] violations=[{'kind': 'participant', 'event_num': 568, 'player_id': 1626149, 'event_type': 6}]"
2018-19,5,treb-fanout-2018-5,21800512,"ValueError: starter solution requires missing in-period lineup transition game=21800512 period=2 team=1610612745: starters=[2403, 101123, 201569, 203085, 1627863] violations=[{'kind': 'participant', 'event_num': 242, 'player_id': 101108, 'event_type': 6}]"
2018-19,5,treb-fanout-2018-5,21800513,"ValueError: starter solution requires missing in-period lineup transition game=21800513 period=4 team=1610612752: starters=[202683, 203943, 1628373, 1628422, 1629019] violations=[{'kind': 'participant', 'event_num': 610, 'player_id': 202683, 'event_type': 6}]"
2018-19,5,treb-fanout-2018-5,21800517,"ValueError: starter solution requires missing in-period lineup transition game=21800517 period=3 team=1610612766: starters=[101107, 201587, 202689, 203087, 203469] violations=[{'kind': 'participant', 'event_num': 373, 'player_id': 201587, 'event_type': 6}]"
2018-19,5,treb-fanout-2018-5,21800523,"ValueError: starter solution requires missing in-period lineup transition game=21800523 period=4 team=1610612740: starters=[203076, 203546, 203944, 204025, 1628402] violations=[{'kind': 'participant', 'event_num': 545, 'player_id': 203524, 'event_type': 6}]"
2018-19,5,treb-fanout-2018-5,21800535,"ValueError: starter solution requires missing in-period lineup transition game=21800535 period=1 team=1610612759: starters=[200746, 200752, 201942, 1627854, 1628401] violations=[{'kind': 'participant', 'event_num': 164, 'player_id': 201942, 'event_type': 6}]"
2018-19,5,treb-fanout-2018-5,21800537,"ValueError: starter solution requires missing in-period lineup transition game=21800537 period=2 team=1610612748: starters=[2548, 202355, 203482, 204020, 1626159] violations=[{'kind': 'participant', 'event_num': 271, 'player_id': 2548, 'event_type': 6}]"
2018-19,5,treb-fanout-2018-5,21800565,"ValueError: non-unique v3/team-local starter solution game=21800565 period=5 team=1610612745: candidates=[200782, 201935, 202688, 203085, 203516, 203991, 1627863, 1629109] prior=[200782, 201935, 203085, 203991, 1627863] best_score=0 solutions=[[200782, 201935, 203085, 203991, 1627863], [201935, 202688, 203085, 203991, 1627863], [201935, 203085, 203516, 203991, 1627863], [201935, 203085, 203991, 1627863, 1629109]]"
2018-19,5,treb-fanout-2018-5,21800569,"ValueError: non-unique v3/team-local starter solution game=21800569 period=5 team=1610612741: candidates=[201577, 203897, 203953, 1627739, 1627853, 1627885, 1628374, 1628469, 1628976] prior=[203897, 1627739, 1628374, 1628469, 1628976] best_score=0 solutions=[[201577, 203897, 1627739, 1627885, 1628374], [203897, 203953, 1627739, 1627885, 1628374], [203897, 1627739, 1627853, 1627885, 1628374], [203897, 1627739, 1627885, 1628374, 1628469], [203897, 1627739, 1627885, 1628374, 1628976]]"
2018-19,5,treb-fanout-2018-5,21800573,"ValueError: starter solution requires missing in-period lineup transition game=21800573 period=2 team=1610612756: starters=[2037, 1626158, 1626162, 1628367, 1629059] violations=[{'kind': 'participant', 'event_num': 285, 'player_id': 1626162, 'event_type': 6}]"
2018-19,5,treb-fanout-2018-5,21800580,"ValueError: starter solution requires missing in-period lineup transition game=21800580 period=3 team=1610612749: starters=[201572, 202339, 203114, 203507, 1627763] violations=[{'kind': 'participant', 'event_num': 421, 'player_id': 201572, 'event_type': 6}]"
2018-19,6,treb-fanout-2018-6,21800607,"ValueError: starter solution requires missing in-period lineup transition game=21800607 period=3 team=1610612754: starters=[201152, 201954, 202711, 203506, 1627734] violations=[{'kind': 'participant', 'event_num': 464, 'player_id': 201152, 'event_type': 6}]"
2018-19,6,treb-fanout-2018-6,21800619,"ValueError: non-unique v3/team-local starter solution game=21800619 period=5 team=1610612760: candidates=[201566, 202331, 202335, 203471, 203924, 1627846, 1628390, 1628977] prior=[201566, 202331, 203471, 203924, 1628390] best_score=0 solutions=[[201566, 202331, 202335, 203471, 203924], [201566, 202331, 203471, 203924, 1627846], [201566, 202331, 203471, 203924, 1628390], [201566, 202331, 203471, 203924, 1628977]]"
2018-19,6,treb-fanout-2018-6,21800620,ValueError: unmatched PBP rebound rows game=21800620: 1
2018-19,6,treb-fanout-2018-6,21800637,"ValueError: starter solution requires missing in-period lineup transition game=21800637 period=4 team=1610612741: starters=[201577, 203953, 1627782, 1627853, 1627885] violations=[{'kind': 'participant', 'event_num': 573, 'player_id': 201577, 'event_type': 6}]"
2018-19,6,treb-fanout-2018-6,21800650,"ValueError: starter solution requires missing in-period lineup transition game=21800650 period=2 team=1610612746: starters=[101150, 201976, 203118, 1626149, 1627820] violations=[{'kind': 'participant', 'event_num': 349, 'player_id': 201976, 'event_type': 6}]"
2018-19,6,treb-fanout-2018-6,21800670,"ValueError: starter solution requires missing in-period lineup transition game=21800670 period=5 team=1610612760: starters=[201566, 202331, 203500, 203924, 1628390] violations=[{'kind': 'participant', 'event_num': 772, 'player_id': 101109, 'event_type': 6}]"
2018-19,6,treb-fanout-2018-6,21800676,"ValueError: starter solution requires missing in-period lineup transition game=21800676 period=2 team=1610612746: starters=[201976, 203118, 1626149, 1627820, 1628983] violations=[{'kind': 'participant', 'event_num': 337, 'player_id': 201976, 'event_type': 6}]"
2018-19,6,treb-fanout-2018-6,21800689,ValueError: unmatched PBP rebound rows game=21800689: 2
2018-19,7,treb-fanout-2018-7,21800705,"ValueError: starter solution requires missing in-period lineup transition game=21800705 period=2 team=1610612756: starters=[2037, 203112, 1626162, 1628367, 1628969] violations=[{'kind': 'participant', 'event_num': 188, 'player_id': 1626164, 'event_type': 6}]"
2018-19,7,treb-fanout-2018-7,21800712,"ValueError: starter solution requires missing in-period lineup transition game=21800712 period=3 team=1610612741: starters=[203897, 1626171, 1627739, 1628374, 1628990] violations=[{'kind': 'participant', 'event_num': 516, 'player_id': 201577, 'event_type': 6}]"
2018-19,7,treb-fanout-2018-7,21800721,"ValueError: starter solution requires missing in-period lineup transition game=21800721 period=2 team=1610612751: starters=[201960, 202334, 1626156, 1626178, 1629066] violations=[{'kind': 'participant', 'event_num': 310, 'player_id': 1626156, 'event_type': 6}]"
2018-19,7,treb-fanout-2018-7,21800778,ValueError: unmatched PBP rebound rows game=21800778: 1
2018-19,8,treb-fanout-2018-8,21800822,"ValueError: starter solution requires missing in-period lineup transition game=21800822 period=4 team=1610612744: starters=[2733, 2738, 202326, 202691, 1626188] violations=[{'kind': 'participant', 'event_num': 577, 'player_id': 203110, 'event_type': 6}]"
2018-19,8,treb-fanout-2018-8,21800836,"ValueError: starter solution requires missing in-period lineup transition game=21800836 period=3 team=1610612756: starters=[204020, 1626164, 1628367, 1628969, 1629028] violations=[{'kind': 'participant', 'event_num': 537, 'player_id': 1628367, 'event_type': 6}]"
2018-19,8,treb-fanout-2018-8,21800840,"ValueError: starter solution requires missing in-period lineup transition game=21800840 period=3 team=1610612765: starters=[201933, 202704, 203083, 204038, 1628971] violations=[{'kind': 'participant', 'event_num': 423, 'player_id': 202704, 'event_type': 6}]"
2018-19,8,treb-fanout-2018-8,21800846,ValueError: unmatched PBP rebound rows game=21800846: 1
2018-19,8,treb-fanout-2018-8,21800850,"ValueError: starter solution requires missing in-period lineup transition game=21800850 period=2 team=1610612763: starters=[101139, 201149, 203998, 1626153, 1628975] violations=[{'kind': 'participant', 'event_num': 271, 'player_id': 201149, 'event_type': 6}]"
2018-19,8,treb-fanout-2018-8,21800881,"ValueError: non-unique v3/team-local starter solution game=21800881 period=5 team=1610612762: candidates=[2594, 200757, 201937, 202324, 203497, 203526, 204060, 1626220, 1628378] prior=[201937, 203109, 203497, 204060, 1628378] best_score=0 solutions=[[2594, 201937, 202324, 203497, 1628378], [200757, 201937, 202324, 203497, 1628378], [201937, 202324, 203497, 203526, 1628378], [201937, 202324, 203497, 204060, 1628378], [201937, 202324, 203497, 1626220, 1628378]]"
2018-19,9,treb-fanout-2018-9,21800920,"ValueError: starter solution requires missing in-period lineup transition game=21800920 period=3 team=1610612758: starters=[203084, 203992, 1626161, 1627741, 1628368] violations=[{'kind': 'participant', 'event_num': 474, 'player_id': 201147, 'event_type': 10}]"
2018-19,9,treb-fanout-2018-9,21800963,"ValueError: starter solution requires missing in-period lineup transition game=21800963 period=2 team=1610612760: starters=[202331, 202693, 203471, 203500, 1627846] violations=[{'kind': 'participant', 'event_num': 282, 'player_id': 203471, 'event_type': 6}]"
2018-19,9,treb-fanout-2018-9,21800983,ValueError: unmatched PBP rebound rows game=21800983: 1
2018-19,9,treb-fanout-2018-9,21800985,"ValueError: starter solution requires missing in-period lineup transition game=21800985 period=1 team=1610612760: starters=[201566, 202331, 203500, 203924, 1628390] violations=[{'kind': 'participant', 'event_num': 79, 'player_id': 202331, 'event_type': 6}]"
2018-19,9,treb-fanout-2018-9,21801000,"ValueError: starter solution requires missing in-period lineup transition game=21801000 period=3 team=1610612744: starters=[201142, 201939, 202326, 202691, 203110] violations=[{'kind': 'participant', 'event_num': 402, 'player_id': 202326, 'event_type': 6}]"
2018-19,10,treb-fanout-2018-10,21801014,"ValueError: starter solution requires missing in-period lineup transition game=21801014 period=3 team=1610612765: starters=[201933, 201961, 202704, 203083, 1628971] violations=[{'kind': 'participant', 'event_num': 378, 'player_id': 202704, 'event_type': 6}]"
2018-19,10,treb-fanout-2018-10,21801025,"ValueError: starter solution requires missing in-period lineup transition game=21801025 period=3 team=1610612742: starters=[1717, 203501, 203939, 1628973, 1629029] violations=[{'kind': 'participant', 'event_num': 401, 'player_id': 1717, 'event_type': 6}]"
2018-19,10,treb-fanout-2018-10,21801036,"ValueError: starter solution requires missing in-period lineup transition game=21801036 period=3 team=1610612756: starters=[1626162, 1626164, 1627733, 1629001, 1629028] violations=[{'kind': 'participant', 'event_num': 529, 'player_id': 1629028, 'event_type': 6}]"
2018-19,10,treb-fanout-2018-10,21801038,"ValueError: starter solution requires missing in-period lineup transition game=21801038 period=4 team=1610612744: starters=[2733, 202326, 202691, 1626188, 1628395] violations=[{'kind': 'participant', 'event_num': 605, 'player_id': 1626188, 'event_type': 6}]"
2018-19,10,treb-fanout-2018-10,21801070,"ValueError: non-unique v3/team-local starter solution game=21801070 period=5 team=1610612763: candidates=[201144, 201149, 202685, 202718, 203200, 203998, 1626153, 1628416] prior=[201144, 202685, 202718, 203200, 1626153] best_score=0 solutions=[[201144, 201149, 202685, 202718, 1626153], [201144, 202685, 202718, 203200, 1626153], [201144, 202685, 202718, 203998, 1626153], [201144, 202685, 202718, 1626153, 1628416]]"
2018-19,10,treb-fanout-2018-10,21801088,"ValueError: starter solution requires missing in-period lineup transition game=21801088 period=1 team=1610612737: starters=[203473, 1627752, 1628381, 1628989, 1629027] violations=[{'kind': 'participant', 'event_num': 118, 'player_id': 1627761, 'event_type': 6}]"
2018-19,11,treb-fanout-2018-11,21801108,ValueError: unmatched PBP rebound rows game=21801108: 1
2018-19,11,treb-fanout-2018-11,21801123,"ValueError: starter solution requires missing in-period lineup transition game=21801123 period=2 team=1610612751: starters=[201162, 201960, 202334, 1626156, 1627747] violations=[{'kind': 'participant', 'event_num': 322, 'player_id': 1626156, 'event_type': 6}]"
2018-19,11,treb-fanout-2018-11,21801125,"ValueError: starter solution requires missing in-period lineup transition game=21801125 period=2 team=1610612761: starters=[200768, 201586, 202391, 1626181, 1627775] violations=[{'kind': 'participant', 'event_num': 179, 'player_id': 1627832, 'event_type': 6}]"
2018-19,11,treb-fanout-2018-11,21801132,"ValueError: non-unique v3/team-local starter solution game=21801132 period=5 team=1610612744: candidates=[2733, 2738, 201142, 201939, 202326, 202691, 203110, 1626172, 1626188, 1628035] prior=[2733, 2738, 201142, 202691, 203110] best_score=0 solutions=[[2733, 201142, 201939, 202691, 203110], [2738, 201142, 201939, 202691, 203110], [201142, 201939, 202326, 202691, 203110], [201142, 201939, 202691, 203110, 1626172], [201142, 201939, 202691, 203110, 1626188], [201142, 201939, 202691, 203110, 1628035]]"
2018-19,11,treb-fanout-2018-11,21801186,"ValueError: starter solution requires missing in-period lineup transition game=21801186 period=2 team=1610612765: starters=[201933, 202397, 204038, 1627748, 1628379] violations=[{'kind': 'participant', 'event_num': 228, 'player_id': 203083, 'event_type': 6}]"
2018-19,12,treb-fanout-2018-12,21801202,"ValueError: starter solution requires missing in-period lineup transition game=21801202 period=3 team=1610612737: starters=[203458, 1627752, 1628989, 1629121, 1629353] violations=[{'kind': 'participant', 'event_num': 429, 'player_id': 1627752, 'event_type': 6}]"
2018-19,12,treb-fanout-2018-12,21801229,"ValueError: non-unique v3/team-local starter solution game=21801229 period=5 team=1610612762: candidates=[200757, 202327, 203109, 204060, 1626220, 1627777, 1628396, 1628463, 1628513, 1628960] prior=[1627777, 1628396, 1628463, 1628513, 1628960] best_score=0 solutions=[[200757, 1627777, 1628396, 1628513, 1628960], [202327, 1627777, 1628396, 1628513, 1628960], [203109, 1627777, 1628396, 1628513, 1628960], [204060, 1627777, 1628396, 1628513, 1628960], [1626220, 1627777, 1628396, 1628513, 1628960], [1627777, 1628396, 1628463, 1628513, 1628960]]"
2019-20,0,treb-fanout-2019-0,21900023,"ValueError: non-unique v3/team-local starter solution game=21900023 period=5 team=1610612743: candidates=[200794, 203115, 203486, 203914, 203924, 203999, 1627736, 1627750, 1628420] prior=[203914, 203924, 203999, 1627736, 1627750] best_score=0 solutions=[[200794, 203914, 203924, 203999, 1627750], [203115, 203914, 203924, 203999, 1627750], [203486, 203914, 203924, 203999, 1627750], [203914, 203924, 203999, 1627736, 1627750], [203914, 203924, 203999, 1627750, 1628420]]"
2019-20,0,treb-fanout-2019-0,21900027,"ValueError: starter solution requires missing in-period lineup transition game=21900027 period=1 team=1610612765: starters=[202693, 203083, 203503, 204025, 1628971] violations=[{'kind': 'participant', 'event_num': 104, 'player_id': 202693, 'event_type': 6}]"
2019-20,0,treb-fanout-2019-0,21900029,ValueError: unmatched PBP rebound rows game=21900029: 1
2019-20,0,treb-fanout-2019-0,21900044,"ValueError: starter solution requires missing in-period lineup transition game=21900044 period=2 team=1610612761: starters=[200768, 201586, 1626181, 1627775, 1628449] violations=[{'kind': 'participant', 'event_num': 268, 'player_id': 201188, 'event_type': 6}]"
2019-20,0,treb-fanout-2019-0,21900046,"ValueError: starter solution requires missing in-period lineup transition game=21900046 period=3 team=1610612749: starters=[201572, 202083, 202339, 203114, 203507] violations=[{'kind': 'participant', 'event_num': 487, 'player_id': 201577, 'event_type': 6}]"
2019-20,0,treb-fanout-2019-0,21900060,"ValueError: starter solution requires missing in-period lineup transition game=21900060 period=4 team=1610612761: starters=[200768, 201586, 1626181, 1627775, 1627783] violations=[{'kind': 'participant', 'event_num': 613, 'player_id': 200768, 'event_type': 6}]"
2019-20,1,treb-fanout-2019-1,21900103,"ValueError: starter solution requires missing in-period lineup transition game=21900103 period=4 team=1610612752: starters=[201961, 202694, 203944, 1628995, 1629628] violations=[{'kind': 'participant', 'event_num': 593, 'player_id': 203944, 'event_type': 6}]"
2019-20,1,treb-fanout-2019-1,21900120,"ValueError: non-unique v3/team-local starter solution game=21900120 period=5 team=1610612750: candidates=[203476, 203496, 203943, 203952, 1626157, 1626203, 1629006, 1629162, 1629633] prior=[203496, 203952, 1626203, 1627774, 1629006] best_score=0 solutions=[[203476, 203496, 203952, 1626157, 1629006], [203496, 203943, 203952, 1626157, 1629006], [203496, 203952, 1626157, 1626203, 1629006], [203496, 203952, 1626157, 1629006, 1629162], [203496, 203952, 1626157, 1629006, 1629633]]"
2019-20,1,treb-fanout-2019-1,21900121,ValueError: unmatched PBP rebound rows game=21900121: 1
2019-20,1,treb-fanout-2019-1,21900135,"ValueError: starter solution requires missing in-period lineup transition game=21900135 period=4 team=1610612749: starters=[201577, 201588, 203507, 1626192, 1628978] violations=[{'kind': 'participant', 'event_num': 575, 'player_id': 201572, 'event_type': 6}]"
2019-20,1,treb-fanout-2019-1,21900148,ValueError: unmatched PBP rebound rows game=21900148: 1
2019-20,1,treb-fanout-2019-1,21900157,"ValueError: starter solution requires missing in-period lineup transition game=21900157 period=4 team=1610612746: starters=[101150, 201976, 202695, 203210, 1626149] violations=[{'kind': 'participant', 'event_num': 649, 'player_id': 201976, 'event_type': 6}]"
2019-20,2,treb-fanout-2019-2,21900236,"ValueError: starter solution requires missing in-period lineup transition game=21900236 period=4 team=1610612752: starters=[201961, 202694, 1628373, 1628422, 1629011] violations=[{'kind': 'participant', 'event_num': 621, 'player_id': 1629011, 'event_type': 6}]"
2019-20,2,treb-fanout-2019-2,21900272,"ValueError: non-unique v3/team-local starter solution game=21900272 period=5 team=1610612737: candidates=[202323, 203458, 203459, 203953, 1627745, 1627761, 1629027, 1629629, 1629631] prior=[203458, 203953, 1627761, 1629629, 1629631] best_score=0 solutions=[[202323, 203458, 203953, 1627761, 1629027], [203458, 203459, 203953, 1627761, 1629027], [203458, 203953, 1627745, 1627761, 1629027], [203458, 203953, 1627761, 1629027, 1629629], [203458, 203953, 1627761, 1629027, 1629631]]"
2019-20,2,treb-fanout-2019-2,21900287,"ValueError: starter solution requires missing in-period lineup transition game=21900287 period=3 team=1610612747: starters=[2544, 201580, 201980, 203076, 203484] violations=[{'kind': 'participant', 'event_num': 429, 'player_id': 203484, 'event_type': 6}]"
2019-20,3,treb-fanout-2019-3,21900325,"ValueError: starter solution requires missing in-period lineup transition game=21900325 period=4 team=1610612741: starters=[1627756, 1627853, 1627885, 1628976, 1629632] violations=[{'kind': 'participant', 'event_num': 531, 'player_id': 1627756, 'event_type': 6}]"
2019-20,3,treb-fanout-2019-3,21900339,"ValueError: starter solution requires missing in-period lineup transition game=21900339 period=1 team=1610612746: starters=[201976, 202331, 202695, 203090, 1627826] violations=[{'kind': 'participant', 'event_num': 107, 'player_id': 201976, 'event_type': 6}]"
2019-20,3,treb-fanout-2019-3,21900343,ValueError: unmatched PBP rebound rows game=21900343: 1
2019-20,3,treb-fanout-2019-3,21900380,"ValueError: starter solution requires missing in-period lineup transition game=21900380 period=4 team=1610612756: starters=[201937, 1626162, 1626163, 1628969, 1629661] violations=[{'kind': 'participant', 'event_num': 680, 'player_id': 1626164, 'event_type': 6}]"
2019-20,3,treb-fanout-2019-3,21900390,"ValueError: starter solution requires missing in-period lineup transition game=21900390 period=2 team=1610612747: starters=[2544, 2730, 200765, 201162, 202340] violations=[{'kind': 'participant', 'event_num': 348, 'player_id': 200765, 'event_type': 6}]"
2019-20,4,treb-fanout-2019-4,21900403,"ValueError: starter solution requires missing in-period lineup transition game=21900403 period=3 team=1610612752: starters=[201959, 202694, 203944, 1628373, 1629628] violations=[{'kind': 'participant', 'event_num': 501, 'player_id': 203944, 'event_type': 6}]"
2019-20,4,treb-fanout-2019-4,21900409,"ValueError: non-unique v3/team-local starter solution game=21900409 period=5 team=1610612764: candidates=[101133, 202397, 202722, 202738, 203078, 1628972, 1629067, 1629678, 1629726] prior=[202722, 203078, 1628394, 1628972, 1629067] best_score=0 solutions=[[101133, 202397, 202722, 202738, 203078], [101133, 202722, 202738, 203078, 1628972], [101133, 202722, 202738, 203078, 1629067], [101133, 202722, 202738, 203078, 1629678], [101133, 202722, 202738, 203078, 1629726]]"
2019-20,4,treb-fanout-2019-4,21900422,"ValueError: starter solution requires missing in-period lineup transition game=21900422 period=4 team=1610612765: starters=[201565, 202693, 203503, 204038, 1627748] violations=[{'kind': 'participant', 'event_num': 594, 'player_id': 202693, 'event_type': 6}]"
2019-20,4,treb-fanout-2019-4,21900434,"ValueError: starter solution requires missing in-period lineup transition game=21900434 period=4 team=1610612752: starters=[203944, 1626171, 1628372, 1628995, 1629019] violations=[{'kind': 'participant', 'event_num': 663, 'player_id': 1629011, 'event_type': 6}]"
2019-20,4,treb-fanout-2019-4,21900447,"ValueError: starter solution requires missing in-period lineup transition game=21900447 period=3 team=1610612764: starters=[101133, 202397, 203078, 1629067, 1629678] violations=[{'kind': 'participant', 'event_num': 620, 'player_id': 202722, 'event_type': 6}]"
2019-20,4,treb-fanout-2019-4,21900454,"ValueError: starter solution requires missing in-period lineup transition game=21900454 period=3 team=1610612750: starters=[201952, 203476, 203952, 1628966, 1629633] violations=[{'kind': 'participant', 'event_num': 460, 'player_id': 203952, 'event_type': 6}]"
2019-20,4,treb-fanout-2019-4,21900485,"ValueError: starter solution requires missing in-period lineup transition game=21900485 period=3 team=1610612762: starters=[202711, 203497, 204060, 1626220, 1628378] violations=[{'kind': 'participant', 'event_num': 465, 'player_id': 202711, 'event_type': 6}]"
2019-20,5,treb-fanout-2019-5,21900502,"ValueError: non-unique v3/team-local starter solution game=21900502 period=5 team=1610612744: candidates=[202692, 203110, 203922, 1627737, 1627814, 1628980, 1629016, 1629346, 1629672] prior=[202692, 203110, 203922, 1627737, 1627814] best_score=0 solutions=[[202692, 203110, 203922, 1627737, 1627814], [202692, 203110, 203922, 1627737, 1628980], [202692, 203110, 203922, 1627737, 1629016], [202692, 203110, 203922, 1627737, 1629346], [202692, 203110, 203922, 1627737, 1629672]]"
2019-20,5,treb-fanout-2019-5,21900550,"ValueError: non-unique v3/team-local starter solution game=21900550 period=5 team=1610612760: candidates=[101108, 203471, 203488, 203500, 1627846, 1628390, 1628977, 1628983, 1629126, 1629647] prior=[101108, 203471, 203500, 1628390, 1628983] best_score=0 solutions=[[101108, 203471, 203488, 203500, 1628983], [101108, 203471, 203500, 1627846, 1628983], [101108, 203471, 203500, 1628390, 1628983], [101108, 203471, 203500, 1628977, 1628983], [101108, 203471, 203500, 1628983, 1629126], [101108, 203471, 203500, 1628983, 1629647]]"
2019-20,5,treb-fanout-2019-5,21900563,"ValueError: non-unique v3/team-local starter solution game=21900563 period=5 team=1610612765: candidates=[201565, 203083, 203503, 1626174, 1627748, 1628971, 1629635] prior=[201565, 203083, 203503, 1628971, 1629004] best_score=0 solutions=[[201565, 203083, 203503, 1627748, 1628971], [201565, 203083, 1626174, 1627748, 1628971], [201565, 203083, 1627748, 1628971, 1629635]]"
2019-20,5,treb-fanout-2019-5,21900580,"ValueError: starter solution requires missing in-period lineup transition game=21900580 period=3 team=1610612760: starters=[101108, 201568, 203500, 1628390, 1628983] violations=[{'kind': 'participant', 'event_num': 437, 'player_id': 201568, 'event_type': 6}]"
2019-20,6,treb-fanout-2019-6,21900609,"ValueError: starter solution requires missing in-period lineup transition game=21900609 period=3 team=1610612761: starters=[200768, 201188, 201586, 1627783, 1628384] violations=[{'kind': 'participant', 'event_num': 464, 'player_id': 200768, 'event_type': 6}]"
2019-20,6,treb-fanout-2019-6,21900622,"ValueError: starter solution requires missing in-period lineup transition game=21900622 period=3 team=1610612739: starters=[201567, 202684, 1626224, 1629012, 1629636] violations=[{'kind': 'participant', 'event_num': 463, 'player_id': 202684, 'event_type': 6}]"
2019-20,6,treb-fanout-2019-6,21900633,"ValueError: starter solution requires missing in-period lineup transition game=21900633 period=3 team=1610612747: starters=[2544, 201580, 201980, 202340, 1628398] violations=[{'kind': 'participant', 'event_num': 405, 'player_id': 2730, 'event_type': 6}]"
2019-20,6,treb-fanout-2019-6,21900666,"ValueError: starter solution requires missing in-period lineup transition game=21900666 period=3 team=1610612764: starters=[101133, 202738, 203078, 1628418, 1629067] violations=[{'kind': 'participant', 'event_num': 391, 'player_id': 1628418, 'event_type': 6}]"
2019-20,6,treb-fanout-2019-6,21900668,"ValueError: starter solution requires missing in-period lineup transition game=21900668 period=4 team=1610612757: starters=[2546, 203081, 1626209, 1628403, 1629018] violations=[{'kind': 'participant', 'event_num': 634, 'player_id': 203081, 'event_type': 6}]"
2019-20,6,treb-fanout-2019-6,21900696,"ValueError: non-unique v3/team-local starter solution game=21900696 period=5 team=1610612758: candidates=[201229, 202357, 203084, 203992, 1627741, 1627812, 1628368, 1628385] prior=[202357, 203084, 203145, 203473, 1628368] best_score=0 solutions=[[201229, 202357, 203992, 1627741, 1628368], [202357, 203084, 203992, 1627741, 1628368], [202357, 203992, 1627741, 1627812, 1628368], [202357, 203992, 1627741, 1628368, 1628385]]"
2019-20,7,treb-fanout-2019-7,21900722,"ValueError: starter solution requires missing in-period lineup transition game=21900722 period=2 team=1610612742: starters=[203552, 1626153, 1626161, 1628467, 1628973] violations=[{'kind': 'participant', 'event_num': 218, 'player_id': 1626161, 'event_type': 6}]"
2019-20,7,treb-fanout-2019-7,21900786,"ValueError: starter solution requires missing in-period lineup transition game=21900786 period=3 team=1610612738: starters=[202330, 202689, 1627759, 1628369, 1628464] violations=[{'kind': 'participant', 'event_num': 664, 'player_id': 203935, 'event_type': 6}]"
2019-20,7,treb-fanout-2019-7,21900787,"ValueError: non-unique v3/team-local starter solution game=21900787 period=5 team=1610612737: candidates=[1713, 201952, 203473, 1626203, 1627745, 1628381, 1628981, 1628989, 1629027, 1629164, 1629631] prior=[203473, 1628381, 1628989, 1629027, 1629631] best_score=0 solutions=[[1713, 203473, 1628381, 1628989, 1629027], [201952, 203473, 1628381, 1628989, 1629027], [203473, 1626203, 1628381, 1628989, 1629027], [203473, 1627745, 1628381, 1628989, 1629027], [203473, 1628381, 1628981, 1628989, 1629027], [203473, 1628381, 1628989, 1629027, 1629164], [203473, 1628381, 1628989, 1629027, 1629631]]"
2019-20,8,treb-fanout-2019-8,21900811,"ValueError: starter solution requires missing in-period lineup transition game=21900811 period=4 team=1610612764: starters=[202722, 203894, 1628972, 1629010, 1629021] violations=[{'kind': 'participant', 'event_num': 605, 'player_id': 1629021, 'event_type': 6}]"
2019-20,8,treb-fanout-2019-8,21900825,"ValueError: starter solution requires missing in-period lineup transition game=21900825 period=1 team=1610612744: starters=[203110, 203952, 1627737, 1627814, 1629673] violations=[{'kind': 'participant', 'event_num': 112, 'player_id': 1627737, 'event_type': 6}]"
2019-20,8,treb-fanout-2019-8,21900827,"ValueError: starter solution requires missing in-period lineup transition game=21900827 period=3 team=1610612739: starters=[201567, 203083, 1626224, 1629012, 1629636] violations=[{'kind': 'participant', 'event_num': 457, 'player_id': 1629645, 'event_type': 6}, {'kind': 'participant', 'event_num': 460, 'player_id': 1629645, 'event_type': 6}]"
2019-20,8,treb-fanout-2019-8,21900862,"ValueError: starter solution requires missing in-period lineup transition game=21900862 period=3 team=1610612757: starters=[2546, 2772, 202355, 203468, 1629018] violations=[{'kind': 'participant', 'event_num': 401, 'player_id': 2546, 'event_type': 6}]"
2019-20,8,treb-fanout-2019-8,21900871,"ValueError: starter solution requires missing in-period lineup transition game=21900871 period=2 team=1610612746: starters=[101150, 202704, 203210, 1626149, 1629013] violations=[{'kind': 'participant', 'event_num': 167, 'player_id': 201976, 'event_type': 6}]"
2019-20,8,treb-fanout-2019-8,21900889,"ValueError: starter solution requires missing in-period lineup transition game=21900889 period=3 team=1610612751: starters=[203915, 203925, 1627747, 1627752, 1628386] violations=[{'kind': 'participant', 'event_num': 376, 'player_id': 1627752, 'event_type': 6}]"
2019-20,8,treb-fanout-2019-8,21900892,"ValueError: non-unique v3/team-local starter solution game=21900892 period=5 team=1610612745: candidates=[200782, 201145, 201566, 201569, 201935, 203085, 203463, 203496, 1627863] prior=[200782, 201145, 201566, 201935, 203496] best_score=0 solutions=[[200782, 201145, 201566, 201935, 203496], [200782, 201566, 201569, 201935, 203496], [200782, 201566, 201935, 203085, 203496], [200782, 201566, 201935, 203463, 203496], [200782, 201566, 201935, 203496, 1627863]]"
2019-20,9,treb-fanout-2019-9,21900940,"ValueError: starter solution requires missing in-period lineup transition game=21900940 period=4 team=1610612745: starters=[200782, 201935, 201960, 203085, 203496] violations=[{'kind': 'participant', 'event_num': 539, 'player_id': 200757, 'event_type': 6}]"
2019-20,9,treb-fanout-2019-9,21900962,"ValueError: starter solution requires missing in-period lineup transition game=21900962 period=2 team=1610612739: starters=[201567, 203521, 1626204, 1628035, 1629760] violations=[{'kind': 'participant', 'event_num': 301, 'player_id': 203083, 'event_type': 6}]"
2019-20,10,treb-fanout-2019-10,21901265,"ValueError: starter solution requires missing in-period lineup transition game=21901265 period=3 team=1610612747: starters=[2544, 201580, 201980, 203076, 203484] violations=[{'kind': 'participant', 'event_num': 467, 'player_id': 2544, 'event_type': 6}]"
2019-20,10,treb-fanout-2019-10,21901281,"ValueError: non-unique v3/team-local starter solution game=21901281 period=6 team=1610612743: candidates=[200794, 203924, 203999, 1627750, 1628420, 1628470, 1629008, 1629626] prior=[203486, 203924, 1627750, 1628408, 1629626] best_score=0 solutions=[[200794, 203924, 203999, 1627750, 1629008], [203924, 203999, 1627750, 1628420, 1629008], [203924, 203999, 1627750, 1628470, 1629008], [203924, 203999, 1627750, 1629008, 1629626]]"
2020-21,0,treb-fanout-2020-0,22000013,"ValueError: starter solution requires missing in-period lineup transition game=22000013 period=4 team=1610612764: starters=[201566, 201577, 202397, 203526, 1628972] violations=[{'kind': 'participant', 'event_num': 593, 'player_id': 202722, 'event_type': 6}]"
2020-21,0,treb-fanout-2020-0,22000023,"ValueError: non-unique v3/team-local starter solution game=22000023 period=5 team=1610612765: candidates=[201565, 201933, 203486, 203924, 1626143, 1626153, 1628367, 1630165, 1630180] prior=[201933, 203486, 203924, 1626153, 1628367] best_score=0 solutions=[[201565, 201933, 203486, 203924, 1626143], [201565, 201933, 203486, 203924, 1626153], [201565, 201933, 203486, 203924, 1628367], [201565, 201933, 203486, 203924, 1630165], [201565, 201933, 203486, 203924, 1630180]]"
2020-21,0,treb-fanout-2020-0,22000024,"ValueError: starter solution requires missing in-period lineup transition game=22000024 period=2 team=1610612753: starters=[203082, 203487, 203920, 203932, 1630175] violations=[{'kind': 'participant', 'event_num': 346, 'player_id': 203095, 'event_type': 6}]"
2020-21,0,treb-fanout-2020-0,22000055,"ValueError: starter solution requires missing in-period lineup transition game=22000055 period=4 team=1610612758: starters=[202357, 202709, 1626158, 1628368, 1630169] violations=[{'kind': 'participant', 'event_num': 552, 'player_id': 1628368, 'event_type': 6}]"
2020-21,0,treb-fanout-2020-0,22000059,"ValueError: starter solution requires missing in-period lineup transition game=22000059 period=1 team=1610612742: starters=[203501, 203939, 1626196, 1627827, 1629029] violations=[{'kind': 'participant', 'event_num': 159, 'player_id': 201949, 'event_type': 6}]"
2020-21,0,treb-fanout-2020-0,22000086,"ValueError: starter solution requires missing in-period lineup transition game=22000086 period=1 team=1610612764: starters=[201566, 203078, 1628418, 1629060, 1630166] violations=[{'kind': 'participant', 'event_num': 162, 'player_id': 201566, 'event_type': 6}]"
2020-21,0,treb-fanout-2020-0,22000100,"ValueError: non-unique v3/team-local starter solution game=22000100 period=5 team=1610612754: candidates=[203200, 203506, 203926, 204456, 1626167, 1627734, 1627763, 1628988] prior=[203200, 203506, 203926, 1626167, 1627763] best_score=0 solutions=[[203200, 203506, 203926, 1626167, 1627763], [203506, 203926, 204456, 1626167, 1627763], [203506, 203926, 1626167, 1627734, 1627763], [203506, 203926, 1626167, 1627763, 1628988]]"
2020-21,1,treb-fanout-2020-1,22000101,"ValueError: starter solution requires missing in-period lineup transition game=22000101 period=3 team=1610612758: starters=[203084, 1626158, 1627741, 1628368, 1628963] violations=[{'kind': 'participant', 'event_num': 501, 'player_id': 1626158, 'event_type': 6}]"
2020-21,1,treb-fanout-2020-1,22000120,"ValueError: non-unique v3/team-local starter solution game=22000120 period=5 team=1610612743: candidates=[200794, 203115, 203914, 203999, 1627750, 1628392, 1628408, 1628420] prior=[200794, 203115, 203914, 203999, 1627750] best_score=0 solutions=[[200794, 203115, 203999, 1627750, 1628408], [203115, 203914, 203999, 1627750, 1628408], [203115, 203999, 1627750, 1628392, 1628408], [203115, 203999, 1627750, 1628408, 1628420]]"
2020-21,1,treb-fanout-2020-1,22000124,"ValueError: starter solution requires missing in-period lineup transition game=22000124 period=3 team=1610612764: starters=[201566, 203078, 1628418, 1629060, 1630166] violations=[{'kind': 'participant', 'event_num': 425, 'player_id': 201566, 'event_type': 6}]"
2020-21,1,treb-fanout-2020-1,22000151,"ValueError: starter solution requires missing in-period lineup transition game=22000151 period=2 team=1610612753: starters=[203082, 203932, 1628964, 1629109, 1629648] violations=[{'kind': 'participant', 'event_num': 291, 'player_id': 1630175, 'event_type': 6}]"
2020-21,2,treb-fanout-2020-2,22000223,"ValueError: starter solution requires missing in-period lineup transition game=22000223 period=1 team=1610612759: starters=[200746, 201942, 1627749, 1629022, 1629640] violations=[{'kind': 'participant', 'event_num': 82, 'player_id': 201942, 'event_type': 6}]"
2020-21,2,treb-fanout-2020-2,22000227,"ValueError: starter solution requires missing in-period lineup transition game=22000227 period=3 team=1610612740: starters=[202339, 203500, 1627742, 1628366, 1629627] violations=[{'kind': 'participant', 'event_num': 472, 'player_id': 203500, 'event_type': 6}]"
2020-21,2,treb-fanout-2020-2,22000290,"ValueError: starter solution requires missing in-period lineup transition game=22000290 period=3 team=1610612764: starters=[201566, 201577, 203078, 1629010, 1629060] violations=[{'kind': 'participant', 'event_num': 457, 'player_id': 201577, 'event_type': 6}, {'kind': 'participant', 'event_num': 458, 'player_id': 201577, 'event_type': 6}]"
2020-21,2,treb-fanout-2020-2,22000292,"ValueError: starter solution requires missing in-period lineup transition game=22000292 period=4 team=1610612761: starters=[200768, 203382, 1627761, 1627783, 1629139] violations=[{'kind': 'participant', 'event_num': 721, 'player_id': 200768, 'event_type': 6}]"
2020-21,2,treb-fanout-2020-2,22000300,"ValueError: starter solution requires missing in-period lineup transition game=22000300 period=4 team=1610612740: starters=[202339, 1627742, 1628404, 1629637, 1629638] violations=[{'kind': 'participant', 'event_num': 579, 'player_id': 1628414, 'event_type': 6}]"
2020-21,3,treb-fanout-2020-3,22000340,"ValueError: starter solution requires missing in-period lineup transition game=22000340 period=1 team=1610612745: starters=[200782, 201569, 202322, 1626174, 1630256] violations=[{'kind': 'participant', 'event_num': 122, 'player_id': 202322, 'event_type': 6}]"
2020-21,3,treb-fanout-2020-3,22000356,"ValueError: starter solution requires missing in-period lineup transition game=22000356 period=3 team=1610612737: starters=[203991, 1628381, 1628989, 1629027, 1629629] violations=[{'kind': 'participant', 'event_num': 503, 'player_id': 200765, 'event_type': 6}]"
2020-21,3,treb-fanout-2020-3,22000361,"ValueError: starter solution requires missing in-period lineup transition game=22000361 period=2 team=1610612765: starters=[203585, 1628367, 1629004, 1629635, 1630191] violations=[{'kind': 'participant', 'event_num': 184, 'player_id': 1630191, 'event_type': 6}]"
2020-21,3,treb-fanout-2020-3,22000387,"ValueError: starter solution requires missing in-period lineup transition game=22000387 period=1 team=1610612750: starters=[201937, 1626157, 1627736, 1629006, 1630162] violations=[{'kind': 'participant', 'event_num': 106, 'player_id': 202334, 'event_type': 6}]"
2020-21,4,treb-fanout-2020-4,22000433,"ValueError: starter solution requires missing in-period lineup transition game=22000433 period=1 team=1610612756: starters=[101108, 203109, 1626164, 1628969, 1629028] violations=[{'kind': 'participant', 'event_num': 129, 'player_id': 1626164, 'event_type': 6}]"
2020-21,4,treb-fanout-2020-4,22000440,"ValueError: non-unique v3/team-local starter solution game=22000440 period=5 team=1610612750: candidates=[201937, 1626157, 1627736, 1629006, 1629020, 1629162, 1629669, 1629675, 1630162, 1630183] prior=[201937, 1626157, 1627736, 1630162, 1630183] best_score=0 solutions=[[201937, 1626157, 1627736, 1629006, 1630183], [201937, 1626157, 1627736, 1629020, 1630183], [201937, 1626157, 1627736, 1629162, 1630183], [201937, 1626157, 1627736, 1629669, 1630183], [201937, 1626157, 1627736, 1629675, 1630183], [201937, 1626157, 1627736, 1630162, 1630183]]"
2020-21,4,treb-fanout-2020-4,22000465,"ValueError: non-unique v3/team-local starter solution game=22000465 period=5 team=1610612740: candidates=[200755, 202339, 1627742, 1628366, 1628404, 1629627, 1629637, 1629638, 1629740, 1630184] prior=[1627742, 1628366, 1628404, 1629627, 1629637] best_score=0 solutions=[[200755, 1627742, 1628404, 1629627, 1629740], [202339, 1627742, 1628404, 1629627, 1629740], [1627742, 1628366, 1628404, 1629627, 1629740], [1627742, 1628404, 1629627, 1629637, 1629740], [1627742, 1628404, 1629627, 1629638, 1629740], [1627742, 1628404, 1629627, 1629740, 1630184]]"
2020-21,4,treb-fanout-2020-4,22000485,"ValueError: non-unique v3/team-local starter solution game=22000485 period=1 team=1610612742: candidates=[201949, 203504, 203939, 1626161, 1626196, 1627827, 1629029] prior=[] best_score=0 solutions=[[201949, 203504, 203939, 1626196, 1629029], [201949, 203939, 1626161, 1626196, 1629029], [201949, 203939, 1626196, 1627827, 1629029]]"
2020-21,4,treb-fanout-2020-4,22000488,"ValueError: starter solution requires missing in-period lineup transition game=22000488 period=2 team=1610612764: starters=[201566, 201577, 202722, 203526, 1630166] violations=[{'kind': 'participant', 'event_num': 233, 'player_id': 201566, 'event_type': 6}]"
2020-21,4,treb-fanout-2020-4,22000490,"ValueError: starter solution requires missing in-period lineup transition game=22000490 period=2 team=1610612738: starters=[1628369, 1629057, 1629684, 1630174, 1630202] violations=[{'kind': 'participant', 'event_num': 269, 'player_id': 203935, 'event_type': 6}]"
2020-21,5,treb-fanout-2020-5,22000507,"ValueError: starter solution requires missing in-period lineup transition game=22000507 period=3 team=1610612762: starters=[201144, 202711, 203497, 1626220, 1628378] violations=[{'kind': 'participant', 'event_num': 375, 'player_id': 202711, 'event_type': 6}]"
2020-21,5,treb-fanout-2020-5,22000554,"ValueError: starter solution requires missing in-period lineup transition game=22000554 period=2 team=1610612764: starters=[201566, 201577, 202722, 203526, 1630166] violations=[{'kind': 'participant', 'event_num': 216, 'player_id': 202722, 'event_type': 6}]"
2020-21,5,treb-fanout-2020-5,22000600,"ValueError: starter solution requires missing in-period lineup transition game=22000600 period=3 team=1610612761: starters=[200768, 203382, 1626169, 1626181, 1629056] violations=[{'kind': 'participant', 'event_num': 476, 'player_id': 200768, 'event_type': 6}]"
2020-21,6,treb-fanout-2020-6,22000613,"ValueError: starter solution requires missing in-period lineup transition game=22000613 period=4 team=1610612745: starters=[1629645, 1630222, 1630231, 1630237, 1630256] violations=[{'kind': 'participant', 'event_num': 614, 'player_id': 1628425, 'event_type': 6}]"
2020-21,6,treb-fanout-2020-6,22000618,"ValueError: starter solution requires missing in-period lineup transition game=22000618 period=3 team=1610612749: starters=[201572, 201950, 203114, 203507, 1628978] violations=[{'kind': 'participant', 'event_num': 382, 'player_id': 203648, 'event_type': 6}]"
2020-21,6,treb-fanout-2020-6,22000637,"ValueError: non-unique v3/team-local starter solution game=22000637 period=5 team=1610612741: candidates=[201152, 203107, 203490, 203897, 1627756, 1628374, 1628976, 1629632, 1630172] prior=[201152, 203107, 203490, 203897, 1629632] best_score=0 solutions=[[201152, 203107, 203490, 203897, 1627756], [201152, 203107, 203490, 203897, 1628374], [201152, 203107, 203490, 203897, 1628976], [201152, 203107, 203490, 203897, 1629632], [201152, 203107, 203490, 203897, 1630172]]"
2020-21,6,treb-fanout-2020-6,22000645,"ValueError: non-unique v3/team-local starter solution game=22000645 period=5 team=1610612754: candidates=[203087, 203200, 203926, 204456, 1627734, 1627747, 1627763, 1628410, 1629048] prior=[203200, 203926, 1627734, 1627747, 1627763] best_score=0 solutions=[[203087, 203200, 1627734, 1627747, 1627763], [203200, 203926, 1627734, 1627747, 1627763], [203200, 204456, 1627734, 1627747, 1627763], [203200, 1627734, 1627747, 1627763, 1628410], [203200, 1627734, 1627747, 1627763, 1629048]]"
2020-21,6,treb-fanout-2020-6,22000660,"ValueError: starter solution requires missing in-period lineup transition game=22000660 period=2 team=1610612746: starters=[101150, 201587, 202331, 202335, 1629611] violations=[{'kind': 'participant', 'event_num': 310, 'player_id': 202331, 'event_type': 6}]"
2020-21,6,treb-fanout-2020-6,22000673,"ValueError: starter solution requires missing in-period lineup transition game=22000673 period=2 team=1610612742: starters=[203501, 203939, 1628467, 1628973, 1629029] violations=[{'kind': 'participant', 'event_num': 209, 'player_id': 203501, 'event_type': 6}]"
2020-21,6,treb-fanout-2020-6,22000681,"ValueError: starter solution requires missing in-period lineup transition game=22000681 period=2 team=1610612755: starters=[1627732, 1627788, 1629003, 1629680, 1630194] violations=[{'kind': 'participant', 'event_num': 169, 'player_id': 2730, 'event_type': 6}]"
2020-21,6,treb-fanout-2020-6,22000695,"ValueError: starter solution requires missing in-period lineup transition game=22000695 period=2 team=1610612749: starters=[201572, 203648, 1626192, 1626253, 1627854] violations=[{'kind': 'participant', 'event_num': 215, 'player_id': 203507, 'event_type': 6}]"
2020-21,7,treb-fanout-2020-7,22000763,"ValueError: starter solution requires missing in-period lineup transition game=22000763 period=2 team=1610612761: starters=[203382, 1626169, 1628384, 1629139, 1630201] violations=[{'kind': 'participant', 'event_num': 148, 'player_id': 1627783, 'event_type': 6}]"
2020-21,7,treb-fanout-2020-7,22000765,"ValueError: starter solution requires missing in-period lineup transition game=22000765 period=4 team=1610612758: starters=[202355, 203090, 1626153, 1629056, 1630169] violations=[{'kind': 'participant', 'event_num': 631, 'player_id': 1629056, 'event_type': 6}]"
2020-21,7,treb-fanout-2020-7,22000784,"ValueError: starter solution requires missing in-period lineup transition game=22000784 period=4 team=1610612747: starters=[203463, 203471, 1626149, 1627936, 1628035] violations=[{'kind': 'participant', 'event_num': 648, 'player_id': 202693, 'event_type': 6}]"
2020-21,8,treb-fanout-2020-8,22000853,"ValueError: starter solution requires missing in-period lineup transition game=22000853 period=2 team=1610612757: starters=[2546, 202683, 1626181, 1629014, 1629642] violations=[{'kind': 'participant', 'event_num': 258, 'player_id': 2546, 'event_type': 6}]"
2020-21,8,treb-fanout-2020-8,22000879,"ValueError: starter solution requires missing in-period lineup transition game=22000879 period=2 team=1610612746: starters=[200765, 201587, 202326, 202335, 1628379] violations=[{'kind': 'participant', 'event_num': 215, 'player_id': 200765, 'event_type': 6}]"
2020-21,9,treb-fanout-2020-9,22000902,"ValueError: starter solution requires missing in-period lineup transition game=22000902 period=2 team=1610612764: starters=[201566, 201577, 202397, 202722, 1628990] violations=[{'kind': 'participant', 'event_num': 317, 'player_id': 202722, 'event_type': 6}]"
2020-21,9,treb-fanout-2020-9,22000925,"ValueError: starter solution requires missing in-period lineup transition game=22000925 period=4 team=1610612743: starters=[200794, 203085, 203210, 1627885, 1628408] violations=[{'kind': 'participant', 'event_num': 606, 'player_id': 203210, 'event_type': 6}]"
2020-21,9,treb-fanout-2020-9,22000934,"ValueError: starter solution requires missing in-period lineup transition game=22000934 period=4 team=1610612737: starters=[101150, 201568, 203524, 1627739, 1628381] violations=[{'kind': 'participant', 'event_num': 561, 'player_id': 1627739, 'event_type': 6}, {'kind': 'participant', 'event_num': 567, 'player_id': 1629027, 'event_type': 6}]"
2020-21,9,treb-fanout-2020-9,22000945,"ValueError: starter solution requires missing in-period lineup transition game=22000945 period=3 team=1610612749: starters=[200782, 201572, 201950, 203114, 1628978] violations=[{'kind': 'participant', 'event_num': 453, 'player_id': 1628978, 'event_type': 6}]"
2020-21,9,treb-fanout-2020-9,22000951,"ValueError: starter solution requires missing in-period lineup transition game=22000951 period=4 team=1610612764: starters=[201566, 202397, 203526, 1629655, 1630264] violations=[{'kind': 'participant', 'event_num': 651, 'player_id': 202722, 'event_type': 6}]"
2020-21,9,treb-fanout-2020-9,22000995,"ValueError: starter solution requires missing in-period lineup transition game=22000995 period=4 team=1610612752: starters=[201565, 202692, 203457, 1630167, 1630193] violations=[{'kind': 'participant', 'event_num': 532, 'player_id': 1629628, 'event_type': 6}]"
2020-21,10,treb-fanout-2020-10,22001005,"ValueError: starter solution requires missing in-period lineup transition game=22001005 period=3 team=1610612750: starters=[201937, 1626156, 1626157, 1629020, 1630162] violations=[{'kind': 'participant', 'event_num': 435, 'player_id': 201937, 'event_type': 6}]"
2020-21,10,treb-fanout-2020-10,22001012,"ValueError: non-unique v3/team-local starter solution game=22001012 period=5 team=1610612764: candidates=[201566, 201577, 202397, 202722, 203078, 203526, 1628990, 1629060, 1629655, 1629726] prior=[201566, 202722, 203526, 1629060, 1629655] best_score=0 solutions=[[201566, 201577, 202722, 1629060, 1629655], [201566, 202397, 202722, 1629060, 1629655], [201566, 202722, 203078, 1629060, 1629655], [201566, 202722, 203526, 1629060, 1629655], [201566, 202722, 1628990, 1629060, 1629655], [201566, 202722, 1629060, 1629655, 1629726]]"
2020-21,10,treb-fanout-2020-10,22001038,"ValueError: starter solution requires missing in-period lineup transition game=22001038 period=1 team=1610612749: starters=[201572, 201950, 203114, 203507, 1628978] violations=[{'kind': 'participant', 'event_num': 41, 'player_id': 203648, 'event_type': 6}]"
2020-21,10,treb-fanout-2020-10,22001064,"ValueError: non-unique v3/team-local starter solution game=22001064 period=5 team=1610612766: candidates=[202687, 1626179, 1628370, 1628970, 1628984, 1629023, 1629667, 1630163] prior=[1626179, 1628970, 1628984, 1629023, 1629667] best_score=0 solutions=[[202687, 1626179, 1628970, 1628984, 1629023], [1626179, 1628370, 1628970, 1628984, 1629023], [1626179, 1628970, 1628984, 1629023, 1629667], [1626179, 1628970, 1628984, 1629023, 1630163]]"
2021-22,0,treb-fanout-2021-0,22100041,"ValueError: non-unique v3/team-local starter solution game=22100041 period=5 team=1610612766: candidates=[202330, 203486, 1626162, 1628970, 1628998, 1629667, 1630163, 1630208] prior=[202330, 1626162, 1628970, 1628998, 1630163] best_score=0 solutions=[[202330, 203486, 1626162, 1628970, 1630163], [203486, 1626162, 1628970, 1628998, 1630163], [203486, 1626162, 1628970, 1629667, 1630163], [203486, 1626162, 1628970, 1630163, 1630208]]"
2021-22,0,treb-fanout-2021-0,22100057,"ValueError: starter solution requires missing in-period lineup transition game=22100057 period=2 team=1610612748: starters=[200768, 202693, 203473, 1629622, 1629639] violations=[{'kind': 'participant', 'event_num': 302, 'player_id': 200782, 'event_type': 6}]"
2021-22,0,treb-fanout-2021-0,22100074,"ValueError: starter solution requires missing in-period lineup transition game=22100074 period=1 team=1610612758: starters=[203084, 203090, 1626158, 1628368, 1630169] violations=[{'kind': 'participant', 'event_num': 28, 'player_id': 1629002, 'event_type': 6}]"
2021-22,1,treb-fanout-2021-1,22100107,"ValueError: starter solution requires missing in-period lineup transition game=22100107 period=1 team=1610612747: starters=[2544, 201566, 202340, 203076, 203145] violations=[{'kind': 'participant', 'event_num': 115, 'player_id': 203145, 'event_type': 6}]"
2021-22,1,treb-fanout-2021-1,22100121,"ValueError: starter solution requires missing in-period lineup transition game=22100121 period=3 team=1610612738: starters=[201143, 203935, 1627759, 1628369, 1629057] violations=[{'kind': 'participant', 'event_num': 380, 'player_id': 1628369, 'event_type': 6}, {'kind': 'participant', 'event_num': 445, 'player_id': 203935, 'event_type': 6}]"
2021-22,1,treb-fanout-2021-1,22100126,"ValueError: starter solution requires missing in-period lineup transition game=22100126 period=3 team=1610612763: starters=[203500, 1628991, 1629001, 1629630, 1630217] violations=[{'kind': 'participant', 'event_num': 336, 'player_id': 1628415, 'event_type': 6}]"
2021-22,1,treb-fanout-2021-1,22100174,"ValueError: starter solution requires missing in-period lineup transition game=22100174 period=4 team=1610612766: starters=[203486, 1626162, 1628998, 1629667, 1630163] violations=[{'kind': 'participant', 'event_num': 540, 'player_id': 1628998, 'event_type': 6}]"
2021-22,1,treb-fanout-2021-1,22100177,"ValueError: starter solution requires missing in-period lineup transition game=22100177 period=1 team=1610612745: starters=[1626174, 1628464, 1629645, 1630224, 1630256] violations=[{'kind': 'participant', 'event_num': 75, 'player_id': 1630256, 'event_type': 6}]"
2021-22,1,treb-fanout-2021-1,22100189,"ValueError: starter solution requires missing in-period lineup transition game=22100189 period=2 team=1610612761: starters=[1627783, 1628449, 1629004, 1630567, 1630625] violations=[{'kind': 'participant', 'event_num': 314, 'player_id': 1627783, 'event_type': 6}]"
2021-22,2,treb-fanout-2021-2,22100239,"ValueError: starter solution requires missing in-period lineup transition game=22100239 period=2 team=1610612752: starters=[201565, 202692, 203457, 1630167, 1630193] violations=[{'kind': 'participant', 'event_num': 194, 'player_id': 203457, 'event_type': 6}]"
2021-22,2,treb-fanout-2021-2,22100250,"ValueError: starter solution requires missing in-period lineup transition game=22100250 period=2 team=1610612741: starters=[201942, 1627936, 1628396, 1629632, 1630245] violations=[{'kind': 'participant', 'event_num': 332, 'player_id': 1627936, 'event_type': 6}]"
2021-22,2,treb-fanout-2021-2,22100264,"ValueError: starter solution requires missing in-period lineup transition game=22100264 period=4 team=1610612752: starters=[202692, 203095, 203944, 1630167, 1630193] violations=[{'kind': 'participant', 'event_num': 542, 'player_id': 203944, 'event_type': 6}]"
2021-22,2,treb-fanout-2021-2,22100274,"ValueError: starter solution requires missing in-period lineup transition game=22100274 period=3 team=1610612748: starters=[200768, 200782, 202710, 1628389, 1629130] violations=[{'kind': 'participant', 'event_num': 394, 'player_id': 200768, 'event_type': 6}, {'kind': 'participant', 'event_num': 423, 'player_id': 2617, 'event_type': 6}]"
2021-22,2,treb-fanout-2021-2,22100279,"ValueError: starter solution requires missing in-period lineup transition game=22100279 period=2 team=1610612757: starters=[203468, 203469, 1626204, 1628372, 1629642] violations=[{'kind': 'participant', 'event_num': 314, 'player_id': 203496, 'event_type': 6}]"
2021-22,2,treb-fanout-2021-2,22100283,"ValueError: starter solution requires missing in-period lineup transition game=22100283 period=4 team=1610612753: starters=[203082, 1628539, 1628964, 1629021, 1630181] violations=[{'kind': 'participant', 'event_num': 503, 'player_id': 1630175, 'event_type': 6}]"
2021-22,2,treb-fanout-2021-2,22100291,"ValueError: non-unique v3/team-local starter solution game=22100291 period=6 team=1610612747: candidates=[2544, 2546, 2730, 201566, 201599, 201961, 202340, 203076, 1628370, 1629659] prior=[2544, 2546, 201566, 203076, 1628370] best_score=0 solutions=[[2544, 2546, 2730, 201566, 203076], [2544, 2546, 201566, 201599, 203076], [2544, 2546, 201566, 201961, 203076], [2544, 2546, 201566, 202340, 203076], [2544, 2546, 201566, 203076, 1628370], [2544, 2546, 201566, 203076, 1629659]]"
2021-22,2,treb-fanout-2021-2,22100296,"ValueError: starter solution requires missing in-period lineup transition game=22100296 period=4 team=1610612748: starters=[200768, 203473, 1628997, 1629216, 1629622] violations=[{'kind': 'participant', 'event_num': 504, 'player_id': 203473, 'event_type': 6}]"
2021-22,2,treb-fanout-2021-2,22100300,"ValueError: starter solution requires missing in-period lineup transition game=22100300 period=3 team=1610612744: starters=[201939, 203110, 203952, 1626172, 1629673] violations=[{'kind': 'participant', 'event_num': 419, 'player_id': 1629308, 'event_type': 6}]"
2021-22,3,treb-fanout-2021-3,22100309,"ValueError: starter solution requires missing in-period lineup transition game=22100309 period=4 team=1610612754: starters=[203200, 204456, 1627734, 1627747, 1630537] violations=[{'kind': 'participant', 'event_num': 539, 'player_id': 204456, 'event_type': 6}]"
2021-22,3,treb-fanout-2021-3,22100323,"ValueError: starter solution requires missing in-period lineup transition game=22100323 period=1 team=1610612748: starters=[200768, 200782, 203473, 1629130, 1629639] violations=[{'kind': 'participant', 'event_num': 153, 'player_id': 200768, 'event_type': 6}]"
2021-22,3,treb-fanout-2021-3,22100347,"ValueError: starter solution requires missing in-period lineup transition game=22100347 period=4 team=1610612738: starters=[203471, 1629057, 1629684, 1630174, 1630202] violations=[{'kind': 'participant', 'event_num': 641, 'player_id': 1629057, 'event_type': 6}]"
2021-22,3,treb-fanout-2021-3,22100348,"ValueError: starter solution requires missing in-period lineup transition game=22100348 period=3 team=1610612746: starters=[202331, 202694, 202704, 1627826, 1629611] violations=[{'kind': 'participant', 'event_num': 422, 'player_id': 202694, 'event_type': 6}]"
2021-22,3,treb-fanout-2021-3,22100353,"ValueError: non-unique v3/team-local starter solution game=22100353 period=5 team=1610612755: candidates=[201980, 202699, 203083, 203552, 203954, 1627788, 1629003, 1630198] prior=[201980, 202699, 203552, 203954, 1627777] best_score=0 solutions=[[201980, 202699, 203552, 203954, 1629003], [202699, 203083, 203552, 203954, 1629003], [202699, 203552, 203954, 1627788, 1629003], [202699, 203552, 203954, 1629003, 1630198]]"
2021-22,3,treb-fanout-2021-3,22100359,"ValueError: starter solution requires missing in-period lineup transition game=22100359 period=2 team=1610612750: starters=[1627736, 1629006, 1629162, 1629675, 1630162] violations=[{'kind': 'participant', 'event_num': 288, 'player_id': 201976, 'event_type': 6}]"
2021-22,3,treb-fanout-2021-3,22100393,"ValueError: starter solution requires missing in-period lineup transition game=22100393 period=2 team=1610612758: starters=[203458, 1627741, 1628963, 1630169, 1630558] violations=[{'kind': 'participant', 'event_num': 302, 'player_id': 1629056, 'event_type': 6}]"
2021-22,4,treb-fanout-2021-4,22100403,"ValueError: starter solution requires missing in-period lineup transition game=22100403 period=2 team=1610612753: starters=[203082, 1628964, 1628976, 1630181, 1630532] violations=[{'kind': 'participant', 'event_num': 195, 'player_id': 1630181, 'event_type': 6}]"
2021-22,4,treb-fanout-2021-4,22100413,"ValueError: non-unique v3/team-local starter solution game=22100413 period=5 team=1610612751: candidates=[201142, 201933, 201988, 1630549, 1630556, 1630560, 1630561] prior=[201142, 201933, 201988, 1630556, 1630561] best_score=0 solutions=[[201142, 201933, 201988, 1630549, 1630561], [201142, 201933, 201988, 1630556, 1630561], [201142, 201933, 201988, 1630560, 1630561]]"
2021-22,4,treb-fanout-2021-4,22100438,"ValueError: starter solution requires missing in-period lineup transition game=22100438 period=1 team=1610612749: starters=[201950, 202326, 1626192, 1628960, 1629670] violations=[{'kind': 'participant', 'event_num': 57, 'player_id': 202326, 'event_type': 6}]"
2021-22,4,treb-fanout-2021-4,22100479,"ValueError: starter solution requires missing in-period lineup transition game=22100479 period=4 team=1610612748: starters=[1629216, 1629622, 1629639, 1630209, 1630585] violations=[{'kind': 'participant', 'event_num': 536, 'player_id': 202710, 'event_type': 6}]"
2021-22,4,treb-fanout-2021-4,22100480,"ValueError: starter solution requires missing in-period lineup transition game=22100480 period=3 team=1610612752: starters=[202689, 202692, 203095, 203944, 1629011] violations=[{'kind': 'participant', 'event_num': 341, 'player_id': 1629011, 'event_type': 6}]"
2021-22,4,treb-fanout-2021-4,22100485,"ValueError: starter solution requires missing in-period lineup transition game=22100485 period=3 team=1610612763: starters=[203500, 1628415, 1628991, 1629630, 1630217] violations=[{'kind': 'participant', 'event_num': 366, 'player_id': 203937, 'event_type': 6}]"
2021-22,5,treb-fanout-2021-5,22100521,"ValueError: starter solution requires missing in-period lineup transition game=22100521 period=1 team=1610612748: starters=[200768, 200782, 202710, 1628389, 1629130] violations=[{'kind': 'participant', 'event_num': 85, 'player_id': 200768, 'event_type': 6}]"
2021-22,5,treb-fanout-2021-5,22100555,"ValueError: starter solution requires missing in-period lineup transition game=22100555 period=4 team=1610612753: starters=[203082, 1629678, 1629755, 1630181, 1630273] violations=[{'kind': 'participant', 'event_num': 462, 'player_id': 1628964, 'event_type': 6}]"
2021-22,5,treb-fanout-2021-5,22100558,"ValueError: starter solution requires missing in-period lineup transition game=22100558 period=1 team=1610612743: starters=[203085, 203115, 203932, 203999, 1630267] violations=[{'kind': 'participant', 'event_num': 53, 'player_id': 203085, 'event_type': 6}, {'kind': 'participant', 'event_num': 144, 'player_id': 203999, 'event_type': 6}]"
2021-22,5,treb-fanout-2021-5,22100574,"ValueError: starter solution requires missing in-period lineup transition game=22100574 period=3 team=1610612750: starters=[201976, 1626156, 1626157, 1629020, 1630162] violations=[{'kind': 'participant', 'event_num': 412, 'player_id': 1626157, 'event_type': 6}]"
2021-22,6,treb-fanout-2021-6,22100651,"ValueError: starter solution requires missing in-period lineup transition game=22100651 period=1 team=1610612745: starters=[201569, 1626174, 1629645, 1630224, 1630256] violations=[{'kind': 'participant', 'event_num': 97, 'player_id': 1630256, 'event_type': 6}]"
2021-22,6,treb-fanout-2021-6,22100668,"ValueError: starter solution requires missing in-period lineup transition game=22100668 period=4 team=1610612753: starters=[203914, 1628964, 1629021, 1630532, 1630591] violations=[{'kind': 'participant', 'event_num': 493, 'player_id': 201577, 'event_type': 6}]"
2021-22,6,treb-fanout-2021-6,22100678,"ValueError: starter solution requires missing in-period lineup transition game=22100678 period=3 team=1610612746: starters=[201586, 202704, 1627826, 1629599, 1629611] violations=[{'kind': 'participant', 'event_num': 392, 'player_id': 1629611, 'event_type': 6}]"
2021-22,6,treb-fanout-2021-6,22100679,"ValueError: starter solution requires missing in-period lineup transition game=22100679 period=2 team=1610612765: starters=[203482, 203585, 1626168, 1628367, 1630240] violations=[{'kind': 'participant', 'event_num': 351, 'player_id': 1628977, 'event_type': 6}]"
2021-22,7,treb-fanout-2021-7,22100714,"ValueError: starter solution requires missing in-period lineup transition game=22100714 period=2 team=1610612765: starters=[203585, 1626168, 1628367, 1628402, 1630165] violations=[{'kind': 'participant', 'event_num': 248, 'player_id': 1628367, 'event_type': 6}]"
2021-22,7,treb-fanout-2021-7,22100732,"ValueError: starter solution requires missing in-period lineup transition game=22100732 period=4 team=1610612742: starters=[203493, 204001, 1628373, 1628973, 1630182] violations=[{'kind': 'participant', 'event_num': 475, 'player_id': 1629029, 'event_type': 6}]"
2021-22,7,treb-fanout-2021-7,22100764,"ValueError: starter solution requires missing in-period lineup transition game=22100764 period=4 team=1610612744: starters=[201939, 202691, 1627814, 1629308, 1630228] violations=[{'kind': 'participant', 'event_num': 601, 'player_id': 202691, 'event_type': 10}]"
2021-22,7,treb-fanout-2021-7,22100767,"ValueError: starter solution requires missing in-period lineup transition game=22100767 period=1 team=1610612761: starters=[1627783, 1627832, 1628384, 1629018, 1630567] violations=[{'kind': 'participant', 'event_num': 42, 'player_id': 1627783, 'event_type': 6}]"
2021-22,7,treb-fanout-2021-7,22100773,"ValueError: starter solution requires missing in-period lineup transition game=22100773 period=4 team=1610612753: starters=[201577, 203082, 203914, 1629643, 1630591] violations=[{'kind': 'participant', 'event_num': 571, 'player_id': 201577, 'event_type': 6}]"
2021-22,7,treb-fanout-2021-7,22100787,"ValueError: starter solution requires missing in-period lineup transition game=22100787 period=4 team=1610612739: starters=[200765, 201567, 1629164, 1629731, 1630596] violations=[{'kind': 'participant', 'event_num': 573, 'player_id': 202334, 'event_type': 6}]"
2021-22,7,treb-fanout-2021-7,22100790,"ValueError: starter solution requires missing in-period lineup transition game=22100790 period=1 team=1610612737: starters=[203991, 1628381, 1628989, 1629027, 1629631] violations=[{'kind': 'participant', 'event_num': 106, 'player_id': 1628989, 'event_type': 6}]"
2021-22,7,treb-fanout-2021-7,22100799,"ValueError: starter solution requires missing in-period lineup transition game=22100799 period=3 team=1610612752: starters=[202689, 203095, 203944, 1629011, 1629628] violations=[{'kind': 'participant', 'event_num': 513, 'player_id': 203944, 'event_type': 6}]"
2021-22,8,treb-fanout-2021-8,22100836,"ValueError: starter solution requires missing in-period lineup transition game=22100836 period=2 team=1610612749: starters=[203114, 203507, 1626192, 1628960, 1629623] violations=[{'kind': 'participant', 'event_num': 232, 'player_id': 203507, 'event_type': 6}]"
2021-22,8,treb-fanout-2021-8,22100860,"ValueError: non-unique v3/team-local starter solution game=22100860 period=5 team=1610612760: candidates=[202324, 1629026, 1629647, 1629676, 1630177, 1630197, 1630249, 1630544, 1630581] prior=[1629026, 1629647, 1629660, 1630544, 1630581] best_score=0 solutions=[[202324, 1629026, 1629647, 1630544, 1630581], [202324, 1629026, 1629676, 1630544, 1630581], [202324, 1629026, 1630177, 1630544, 1630581], [202324, 1629026, 1630197, 1630544, 1630581], [202324, 1629026, 1630249, 1630544, 1630581]]"
2021-22,8,treb-fanout-2021-8,22100879,"ValueError: starter solution requires missing in-period lineup transition game=22100879 period=4 team=1610612763: starters=[203500, 1626145, 1628991, 1629723, 1630217] violations=[{'kind': 'participant', 'event_num': 709, 'player_id': 1629630, 'event_type': 6}]"
2021-22,8,treb-fanout-2021-8,22100884,"ValueError: starter solution requires missing in-period lineup transition game=22100884 period=4 team=1610612762: starters=[201144, 203497, 203903, 1627863, 1629672] violations=[{'kind': 'participant', 'event_num': 474, 'player_id': 202355, 'event_type': 6}]"
2021-22,8,treb-fanout-2021-8,22100889,ValueError: unmatched PBP rebound rows game=22100889: 1
2021-22,9,treb-fanout-2021-9,22100917,"ValueError: starter solution requires missing in-period lineup transition game=22100917 period=3 team=1610612742: starters=[203493, 203939, 1627827, 1628973, 1629029] violations=[{'kind': 'participant', 'event_num': 414, 'player_id': 202722, 'event_type': 6}]"
2021-22,9,treb-fanout-2021-9,22100921,ValueError: unmatched PBP rebound rows game=22100921: 1
2021-22,9,treb-fanout-2021-9,22100924,ValueError: unmatched PBP rebound rows game=22100924: 1
2021-22,9,treb-fanout-2021-9,22100926,"ValueError: starter solution requires missing in-period lineup transition game=22100926 period=3 team=1610612764: starters=[203484, 203526, 1628398, 1629655, 1630557] violations=[{'kind': 'participant', 'event_num': 426, 'player_id': 203526, 'event_type': 6}]"
2021-22,9,treb-fanout-2021-9,22100935,ValueError: unmatched PBP rebound rows game=22100935: 1
2021-22,9,treb-fanout-2021-9,22100949,"ValueError: starter solution requires missing in-period lineup transition game=22100949 period=2 team=1610612741: starters=[201942, 202684, 1627884, 1628972, 1629632] violations=[{'kind': 'participant', 'event_num': 215, 'player_id': 202684, 'event_type': 6}]"
2021-22,9,treb-fanout-2021-9,22100950,ValueError: unmatched PBP rebound rows game=22100950: 1
2021-22,9,treb-fanout-2021-9,22100967,"ValueError: starter solution requires missing in-period lineup transition game=22100967 period=2 team=1610612743: starters=[202326, 203085, 203210, 1627854, 1630538] violations=[{'kind': 'participant', 'event_num': 183, 'player_id': 202326, 'event_type': 6}]"
2021-22,9,treb-fanout-2021-9,22100974,ValueError: unmatched PBP rebound rows game=22100974: 1
2021-22,9,treb-fanout-2021-9,22100976,ValueError: unmatched PBP rebound rows game=22100976: 2
2021-22,10,treb-fanout-2021-10,22101004,"ValueError: starter solution requires missing in-period lineup transition game=22101004 period=1 team=1610612764: starters=[203484, 203526, 204001, 1628398, 1630557] violations=[{'kind': 'participant', 'event_num': 134, 'player_id': 203484, 'event_type': 6}]"
2021-22,10,treb-fanout-2021-10,22101008,ValueError: unmatched PBP rebound rows game=22101008: 1
2021-22,10,treb-fanout-2021-10,22101010,"ValueError: starter solution requires missing in-period lineup transition game=22101010 period=4 team=1610612758: starters=[203087, 203090, 1627745, 1628368, 1629002] violations=[{'kind': 'participant', 'event_num': 485, 'player_id': 1626158, 'event_type': 6}]"
2021-22,10,treb-fanout-2021-10,22101023,ValueError: unmatched PBP rebound rows game=22101023: 2
2021-22,10,treb-fanout-2021-10,22101028,ValueError: unmatched PBP rebound rows game=22101028: 1
2021-22,10,treb-fanout-2021-10,22101030,ValueError: unmatched PBP rebound rows game=22101030: 1
2021-22,10,treb-fanout-2021-10,22101031,"ValueError: starter solution requires missing in-period lineup transition game=22101031 period=3 team=1610612765: starters=[202709, 203585, 203924, 1630180, 1630191] violations=[{'kind': 'participant', 'event_num': 366, 'player_id': 202709, 'event_type': 6}]"
2021-22,10,treb-fanout-2021-10,22101060,ValueError: unmatched PBP rebound rows game=22101060: 1
2021-22,10,treb-fanout-2021-10,22101063,"ValueError: starter solution requires missing in-period lineup transition game=22101063 period=1 team=1610612745: starters=[1626174, 1629645, 1629726, 1630224, 1630256] violations=[{'kind': 'participant', 'event_num': 171, 'player_id': 1629645, 'event_type': 6}]"
2021-22,10,treb-fanout-2021-10,22101072,ValueError: unmatched PBP rebound rows game=22101072: 1
2021-22,10,treb-fanout-2021-10,22101085,"ValueError: starter solution requires missing in-period lineup transition game=22101085 period=4 team=1610612737: starters=[203992, 1626153, 1628989, 1630168, 1630552] violations=[{'kind': 'participant', 'event_num': 544, 'player_id': 1628989, 'event_type': 6}]"
2021-22,10,treb-fanout-2021-10,22101096,ValueError: unmatched PBP rebound rows game=22101096: 1
2021-22,10,treb-fanout-2021-10,22101098,"ValueError: starter solution requires missing in-period lineup transition game=22101098 period=4 team=1610612741: starters=[202684, 203897, 1627884, 1629632, 1630245] violations=[{'kind': 'participant', 'event_num': 647, 'player_id': 202684, 'event_type': 6}, {'kind': 'participant', 'event_num': 645, 'player_id': 202684, 'event_type': 6}]"
2021-22,11,treb-fanout-2021-11,22101101,ValueError: unmatched PBP rebound rows game=22101101: 1
2021-22,11,treb-fanout-2021-11,22101103,ValueError: unmatched PBP rebound rows game=22101103: 1
2021-22,11,treb-fanout-2021-11,22101115,"ValueError: starter solution requires missing in-period lineup transition game=22101115 period=2 team=1610612765: starters=[203482, 203585, 1628402, 1628963, 1630165] violations=[{'kind': 'participant', 'event_num': 229, 'player_id': 1630165, 'event_type': 6}]"
2021-22,11,treb-fanout-2021-11,22101120,ValueError: unmatched PBP rebound rows game=22101120: 1
2021-22,11,treb-fanout-2021-11,22101139,"ValueError: starter solution requires missing in-period lineup transition game=22101139 period=4 team=1610612738: starters=[1627759, 1628401, 1628464, 1629684, 1630202] violations=[{'kind': 'participant', 'event_num': 649, 'player_id': 203935, 'event_type': 6}]"
2021-22,11,treb-fanout-2021-11,22101151,ValueError: unmatched PBP rebound rows game=22101151: 1
2021-22,11,treb-fanout-2021-11,22101159,"ValueError: starter solution requires missing in-period lineup transition game=22101159 period=2 team=1610612743: starters=[202326, 203085, 203210, 1628432, 1630538] violations=[{'kind': 'participant', 'event_num': 191, 'player_id': 202326, 'event_type': 6}]"
2021-22,11,treb-fanout-2021-11,22101198,ValueError: unmatched PBP rebound rows game=22101198: 1
2021-22,12,treb-fanout-2021-12,22101209,"ValueError: starter solution requires missing in-period lineup transition game=22101209 period=2 team=1610612742: starters=[202722, 203915, 1627827, 1628373, 1628973] violations=[{'kind': 'participant', 'event_num': 167, 'player_id': 1629029, 'event_type': 6}]"
2022-23,0,treb-fanout-2022-0,22200006,"ValueError: starter solution requires missing in-period lineup transition game=22200006 period=4 team=1610612751: starters=[201988, 202681, 1626220, 1627732, 1630549] violations=[{'kind': 'participant', 'event_num': 632, 'player_id': 202681, 'event_type': 6}]"
2022-23,0,treb-fanout-2022-0,22200025,"ValueError: non-unique v3/team-local starter solution game=22200025 period=5 team=1610612750: candidates=[203497, 203937, 1626156, 1626157, 1627854, 1629162, 1629669, 1629675, 1630162, 1630183] prior=[203085, 203497, 1627752, 1630162, 1630183] best_score=0 solutions=[[203497, 203937, 1626156, 1626157, 1630162], [203497, 1626156, 1626157, 1627854, 1630162], [203497, 1626156, 1626157, 1629162, 1630162], [203497, 1626156, 1626157, 1629669, 1630162], [203497, 1626156, 1626157, 1629675, 1630162], [203497, 1626156, 1626157, 1630162, 1630183]]"
2022-23,0,treb-fanout-2022-0,22200029,ValueError: unmatched PBP rebound rows game=22200029: 1
2022-23,0,treb-fanout-2022-0,22200039,"ValueError: non-unique v3/team-local starter solution game=22200039 period=5 team=1610612764: candidates=[203078, 203115, 204001, 1626153, 1628398, 1628420, 1629060, 1629655, 1630166, 1630264] prior=[203078, 203115, 204001, 1626153, 1628398] best_score=0 solutions=[[203078, 203115, 204001, 1626153, 1628398], [203078, 203115, 204001, 1628398, 1628420], [203078, 203115, 204001, 1628398, 1629060], [203078, 203115, 204001, 1628398, 1629655], [203078, 203115, 204001, 1628398, 1630166], [203078, 203115, 204001, 1628398, 1630264]]"
2022-23,0,treb-fanout-2022-0,22200040,"ValueError: non-unique v3/team-local starter solution game=22200040 period=5 team=1610612762: candidates=[200752, 201144, 203482, 203903, 1627736, 1628374, 1629020, 1629659, 1631117, 1631323] prior=[201144, 203482, 203903, 1628374, 1629020] best_score=0 solutions=[[200752, 203482, 203903, 1628374, 1629020], [201144, 203482, 203903, 1628374, 1629020], [203482, 203903, 1627736, 1628374, 1629020], [203482, 203903, 1628374, 1629020, 1629659], [203482, 203903, 1628374, 1629020, 1631117], [203482, 203903, 1628374, 1629020, 1631323]]"
2022-23,0,treb-fanout-2022-0,22200049,"ValueError: starter solution requires missing in-period lineup transition game=22200049 period=1 team=1610612751: starters=[201142, 202681, 1626220, 1627732, 1629651] violations=[{'kind': 'participant', 'event_num': 138, 'player_id': 1627732, 'event_type': 6}]"
2022-23,0,treb-fanout-2022-0,22200072,"ValueError: non-unique v3/team-local starter solution game=22200072 period=5 team=1610612738: candidates=[201143, 201933, 203935, 203943, 1627759, 1628369, 1628401, 1628436, 1630573] prior=[201143, 203935, 1627759, 1628369, 1628436] best_score=0 solutions=[[201143, 203935, 1627759, 1628369, 1628436], [201933, 203935, 1627759, 1628369, 1628436], [203935, 203943, 1627759, 1628369, 1628436], [203935, 1627759, 1628369, 1628401, 1628436], [203935, 1627759, 1628369, 1628436, 1630573]]"
2022-23,0,treb-fanout-2022-0,22200082,"ValueError: starter solution requires missing in-period lineup transition game=22200082 period=2 team=1610612766: starters=[1626162, 1629023, 1629667, 1630177, 1630208] violations=[{'kind': 'participant', 'event_num': 316, 'player_id': 1626162, 'event_type': 6}]"
2022-23,1,treb-fanout-2022-1,22200116,"ValueError: starter solution requires missing in-period lineup transition game=22200116 period=3 team=1610612757: starters=[203924, 203994, 1628404, 1629014, 1631101] violations=[{'kind': 'participant', 'event_num': 438, 'player_id': 1629234, 'event_type': 6}]"
2022-23,1,treb-fanout-2022-1,22200117,"ValueError: starter solution requires missing in-period lineup transition game=22200117 period=4 team=1610612747: starters=[2544, 1629022, 1629117, 1630346, 1630559] violations=[{'kind': 'participant', 'event_num': 518, 'player_id': 1629134, 'event_type': 6}]"
2022-23,1,treb-fanout-2022-1,22200140,"ValueError: starter solution requires missing in-period lineup transition game=22200140 period=4 team=1610612747: starters=[201566, 203076, 1628972, 1629022, 1630346] violations=[{'kind': 'participant', 'event_num': 641, 'player_id': 203471, 'event_type': 6}]"
2022-23,1,treb-fanout-2022-1,22200163,"ValueError: starter solution requires missing in-period lineup transition game=22200163 period=2 team=1610612765: starters=[1630165, 1630180, 1630587, 1631093, 1631105] violations=[{'kind': 'participant', 'event_num': 292, 'player_id': 1630191, 'event_type': 6}]"
2022-23,1,treb-fanout-2022-1,22200167,"ValueError: starter solution requires missing in-period lineup transition game=22200167 period=3 team=1610612750: starters=[203497, 1626156, 1626157, 1630162, 1630183] violations=[{'kind': 'participant', 'event_num': 426, 'player_id': 1626157, 'event_type': 6}]"
2022-23,1,treb-fanout-2022-1,22200186,"ValueError: starter solution requires missing in-period lineup transition game=22200186 period=3 team=1610612738: starters=[201933, 203935, 1628369, 1628401, 1629684] violations=[{'kind': 'participant', 'event_num': 370, 'player_id': 1628436, 'event_type': 6}]"
2022-23,2,treb-fanout-2022-2,22200206,"ValueError: starter solution requires missing in-period lineup transition game=22200206 period=3 team=1610612740: starters=[202685, 203468, 1627742, 1630529, 1630530] violations=[{'kind': 'participant', 'event_num': 653, 'player_id': 1630230, 'event_type': 6}]"
2022-23,2,treb-fanout-2022-2,22200210,"ValueError: starter solution requires missing in-period lineup transition game=22200210 period=3 team=1610612758: starters=[203084, 1627734, 1628368, 1628989, 1629056] violations=[{'kind': 'participant', 'event_num': 373, 'player_id': 1629002, 'event_type': 6}]"
2022-23,2,treb-fanout-2022-2,22200212,"ValueError: starter solution requires missing in-period lineup transition game=22200212 period=4 team=1610612750: starters=[203937, 1626156, 1626157, 1629162, 1630183] violations=[{'kind': 'participant', 'event_num': 668, 'player_id': 1630162, 'event_type': 6}]"
2022-23,2,treb-fanout-2022-2,22200223,"ValueError: starter solution requires missing in-period lineup transition game=22200223 period=2 team=1610612765: starters=[202692, 1628977, 1630165, 1630587, 1631105] violations=[{'kind': 'participant', 'event_num': 247, 'player_id': 1628963, 'event_type': 6}]"
2022-23,2,treb-fanout-2022-2,22200224,ValueError: unmatched PBP rebound rows game=22200224: 1
2022-23,2,treb-fanout-2022-2,22200225,ValueError: unmatched PBP rebound rows game=22200225: 1
2022-23,2,treb-fanout-2022-2,22200234,"ValueError: no legal v3/team-local starter solution game=22200234 period=2 team=1610612747: candidates=[201976, 203471, 1628418, 1629117] prior=[201566, 203076, 203471, 1629134, 1630559]"
2022-23,2,treb-fanout-2022-2,22200252,"ValueError: starter solution requires missing in-period lineup transition game=22200252 period=4 team=1610612748: starters=[200768, 203473, 1628997, 1629312, 1631288] violations=[{'kind': 'participant', 'event_num': 557, 'player_id': 1629622, 'event_type': 6}]"
2022-23,2,treb-fanout-2022-2,22200274,ValueError: unmatched PBP rebound rows game=22200274: 1
2022-23,2,treb-fanout-2022-2,22200291,"ValueError: starter solution requires missing in-period lineup transition game=22200291 period=4 team=1610612744: starters=[203110, 203952, 1628978, 1629673, 1630237] violations=[{'kind': 'participant', 'event_num': 677, 'player_id': 203110, 'event_type': 6}, {'kind': 'participant', 'event_num': 687, 'player_id': 201939, 'event_type': 6}]"
2022-23,3,treb-fanout-2022-3,22200307,ValueError: unmatched PBP rebound rows game=22200307: 1
2022-23,3,treb-fanout-2022-3,22200322,ValueError: unmatched PBP rebound rows game=22200322: 1
2022-23,3,treb-fanout-2022-3,22200325,"ValueError: non-unique v3/team-local starter solution game=22200325 period=5 team=1610612765: candidates=[202692, 202709, 202711, 1628963, 1628995, 1630165, 1630180, 1630191, 1630587, 1631093, 1631105] prior=[202692, 202711, 1630165, 1630180, 1630191] best_score=0 solutions=[[202692, 202711, 1628963, 1630165, 1631093], [202709, 202711, 1628963, 1630165, 1631093], [202711, 1628963, 1628995, 1630165, 1631093], [202711, 1628963, 1630165, 1630180, 1631093], [202711, 1628963, 1630165, 1630191, 1631093], [202711, 1628963, 1630165, 1630587, 1631093], [202711, 1628963, 1630165, 1631093, 1631105]]"
2022-23,3,treb-fanout-2022-3,22200331,ValueError: unmatched PBP rebound rows game=22200331: 2
2022-23,3,treb-fanout-2022-3,22200336,"ValueError: starter solution requires missing in-period lineup transition game=22200336 period=4 team=1610612744: starters=[203110, 203952, 1628978, 1629673, 1630237] violations=[{'kind': 'participant', 'event_num': 638, 'player_id': 1629673, 'event_type': 6}]"
2022-23,3,treb-fanout-2022-3,22200339,"ValueError: starter solution requires missing in-period lineup transition game=22200339 period=4 team=1610612749: starters=[201572, 201588, 1628975, 1630572, 1631260] violations=[{'kind': 'participant', 'event_num': 645, 'player_id': 203648, 'event_type': 6}]"
2022-23,3,treb-fanout-2022-3,22200344,"ValueError: starter solution requires missing in-period lineup transition game=22200344 period=2 team=1610612743: starters=[201599, 203932, 1627750, 1628432, 1630538] violations=[{'kind': 'participant', 'event_num': 218, 'player_id': 201145, 'event_type': 6}]"
2022-23,3,treb-fanout-2022-3,22200350,ValueError: unmatched PBP rebound rows game=22200350: 2
2022-23,3,treb-fanout-2022-3,22200362,"ValueError: starter solution requires missing in-period lineup transition game=22200362 period=2 team=1610612742: starters=[203493, 203915, 1626174, 1628467, 1630182] violations=[{'kind': 'participant', 'event_num': 198, 'player_id': 1630182, 'event_type': 6}]"
2022-23,3,treb-fanout-2022-3,22200364,"ValueError: starter solution requires missing in-period lineup transition game=22200364 period=2 team=1610612766: starters=[1626162, 1626179, 1629667, 1630208, 1630539] violations=[{'kind': 'participant', 'event_num': 271, 'player_id': 1626162, 'event_type': 6}]"
2022-23,3,treb-fanout-2022-3,22200365,ValueError: unmatched PBP rebound rows game=22200365: 1
2022-23,3,treb-fanout-2022-3,22200374,ValueError: unmatched PBP rebound rows game=22200374: 1
2022-23,4,treb-fanout-2022-4,22200410,"ValueError: starter solution requires missing in-period lineup transition game=22200410 period=3 team=1610612744: starters=[201939, 202691, 203110, 1626172, 1629673] violations=[{'kind': 'participant', 'event_num': 410, 'player_id': 2738, 'event_type': 6}]"
2022-23,4,treb-fanout-2022-4,22200440,"ValueError: non-unique v3/team-local starter solution game=22200440 period=5 team=1610612742: candidates=[201580, 202689, 203493, 203501, 1626174, 1627827, 1629033] prior=[202689, 203501, 1626174, 1627827, 1628373] best_score=0 solutions=[[201580, 202689, 203493, 1626174, 1627827], [202689, 203493, 203501, 1626174, 1627827], [202689, 203493, 1626174, 1627827, 1629033]]"
2022-23,4,treb-fanout-2022-4,22200457,ValueError: unmatched PBP rebound rows game=22200457: 1
2022-23,4,treb-fanout-2022-4,22200461,ValueError: unmatched PBP rebound rows game=22200461: 1
2022-23,4,treb-fanout-2022-4,22200470,"ValueError: starter solution requires missing in-period lineup transition game=22200470 period=2 team=1610612751: starters=[203552, 203933, 1626220, 1627732, 1629139] violations=[{'kind': 'participant', 'event_num': 235, 'player_id': 201142, 'event_type': 6}]"
2022-23,4,treb-fanout-2022-4,22200478,ValueError: unmatched PBP rebound rows game=22200478: 1
2022-23,4,treb-fanout-2022-4,22200496,"ValueError: starter solution requires missing in-period lineup transition game=22200496 period=1 team=1610612744: starters=[202691, 203110, 1626172, 1628978, 1629673] violations=[{'kind': 'participant', 'event_num': 137, 'player_id': 203110, 'event_type': 6}]"
2022-23,5,treb-fanout-2022-5,22200508,ValueError: unmatched PBP rebound rows game=22200508: 1
2022-23,5,treb-fanout-2022-5,22200510,"ValueError: starter solution requires missing in-period lineup transition game=22200510 period=2 team=1610612763: starters=[1626145, 1628991, 1629634, 1629723, 1630217] violations=[{'kind': 'participant', 'event_num': 302, 'player_id': 1628415, 'event_type': 6}]"
2022-23,5,treb-fanout-2022-5,22200516,"ValueError: starter solution requires missing in-period lineup transition game=22200516 period=4 team=1610612756: starters=[1627814, 1628470, 1629006, 1629111, 1630613] violations=[{'kind': 'participant', 'event_num': 615, 'player_id': 101108, 'event_type': 6}]"
2022-23,5,treb-fanout-2022-5,22200519,"ValueError: non-unique v3/team-local starter solution game=22200519 period=5 team=1610612741: candidates=[201609, 201942, 202696, 203083, 203897, 1629632, 1629750, 1630172, 1630245, 1631207] prior=[201942, 202696, 203897, 1630172, 1630245] best_score=0 solutions=[[201609, 201942, 202696, 1630172, 1630245], [201942, 202696, 203083, 1630172, 1630245], [201942, 202696, 203897, 1630172, 1630245], [201942, 202696, 1629632, 1630172, 1630245], [201942, 202696, 1629750, 1630172, 1630245], [201942, 202696, 1630172, 1630245, 1631207]]"
2022-23,5,treb-fanout-2022-5,22200543,"ValueError: starter solution requires missing in-period lineup transition game=22200543 period=3 team=1610612763: starters=[203500, 1628415, 1628991, 1629630, 1630217] violations=[{'kind': 'participant', 'event_num': 415, 'player_id': 1628415, 'event_type': 6}]"
2022-23,5,treb-fanout-2022-5,22200547,ValueError: unmatched PBP rebound rows game=22200547: 1
2022-23,5,treb-fanout-2022-5,22200551,"ValueError: starter solution requires missing in-period lineup transition game=22200551 period=2 team=1610612766: starters=[202330, 1628372, 1629023, 1630163, 1631109] violations=[{'kind': 'participant', 'event_num': 296, 'player_id': 1630163, 'event_type': 6}]"
2022-23,5,treb-fanout-2022-5,22200556,"ValueError: starter solution requires missing in-period lineup transition game=22200556 period=3 team=1610612745: starters=[201569, 1629645, 1630224, 1630578, 1631095] violations=[{'kind': 'participant', 'event_num': 404, 'player_id': 1630578, 'event_type': 6}]"
2022-23,5,treb-fanout-2022-5,22200559,"ValueError: starter solution requires missing in-period lineup transition game=22200559 period=4 team=1610612765: starters=[202692, 202709, 203585, 1628995, 1630191] violations=[{'kind': 'participant', 'event_num': 686, 'player_id': 1630191, 'event_type': 6}]"
2022-23,5,treb-fanout-2022-5,22200562,"ValueError: starter solution requires missing in-period lineup transition game=22200562 period=3 team=1610612738: starters=[201143, 203935, 1627759, 1628369, 1628401] violations=[{'kind': 'participant', 'event_num': 465, 'player_id': 203935, 'event_type': 6}]"
2022-23,6,treb-fanout-2022-6,22200602,ValueError: unmatched PBP rebound rows game=22200602: 2
2022-23,6,treb-fanout-2022-6,22200611,"ValueError: starter solution requires missing in-period lineup transition game=22200611 period=2 team=1610612748: starters=[203473, 203506, 1629216, 1629622, 1631288] violations=[{'kind': 'participant', 'event_num': 198, 'player_id': 203473, 'event_type': 6}]"
2022-23,6,treb-fanout-2022-6,22200630,"ValueError: starter solution requires missing in-period lineup transition game=22200630 period=2 team=1610612742: starters=[202722, 203493, 203915, 203939, 1628373] violations=[{'kind': 'participant', 'event_num': 230, 'player_id': 202722, 'event_type': 6}]"
2022-23,6,treb-fanout-2022-6,22200632,"ValueError: starter solution requires missing in-period lineup transition game=22200632 period=2 team=1610612765: starters=[202692, 1628977, 1628995, 1630587, 1631093] violations=[{'kind': 'participant', 'event_num': 232, 'player_id': 1628977, 'event_type': 6}]"
2022-23,6,treb-fanout-2022-6,22200650,"ValueError: starter solution requires missing in-period lineup transition game=22200650 period=2 team=1610612744: starters=[203110, 203952, 1628978, 1629673, 1630237] violations=[{'kind': 'participant', 'event_num': 329, 'player_id': 203110, 'event_type': 6}]"
2022-23,6,treb-fanout-2022-6,22200659,"ValueError: non-unique v3/team-local starter solution game=22200659 period=5 team=1610612761: candidates=[1627783, 1627823, 1627832, 1628384, 1628449, 1629018, 1630201, 1630567] prior=[1627783, 1627832, 1628384, 1629018, 1630567] best_score=0 solutions=[[1627783, 1627823, 1627832, 1628384, 1630567], [1627783, 1627832, 1628384, 1628449, 1630567], [1627783, 1627832, 1628384, 1629018, 1630567], [1627783, 1627832, 1628384, 1630201, 1630567]]"
2022-23,6,treb-fanout-2022-6,22200682,"ValueError: starter solution requires missing in-period lineup transition game=22200682 period=3 team=1610612755: starters=[200782, 201935, 202699, 203954, 1629001] violations=[{'kind': 'participant', 'event_num': 407, 'player_id': 200782, 'event_type': 6}]"
2022-23,6,treb-fanout-2022-6,22200691,"ValueError: starter solution requires missing in-period lineup transition game=22200691 period=2 team=1610612758: starters=[203084, 1626168, 1628368, 1628370, 1629002] violations=[{'kind': 'participant', 'event_num': 213, 'player_id': 1628368, 'event_type': 6}]"
2022-23,7,treb-fanout-2022-7,22200725,"ValueError: starter solution requires missing in-period lineup transition game=22200725 period=2 team=1610612737: starters=[203992, 1627749, 1630168, 1630552, 1631100] violations=[{'kind': 'participant', 'event_num': 358, 'player_id': 1627749, 'event_type': 6}]"
2022-23,7,treb-fanout-2022-7,22200733,ValueError: unmatched PBP rebound rows game=22200733: 1
2022-23,7,treb-fanout-2022-7,22200736,"ValueError: starter solution requires missing in-period lineup transition game=22200736 period=2 team=1610612749: starters=[202083, 203507, 1628960, 1628975, 1629670] violations=[{'kind': 'participant', 'event_num': 207, 'player_id': 204060, 'event_type': 6}]"
2022-23,7,treb-fanout-2022-7,22200745,ValueError: unmatched PBP rebound rows game=22200745: 1
2022-23,7,treb-fanout-2022-7,22200748,"ValueError: non-unique v3/team-local starter solution game=22200748 period=5 team=1610612759: candidates=[1626169, 1627751, 1628966, 1629640, 1630200, 1631103, 1631104, 1631110] prior=[1626169, 1627751, 1628966, 1629640, 1631110] best_score=0 solutions=[[1626169, 1627751, 1628966, 1629640, 1631110], [1626169, 1627751, 1629640, 1630200, 1631110], [1626169, 1627751, 1629640, 1631103, 1631110], [1626169, 1627751, 1629640, 1631104, 1631110]]"
2022-23,7,treb-fanout-2022-7,22200757,"ValueError: starter solution requires missing in-period lineup transition game=22200757 period=4 team=1610612747: starters=[201566, 201976, 1628418, 1629022, 1629060] violations=[{'kind': 'participant', 'event_num': 588, 'player_id': 1628972, 'event_type': 6}]"
2022-23,7,treb-fanout-2022-7,22200758,"ValueError: non-unique v3/team-local starter solution game=22200758 period=5 team=1610612758: candidates=[203084, 1626168, 1627734, 1628368, 1628370, 1628989, 1629002, 1629056, 1630558, 1631099] prior=[203084, 1626168, 1628368, 1628370, 1631099] best_score=0 solutions=[[203084, 1626168, 1628368, 1628370, 1631099], [1626168, 1627734, 1628368, 1628370, 1631099], [1626168, 1628368, 1628370, 1628989, 1631099], [1626168, 1628368, 1628370, 1629002, 1631099], [1626168, 1628368, 1628370, 1629056, 1631099], [1626168, 1628368, 1628370, 1630558, 1631099]]"
2022-23,7,treb-fanout-2022-7,22200761,"ValueError: starter solution requires missing in-period lineup transition game=22200761 period=1 team=1610612742: starters=[203501, 203915, 203939, 1627827, 1629029] violations=[{'kind': 'participant', 'event_num': 99, 'player_id': 1629033, 'event_type': 6}]"
2022-23,7,treb-fanout-2022-7,22200789,"ValueError: starter solution requires missing in-period lineup transition game=22200789 period=4 team=1610612761: starters=[1628449, 1629018, 1630201, 1630567, 1631132] violations=[{'kind': 'participant', 'event_num': 642, 'player_id': 1630173, 'event_type': 6}]"
2022-23,7,treb-fanout-2022-7,22200790,"ValueError: starter solution requires missing in-period lineup transition game=22200790 period=3 team=1610612753: starters=[203914, 1628365, 1628964, 1630532, 1631094] violations=[{'kind': 'participant', 'event_num': 514, 'player_id': 1628964, 'event_type': 6}]"
2022-23,8,treb-fanout-2022-8,22200812,ValueError: unmatched PBP rebound rows game=22200812: 15
2022-23,8,treb-fanout-2022-8,22200820,"ValueError: starter solution requires missing in-period lineup transition game=22200820 period=3 team=1610612750: starters=[203497, 1626156, 1627752, 1630162, 1630183] violations=[{'kind': 'participant', 'event_num': 404, 'player_id': 1626156, 'event_type': 6}, {'kind': 'participant', 'event_num': 406, 'player_id': 1626156, 'event_type': 6}]"
2022-23,8,treb-fanout-2022-8,22200835,ValueError: unmatched PBP rebound rows game=22200835: 1
2022-23,8,treb-fanout-2022-8,22200845,"ValueError: starter solution requires missing in-period lineup transition game=22200845 period=4 team=1610612749: starters=[201572, 1626192, 1628960, 1628975, 1630572] violations=[{'kind': 'participant', 'event_num': 594, 'player_id': 203507, 'event_type': 6}]"
2022-23,8,treb-fanout-2022-8,22200868,"ValueError: starter solution requires missing in-period lineup transition game=22200868 period=3 team=1610612753: starters=[203914, 1628365, 1628976, 1630532, 1631094] violations=[{'kind': 'participant', 'event_num': 366, 'player_id': 1629021, 'event_type': 6}]"
2022-23,8,treb-fanout-2022-8,22200892,"ValueError: non-unique v3/team-local starter solution game=22200892 period=5 team=1610612760: candidates=[203967, 1628983, 1629652, 1630526, 1630544, 1630581, 1631114, 1631119] prior=[1628983, 1629652, 1630198, 1630581, 1631114] best_score=0 solutions=[[203967, 1628983, 1629652, 1630581, 1631119], [1628983, 1629652, 1630526, 1630581, 1631119], [1628983, 1629652, 1630544, 1630581, 1631119], [1628983, 1629652, 1630581, 1631114, 1631119]]"
2022-23,9,treb-fanout-2022-9,22200904,"ValueError: starter solution requires missing in-period lineup transition game=22200904 period=2 team=1610612748: starters=[203506, 1628389, 1628997, 1629130, 1629622] violations=[{'kind': 'participant', 'event_num': 324, 'player_id': 1628389, 'event_type': 6}]"
2022-23,9,treb-fanout-2022-9,22200924,"ValueError: starter solution requires missing in-period lineup transition game=22200924 period=3 team=1610612749: starters=[201572, 201950, 203507, 1626192, 1628960] violations=[{'kind': 'participant', 'event_num': 449, 'player_id': 203648, 'event_type': 6}]"
2022-23,9,treb-fanout-2022-9,22200948,"ValueError: starter solution requires missing in-period lineup transition game=22200948 period=3 team=1610612738: starters=[201143, 203935, 1627759, 1628369, 1629057] violations=[{'kind': 'participant', 'event_num': 393, 'player_id': 203935, 'event_type': 6}]"
2022-23,9,treb-fanout-2022-9,22200950,"ValueError: starter solution requires missing in-period lineup transition game=22200950 period=3 team=1610612741: starters=[201942, 201976, 202696, 203897, 1630172] violations=[{'kind': 'participant', 'event_num': 465, 'player_id': 201976, 'event_type': 6}]"
2022-23,10,treb-fanout-2022-10,22201007,"ValueError: non-unique v3/team-local starter solution game=22201007 period=5 team=1610612748: candidates=[200768, 201567, 202710, 203469, 203506, 1628389, 1629216, 1629622, 1629639, 1630209] prior=[200768, 202710, 1628389, 1629622, 1629639] best_score=0 solutions=[[200768, 201567, 202710, 1628389, 1629216], [200768, 202710, 203469, 1628389, 1629216], [200768, 202710, 203506, 1628389, 1629216], [200768, 202710, 1628389, 1629216, 1629622], [200768, 202710, 1628389, 1629216, 1629639], [200768, 202710, 1628389, 1629216, 1630209]]"
2022-23,10,treb-fanout-2022-10,22201011,"ValueError: starter solution requires missing in-period lineup transition game=22201011 period=2 team=1610612740: starters=[203468, 1629637, 1630230, 1630530, 1630700] violations=[{'kind': 'participant', 'event_num': 266, 'player_id': 202685, 'event_type': 6}]"
2022-23,10,treb-fanout-2022-10,22201018,ValueError: unmatched PBP rebound rows game=22201018: 16
2022-23,10,treb-fanout-2022-10,22201024,"ValueError: starter solution requires missing in-period lineup transition game=22201024 period=2 team=1610612738: starters=[201933, 1627763, 1628369, 1628401, 1630573] violations=[{'kind': 'participant', 'event_num': 170, 'player_id': 203935, 'event_type': 6}]"
2022-23,10,treb-fanout-2022-10,22201062,"ValueError: starter solution requires missing in-period lineup transition game=22201062 period=1 team=1610612762: starters=[203482, 1628374, 1629659, 1630534, 1631117] violations=[{'kind': 'participant', 'event_num': 105, 'player_id': 203482, 'event_type': 6}]"
2022-23,10,treb-fanout-2022-10,22201064,"ValueError: starter solution requires missing in-period lineup transition game=22201064 period=1 team=1610612756: starters=[101108, 202687, 1626164, 1628470, 1629006] violations=[{'kind': 'participant', 'event_num': 101, 'player_id': 202687, 'event_type': 6}]"
2022-23,10,treb-fanout-2022-10,22201076,ValueError: unmatched PBP rebound rows game=22201076: 33
2022-23,10,treb-fanout-2022-10,22201083,ValueError: unmatched PBP rebound rows game=22201083: 1
2022-23,11,treb-fanout-2022-11,22201109,"ValueError: starter solution requires missing in-period lineup transition game=22201109 period=3 team=1610612749: starters=[201572, 201950, 203114, 203507, 1628960] violations=[{'kind': 'participant', 'event_num': 419, 'player_id': 201572, 'event_type': 6}]"
2022-23,11,treb-fanout-2022-11,22201112,"ValueError: starter solution requires missing in-period lineup transition game=22201112 period=2 team=1610612740: starters=[202685, 203468, 1626196, 1630230, 1630530] violations=[{'kind': 'participant', 'event_num': 295, 'player_id': 1630230, 'event_type': 6}]"
2022-23,11,treb-fanout-2022-11,22201122,"ValueError: starter solution requires missing in-period lineup transition game=22201122 period=4 team=1610612749: starters=[202083, 203114, 1626171, 1628960, 1628975] violations=[{'kind': 'participant', 'event_num': 737, 'player_id': 204060, 'event_type': 6}]"
2022-23,11,treb-fanout-2022-11,22201127,"ValueError: starter solution requires missing in-period lineup transition game=22201127 period=2 team=1610612757: starters=[1628995, 1629234, 1629629, 1630553, 1631101] violations=[{'kind': 'participant', 'event_num': 282, 'player_id': 1629642, 'event_type': 6}]"
2022-23,11,treb-fanout-2022-11,22201161,"ValueError: starter solution requires missing in-period lineup transition game=22201161 period=2 team=1610612742: starters=[202681, 203200, 1626174, 1628467, 1630702] violations=[{'kind': 'participant', 'event_num': 208, 'player_id': 1629033, 'event_type': 6}]"
2022-23,11,treb-fanout-2022-11,22201168,ValueError: unmatched PBP rebound rows game=22201168: 12
2022-23,11,treb-fanout-2022-11,22201171,ValueError: unmatched PBP rebound rows game=22201171: 13
2022-23,11,treb-fanout-2022-11,22201186,"ValueError: starter solution requires missing in-period lineup transition game=22201186 period=3 team=1610612747: starters=[2544, 203076, 203471, 1629020, 1630559] violations=[{'kind': 'participant', 'event_num': 417, 'player_id': 1629020, 'event_type': 6}]"
2022-23,11,treb-fanout-2022-11,22201187,ValueError: unmatched PBP rebound rows game=22201187: 22
2022-23,11,treb-fanout-2022-11,22201194,"ValueError: non-unique v3/team-local starter solution game=22201194 period=5 team=1610612740: candidates=[202685, 203468, 1626196, 1626204, 1627742, 1630230, 1630529, 1630530, 1630700] prior=[203468, 1626196, 1627742, 1630529, 1630530] best_score=0 solutions=[[202685, 1626204, 1627742, 1630529, 1630530], [203468, 1626204, 1627742, 1630529, 1630530], [1626196, 1626204, 1627742, 1630529, 1630530], [1626204, 1627742, 1630230, 1630529, 1630530], [1626204, 1627742, 1630529, 1630530, 1630700]]"
2022-23,12,treb-fanout-2022-12,22201205,"ValueError: non-unique v3/team-local starter solution game=22201205 period=5 team=1610612737: candidates=[203991, 1627749, 1628381, 1628988, 1629027, 1629631, 1630168, 1630180, 1630552] prior=[1627749, 1628381, 1629027, 1629631, 1630180] best_score=0 solutions=[[203991, 1627749, 1628381, 1628988, 1629027], [203991, 1627749, 1628381, 1629027, 1629631], [203991, 1627749, 1628381, 1629027, 1630168], [203991, 1627749, 1628381, 1629027, 1630180], [203991, 1627749, 1628381, 1629027, 1630552]]"
2022-23,12,treb-fanout-2022-12,22201218,ValueError: unmatched PBP rebound rows game=22201218: 10
2023-24,0,treb-fanout-2023-0,22300011,"ValueError: starter solution requires missing in-period lineup transition game=22300011 period=2 team=1610612745: starters=[1627832, 1628415, 1629111, 1631095, 1631106] violations=[{'kind': 'participant', 'event_num': 229, 'player_id': 1628415, 'event_type': 6}]"
2023-24,0,treb-fanout-2023-0,22300029,"ValueError: starter solution requires missing in-period lineup transition game=22300029 period=4 team=1610612755: starters=[202699, 1627863, 1629001, 1630194, 1630531] violations=[{'kind': 'participant', 'event_num': 556, 'player_id': 201976, 'event_type': 6}]"
2023-24,0,treb-fanout-2023-0,22300043,"ValueError: starter solution requires missing in-period lineup transition game=22300043 period=3 team=1610612753: starters=[203914, 1629048, 1630532, 1630591, 1631094] violations=[{'kind': 'participant', 'event_num': 424, 'player_id': 1629048, 'event_type': 6}]"
2023-24,0,treb-fanout-2023-0,22300088,"ValueError: starter solution requires missing in-period lineup transition game=22300088 period=2 team=1610612741: starters=[201942, 203083, 1628470, 1628975, 1630245] violations=[{'kind': 'participant', 'event_num': 153, 'player_id': 203897, 'event_type': 6}]"
2023-24,1,treb-fanout-2023-1,22300108,"ValueError: starter solution requires missing in-period lineup transition game=22300108 period=4 team=1610612744: starters=[101108, 203952, 203967, 1631218, 1641764] violations=[{'kind': 'participant', 'event_num': 685, 'player_id': 203110, 'event_type': 6}]"
2023-24,1,treb-fanout-2023-1,22300124,"ValueError: starter solution requires missing in-period lineup transition game=22300124 period=2 team=1610612741: starters=[201942, 203083, 1627936, 1628470, 1628975] violations=[{'kind': 'participant', 'event_num': 255, 'player_id': 1628975, 'event_type': 6}]"
2023-24,1,treb-fanout-2023-1,22300128,"ValueError: starter solution requires missing in-period lineup transition game=22300128 period=1 team=1610612761: starters=[203471, 1627751, 1627783, 1628384, 1630567] violations=[{'kind': 'participant', 'event_num': 115, 'player_id': 202066, 'event_type': 6}]"
2023-24,1,treb-fanout-2023-1,22300130,"ValueError: starter solution requires missing in-period lineup transition game=22300130 period=4 team=1610612753: starters=[1628371, 1629021, 1630175, 1630532, 1641710] violations=[{'kind': 'participant', 'event_num': 598, 'player_id': 1631094, 'event_type': 6}]"
2023-24,1,treb-fanout-2023-1,22300162,"ValueError: non-unique v3/team-local starter solution game=22300162 period=5 team=1610612756: candidates=[201142, 201569, 203078, 203994, 1628960, 1628966, 1629006, 1629139, 1629234, 1630692] prior=[201142, 203078, 203994, 1628960, 1629139] best_score=0 solutions=[[201142, 201569, 203994, 1628966, 1630692], [201142, 203078, 203994, 1628966, 1630692], [201142, 203994, 1628960, 1628966, 1630692], [201142, 203994, 1628966, 1629006, 1630692], [201142, 203994, 1628966, 1629139, 1630692], [201142, 203994, 1628966, 1629234, 1630692]]"
2023-24,1,treb-fanout-2023-1,22300165,"ValueError: starter solution requires missing in-period lineup transition game=22300165 period=2 team=1610612749: starters=[203507, 1626166, 1626171, 1626192, 1627736] violations=[{'kind': 'participant', 'event_num': 288, 'player_id': 201572, 'event_type': 6}]"
2023-24,2,treb-fanout-2023-2,22300212,"ValueError: starter solution requires missing in-period lineup transition game=22300212 period=4 team=1610612758: starters=[201580, 203084, 1628368, 1628370, 1631099] violations=[{'kind': 'participant', 'event_num': 551, 'player_id': 1628370, 'event_type': 6}]"
2023-24,2,treb-fanout-2023-2,22300221,"ValueError: starter solution requires missing in-period lineup transition game=22300221 period=4 team=1610612752: starters=[1628392, 1628404, 1628978, 1629628, 1630193] violations=[{'kind': 'participant', 'event_num': 530, 'player_id': 1629628, 'event_type': 6}]"
2023-24,2,treb-fanout-2023-2,22300231,"ValueError: starter solution requires missing in-period lineup transition game=22300231 period=3 team=1610612745: starters=[1627832, 1628415, 1630224, 1630578, 1631095] violations=[{'kind': 'participant', 'event_num': 504, 'player_id': 1630578, 'event_type': 6}]"
2023-24,2,treb-fanout-2023-2,22300264,"ValueError: starter solution requires missing in-period lineup transition game=22300264 period=1 team=1610612746: starters=[201935, 202331, 202695, 1627826, 1629611] violations=[{'kind': 'participant', 'event_num': 165, 'player_id': 1630538, 'event_type': 6}]"
2023-24,2,treb-fanout-2023-2,22300279,ValueError: unmatched PBP rebound rows game=22300279: 1
2023-24,2,treb-fanout-2023-2,22300280,"ValueError: starter solution requires missing in-period lineup transition game=22300280 period=1 team=1610612744: starters=[201939, 202691, 203110, 203967, 1630541] violations=[{'kind': 'participant', 'event_num': 91, 'player_id': 202691, 'event_type': 6}]"
2023-24,2,treb-fanout-2023-2,22300291,"ValueError: starter solution requires missing in-period lineup transition game=22300291 period=2 team=1610612747: starters=[2544, 1626174, 1629020, 1629629, 1630559] violations=[{'kind': 'participant', 'event_num': 301, 'player_id': 1626174, 'event_type': 6}]"
2023-24,2,treb-fanout-2023-2,22300300,"ValueError: non-unique v3/team-local starter solution game=22300300 period=5 team=1610612749: candidates=[201572, 203081, 203114, 203507, 1626171, 1627736, 1630699, 1631260] prior=[201572, 203081, 203114, 203507, 1627736] best_score=0 solutions=[[201572, 203081, 203114, 203507, 1626171], [201572, 203081, 203114, 203507, 1627736], [201572, 203081, 203114, 203507, 1630699], [201572, 203081, 203114, 203507, 1631260]]"
2023-24,3,treb-fanout-2023-3,22300320,ValueError: unmatched PBP rebound rows game=22300320: 1
2023-24,3,treb-fanout-2023-3,22300387,"ValueError: starter solution requires missing in-period lineup transition game=22300387 period=2 team=1610612756: starters=[201569, 1626164, 1629002, 1629234, 1630240] violations=[{'kind': 'participant', 'event_num': 287, 'player_id': 201142, 'event_type': 6}]"
2023-24,3,treb-fanout-2023-3,22300397,"ValueError: starter solution requires missing in-period lineup transition game=22300397 period=4 team=1610612747: starters=[2544, 203076, 1626156, 1627752, 1630559] violations=[{'kind': 'participant', 'event_num': 579, 'player_id': 1627752, 'event_type': 6}]"
2023-24,4,treb-fanout-2023-4,22300472,"ValueError: starter solution requires missing in-period lineup transition game=22300472 period=2 team=1610612742: starters=[202681, 203501, 203552, 1629684, 1641726] violations=[{'kind': 'participant', 'event_num': 287, 'player_id': 1629684, 'event_type': 6}]"
2023-24,4,treb-fanout-2023-4,22300473,"ValueError: starter solution requires missing in-period lineup transition game=22300473 period=2 team=1610612746: starters=[201566, 201935, 1626181, 1628464, 1629599] violations=[{'kind': 'participant', 'event_num': 295, 'player_id': 1630538, 'event_type': 6}]"
2023-24,5,treb-fanout-2023-5,22300512,"ValueError: starter solution requires missing in-period lineup transition game=22300512 period=3 team=1610612765: starters=[202711, 1630165, 1630587, 1631093, 1631105] violations=[{'kind': 'participant', 'event_num': 345, 'player_id': 202692, 'event_type': 6}]"
2023-24,5,treb-fanout-2023-5,22300517,"ValueError: non-unique v3/team-local starter solution game=22300517 period=5 team=1610612738: candidates=[201143, 201950, 1627759, 1628369, 1628401, 1628436, 1629052, 1630202, 1630573] prior=[201143, 201950, 1627759, 1628369, 1628401] best_score=0 solutions=[[201143, 201950, 1627759, 1628369, 1628401], [201143, 201950, 1627759, 1628369, 1628436], [201143, 201950, 1627759, 1628369, 1629052], [201143, 201950, 1627759, 1628369, 1630202], [201143, 201950, 1627759, 1628369, 1630573]]"
2023-24,5,treb-fanout-2023-5,22300594,"ValueError: starter solution requires missing in-period lineup transition game=22300594 period=4 team=1610612764: starters=[1626153, 1630166, 1630557, 1631116, 1641731] violations=[{'kind': 'participant', 'event_num': 598, 'player_id': 1629673, 'event_type': 6}]"
2023-24,6,treb-fanout-2023-6,22300606,"ValueError: starter solution requires missing in-period lineup transition game=22300606 period=1 team=1610612749: starters=[201572, 203081, 203114, 203507, 1627736] violations=[{'kind': 'participant', 'event_num': 134, 'player_id': 201572, 'event_type': 6}]"
2023-24,6,treb-fanout-2023-6,22300634,"ValueError: starter solution requires missing in-period lineup transition game=22300634 period=4 team=1610612737: starters=[203992, 1627749, 1629726, 1630168, 1630552] violations=[{'kind': 'participant', 'event_num': 565, 'player_id': 1629726, 'event_type': 6}]"
2023-24,6,treb-fanout-2023-6,22300694,ValueError: unmatched PBP rebound rows game=22300694: 1
2023-24,6,treb-fanout-2023-6,22300698,"ValueError: starter solution requires missing in-period lineup transition game=22300698 period=4 team=1610612755: starters=[201976, 1627788, 1628964, 1630231, 1630531] violations=[{'kind': 'participant', 'event_num': 590, 'player_id': 201976, 'event_type': 6}, {'kind': 'participant', 'event_num': 644, 'player_id': 201976, 'event_type': 6}]"
2023-24,7,treb-fanout-2023-7,22300710,"ValueError: starter solution requires missing in-period lineup transition game=22300710 period=3 team=1610612761: starters=[1627751, 1629018, 1629628, 1630193, 1630567] violations=[{'kind': 'participant', 'event_num': 452, 'player_id': 1630193, 'event_type': 6}]"
2023-24,7,treb-fanout-2023-7,22300712,"ValueError: starter solution requires missing in-period lineup transition game=22300712 period=3 team=1610612743: starters=[203484, 203932, 203999, 1627750, 1629008] violations=[{'kind': 'participant', 'event_num': 392, 'player_id': 203932, 'event_type': 6}]"
2023-24,7,treb-fanout-2023-7,22300723,"ValueError: starter solution requires missing in-period lineup transition game=22300723 period=4 team=1610612750: starters=[201144, 203497, 203937, 1626157, 1629638] violations=[{'kind': 'participant', 'event_num': 657, 'player_id': 203937, 'event_type': 6}]"
2023-24,8,treb-fanout-2023-8,22300820,ValueError: unmatched PBP rebound rows game=22300820: 1
2023-24,8,treb-fanout-2023-8,22300827,"ValueError: starter solution requires missing in-period lineup transition game=22300827 period=3 team=1610612758: starters=[203084, 1627734, 1628368, 1628989, 1631099] violations=[{'kind': 'participant', 'event_num': 356, 'player_id': 1630222, 'event_type': 6}]"
2023-24,8,treb-fanout-2023-8,22300849,"ValueError: starter solution requires missing in-period lineup transition game=22300849 period=1 team=1610612749: starters=[201572, 203081, 203109, 203507, 1627736] violations=[{'kind': 'participant', 'event_num': 152, 'player_id': 203648, 'event_type': 6}]"
2023-24,8,treb-fanout-2023-8,22300884,"ValueError: starter solution requires missing in-period lineup transition game=22300884 period=3 team=1610612747: starters=[2544, 203076, 1626156, 1629060, 1630559] violations=[{'kind': 'participant', 'event_num': 377, 'player_id': 1627752, 'event_type': 6}]"
2023-24,8,treb-fanout-2023-8,22300893,"ValueError: non-unique v3/team-local starter solution game=22300893 period=5 team=1610612743: candidates=[202704, 203484, 203932, 203999, 1627750, 1629008, 1630192, 1631128, 1631212] prior=[203484, 203932, 203999, 1627750, 1629008] best_score=0 solutions=[[202704, 203484, 203999, 1627750, 1629008], [203484, 203932, 203999, 1627750, 1629008], [203484, 203999, 1627750, 1629008, 1630192], [203484, 203999, 1627750, 1629008, 1631128], [203484, 203999, 1627750, 1629008, 1631212]]"
2023-24,9,treb-fanout-2023-9,22300906,"ValueError: starter solution requires missing in-period lineup transition game=22300906 period=4 team=1610612743: starters=[203200, 1627750, 1630192, 1631128, 1631212] violations=[{'kind': 'participant', 'event_num': 511, 'player_id': 203932, 'event_type': 6}]"
2023-24,9,treb-fanout-2023-9,22300919,"ValueError: starter solution requires missing in-period lineup transition game=22300919 period=2 team=1610612742: starters=[202681, 203501, 1628467, 1629023, 1629029] violations=[{'kind': 'participant', 'event_num': 201, 'player_id': 203939, 'event_type': 6}]"
2023-24,9,treb-fanout-2023-9,22300989,"ValueError: non-unique v3/team-local starter solution game=22300989 period=5 team=1610612763: candidates=[203935, 1628991, 1630217, 1630583, 1630610, 1631222, 1641713, 1641998] prior=[1628991, 1630217, 1630583, 1631222, 1641713] best_score=2 solutions=[[203935, 1628991, 1630583, 1631222, 1641713], [1628991, 1630217, 1630583, 1631222, 1641713]]"
2023-24,10,treb-fanout-2023-10,22301002,ValueError: unmatched PBP rebound rows game=22301002: 1
2023-24,10,treb-fanout-2023-10,22301060,"ValueError: starter solution requires missing in-period lineup transition game=22301060 period=2 team=1610612737: starters=[202083, 203992, 1628981, 1629726, 1630235] violations=[{'kind': 'participant', 'event_num': 255, 'player_id': 1629027, 'event_type': 6}]"
2023-24,10,treb-fanout-2023-10,22301061,"ValueError: starter solution requires missing in-period lineup transition game=22301061 period=1 team=1610612749: starters=[201572, 203081, 203114, 203507, 1627736] violations=[{'kind': 'participant', 'event_num': 118, 'player_id': 201572, 'event_type': 6}]"
2023-24,10,treb-fanout-2023-10,22301077,"ValueError: starter solution requires missing in-period lineup transition game=22301077 period=4 team=1610612743: starters=[202704, 203200, 203932, 1631128, 1631212] violations=[{'kind': 'participant', 'event_num': 467, 'player_id': 203484, 'event_type': 6}]"
2023-24,10,treb-fanout-2023-10,22301100,"ValueError: starter solution requires missing in-period lineup transition game=22301100 period=2 team=1610612739: starters=[202694, 1628386, 1629622, 1629636, 1630241] violations=[{'kind': 'participant', 'event_num': 257, 'player_id': 1629636, 'event_type': 6}]"
2023-24,11,treb-fanout-2023-11,22301109,"ValueError: starter solution requires missing in-period lineup transition game=22301109 period=4 team=1610612753: starters=[204060, 1628365, 1628371, 1629021, 1630175] violations=[{'kind': 'participant', 'event_num': 580, 'player_id': 1630175, 'event_type': 6}]"
2023-24,11,treb-fanout-2023-11,22301119,"ValueError: starter solution requires missing in-period lineup transition game=22301119 period=2 team=1610612741: starters=[201942, 203083, 1627936, 1628470, 1629632] violations=[{'kind': 'participant', 'event_num': 270, 'player_id': 203083, 'event_type': 6}]"
2023-24,11,treb-fanout-2023-11,22301135,"ValueError: starter solution requires missing in-period lineup transition game=22301135 period=3 team=1610612760: starters=[1629652, 1630581, 1630598, 1631096, 1641717] violations=[{'kind': 'participant', 'event_num': 436, 'player_id': 1630581, 'event_type': 6}]"
2023-24,11,treb-fanout-2023-11,22301147,"ValueError: non-unique v3/team-local starter solution game=22301147 period=5 team=1610612748: candidates=[201567, 202710, 1626153, 1628389, 1628997, 1629312, 1629639, 1631107, 1631170] prior=[202710, 1628389, 1628997, 1629639, 1631107] best_score=0 solutions=[[201567, 202710, 1628389, 1629312, 1631107], [202710, 1626153, 1628389, 1629312, 1631107], [202710, 1628389, 1628997, 1629312, 1631107], [202710, 1628389, 1629312, 1629639, 1631107], [202710, 1628389, 1629312, 1631107, 1631170]]"
2023-24,11,treb-fanout-2023-11,22301153,"ValueError: starter solution requires missing in-period lineup transition game=22301153 period=4 team=1610612758: starters=[203084, 1626168, 1627734, 1630558, 1641732] violations=[{'kind': 'participant', 'event_num': 528, 'player_id': 1628368, 'event_type': 6}]"
2023-24,11,treb-fanout-2023-11,22301158,"ValueError: starter solution requires missing in-period lineup transition game=22301158 period=3 team=1610612739: starters=[1628378, 1628386, 1629622, 1629636, 1630596] violations=[{'kind': 'participant', 'event_num': 404, 'player_id': 202694, 'event_type': 6}]"
2023-24,12,treb-fanout-2023-12,22301227,"ValueError: starter solution requires missing in-period lineup transition game=22301227 period=4 team=1610612738: starters=[201143, 204001, 1627759, 1630202, 1630573] violations=[{'kind': 'participant', 'event_num': 540, 'player_id': 1627759, 'event_type': 6}]"
2024-25,0,treb-fanout-2024-0,22400001,ValueError: unmatched PBP rebound rows game=22400001: 1
2024-25,0,treb-fanout-2024-0,22400010,"ValueError: starter solution requires missing in-period lineup transition game=22400010 period=4 team=1610612753: starters=[203914, 1628371, 1629021, 1630591, 1641710] violations=[{'kind': 'participant', 'event_num': 557, 'player_id': 1631094, 'event_type': 6}]"
2024-25,0,treb-fanout-2024-0,22400019,"ValueError: starter solution requires missing in-period lineup transition game=22400019 period=4 team=1610612744: starters=[203110, 203937, 1627741, 1630541, 1641764] violations=[{'kind': 'participant', 'event_num': 815, 'player_id': 203110, 'event_type': 6}]"
2024-25,0,treb-fanout-2024-0,22400043,"ValueError: starter solution requires missing in-period lineup transition game=22400043 period=3 team=1610612751: starters=[1627732, 1629661, 1630533, 1630592, 1631213] violations=[{'kind': 'participant', 'event_num': 324, 'player_id': 1629651, 'event_type': 6}]"
2024-25,0,treb-fanout-2024-0,22400072,ValueError: unmatched PBP rebound rows game=22400072: 1
2024-25,0,treb-fanout-2024-0,22400078,"ValueError: starter solution requires missing in-period lineup transition game=22400078 period=1 team=1610612755: starters=[200768, 203083, 1626162, 1628997, 1630178] violations=[{'kind': 'participant', 'event_num': 166, 'player_id': 1628997, 'event_type': 6}]"
2024-25,0,treb-fanout-2024-0,22400080,"ValueError: starter solution requires missing in-period lineup transition game=22400080 period=4 team=1610612765: starters=[1627736, 1631093, 1631105, 1631323, 1641842] violations=[{'kind': 'participant', 'event_num': 502, 'player_id': 1630595, 'event_type': 6}]"
2024-25,1,treb-fanout-2024-1,22400142,"ValueError: starter solution requires missing in-period lineup transition game=22400142 period=2 team=1610612755: starters=[200768, 201569, 203083, 1630231, 1642272] violations=[{'kind': 'participant', 'event_num': 326, 'player_id': 203083, 'event_type': 6}]"
2024-25,1,treb-fanout-2024-1,22400181,ValueError: unmatched PBP rebound rows game=22400181: 1
2024-25,1,treb-fanout-2024-1,22400187,"ValueError: starter solution requires missing in-period lineup transition game=22400187 period=2 team=1610612751: starters=[1627732, 1629661, 1630533, 1630553, 1630592] violations=[{'kind': 'participant', 'event_num': 212, 'player_id': 1630533, 'event_type': 6}]"
2024-25,2,treb-fanout-2024-2,22400212,"ValueError: starter solution requires missing in-period lineup transition game=22400212 period=3 team=1610612739: starters=[1628378, 1628386, 1629636, 1630171, 1630596] violations=[{'kind': 'participant', 'event_num': 513, 'player_id': 1629636, 'event_type': 6}]"
2024-25,2,treb-fanout-2024-2,22400223,"ValueError: non-unique v3/team-local starter solution game=22400223 period=5 team=1610612765: candidates=[202699, 1627736, 1630191, 1630194, 1630595, 1631105, 1631111, 1631204, 1641842] prior=[202699, 1627736, 1630595, 1631204, 1641842] best_score=0 solutions=[[202699, 1627736, 1630595, 1631105, 1631204], [1627736, 1630191, 1630595, 1631105, 1631204], [1627736, 1630194, 1630595, 1631105, 1631204], [1627736, 1630595, 1631105, 1631111, 1631204], [1627736, 1630595, 1631105, 1631204, 1641842]]"
2024-25,2,treb-fanout-2024-2,22400230,"ValueError: non-unique v3/team-local starter solution game=22400230 period=5 team=1610612761: candidates=[1627751, 1628449, 1628981, 1629628, 1630534, 1630558, 1641711, 1642347, 1642367, 1642419] prior=[1627751, 1629628, 1630534, 1630558, 1641711] best_score=0 solutions=[[1627751, 1628449, 1629628, 1630534, 1630558], [1627751, 1628981, 1629628, 1630534, 1630558], [1627751, 1629628, 1630534, 1630558, 1641711], [1627751, 1629628, 1630534, 1630558, 1642347], [1627751, 1629628, 1630534, 1630558, 1642367], [1627751, 1629628, 1630534, 1630558, 1642419]]"
2024-25,2,treb-fanout-2024-2,22400241,ValueError: unmatched PBP rebound rows game=22400241: 1
2024-25,2,treb-fanout-2024-2,22400242,"ValueError: starter solution requires missing in-period lineup transition game=22400242 period=2 team=1610612742: starters=[203915, 1629023, 1629656, 1630702, 1641726] violations=[{'kind': 'participant', 'event_num': 281, 'player_id': 202693, 'event_type': 6}]"
2024-25,2,treb-fanout-2024-2,22400245,"ValueError: starter solution requires missing in-period lineup transition game=22400245 period=4 team=1610612748: starters=[202692, 1626196, 1628389, 1629639, 1630696] violations=[{'kind': 'participant', 'event_num': 573, 'player_id': 1629639, 'event_type': 6}]"
2024-25,2,treb-fanout-2024-2,22400249,"ValueError: starter solution requires missing in-period lineup transition game=22400249 period=4 team=1610612756: starters=[203486, 1628420, 1628960, 1629006, 1642346] violations=[{'kind': 'participant', 'event_num': 497, 'player_id': 1626164, 'event_type': 6}]"
2024-25,2,treb-fanout-2024-2,22400268,"ValueError: starter solution requires missing in-period lineup transition game=22400268 period=2 team=1610612749: starters=[201572, 203081, 1626171, 1629018, 1631260] violations=[{'kind': 'participant', 'event_num': 334, 'player_id': 1627752, 'event_type': 6}]"
2024-25,2,treb-fanout-2024-2,22400290,"ValueError: non-unique v3/team-local starter solution game=22400290 period=5 team=1610612745: candidates=[203500, 1627832, 1628415, 1628988, 1630224, 1630578, 1631095, 1641708, 1642263] prior=[1627832, 1628415, 1630224, 1630578, 1631095] best_score=0 solutions=[[203500, 1627832, 1630224, 1630578, 1641708], [1627832, 1628415, 1630224, 1630578, 1641708], [1627832, 1628988, 1630224, 1630578, 1641708], [1627832, 1630224, 1630578, 1631095, 1641708], [1627832, 1630224, 1630578, 1641708, 1642263]]"
2024-25,3,treb-fanout-2024-3,22400323,"ValueError: starter solution requires missing in-period lineup transition game=22400323 period=4 team=1610612749: starters=[201572, 203081, 1626171, 1629018, 1631260] violations=[{'kind': 'participant', 'event_num': 563, 'player_id': 1626171, 'event_type': 6}]"
2024-25,3,treb-fanout-2024-3,22400326,"ValueError: starter solution requires missing in-period lineup transition game=22400326 period=3 team=1610612764: starters=[1627763, 1628963, 1629673, 1641731, 1642259] violations=[{'kind': 'participant', 'event_num': 585, 'player_id': 1629673, 'event_type': 6}]"
2024-25,3,treb-fanout-2024-3,22400331,"ValueError: starter solution requires missing in-period lineup transition game=22400331 period=3 team=1610612759: starters=[101108, 203084, 1630577, 1631110, 1642264] violations=[{'kind': 'participant', 'event_num': 517, 'player_id': 101108, 'event_type': 6}]"
2024-25,3,treb-fanout-2024-3,22400333,ValueError: unmatched PBP rebound rows game=22400333: 1
2024-25,3,treb-fanout-2024-3,22400337,"ValueError: starter solution requires missing in-period lineup transition game=22400337 period=2 team=1610612759: starters=[203084, 1628380, 1630577, 1631103, 1642264] violations=[{'kind': 'participant', 'event_num': 210, 'player_id': 1628380, 'event_type': 6}, {'kind': 'participant', 'event_num': 212, 'player_id': 1628380, 'event_type': 6}]"
2024-25,3,treb-fanout-2024-3,22400385,"ValueError: starter solution requires missing in-period lineup transition game=22400385 period=4 team=1610612742: starters=[202681, 1629023, 1629656, 1630230, 1641726] violations=[{'kind': 'participant', 'event_num': 565, 'player_id': 1630230, 'event_type': 6}]"
2024-25,3,treb-fanout-2024-3,22400392,"ValueError: starter solution requires missing in-period lineup transition game=22400392 period=4 team=1610612739: starters=[1627777, 1628378, 1629660, 1630596, 1642281] violations=[{'kind': 'participant', 'event_num': 585, 'player_id': 1629622, 'event_type': 6}]"
2024-25,3,treb-fanout-2024-3,22400393,"ValueError: starter solution requires missing in-period lineup transition game=22400393 period=4 team=1610612753: starters=[203484, 1628371, 1628976, 1630175, 1641710] violations=[{'kind': 'participant', 'event_num': 643, 'player_id': 1629048, 'event_type': 6}]"
2024-25,4,treb-fanout-2024-4,22400422,ValueError: unmatched PBP rebound rows game=22400422: 1
2024-25,4,treb-fanout-2024-4,22400432,"ValueError: starter solution requires missing in-period lineup transition game=22400432 period=3 team=1610612765: starters=[202699, 203501, 1630595, 1631093, 1631105] violations=[{'kind': 'participant', 'event_num': 461, 'player_id': 1630595, 'event_type': 6}]"
2024-25,4,treb-fanout-2024-4,22400433,"ValueError: starter solution requires missing in-period lineup transition game=22400433 period=3 team=1610612762: starters=[203903, 1628374, 1629012, 1631117, 1642262] violations=[{'kind': 'participant', 'event_num': 349, 'player_id': 1629234, 'event_type': 6}]"
2024-25,4,treb-fanout-2024-4,22400447,"ValueError: starter solution requires missing in-period lineup transition game=22400447 period=2 team=1610612755: starters=[202704, 203954, 1626162, 1627824, 1628997] violations=[{'kind': 'participant', 'event_num': 253, 'player_id': 200768, 'event_type': 6}]"
2024-25,4,treb-fanout-2024-4,22400469,"ValueError: starter solution requires missing in-period lineup transition game=22400469 period=3 team=1610612765: starters=[202699, 203501, 1630595, 1631105, 1631111] violations=[{'kind': 'participant', 'event_num': 522, 'player_id': 1631105, 'event_type': 6}]"
2024-25,4,treb-fanout-2024-4,22400487,ValueError: unmatched PBP rebound rows game=22400487: 1
2024-25,5,treb-fanout-2024-5,22400501,"ValueError: non-unique v3/team-local starter solution game=22400501 period=5 team=1610612748: candidates=[1626179, 1628389, 1629312, 1629639, 1631170, 1641796, 1642276] prior=[1626179, 1628389, 1629312, 1629639, 1631170] best_score=0 solutions=[[1626179, 1628389, 1629312, 1629639, 1631170], [1626179, 1628389, 1629312, 1631170, 1641796], [1626179, 1628389, 1629312, 1631170, 1642276]]"
2024-25,5,treb-fanout-2024-5,22400535,"ValueError: starter solution requires missing in-period lineup transition game=22400535 period=3 team=1610612750: starters=[203497, 203944, 1628978, 1630162, 1630183] violations=[{'kind': 'participant', 'event_num': 522, 'player_id': 1630162, 'event_type': 6}]"
2024-25,5,treb-fanout-2024-5,22400545,"ValueError: starter solution requires missing in-period lineup transition game=22400545 period=4 team=1610612760: starters=[1629026, 1630198, 1630598, 1631119, 1641717] violations=[{'kind': 'participant', 'event_num': 703, 'player_id': 1628983, 'event_type': 6}]"
2024-25,5,treb-fanout-2024-5,22400551,ValueError: unmatched PBP rebound rows game=22400551: 1
2024-25,5,treb-fanout-2024-5,22400569,"ValueError: starter solution requires missing in-period lineup transition game=22400569 period=1 team=1610612766: starters=[1628970, 1630163, 1630182, 1631109, 1641706] violations=[{'kind': 'participant', 'event_num': 141, 'player_id': 201959, 'event_type': 6}]"
2024-25,5,treb-fanout-2024-5,22400571,"ValueError: starter solution requires missing in-period lineup transition game=22400571 period=3 team=1610612751: starters=[1629651, 1630533, 1630553, 1631213, 1641730] violations=[{'kind': 'participant', 'event_num': 414, 'player_id': 1630533, 'event_type': 6}]"
2024-25,6,treb-fanout-2024-6,22400624,ValueError: unmatched PBP rebound rows game=22400624: 1
2024-25,6,treb-fanout-2024-6,22400648,"ValueError: starter solution requires missing in-period lineup transition game=22400648 period=3 team=1610612766: starters=[203995, 1628970, 1630182, 1631109, 1641733] violations=[{'kind': 'participant', 'event_num': 420, 'player_id': 1628970, 'event_type': 6}]"
2024-25,6,treb-fanout-2024-6,22400665,"ValueError: starter solution requires missing in-period lineup transition game=22400665 period=2 team=1610612764: starters=[1626158, 1628398, 1630557, 1642267, 1642273] violations=[{'kind': 'participant', 'event_num': 205, 'player_id': 1642267, 'event_type': 6}]"
2024-25,7,treb-fanout-2024-7,22400710,"ValueError: starter solution requires missing in-period lineup transition game=22400710 period=3 team=1610612738: starters=[201950, 204001, 1627759, 1628369, 1628401] violations=[{'kind': 'participant', 'event_num': 426, 'player_id': 1627759, 'event_type': 6}]"
2024-25,7,treb-fanout-2024-7,22400715,"ValueError: starter solution requires missing in-period lineup transition game=22400715 period=3 team=1610612746: starters=[201935, 202695, 1626181, 1627826, 1627884] violations=[{'kind': 'participant', 'event_num': 416, 'player_id': 1629645, 'event_type': 6}]"
2024-25,7,treb-fanout-2024-7,22400737,"ValueError: starter solution requires missing in-period lineup transition game=22400737 period=2 team=1610612751: starters=[1626156, 1630533, 1630549, 1631213, 1641787] violations=[{'kind': 'participant', 'event_num': 193, 'player_id': 1630553, 'event_type': 6}]"
2024-25,7,treb-fanout-2024-7,22400762,"ValueError: non-unique v3/team-local starter solution game=22400762 period=5 team=1610612758: candidates=[201942, 202685, 203897, 1627734, 1628370, 1631165] prior=[203897, 1626168, 1627734, 1631099, 1631165] best_score=0 solutions=[[201942, 202685, 1627734, 1628370, 1631165], [201942, 203897, 1627734, 1628370, 1631165]]"
2024-25,7,treb-fanout-2024-7,22400770,"ValueError: starter solution requires missing in-period lineup transition game=22400770 period=3 team=1610612766: starters=[203901, 203994, 1628970, 1630182, 1642275] violations=[{'kind': 'participant', 'event_num': 341, 'player_id': 1641733, 'event_type': 6}]"
2024-25,7,treb-fanout-2024-7,22400771,"ValueError: non-unique v3/team-local starter solution game=22400771 period=5 team=1610612764: candidates=[1627763, 1629673, 1630551, 1641731, 1641774, 1642259, 1642267, 1642273, 1642358] prior=[1629673, 1630557, 1642259, 1642267, 1642273] best_score=0 solutions=[[1627763, 1629673, 1641731, 1642259, 1642267], [1629673, 1630551, 1641731, 1642259, 1642267], [1629673, 1641731, 1641774, 1642259, 1642267], [1629673, 1641731, 1642259, 1642267, 1642273], [1629673, 1641731, 1642259, 1642267, 1642358]]"
2024-25,8,treb-fanout-2024-8,22400819,"ValueError: starter solution requires missing in-period lineup transition game=22400819 period=3 team=1610612739: starters=[1628378, 1628386, 1629622, 1630171, 1630596] violations=[{'kind': 'participant', 'event_num': 451, 'player_id': 202684, 'event_type': 6}]"
2024-25,8,treb-fanout-2024-8,22400827,"ValueError: starter solution requires missing in-period lineup transition game=22400827 period=2 team=1610612757: starters=[203924, 1629014, 1630625, 1631101, 1631133] violations=[{'kind': 'participant', 'event_num': 215, 'player_id': 1631101, 'event_type': 6}]"
2024-25,8,treb-fanout-2024-8,22400833,"ValueError: starter solution requires missing in-period lineup transition game=22400833 period=2 team=1610612740: starters=[203482, 1629627, 1630631, 1631255, 1641722] violations=[{'kind': 'participant', 'event_num': 282, 'player_id': 1630631, 'event_type': 6}]"
2024-25,8,treb-fanout-2024-8,22400850,"ValueError: starter solution requires missing in-period lineup transition game=22400850 period=2 team=1610612765: starters=[1627736, 1630595, 1631105, 1631323, 1641842] violations=[{'kind': 'participant', 'event_num': 362, 'player_id': 1630191, 'event_type': 6}]"
2024-25,8,treb-fanout-2024-8,22400856,"ValueError: starter solution requires missing in-period lineup transition game=22400856 period=4 team=1610612763: starters=[1628379, 1628991, 1630217, 1641744, 1642377] violations=[{'kind': 'participant', 'event_num': 520, 'player_id': 1629630, 'event_type': 6}]"
2024-25,9,treb-fanout-2024-9,22400903,"ValueError: non-unique v3/team-local starter solution game=22400903 period=5 team=1610612747: candidates=[2544, 1627827, 1629029, 1629216, 1629637, 1630559, 1641998, 1642261] prior=[2544, 1627827, 1629020, 1629029, 1629216] best_score=0 solutions=[[2544, 1627827, 1629029, 1629637, 1630559], [2544, 1629029, 1629216, 1629637, 1630559], [2544, 1629029, 1629637, 1630559, 1641998], [2544, 1629029, 1629637, 1630559, 1642261]]"
2024-25,9,treb-fanout-2024-9,22400944,"ValueError: starter solution requires missing in-period lineup transition game=22400944 period=2 team=1610612753: starters=[202709, 1629048, 1630532, 1641710, 1641783] violations=[{'kind': 'participant', 'event_num': 323, 'player_id': 1630532, 'event_type': 6}]"
2024-25,9,treb-fanout-2024-9,22400957,"ValueError: starter solution requires missing in-period lineup transition game=22400957 period=4 team=1610612758: starters=[203897, 1628370, 1631099, 1631165, 1631222] violations=[{'kind': 'participant', 'event_num': 503, 'player_id': 1626168, 'event_type': 6}]"
2024-25,9,treb-fanout-2024-9,22400969,"ValueError: starter solution requires missing in-period lineup transition game=22400969 period=3 team=1610612765: starters=[202699, 203501, 1630595, 1631105, 1641709] violations=[{'kind': 'participant', 'event_num': 404, 'player_id': 1641709, 'event_type': 6}]"
2024-25,9,treb-fanout-2024-9,22400975,"ValueError: starter solution requires missing in-period lineup transition game=22400975 period=3 team=1610612764: starters=[203114, 1629673, 1630551, 1642259, 1642273] violations=[{'kind': 'participant', 'event_num': 429, 'player_id': 1629673, 'event_type': 6}]"
2024-25,9,treb-fanout-2024-9,22400985,"ValueError: starter solution requires missing in-period lineup transition game=22400985 period=4 team=1610612745: starters=[1627832, 1628415, 1628988, 1631095, 1631106] violations=[{'kind': 'participant', 'event_num': 626, 'player_id': 1631106, 'event_type': 6}]"
2024-25,9,treb-fanout-2024-9,22400992,"ValueError: starter solution requires missing in-period lineup transition game=22400992 period=4 team=1610612763: starters=[1628379, 1628991, 1641744, 1642285, 1642377] violations=[{'kind': 'participant', 'event_num': 580, 'player_id': 1630217, 'event_type': 6}]"
2024-25,10,treb-fanout-2024-10,22401044,"ValueError: starter solution requires missing in-period lineup transition game=22401044 period=4 team=1610612738: starters=[201950, 1628401, 1628436, 1630202, 1631248] violations=[{'kind': 'participant', 'event_num': 498, 'player_id': 204001, 'event_type': 6}]"
2024-25,10,treb-fanout-2024-10,22401055,"ValueError: starter solution requires missing in-period lineup transition game=22401055 period=2 team=1610612754: starters=[204456, 1627783, 1630167, 1631097, 1641767] violations=[{'kind': 'participant', 'event_num': 237, 'player_id': 1630174, 'event_type': 6}]"
2024-25,10,treb-fanout-2024-10,22401083,"ValueError: starter solution requires missing in-period lineup transition game=22401083 period=3 team=1610612737: starters=[1629027, 1630168, 1630700, 1631243, 1642258] violations=[{'kind': 'participant', 'event_num': 449, 'player_id': 1629611, 'event_type': 6}]"
2024-25,11,treb-fanout-2024-11,22401102,"ValueError: non-unique v3/team-local starter solution game=22401102 period=6 team=1610612743: candidates=[201566, 201599, 203932, 203999, 1629618, 1630192, 1631128, 1631212, 1641816] prior=[201566, 203932, 203999, 1631128, 1631212] best_score=0 solutions=[[201566, 201599, 203932, 203999, 1631128], [201566, 203932, 203999, 1629618, 1631128], [201566, 203932, 203999, 1630192, 1631128], [201566, 203932, 203999, 1631128, 1631212], [201566, 203932, 203999, 1631128, 1641816]]"
2024-25,11,treb-fanout-2024-11,22401162,"ValueError: non-unique v3/team-local starter solution game=22401162 period=5 team=1610612762: candidates=[1629004, 1629012, 1630531, 1630548, 1630695, 1631131, 1641718, 1641729, 1642271] prior=[1630531, 1630548, 1641718, 1641729, 1642271] best_score=0 solutions=[[1629004, 1630548, 1641718, 1641729, 1642271], [1629012, 1630548, 1641718, 1641729, 1642271], [1630531, 1630548, 1641718, 1641729, 1642271], [1630548, 1630695, 1641718, 1641729, 1642271], [1630548, 1631131, 1641718, 1641729, 1642271]]"
2024-25,12,treb-fanout-2024-12,22401210,"ValueError: starter solution requires missing in-period lineup transition game=22401210 period=2 team=1610612750: starters=[201144, 203497, 1628978, 1629638, 1629675] violations=[{'kind': 'participant', 'event_num': 230, 'player_id': 1629675, 'event_type': 6}]"
2024-25,12,treb-fanout-2024-12,22401216,"ValueError: starter solution requires missing in-period lineup transition game=22401216 period=2 team=1610612740: starters=[203468, 1630527, 1630530, 1631288, 1642274] violations=[{'kind': 'participant', 'event_num': 313, 'player_id': 1628464, 'event_type': 6}]"
2024-25,12,treb-fanout-2024-12,22401218,"ValueError: starter solution requires missing in-period lineup transition game=22401218 period=4 team=1610612759: starters=[101108, 1630170, 1630577, 1641705, 1642264] violations=[{'kind': 'participant', 'event_num': 652, 'player_id': 101108, 'event_type': 6}]"
