season,player_id,team_id,canonical_classification,locked_segment_count,locked_source_supplied
2000-01,1000,1610612745,full_core,0,0
2000-01,1005,1610612745,full_core,0,0
2000-01,1023,1610612760,full_core,0,0
2000-01,103,1610612750,partial,1,1
2000-01,1032,1610612749,full_core,0,0
2000-01,1035,1610612759,full_core,0,0
2000-01,105,1610612748,full_core,0,0
2000-01,1051,1610612750,full_core,0,0
2000-01,1065,1610612752,partial,1,1
2000-01,1065,1610612763,partial,1,1
2000-01,1073,1610612750,full_core,0,0
2000-01,1074,1610612737,full_core,0,0
2000-01,1085,1610612737,partial,1,1
2000-01,1088,1610612765,full_core,0,0
2000-01,109,1610612747,full_core,0,0
2000-01,111,1610612750,full_core,0,0
2000-01,1110,1610612743,partial,1,1
2000-01,1110,1610612751,partial,1,1
2000-01,1112,1610612765,full_core,0,0
2000-01,1114,1610612759,full_core,0,0
2000-01,1134,1610612763,full_core,0,0
2000-01,1138,1610612739,partial,1,1
2000-01,120,1610612757,full_core,0,0
2000-01,121,1610612760,full_core,0,0
2000-01,123,1610612743,full_core,0,0
2000-01,124,1610612758,full_core,0,0
2000-01,128,1610612762,full_core,0,0
2000-01,133,1610612766,full_core,0,0
2000-01,136,1610612766,full_core,0,0
2000-01,137,1610612742,partial,1,1
2000-01,137,1610612755,partial,1,1
2000-01,1425,1610612751,full_core,0,0
2000-01,1434,1610612741,full_core,0,0
2000-01,1444,1610612758,full_core,0,0
2000-01,145,1610612743,partial,1,1
2000-01,145,1610612761,partial,1,1
2000-01,146,1610612765,full_core,0,0
2000-01,147,1610612754,full_core,0,0
2000-01,1477,1610612748,full_core,0,0
2000-01,1495,1610612759,full_core,0,0
2000-01,1496,1610612751,full_core,0,0
2000-01,1497,1610612750,full_core,0,0
2000-01,1498,1610612759,full_core,0,0
2000-01,1499,1610612738,full_core,0,0
2000-01,15,1610612746,full_core,0,0
2000-01,1500,1610612741,full_core,0,0
2000-01,1501,1610612749,full_core,0,0
2000-01,1502,1610612744,full_core,0,0
2000-01,1503,1610612753,full_core,0,0
2000-01,1504,1610612744,full_core,0,0
2000-01,1505,1610612743,full_core,0,0
2000-01,1506,1610612754,full_core,0,0
2000-01,1507,1610612759,full_core,0,0
2000-01,1508,1610612745,full_core,0,0
2000-01,1509,1610612745,full_core,0,0
2000-01,1510,1610612737,partial,1,1
2000-01,1510,1610612739,partial,1,1
2000-01,1513,1610612758,full_core,0,0
2000-01,1517,1610612758,full_core,0,0
2000-01,1521,1610612762,full_core,0,0
2000-01,1531,1610612744,full_core,0,0
2000-01,1533,1610612737,partial,1,1
2000-01,1533,1610612739,partial,1,1
2000-01,1536,1610612751,full_core,0,0
2000-01,1538,1610612739,full_core,0,0
2000-01,1541,1610612761,full_core,0,0
2000-01,1544,1610612737,full_core,0,0
2000-01,1548,1610612738,full_core,0,0
2000-01,1554,1610612748,partial,1,1
2000-01,1559,1610612738,full_core,0,0
2000-01,1562,1610612764,partial,1,1
2000-01,1563,1610612751,partial,1,1
2000-01,1563,1610612755,partial,1,1
2000-01,1564,1610612739,partial,1,1
2000-01,1565,1610612761,full_core,0,0
2000-01,1594,1610612738,partial,1,1
2000-01,1594,1610612752,partial,1,1
2000-01,1600,1610612761,partial,1,1
2000-01,1600,1610612765,partial,1,1
2000-01,1607,1610612753,full_core,0,0
2000-01,1609,1610612758,partial,1,1
2000-01,1612,1610612744,partial,1,1
2000-01,1630,1610612765,full_core,0,0
2000-01,164,1610612752,partial,1,1
2000-01,164,1610612761,partial,1,1
2000-01,165,1610612745,full_core,0,0
2000-01,166,1610612747,full_core,0,0
2000-01,168,1610612744,full_core,0,0
2000-01,1683,1610612737,partial,2,1
2000-01,1683,1610612739,partial,1,1
2000-01,1709,1610612746,full_core,0,0
2000-01,1710,1610612763,full_core,0,0
2000-01,1711,1610612743,full_core,0,0
2000-01,1712,1610612744,full_core,0,0
2000-01,1713,1610612761,full_core,0,0
2000-01,1714,1610612739,full_core,0,0
2000-01,1715,1610612758,full_core,0,0
2000-01,1716,1610612744,full_core,0,0
2000-01,1717,1610612742,full_core,0,0
2000-01,1718,1610612738,full_core,0,0
2000-01,1719,1610612757,full_core,0,0
2000-01,1720,1610612753,full_core,0,0
2000-01,1721,1610612743,partial,1,1
2000-01,1721,1610612761,partial,1,1
2000-01,1722,1610612763,full_core,0,0
2000-01,1723,1610612739,full_core,0,0
2000-01,1724,1610612741,full_core,0,0
2000-01,1725,1610612750,full_core,0,0
2000-01,1727,1610612753,full_core,0,0
2000-01,1728,1610612737,partial,1,1
2000-01,1728,1610612755,partial,1,1
2000-01,1729,1610612748,full_core,0,0
2000-01,1730,1610612746,full_core,0,0
2000-01,1731,1610612747,full_core,0,0
2000-01,1732,1610612750,partial,1,1
2000-01,1732,1610612764,partial,1,1
2000-01,1733,1610612754,full_core,0,0
2000-01,1734,1610612750,full_core,0,0
2000-01,1735,1610612751,partial,1,1
2000-01,1736,1610612741,full_core,0,0
2000-01,1737,1610612737,partial,1,1
2000-01,1737,1610612755,partial,1,1
2000-01,1739,1610612760,full_core,0,0
2000-01,1740,1610612760,full_core,0,0
2000-01,1741,1610612760,full_core,0,0
2000-01,1742,1610612760,full_core,0,0
2000-01,1743,1610612754,full_core,0,0
2000-01,1747,1610612749,full_core,0,0
2000-01,1749,1610612745,full_core,0,0
2000-01,1751,1610612764,full_core,0,0
2000-01,176,1610612757,full_core,0,0
2000-01,1760,1610612759,full_core,0,0
2000-01,1761,1610612742,full_core,0,0
2000-01,1763,1610612743,full_core,0,0
2000-01,177,1610612761,partial,1,1
2000-01,178,1610612762,full_core,0,0
2000-01,179,1610612738,full_core,0,0
2000-01,180,1610612762,full_core,0,0
2000-01,1800,1610612763,full_core,0,0
2000-01,1802,1610612741,full_core,0,0
2000-01,182,1610612765,full_core,0,0
2000-01,1838,1610612746,partial,1,1
2000-01,1838,1610612764,partial,1,1
2000-01,185,1610612758,full_core,0,0
2000-01,1853,1610612748,full_core,0,0
2000-01,1863,1610612746,full_core,0,0
2000-01,1864,1610612741,partial,1,1
2000-01,1882,1610612741,full_core,0,0
2000-01,1883,1610612745,full_core,0,0
2000-01,1884,1610612766,full_core,0,0
2000-01,1885,1610612746,full_core,0,0
2000-01,1886,1610612754,full_core,0,0
2000-01,1887,1610612750,full_core,0,0
2000-01,1888,1610612764,full_core,0,0
2000-01,1889,1610612739,full_core,0,0
2000-01,1890,1610612756,full_core,0,0
2000-01,1891,1610612737,full_core,0,0
2000-01,1892,1610612739,full_core,0,0
2000-01,1894,1610612746,full_core,0,0
2000-01,1895,1610612750,full_core,0,0
2000-01,1897,1610612741,full_core,0,0
2000-01,1898,1610612737,full_core,0,0
2000-01,1899,1610612743,full_core,0,0
2000-01,190,1610612748,full_core,0,0
2000-01,1900,1610612762,full_core,0,0
2000-01,1901,1610612737,full_core,0,0
2000-01,1902,1610612754,full_core,0,0
2000-01,1903,1610612745,full_core,0,0
2000-01,1904,1610612747,full_core,0,0
2000-01,1906,1610612766,full_core,0,0
2000-01,1907,1610612744,full_core,0,0
2000-01,1908,1610612755,full_core,0,0
2000-01,1909,1610612762,full_core,0,0
2000-01,1913,1610612741,full_core,0,0
2000-01,1914,1610612738,full_core,0,0
2000-01,1915,1610612751,full_core,0,0
2000-01,1916,1610612742,partial,1,1
2000-01,1916,1610612764,partial,1,1
2000-01,1917,1610612742,full_core,0,0
2000-01,1918,1610612742,partial,1,1
2000-01,1918,1610612764,partial,2,1
2000-01,1919,1610612764,full_core,0,0
2000-01,1924,1610612766,full_core,0,0
2000-01,1928,1610612755,full_core,0,0
2000-01,193,1610612748,full_core,0,0
2000-01,1930,1610612754,full_core,0,0
2000-01,1934,1610612755,partial,1,1
2000-01,1944,1610612766,full_core,0,0
2000-01,1950,1610612737,partial,1,1
2000-01,1952,1610612755,partial,1,1
2000-01,1956,1610612759,full_core,0,0
2000-01,1960,1610612738,partial,2,1
2000-01,197,1610612766,partial,1,1
2000-01,1975,1610612751,partial,1,1
2000-01,198,1610612759,full_core,0,0
2000-01,1985,1610612746,full_core,0,0
2000-01,201,1610612756,full_core,0,0
2000-01,202,1610612757,partial,1,1
2000-01,2030,1610612751,full_core,0,0
2000-01,2031,1610612763,full_core,0,0
2000-01,2032,1610612746,full_core,0,0
2000-01,2033,1610612741,full_core,0,0
2000-01,2034,1610612753,full_core,0,0
2000-01,2035,1610612737,full_core,0,0
2000-01,2036,1610612739,full_core,0,0
2000-01,2037,1610612741,full_core,0,0
2000-01,2038,1610612749,full_core,0,0
2000-01,2039,1610612746,full_core,0,0
2000-01,2040,1610612738,full_core,0,0
2000-01,2042,1610612742,partial,1,1
2000-01,2042,1610612764,partial,1,1
2000-01,2043,1610612765,full_core,0,0
2000-01,2044,1610612745,full_core,0,0
2000-01,2045,1610612758,full_core,0,0
2000-01,2046,1610612760,full_core,0,0
2000-01,2047,1610612746,full_core,0,0
2000-01,2048,1610612766,full_core,0,0
2000-01,2050,1610612761,full_core,0,0
2000-01,2051,1610612742,full_core,0,0
2000-01,2052,1610612762,full_core,0,0
2000-01,2053,1610612741,full_core,0,0
2000-01,2054,1610612756,full_core,0,0
2000-01,2055,1610612761,partial,1,1
2000-01,2057,1610612757,full_core,0,0
2000-01,2058,1610612747,full_core,0,0
2000-01,2059,1610612742,full_core,0,0
2000-01,2061,1610612745,full_core,0,0
2000-01,2062,1610612741,full_core,0,0
2000-01,2063,1610612741,full_core,0,0
2000-01,2064,1610612741,partial,1,1
2000-01,2065,1610612764,partial,2,1
2000-01,2066,1610612751,full_core,0,0
2000-01,2067,1610612748,full_core,0,0
2000-01,2068,1610612752,full_core,0,0
2000-01,2069,1610612737,full_core,0,0
2000-01,2071,1610612760,full_core,0,0
2000-01,2072,1610612749,full_core,0,0
2000-01,2073,1610612765,full_core,0,0
2000-01,2074,1610612758,full_core,0,0
2000-01,2078,1610612749,full_core,0,0
2000-01,208,1610612749,full_core,0,0
2000-01,2082,1610612743,partial,1,1
2000-01,2084,1610612744,full_core,0,0
2000-01,209,1610612761,full_core,0,0
2000-01,2091,1610612756,full_core,0,0
2000-01,2092,1610612744,partial,1,1
2000-01,2092,1610612756,partial,1,1
2000-01,2098,1610612747,full_core,0,0
2000-01,21,1610612757,full_core,0,0
2000-01,210,1610612750,full_core,0,0
2000-01,2101,1610612744,partial,1,1
2000-01,2101,1610612756,partial,1,1
2000-01,2106,1610612760,full_core,0,0
2000-01,2109,1610612751,partial,1,1
2000-01,2121,1610612766,partial,1,1
2000-01,2123,1610612743,partial,1,1
2000-01,2123,1610612761,partial,1,1
2000-01,2128,1610612764,partial,1,1
2000-01,213,1610612761,full_core,0,0
2000-01,2130,1610612747,full_core,0,0
2000-01,2143,1610612737,partial,1,1
2000-01,2143,1610612755,partial,2,1
2000-01,216,1610612747,full_core,0,0
2000-01,2173,1610612737,partial,1,1
2000-01,2173,1610612745,partial,1,1
2000-01,219,1610612744,partial,1,1
2000-01,219,1610612756,partial,1,1
2000-01,221,1610612739,full_core,0,0
2000-01,223,1610612742,partial,1,1
2000-01,223,1610612744,partial,2,1
2000-01,224,1610612748,full_core,0,0
2000-01,228,1610612744,full_core,0,0
2000-01,236,1610612763,full_core,0,0
2000-01,238,1610612755,full_core,0,0
2000-01,239,1610612758,full_core,0,0
2000-01,243,1610612755,full_core,0,0
2000-01,244,1610612753,full_core,0,0
2000-01,248,1610612755,full_core,0,0
2000-01,251,1610612759,full_core,0,0
2000-01,252,1610612762,full_core,0,0
2000-01,255,1610612753,full_core,0,0
2000-01,258,1610612748,full_core,0,0
2000-01,26,1610612752,full_core,0,0
2000-01,270,1610612747,full_core,0,0
2000-01,271,1610612751,full_core,0,0
2000-01,275,1610612752,full_core,0,0
2000-01,278,1610612757,full_core,0,0
2000-01,28,1610612763,full_core,0,0
2000-01,280,1610612752,full_core,0,0
2000-01,281,1610612749,full_core,0,0
2000-01,283,1610612749,full_core,0,0
2000-01,29,1610612751,full_core,0,0
2000-01,292,1610612737,partial,1,1
2000-01,292,1610612745,partial,1,1
2000-01,292,1610612755,partial,1,1
2000-01,296,1610612747,full_core,0,0
2000-01,297,1610612748,full_core,0,0
2000-01,299,1610612749,full_core,0,0
2000-01,3,1610612763,full_core,0,0
2000-01,302,1610612744,full_core,0,0
2000-01,304,1610612762,full_core,0,0
2000-01,317,1610612762,full_core,0,0
2000-01,323,1610612747,full_core,0,0
2000-01,324,1610612750,full_core,0,0
2000-01,330,1610612762,full_core,0,0
2000-01,339,1610612756,full_core,0,0
2000-01,344,1610612765,full_core,0,0
2000-01,345,1610612759,full_core,0,0
2000-01,349,1610612752,partial,1,1
2000-01,349,1610612761,partial,1,1
2000-01,353,1610612753,full_core,0,0
2000-01,358,1610612756,full_core,0,0
2000-01,359,1610612739,partial,2,1
2000-01,359,1610612744,partial,1,1
2000-01,361,1610612756,full_core,0,0
2000-01,363,1610612742,partial,1,1
2000-01,363,1610612764,partial,1,1
2000-01,365,1610612754,full_core,0,0
2000-01,369,1610612752,full_core,0,0
2000-01,371,1610612754,full_core,0,0
2000-01,375,1610612747,full_core,0,0
2000-01,376,1610612761,partial,1,1
2000-01,376,1610612765,partial,1,1
2000-01,380,1610612737,partial,1,1
2000-01,381,1610612753,partial,1,1
2000-01,383,1610612751,full_core,0,0
2000-01,384,1610612743,full_core,0,0
2000-01,386,1610612753,partial,1,1
2000-01,386,1610612756,partial,2,1
2000-01,389,1610612737,partial,1,1
2000-01,389,1610612755,partial,1,1
2000-01,393,1610612757,partial,1,1
2000-01,393,1610612764,partial,1,1
2000-01,397,1610612754,full_core,0,0
2000-01,399,1610612746,full_core,0,0
2000-01,400,1610612746,full_core,0,0
2000-01,406,1610612747,full_core,0,0
2000-01,417,1610612750,full_core,0,0
2000-01,42,1610612753,full_core,0,0
2000-01,422,1610612759,full_core,0,0
2000-01,423,1610612739,full_core,0,0
2000-01,426,1610612743,full_core,0,0
2000-01,428,1610612751,full_core,0,0
2000-01,43,1610612764,full_core,0,0
2000-01,431,1610612757,full_core,0,0
2000-01,435,1610612745,full_core,0,0
2000-01,436,1610612742,partial,1,1
2000-01,436,1610612764,partial,1,1
2000-01,440,1610612754,full_core,0,0
2000-01,441,1610612739,full_core,0,0
2000-01,442,1610612760,partial,1,1
2000-01,445,1610612739,full_core,0,0
2000-01,446,1610612751,full_core,0,0
2000-01,448,1610612753,full_core,0,0
2000-01,45,1610612743,full_core,0,0
2000-01,452,1610612760,full_core,0,0
2000-01,458,1610612742,full_core,0,0
2000-01,461,1610612764,full_core,0,0
2000-01,462,1610612739,partial,1,1
2000-01,467,1610612756,full_core,0,0
2000-01,468,1610612758,full_core,0,0
2000-01,469,1610612766,full_core,0,0
2000-01,51,1610612763,full_core,0,0
2000-01,53,1610612756,full_core,0,0
2000-01,56,1610612760,full_core,0,0
2000-01,57,1610612758,full_core,0,0
2000-01,63,1610612764,full_core,0,0
2000-01,64,1610612754,full_core,0,0
2000-01,67,1610612750,full_core,0,0
2000-01,672,1610612745,full_core,0,0
2000-01,673,1610612737,full_core,0,0
2000-01,677,1610612738,full_core,0,0
2000-01,679,1610612749,full_core,0,0
2000-01,680,1610612753,full_core,0,0
2000-01,682,1610612744,full_core,0,0
2000-01,685,1610612746,partial,1,1
2000-01,685,1610612764,partial,1,1
2000-01,686,1610612743,full_core,0,0
2000-01,688,1610612765,full_core,0,0
2000-01,689,1610612755,partial,1,1
2000-01,690,1610612753,full_core,0,0
2000-01,692,1610612753,full_core,0,0
2000-01,693,1610612765,partial,1,1
2000-01,695,1610612766,full_core,0,0
2000-01,696,1610612754,full_core,0,0
2000-01,697,1610612741,full_core,0,0
2000-01,699,1610612760,full_core,0,0
2000-01,70,1610612759,full_core,0,0
2000-01,702,1610612743,full_core,0,0
2000-01,703,1610612752,full_core,0,0
2000-01,708,1610612750,full_core,0,0
2000-01,711,1610612765,full_core,0,0
2000-01,713,1610612738,full_core,0,0
2000-01,714,1610612742,full_core,0,0
2000-01,715,1610612744,partial,1,1
2000-01,717,1610612757,full_core,0,0
2000-01,718,1610612742,full_core,0,0
2000-01,72,1610612738,full_core,0,0
2000-01,721,1610612754,full_core,0,0
2000-01,722,1610612761,partial,1,1
2000-01,722,1610612765,partial,1,1
2000-01,724,1610612753,partial,2,1
2000-01,727,1610612755,full_core,0,0
2000-01,731,1610612762,full_core,0,0
2000-01,735,1610612763,full_core,0,0
2000-01,739,1610612757,full_core,0,0
2000-01,753,1610612738,full_core,0,0
2000-01,754,1610612737,partial,1,1
2000-01,754,1610612739,partial,1,1
2000-01,757,1610612757,full_core,0,0
2000-01,76,1610612748,partial,1,1
2000-01,76,1610612765,partial,1,1
2000-01,760,1610612749,partial,1,1
2000-01,761,1610612755,full_core,0,0
2000-01,762,1610612742,full_core,0,0
2000-01,763,1610612763,full_core,0,0
2000-01,764,1610612759,full_core,0,0
2000-01,765,1610612766,full_core,0,0
2000-01,766,1610612760,full_core,0,0
2000-01,77,1610612738,partial,1,1
2000-01,77,1610612751,partial,1,1
2000-01,77,1610612766,partial,1,1
2000-01,779,1610612752,full_core,0,0
2000-01,781,1610612757,full_core,0,0
2000-01,782,1610612764,full_core,0,0
2000-01,788,1610612743,partial,1,1
2000-01,788,1610612761,partial,1,1
2000-01,84,1610612752,full_core,0,0
2000-01,85,1610612763,full_core,0,0
2000-01,87,1610612737,partial,1,1
2000-01,87,1610612755,partial,1,1
2000-01,89,1610612743,full_core,0,0
2000-01,891,1610612761,full_core,0,0
2000-01,895,1610612761,partial,1,1
2000-01,896,1610612748,full_core,0,0
2000-01,901,1610612766,full_core,0,0
2000-01,902,1610612739,full_core,0,0
2000-01,904,1610612744,full_core,0,0
2000-01,905,1610612757,full_core,0,0
2000-01,911,1610612749,full_core,0,0
2000-01,913,1610612752,full_core,0,0
2000-01,915,1610612756,full_core,0,0
2000-01,916,1610612744,partial,1,1
2000-01,916,1610612756,partial,1,1
2000-01,919,1610612742,partial,1,1
2000-01,919,1610612764,partial,1,1
2000-01,920,1610612748,full_core,0,0
2000-01,922,1610612766,full_core,0,0
2000-01,923,1610612762,full_core,0,0
2000-01,924,1610612743,partial,1,1
2000-01,93,1610612742,partial,1,1
2000-01,93,1610612764,partial,1,1
2000-01,931,1610612748,full_core,0,0
2000-01,934,1610612766,full_core,0,0
2000-01,935,1610612762,full_core,0,0
2000-01,937,1610612757,full_core,0,0
2000-01,947,1610612755,full_core,0,0
2000-01,948,1610612752,full_core,0,0
2000-01,949,1610612763,full_core,0,0
2000-01,95,1610612742,partial,1,1
2000-01,950,1610612751,full_core,0,0
2000-01,951,1610612749,full_core,0,0
2000-01,952,1610612738,full_core,0,0
2000-01,953,1610612737,full_core,0,0
2000-01,955,1610612759,full_core,0,0
2000-01,956,1610612744,full_core,0,0
2000-01,957,1610612748,full_core,0,0
2000-01,958,1610612738,full_core,0,0
2000-01,959,1610612742,full_core,0,0
2000-01,96,1610612757,full_core,0,0
2000-01,960,1610612756,full_core,0,0
2000-01,961,1610612765,full_core,0,0
2000-01,962,1610612738,full_core,0,0
2000-01,965,1610612747,full_core,0,0
2000-01,966,1610612761,partial,1,1
2000-01,966,1610612765,partial,1,1
2000-01,969,1610612752,full_core,0,0
2000-01,970,1610612752,partial,1,1
2000-01,970,1610612763,partial,1,1
2000-01,976,1610612746,full_core,0,0
2000-01,977,1610612747,full_core,0,0
2000-01,978,1610612758,full_core,0,0
2000-01,979,1610612754,full_core,0,0
2000-01,98,1610612758,full_core,0,0
2000-01,980,1610612739,full_core,0,0
2000-01,983,1610612745,full_core,0,0
2000-01,988,1610612744,partial,1,1
2000-01,990,1610612759,full_core,0,0
2000-01,994,1610612751,full_core,0,0
2000-01,998,1610612749,full_core,0,0
2001-02,1000,1610612752,full_core,0,0
2001-02,1005,1610612745,full_core,0,0
2001-02,1023,1610612737,full_core,0,0
2001-02,1032,1610612749,full_core,0,0
2001-02,1035,1610612743,partial,1,1
2001-02,1043,1610612759,full_core,0,0
2001-02,105,1610612756,full_core,0,0
2001-02,1051,1610612744,partial,1,1
2001-02,1051,1610612750,partial,1,1
2001-02,1065,1610612738,partial,1,1
2001-02,1073,1610612737,partial,1,1
2001-02,1073,1610612751,partial,1,1
2001-02,1085,1610612755,partial,1,1
2001-02,1088,1610612765,full_core,0,0
2001-02,109,1610612747,full_core,0,0
2001-02,111,1610612748,full_core,0,0
2001-02,1110,1610612737,partial,2,1
2001-02,1112,1610612765,full_core,0,0
2001-02,1114,1610612753,partial,1,1
2001-02,1134,1610612763,partial,1,1
2001-02,120,1610612759,full_core,0,0
2001-02,121,1610612753,full_core,0,0
2001-02,123,1610612750,partial,1,1
2001-02,124,1610612758,full_core,0,0
2001-02,133,1610612766,full_core,0,0
2001-02,136,1610612766,full_core,0,0
2001-02,1425,1610612751,full_core,0,0
2001-02,1442,1610612765,full_core,0,0
2001-02,1444,1610612758,full_core,0,0
2001-02,145,1610612761,full_core,0,0
2001-02,146,1610612753,partial,1,1
2001-02,146,1610612756,partial,1,1
2001-02,147,1610612741,partial,1,1
2001-02,147,1610612754,partial,1,1
2001-02,1477,1610612759,full_core,0,0
2001-02,1495,1610612759,full_core,0,0
2001-02,1496,1610612751,full_core,0,0
2001-02,1497,1610612750,full_core,0,0
2001-02,1498,1610612759,full_core,0,0
2001-02,1499,1610612738,full_core,0,0
2001-02,15,1610612746,full_core,0,0
2001-02,1500,1610612741,partial,1,1
2001-02,1500,1610612754,partial,1,1
2001-02,1501,1610612749,full_core,0,0
2001-02,1502,1610612744,full_core,0,0
2001-02,1503,1610612753,full_core,0,0
2001-02,1504,1610612744,full_core,0,0
2001-02,1505,1610612742,partial,1,1
2001-02,1505,1610612743,partial,1,1
2001-02,1506,1610612754,full_core,0,0
2001-02,1507,1610612757,full_core,0,0
2001-02,1509,1610612745,full_core,0,0
2001-02,1510,1610612763,full_core,0,0
2001-02,1513,1610612758,full_core,0,0
2001-02,1517,1610612758,full_core,0,0
2001-02,1520,1610612759,full_core,0,0
2001-02,1521,1610612737,full_core,0,0
2001-02,1531,1610612744,partial,1,1
2001-02,1531,1610612750,partial,1,1
2001-02,1533,1610612751,partial,1,1
2001-02,1536,1610612759,full_core,0,0
2001-02,1538,1610612744,full_core,0,0
2001-02,1541,1610612761,full_core,0,0
2001-02,1542,1610612760,full_core,0,0
2001-02,1544,1610612737,full_core,0,0
2001-02,1548,1610612738,full_core,0,0
2001-02,1559,1610612742,full_core,0,0
2001-02,1563,1610612741,partial,1,1
2001-02,1563,1610612754,partial,1,1
2001-02,1565,1610612761,full_core,0,0
2001-02,1594,1610612757,partial,1,1
2001-02,1601,1610612762,partial,2,1
2001-02,1607,1610612753,full_core,0,0
2001-02,1609,1610612760,full_core,0,0
2001-02,1630,1610612765,full_core,0,0
2001-02,164,1610612761,full_core,0,0
2001-02,165,1610612761,full_core,0,0
2001-02,168,1610612744,full_core,0,0
2001-02,1683,1610612752,full_core,0,0
2001-02,1709,1610612746,full_core,0,0
2001-02,1710,1610612758,full_core,0,0
2001-02,1711,1610612742,partial,1,1
2001-02,1711,1610612743,partial,1,1
2001-02,1712,1610612744,full_core,0,0
2001-02,1713,1610612761,full_core,0,0
2001-02,1714,1610612766,full_core,0,0
2001-02,1715,1610612763,full_core,0,0
2001-02,1716,1610612744,full_core,0,0
2001-02,1717,1610612742,full_core,0,0
2001-02,1718,1610612738,full_core,0,0
2001-02,1719,1610612757,full_core,0,0
2001-02,1720,1610612739,full_core,0,0
2001-02,1721,1610612761,full_core,0,0
2001-02,1722,1610612763,full_core,0,0
2001-02,1723,1610612755,full_core,0,0
2001-02,1724,1610612766,full_core,0,0
2001-02,1725,1610612750,full_core,0,0
2001-02,1727,1610612753,full_core,0,0
2001-02,1729,1610612739,full_core,0,0
2001-02,1730,1610612739,full_core,0,0
2001-02,1731,1610612764,full_core,0,0
2001-02,1732,1610612750,full_core,0,0
2001-02,1733,1610612754,full_core,0,0
2001-02,1735,1610612748,full_core,0,0
2001-02,1737,1610612737,full_core,0,0
2001-02,1738,1610612760,partial,1,1
2001-02,1739,1610612757,full_core,0,0
2001-02,1740,1610612760,full_core,0,0
2001-02,1741,1610612747,full_core,0,0
2001-02,1742,1610612760,full_core,0,0
2001-02,1743,1610612754,full_core,0,0
2001-02,1744,1610612760,full_core,0,0
2001-02,1747,1610612749,full_core,0,0
2001-02,1749,1610612745,full_core,0,0
2001-02,1751,1610612764,full_core,0,0
2001-02,1752,1610612748,full_core,0,0
2001-02,176,1610612760,partial,1,1
2001-02,1760,1610612751,partial,1,1
2001-02,1760,1610612761,partial,1,1
2001-02,1761,1610612742,full_core,0,0
2001-02,1762,1610612746,partial,1,1
2001-02,1763,1610612743,full_core,0,0
2001-02,179,1610612739,full_core,0,0
2001-02,180,1610612762,full_core,0,0
2001-02,1800,1610612765,full_core,0,0
2001-02,1802,1610612741,partial,1,1
2001-02,1802,1610612754,partial,1,1
2001-02,1829,1610612763,partial,1,1
2001-02,1838,1610612764,full_core,0,0
2001-02,185,1610612758,full_core,0,0
2001-02,1853,1610612748,full_core,0,0
2001-02,1863,1610612746,full_core,0,0
2001-02,1864,1610612751,partial,1,1
2001-02,1882,1610612746,full_core,0,0
2001-02,1883,1610612745,full_core,0,0
2001-02,1884,1610612766,full_core,0,0
2001-02,1885,1610612746,full_core,0,0
2001-02,1886,1610612754,full_core,0,0
2001-02,1887,1610612750,full_core,0,0
2001-02,1888,1610612764,full_core,0,0
2001-02,1889,1610612739,full_core,0,0
2001-02,1890,1610612756,full_core,0,0
2001-02,1891,1610612737,full_core,0,0
2001-02,1892,1610612739,full_core,0,0
2001-02,1894,1610612746,full_core,0,0
2001-02,1895,1610612750,full_core,0,0
2001-02,1897,1610612741,partial,1,1
2001-02,1897,1610612754,partial,1,1
2001-02,1898,1610612737,full_core,0,0
2001-02,1899,1610612743,full_core,0,0
2001-02,1900,1610612762,full_core,0,0
2001-02,1901,1610612737,full_core,0,0
2001-02,1902,1610612754,full_core,0,0
2001-02,1903,1610612745,full_core,0,0
2001-02,1904,1610612747,full_core,0,0
2001-02,1905,1610612762,full_core,0,0
2001-02,1906,1610612755,partial,1,1
2001-02,1907,1610612755,full_core,0,0
2001-02,1908,1610612739,full_core,0,0
2001-02,1909,1610612762,full_core,0,0
2001-02,1910,1610612737,partial,2,1
2001-02,1913,1610612755,partial,1,1
2001-02,1915,1610612742,full_core,0,0
2001-02,1916,1610612760,full_core,0,0
2001-02,1917,1610612742,full_core,0,0
2001-02,1918,1610612746,full_core,0,0
2001-02,1924,1610612766,full_core,0,0
2001-02,1928,1610612751,full_core,0,0
2001-02,193,1610612749,full_core,0,0
2001-02,1934,1610612763,partial,1,1
2001-02,1942,1610612746,full_core,0,0
2001-02,1944,1610612741,full_core,0,0
2001-02,1952,1610612755,full_core,0,0
2001-02,1956,1610612737,partial,1,1
2001-02,1960,1610612738,partial,1,1
2001-02,1960,1610612756,partial,1,1
2001-02,198,1610612759,full_core,0,0
2001-02,1983,1610612761,partial,1,1
2001-02,1985,1610612743,full_core,0,0
2001-02,201,1610612757,full_core,0,0
2001-02,2030,1610612751,full_core,0,0
2001-02,2031,1610612763,full_core,0,0
2001-02,2032,1610612746,full_core,0,0
2001-02,2033,1610612741,full_core,0,0
2001-02,2034,1610612753,full_core,0,0
2001-02,2035,1610612737,full_core,0,0
2001-02,2036,1610612739,full_core,0,0
2001-02,2037,1610612741,full_core,0,0
2001-02,2038,1610612749,full_core,0,0
2001-02,2039,1610612746,full_core,0,0
2001-02,2040,1610612766,full_core,0,0
2001-02,2041,1610612764,full_core,0,0
2001-02,2042,1610612764,full_core,0,0
2001-02,2043,1610612758,full_core,0,0
2001-02,2044,1610612745,full_core,0,0
2001-02,2045,1610612758,full_core,0,0
2001-02,2046,1610612760,full_core,0,0
2001-02,2047,1610612746,full_core,0,0
2001-02,2048,1610612766,full_core,0,0
2001-02,2049,1610612755,full_core,0,0
2001-02,2050,1610612761,full_core,0,0
2001-02,2051,1610612742,partial,1,1
2001-02,2051,1610612743,partial,1,1
2001-02,2052,1610612762,full_core,0,0
2001-02,2053,1610612741,full_core,0,0
2001-02,2054,1610612756,full_core,0,0
2001-02,2055,1610612761,full_core,0,0
2001-02,2056,1610612754,full_core,0,0
2001-02,2057,1610612757,full_core,0,0
2001-02,2058,1610612747,full_core,0,0
2001-02,2059,1610612742,full_core,0,0
2001-02,2061,1610612745,full_core,0,0
2001-02,2062,1610612741,full_core,0,0
2001-02,2063,1610612756,full_core,0,0
2001-02,2067,1610612748,full_core,0,0
2001-02,2068,1610612752,full_core,0,0
2001-02,2069,1610612737,full_core,0,0
2001-02,2071,1610612760,full_core,0,0
2001-02,2072,1610612749,full_core,0,0
2001-02,2073,1610612765,full_core,0,0
2001-02,2074,1610612755,partial,1,1
2001-02,2074,1610612758,partial,1,1
2001-02,2078,1610612759,partial,1,1
2001-02,208,1610612749,full_core,0,0
2001-02,2081,1610612748,full_core,0,0
2001-02,209,1610612761,full_core,0,0
2001-02,2091,1610612756,partial,1,1
2001-02,2098,1610612747,full_core,0,0
2001-02,21,1610612741,partial,1,1
2001-02,21,1610612749,partial,1,1
2001-02,210,1610612750,full_core,0,0
2001-02,2109,1610612763,partial,1,1
2001-02,2124,1610612748,full_core,0,0
2001-02,213,1610612761,full_core,0,0
2001-02,2130,1610612747,partial,1,1
2001-02,216,1610612747,partial,2,1
2001-02,219,1610612756,partial,1,1
2001-02,2198,1610612764,full_core,0,0
2001-02,2199,1610612741,full_core,0,0
2001-02,2200,1610612763,full_core,0,0
2001-02,2201,1610612741,full_core,0,0
2001-02,2202,1610612744,full_core,0,0
2001-02,2203,1610612763,full_core,0,0
2001-02,2204,1610612745,full_core,0,0
2001-02,2205,1610612739,full_core,0,0
2001-02,2206,1610612765,full_core,0,0
2001-02,2207,1610612738,partial,1,1
2001-02,2207,1610612756,partial,1,1
2001-02,2208,1610612738,full_core,0,0
2001-02,2209,1610612760,full_core,0,0
2001-02,221,1610612752,full_core,0,0
2001-02,2210,1610612751,full_core,0,0
2001-02,2211,1610612744,full_core,0,0
2001-02,2212,1610612753,full_core,0,0
2001-02,2213,1610612766,full_core,0,0
2001-02,2214,1610612761,full_core,0,0
2001-02,2215,1610612751,full_core,0,0
2001-02,2216,1610612757,full_core,0,0
2001-02,2217,1610612764,full_core,0,0
2001-02,2218,1610612738,full_core,0,0
2001-02,2219,1610612753,full_core,0,0
2001-02,2220,1610612751,full_core,0,0
2001-02,2222,1610612758,full_core,0,0
2001-02,2223,1610612755,full_core,0,0
2001-02,2224,1610612754,full_core,0,0
2001-02,2225,1610612759,full_core,0,0
2001-02,2226,1610612763,full_core,0,0
2001-02,2228,1610612756,full_core,0,0
2001-02,2229,1610612748,partial,1,1
2001-02,2230,1610612750,full_core,0,0
2001-02,2237,1610612765,full_core,0,0
2001-02,2238,1610612763,full_core,0,0
2001-02,2239,1610612741,full_core,0,0
2001-02,224,1610612748,full_core,0,0
2001-02,2240,1610612744,full_core,0,0
2001-02,2242,1610612745,full_core,0,0
2001-02,2243,1610612751,full_core,0,0
2001-02,2244,1610612739,full_core,0,0
2001-02,2245,1610612755,full_core,0,0
2001-02,2248,1610612760,full_core,0,0
2001-02,2249,1610612754,full_core,0,0
2001-02,2250,1610612764,full_core,0,0
2001-02,2254,1610612750,full_core,0,0
2001-02,2257,1610612757,full_core,0,0
2001-02,2260,1610612762,full_core,0,0
2001-02,2261,1610612743,full_core,0,0
2001-02,2264,1610612755,full_core,0,0
2001-02,2294,1610612742,partial,1,1
2001-02,2294,1610612756,partial,1,1
2001-02,2306,1610612743,partial,1,1
2001-02,2306,1610612761,partial,1,1
2001-02,2343,1610612747,partial,1,1
2001-02,2343,1610612756,partial,1,1
2001-02,2347,1610612748,partial,1,1
2001-02,2349,1610612765,full_core,0,0
2001-02,2351,1610612745,full_core,0,0
2001-02,2352,1610612744,full_core,0,0
2001-02,2357,1610612745,full_core,0,0
2001-02,2365,1610612743,partial,1,1
2001-02,2369,1610612741,partial,1,1
2001-02,2369,1610612754,partial,1,1
2001-02,2370,1610612743,partial,1,1
2001-02,238,1610612739,full_core,0,0
2001-02,239,1610612742,partial,1,1
2001-02,243,1610612755,full_core,0,0
2001-02,244,1610612753,partial,1,1
2001-02,248,1610612766,full_core,0,0
2001-02,252,1610612762,full_core,0,0
2001-02,255,1610612753,full_core,0,0
2001-02,258,1610612748,full_core,0,0
2001-02,270,1610612753,full_core,0,0
2001-02,271,1610612742,partial,1,1
2001-02,275,1610612752,full_core,0,0
2001-02,278,1610612766,full_core,0,0
2001-02,280,1610612752,full_core,0,0
2001-02,281,1610612743,full_core,0,0
2001-02,283,1610612747,full_core,0,0
2001-02,296,1610612747,full_core,0,0
2001-02,297,1610612748,full_core,0,0
2001-02,299,1610612749,full_core,0,0
2001-02,3,1610612763,full_core,0,0
2001-02,302,1610612744,full_core,0,0
2001-02,304,1610612762,full_core,0,0
2001-02,317,1610612762,full_core,0,0
2001-02,323,1610612749,full_core,0,0
2001-02,324,1610612750,full_core,0,0
2001-02,330,1610612742,full_core,0,0
2001-02,339,1610612756,full_core,0,0
2001-02,344,1610612765,full_core,0,0
2001-02,345,1610612759,full_core,0,0
2001-02,348,1610612757,full_core,0,0
2001-02,349,1610612752,full_core,0,0
2001-02,353,1610612753,full_core,0,0
2001-02,358,1610612756,full_core,0,0
2001-02,359,1610612758,partial,1,1
2001-02,361,1610612765,full_core,0,0
2001-02,363,1610612764,full_core,0,0
2001-02,365,1610612755,partial,1,1
2001-02,369,1610612752,full_core,0,0
2001-02,375,1610612743,partial,1,1
2001-02,376,1610612761,full_core,0,0
2001-02,383,1610612748,full_core,0,0
2001-02,384,1610612743,full_core,0,0
2001-02,386,1610612763,partial,1,1
2001-02,389,1610612737,full_core,0,0
2001-02,393,1610612748,full_core,0,0
2001-02,397,1610612754,full_core,0,0
2001-02,399,1610612746,full_core,0,0
2001-02,406,1610612747,full_core,0,0
2001-02,417,1610612750,full_core,0,0
2001-02,42,1610612753,full_core,0,0
2001-02,422,1610612742,partial,1,1
2001-02,422,1610612743,partial,1,1
2001-02,423,1610612748,full_core,0,0
2001-02,43,1610612764,full_core,0,0
2001-02,431,1610612757,full_core,0,0
2001-02,435,1610612754,full_core,0,0
2001-02,436,1610612742,partial,1,1
2001-02,436,1610612743,partial,1,1
2001-02,441,1610612739,full_core,0,0
2001-02,445,1610612739,full_core,0,0
2001-02,446,1610612751,full_core,0,0
2001-02,448,1610612753,partial,1,1
2001-02,448,1610612756,partial,1,1
2001-02,45,1610612743,full_core,0,0
2001-02,452,1610612760,full_core,0,0
2001-02,458,1610612752,full_core,0,0
2001-02,461,1610612764,full_core,0,0
2001-02,467,1610612751,full_core,0,0
2001-02,468,1610612765,full_core,0,0
2001-02,469,1610612766,full_core,0,0
2001-02,54,1610612737,partial,1,1
2001-02,56,1610612760,full_core,0,0
2001-02,57,1610612758,full_core,0,0
2001-02,672,1610612766,full_core,0,0
2001-02,673,1610612737,full_core,0,0
2001-02,677,1610612738,full_core,0,0
2001-02,679,1610612749,full_core,0,0
2001-02,680,1610612762,full_core,0,0
2001-02,681,1610612751,partial,1,1
2001-02,682,1610612744,full_core,0,0
2001-02,685,1610612759,full_core,0,0
2001-02,686,1610612743,full_core,0,0
2001-02,688,1610612765,full_core,0,0
2001-02,689,1610612737,full_core,0,0
2001-02,690,1610612753,full_core,0,0
2001-02,692,1610612753,full_core,0,0
2001-02,693,1610612750,full_core,0,0
2001-02,694,1610612748,partial,1,1
2001-02,695,1610612746,partial,2,1
2001-02,695,1610612766,partial,1,1
2001-02,696,1610612741,partial,1,1
2001-02,696,1610612754,partial,1,1
2001-02,697,1610612741,full_core,0,0
2001-02,699,1610612760,full_core,0,0
2001-02,70,1610612757,full_core,0,0
2001-02,702,1610612743,full_core,0,0
2001-02,703,1610612752,full_core,0,0
2001-02,708,1610612750,full_core,0,0
2001-02,711,1610612765,full_core,0,0
2001-02,714,1610612742,full_core,0,0
2001-02,718,1610612750,full_core,0,0
2001-02,72,1610612738,full_core,0,0
2001-02,722,1610612765,full_core,0,0
2001-02,727,1610612755,full_core,0,0
2001-02,731,1610612762,full_core,0,0
2001-02,739,1610612757,full_core,0,0
2001-02,753,1610612738,partial,1,1
2001-02,754,1610612748,partial,1,1
2001-02,757,1610612757,full_core,0,0
2001-02,761,1610612755,partial,1,1
2001-02,762,1610612742,full_core,0,0
2001-02,763,1610612763,full_core,0,0
2001-02,764,1610612759,full_core,0,0
2001-02,77,1610612746,partial,1,1
2001-02,779,1610612745,full_core,0,0
2001-02,782,1610612747,full_core,0,0
2001-02,788,1610612745,full_core,0,0
2001-02,84,1610612752,full_core,0,0
2001-02,85,1610612758,full_core,0,0
2001-02,87,1610612755,full_core,0,0
2001-02,89,1610612742,partial,1,1
2001-02,89,1610612743,partial,1,1
2001-02,891,1610612741,full_core,0,0
2001-02,893,1610612764,full_core,0,0
2001-02,896,1610612742,partial,1,1
2001-02,896,1610612743,partial,1,1
2001-02,902,1610612739,full_core,0,0
2001-02,905,1610612757,full_core,0,0
2001-02,911,1610612749,full_core,0,0
2001-02,915,1610612738,partial,1,1
2001-02,915,1610612756,partial,1,1
2001-02,916,1610612755,full_core,0,0
2001-02,922,1610612766,full_core,0,0
2001-02,923,1610612762,full_core,0,0
2001-02,93,1610612764,full_core,0,0
2001-02,934,1610612755,full_core,0,0
2001-02,935,1610612762,full_core,0,0
2001-02,937,1610612757,full_core,0,0
2001-02,947,1610612755,full_core,0,0
2001-02,948,1610612752,full_core,0,0
2001-02,949,1610612737,full_core,0,0
2001-02,95,1610612759,full_core,0,0
2001-02,950,1610612756,full_core,0,0
2001-02,951,1610612749,full_core,0,0
2001-02,952,1610612738,full_core,0,0
2001-02,953,1610612763,full_core,0,0
2001-02,954,1610612751,full_core,0,0
2001-02,955,1610612747,full_core,0,0
2001-02,956,1610612744,full_core,0,0
2001-02,958,1610612738,full_core,0,0
2001-02,959,1610612742,full_core,0,0
2001-02,960,1610612738,partial,1,1
2001-02,960,1610612756,partial,1,1
2001-02,961,1610612756,full_core,0,0
2001-02,962,1610612738,full_core,0,0
2001-02,965,1610612747,full_core,0,0
2001-02,966,1610612761,full_core,0,0
2001-02,969,1610612752,full_core,0,0
2001-02,970,1610612752,full_core,0,0
2001-02,976,1610612746,full_core,0,0
2001-02,977,1610612747,full_core,0,0
2001-02,978,1610612758,full_core,0,0
2001-02,979,1610612754,full_core,0,0
2001-02,98,1610612763,full_core,0,0
2001-02,980,1610612739,full_core,0,0
2001-02,983,1610612745,full_core,0,0
2001-02,988,1610612760,partial,1,1
2001-02,990,1610612759,full_core,0,0
2001-02,998,1610612749,full_core,0,0
2002-03,1000,1610612752,full_core,0,0
2002-03,1005,1610612742,full_core,0,0
2002-03,1023,1610612737,full_core,0,0
2002-03,1032,1610612737,full_core,0,0
2002-03,1038,1610612745,full_core,0,0
2002-03,1043,1610612737,partial,1,1
2002-03,1065,1610612754,full_core,0,0
2002-03,1073,1610612750,partial,1,1
2002-03,1074,1610612737,partial,1,1
2002-03,1088,1610612765,full_core,0,0
2002-03,109,1610612747,full_core,0,0
2002-03,111,1610612748,full_core,0,0
2002-03,1110,1610612742,partial,1,1
2002-03,1112,1610612765,full_core,0,0
2002-03,120,1610612759,full_core,0,0
2002-03,123,1610612740,partial,1,1
2002-03,124,1610612758,full_core,0,0
2002-03,133,1610612740,full_core,0,0
2002-03,136,1610612740,full_core,0,0
2002-03,1425,1610612751,full_core,0,0
2002-03,1442,1610612765,full_core,0,0
2002-03,1444,1610612758,full_core,0,0
2002-03,145,1610612747,full_core,0,0
2002-03,147,1610612741,full_core,0,0
2002-03,1477,1610612759,full_core,0,0
2002-03,1495,1610612759,full_core,0,0
2002-03,1496,1610612755,full_core,0,0
2002-03,1497,1610612765,full_core,0,0
2002-03,1498,1610612757,full_core,0,0
2002-03,1499,1610612738,full_core,0,0
2002-03,15,1610612746,full_core,0,0
2002-03,1500,1610612754,full_core,0,0
2002-03,1501,1610612749,full_core,0,0
2002-03,1502,1610612744,full_core,0,0
2002-03,1503,1610612753,full_core,0,0
2002-03,1504,1610612744,full_core,0,0
2002-03,1505,1610612742,full_core,0,0
2002-03,1506,1610612754,full_core,0,0
2002-03,1507,1610612757,full_core,0,0
2002-03,1508,1610612745,full_core,0,0
2002-03,1509,1610612745,full_core,0,0
2002-03,1510,1610612763,full_core,0,0
2002-03,1513,1610612758,full_core,0,0
2002-03,1517,1610612758,full_core,0,0
2002-03,1520,1610612757,full_core,0,0
2002-03,1521,1610612753,full_core,0,0
2002-03,1531,1610612750,full_core,0,0
2002-03,1533,1610612751,full_core,0,0
2002-03,1536,1610612759,full_core,0,0
2002-03,1541,1610612761,full_core,0,0
2002-03,1542,1610612760,full_core,0,0
2002-03,1544,1610612737,full_core,0,0
2002-03,1548,1610612738,partial,1,1
2002-03,1548,1610612743,partial,1,1
2002-03,1559,1610612742,full_core,0,0
2002-03,1563,1610612749,partial,1,1
2002-03,1563,1610612760,partial,1,1
2002-03,1565,1610612739,full_core,0,0
2002-03,1572,1610612761,partial,1,1
2002-03,1585,1610612737,partial,1,1
2002-03,1594,1610612741,full_core,0,0
2002-03,1607,1610612750,full_core,0,0
2002-03,1609,1610612755,partial,1,1
2002-03,1609,1610612761,partial,1,1
2002-03,1630,1610612737,partial,1,1
2002-03,1630,1610612738,partial,1,1
2002-03,164,1610612751,partial,1,1
2002-03,168,1610612744,full_core,0,0
2002-03,1709,1610612746,full_core,0,0
2002-03,1710,1610612758,full_core,0,0
2002-03,1711,1610612742,full_core,0,0
2002-03,1712,1610612744,full_core,0,0
2002-03,1713,1610612761,full_core,0,0
2002-03,1714,1610612740,full_core,0,0
2002-03,1715,1610612763,full_core,0,0
2002-03,1716,1610612764,full_core,0,0
2002-03,1717,1610612742,full_core,0,0
2002-03,1718,1610612738,full_core,0,0
2002-03,1719,1610612757,full_core,0,0
2002-03,1720,1610612752,full_core,0,0
2002-03,1721,1610612758,full_core,0,0
2002-03,1722,1610612763,full_core,0,0
2002-03,1723,1610612762,full_core,0,0
2002-03,1724,1610612740,full_core,0,0
2002-03,1725,1610612750,full_core,0,0
2002-03,1727,1610612753,full_core,0,0
2002-03,1729,1610612739,full_core,0,0
2002-03,1730,1610612755,full_core,0,0
2002-03,1731,1610612764,full_core,0,0
2002-03,1733,1610612754,full_core,0,0
2002-03,1735,1610612748,full_core,0,0
2002-03,1736,1610612737,partial,1,1
2002-03,1737,1610612737,full_core,0,0
2002-03,1738,1610612760,full_core,0,0
2002-03,1739,1610612757,full_core,0,0
2002-03,1740,1610612760,full_core,0,0
2002-03,1741,1610612761,full_core,0,0
2002-03,1742,1610612738,partial,1,1
2002-03,1742,1610612743,partial,1,1
2002-03,1743,1610612738,full_core,0,0
2002-03,1744,1610612760,full_core,0,0
2002-03,1747,1610612761,partial,1,1
2002-03,1749,1610612745,full_core,0,0
2002-03,1751,1610612764,full_core,0,0
2002-03,1752,1610612748,full_core,0,0
2002-03,176,1610612737,partial,1,1
2002-03,1761,1610612755,full_core,0,0
2002-03,1762,1610612746,full_core,0,0
2002-03,1763,1610612743,full_core,0,0
2002-03,1766,1610612761,partial,1,1
2002-03,180,1610612743,partial,2,1
2002-03,1800,1610612758,full_core,0,0
2002-03,1802,1610612754,full_core,0,0
2002-03,185,1610612758,full_core,0,0
2002-03,1853,1610612748,full_core,0,0
2002-03,1863,1610612744,partial,1,1
2002-03,1882,1610612746,full_core,0,0
2002-03,1883,1610612745,full_core,0,0
2002-03,1884,1610612740,full_core,0,0
2002-03,1885,1610612746,full_core,0,0
2002-03,1886,1610612754,full_core,0,0
2002-03,1887,1610612750,full_core,0,0
2002-03,1888,1610612765,full_core,0,0
2002-03,1889,1610612746,full_core,0,0
2002-03,1890,1610612756,full_core,0,0
2002-03,1891,1610612737,full_core,0,0
2002-03,1894,1610612746,full_core,0,0
2002-03,1897,1610612754,full_core,0,0
2002-03,1899,1610612743,partial,1,1
2002-03,1899,1610612745,partial,1,1
2002-03,1901,1610612737,full_core,0,0
2002-03,1902,1610612754,full_core,0,0
2002-03,1903,1610612745,partial,1,1
2002-03,1903,1610612755,partial,1,1
2002-03,1904,1610612747,full_core,0,0
2002-03,1905,1610612762,full_core,0,0
2002-03,1908,1610612739,full_core,0,0
2002-03,1909,1610612762,full_core,0,0
2002-03,1915,1610612742,full_core,0,0
2002-03,1916,1610612760,full_core,0,0
2002-03,1917,1610612746,full_core,0,0
2002-03,1921,1610612753,partial,1,1
2002-03,1921,1610612763,partial,1,1
2002-03,1924,1610612752,full_core,0,0
2002-03,1928,1610612755,full_core,0,0
2002-03,193,1610612749,full_core,0,0
2002-03,1938,1610612759,full_core,0,0
2002-03,1944,1610612741,full_core,0,0
2002-03,1952,1610612742,full_core,0,0
2002-03,1956,1610612737,full_core,0,0
2002-03,1960,1610612739,full_core,0,0
2002-03,198,1610612759,full_core,0,0
2002-03,1983,1610612737,partial,1,1
2002-03,1983,1610612761,partial,1,1
2002-03,1985,1610612761,partial,1,1
2002-03,201,1610612757,full_core,0,0
2002-03,2030,1610612751,full_core,0,0
2002-03,2031,1610612763,full_core,0,0
2002-03,2032,1610612739,full_core,0,0
2002-03,2033,1610612741,full_core,0,0
2002-03,2034,1610612753,partial,1,1
2002-03,2034,1610612763,partial,1,1
2002-03,2036,1610612739,full_core,0,0
2002-03,2037,1610612741,full_core,0,0
2002-03,2038,1610612749,full_core,0,0
2002-03,2039,1610612746,full_core,0,0
2002-03,2040,1610612740,full_core,0,0
2002-03,2041,1610612764,full_core,0,0
2002-03,2042,1610612740,full_core,0,0
2002-03,2043,1610612758,full_core,0,0
2002-03,2044,1610612745,full_core,0,0
2002-03,2045,1610612758,full_core,0,0
2002-03,2046,1610612749,partial,1,1
2002-03,2046,1610612760,partial,1,1
2002-03,2047,1610612746,full_core,0,0
2002-03,2048,1610612740,full_core,0,0
2002-03,2049,1610612759,full_core,0,0
2002-03,2050,1610612761,full_core,0,0
2002-03,2051,1610612743,full_core,0,0
2002-03,2052,1610612762,full_core,0,0
2002-03,2053,1610612741,full_core,0,0
2002-03,2054,1610612756,full_core,0,0
2002-03,2055,1610612761,full_core,0,0
2002-03,2056,1610612754,full_core,0,0
2002-03,2058,1610612747,full_core,0,0
2002-03,2059,1610612742,full_core,0,0
2002-03,2060,1610612746,full_core,0,0
2002-03,2061,1610612756,full_core,0,0
2002-03,2062,1610612744,partial,1,1
2002-03,2063,1610612756,full_core,0,0
2002-03,2066,1610612747,partial,1,1
2002-03,2067,1610612748,full_core,0,0
2002-03,2068,1610612752,full_core,0,0
2002-03,2071,1610612753,full_core,0,0
2002-03,2072,1610612749,full_core,0,0
2002-03,2073,1610612764,partial,1,1
2002-03,208,1610612749,full_core,0,0
2002-03,2080,1610612750,full_core,0,0
2002-03,2098,1610612747,full_core,0,0
2002-03,2106,1610612738,partial,1,1
2002-03,2124,1610612748,full_core,0,0
2002-03,213,1610612761,full_core,0,0
2002-03,2143,1610612765,full_core,0,0
2002-03,216,1610612747,full_core,0,0
2002-03,2198,1610612764,full_core,0,0
2002-03,2199,1610612741,full_core,0,0
2002-03,2200,1610612763,full_core,0,0
2002-03,2201,1610612741,full_core,0,0
2002-03,2202,1610612744,full_core,0,0
2002-03,2203,1610612763,full_core,0,0
2002-03,2204,1610612745,full_core,0,0
2002-03,2205,1610612739,full_core,0,0
2002-03,2206,1610612743,full_core,0,0
2002-03,2207,1610612756,full_core,0,0
2002-03,2208,1610612738,full_core,0,0
2002-03,2209,1610612760,full_core,0,0
2002-03,221,1610612752,full_core,0,0
2002-03,2210,1610612751,full_core,0,0
2002-03,2211,1610612744,full_core,0,0
2002-03,2212,1610612753,full_core,0,0
2002-03,2213,1610612740,full_core,0,0
2002-03,2214,1610612761,full_core,0,0
2002-03,2215,1610612751,full_core,0,0
2002-03,2216,1610612757,full_core,0,0
2002-03,2217,1610612764,full_core,0,0
2002-03,2218,1610612760,full_core,0,0
2002-03,2219,1610612753,full_core,0,0
2002-03,2220,1610612751,full_core,0,0
2002-03,2222,1610612758,full_core,0,0
2002-03,2224,1610612754,full_core,0,0
2002-03,2225,1610612759,full_core,0,0
2002-03,2228,1610612756,full_core,0,0
2002-03,2229,1610612748,full_core,0,0
2002-03,2239,1610612741,full_core,0,0
2002-03,224,1610612748,full_core,0,0
2002-03,2240,1610612744,full_core,0,0
2002-03,2242,1610612745,full_core,0,0
2002-03,2243,1610612751,full_core,0,0
2002-03,2244,1610612743,partial,1,1
2002-03,2245,1610612761,partial,1,1
2002-03,2246,1610612765,full_core,0,0
2002-03,2248,1610612763,full_core,0,0
2002-03,2249,1610612754,full_core,0,0
2002-03,2250,1610612764,partial,1,1
2002-03,2253,1610612748,full_core,0,0
2002-03,2254,1610612750,full_core,0,0
2002-03,2256,1610612748,full_core,0,0
2002-03,2257,1610612757,full_core,0,0
2002-03,2260,1610612762,full_core,0,0
2002-03,2261,1610612743,partial,1,1
2002-03,2261,1610612755,partial,1,1
2002-03,2306,1610612762,full_core,0,0
2002-03,2321,1610612737,partial,1,1
2002-03,2351,1610612744,partial,1,1
2002-03,2352,1610612744,partial,1,1
2002-03,2357,1610612739,partial,2,1
2002-03,2365,1610612743,full_core,0,0
2002-03,2366,1610612737,partial,2,1
2002-03,2366,1610612750,partial,1,1
2002-03,2370,1610612759,full_core,0,0
2002-03,238,1610612739,partial,1,1
2002-03,238,1610612755,partial,1,1
2002-03,2397,1610612745,full_core,0,0
2002-03,2398,1610612741,full_core,0,0
2002-03,2399,1610612744,full_core,0,0
2002-03,2400,1610612753,partial,1,1
2002-03,2400,1610612763,partial,1,1
2002-03,2401,1610612743,full_core,0,0
2002-03,2402,1610612739,full_core,0,0
2002-03,2403,1610612743,full_core,0,0
2002-03,2404,1610612746,full_core,0,0
2002-03,2405,1610612756,full_core,0,0
2002-03,2406,1610612748,full_core,0,0
2002-03,2407,1610612764,full_core,0,0
2002-03,2408,1610612746,full_core,0,0
2002-03,2409,1610612749,full_core,0,0
2002-03,2410,1610612754,full_core,0,0
2002-03,2411,1610612745,full_core,0,0
2002-03,2412,1610612744,full_core,0,0
2002-03,2413,1610612764,full_core,0,0
2002-03,2415,1610612753,partial,1,1
2002-03,2415,1610612763,partial,1,1
2002-03,2416,1610612747,full_core,0,0
2002-03,2417,1610612757,full_core,0,0
2002-03,2418,1610612756,full_core,0,0
2002-03,2419,1610612765,full_core,0,0
2002-03,2421,1610612752,full_core,0,0
2002-03,2422,1610612755,full_core,0,0
2002-03,2423,1610612761,full_core,0,0
2002-03,2424,1610612737,full_core,0,0
2002-03,2425,1610612763,full_core,0,0
2002-03,2427,1610612741,full_core,0,0
2002-03,2428,1610612743,full_core,0,0
2002-03,2429,1610612749,full_core,0,0
2002-03,243,1610612755,full_core,0,0
2002-03,2430,1610612739,full_core,0,0
2002-03,2432,1610612745,full_core,0,0
2002-03,2436,1610612749,partial,1,1
2002-03,2436,1610612760,partial,1,1
2002-03,2437,1610612741,full_core,0,0
2002-03,2441,1610612749,full_core,0,0
2002-03,2442,1610612763,full_core,0,0
2002-03,2446,1610612748,full_core,0,0
2002-03,2447,1610612751,full_core,0,0
2002-03,2452,1610612738,full_core,0,0
2002-03,2453,1610612743,full_core,0,0
2002-03,2454,1610612743,full_core,0,0
2002-03,2456,1610612763,full_core,0,0
2002-03,2457,1610612747,full_core,0,0
2002-03,2462,1610612744,partial,1,1
2002-03,2469,1610612753,full_core,0,0
2002-03,2470,1610612739,full_core,0,0
2002-03,2471,1610612763,full_core,0,0
2002-03,248,1610612740,full_core,0,0
2002-03,2484,1610612743,partial,1,1
2002-03,2484,1610612759,partial,1,1
2002-03,2492,1610612742,partial,1,1
2002-03,2492,1610612743,partial,1,1
2002-03,2501,1610612760,full_core,0,0
2002-03,252,1610612762,full_core,0,0
2002-03,2541,1610612742,partial,1,1
2002-03,255,1610612753,full_core,0,0
2002-03,258,1610612748,full_core,0,0
2002-03,270,1610612753,partial,1,1
2002-03,275,1610612752,full_core,0,0
2002-03,278,1610612740,full_core,0,0
2002-03,281,1610612756,full_core,0,0
2002-03,283,1610612761,full_core,0,0
2002-03,296,1610612747,full_core,0,0
2002-03,299,1610612737,full_core,0,0
2002-03,3,1610612738,partial,1,1
2002-03,304,1610612762,full_core,0,0
2002-03,323,1610612761,partial,1,1
2002-03,324,1610612750,full_core,0,0
2002-03,330,1610612765,partial,1,1
2002-03,339,1610612756,full_core,0,0
2002-03,349,1610612762,full_core,0,0
2002-03,353,1610612753,full_core,0,0
2002-03,358,1610612756,full_core,0,0
2002-03,361,1610612765,full_core,0,0
2002-03,363,1610612764,full_core,0,0
2002-03,369,1610612752,full_core,0,0
2002-03,383,1610612750,full_core,0,0
2002-03,384,1610612762,full_core,0,0
2002-03,389,1610612749,full_core,0,0
2002-03,393,1610612750,full_core,0,0
2002-03,397,1610612754,full_core,0,0
2002-03,399,1610612746,full_core,0,0
2002-03,406,1610612747,full_core,0,0
2002-03,42,1610612755,full_core,0,0
2002-03,422,1610612742,full_core,0,0
2002-03,43,1610612743,partial,1,1
2002-03,43,1610612753,partial,1,1
2002-03,431,1610612753,full_core,0,0
2002-03,436,1610612743,full_core,0,0
2002-03,445,1610612763,full_core,0,0
2002-03,446,1610612751,full_core,0,0
2002-03,448,1610612756,full_core,0,0
2002-03,452,1610612738,full_core,0,0
2002-03,458,1610612752,full_core,0,0
2002-03,461,1610612742,full_core,0,0
2002-03,467,1610612751,full_core,0,0
2002-03,468,1610612765,full_core,0,0
2002-03,469,1610612740,full_core,0,0
2002-03,56,1610612749,partial,1,1
2002-03,56,1610612760,partial,1,1
2002-03,57,1610612758,full_core,0,0
2002-03,673,1610612737,full_core,0,0
2002-03,677,1610612738,full_core,0,0
2002-03,679,1610612749,full_core,0,0
2002-03,680,1610612762,full_core,0,0
2002-03,681,1610612751,partial,1,1
2002-03,682,1610612744,full_core,0,0
2002-03,685,1610612746,full_core,0,0
2002-03,688,1610612765,full_core,0,0
2002-03,689,1610612737,full_core,0,0
2002-03,690,1610612765,full_core,0,0
2002-03,692,1610612753,full_core,0,0
2002-03,693,1610612750,full_core,0,0
2002-03,696,1610612748,full_core,0,0
2002-03,697,1610612741,full_core,0,0
2002-03,699,1610612760,full_core,0,0
2002-03,70,1610612759,full_core,0,0
2002-03,702,1610612761,full_core,0,0
2002-03,703,1610612752,full_core,0,0
2002-03,708,1610612750,full_core,0,0
2002-03,711,1610612764,full_core,0,0
2002-03,714,1610612742,full_core,0,0
2002-03,717,1610612757,full_core,0,0
2002-03,718,1610612750,full_core,0,0
2002-03,72,1610612740,partial,1,1
2002-03,72,1610612760,partial,1,1
2002-03,722,1610612765,full_core,0,0
2002-03,727,1610612755,full_core,0,0
2002-03,731,1610612762,full_core,0,0
2002-03,739,1610612757,full_core,0,0
2002-03,753,1610612756,full_core,0,0
2002-03,754,1610612758,partial,1,1
2002-03,757,1610612757,full_core,0,0
2002-03,762,1610612742,full_core,0,0
2002-03,763,1610612762,partial,1,1
2002-03,764,1610612759,full_core,0,0
2002-03,779,1610612745,full_core,0,0
2002-03,788,1610612759,full_core,0,0
2002-03,84,1610612752,full_core,0,0
2002-03,87,1610612751,full_core,0,0
2002-03,89,1610612742,full_core,0,0
2002-03,891,1610612764,full_core,0,0
2002-03,893,1610612764,full_core,0,0
2002-03,896,1610612754,partial,1,1
2002-03,902,1610612738,partial,1,1
2002-03,902,1610612739,partial,1,1
2002-03,905,1610612757,full_core,0,0
2002-03,911,1610612749,full_core,0,0
2002-03,915,1610612751,full_core,0,0
2002-03,916,1610612741,full_core,0,0
2002-03,922,1610612740,partial,1,1
2002-03,922,1610612760,partial,1,1
2002-03,923,1610612741,full_core,0,0
2002-03,924,1610612759,partial,1,1
2002-03,924,1610612764,partial,1,1
2002-03,93,1610612765,full_core,0,0
2002-03,934,1610612755,full_core,0,0
2002-03,935,1610612764,full_core,0,0
2002-03,937,1610612757,full_core,0,0
2002-03,947,1610612755,full_core,0,0
2002-03,948,1610612743,full_core,0,0
2002-03,949,1610612737,full_core,0,0
2002-03,95,1610612738,partial,1,1
2002-03,95,1610612743,partial,1,1
2002-03,95,1610612755,partial,1,1
2002-03,950,1610612756,full_core,0,0
2002-03,951,1610612749,partial,1,1
2002-03,951,1610612760,partial,1,1
2002-03,952,1610612738,full_core,0,0
2002-03,953,1610612763,full_core,0,0
2002-03,954,1610612751,full_core,0,0
2002-03,955,1610612747,full_core,0,0
2002-03,956,1610612744,full_core,0,0
2002-03,958,1610612760,full_core,0,0
2002-03,959,1610612742,full_core,0,0
2002-03,960,1610612738,full_core,0,0
2002-03,962,1610612738,full_core,0,0
2002-03,965,1610612747,full_core,0,0
2002-03,966,1610612761,full_core,0,0
2002-03,969,1610612752,full_core,0,0
2002-03,970,1610612752,full_core,0,0
2002-03,976,1610612757,full_core,0,0
2002-03,977,1610612747,full_core,0,0
2002-03,978,1610612758,full_core,0,0
2002-03,979,1610612754,full_core,0,0
2002-03,980,1610612739,full_core,0,0
2002-03,981,1610612755,full_core,0,0
2002-03,983,1610612745,full_core,0,0
2002-03,988,1610612740,partial,1,1
2002-03,990,1610612759,full_core,0,0
2003-04,1000,1610612752,full_core,0,0
2003-04,1032,1610612765,full_core,0,0
2003-04,1043,1610612755,full_core,0,0
2003-04,1049,1610612759,partial,1,1
2003-04,1052,1610612762,partial,1,1
2003-04,1065,1610612749,full_core,0,0
2003-04,1088,1610612738,partial,1,1
2003-04,1088,1610612765,partial,1,1
2003-04,109,1610612759,full_core,0,0
2003-04,1112,1610612765,full_core,0,0
2003-04,120,1610612740,full_core,0,0
2003-04,123,1610612751,partial,2,1
2003-04,124,1610612758,full_core,0,0
2003-04,133,1610612740,full_core,0,0
2003-04,136,1610612740,full_core,0,0
2003-04,1425,1610612751,full_core,0,0
2003-04,1442,1610612737,partial,1,1
2003-04,1442,1610612765,partial,1,1
2003-04,145,1610612757,partial,1,1
2003-04,147,1610612741,partial,1,1
2003-04,147,1610612761,partial,1,1
2003-04,1477,1610612759,full_core,0,0
2003-04,1495,1610612759,full_core,0,0
2003-04,1496,1610612749,partial,1,1
2003-04,1496,1610612752,partial,1,1
2003-04,1497,1610612765,full_core,0,0
2003-04,1498,1610612760,full_core,0,0
2003-04,1499,1610612738,partial,1,1
2003-04,1499,1610612739,partial,1,1
2003-04,15,1610612745,full_core,0,0
2003-04,1500,1610612759,partial,1,1
2003-04,1501,1610612749,partial,1,1
2003-04,1501,1610612752,partial,1,1
2003-04,1502,1610612744,full_core,0,0
2003-04,1503,1610612753,full_core,0,0
2003-04,1504,1610612742,full_core,0,0
2003-04,1506,1610612754,full_core,0,0
2003-04,1507,1610612757,full_core,0,0
2003-04,1508,1610612745,full_core,0,0
2003-04,1509,1610612745,full_core,0,0
2003-04,1510,1610612749,partial,1,1
2003-04,1510,1610612756,partial,1,1
2003-04,1510,1610612764,partial,1,1
2003-04,1513,1610612754,full_core,0,0
2003-04,1514,1610612762,partial,2,1
2003-04,1517,1610612758,full_core,0,0
2003-04,1521,1610612737,full_core,0,0
2003-04,1531,1610612755,full_core,0,0
2003-04,1533,1610612754,full_core,0,0
2003-04,1536,1610612737,full_core,0,0
2003-04,1541,1610612761,full_core,0,0
2003-04,1542,1610612746,full_core,0,0
2003-04,1544,1610612737,full_core,0,0
2003-04,1548,1610612738,full_core,0,0
2003-04,1559,1610612745,full_core,0,0
2003-04,1563,1610612739,full_core,0,0
2003-04,1565,1610612738,partial,1,1
2003-04,1565,1610612739,partial,1,1
2003-04,1594,1610612741,partial,1,1
2003-04,1594,1610612761,partial,1,1
2003-04,1601,1610612744,partial,1,1
2003-04,1607,1610612750,full_core,0,0
2003-04,1630,1610612751,partial,1,1
2003-04,1630,1610612762,partial,2,1
2003-04,1709,1610612750,full_core,0,0
2003-04,1710,1610612758,full_core,0,0
2003-04,1711,1610612738,full_core,0,0
2003-04,1712,1610612742,full_core,0,0
2003-04,1713,1610612761,full_core,0,0
2003-04,1714,1610612740,full_core,0,0
2003-04,1715,1610612763,full_core,0,0
2003-04,1716,1610612764,full_core,0,0
2003-04,1717,1610612742,full_core,0,0
2003-04,1718,1610612738,full_core,0,0
2003-04,1719,1610612757,partial,1,1
2003-04,1719,1610612763,partial,1,1
2003-04,1720,1610612743,partial,1,1
2003-04,1720,1610612752,partial,1,1
2003-04,1721,1610612762,partial,1,1
2003-04,1723,1610612762,full_core,0,0
2003-04,1724,1610612740,partial,1,1
2003-04,1725,1610612759,full_core,0,0
2003-04,1727,1610612753,full_core,0,0
2003-04,1729,1610612738,partial,1,1
2003-04,1729,1610612739,partial,1,1
2003-04,1730,1610612749,full_core,0,0
2003-04,1731,1610612753,full_core,0,0
2003-04,1733,1610612754,full_core,0,0
2003-04,1735,1610612757,full_core,0,0
2003-04,1737,1610612737,partial,1,1
2003-04,1737,1610612752,partial,1,1
2003-04,1738,1610612760,full_core,0,0
2003-04,1739,1610612757,full_core,0,0
2003-04,1740,1610612760,full_core,0,0
2003-04,1741,1610612739,partial,1,1
2003-04,1742,1610612740,partial,1,1
2003-04,1742,1610612753,partial,1,1
2003-04,1743,1610612739,partial,1,1
2003-04,1743,1610612752,partial,1,1
2003-04,1744,1610612760,full_core,0,0
2003-04,1747,1610612748,full_core,0,0
2003-04,1749,1610612745,full_core,0,0
2003-04,1751,1610612756,partial,1,1
2003-04,1751,1610612764,partial,1,1
2003-04,1760,1610612753,partial,2,1
2003-04,1761,1610612755,full_core,0,0
2003-04,1762,1610612765,full_core,0,0
2003-04,1763,1610612743,full_core,0,0
2003-04,1765,1610612745,partial,1,1
2003-04,1765,1610612764,partial,1,1
2003-04,178,1610612746,partial,1,1
2003-04,1800,1610612749,full_core,0,0
2003-04,1802,1610612758,full_core,0,0
2003-04,185,1610612758,full_core,0,0
2003-04,1853,1610612759,partial,1,1
2003-04,1863,1610612743,full_core,0,0
2003-04,1882,1610612746,full_core,0,0
2003-04,1883,1610612745,full_core,0,0
2003-04,1884,1610612740,full_core,0,0
2003-04,1885,1610612748,full_core,0,0
2003-04,1886,1610612754,full_core,0,0
2003-04,1887,1610612750,full_core,0,0
2003-04,1888,1610612765,full_core,0,0
2003-04,1889,1610612743,full_core,0,0
2003-04,1890,1610612756,full_core,0,0
2003-04,1891,1610612737,full_core,0,0
2003-04,1894,1610612746,full_core,0,0
2003-04,1897,1610612754,full_core,0,0
2003-04,1899,1610612763,full_core,0,0
2003-04,1900,1610612750,partial,1,1
2003-04,1901,1610612737,partial,1,1
2003-04,1901,1610612761,partial,1,1
2003-04,1902,1610612754,full_core,0,0
2003-04,1903,1610612755,full_core,0,0
2003-04,1904,1610612747,full_core,0,0
2003-04,1905,1610612762,full_core,0,0
2003-04,1908,1610612738,full_core,0,0
2003-04,1909,1610612745,full_core,0,0
2003-04,1910,1610612760,partial,1,1
2003-04,1913,1610612762,full_core,0,0
2003-04,1916,1610612760,full_core,0,0
2003-04,1917,1610612748,partial,1,1
2003-04,1921,1610612753,partial,1,1
2003-04,1921,1610612762,partial,1,1
2003-04,1922,1610612743,full_core,0,0
2003-04,1924,1610612737,partial,1,1
2003-04,1924,1610612739,partial,1,1
2003-04,1924,1610612753,partial,1,1
2003-04,1934,1610612758,partial,2,1
2003-04,1938,1610612759,full_core,0,0
2003-04,1944,1610612741,full_core,0,0
2003-04,1952,1610612762,full_core,0,0
2003-04,1956,1610612739,full_core,0,0
2003-04,1960,1610612761,full_core,0,0
2003-04,1985,1610612755,partial,2,1
2003-04,2030,1610612751,full_core,0,0
2003-04,2031,1610612763,full_core,0,0
2003-04,2032,1610612739,partial,1,1
2003-04,2032,1610612757,partial,1,1
2003-04,2033,1610612741,full_core,0,0
2003-04,2034,1610612763,full_core,0,0
2003-04,2035,1610612752,partial,1,1
2003-04,2036,1610612738,partial,1,1
2003-04,2036,1610612739,partial,1,1
2003-04,2037,1610612741,full_core,0,0
2003-04,2038,1610612737,partial,1,1
2003-04,2038,1610612749,partial,1,1
2003-04,2039,1610612746,full_core,0,0
2003-04,2040,1610612761,full_core,0,0
2003-04,2041,1610612764,full_core,0,0
2003-04,2043,1610612739,partial,1,1
2003-04,2044,1610612737,partial,1,1
2003-04,2045,1610612759,full_core,0,0
2003-04,2046,1610612749,full_core,0,0
2003-04,2047,1610612746,full_core,0,0
2003-04,2048,1610612740,full_core,0,0
2003-04,2049,1610612744,full_core,0,0
2003-04,2050,1610612761,full_core,0,0
2003-04,2051,1610612753,partial,1,1
2003-04,2051,1610612756,partial,1,1
2003-04,2052,1610612753,partial,1,1
2003-04,2052,1610612762,partial,1,1
2003-04,2054,1610612763,full_core,0,0
2003-04,2055,1610612737,partial,2,1
2003-04,2055,1610612742,partial,1,1
2003-04,2056,1610612754,full_core,0,0
2003-04,2058,1610612750,full_core,0,0
2003-04,2059,1610612742,full_core,0,0
2003-04,2060,1610612746,full_core,0,0
2003-04,2061,1610612744,partial,2,1
2003-04,2061,1610612749,partial,1,1
2003-04,2063,1610612756,full_core,0,0
2003-04,2067,1610612746,full_core,0,0
2003-04,2072,1610612749,full_core,0,0
2003-04,2073,1610612744,full_core,0,0
2003-04,2074,1610612758,partial,1,1
2003-04,2078,1610612759,partial,1,1
2003-04,2079,1610612757,partial,1,1
2003-04,208,1610612750,full_core,0,0
2003-04,2091,1610612749,full_core,0,0
2003-04,2098,1610612747,full_core,0,0
2003-04,2109,1610612757,partial,1,1
2003-04,2124,1610612748,full_core,0,0
2003-04,213,1610612741,partial,1,1
2003-04,213,1610612761,partial,1,1
2003-04,2137,1610612747,partial,1,1
2003-04,2198,1610612764,full_core,0,0
2003-04,2199,1610612741,full_core,0,0
2003-04,2200,1610612763,full_core,0,0
2003-04,2201,1610612741,full_core,0,0
2003-04,2202,1610612744,full_core,0,0
2003-04,2203,1610612763,full_core,0,0
2003-04,2205,1610612739,full_core,0,0
2003-04,2206,1610612743,full_core,0,0
2003-04,2207,1610612756,full_core,0,0
2003-04,2208,1610612738,partial,1,1
2003-04,2208,1610612739,partial,1,1
2003-04,2209,1610612760,full_core,0,0
2003-04,221,1610612745,partial,1,1
2003-04,221,1610612752,partial,1,1
2003-04,2210,1610612751,full_core,0,0
2003-04,2211,1610612744,full_core,0,0
2003-04,2212,1610612753,full_core,0,0
2003-04,2214,1610612737,partial,1,1
2003-04,2214,1610612761,partial,1,1
2003-04,2215,1610612751,full_core,0,0
2003-04,2216,1610612757,full_core,0,0
2003-04,2217,1610612764,full_core,0,0
2003-04,2220,1610612751,full_core,0,0
2003-04,2221,1610612762,full_core,0,0
2003-04,2222,1610612758,full_core,0,0
2003-04,2223,1610612755,full_core,0,0
2003-04,2224,1610612754,full_core,0,0
2003-04,2225,1610612759,full_core,0,0
2003-04,2228,1610612745,partial,2,1
2003-04,2229,1610612738,partial,1,1
2003-04,2229,1610612765,partial,1,1
2003-04,2239,1610612750,full_core,0,0
2003-04,224,1610612748,full_core,0,0
2003-04,2240,1610612764,full_core,0,0
2003-04,2241,1610612757,partial,2,1
2003-04,2243,1610612751,full_core,0,0
2003-04,2244,1610612743,full_core,0,0
2003-04,2245,1610612751,partial,1,1
2003-04,2246,1610612765,full_core,0,0
2003-04,2248,1610612763,full_core,0,0
2003-04,2249,1610612754,full_core,0,0
2003-04,2250,1610612746,full_core,0,0
2003-04,2253,1610612744,partial,1,1
2003-04,2254,1610612748,full_core,0,0
2003-04,2257,1610612757,partial,1,1
2003-04,2260,1610612762,full_core,0,0
2003-04,2306,1610612762,full_core,0,0
2003-04,2321,1610612741,partial,1,1
2003-04,2357,1610612740,partial,1,1
2003-04,2365,1610612743,full_core,0,0
2003-04,2366,1610612745,full_core,0,0
2003-04,2370,1610612761,partial,1,1
2003-04,238,1610612748,partial,1,1
2003-04,239,1610612750,partial,2,1
2003-04,2397,1610612745,full_core,0,0
2003-04,2399,1610612744,full_core,0,0
2003-04,2400,1610612753,full_core,0,0
2003-04,2401,1610612743,full_core,0,0
2003-04,2402,1610612739,full_core,0,0
2003-04,2403,1610612743,full_core,0,0
2003-04,2404,1610612746,full_core,0,0
2003-04,2405,1610612756,full_core,0,0
2003-04,2406,1610612748,full_core,0,0
2003-04,2407,1610612764,full_core,0,0
2003-04,2408,1610612746,full_core,0,0
2003-04,2409,1610612749,full_core,0,0
2003-04,2410,1610612754,full_core,0,0
2003-04,2411,1610612745,full_core,0,0
2003-04,2412,1610612738,full_core,0,0
2003-04,2413,1610612764,full_core,0,0
2003-04,2414,1610612762,full_core,0,0
2003-04,2415,1610612763,full_core,0,0
2003-04,2416,1610612747,full_core,0,0
2003-04,2417,1610612757,full_core,0,0
2003-04,2418,1610612756,full_core,0,0
2003-04,2419,1610612765,full_core,0,0
2003-04,2421,1610612752,full_core,0,0
2003-04,2422,1610612755,full_core,0,0
2003-04,2423,1610612741,partial,1,1
2003-04,2423,1610612761,partial,1,1
2003-04,2424,1610612737,partial,1,1
2003-04,2424,1610612757,partial,1,1
2003-04,2425,1610612753,partial,1,1
2003-04,2425,1610612756,partial,1,1
2003-04,2425,1610612761,partial,1,1
2003-04,2427,1610612741,partial,1,1
2003-04,2427,1610612761,partial,1,1
2003-04,2429,1610612749,full_core,0,0
2003-04,243,1610612755,full_core,0,0
2003-04,2430,1610612739,full_core,0,0
2003-04,2436,1610612760,full_core,0,0
2003-04,2437,1610612741,partial,1,1
2003-04,2437,1610612761,partial,1,1
2003-04,2437,1610612764,partial,1,1
2003-04,2440,1610612746,partial,1,1
2003-04,2441,1610612747,full_core,0,0
2003-04,2443,1610612758,full_core,0,0
2003-04,2446,1610612748,full_core,0,0
2003-04,2447,1610612751,full_core,0,0
2003-04,2452,1610612739,partial,1,1
2003-04,2452,1610612744,partial,2,1
2003-04,2456,1610612752,partial,1,1
2003-04,2456,1610612756,partial,1,1
2003-04,2457,1610612741,partial,1,1
2003-04,2457,1610612747,partial,1,1
2003-04,2457,1610612761,partial,1,1
2003-04,2466,1610612740,partial,1,1
2003-04,2466,1610612747,partial,1,1
2003-04,248,1610612740,full_core,0,0
2003-04,2484,1610612759,full_core,0,0
2003-04,2499,1610612760,full_core,0,0
2003-04,2501,1610612760,full_core,0,0
2003-04,252,1610612747,full_core,0,0
2003-04,2544,1610612739,full_core,0,0
2003-04,2545,1610612765,full_core,0,0
2003-04,2546,1610612743,full_core,0,0
2003-04,2547,1610612761,full_core,0,0
2003-04,2548,1610612748,full_core,0,0
2003-04,2549,1610612746,full_core,0,0
2003-04,2550,1610612741,full_core,0,0
2003-04,2551,1610612749,full_core,0,0
2003-04,2552,1610612752,full_core,0,0
2003-04,2553,1610612764,full_core,0,0
2003-04,2554,1610612744,full_core,0,0
2003-04,2556,1610612738,full_core,0,0
2003-04,2557,1610612760,full_core,0,0
2003-04,2558,1610612753,full_core,0,0
2003-04,2559,1610612763,full_core,0,0
2003-04,2560,1610612756,full_core,0,0
2003-04,2561,1610612740,full_core,0,0
2003-04,2562,1610612762,full_core,0,0
2003-04,2563,1610612763,full_core,0,0
2003-04,2564,1610612737,full_core,0,0
2003-04,2565,1610612751,full_core,0,0
2003-04,2566,1610612757,full_core,0,0
2003-04,2567,1610612747,full_core,0,0
2003-04,2569,1610612750,full_core,0,0
2003-04,2570,1610612738,full_core,0,0
2003-04,2571,1610612756,full_core,0,0
2003-04,2572,1610612742,full_core,0,0
2003-04,2573,1610612756,partial,1,1
2003-04,2574,1610612739,full_core,0,0
2003-04,2575,1610612747,full_core,0,0
2003-04,258,1610612748,full_core,0,0
2003-04,2580,1610612737,full_core,0,0
2003-04,2581,1610612764,full_core,0,0
2003-04,2582,1610612757,partial,1,1
2003-04,2584,1610612755,full_core,0,0
2003-04,2585,1610612753,full_core,0,0
2003-04,2586,1610612753,full_core,0,0
2003-04,2590,1610612762,full_core,0,0
2003-04,2592,1610612754,full_core,0,0
2003-04,2594,1610612755,full_core,0,0
2003-04,2599,1610612738,full_core,0,0
2003-04,2602,1610612748,full_core,0,0
2003-04,2604,1610612763,full_core,0,0
2003-04,2605,1610612742,full_core,0,0
2003-04,2617,1610612748,full_core,0,0
2003-04,2632,1610612748,partial,1,1
2003-04,2639,1610612753,partial,2,1
2003-04,2648,1610612741,partial,1,1
2003-04,2667,1610612753,partial,1,1
2003-04,2668,1610612737,partial,1,1
2003-04,2669,1610612741,partial,2,1
2003-04,2673,1610612737,partial,1,1
2003-04,2679,1610612757,partial,1,1
2003-04,2679,1610612759,partial,1,1
2003-04,2682,1610612759,full_core,0,0
2003-04,2693,1610612750,partial,1,1
2003-04,270,1610612747,full_core,0,0
2003-04,2724,1610612757,partial,1,1
2003-04,275,1610612752,full_core,0,0
2003-04,278,1610612740,full_core,0,0
2003-04,281,1610612742,partial,1,1
2003-04,281,1610612756,partial,1,1
2003-04,283,1610612765,partial,2,1
2003-04,296,1610612747,full_core,0,0
2003-04,297,1610612751,full_core,0,0
2003-04,299,1610612755,full_core,0,0
2003-04,324,1610612758,full_core,0,0
2003-04,339,1610612756,partial,1,1
2003-04,339,1610612762,partial,1,1
2003-04,344,1610612738,partial,1,1
2003-04,348,1610612764,full_core,0,0
2003-04,349,1610612745,partial,1,1
2003-04,353,1610612740,full_core,0,0
2003-04,358,1610612752,partial,1,1
2003-04,358,1610612756,partial,1,1
2003-04,361,1610612744,full_core,0,0
2003-04,363,1610612764,full_core,0,0
2003-04,369,1610612752,partial,1,1
2003-04,369,1610612759,partial,1,1
2003-04,383,1610612741,full_core,0,0
2003-04,384,1610612744,full_core,0,0
2003-04,389,1610612749,full_core,0,0
2003-04,393,1610612753,partial,1,1
2003-04,393,1610612761,partial,1,1
2003-04,397,1610612754,full_core,0,0
2003-04,399,1610612740,partial,1,1
2003-04,399,1610612753,partial,1,1
2003-04,406,1610612747,full_core,0,0
2003-04,422,1610612744,full_core,0,0
2003-04,43,1610612764,full_core,0,0
2003-04,436,1610612753,full_core,0,0
2003-04,441,1610612761,full_core,0,0
2003-04,445,1610612737,partial,1,1
2003-04,445,1610612757,partial,1,1
2003-04,445,1610612763,partial,1,1
2003-04,446,1610612751,full_core,0,0
2003-04,448,1610612763,full_core,0,0
2003-04,452,1610612738,partial,1,1
2003-04,452,1610612752,partial,1,1
2003-04,458,1610612752,partial,1,1
2003-04,458,1610612756,partial,1,1
2003-04,461,1610612744,full_core,0,0
2003-04,467,1610612751,full_core,0,0
2003-04,468,1610612743,full_core,0,0
2003-04,469,1610612740,full_core,0,0
2003-04,56,1610612747,full_core,0,0
2003-04,57,1610612758,full_core,0,0
2003-04,673,1610612737,full_core,0,0
2003-04,677,1610612738,partial,1,1
2003-04,677,1610612739,partial,1,1
2003-04,682,1610612737,partial,1,1
2003-04,682,1610612765,partial,1,1
2003-04,685,1610612744,partial,1,1
2003-04,686,1610612752,partial,1,1
2003-04,686,1610612756,partial,1,1
2003-04,688,1610612761,full_core,0,0
2003-04,689,1610612737,partial,1,1
2003-04,689,1610612757,partial,1,1
2003-04,692,1610612753,full_core,0,0
2003-04,693,1610612749,full_core,0,0
2003-04,696,1610612742,full_core,0,0
2003-04,697,1610612750,full_core,0,0
2003-04,699,1610612760,full_core,0,0
2003-04,702,1610612743,full_core,0,0
2003-04,703,1610612752,full_core,0,0
2003-04,708,1610612750,full_core,0,0
2003-04,711,1610612764,full_core,0,0
2003-04,714,1610612742,full_core,0,0
2003-04,718,1610612750,full_core,0,0
2003-04,72,1610612754,full_core,0,0
2003-04,722,1610612765,full_core,0,0
2003-04,727,1610612755,full_core,0,0
2003-04,731,1610612762,full_core,0,0
2003-04,739,1610612737,partial,1,1
2003-04,739,1610612757,partial,1,1
2003-04,739,1610612765,partial,1,1
2003-04,754,1610612745,full_core,0,0
2003-04,757,1610612757,full_core,0,0
2003-04,762,1610612742,full_core,0,0
2003-04,763,1610612758,full_core,0,0
2003-04,77,1610612746,partial,1,1
2003-04,77,1610612751,partial,1,1
2003-04,779,1610612746,partial,1,1
2003-04,788,1610612759,full_core,0,0
2003-04,84,1610612750,full_core,0,0
2003-04,87,1610612752,full_core,0,0
2003-04,89,1610612744,full_core,0,0
2003-04,891,1610612745,partial,1,1
2003-04,902,1610612748,full_core,0,0
2003-04,905,1610612757,full_core,0,0
2003-04,911,1610612750,full_core,0,0
2003-04,915,1610612751,full_core,0,0
2003-04,916,1610612741,partial,1,1
2003-04,916,1610612761,partial,1,1
2003-04,922,1610612765,full_core,0,0
2003-04,923,1610612741,partial,1,1
2003-04,923,1610612761,partial,1,1
2003-04,924,1610612750,partial,1,1
2003-04,924,1610612751,partial,1,1
2003-04,93,1610612751,partial,1,1
2003-04,93,1610612765,partial,1,1
2003-04,932,1610612750,partial,1,1
2003-04,934,1610612755,full_core,0,0
2003-04,935,1610612747,full_core,0,0
2003-04,937,1610612741,full_core,0,0
2003-04,947,1610612755,full_core,0,0
2003-04,948,1610612743,full_core,0,0
2003-04,949,1610612737,partial,1,1
2003-04,949,1610612757,partial,1,1
2003-04,950,1610612752,partial,1,1
2003-04,950,1610612756,partial,1,1
2003-04,951,1610612760,full_core,0,0
2003-04,952,1610612742,full_core,0,0
2003-04,953,1610612763,full_core,0,0
2003-04,954,1610612751,full_core,0,0
2003-04,955,1610612748,full_core,0,0
2003-04,956,1610612744,full_core,0,0
2003-04,958,1610612760,full_core,0,0
2003-04,959,1610612742,full_core,0,0
2003-04,960,1610612742,full_core,0,0
2003-04,961,1610612748,full_core,0,0
2003-04,962,1610612738,full_core,0,0
2003-04,965,1610612747,full_core,0,0
2003-04,966,1610612741,partial,1,1
2003-04,966,1610612761,partial,1,1
2003-04,970,1610612752,full_core,0,0
2003-04,976,1610612739,partial,1,1
2003-04,976,1610612757,partial,1,1
2003-04,977,1610612747,full_core,0,0
2003-04,978,1610612758,full_core,0,0
2003-04,979,1610612754,full_core,0,0
2003-04,980,1610612739,full_core,0,0
2003-04,983,1610612745,partial,1,1
2003-04,983,1610612752,partial,1,1
2003-04,988,1610612746,partial,1,1
2003-04,990,1610612759,full_core,0,0
2003-04,998,1610612743,full_core,0,0
2004-05,1000,1610612748,partial,1,1
2004-05,1000,1610612752,partial,1,1
2004-05,1032,1610612765,full_core,0,0
2004-05,1052,1610612762,partial,1,1
2004-05,1065,1610612749,full_core,0,0
2004-05,1088,1610612747,full_core,0,0
2004-05,109,1610612759,full_core,0,0
2004-05,1112,1610612765,full_core,0,0
2004-05,120,1610612748,partial,1,1
2004-05,120,1610612766,partial,1,1
2004-05,124,1610612747,full_core,0,0
2004-05,133,1610612740,partial,1,1
2004-05,133,1610612745,partial,1,1
2004-05,136,1610612740,full_core,0,0
2004-05,1425,1610612751,partial,1,1
2004-05,1425,1610612761,partial,1,1
2004-05,1442,1610612746,full_core,0,0
2004-05,1444,1610612741,partial,1,1
2004-05,147,1610612761,full_core,0,0
2004-05,1477,1610612759,full_core,0,0
2004-05,1495,1610612759,full_core,0,0
2004-05,1496,1610612742,partial,1,1
2004-05,1496,1610612749,partial,1,1
2004-05,1497,1610612765,full_core,0,0
2004-05,1498,1610612760,full_core,0,0
2004-05,1499,1610612753,full_core,0,0
2004-05,15,1610612741,full_core,0,0
2004-05,1500,1610612751,full_core,0,0
2004-05,1501,1610612752,full_core,0,0
2004-05,1502,1610612744,full_core,0,0
2004-05,1503,1610612745,full_core,0,0
2004-05,1504,1610612760,full_core,0,0
2004-05,1506,1610612754,full_core,0,0
2004-05,1507,1610612757,full_core,0,0
2004-05,1508,1610612745,partial,1,1
2004-05,1508,1610612752,partial,1,1
2004-05,1509,1610612753,full_core,0,0
2004-05,1510,1610612766,full_core,0,0
2004-05,1513,1610612754,full_core,0,0
2004-05,1517,1610612758,full_core,0,0
2004-05,1519,1610612750,partial,1,1
2004-05,1521,1610612751,full_core,0,0
2004-05,1531,1610612755,full_core,0,0
2004-05,1533,1610612754,full_core,0,0
2004-05,1536,1610612754,full_core,0,0
2004-05,1542,1610612737,full_core,0,0
2004-05,1548,1610612738,full_core,0,0
2004-05,1559,1610612741,full_core,0,0
2004-05,1563,1610612755,full_core,0,0
2004-05,1565,1610612737,partial,1,1
2004-05,1594,1610612746,full_core,0,0
2004-05,1607,1610612750,full_core,0,0
2004-05,1630,1610612746,full_core,0,0
2004-05,1709,1610612750,full_core,0,0
2004-05,1710,1610612758,full_core,0,0
2004-05,1711,1610612738,full_core,0,0
2004-05,1712,1610612764,full_core,0,0
2004-05,1713,1610612751,partial,1,1
2004-05,1713,1610612761,partial,1,1
2004-05,1714,1610612739,full_core,0,0
2004-05,1715,1610612763,full_core,0,0
2004-05,1716,1610612764,full_core,0,0
2004-05,1717,1610612742,full_core,0,0
2004-05,1718,1610612738,full_core,0,0
2004-05,1719,1610612763,full_core,0,0
2004-05,1720,1610612748,full_core,0,0
2004-05,1723,1610612762,full_core,0,0
2004-05,1725,1610612759,full_core,0,0
2004-05,1727,1610612753,full_core,0,0
2004-05,1729,1610612738,full_core,0,0
2004-05,1730,1610612755,partial,1,1
2004-05,1730,1610612758,partial,1,1
2004-05,1731,1610612737,partial,1,1
2004-05,1731,1610612745,partial,1,1
2004-05,1733,1610612737,full_core,0,0
2004-05,1737,1610612752,partial,1,1
2004-05,1737,1610612759,partial,1,1
2004-05,1738,1610612744,partial,1,1
2004-05,1739,1610612757,full_core,0,0
2004-05,1740,1610612760,full_core,0,0
2004-05,1741,1610612737,partial,1,1
2004-05,1743,1610612752,full_core,0,0
2004-05,1744,1610612760,full_core,0,0
2004-05,1747,1610612761,full_core,0,0
2004-05,1749,1610612753,partial,1,1
2004-05,1749,1610612758,partial,1,1
2004-05,1751,1610612766,partial,1,1
2004-05,1752,1610612759,full_core,0,0
2004-05,1761,1610612743,full_core,0,0
2004-05,1762,1610612754,partial,1,1
2004-05,1763,1610612745,full_core,0,0
2004-05,1765,1610612745,partial,1,1
2004-05,1800,1610612748,full_core,0,0
2004-05,1802,1610612758,full_core,0,0
2004-05,185,1610612755,partial,1,1
2004-05,185,1610612758,partial,1,1
2004-05,1853,1610612750,full_core,0,0
2004-05,1863,1610612743,full_core,0,0
2004-05,1882,1610612746,full_core,0,0
2004-05,1883,1610612753,full_core,0,0
2004-05,1884,1610612740,partial,1,1
2004-05,1884,1610612744,partial,1,1
2004-05,1885,1610612747,full_core,0,0
2004-05,1886,1610612754,full_core,0,0
2004-05,1887,1610612750,full_core,0,0
2004-05,1888,1610612765,full_core,0,0
2004-05,1889,1610612743,full_core,0,0
2004-05,1890,1610612756,full_core,0,0
2004-05,1891,1610612742,full_core,0,0
2004-05,1893,1610612762,full_core,0,0
2004-05,1894,1610612746,full_core,0,0
2004-05,1897,1610612754,full_core,0,0
2004-05,1899,1610612763,full_core,0,0
2004-05,1901,1610612759,partial,2,1
2004-05,1902,1610612754,full_core,0,0
2004-05,1903,1610612755,partial,1,1
2004-05,1903,1610612758,partial,1,1
2004-05,1904,1610612747,full_core,0,0
2004-05,1905,1610612762,full_core,0,0
2004-05,1908,1610612747,full_core,0,0
2004-05,1909,1610612745,full_core,0,0
2004-05,1913,1610612764,full_core,0,0
2004-05,1916,1610612742,partial,1,1
2004-05,1916,1610612749,partial,1,1
2004-05,1917,1610612748,full_core,0,0
2004-05,1918,1610612737,partial,1,1
2004-05,1919,1610612764,full_core,0,0
2004-05,1921,1610612762,full_core,0,0
2004-05,1922,1610612743,full_core,0,0
2004-05,1924,1610612740,full_core,0,0
2004-05,1934,1610612751,full_core,0,0
2004-05,1938,1610612759,full_core,0,0
2004-05,1952,1610612762,full_core,0,0
2004-05,1956,1610612739,full_core,0,0
2004-05,1960,1610612761,full_core,0,0
2004-05,1983,1610612752,partial,1,1
2004-05,1985,1610612749,partial,1,1
2004-05,2030,1610612743,full_core,0,0
2004-05,2031,1610612763,full_core,0,0
2004-05,2032,1610612757,full_core,0,0
2004-05,2033,1610612749,partial,1,1
2004-05,2034,1610612763,full_core,0,0
2004-05,2035,1610612743,full_core,0,0
2004-05,2036,1610612747,full_core,0,0
2004-05,2037,1610612752,full_core,0,0
2004-05,2038,1610612757,full_core,0,0
2004-05,2039,1610612748,full_core,0,0
2004-05,2040,1610612739,partial,1,1
2004-05,2040,1610612751,partial,2,1
2004-05,2040,1610612761,partial,1,1
2004-05,2041,1610612764,full_core,0,0
2004-05,2043,1610612760,partial,1,1
2004-05,2044,1610612737,full_core,0,0
2004-05,2045,1610612753,full_core,0,0
2004-05,2046,1610612749,full_core,0,0
2004-05,2047,1610612756,full_core,0,0
2004-05,2048,1610612740,full_core,0,0
2004-05,2049,1610612740,partial,1,1
2004-05,2049,1610612744,partial,1,1
2004-05,2050,1610612761,full_core,0,0
2004-05,2051,1610612751,partial,1,1
2004-05,2052,1610612753,full_core,0,0
2004-05,2054,1610612763,full_core,0,0
2004-05,2055,1610612746,full_core,0,0
2004-05,2056,1610612766,full_core,0,0
2004-05,2058,1610612750,full_core,0,0
2004-05,2059,1610612743,partial,1,1
2004-05,2059,1610612744,partial,1,1
2004-05,2060,1610612746,full_core,0,0
2004-05,2063,1610612756,full_core,0,0
2004-05,2067,1610612749,partial,1,1
2004-05,2067,1610612758,partial,1,1
2004-05,2067,1610612766,partial,1,1
2004-05,2072,1610612749,full_core,0,0
2004-05,2073,1610612763,full_core,0,0
2004-05,2074,1610612751,full_core,0,0
2004-05,2078,1610612766,full_core,0,0
2004-05,2079,1610612751,partial,2,1
2004-05,208,1610612750,full_core,0,0
2004-05,2091,1610612749,full_core,0,0
2004-05,2098,1610612747,full_core,0,0
2004-05,2109,1610612754,full_core,0,0
2004-05,2124,1610612748,partial,1,1
2004-05,2124,1610612766,partial,1,1
2004-05,213,1610612741,full_core,0,0
2004-05,2198,1610612764,full_core,0,0
2004-05,2199,1610612741,full_core,0,0
2004-05,2200,1610612763,full_core,0,0
2004-05,2201,1610612741,full_core,0,0
2004-05,2202,1610612744,full_core,0,0
2004-05,2203,1610612763,full_core,0,0
2004-05,2204,1610612750,full_core,0,0
2004-05,2205,1610612739,full_core,0,0
2004-05,2206,1610612743,partial,1,1
2004-05,2206,1610612744,partial,1,1
2004-05,2207,1610612756,full_core,0,0
2004-05,2208,1610612755,partial,1,1
2004-05,2209,1610612760,full_core,0,0
2004-05,221,1610612745,full_core,0,0
2004-05,2210,1610612751,full_core,0,0
2004-05,2211,1610612744,full_core,0,0
2004-05,2212,1610612756,full_core,0,0
2004-05,2214,1610612753,partial,1,1
2004-05,2214,1610612755,partial,1,1
2004-05,2214,1610612758,partial,1,1
2004-05,2215,1610612751,full_core,0,0
2004-05,2216,1610612757,full_core,0,0
2004-05,2217,1610612764,full_core,0,0
2004-05,2221,1610612762,full_core,0,0
2004-05,2222,1610612766,full_core,0,0
2004-05,2223,1610612755,full_core,0,0
2004-05,2224,1610612754,full_core,0,0
2004-05,2225,1610612759,full_core,0,0
2004-05,2229,1610612745,partial,1,1
2004-05,2229,1610612749,partial,1,1
2004-05,2230,1610612758,full_core,0,0
2004-05,2239,1610612750,full_core,0,0
2004-05,224,1610612748,full_core,0,0
2004-05,2240,1610612764,full_core,0,0
2004-05,2241,1610612761,partial,1,1
2004-05,2243,1610612751,full_core,0,0
2004-05,2245,1610612764,partial,1,1
2004-05,2246,1610612762,full_core,0,0
2004-05,2248,1610612763,full_core,0,0
2004-05,2249,1610612752,partial,1,1
2004-05,2250,1610612746,full_core,0,0
2004-05,2254,1610612761,full_core,0,0
2004-05,2260,1610612762,full_core,0,0
2004-05,2306,1610612762,partial,1,1
2004-05,2306,1610612765,partial,1,1
2004-05,2321,1610612756,partial,2,1
2004-05,2357,1610612747,full_core,0,0
2004-05,2365,1610612740,full_core,0,0
2004-05,2366,1610612759,full_core,0,0
2004-05,2367,1610612757,partial,1,1
2004-05,239,1610612746,partial,1,1
2004-05,2397,1610612745,full_core,0,0
2004-05,2399,1610612744,full_core,0,0
2004-05,2400,1610612739,full_core,0,0
2004-05,2401,1610612743,partial,1,1
2004-05,2401,1610612744,partial,1,1
2004-05,2402,1610612739,full_core,0,0
2004-05,2403,1610612743,full_core,0,0
2004-05,2404,1610612746,full_core,0,0
2004-05,2405,1610612756,full_core,0,0
2004-05,2406,1610612747,full_core,0,0
2004-05,2407,1610612764,full_core,0,0
2004-05,2408,1610612766,full_core,0,0
2004-05,2409,1610612754,partial,1,1
2004-05,2410,1610612754,full_core,0,0
2004-05,2411,1610612740,partial,1,1
2004-05,2411,1610612745,partial,1,1
2004-05,2412,1610612738,partial,1,1
2004-05,2412,1610612739,partial,1,1
2004-05,2413,1610612764,full_core,0,0
2004-05,2414,1610612762,full_core,0,0
2004-05,2415,1610612763,full_core,0,0
2004-05,2416,1610612747,partial,1,1
2004-05,2416,1610612766,partial,1,1
2004-05,2417,1610612748,partial,1,1
2004-05,2418,1610612740,partial,1,1
2004-05,2418,1610612756,partial,1,1
2004-05,2419,1610612765,full_core,0,0
2004-05,2420,1610612751,full_core,0,0
2004-05,2421,1610612741,full_core,0,0
2004-05,2422,1610612755,full_core,0,0
2004-05,2424,1610612740,partial,1,1
2004-05,2424,1610612742,partial,1,1
2004-05,2429,1610612749,full_core,0,0
2004-05,243,1610612755,full_core,0,0
2004-05,2430,1610612762,full_core,0,0
2004-05,2435,1610612753,full_core,0,0
2004-05,2436,1610612760,full_core,0,0
2004-05,2437,1610612740,partial,1,1
2004-05,2440,1610612758,partial,1,1
2004-05,2441,1610612766,partial,1,1
2004-05,2443,1610612758,full_core,0,0
2004-05,2446,1610612748,full_core,0,0
2004-05,2447,1610612766,full_core,0,0
2004-05,2451,1610612740,partial,2,1
2004-05,2454,1610612740,partial,2,1
2004-05,2457,1610612741,full_core,0,0
2004-05,2470,1610612756,partial,1,1
2004-05,2470,1610612765,partial,1,1
2004-05,248,1610612740,full_core,0,0
2004-05,2484,1610612759,full_core,0,0
2004-05,2486,1610612746,partial,1,1
2004-05,2486,1610612757,partial,1,1
2004-05,2499,1610612757,full_core,0,0
2004-05,2501,1610612760,full_core,0,0
2004-05,2544,1610612739,full_core,0,0
2004-05,2545,1610612765,full_core,0,0
2004-05,2546,1610612743,full_core,0,0
2004-05,2547,1610612761,full_core,0,0
2004-05,2548,1610612748,full_core,0,0
2004-05,2549,1610612746,full_core,0,0
2004-05,255,1610612753,full_core,0,0
2004-05,2550,1610612741,full_core,0,0
2004-05,2552,1610612752,full_core,0,0
2004-05,2553,1610612764,full_core,0,0
2004-05,2554,1610612744,full_core,0,0
2004-05,2555,1610612760,full_core,0,0
2004-05,2556,1610612738,full_core,0,0
2004-05,2557,1610612760,full_core,0,0
2004-05,2558,1610612745,partial,1,1
2004-05,2558,1610612749,partial,1,1
2004-05,2560,1610612744,partial,1,1
2004-05,2560,1610612756,partial,1,1
2004-05,2561,1610612740,full_core,0,0
2004-05,2562,1610612739,full_core,0,0
2004-05,2563,1610612763,full_core,0,0
2004-05,2564,1610612737,full_core,0,0
2004-05,2565,1610612751,full_core,0,0
2004-05,2566,1610612757,full_core,0,0
2004-05,2567,1610612747,full_core,0,0
2004-05,2568,1610612765,full_core,0,0
2004-05,2569,1610612750,full_core,0,0
2004-05,2570,1610612738,full_core,0,0
2004-05,2571,1610612756,full_core,0,0
2004-05,2572,1610612742,full_core,0,0
2004-05,2573,1610612740,partial,1,1
2004-05,2573,1610612756,partial,1,1
2004-05,2574,1610612766,full_core,0,0
2004-05,2575,1610612747,full_core,0,0
2004-05,258,1610612747,full_core,0,0
2004-05,2581,1610612764,full_core,0,0
2004-05,2584,1610612755,full_core,0,0
2004-05,2585,1610612749,full_core,0,0
2004-05,2586,1610612766,full_core,0,0
2004-05,2588,1610612761,full_core,0,0
2004-05,2590,1610612749,full_core,0,0
2004-05,2592,1610612754,full_core,0,0
2004-05,2594,1610612755,full_core,0,0
2004-05,2599,1610612753,full_core,0,0
2004-05,2604,1610612766,full_core,0,0
2004-05,2605,1610612742,full_core,0,0
2004-05,2617,1610612748,full_core,0,0
2004-05,2624,1610612746,full_core,0,0
2004-05,2632,1610612746,partial,1,1
2004-05,2639,1610612754,partial,1,1
2004-05,2648,1610612765,full_core,0,0
2004-05,2657,1610612756,partial,1,1
2004-05,2668,1610612755,full_core,0,0
2004-05,2669,1610612759,full_core,0,0
2004-05,2679,1610612766,partial,1,1
2004-05,2682,1610612740,partial,1,1
2004-05,2688,1610612745,partial,1,1
2004-05,2693,1610612762,full_core,0,0
2004-05,2730,1610612753,full_core,0,0
2004-05,2731,1610612766,full_core,0,0
2004-05,2732,1610612741,full_core,0,0
2004-05,2733,1610612746,full_core,0,0
2004-05,2734,1610612742,full_core,0,0
2004-05,2735,1610612737,full_core,0,0
2004-05,2736,1610612741,full_core,0,0
2004-05,2737,1610612761,full_core,0,0
2004-05,2738,1610612755,full_core,0,0
2004-05,2739,1610612739,full_core,0,0
2004-05,2740,1610612744,full_core,0,0
2004-05,2741,1610612760,full_core,0,0
2004-05,2742,1610612757,full_core,0,0
2004-05,2743,1610612762,full_core,0,0
2004-05,2744,1610612738,full_core,0,0
2004-05,2745,1610612762,full_core,0,0
2004-05,2746,1610612737,full_core,0,0
2004-05,2747,1610612740,full_core,0,0
2004-05,2748,1610612748,full_core,0,0
2004-05,2749,1610612753,full_core,0,0
2004-05,275,1610612752,full_core,0,0
2004-05,2750,1610612742,full_core,0,0
2004-05,2751,1610612757,full_core,0,0
2004-05,2753,1610612738,full_core,0,0
2004-05,2754,1610612738,full_core,0,0
2004-05,2755,1610612758,full_core,0,0
2004-05,2756,1610612747,full_core,0,0
2004-05,2757,1610612759,full_core,0,0
2004-05,2758,1610612754,full_core,0,0
2004-05,2760,1610612739,full_core,0,0
2004-05,2761,1610612740,partial,1,1
2004-05,2761,1610612756,partial,1,1
2004-05,2762,1610612764,full_core,0,0
2004-05,2763,1610612746,full_core,0,0
2004-05,2764,1610612737,full_core,0,0
2004-05,2765,1610612763,full_core,0,0
2004-05,2766,1610612763,full_core,0,0
2004-05,2767,1610612737,full_core,0,0
2004-05,2768,1610612741,full_core,0,0
2004-05,2770,1610612738,full_core,0,0
2004-05,2772,1610612752,full_core,0,0
2004-05,2774,1610612766,full_core,0,0
2004-05,2775,1610612757,full_core,0,0
2004-05,2776,1610612761,full_core,0,0
2004-05,278,1610612753,full_core,0,0
2004-05,2782,1610612740,partial,1,1
2004-05,2784,1610612743,partial,1,1
2004-05,2784,1610612744,partial,1,1
2004-05,2788,1610612742,full_core,0,0
2004-05,2798,1610612765,full_core,0,0
2004-05,2800,1610612747,partial,1,1
2004-05,2804,1610612741,full_core,0,0
2004-05,281,1610612739,full_core,0,0
2004-05,2823,1610612754,full_core,0,0
2004-05,2825,1610612760,partial,1,1
2004-05,283,1610612765,full_core,0,0
2004-05,2839,1610612737,partial,1,1
2004-05,2839,1610612757,partial,1,1
2004-05,2845,1610612758,full_core,0,0
2004-05,2852,1610612751,partial,1,1
2004-05,2857,1610612745,partial,1,1
2004-05,2857,1610612753,partial,1,1
2004-05,2863,1610612760,full_core,0,0
2004-05,2866,1610612752,partial,1,1
2004-05,2873,1610612751,partial,1,1
2004-05,2876,1610612741,full_core,0,0
2004-05,2891,1610612753,partial,2,1
2004-05,292,1610612737,full_core,0,0
2004-05,297,1610612748,partial,1,1
2004-05,297,1610612751,partial,1,1
2004-05,299,1610612759,partial,1,1
2004-05,324,1610612764,full_core,0,0
2004-05,339,1610612737,partial,1,1
2004-05,339,1610612738,partial,1,1
2004-05,353,1610612740,partial,1,1
2004-05,353,1610612742,partial,1,1
2004-05,358,1610612752,full_core,0,0
2004-05,361,1610612744,partial,1,1
2004-05,361,1610612751,partial,1,1
2004-05,363,1610612748,full_core,0,0
2004-05,369,1610612745,full_core,0,0
2004-05,383,1610612749,partial,1,1
2004-05,384,1610612744,full_core,0,0
2004-05,389,1610612749,full_core,0,0
2004-05,393,1610612745,partial,1,1
2004-05,397,1610612754,full_core,0,0
2004-05,406,1610612748,full_core,0,0
2004-05,436,1610612745,full_core,0,0
2004-05,441,1610612761,full_core,0,0
2004-05,445,1610612743,partial,1,1
2004-05,445,1610612748,partial,1,1
2004-05,446,1610612739,full_core,0,0
2004-05,448,1610612756,partial,1,1
2004-05,452,1610612745,partial,1,1
2004-05,452,1610612752,partial,1,1
2004-05,458,1610612762,full_core,0,0
2004-05,467,1610612751,full_core,0,0
2004-05,468,1610612737,partial,1,1
2004-05,468,1610612745,partial,1,1
2004-05,56,1610612738,partial,2,1
2004-05,57,1610612753,partial,1,1
2004-05,57,1610612758,partial,1,1
2004-05,673,1610612742,partial,2,1
2004-05,677,1610612751,partial,1,1
2004-05,677,1610612761,partial,1,1
2004-05,682,1610612745,full_core,0,0
2004-05,686,1610612765,full_core,0,0
2004-05,688,1610612754,partial,1,1
2004-05,689,1610612757,full_core,0,0
2004-05,692,1610612753,full_core,0,0
2004-05,693,1610612749,full_core,0,0
2004-05,696,1610612751,full_core,0,0
2004-05,697,1610612750,full_core,0,0
2004-05,699,1610612759,full_core,0,0
2004-05,702,1610612743,full_core,0,0
2004-05,703,1610612752,full_core,0,0
2004-05,708,1610612750,full_core,0,0
2004-05,711,1610612742,full_core,0,0
2004-05,714,1610612742,full_core,0,0
2004-05,72,1610612737,partial,1,1
2004-05,72,1610612746,partial,1,1
2004-05,722,1610612755,partial,1,1
2004-05,722,1610612758,partial,1,1
2004-05,724,1610612766,partial,1,1
2004-05,727,1610612739,full_core,0,0
2004-05,731,1610612758,full_core,0,0
2004-05,739,1610612765,full_core,0,0
2004-05,754,1610612745,partial,1,1
2004-05,754,1610612756,partial,1,1
2004-05,757,1610612757,full_core,0,0
2004-05,762,1610612742,full_core,0,0
2004-05,763,1610612759,full_core,0,0
2004-05,788,1610612737,full_core,0,0
2004-05,84,1610612750,full_core,0,0
2004-05,87,1610612745,full_core,0,0
2004-05,89,1610612757,full_core,0,0
2004-05,905,1610612744,partial,1,1
2004-05,905,1610612754,partial,1,1
2004-05,911,1610612750,full_core,0,0
2004-05,915,1610612740,partial,1,1
2004-05,915,1610612755,partial,1,1
2004-05,922,1610612751,partial,1,1
2004-05,922,1610612765,partial,2,1
2004-05,923,1610612761,full_core,0,0
2004-05,924,1610612749,partial,2,1
2004-05,924,1610612765,partial,1,1
2004-05,934,1610612765,partial,1,1
2004-05,935,1610612743,full_core,0,0
2004-05,947,1610612755,full_core,0,0
2004-05,948,1610612743,full_core,0,0
2004-05,949,1610612757,full_core,0,0
2004-05,950,1610612752,full_core,0,0
2004-05,951,1610612760,full_core,0,0
2004-05,952,1610612737,partial,1,1
2004-05,952,1610612738,partial,1,1
2004-05,953,1610612763,full_core,0,0
2004-05,954,1610612746,full_core,0,0
2004-05,955,1610612764,partial,1,1
2004-05,956,1610612742,full_core,0,0
2004-05,958,1610612760,full_core,0,0
2004-05,959,1610612756,full_core,0,0
2004-05,960,1610612737,full_core,0,0
2004-05,962,1610612738,partial,1,1
2004-05,962,1610612756,partial,1,1
2004-05,965,1610612744,full_core,0,0
2004-05,966,1610612752,full_core,0,0
2004-05,970,1610612741,full_core,0,0
2004-05,976,1610612739,full_core,0,0
2004-05,977,1610612747,full_core,0,0
2004-05,978,1610612758,full_core,0,0
2004-05,979,1610612754,full_core,0,0
2004-05,980,1610612739,full_core,0,0
2004-05,983,1610612745,partial,1,1
2004-05,983,1610612752,partial,1,1
2004-05,988,1610612762,partial,1,1
2004-05,990,1610612752,partial,1,1
2004-05,990,1610612759,partial,1,1
2004-05,998,1610612743,partial,2,1
2005-06,1000,1610612748,full_core,0,0
2005-06,101106,1610612749,full_core,0,0
2005-06,101107,1610612737,full_core,0,0
2005-06,101108,1610612740,full_core,0,0
2005-06,101109,1610612766,full_core,0,0
2005-06,101110,1610612757,full_core,0,0
2005-06,101111,1610612761,full_core,0,0
2005-06,101112,1610612752,full_core,0,0
2005-06,101113,1610612744,full_core,0,0
2005-06,101114,1610612762,full_core,0,0
2005-06,101115,1610612747,full_core,0,0
2005-06,101117,1610612746,full_core,0,0
2005-06,101118,1610612766,full_core,0,0
2005-06,101119,1610612750,full_core,0,0
2005-06,101120,1610612751,full_core,0,0
2005-06,101121,1610612761,full_core,0,0
2005-06,101122,1610612754,full_core,0,0
2005-06,101123,1610612738,full_core,0,0
2005-06,101124,1610612763,full_core,0,0
2005-06,101125,1610612743,full_core,0,0
2005-06,101126,1610612752,full_core,0,0
2005-06,101127,1610612757,full_core,0,0
2005-06,101128,1610612758,full_core,0,0
2005-06,101129,1610612745,full_core,0,0
2005-06,101130,1610612760,full_core,0,0
2005-06,101131,1610612765,full_core,0,0
2005-06,101132,1610612743,full_core,0,0
2005-06,101134,1610612748,full_core,0,0
2005-06,101135,1610612752,full_core,0,0
2005-06,101136,1610612737,full_core,0,0
2005-06,101137,1610612746,full_core,0,0
2005-06,101138,1610612740,full_core,0,0
2005-06,101139,1610612762,full_core,0,0
2005-06,101142,1610612747,partial,1,1
2005-06,101143,1610612753,full_core,0,0
2005-06,101144,1610612747,full_core,0,0
2005-06,101145,1610612744,full_core,0,0
2005-06,101147,1610612744,full_core,0,0
2005-06,101149,1610612739,full_core,0,0
2005-06,101150,1610612755,full_core,0,0
2005-06,101152,1610612750,full_core,0,0
2005-06,101154,1610612764,full_core,0,0
2005-06,101155,1610612738,full_core,0,0
2005-06,101156,1610612762,full_core,0,0
2005-06,101158,1610612738,full_core,0,0
2005-06,101159,1610612756,full_core,0,0
2005-06,101160,1610612763,full_core,0,0
2005-06,101161,1610612765,full_core,0,0
2005-06,101165,1610612765,full_core,0,0
2005-06,101177,1610612759,full_core,0,0
2005-06,101178,1610612740,full_core,0,0
2005-06,101179,1610612758,full_core,0,0
2005-06,101180,1610612754,full_core,0,0
2005-06,101181,1610612761,full_core,0,0
2005-06,101182,1610612764,partial,1,1
2005-06,101183,1610612755,full_core,0,0
2005-06,101184,1610612755,partial,1,1
2005-06,101185,1610612742,full_core,0,0
2005-06,101187,1610612766,full_core,0,0
2005-06,101188,1610612741,full_core,0,0
2005-06,101189,1610612746,full_core,0,0
2005-06,101190,1610612748,partial,1,1
2005-06,101194,1610612763,full_core,0,0
2005-06,101195,1610612741,partial,1,1
2005-06,101198,1610612744,partial,1,1
2005-06,101204,1610612738,partial,1,1
2005-06,101207,1610612766,full_core,0,0
2005-06,101209,1610612747,full_core,0,0
2005-06,101211,1610612739,partial,2,1
2005-06,101211,1610612741,partial,1,1
2005-06,101211,1610612745,partial,1,1
2005-06,101212,1610612737,full_core,0,0
2005-06,101213,1610612756,partial,1,1
2005-06,101219,1610612737,partial,1,1
2005-06,101223,1610612744,partial,1,1
2005-06,101230,1610612760,partial,2,1
2005-06,101236,1610612745,partial,1,1
2005-06,101238,1610612746,full_core,0,0
2005-06,101249,1610612745,partial,1,1
2005-06,101261,1610612762,full_core,0,0
2005-06,1088,1610612763,partial,1,1
2005-06,1088,1610612764,partial,1,1
2005-06,109,1610612759,full_core,0,0
2005-06,1112,1610612765,full_core,0,0
2005-06,133,1610612745,full_core,0,0
2005-06,136,1610612740,full_core,0,0
2005-06,1425,1610612740,partial,1,1
2005-06,1425,1610612761,partial,1,1
2005-06,1442,1610612746,full_core,0,0
2005-06,147,1610612752,partial,1,1
2005-06,147,1610612761,partial,1,1
2005-06,1477,1610612759,full_core,0,0
2005-06,1495,1610612759,full_core,0,0
2005-06,1496,1610612742,full_core,0,0
2005-06,1497,1610612765,full_core,0,0
2005-06,1498,1610612764,full_core,0,0
2005-06,1499,1610612753,full_core,0,0
2005-06,15,1610612741,full_core,0,0
2005-06,1501,1610612741,partial,1,1
2005-06,1501,1610612756,partial,1,1
2005-06,1502,1610612744,full_core,0,0
2005-06,1503,1610612745,full_core,0,0
2005-06,1504,1610612760,full_core,0,0
2005-06,1506,1610612754,full_core,0,0
2005-06,1507,1610612745,partial,1,1
2005-06,1507,1610612748,partial,1,1
2005-06,1508,1610612752,full_core,0,0
2005-06,1509,1610612753,partial,1,1
2005-06,1509,1610612765,partial,1,1
2005-06,1510,1610612766,full_core,0,0
2005-06,1513,1610612754,full_core,0,0
2005-06,1517,1610612763,full_core,0,0
2005-06,1519,1610612737,partial,1,1
2005-06,1519,1610612751,partial,1,1
2005-06,1519,1610612763,partial,1,1
2005-06,1520,1610612743,partial,1,1
2005-06,1520,1610612757,partial,1,1
2005-06,1521,1610612751,full_core,0,0
2005-06,1531,1610612740,partial,1,1
2005-06,1531,1610612751,partial,1,1
2005-06,1533,1610612754,full_core,0,0
2005-06,1536,1610612754,full_core,0,0
2005-06,1541,1610612761,full_core,0,0
2005-06,1548,1610612738,partial,1,1
2005-06,1548,1610612750,partial,1,1
2005-06,1559,1610612742,partial,1,1
2005-06,1563,1610612755,full_core,0,0
2005-06,1594,1610612745,partial,1,1
2005-06,1594,1610612760,partial,1,1
2005-06,1607,1610612750,full_core,0,0
2005-06,1630,1610612760,full_core,0,0
2005-06,1709,1610612738,partial,1,1
2005-06,1709,1610612750,partial,1,1
2005-06,1710,1610612758,full_core,0,0
2005-06,1711,1610612738,full_core,0,0
2005-06,1712,1610612764,full_core,0,0
2005-06,1713,1610612751,full_core,0,0
2005-06,1715,1610612748,full_core,0,0
2005-06,1716,1610612739,full_core,0,0
2005-06,1717,1610612742,full_core,0,0
2005-06,1718,1610612738,full_core,0,0
2005-06,1719,1610612758,full_core,0,0
2005-06,1720,1610612748,full_core,0,0
2005-06,1723,1610612762,full_core,0,0
2005-06,1725,1610612759,full_core,0,0
2005-06,1727,1610612753,full_core,0,0
2005-06,1729,1610612738,partial,1,1
2005-06,1729,1610612750,partial,1,1
2005-06,1730,1610612757,partial,1,1
2005-06,1730,1610612758,partial,1,1
2005-06,1731,1610612737,full_core,0,0
2005-06,1733,1610612737,full_core,0,0
2005-06,1737,1610612759,full_core,0,0
2005-06,1739,1610612743,partial,1,1
2005-06,1739,1610612757,partial,1,1
2005-06,1740,1610612760,full_core,0,0
2005-06,1744,1610612752,full_core,0,0
2005-06,1747,1610612745,full_core,0,0
2005-06,1749,1610612746,full_core,0,0
2005-06,1752,1610612759,full_core,0,0
2005-06,1761,1610612743,full_core,0,0
2005-06,1763,1610612745,full_core,0,0
2005-06,1800,1610612739,full_core,0,0
2005-06,1802,1610612758,full_core,0,0
2005-06,185,1610612755,full_core,0,0
2005-06,1853,1610612750,full_core,0,0
2005-06,1863,1610612743,full_core,0,0
2005-06,1882,1610612746,full_core,0,0
2005-06,1883,1610612752,partial,1,1
2005-06,1883,1610612753,partial,1,1
2005-06,1884,1610612744,full_core,0,0
2005-06,1885,1610612747,full_core,0,0
2005-06,1886,1610612754,full_core,0,0
2005-06,1887,1610612738,partial,1,1
2005-06,1887,1610612750,partial,1,1
2005-06,1888,1610612765,full_core,0,0
2005-06,1889,1610612743,full_core,0,0
2005-06,1890,1610612756,full_core,0,0
2005-06,1891,1610612742,full_core,0,0
2005-06,1894,1610612746,full_core,0,0
2005-06,1897,1610612754,partial,1,1
2005-06,1897,1610612758,partial,1,1
2005-06,1899,1610612748,full_core,0,0
2005-06,1902,1610612754,full_core,0,0
2005-06,1903,1610612758,full_core,0,0
2005-06,1904,1610612747,full_core,0,0
2005-06,1905,1610612762,full_core,0,0
2005-06,1908,1610612766,full_core,0,0
2005-06,1909,1610612751,full_core,0,0
2005-06,1913,1610612764,full_core,0,0
2005-06,1916,1610612764,full_core,0,0
2005-06,1919,1610612747,partial,1,1
2005-06,1921,1610612762,full_core,0,0
2005-06,1922,1610612743,full_core,0,0
2005-06,1924,1610612755,partial,1,1
2005-06,1938,1610612759,full_core,0,0
2005-06,1952,1610612756,full_core,0,0
2005-06,1956,1610612739,full_core,0,0
2005-06,1960,1610612762,full_core,0,0
2005-06,1983,1610612749,partial,1,1
2005-06,1985,1610612739,partial,2,1
2005-06,1985,1610612755,partial,1,1
2005-06,2030,1610612743,full_core,0,0
2005-06,2031,1610612745,full_core,0,0
2005-06,2032,1610612757,full_core,0,0
2005-06,2033,1610612740,partial,1,1
2005-06,2034,1610612763,full_core,0,0
2005-06,2035,1610612743,full_core,0,0
2005-06,2036,1610612747,full_core,0,0
2005-06,2037,1610612752,full_core,0,0
2005-06,2038,1610612757,full_core,0,0
2005-06,2039,1610612753,full_core,0,0
2005-06,2041,1610612764,full_core,0,0
2005-06,2043,1610612760,partial,2,1
2005-06,2045,1610612753,full_core,0,0
2005-06,2046,1610612740,full_core,0,0
2005-06,2047,1610612752,full_core,0,0
2005-06,2048,1610612749,full_core,0,0
2005-06,2049,1610612740,full_core,0,0
2005-06,2050,1610612761,full_core,0,0
2005-06,2052,1610612753,full_core,0,0
2005-06,2054,1610612763,full_core,0,0
2005-06,2056,1610612766,full_core,0,0
2005-06,2058,1610612750,full_core,0,0
2005-06,2059,1610612743,full_core,0,0
2005-06,2060,1610612750,full_core,0,0
2005-06,2063,1610612766,full_core,0,0
2005-06,2067,1610612756,full_core,0,0
2005-06,2072,1610612749,full_core,0,0
2005-06,2073,1610612763,full_core,0,0
2005-06,2078,1610612758,full_core,0,0
2005-06,208,1610612746,full_core,0,0
2005-06,2098,1610612747,partial,1,1
2005-06,2109,1610612754,full_core,0,0
2005-06,2124,1610612741,full_core,0,0
2005-06,213,1610612752,partial,1,1
2005-06,213,1610612761,partial,1,1
2005-06,2137,1610612752,partial,1,1
2005-06,2198,1610612747,full_core,0,0
2005-06,2199,1610612741,full_core,0,0
2005-06,2200,1610612763,full_core,0,0
2005-06,2201,1610612752,full_core,0,0
2005-06,2202,1610612744,full_core,0,0
2005-06,2203,1610612763,full_core,0,0
2005-06,2204,1610612750,full_core,0,0
2005-06,2205,1610612742,full_core,0,0
2005-06,2207,1610612737,full_core,0,0
2005-06,2209,1610612746,partial,1,1
2005-06,2209,1610612760,partial,1,1
2005-06,2210,1610612751,full_core,0,0
2005-06,2211,1610612744,full_core,0,0
2005-06,2212,1610612755,full_core,0,0
2005-06,2214,1610612755,full_core,0,0
2005-06,2215,1610612751,full_core,0,0
2005-06,2216,1610612757,full_core,0,0
2005-06,2217,1610612764,full_core,0,0
2005-06,2222,1610612766,full_core,0,0
2005-06,2223,1610612755,full_core,0,0
2005-06,2224,1610612754,full_core,0,0
2005-06,2225,1610612759,full_core,0,0
2005-06,2229,1610612761,full_core,0,0
2005-06,2230,1610612765,full_core,0,0
2005-06,2239,1610612750,full_core,0,0
2005-06,224,1610612763,full_core,0,0
2005-06,2240,1610612764,full_core,0,0
2005-06,2242,1610612753,partial,1,1
2005-06,2243,1610612738,full_core,0,0
2005-06,2246,1610612762,full_core,0,0
2005-06,2248,1610612743,partial,1,1
2005-06,2248,1610612760,partial,1,1
2005-06,2250,1610612749,full_core,0,0
2005-06,2254,1610612761,full_core,0,0
2005-06,2260,1610612762,full_core,0,0
2005-06,2294,1610612749,full_core,0,0
2005-06,2306,1610612753,partial,1,1
2005-06,2306,1610612765,partial,1,1
2005-06,2365,1610612740,partial,1,1
2005-06,2366,1610612739,partial,1,1
2005-06,2366,1610612760,partial,1,1
2005-06,239,1610612761,partial,1,1
2005-06,2397,1610612745,full_core,0,0
2005-06,2399,1610612744,full_core,0,0
2005-06,2400,1610612739,full_core,0,0
2005-06,2401,1610612750,partial,1,1
2005-06,2401,1610612756,partial,1,1
2005-06,2403,1610612743,full_core,0,0
2005-06,2404,1610612746,partial,1,1
2005-06,2404,1610612760,partial,1,1
2005-06,2405,1610612756,full_core,0,0
2005-06,2406,1610612764,full_core,0,0
2005-06,2407,1610612764,full_core,0,0
2005-06,2408,1610612766,full_core,0,0
2005-06,2410,1610612754,full_core,0,0
2005-06,2411,1610612740,partial,1,1
2005-06,2411,1610612751,partial,1,1
2005-06,2412,1610612749,full_core,0,0
2005-06,2413,1610612757,full_core,0,0
2005-06,2416,1610612766,partial,1,1
2005-06,2417,1610612752,partial,1,1
2005-06,2419,1610612765,full_core,0,0
2005-06,2420,1610612751,full_core,0,0
2005-06,2422,1610612755,full_core,0,0
2005-06,2424,1610612738,full_core,0,0
2005-06,2429,1610612749,full_core,0,0
2005-06,243,1610612747,full_core,0,0
2005-06,2430,1610612762,full_core,0,0
2005-06,2435,1610612753,full_core,0,0
2005-06,2436,1610612739,partial,1,1
2005-06,2436,1610612760,partial,1,1
2005-06,2437,1610612745,partial,1,1
2005-06,2437,1610612766,partial,1,1
2005-06,2440,1610612752,partial,1,1
2005-06,2440,1610612755,partial,1,1
2005-06,2441,1610612758,full_core,0,0
2005-06,2443,1610612741,full_core,0,0
2005-06,2446,1610612740,full_core,0,0
2005-06,2450,1610612741,partial,1,1
2005-06,2457,1610612741,full_core,0,0
2005-06,2469,1610612756,full_core,0,0
2005-06,2470,1610612747,full_core,0,0
2005-06,2484,1610612762,full_core,0,0
2005-06,2499,1610612745,partial,1,1
2005-06,2499,1610612750,partial,1,1
2005-06,2501,1610612743,partial,1,1
2005-06,2501,1610612760,partial,1,1
2005-06,2544,1610612739,full_core,0,0
2005-06,2545,1610612753,partial,1,1
2005-06,2545,1610612765,partial,1,1
2005-06,2546,1610612743,full_core,0,0
2005-06,2547,1610612761,full_core,0,0
2005-06,2548,1610612748,full_core,0,0
2005-06,2549,1610612746,full_core,0,0
2005-06,255,1610612753,full_core,0,0
2005-06,2550,1610612741,full_core,0,0
2005-06,2551,1610612749,full_core,0,0
2005-06,2552,1610612741,full_core,0,0
2005-06,2553,1610612764,full_core,0,0
2005-06,2554,1610612744,full_core,0,0
2005-06,2555,1610612760,full_core,0,0
2005-06,2556,1610612738,partial,1,1
2005-06,2556,1610612750,partial,1,1
2005-06,2557,1610612760,full_core,0,0
2005-06,2558,1610612749,full_core,0,0
2005-06,2560,1610612744,full_core,0,0
2005-06,2561,1610612740,full_core,0,0
2005-06,2562,1610612739,full_core,0,0
2005-06,2563,1610612763,full_core,0,0
2005-06,2564,1610612756,full_core,0,0
2005-06,2565,1610612751,full_core,0,0
2005-06,2566,1610612757,full_core,0,0
2005-06,2567,1610612747,full_core,0,0
2005-06,2568,1610612765,full_core,0,0
2005-06,2570,1610612738,full_core,0,0
2005-06,2571,1610612756,full_core,0,0
2005-06,2572,1610612742,full_core,0,0
2005-06,2573,1610612740,partial,1,1
2005-06,2573,1610612745,partial,1,1
2005-06,2574,1610612748,full_core,0,0
2005-06,2575,1610612747,full_core,0,0
2005-06,258,1610612756,full_core,0,0
2005-06,2581,1610612757,full_core,0,0
2005-06,2583,1610612751,partial,1,1
2005-06,2584,1610612755,partial,0,0
2005-06,2585,1610612737,full_core,0,0
2005-06,2586,1610612745,partial,1,1
2005-06,2586,1610612766,partial,1,1
2005-06,2588,1610612761,full_core,0,0
2005-06,2590,1610612749,full_core,0,0
2005-06,2592,1610612756,full_core,0,0
2005-06,2594,1610612755,full_core,0,0
2005-06,2605,1610612742,full_core,0,0
2005-06,2617,1610612748,full_core,0,0
2005-06,2624,1610612746,full_core,0,0
2005-06,2637,1610612759,partial,1,1
2005-06,2648,1610612750,full_core,0,0
2005-06,2668,1610612745,partial,1,1
2005-06,2668,1610612749,partial,2,1
2005-06,2668,1610612756,partial,1,1
2005-06,2669,1610612740,partial,1,1
2005-06,2669,1610612751,partial,1,1
2005-06,2679,1610612766,full_core,0,0
2005-06,2684,1610612759,partial,3,1
2005-06,2693,1610612762,full_core,0,0
2005-06,2694,1610612742,full_core,0,0
2005-06,2730,1610612753,full_core,0,0
2005-06,2731,1610612766,full_core,0,0
2005-06,2732,1610612741,full_core,0,0
2005-06,2733,1610612746,full_core,0,0
2005-06,2734,1610612742,full_core,0,0
2005-06,2735,1610612737,full_core,0,0
2005-06,2736,1610612741,full_core,0,0
2005-06,2737,1610612761,full_core,0,0
2005-06,2738,1610612755,full_core,0,0
2005-06,2739,1610612739,full_core,0,0
2005-06,2740,1610612744,full_core,0,0
2005-06,2741,1610612760,full_core,0,0
2005-06,2742,1610612757,full_core,0,0
2005-06,2743,1610612762,full_core,0,0
2005-06,2744,1610612738,full_core,0,0
2005-06,2745,1610612740,full_core,0,0
2005-06,2746,1610612737,full_core,0,0
2005-06,2747,1610612740,full_core,0,0
2005-06,2748,1610612748,full_core,0,0
2005-06,2749,1610612753,full_core,0,0
2005-06,2750,1610612742,full_core,0,0
2005-06,2751,1610612757,full_core,0,0
2005-06,2752,1610612757,partial,1,1
2005-06,2752,1610612758,partial,1,1
2005-06,2753,1610612738,full_core,0,0
2005-06,2754,1610612738,full_core,0,0
2005-06,2755,1610612758,full_core,0,0
2005-06,2756,1610612747,full_core,0,0
2005-06,2757,1610612759,full_core,0,0
2005-06,2758,1610612754,full_core,0,0
2005-06,2760,1610612739,full_core,0,0
2005-06,2761,1610612740,partial,1,1
2005-06,2764,1610612737,full_core,0,0
2005-06,2766,1610612763,full_core,0,0
2005-06,2767,1610612737,full_core,0,0
2005-06,2768,1610612741,full_core,0,0
2005-06,2770,1610612738,partial,1,1
2005-06,2770,1610612750,partial,1,1
2005-06,2772,1610612752,partial,1,1
2005-06,2772,1610612753,partial,1,1
2005-06,2774,1610612766,full_core,0,0
2005-06,2775,1610612757,full_core,0,0
2005-06,2776,1610612761,full_core,0,0
2005-06,278,1610612753,full_core,0,0
2005-06,2788,1610612742,full_core,0,0
2005-06,2804,1610612741,full_core,0,0
2005-06,2809,1610612748,partial,1,1
2005-06,2823,1610612737,full_core,0,0
2005-06,283,1610612765,full_core,0,0
2005-06,2839,1610612741,partial,1,1
2005-06,2839,1610612755,partial,1,1
2005-06,2852,1610612764,full_core,0,0
2005-06,2853,1610612748,full_core,0,0
2005-06,2857,1610612756,partial,1,1
2005-06,2857,1610612761,partial,1,1
2005-06,2863,1610612760,full_core,0,0
2005-06,2866,1610612752,full_core,0,0
2005-06,2873,1610612764,partial,1,1
2005-06,297,1610612748,full_core,0,0
2005-06,353,1610612742,full_core,0,0
2005-06,358,1610612752,partial,1,1
2005-06,361,1610612751,full_core,0,0
2005-06,384,1610612744,full_core,0,0
2005-06,389,1610612749,full_core,0,0
2005-06,406,1610612748,full_core,0,0
2005-06,436,1610612745,full_core,0,0
2005-06,441,1610612751,full_core,0,0
2005-06,448,1610612753,partial,1,1
2005-06,452,1610612746,partial,1,1
2005-06,458,1610612743,partial,1,1
2005-06,458,1610612746,partial,1,1
2005-06,467,1610612751,full_core,0,0
2005-06,468,1610612745,partial,1,1
2005-06,56,1610612748,full_core,0,0
2005-06,57,1610612742,partial,1,1
2005-06,673,1610612739,full_core,0,0
2005-06,677,1610612761,full_core,0,0
2005-06,686,1610612765,full_core,0,0
2005-06,689,1610612757,full_core,0,0
2005-06,693,1610612749,full_core,0,0
2005-06,699,1610612759,full_core,0,0
2005-06,702,1610612743,partial,1,1
2005-06,702,1610612757,partial,1,1
2005-06,703,1610612756,full_core,0,0
2005-06,708,1610612750,full_core,0,0
2005-06,711,1610612742,full_core,0,0
2005-06,714,1610612759,full_core,0,0
2005-06,722,1610612758,full_core,0,0
2005-06,727,1610612739,full_core,0,0
2005-06,731,1610612762,full_core,0,0
2005-06,739,1610612765,full_core,0,0
2005-06,754,1610612747,partial,1,1
2005-06,754,1610612756,partial,1,1
2005-06,757,1610612763,full_core,0,0
2005-06,87,1610612745,full_core,0,0
2005-06,89,1610612759,full_core,0,0
2005-06,905,1610612765,full_core,0,0
2005-06,911,1610612749,full_core,0,0
2005-06,923,1610612739,full_core,0,0
2005-06,924,1610612746,partial,1,1
2005-06,935,1610612743,partial,1,1
2005-06,947,1610612755,full_core,0,0
2005-06,948,1610612743,full_core,0,0
2005-06,949,1610612758,full_core,0,0
2005-06,950,1610612752,full_core,0,0
2005-06,951,1610612760,full_core,0,0
2005-06,952,1610612748,full_core,0,0
2005-06,953,1610612763,full_core,0,0
2005-06,955,1610612754,partial,1,1
2005-06,956,1610612742,full_core,0,0
2005-06,958,1610612758,partial,1,1
2005-06,958,1610612760,partial,1,1
2005-06,959,1610612756,full_core,0,0
2005-06,960,1610612737,partial,1,1
2005-06,960,1610612765,partial,1,1
2005-06,962,1610612746,full_core,0,0
2005-06,965,1610612744,full_core,0,0
2005-06,970,1610612741,full_core,0,0
2005-06,976,1610612751,full_core,0,0
2005-06,977,1610612747,full_core,0,0
2005-06,978,1610612754,partial,1,1
2005-06,978,1610612758,partial,1,1
2005-06,979,1610612754,full_core,0,0
2005-06,980,1610612739,full_core,0,0
2005-06,983,1610612740,partial,1,1
2005-06,983,1610612745,partial,1,1
2005-06,988,1610612741,partial,1,1
2005-06,990,1610612752,full_core,0,0
2006-07,101106,1610612749,full_core,0,0
2006-07,101107,1610612737,full_core,0,0
2006-07,101108,1610612740,full_core,0,0
2006-07,101109,1610612766,full_core,0,0
2006-07,101110,1610612757,full_core,0,0
2006-07,101111,1610612749,full_core,0,0
2006-07,101112,1610612752,full_core,0,0
2006-07,101113,1610612744,partial,1,1
2006-07,101113,1610612754,partial,1,1
2006-07,101114,1610612762,full_core,0,0
2006-07,101115,1610612747,full_core,0,0
2006-07,101117,1610612746,full_core,0,0
2006-07,101118,1610612766,full_core,0,0
2006-07,101119,1610612750,full_core,0,0
2006-07,101120,1610612751,full_core,0,0
2006-07,101121,1610612761,full_core,0,0
2006-07,101122,1610612754,full_core,0,0
2006-07,101123,1610612738,full_core,0,0
2006-07,101124,1610612763,full_core,0,0
2006-07,101125,1610612743,partial,1,1
2006-07,101125,1610612749,partial,1,1
2006-07,101126,1610612752,full_core,0,0
2006-07,101127,1610612757,full_core,0,0
2006-07,101128,1610612758,full_core,0,0
2006-07,101129,1610612745,full_core,0,0
2006-07,101130,1610612760,full_core,0,0
2006-07,101131,1610612765,full_core,0,0
2006-07,101132,1610612743,full_core,0,0
2006-07,101134,1610612748,full_core,0,0
2006-07,101135,1610612752,full_core,0,0
2006-07,101136,1610612737,full_core,0,0
2006-07,101137,1610612746,full_core,0,0
2006-07,101138,1610612740,full_core,0,0
2006-07,101139,1610612762,full_core,0,0
2006-07,101141,1610612749,full_core,0,0
2006-07,101142,1610612747,full_core,0,0
2006-07,101143,1610612753,full_core,0,0
2006-07,101144,1610612746,partial,1,1
2006-07,101145,1610612744,full_core,0,0
2006-07,101148,1610612751,full_core,0,0
2006-07,101150,1610612755,full_core,0,0
2006-07,101152,1610612750,full_core,0,0
2006-07,101153,1610612760,full_core,0,0
2006-07,101154,1610612764,full_core,0,0
2006-07,101155,1610612738,full_core,0,0
2006-07,101158,1610612754,full_core,0,0
2006-07,101159,1610612737,partial,1,1
2006-07,101160,1610612763,full_core,0,0
2006-07,101161,1610612765,full_core,0,0
2006-07,101166,1610612761,full_core,0,0
2006-07,101177,1610612759,full_core,0,0
2006-07,101179,1610612758,full_core,0,0
2006-07,101180,1610612744,partial,1,1
2006-07,101180,1610612754,partial,1,1
2006-07,101181,1610612761,full_core,0,0
2006-07,101182,1610612764,full_core,0,0
2006-07,101183,1610612755,full_core,0,0
2006-07,101185,1610612754,full_core,0,0
2006-07,101187,1610612766,partial,2,1
2006-07,101189,1610612746,full_core,0,0
2006-07,101194,1610612744,partial,1,1
2006-07,101195,1610612757,partial,1,1
2006-07,101204,1610612739,full_core,0,0
2006-07,101211,1610612757,partial,1,1
2006-07,101212,1610612737,full_core,0,0
2006-07,101215,1610612746,partial,2,1
2006-07,101215,1610612763,partial,1,1
2006-07,101232,1610612762,partial,1,1
2006-07,101235,1610612744,partial,1,1
2006-07,101236,1610612745,full_core,0,0
2006-07,101249,1610612745,full_core,0,0
2006-07,1088,1610612763,full_core,0,0
2006-07,109,1610612759,full_core,0,0
2006-07,1112,1610612741,full_core,0,0
2006-07,133,1610612739,full_core,0,0
2006-07,136,1610612741,full_core,0,0
2006-07,1425,1610612746,full_core,0,0
2006-07,147,1610612756,partial,1,1
2006-07,1477,1610612759,full_core,0,0
2006-07,1495,1610612759,full_core,0,0
2006-07,1497,1610612765,full_core,0,0
2006-07,1498,1610612764,full_core,0,0
2006-07,1499,1610612753,full_core,0,0
2006-07,15,1610612756,full_core,0,0
2006-07,1501,1610612746,full_core,0,0
2006-07,1502,1610612744,full_core,0,0
2006-07,1503,1610612745,full_core,0,0
2006-07,1504,1610612760,full_core,0,0
2006-07,1506,1610612742,full_core,0,0
2006-07,1507,1610612766,partial,1,1
2006-07,1508,1610612758,partial,1,1
2006-07,1509,1610612752,full_core,0,0
2006-07,1510,1610612766,full_core,0,0
2006-07,1513,1610612739,full_core,0,0
2006-07,1515,1610612761,full_core,0,0
2006-07,1517,1610612740,full_core,0,0
2006-07,1521,1610612759,full_core,0,0
2006-07,1531,1610612740,full_core,0,0
2006-07,1533,1610612737,partial,1,1
2006-07,1533,1610612742,partial,1,1
2006-07,1536,1610612744,partial,1,1
2006-07,1536,1610612754,partial,1,1
2006-07,1541,1610612746,partial,1,1
2006-07,1548,1610612750,full_core,0,0
2006-07,1559,1610612741,full_core,0,0
2006-07,1563,1610612755,full_core,0,0
2006-07,1607,1610612750,full_core,0,0
2006-07,1630,1610612751,full_core,0,0
2006-07,1709,1610612738,full_core,0,0
2006-07,1710,1610612758,full_core,0,0
2006-07,1711,1610612757,full_core,0,0
2006-07,1712,1610612764,full_core,0,0
2006-07,1713,1610612751,full_core,0,0
2006-07,1715,1610612748,full_core,0,0
2006-07,1716,1610612739,full_core,0,0
2006-07,1717,1610612742,full_core,0,0
2006-07,1718,1610612738,full_core,0,0
2006-07,1719,1610612745,full_core,0,0
2006-07,1720,1610612748,full_core,0,0
2006-07,1723,1610612762,full_core,0,0
2006-07,1725,1610612761,full_core,0,0
2006-07,1727,1610612753,full_core,0,0
2006-07,1729,1610612750,full_core,0,0
2006-07,1730,1610612749,full_core,0,0
2006-07,1731,1610612737,full_core,0,0
2006-07,1733,1610612744,partial,1,1
2006-07,1733,1610612754,partial,1,1
2006-07,1737,1610612765,full_core,0,0
2006-07,1739,1610612749,full_core,0,0
2006-07,1740,1610612760,full_core,0,0
2006-07,1742,1610612747,full_core,0,0
2006-07,1744,1610612752,full_core,0,0
2006-07,1747,1610612745,full_core,0,0
2006-07,1749,1610612746,full_core,0,0
2006-07,1752,1610612756,full_core,0,0
2006-07,1761,1610612742,full_core,0,0
2006-07,1766,1610612754,full_core,0,0
2006-07,1800,1610612739,full_core,0,0
2006-07,1802,1610612758,full_core,0,0
2006-07,185,1610612755,partial,1,1
2006-07,185,1610612765,partial,1,1
2006-07,1853,1610612743,partial,1,1
2006-07,1863,1610612743,partial,1,1
2006-07,1863,1610612749,partial,1,1
2006-07,1882,1610612746,full_core,0,0
2006-07,1883,1610612752,full_core,0,0
2006-07,1884,1610612744,full_core,0,0
2006-07,1885,1610612747,full_core,0,0
2006-07,1887,1610612738,full_core,0,0
2006-07,1888,1610612765,full_core,0,0
2006-07,1889,1610612743,partial,1,1
2006-07,1889,1610612755,partial,1,1
2006-07,1890,1610612756,full_core,0,0
2006-07,1891,1610612742,full_core,0,0
2006-07,1894,1610612746,full_core,0,0
2006-07,1897,1610612758,full_core,0,0
2006-07,1899,1610612748,full_core,0,0
2006-07,1902,1610612754,full_core,0,0
2006-07,1903,1610612758,full_core,0,0
2006-07,1904,1610612742,full_core,0,0
2006-07,1905,1610612762,full_core,0,0
2006-07,1908,1610612756,full_core,0,0
2006-07,1909,1610612745,partial,1,1
2006-07,1909,1610612763,partial,1,1
2006-07,1913,1610612764,full_core,0,0
2006-07,1916,1610612764,full_core,0,0
2006-07,1921,1610612762,full_core,0,0
2006-07,1922,1610612759,full_core,0,0
2006-07,1938,1610612759,full_core,0,0
2006-07,1952,1610612756,full_core,0,0
2006-07,1956,1610612739,full_core,0,0
2006-07,200745,1610612761,full_core,0,0
2006-07,200746,1610612757,full_core,0,0
2006-07,200747,1610612766,full_core,0,0
2006-07,200748,1610612741,full_core,0,0
2006-07,200749,1610612737,full_core,0,0
2006-07,200750,1610612757,full_core,0,0
2006-07,200751,1610612750,full_core,0,0
2006-07,200752,1610612763,full_core,0,0
2006-07,200753,1610612744,full_core,0,0
2006-07,200754,1610612760,full_core,0,0
2006-07,200755,1610612753,full_core,0,0
2006-07,200756,1610612740,full_core,0,0
2006-07,200757,1610612741,full_core,0,0
2006-07,200758,1610612762,full_core,0,0
2006-07,200759,1610612740,full_core,0,0
2006-07,200760,1610612755,full_core,0,0
2006-07,200761,1610612754,full_core,0,0
2006-07,200763,1610612758,full_core,0,0
2006-07,200764,1610612752,full_core,0,0
2006-07,200765,1610612738,full_core,0,0
2006-07,200766,1610612751,full_core,0,0
2006-07,200767,1610612751,full_core,0,0
2006-07,200768,1610612763,full_core,0,0
2006-07,200769,1610612739,full_core,0,0
2006-07,200770,1610612747,full_core,0,0
2006-07,200771,1610612757,full_core,0,0
2006-07,200772,1610612742,full_core,0,0
2006-07,200776,1610612752,full_core,0,0
2006-07,200778,1610612759,partial,1,1
2006-07,200779,1610612745,full_core,0,0
2006-07,200780,1610612737,full_core,0,0
2006-07,200781,1610612746,full_core,0,0
2006-07,200782,1610612761,partial,1,1
2006-07,200783,1610612750,full_core,0,0
2006-07,200784,1610612755,full_core,0,0
2006-07,200786,1610612749,full_core,0,0
2006-07,200788,1610612753,full_core,0,0
2006-07,200789,1610612739,full_core,0,0
2006-07,200790,1610612740,full_core,0,0
2006-07,200792,1610612763,full_core,0,0
2006-07,200793,1610612762,full_core,0,0
2006-07,200794,1610612762,full_core,0,0
2006-07,200796,1610612738,full_core,0,0
2006-07,200797,1610612766,full_core,0,0
2006-07,200801,1610612751,full_core,0,0
2006-07,200806,1610612749,full_core,0,0
2006-07,200807,1610612765,full_core,0,0
2006-07,200809,1610612748,full_core,0,0
2006-07,200810,1610612738,full_core,0,0
2006-07,200811,1610612755,partial,1,1
2006-07,200811,1610612762,partial,2,1
2006-07,200814,1610612763,full_core,0,0
2006-07,200816,1610612761,full_core,0,0
2006-07,200818,1610612758,partial,1,1
2006-07,200821,1610612743,full_core,0,0
2006-07,200822,1610612742,full_core,0,0
2006-07,200823,1610612748,partial,1,1
2006-07,200826,1610612742,full_core,0,0
2006-07,200829,1610612755,partial,1,1
2006-07,200835,1610612766,full_core,0,0
2006-07,200837,1610612764,partial,1,1
2006-07,200838,1610612738,partial,1,1
2006-07,200840,1610612749,partial,1,1
2006-07,200841,1610612737,partial,1,1
2006-07,200848,1610612755,partial,1,1
2006-07,200970,1610612744,partial,1,1
2006-07,200978,1610612737,partial,1,1
2006-07,200978,1610612757,partial,1,1
2006-07,201043,1610612752,partial,1,1
2006-07,2030,1610612743,full_core,0,0
2006-07,2031,1610612763,full_core,0,0
2006-07,2034,1610612763,full_core,0,0
2006-07,2035,1610612743,full_core,0,0
2006-07,2037,1610612752,full_core,0,0
2006-07,2038,1610612757,full_core,0,0
2006-07,2039,1610612753,full_core,0,0
2006-07,2041,1610612764,full_core,0,0
2006-07,2045,1610612753,full_core,0,0
2006-07,2046,1610612740,full_core,0,0
2006-07,2047,1610612752,full_core,0,0
2006-07,2048,1610612757,full_core,0,0
2006-07,2049,1610612737,full_core,0,0
2006-07,2050,1610612761,full_core,0,0
2006-07,2052,1610612764,full_core,0,0
2006-07,2054,1610612745,partial,1,1
2006-07,2054,1610612763,partial,1,1
2006-07,2056,1610612766,full_core,0,0
2006-07,2058,1610612750,full_core,0,0
2006-07,2059,1610612743,full_core,0,0
2006-07,2060,1610612750,full_core,0,0
2006-07,2063,1610612766,full_core,0,0
2006-07,2067,1610612751,full_core,0,0
2006-07,2072,1610612749,full_core,0,0
2006-07,2073,1610612763,full_core,0,0
2006-07,2078,1610612746,partial,1,1
2006-07,2078,1610612758,partial,1,1
2006-07,208,1610612746,full_core,0,0
2006-07,2098,1610612737,partial,1,1
2006-07,2124,1610612741,full_core,0,0
2006-07,2137,1610612757,full_core,0,0
2006-07,2198,1610612747,full_core,0,0
2006-07,2199,1610612740,full_core,0,0
2006-07,2200,1610612763,full_core,0,0
2006-07,2201,1610612752,full_core,0,0
2006-07,2202,1610612744,full_core,0,0
2006-07,2203,1610612745,full_core,0,0
2006-07,2204,1610612750,partial,1,1
2006-07,2205,1610612742,full_core,0,0
2006-07,2207,1610612737,full_core,0,0
2006-07,2209,1610612747,full_core,0,0
2006-07,2210,1610612751,full_core,0,0
2006-07,2211,1610612744,partial,1,1
2006-07,2211,1610612754,partial,1,1
2006-07,2212,1610612755,full_core,0,0
2006-07,2215,1610612751,full_core,0,0
2006-07,2216,1610612757,full_core,0,0
2006-07,2217,1610612764,full_core,0,0
2006-07,2222,1610612766,full_core,0,0
2006-07,2223,1610612755,full_core,0,0
2006-07,2224,1610612754,full_core,0,0
2006-07,2225,1610612759,full_core,0,0
2006-07,2229,1610612750,full_core,0,0
2006-07,2230,1610612747,full_core,0,0
2006-07,2239,1610612750,full_core,0,0
2006-07,224,1610612748,partial,1,1
2006-07,224,1610612763,partial,1,1
2006-07,2240,1610612764,full_core,0,0
2006-07,2243,1610612738,full_core,0,0
2006-07,2246,1610612762,full_core,0,0
2006-07,2248,1610612760,full_core,0,0
2006-07,2260,1610612762,full_core,0,0
2006-07,2294,1610612749,full_core,0,0
2006-07,2306,1610612753,full_core,0,0
2006-07,2366,1610612760,full_core,0,0
2006-07,239,1610612761,full_core,0,0
2006-07,2397,1610612745,full_core,0,0
2006-07,2399,1610612744,partial,1,1
2006-07,2399,1610612754,partial,1,1
2006-07,2400,1610612739,full_core,0,0
2006-07,2402,1610612744,partial,1,1
2006-07,2403,1610612743,full_core,0,0
2006-07,2404,1610612760,full_core,0,0
2006-07,2405,1610612756,full_core,0,0
2006-07,2406,1610612764,full_core,0,0
2006-07,2407,1610612752,full_core,0,0
2006-07,2408,1610612759,partial,1,1
2006-07,2408,1610612766,partial,1,1
2006-07,2410,1610612757,partial,1,1
2006-07,2410,1610612761,partial,1,1
2006-07,2411,1610612751,full_core,0,0
2006-07,2413,1610612757,partial,1,1
2006-07,2413,1610612761,partial,1,1
2006-07,2419,1610612765,full_core,0,0
2006-07,2420,1610612751,full_core,0,0
2006-07,2422,1610612758,full_core,0,0
2006-07,2424,1610612757,full_core,0,0
2006-07,2427,1610612764,full_core,0,0
2006-07,2429,1610612749,full_core,0,0
2006-07,243,1610612747,full_core,0,0
2006-07,2430,1610612762,full_core,0,0
2006-07,2436,1610612765,full_core,0,0
2006-07,2440,1610612744,full_core,0,0
2006-07,2441,1610612743,full_core,0,0
2006-07,2443,1610612764,full_core,0,0
2006-07,2446,1610612740,full_core,0,0
2006-07,2454,1610612763,partial,1,1
2006-07,2457,1610612740,full_core,0,0
2006-07,2469,1610612756,full_core,0,0
2006-07,2470,1610612747,full_core,0,0
2006-07,2484,1610612740,partial,1,1
2006-07,2501,1610612743,full_core,0,0
2006-07,2544,1610612739,full_core,0,0
2006-07,2545,1610612753,full_core,0,0
2006-07,2546,1610612743,full_core,0,0
2006-07,2547,1610612761,full_core,0,0
2006-07,2548,1610612748,full_core,0,0
2006-07,2549,1610612746,full_core,0,0
2006-07,255,1610612753,full_core,0,0
2006-07,2550,1610612741,full_core,0,0
2006-07,2551,1610612761,full_core,0,0
2006-07,2552,1610612741,full_core,0,0
2006-07,2553,1610612764,full_core,0,0
2006-07,2554,1610612744,full_core,0,0
2006-07,2555,1610612760,full_core,0,0
2006-07,2556,1610612756,full_core,0,0
2006-07,2557,1610612760,full_core,0,0
2006-07,2561,1610612740,full_core,0,0
2006-07,2562,1610612739,full_core,0,0
2006-07,2563,1610612763,full_core,0,0
2006-07,2564,1610612756,full_core,0,0
2006-07,2566,1610612757,full_core,0,0
2006-07,2567,1610612747,full_core,0,0
2006-07,2568,1610612765,full_core,0,0
2006-07,2570,1610612738,full_core,0,0
2006-07,2571,1610612756,full_core,0,0
2006-07,2572,1610612742,full_core,0,0
2006-07,2574,1610612748,full_core,0,0
2006-07,2575,1610612747,full_core,0,0
2006-07,2581,1610612743,partial,1,1
2006-07,2581,1610612749,partial,1,1
2006-07,2584,1610612755,full_core,0,0
2006-07,2585,1610612737,full_core,0,0
2006-07,2586,1610612753,full_core,0,0
2006-07,2588,1610612759,full_core,0,0
2006-07,2590,1610612749,full_core,0,0
2006-07,2591,1610612764,partial,1,1
2006-07,2592,1610612756,full_core,0,0
2006-07,2594,1610612755,full_core,0,0
2006-07,2601,1610612760,partial,1,1
2006-07,2605,1610612754,full_core,0,0
2006-07,2617,1610612748,full_core,0,0
2006-07,2624,1610612746,full_core,0,0
2006-07,2648,1610612765,full_core,0,0
2006-07,2669,1610612740,full_core,0,0
2006-07,2679,1610612766,full_core,0,0
2006-07,2693,1610612744,partial,1,1
2006-07,2693,1610612754,partial,1,1
2006-07,2694,1610612744,partial,1,1
2006-07,2694,1610612754,partial,1,1
2006-07,2696,1610612749,full_core,0,0
2006-07,2730,1610612753,full_core,0,0
2006-07,2731,1610612766,full_core,0,0
2006-07,2732,1610612741,full_core,0,0
2006-07,2733,1610612746,full_core,0,0
2006-07,2734,1610612742,full_core,0,0
2006-07,2735,1610612737,full_core,0,0
2006-07,2736,1610612741,full_core,0,0
2006-07,2737,1610612762,full_core,0,0
2006-07,2738,1610612755,full_core,0,0
2006-07,2739,1610612746,partial,1,1
2006-07,2739,1610612761,partial,1,1
2006-07,2740,1610612744,full_core,0,0
2006-07,2742,1610612738,full_core,0,0
2006-07,2743,1610612761,full_core,0,0
2006-07,2744,1610612738,full_core,0,0
2006-07,2745,1610612745,full_core,0,0
2006-07,2746,1610612737,full_core,0,0
2006-07,2747,1610612743,full_core,0,0
2006-07,2748,1610612748,full_core,0,0
2006-07,2749,1610612753,full_core,0,0
2006-07,2751,1610612741,full_core,0,0
2006-07,2753,1610612738,full_core,0,0
2006-07,2754,1610612738,full_core,0,0
2006-07,2755,1610612758,full_core,0,0
2006-07,2756,1610612747,full_core,0,0
2006-07,2757,1610612759,full_core,0,0
2006-07,2758,1610612754,full_core,0,0
2006-07,2760,1610612739,full_core,0,0
2006-07,2767,1610612737,full_core,0,0
2006-07,2768,1610612741,full_core,0,0
2006-07,2770,1610612750,full_core,0,0
2006-07,2772,1610612753,full_core,0,0
2006-07,2774,1610612751,partial,1,1
2006-07,2774,1610612766,partial,1,1
2006-07,2776,1610612761,full_core,0,0
2006-07,2779,1610612745,full_core,0,0
2006-07,2782,1610612737,partial,1,1
2006-07,2788,1610612742,full_core,0,0
2006-07,2804,1610612741,full_core,0,0
2006-07,2810,1610612760,partial,1,1
2006-07,2824,1610612760,partial,1,1
2006-07,283,1610612765,full_core,0,0
2006-07,2853,1610612748,full_core,0,0
2006-07,2857,1610612741,full_core,0,0
2006-07,2863,1610612760,full_core,0,0
2006-07,2866,1610612759,full_core,0,0
2006-07,2876,1610612749,partial,1,1
2006-07,297,1610612748,full_core,0,0
2006-07,353,1610612754,full_core,0,0
2006-07,361,1610612751,full_core,0,0
2006-07,406,1610612748,full_core,0,0
2006-07,436,1610612745,full_core,0,0
2006-07,448,1610612753,full_core,0,0
2006-07,467,1610612751,full_core,0,0
2006-07,56,1610612748,full_core,0,0
2006-07,57,1610612746,partial,1,1
2006-07,673,1610612755,partial,1,1
2006-07,677,1610612759,partial,1,1
2006-07,677,1610612766,partial,1,1
2006-07,686,1610612765,full_core,0,0
2006-07,689,1610612738,full_core,0,0
2006-07,693,1610612743,partial,1,1
2006-07,693,1610612755,partial,1,1
2006-07,699,1610612759,full_core,0,0
2006-07,703,1610612756,full_core,0,0
2006-07,708,1610612750,full_core,0,0
2006-07,711,1610612742,full_core,0,0
2006-07,714,1610612759,full_core,0,0
2006-07,722,1610612758,full_core,0,0
2006-07,727,1610612739,full_core,0,0
2006-07,739,1610612765,full_core,0,0
2006-07,757,1610612763,full_core,0,0
2006-07,788,1610612742,partial,1,1
2006-07,87,1610612745,full_core,0,0
2006-07,905,1610612765,full_core,0,0
2006-07,923,1610612739,full_core,0,0
2006-07,947,1610612743,partial,1,1
2006-07,947,1610612755,partial,1,1
2006-07,948,1610612743,full_core,0,0
2006-07,949,1610612758,full_core,0,0
2006-07,950,1610612752,full_core,0,0
2006-07,951,1610612760,full_core,0,0
2006-07,952,1610612748,full_core,0,0
2006-07,953,1610612737,full_core,0,0
2006-07,956,1610612742,full_core,0,0
2006-07,958,1610612758,full_core,0,0
2006-07,959,1610612756,full_core,0,0
2006-07,965,1610612762,full_core,0,0
2006-07,970,1610612766,full_core,0,0
2006-07,976,1610612766,partial,1,1
2006-07,977,1610612747,full_core,0,0
2006-07,978,1610612740,full_core,0,0
2006-07,979,1610612754,full_core,0,0
2006-07,980,1610612739,full_core,0,0
2006-07,988,1610612760,partial,1,1
2006-07,990,1610612752,full_core,0,0
2007-08,101106,1610612749,full_core,0,0
2007-08,101107,1610612737,full_core,0,0
2007-08,101108,1610612740,full_core,0,0
2007-08,101109,1610612766,full_core,0,0
2007-08,101110,1610612757,full_core,0,0
2007-08,101111,1610612749,full_core,0,0
2007-08,101112,1610612757,full_core,0,0
2007-08,101113,1610612754,full_core,0,0
2007-08,101114,1610612762,full_core,0,0
2007-08,101115,1610612747,full_core,0,0
2007-08,101119,1610612750,full_core,0,0
2007-08,101120,1610612742,partial,1,1
2007-08,101120,1610612751,partial,1,1
2007-08,101121,1610612761,full_core,0,0
2007-08,101122,1610612754,full_core,0,0
2007-08,101123,1610612745,partial,1,1
2007-08,101123,1610612750,partial,1,1
2007-08,101124,1610612763,full_core,0,0
2007-08,101126,1610612752,full_core,0,0
2007-08,101127,1610612757,full_core,0,0
2007-08,101128,1610612758,full_core,0,0
2007-08,101129,1610612745,full_core,0,0
2007-08,101130,1610612760,full_core,0,0
2007-08,101131,1610612765,full_core,0,0
2007-08,101132,1610612743,full_core,0,0
2007-08,101133,1610612759,full_core,0,0
2007-08,101135,1610612752,full_core,0,0
2007-08,101136,1610612737,full_core,0,0
2007-08,101138,1610612742,full_core,0,0
2007-08,101139,1610612762,full_core,0,0
2007-08,101142,1610612747,full_core,0,0
2007-08,101143,1610612754,full_core,0,0
2007-08,101144,1610612743,partial,1,1
2007-08,101144,1610612757,partial,1,1
2007-08,101145,1610612744,full_core,0,0
2007-08,101150,1610612755,full_core,0,0
2007-08,101153,1610612760,full_core,0,0
2007-08,101154,1610612764,full_core,0,0
2007-08,101155,1610612750,full_core,0,0
2007-08,101158,1610612758,partial,1,1
2007-08,101161,1610612765,full_core,0,0
2007-08,101162,1610612753,full_core,0,0
2007-08,101177,1610612759,full_core,0,0
2007-08,101179,1610612762,full_core,0,0
2007-08,101181,1610612761,full_core,0,0
2007-08,101183,1610612755,full_core,0,0
2007-08,101204,1610612739,full_core,0,0
2007-08,101211,1610612754,full_core,0,0
2007-08,101235,1610612744,full_core,0,0
2007-08,101236,1610612745,full_core,0,0
2007-08,101247,1610612759,partial,1,1
2007-08,101261,1610612754,full_core,0,0
2007-08,1088,1610612743,full_core,0,0
2007-08,109,1610612759,full_core,0,0
2007-08,1112,1610612739,partial,1,1
2007-08,1112,1610612741,partial,1,1
2007-08,136,1610612738,partial,1,1
2007-08,1425,1610612746,partial,1,1
2007-08,1477,1610612759,full_core,0,0
2007-08,1495,1610612759,full_core,0,0
2007-08,1497,1610612765,full_core,0,0
2007-08,1498,1610612764,full_core,0,0
2007-08,15,1610612756,full_core,0,0
2007-08,1501,1610612746,full_core,0,0
2007-08,1502,1610612753,full_core,0,0
2007-08,1503,1610612745,full_core,0,0
2007-08,1506,1610612744,full_core,0,0
2007-08,1507,1610612766,full_core,0,0
2007-08,1510,1610612746,full_core,0,0
2007-08,1513,1610612738,full_core,0,0
2007-08,1515,1610612761,full_core,0,0
2007-08,1517,1610612740,partial,1,1
2007-08,1517,1610612745,partial,1,1
2007-08,1521,1610612759,full_core,0,0
2007-08,1533,1610612737,partial,1,1
2007-08,1533,1610612758,partial,1,1
2007-08,1536,1610612744,full_core,0,0
2007-08,1548,1610612748,full_core,0,0
2007-08,1559,1610612741,partial,1,1
2007-08,1559,1610612760,partial,1,1
2007-08,1563,1610612755,full_core,0,0
2007-08,1607,1610612744,partial,1,1
2007-08,1630,1610612758,full_core,0,0
2007-08,1710,1610612737,partial,1,1
2007-08,1710,1610612758,partial,1,1
2007-08,1711,1610612757,full_core,0,0
2007-08,1712,1610612764,full_core,0,0
2007-08,1713,1610612751,full_core,0,0
2007-08,1715,1610612748,full_core,0,0
2007-08,1716,1610612739,partial,1,1
2007-08,1716,1610612741,partial,1,1
2007-08,1717,1610612742,full_core,0,0
2007-08,1718,1610612738,full_core,0,0
2007-08,1719,1610612740,partial,1,1
2007-08,1719,1610612745,partial,1,1
2007-08,1720,1610612750,full_core,0,0
2007-08,1723,1610612762,full_core,0,0
2007-08,1725,1610612761,full_core,0,0
2007-08,1727,1610612753,full_core,0,0
2007-08,1729,1610612748,full_core,0,0
2007-08,1730,1610612756,full_core,0,0
2007-08,1731,1610612737,partial,1,1
2007-08,1731,1610612742,partial,1,1
2007-08,1733,1610612744,full_core,0,0
2007-08,1737,1610612765,partial,1,1
2007-08,1737,1610612766,partial,1,1
2007-08,1739,1610612746,partial,1,1
2007-08,1740,1610612753,full_core,0,0
2007-08,1741,1610612743,partial,2,1
2007-08,1744,1610612752,full_core,0,0
2007-08,1747,1610612745,full_core,0,0
2007-08,1749,1610612746,full_core,0,0
2007-08,1752,1610612756,full_core,0,0
2007-08,1761,1610612750,full_core,0,0
2007-08,1763,1610612740,full_core,0,0
2007-08,1766,1610612761,full_core,0,0
2007-08,1800,1610612739,full_core,0,0
2007-08,1802,1610612758,full_core,0,0
2007-08,185,1610612744,partial,1,1
2007-08,1853,1610612743,full_core,0,0
2007-08,1863,1610612766,partial,1,1
2007-08,1882,1610612746,full_core,0,0
2007-08,1883,1610612745,full_core,0,0
2007-08,1884,1610612744,full_core,0,0
2007-08,1885,1610612747,full_core,0,0
2007-08,1887,1610612739,partial,1,1
2007-08,1887,1610612760,partial,1,1
2007-08,1888,1610612765,full_core,0,0
2007-08,1889,1610612755,full_core,0,0
2007-08,1890,1610612748,partial,1,1
2007-08,1890,1610612756,partial,1,1
2007-08,1891,1610612742,full_core,0,0
2007-08,1894,1610612746,full_core,0,0
2007-08,1897,1610612758,full_core,0,0
2007-08,1899,1610612738,full_core,0,0
2007-08,1902,1610612754,full_core,0,0
2007-08,1903,1610612758,full_core,0,0
2007-08,1904,1610612742,full_core,0,0
2007-08,1905,1610612762,full_core,0,0
2007-08,1913,1610612749,full_core,0,0
2007-08,1916,1610612755,full_core,0,0
2007-08,1921,1610612755,partial,1,1
2007-08,1921,1610612756,partial,1,1
2007-08,1921,1610612762,partial,1,1
2007-08,1922,1610612759,partial,1,1
2007-08,1922,1610612760,partial,1,1
2007-08,1938,1610612759,full_core,0,0
2007-08,1952,1610612756,full_core,0,0
2007-08,1956,1610612739,partial,1,1
2007-08,1956,1610612747,partial,1,1
2007-08,1956,1610612760,partial,1,1
2007-08,200081,1610612761,full_core,0,0
2007-08,200745,1610612761,full_core,0,0
2007-08,200746,1610612757,full_core,0,0
2007-08,200748,1610612741,full_core,0,0
2007-08,200749,1610612737,partial,1,1
2007-08,200749,1610612758,partial,1,1
2007-08,200750,1610612757,full_core,0,0
2007-08,200751,1610612750,full_core,0,0
2007-08,200752,1610612763,full_core,0,0
2007-08,200753,1610612744,full_core,0,0
2007-08,200754,1610612760,full_core,0,0
2007-08,200755,1610612753,full_core,0,0
2007-08,200756,1610612740,full_core,0,0
2007-08,200757,1610612741,full_core,0,0
2007-08,200758,1610612762,full_core,0,0
2007-08,200759,1610612739,partial,1,1
2007-08,200759,1610612741,partial,1,1
2007-08,200760,1610612755,full_core,0,0
2007-08,200761,1610612754,full_core,0,0
2007-08,200762,1610612764,full_core,0,0
2007-08,200763,1610612758,full_core,0,0
2007-08,200764,1610612752,full_core,0,0
2007-08,200765,1610612738,full_core,0,0
2007-08,200766,1610612751,full_core,0,0
2007-08,200767,1610612751,full_core,0,0
2007-08,200768,1610612763,full_core,0,0
2007-08,200769,1610612739,partial,1,1
2007-08,200769,1610612741,partial,1,1
2007-08,200770,1610612747,full_core,0,0
2007-08,200771,1610612757,full_core,0,0
2007-08,200772,1610612742,partial,1,1
2007-08,200772,1610612751,partial,1,1
2007-08,200776,1610612752,full_core,0,0
2007-08,200779,1610612745,full_core,0,0
2007-08,200780,1610612737,full_core,0,0
2007-08,200781,1610612746,full_core,0,0
2007-08,200783,1610612750,full_core,0,0
2007-08,200784,1610612743,partial,2,1
2007-08,200784,1610612745,partial,1,1
2007-08,200784,1610612748,partial,1,1
2007-08,200784,1610612759,partial,1,1
2007-08,200784,1610612763,partial,1,1
2007-08,200785,1610612744,full_core,0,0
2007-08,200788,1610612753,full_core,0,0
2007-08,200789,1610612739,full_core,0,0
2007-08,200790,1610612740,partial,1,1
2007-08,200792,1610612748,full_core,0,0
2007-08,200794,1610612762,full_core,0,0
2007-08,200796,1610612738,full_core,0,0
2007-08,200797,1610612766,full_core,0,0
2007-08,200798,1610612765,full_core,0,0
2007-08,200799,1610612746,partial,1,1
2007-08,200809,1610612748,full_core,0,0
2007-08,200811,1610612755,full_core,0,0
2007-08,200814,1610612763,partial,1,1
2007-08,200816,1610612761,full_core,0,0
2007-08,200818,1610612745,partial,1,1
2007-08,200818,1610612758,partial,1,1
2007-08,200821,1610612743,full_core,0,0
2007-08,200826,1610612742,full_core,0,0
2007-08,200827,1610612759,partial,1,1
2007-08,200835,1610612765,partial,1,1
2007-08,200835,1610612766,partial,1,1
2007-08,200839,1610612745,partial,1,1
2007-08,200978,1610612737,partial,1,1
2007-08,200978,1610612759,partial,1,1
2007-08,200978,1610612763,partial,1,1
2007-08,200984,1610612739,partial,2,1
2007-08,201043,1610612752,full_core,0,0
2007-08,201142,1610612760,full_core,0,0
2007-08,201143,1610612737,full_core,0,0
2007-08,201144,1610612763,full_core,0,0
2007-08,201145,1610612760,full_core,0,0
2007-08,201146,1610612749,full_core,0,0
2007-08,201147,1610612750,full_core,0,0
2007-08,201148,1610612744,full_core,0,0
2007-08,201149,1610612741,full_core,0,0
2007-08,201150,1610612758,full_core,0,0
2007-08,201151,1610612737,full_core,0,0
2007-08,201152,1610612755,full_core,0,0
2007-08,201153,1610612740,full_core,0,0
2007-08,201154,1610612746,full_core,0,0
2007-08,201155,1610612765,full_core,0,0
2007-08,201156,1610612764,full_core,0,0
2007-08,201157,1610612751,full_core,0,0
2007-08,201158,1610612744,full_core,0,0
2007-08,201159,1610612747,partial,1,1
2007-08,201159,1610612763,partial,1,1
2007-08,201160,1610612755,full_core,0,0
2007-08,201161,1610612748,full_core,0,0
2007-08,201162,1610612766,full_core,0,0
2007-08,201163,1610612752,full_core,0,0
2007-08,201165,1610612762,full_core,0,0
2007-08,201166,1610612745,full_core,0,0
2007-08,201167,1610612765,full_core,0,0
2007-08,201169,1610612756,full_core,0,0
2007-08,201171,1610612745,full_core,0,0
2007-08,201172,1610612738,full_core,0,0
2007-08,201173,1610612746,partial,1,1
2007-08,201173,1610612759,partial,1,1
2007-08,201174,1610612742,partial,1,1
2007-08,201174,1610612746,partial,1,1
2007-08,201175,1610612738,full_core,0,0
2007-08,201176,1610612766,full_core,0,0
2007-08,201177,1610612757,full_core,0,0
2007-08,201178,1610612762,full_core,0,0
2007-08,201181,1610612750,full_core,0,0
2007-08,201186,1610612744,partial,1,1
2007-08,201186,1610612748,partial,1,1
2007-08,201187,1610612764,full_core,0,0
2007-08,201189,1610612741,full_core,0,0
2007-08,201192,1610612743,partial,1,1
2007-08,201192,1610612757,partial,1,1
2007-08,201193,1610612739,partial,1,1
2007-08,201193,1610612741,partial,1,1
2007-08,201196,1610612749,full_core,0,0
2007-08,201199,1610612756,full_core,0,0
2007-08,201202,1610612748,full_core,0,0
2007-08,201207,1610612747,full_core,0,0
2007-08,201208,1610612758,partial,1,1
2007-08,201228,1610612744,partial,1,1
2007-08,201235,1610612754,partial,2,1
2007-08,201238,1610612737,full_core,0,0
2007-08,201242,1610612741,partial,1,1
2007-08,201336,1610612748,partial,1,1
2007-08,2030,1610612743,full_core,0,0
2007-08,2031,1610612751,partial,1,1
2007-08,2031,1610612763,partial,1,1
2007-08,2034,1610612763,full_core,0,0
2007-08,2035,1610612759,partial,2,1
2007-08,2036,1610612747,full_core,0,0
2007-08,2037,1610612752,full_core,0,0
2007-08,2038,1610612757,full_core,0,0
2007-08,2039,1610612753,full_core,0,0
2007-08,2045,1610612753,full_core,0,0
2007-08,2046,1610612749,full_core,0,0
2007-08,2047,1610612752,full_core,0,0
2007-08,2048,1610612742,partial,1,1
2007-08,2048,1610612751,partial,1,1
2007-08,2050,1610612740,full_core,0,0
2007-08,2052,1610612764,full_core,0,0
2007-08,2056,1610612761,partial,1,1
2007-08,2056,1610612765,partial,1,1
2007-08,2056,1610612766,partial,1,1
2007-08,2058,1610612750,full_core,0,0
2007-08,2059,1610612743,full_core,0,0
2007-08,2060,1610612750,full_core,0,0
2007-08,2063,1610612749,full_core,0,0
2007-08,2067,1610612738,full_core,0,0
2007-08,2072,1610612749,full_core,0,0
2007-08,2073,1610612763,full_core,0,0
2007-08,2078,1610612762,full_core,0,0
2007-08,2079,1610612739,partial,1,1
2007-08,208,1610612738,partial,1,1
2007-08,208,1610612746,partial,1,1
2007-08,2109,1610612751,partial,1,1
2007-08,2109,1610612760,partial,1,1
2007-08,2124,1610612742,partial,1,1
2007-08,2124,1610612751,partial,1,1
2007-08,2137,1610612759,full_core,0,0
2007-08,2198,1610612747,partial,1,1
2007-08,2198,1610612763,partial,1,1
2007-08,2199,1610612740,full_core,0,0
2007-08,2200,1610612747,partial,1,1
2007-08,2200,1610612763,partial,1,1
2007-08,2201,1610612752,full_core,0,0
2007-08,2202,1610612766,full_core,0,0
2007-08,2203,1610612745,full_core,0,0
2007-08,2205,1610612742,partial,1,1
2007-08,2205,1610612751,partial,1,1
2007-08,2207,1610612737,full_core,0,0
2007-08,2209,1610612747,full_core,0,0
2007-08,2210,1610612751,full_core,0,0
2007-08,2211,1610612754,full_core,0,0
2007-08,2212,1610612743,full_core,0,0
2007-08,2215,1610612751,partial,1,1
2007-08,2215,1610612763,partial,1,1
2007-08,2216,1610612752,full_core,0,0
2007-08,2217,1610612764,full_core,0,0
2007-08,2222,1610612766,full_core,0,0
2007-08,2223,1610612755,full_core,0,0
2007-08,2224,1610612754,full_core,0,0
2007-08,2225,1610612759,full_core,0,0
2007-08,2229,1610612740,partial,1,1
2007-08,2229,1610612745,partial,1,1
2007-08,2230,1610612747,partial,1,1
2007-08,2230,1610612753,partial,1,1
2007-08,2239,1610612742,partial,1,1
2007-08,2239,1610612751,partial,1,1
2007-08,224,1610612742,full_core,0,0
2007-08,2240,1610612764,full_core,0,0
2007-08,2243,1610612738,full_core,0,0
2007-08,2246,1610612762,full_core,0,0
2007-08,2248,1610612760,full_core,0,0
2007-08,2250,1610612749,full_core,0,0
2007-08,2254,1610612745,partial,1,1
2007-08,2260,1610612762,full_core,0,0
2007-08,2294,1610612749,full_core,0,0
2007-08,2306,1610612753,full_core,0,0
2007-08,2365,1610612740,partial,1,1
2007-08,2366,1610612743,partial,1,1
2007-08,2366,1610612760,partial,1,1
2007-08,2366,1610612764,partial,1,1
2007-08,239,1610612761,partial,1,1
2007-08,2397,1610612745,full_core,0,0
2007-08,2399,1610612754,full_core,0,0
2007-08,2400,1610612739,partial,1,1
2007-08,2400,1610612741,partial,1,1
2007-08,2403,1610612743,full_core,0,0
2007-08,2404,1610612760,full_core,0,0
2007-08,2405,1610612756,full_core,0,0
2007-08,2406,1610612764,full_core,0,0
2007-08,2407,1610612752,full_core,0,0
2007-08,2408,1610612740,full_core,0,0
2007-08,2410,1610612752,full_core,0,0
2007-08,2411,1610612751,full_core,0,0
2007-08,2413,1610612761,partial,1,1
2007-08,2413,1610612765,partial,1,1
2007-08,2416,1610612754,full_core,0,0
2007-08,2418,1610612763,full_core,0,0
2007-08,2419,1610612765,full_core,0,0
2007-08,2420,1610612751,full_core,0,0
2007-08,2422,1610612758,full_core,0,0
2007-08,2424,1610612746,full_core,0,0
2007-08,2427,1610612764,full_core,0,0
2007-08,2429,1610612749,full_core,0,0
2007-08,2430,1610612762,full_core,0,0
2007-08,2434,1610612763,full_core,0,0
2007-08,2436,1610612754,partial,1,1
2007-08,2436,1610612765,partial,1,1
2007-08,2440,1610612744,full_core,0,0
2007-08,2443,1610612764,full_core,0,0
2007-08,2446,1610612740,full_core,0,0
2007-08,2449,1610612745,full_core,0,0
2007-08,2457,1610612740,full_core,0,0
2007-08,2470,1610612746,partial,1,1
2007-08,2470,1610612748,partial,1,1
2007-08,2484,1610612739,full_core,0,0
2007-08,2499,1610612746,partial,1,1
2007-08,2501,1610612755,full_core,0,0
2007-08,2544,1610612739,full_core,0,0
2007-08,2545,1610612763,full_core,0,0
2007-08,2546,1610612743,full_core,0,0
2007-08,2547,1610612761,full_core,0,0
2007-08,2548,1610612748,full_core,0,0
2007-08,2549,1610612746,full_core,0,0
2007-08,255,1610612756,full_core,0,0
2007-08,2550,1610612741,full_core,0,0
2007-08,2551,1610612761,full_core,0,0
2007-08,2553,1610612765,full_core,0,0
2007-08,2554,1610612744,full_core,0,0
2007-08,2555,1610612760,full_core,0,0
2007-08,2556,1610612748,partial,1,1
2007-08,2556,1610612756,partial,1,1
2007-08,2557,1610612760,full_core,0,0
2007-08,2561,1610612740,full_core,0,0
2007-08,2562,1610612739,full_core,0,0
2007-08,2563,1610612758,partial,1,1
2007-08,2564,1610612756,full_core,0,0
2007-08,2566,1610612757,full_core,0,0
2007-08,2567,1610612747,partial,1,1
2007-08,2567,1610612753,partial,1,1
2007-08,2568,1610612761,full_core,0,0
2007-08,2570,1610612738,full_core,0,0
2007-08,2571,1610612756,full_core,0,0
2007-08,2572,1610612742,full_core,0,0
2007-08,2574,1610612761,full_core,0,0
2007-08,2575,1610612747,full_core,0,0
2007-08,2581,1610612757,full_core,0,0
2007-08,2584,1610612755,full_core,0,0
2007-08,2585,1610612737,full_core,0,0
2007-08,2586,1610612753,full_core,0,0
2007-08,2588,1610612759,full_core,0,0
2007-08,2590,1610612749,full_core,0,0
2007-08,2592,1610612757,full_core,0,0
2007-08,2594,1610612755,partial,1,1
2007-08,2594,1610612762,partial,1,1
2007-08,2605,1610612754,full_core,0,0
2007-08,2617,1610612748,full_core,0,0
2007-08,2624,1610612746,full_core,0,0
2007-08,2648,1610612760,partial,1,1
2007-08,2648,1610612765,partial,1,1
2007-08,2669,1610612756,partial,2,1
2007-08,2669,1610612761,partial,1,1
2007-08,2679,1610612766,full_core,0,0
2007-08,2694,1610612746,full_core,0,0
2007-08,2730,1610612753,full_core,0,0
2007-08,2731,1610612766,full_core,0,0
2007-08,2732,1610612741,full_core,0,0
2007-08,2734,1610612742,partial,1,1
2007-08,2734,1610612751,partial,1,1
2007-08,2735,1610612737,full_core,0,0
2007-08,2736,1610612741,full_core,0,0
2007-08,2738,1610612755,full_core,0,0
2007-08,2739,1610612748,partial,1,1
2007-08,2740,1610612744,full_core,0,0
2007-08,2741,1610612760,full_core,0,0
2007-08,2742,1610612750,full_core,0,0
2007-08,2743,1610612761,full_core,0,0
2007-08,2744,1610612750,full_core,0,0
2007-08,2745,1610612745,partial,1,1
2007-08,2745,1610612750,partial,1,1
2007-08,2746,1610612737,full_core,0,0
2007-08,2747,1610612743,full_core,0,0
2007-08,2748,1610612748,full_core,0,0
2007-08,2749,1610612753,full_core,0,0
2007-08,2751,1610612741,partial,1,1
2007-08,2753,1610612739,partial,1,1
2007-08,2753,1610612760,partial,1,1
2007-08,2754,1610612738,full_core,0,0
2007-08,2755,1610612758,full_core,0,0
2007-08,2756,1610612747,full_core,0,0
2007-08,2757,1610612758,partial,1,1
2007-08,2758,1610612754,full_core,0,0
2007-08,2760,1610612739,partial,0,0
2007-08,2767,1610612749,full_core,0,0
2007-08,2768,1610612741,full_core,0,0
2007-08,2772,1610612747,partial,1,1
2007-08,2772,1610612753,partial,1,1
2007-08,2788,1610612744,partial,1,1
2007-08,2788,1610612747,partial,1,1
2007-08,2804,1610612741,full_core,0,0
2007-08,2810,1610612763,full_core,0,0
2007-08,283,1610612765,full_core,0,0
2007-08,2852,1610612749,full_core,0,0
2007-08,2853,1610612748,full_core,0,0
2007-08,2857,1610612746,partial,1,1
2007-08,2863,1610612760,full_core,0,0
2007-08,2867,1610612748,partial,2,1
2007-08,2873,1610612739,partial,2,1
2007-08,2873,1610612751,partial,1,1
2007-08,297,1610612748,full_core,0,0
2007-08,353,1610612751,full_core,0,0
2007-08,358,1610612748,partial,1,1
2007-08,406,1610612748,partial,1,1
2007-08,406,1610612756,partial,1,1
2007-08,436,1610612742,partial,1,1
2007-08,448,1610612753,partial,1,1
2007-08,467,1610612742,partial,1,1
2007-08,467,1610612751,partial,1,1
2007-08,686,1610612765,full_core,0,0
2007-08,689,1610612750,partial,1,1
2007-08,689,1610612765,partial,1,1
2007-08,693,1610612739,partial,1,1
2007-08,693,1610612741,partial,1,1
2007-08,699,1610612759,partial,2,1
2007-08,703,1610612759,partial,1,1
2007-08,703,1610612760,partial,1,1
2007-08,708,1610612738,full_core,0,0
2007-08,711,1610612742,full_core,0,0
2007-08,714,1610612759,full_core,0,0
2007-08,727,1610612739,full_core,0,0
2007-08,739,1610612765,full_core,0,0
2007-08,757,1610612759,partial,1,1
2007-08,757,1610612763,partial,1,1
2007-08,87,1610612745,full_core,0,0
2007-08,923,1610612739,partial,1,1
2007-08,923,1610612760,partial,1,1
2007-08,947,1610612743,full_core,0,0
2007-08,948,1610612743,full_core,0,0
2007-08,949,1610612758,full_core,0,0
2007-08,950,1610612752,full_core,0,0
2007-08,951,1610612738,full_core,0,0
2007-08,952,1610612750,full_core,0,0
2007-08,953,1610612737,partial,1,1
2007-08,953,1610612758,partial,1,1
2007-08,956,1610612742,full_core,0,0
2007-08,959,1610612756,full_core,0,0
2007-08,965,1610612747,full_core,0,0
2007-08,970,1610612766,full_core,0,0
2007-08,976,1610612766,partial,1,1
2007-08,977,1610612747,full_core,0,0
2007-08,978,1610612740,full_core,0,0
2007-08,979,1610612754,full_core,0,0
2007-08,980,1610612739,full_core,0,0
2007-08,990,1610612752,full_core,0,0
2008-09,101106,1610612749,full_core,0,0
2008-09,101107,1610612737,full_core,0,0
2008-09,101108,1610612740,full_core,0,0
2008-09,101109,1610612766,full_core,0,0
2008-09,101110,1610612757,full_core,0,0
2008-09,101111,1610612749,full_core,0,0
2008-09,101112,1610612757,full_core,0,0
2008-09,101113,1610612757,partial,1,1
2008-09,101113,1610612758,partial,1,1
2008-09,101114,1610612762,full_core,0,0
2008-09,101115,1610612747,full_core,0,0
2008-09,101118,1610612766,full_core,0,0
2008-09,101119,1610612750,partial,1,1
2008-09,101119,1610612758,partial,1,1
2008-09,101120,1610612742,full_core,0,0
2008-09,101121,1610612761,full_core,0,0
2008-09,101122,1610612754,full_core,0,0
2008-09,101123,1610612742,full_core,0,0
2008-09,101124,1610612763,full_core,0,0
2008-09,101126,1610612752,full_core,0,0
2008-09,101127,1610612754,full_core,0,0
2008-09,101128,1610612758,full_core,0,0
2008-09,101129,1610612745,partial,1,1
2008-09,101129,1610612748,partial,1,1
2008-09,101130,1610612743,partial,1,1
2008-09,101130,1610612760,partial,1,1
2008-09,101131,1610612765,full_core,0,0
2008-09,101132,1610612743,full_core,0,0
2008-09,101135,1610612752,full_core,0,0
2008-09,101138,1610612742,full_core,0,0
2008-09,101139,1610612762,full_core,0,0
2008-09,101142,1610612744,full_core,0,0
2008-09,101143,1610612754,full_core,0,0
2008-09,101144,1610612745,full_core,0,0
2008-09,101145,1610612744,full_core,0,0
2008-09,101146,1610612761,full_core,0,0
2008-09,101150,1610612755,full_core,0,0
2008-09,101154,1610612764,full_core,0,0
2008-09,101155,1610612750,full_core,0,0
2008-09,101161,1610612765,full_core,0,0
2008-09,101162,1610612753,full_core,0,0
2008-09,101165,1610612746,partial,1,1
2008-09,101165,1610612765,partial,1,1
2008-09,101177,1610612759,full_core,0,0
2008-09,101179,1610612762,full_core,0,0
2008-09,101181,1610612761,full_core,0,0
2008-09,101183,1610612757,full_core,0,0
2008-09,101189,1610612742,full_core,0,0
2008-09,101194,1610612741,partial,1,1
2008-09,101194,1610612752,partial,1,1
2008-09,101198,1610612765,full_core,0,0
2008-09,101204,1610612766,partial,1,1
2008-09,101211,1610612754,full_core,0,0
2008-09,101214,1610612739,partial,3,1
2008-09,101235,1610612744,full_core,0,0
2008-09,101236,1610612745,full_core,0,0
2008-09,1088,1610612743,partial,1,1
2008-09,1088,1610612760,partial,1,1
2008-09,1112,1610612739,full_core,0,0
2008-09,1477,1610612759,full_core,0,0
2008-09,1495,1610612759,full_core,0,0
2008-09,1497,1610612743,partial,1,1
2008-09,1497,1610612765,partial,1,1
2008-09,1498,1610612740,partial,1,1
2008-09,1498,1610612764,partial,1,1
2008-09,1499,1610612753,full_core,0,0
2008-09,1501,1610612741,partial,1,1
2008-09,1501,1610612746,partial,1,1
2008-09,1501,1610612752,partial,1,1
2008-09,1502,1610612753,partial,2,1
2008-09,1502,1610612763,partial,1,1
2008-09,1503,1610612745,full_core,0,0
2008-09,1506,1610612749,partial,1,1
2008-09,1506,1610612759,partial,1,1
2008-09,1510,1610612762,full_core,0,0
2008-09,1515,1610612761,full_core,0,0
2008-09,1517,1610612758,full_core,0,0
2008-09,1521,1610612759,full_core,0,0
2008-09,1533,1610612753,full_core,0,0
2008-09,1536,1610612744,full_core,0,0
2008-09,1548,1610612748,full_core,0,0
2008-09,1563,1610612750,full_core,0,0
2008-09,1630,1610612738,partial,1,1
2008-09,1630,1610612758,partial,1,1
2008-09,1710,1610612737,full_core,0,0
2008-09,1712,1610612764,full_core,0,0
2008-09,1713,1610612751,full_core,0,0
2008-09,1716,1610612741,partial,1,1
2008-09,1716,1610612752,partial,1,1
2008-09,1717,1610612742,full_core,0,0
2008-09,1718,1610612738,full_core,0,0
2008-09,1723,1610612762,full_core,0,0
2008-09,1725,1610612754,full_core,0,0
2008-09,1729,1610612746,full_core,0,0
2008-09,1730,1610612746,full_core,0,0
2008-09,1731,1610612749,partial,1,1
2008-09,1731,1610612753,partial,1,1
2008-09,1733,1610612744,partial,1,1
2008-09,1733,1610612752,partial,1,1
2008-09,1737,1610612766,full_core,0,0
2008-09,1740,1610612753,full_core,0,0
2008-09,1744,1610612752,partial,1,1
2008-09,1747,1610612745,partial,1,1
2008-09,1747,1610612753,partial,1,1
2008-09,1749,1610612746,partial,1,1
2008-09,1752,1610612740,full_core,0,0
2008-09,1761,1610612763,full_core,0,0
2008-09,1763,1610612740,full_core,0,0
2008-09,1766,1610612754,full_core,0,0
2008-09,1800,1610612749,full_core,0,0
2008-09,1802,1610612741,partial,1,1
2008-09,1802,1610612758,partial,1,1
2008-09,1853,1610612743,full_core,0,0
2008-09,1882,1610612755,full_core,0,0
2008-09,1884,1610612746,full_core,0,0
2008-09,1885,1610612747,full_core,0,0
2008-09,1887,1610612739,full_core,0,0
2008-09,1888,1610612765,full_core,0,0
2008-09,1889,1610612755,full_core,0,0
2008-09,1890,1610612748,partial,1,1
2008-09,1890,1610612761,partial,1,1
2008-09,1891,1610612742,full_core,0,0
2008-09,1894,1610612744,full_core,0,0
2008-09,1897,1610612745,full_core,0,0
2008-09,1899,1610612740,full_core,0,0
2008-09,1902,1610612754,full_core,0,0
2008-09,1903,1610612758,full_core,0,0
2008-09,1904,1610612742,full_core,0,0
2008-09,1905,1610612762,full_core,0,0
2008-09,1913,1610612757,partial,1,1
2008-09,1916,1610612750,partial,1,1
2008-09,1916,1610612758,partial,1,1
2008-09,1922,1610612749,full_core,0,0
2008-09,1938,1610612759,full_core,0,0
2008-09,1952,1610612756,partial,1,1
2008-09,1952,1610612766,partial,1,1
2008-09,200081,1610612748,partial,1,1
2008-09,200081,1610612761,partial,1,1
2008-09,200745,1610612761,full_core,0,0
2008-09,200746,1610612757,full_core,0,0
2008-09,200747,1610612747,partial,1,1
2008-09,200747,1610612766,partial,1,1
2008-09,200748,1610612741,full_core,0,0
2008-09,200749,1610612750,partial,1,1
2008-09,200749,1610612758,partial,1,1
2008-09,200750,1610612757,full_core,0,0
2008-09,200751,1610612750,full_core,0,0
2008-09,200752,1610612763,full_core,0,0
2008-09,200753,1610612738,partial,1,1
2008-09,200753,1610612761,partial,1,1
2008-09,200754,1610612752,partial,1,1
2008-09,200754,1610612760,partial,1,1
2008-09,200755,1610612753,full_core,0,0
2008-09,200756,1610612740,full_core,0,0
2008-09,200757,1610612741,partial,1,1
2008-09,200757,1610612760,partial,1,1
2008-09,200758,1610612762,full_core,0,0
2008-09,200759,1610612741,partial,1,1
2008-09,200759,1610612758,partial,1,1
2008-09,200760,1610612750,full_core,0,0
2008-09,200761,1610612742,full_core,0,0
2008-09,200762,1610612764,full_core,0,0
2008-09,200763,1610612758,partial,1,1
2008-09,200763,1610612761,partial,1,1
2008-09,200764,1610612743,full_core,0,0
2008-09,200765,1610612738,full_core,0,0
2008-09,200766,1610612744,full_core,0,0
2008-09,200767,1610612751,full_core,0,0
2008-09,200768,1610612745,partial,1,1
2008-09,200768,1610612763,partial,1,1
2008-09,200769,1610612747,partial,1,1
2008-09,200769,1610612766,partial,1,1
2008-09,200770,1610612747,full_core,0,0
2008-09,200771,1610612757,full_core,0,0
2008-09,200772,1610612751,full_core,0,0
2008-09,200776,1610612746,partial,1,1
2008-09,200776,1610612752,partial,1,1
2008-09,200778,1610612745,partial,1,1
2008-09,200779,1610612746,full_core,0,0
2008-09,200780,1610612737,full_core,0,0
2008-09,200781,1610612746,partial,1,1
2008-09,200783,1610612750,full_core,0,0
2008-09,200789,1610612739,full_core,0,0
2008-09,200793,1610612756,partial,1,1
2008-09,200793,1610612764,partial,1,1
2008-09,200794,1610612762,full_core,0,0
2008-09,200796,1610612738,full_core,0,0
2008-09,200797,1610612742,partial,1,1
2008-09,200797,1610612766,partial,1,1
2008-09,200798,1610612743,partial,1,1
2008-09,200798,1610612746,partial,1,1
2008-09,200798,1610612752,partial,1,1
2008-09,200801,1610612761,partial,1,1
2008-09,200809,1610612748,full_core,0,0
2008-09,200811,1610612756,full_core,0,0
2008-09,200814,1610612739,full_core,0,0
2008-09,200821,1610612748,full_core,0,0
2008-09,200822,1610612759,partial,1,1
2008-09,200822,1610612761,partial,1,1
2008-09,200826,1610612742,full_core,0,0
2008-09,200835,1610612765,full_core,0,0
2008-09,200971,1610612766,partial,1,1
2008-09,200978,1610612753,partial,2,1
2008-09,201043,1610612737,full_core,0,0
2008-09,201141,1610612757,full_core,0,0
2008-09,201142,1610612760,full_core,0,0
2008-09,201143,1610612737,full_core,0,0
2008-09,201144,1610612763,full_core,0,0
2008-09,201145,1610612760,full_core,0,0
2008-09,201146,1610612751,full_core,0,0
2008-09,201147,1610612750,full_core,0,0
2008-09,201148,1610612744,full_core,0,0
2008-09,201149,1610612741,full_core,0,0
2008-09,201150,1610612758,full_core,0,0
2008-09,201151,1610612737,full_core,0,0
2008-09,201152,1610612755,full_core,0,0
2008-09,201153,1610612740,full_core,0,0
2008-09,201154,1610612746,full_core,0,0
2008-09,201155,1610612765,full_core,0,0
2008-09,201156,1610612764,full_core,0,0
2008-09,201157,1610612751,full_core,0,0
2008-09,201158,1610612744,full_core,0,0
2008-09,201159,1610612763,partial,1,1
2008-09,201159,1610612764,partial,1,1
2008-09,201161,1610612748,full_core,0,0
2008-09,201162,1610612756,partial,1,1
2008-09,201162,1610612766,partial,1,1
2008-09,201163,1610612752,full_core,0,0
2008-09,201164,1610612757,full_core,0,0
2008-09,201165,1610612762,full_core,0,0
2008-09,201166,1610612745,full_core,0,0
2008-09,201167,1610612765,full_core,0,0
2008-09,201169,1610612756,full_core,0,0
2008-09,201171,1610612745,full_core,0,0
2008-09,201172,1610612738,full_core,0,0
2008-09,201173,1610612759,partial,1,1
2008-09,201175,1610612738,full_core,0,0
2008-09,201176,1610612744,partial,1,1
2008-09,201177,1610612754,full_core,0,0
2008-09,201178,1610612762,full_core,0,0
2008-09,201180,1610612747,full_core,0,0
2008-09,201187,1610612764,full_core,0,0
2008-09,201188,1610612763,full_core,0,0
2008-09,201189,1610612741,full_core,0,0
2008-09,201193,1610612741,partial,1,1
2008-09,201193,1610612752,partial,1,1
2008-09,201196,1610612749,full_core,0,0
2008-09,201202,1610612748,full_core,0,0
2008-09,201228,1610612744,full_core,0,0
2008-09,201229,1610612759,partial,1,1
2008-09,201234,1610612739,partial,2,1
2008-09,201235,1610612752,partial,1,1
2008-09,201235,1610612756,partial,2,1
2008-09,201238,1610612737,full_core,0,0
2008-09,201242,1610612737,full_core,0,0
2008-09,201336,1610612759,partial,1,1
2008-09,201446,1610612746,full_core,0,0
2008-09,201563,1610612748,full_core,0,0
2008-09,201564,1610612763,full_core,0,0
2008-09,201565,1610612741,full_core,0,0
2008-09,201566,1610612760,full_core,0,0
2008-09,201567,1610612750,full_core,0,0
2008-09,201568,1610612752,full_core,0,0
2008-09,201569,1610612746,full_core,0,0
2008-09,201570,1610612749,full_core,0,0
2008-09,201571,1610612766,full_core,0,0
2008-09,201572,1610612751,full_core,0,0
2008-09,201573,1610612757,full_core,0,0
2008-09,201574,1610612758,full_core,0,0
2008-09,201575,1610612754,full_core,0,0
2008-09,201576,1610612744,full_core,0,0
2008-09,201577,1610612756,full_core,0,0
2008-09,201578,1610612755,full_core,0,0
2008-09,201579,1610612754,full_core,0,0
2008-09,201580,1610612764,full_core,0,0
2008-09,201581,1610612739,full_core,0,0
2008-09,201582,1610612766,full_core,0,0
2008-09,201583,1610612751,full_core,0,0
2008-09,201584,1610612753,full_core,0,0
2008-09,201585,1610612762,full_core,0,0
2008-09,201587,1610612757,full_core,0,0
2008-09,201588,1610612759,full_core,0,0
2008-09,201589,1610612763,full_core,0,0
2008-09,201590,1610612758,full_core,0,0
2008-09,201591,1610612760,full_core,0,0
2008-09,201592,1610612738,full_core,0,0
2008-09,201594,1610612765,full_core,0,0
2008-09,201595,1610612745,full_core,0,0
2008-09,201596,1610612748,full_core,0,0
2008-09,201599,1610612746,full_core,0,0
2008-09,201601,1610612749,full_core,0,0
2008-09,201602,1610612760,full_core,0,0
2008-09,201603,1610612743,full_core,0,0
2008-09,201604,1610612751,full_core,0,0
2008-09,201605,1610612761,full_core,0,0
2008-09,201606,1610612756,partial,1,1
2008-09,201606,1610612766,partial,1,1
2008-09,201609,1610612756,full_core,0,0
2008-09,201611,1610612738,full_core,0,0
2008-09,201612,1610612759,partial,1,1
2008-09,201616,1610612739,full_core,0,0
2008-09,201621,1610612752,partial,1,1
2008-09,201627,1610612744,full_core,0,0
2008-09,201628,1610612750,partial,1,1
2008-09,201628,1610612758,partial,1,1
2008-09,201629,1610612737,full_core,0,0
2008-09,201631,1610612760,partial,1,1
2008-09,201632,1610612763,full_core,0,0
2008-09,201633,1610612744,partial,1,1
2008-09,201634,1610612744,partial,1,1
2008-09,201858,1610612766,partial,1,1
2008-09,2030,1610612743,full_core,0,0
2008-09,2031,1610612751,partial,1,1
2008-09,2031,1610612756,partial,1,1
2008-09,2032,1610612763,partial,2,1
2008-09,2034,1610612750,full_core,0,0
2008-09,2036,1610612747,partial,1,1
2008-09,2037,1610612744,partial,1,1
2008-09,2037,1610612752,partial,1,1
2008-09,2038,1610612757,full_core,0,0
2008-09,2039,1610612751,full_core,0,0
2008-09,2041,1610612764,full_core,0,0
2008-09,2045,1610612753,full_core,0,0
2008-09,2046,1610612760,full_core,0,0
2008-09,2047,1610612752,full_core,0,0
2008-09,2048,1610612748,full_core,0,0
2008-09,2049,1610612737,full_core,0,0
2008-09,2050,1610612740,full_core,0,0
2008-09,2052,1610612764,full_core,0,0
2008-09,2058,1610612750,full_core,0,0
2008-09,2059,1610612751,full_core,0,0
2008-09,2060,1610612763,full_core,0,0
2008-09,2063,1610612761,partial,1,1
2008-09,2067,1610612738,full_core,0,0
2008-09,2072,1610612749,full_core,0,0
2008-09,2073,1610612750,full_core,0,0
2008-09,2078,1610612743,partial,1,1
2008-09,2078,1610612746,partial,1,1
2008-09,2109,1610612749,partial,1,1
2008-09,2124,1610612749,full_core,0,0
2008-09,2137,1610612759,full_core,0,0
2008-09,2198,1610612765,full_core,0,0
2008-09,2199,1610612740,full_core,0,0
2008-09,2200,1610612747,full_core,0,0
2008-09,2201,1610612752,full_core,0,0
2008-09,2202,1610612756,partial,1,1
2008-09,2202,1610612766,partial,1,1
2008-09,2203,1610612745,full_core,0,0
2008-09,2205,1610612742,partial,1,1
2008-09,2205,1610612766,partial,1,1
2008-09,2207,1610612737,full_core,0,0
2008-09,2209,1610612747,partial,1,1
2008-09,2209,1610612766,partial,1,1
2008-09,2210,1610612749,full_core,0,0
2008-09,2211,1610612754,full_core,0,0
2008-09,2215,1610612750,full_core,0,0
2008-09,2216,1610612746,partial,1,1
2008-09,2216,1610612752,partial,1,1
2008-09,2217,1610612764,full_core,0,0
2008-09,2222,1610612766,full_core,0,0
2008-09,2223,1610612755,full_core,0,0
2008-09,2225,1610612759,full_core,0,0
2008-09,2226,1610612758,partial,1,1
2008-09,2226,1610612761,partial,1,1
2008-09,2229,1610612740,partial,1,1
2008-09,2229,1610612764,partial,1,1
2008-09,2230,1610612737,full_core,0,0
2008-09,2239,1610612751,full_core,0,0
2008-09,2240,1610612764,full_core,0,0
2008-09,2243,1610612738,full_core,0,0
2008-09,2246,1610612762,full_core,0,0
2008-09,2248,1610612760,full_core,0,0
2008-09,2250,1610612751,full_core,0,0
2008-09,2260,1610612762,full_core,0,0
2008-09,2294,1610612749,full_core,0,0
2008-09,2365,1610612743,full_core,0,0
2008-09,2397,1610612745,full_core,0,0
2008-09,2399,1610612754,full_core,0,0
2008-09,2400,1610612741,partial,1,1
2008-09,2400,1610612758,partial,1,1
2008-09,2400,1610612759,partial,1,1
2008-09,2403,1610612743,full_core,0,0
2008-09,2404,1610612752,partial,1,1
2008-09,2404,1610612760,partial,1,1
2008-09,2405,1610612756,full_core,0,0
2008-09,2406,1610612764,full_core,0,0
2008-09,2407,1610612752,full_core,0,0
2008-09,2408,1610612740,full_core,0,0
2008-09,2410,1610612746,partial,2,1
2008-09,2413,1610612764,full_core,0,0
2008-09,2416,1610612755,full_core,0,0
2008-09,2419,1610612765,full_core,0,0
2008-09,2420,1610612760,partial,1,1
2008-09,2422,1610612741,partial,1,1
2008-09,2422,1610612758,partial,1,1
2008-09,2427,1610612759,full_core,0,0
2008-09,2429,1610612749,full_core,0,0
2008-09,2430,1610612762,full_core,0,0
2008-09,2436,1610612737,full_core,0,0
2008-09,2440,1610612756,full_core,0,0
2008-09,2443,1610612764,full_core,0,0
2008-09,2446,1610612740,full_core,0,0
2008-09,2449,1610612745,full_core,0,0
2008-09,2484,1610612740,full_core,0,0
2008-09,2501,1610612755,full_core,0,0
2008-09,2544,1610612739,full_core,0,0
2008-09,2545,1610612763,full_core,0,0
2008-09,2546,1610612743,full_core,0,0
2008-09,2547,1610612761,full_core,0,0
2008-09,2548,1610612748,full_core,0,0
2008-09,2549,1610612746,full_core,0,0
2008-09,255,1610612756,full_core,0,0
2008-09,2550,1610612741,full_core,0,0
2008-09,2551,1610612754,full_core,0,0
2008-09,2553,1610612751,full_core,0,0
2008-09,2554,1610612753,full_core,0,0
2008-09,2555,1610612760,full_core,0,0
2008-09,2556,1610612748,partial,1,1
2008-09,2556,1610612761,partial,1,1
2008-09,2557,1610612749,full_core,0,0
2008-09,2561,1610612740,full_core,0,0
2008-09,2562,1610612739,full_core,0,0
2008-09,2563,1610612743,full_core,0,0
2008-09,2564,1610612756,partial,1,1
2008-09,2564,1610612766,partial,1,1
2008-09,2566,1610612757,full_core,0,0
2008-09,2567,1610612745,partial,1,1
2008-09,2567,1610612753,partial,1,1
2008-09,2570,1610612738,full_core,0,0
2008-09,2571,1610612756,full_core,0,0
2008-09,2572,1610612742,full_core,0,0
2008-09,2574,1610612761,full_core,0,0
2008-09,2575,1610612747,full_core,0,0
2008-09,2581,1610612757,full_core,0,0
2008-09,2584,1610612755,full_core,0,0
2008-09,2585,1610612737,full_core,0,0
2008-09,2586,1610612749,partial,1,1
2008-09,2586,1610612753,partial,1,1
2008-09,2588,1610612759,full_core,0,0
2008-09,2590,1610612739,full_core,0,0
2008-09,2592,1610612748,full_core,0,0
2008-09,2594,1610612762,full_core,0,0
2008-09,2605,1610612754,full_core,0,0
2008-09,2617,1610612748,full_core,0,0
2008-09,2624,1610612763,full_core,0,0
2008-09,2669,1610612741,partial,2,1
2008-09,2669,1610612766,partial,1,1
2008-09,2679,1610612742,partial,1,1
2008-09,2679,1610612766,partial,1,1
2008-09,2694,1610612747,full_core,0,0
2008-09,2730,1610612753,full_core,0,0
2008-09,2731,1610612766,full_core,0,0
2008-09,2732,1610612741,full_core,0,0
2008-09,2733,1610612748,partial,1,1
2008-09,2733,1610612760,partial,1,1
2008-09,2734,1610612751,full_core,0,0
2008-09,2736,1610612741,full_core,0,0
2008-09,2738,1610612755,full_core,0,0
2008-09,2740,1610612744,full_core,0,0
2008-09,2741,1610612760,full_core,0,0
2008-09,2742,1610612750,full_core,0,0
2008-09,2743,1610612761,full_core,0,0
2008-09,2744,1610612750,full_core,0,0
2008-09,2746,1610612737,full_core,0,0
2008-09,2747,1610612743,full_core,0,0
2008-09,2748,1610612748,full_core,0,0
2008-09,2749,1610612753,full_core,0,0
2008-09,2753,1610612739,full_core,0,0
2008-09,2754,1610612738,full_core,0,0
2008-09,2755,1610612758,full_core,0,0
2008-09,2756,1610612747,full_core,0,0
2008-09,2757,1610612758,full_core,0,0
2008-09,2760,1610612739,full_core,0,0
2008-09,2767,1610612755,full_core,0,0
2008-09,2768,1610612752,full_core,0,0
2008-09,2772,1610612747,full_core,0,0
2008-09,2788,1610612747,full_core,0,0
2008-09,2804,1610612741,partial,1,1
2008-09,2804,1610612758,partial,1,1
2008-09,2810,1610612766,partial,1,1
2008-09,2824,1610612759,partial,1,1
2008-09,283,1610612741,partial,1,1
2008-09,2863,1610612760,full_core,0,0
2008-09,406,1610612756,full_core,0,0
2008-09,436,1610612743,partial,1,1
2008-09,436,1610612766,partial,1,1
2008-09,467,1610612742,full_core,0,0
2008-09,686,1610612765,partial,2,1
2008-09,689,1610612755,full_core,0,0
2008-09,693,1610612739,partial,1,1
2008-09,693,1610612760,partial,1,1
2008-09,699,1610612745,full_core,0,0
2008-09,703,1610612759,full_core,0,0
2008-09,708,1610612738,full_core,0,0
2008-09,711,1610612742,full_core,0,0
2008-09,714,1610612759,full_core,0,0
2008-09,739,1610612765,full_core,0,0
2008-09,87,1610612745,partial,1,1
2008-09,923,1610612755,full_core,0,0
2008-09,947,1610612743,partial,1,1
2008-09,947,1610612765,partial,1,1
2008-09,948,1610612746,full_core,0,0
2008-09,950,1610612738,partial,1,1
2008-09,951,1610612738,full_core,0,0
2008-09,953,1610612739,full_core,0,0
2008-09,956,1610612742,full_core,0,0
2008-09,959,1610612756,full_core,0,0
2008-09,965,1610612747,full_core,0,0
2008-09,977,1610612747,full_core,0,0
2008-09,978,1610612740,full_core,0,0
2008-09,979,1610612748,partial,1,1
2008-09,979,1610612761,partial,1,1
2008-09,980,1610612739,full_core,0,0
2008-09,990,1610612752,partial,1,1
2008-09,990,1610612760,partial,1,1
2009-10,101106,1610612749,full_core,0,0
2009-10,101107,1610612737,full_core,0,0
2009-10,101108,1610612740,full_core,0,0
2009-10,101109,1610612766,full_core,0,0
2009-10,101110,1610612757,full_core,0,0
2009-10,101111,1610612765,full_core,0,0
2009-10,101112,1610612756,full_core,0,0
2009-10,101114,1610612762,full_core,0,0
2009-10,101115,1610612747,full_core,0,0
2009-10,101118,1610612758,full_core,0,0
2009-10,101120,1610612761,full_core,0,0
2009-10,101121,1610612743,full_core,0,0
2009-10,101122,1610612754,full_core,0,0
2009-10,101124,1610612741,partial,1,1
2009-10,101124,1610612749,partial,1,1
2009-10,101126,1610612738,partial,1,1
2009-10,101126,1610612752,partial,1,1
2009-10,101127,1610612761,full_core,0,0
2009-10,101128,1610612758,full_core,0,0
2009-10,101129,1610612754,full_core,0,0
2009-10,101130,1610612743,full_core,0,0
2009-10,101131,1610612765,full_core,0,0
2009-10,101133,1610612759,full_core,0,0
2009-10,101135,1610612752,full_core,0,0
2009-10,101138,1610612753,full_core,0,0
2009-10,101139,1610612762,full_core,0,0
2009-10,101141,1610612749,full_core,0,0
2009-10,101142,1610612744,full_core,0,0
2009-10,101143,1610612754,partial,1,1
2009-10,101143,1610612757,partial,1,1
2009-10,101145,1610612744,full_core,0,0
2009-10,101146,1610612749,partial,1,1
2009-10,101150,1610612755,full_core,0,0
2009-10,101154,1610612764,full_core,0,0
2009-10,101155,1610612750,full_core,0,0
2009-10,101161,1610612761,full_core,0,0
2009-10,101162,1610612753,full_core,0,0
2009-10,101177,1610612764,full_core,0,0
2009-10,101179,1610612762,full_core,0,0
2009-10,101181,1610612761,full_core,0,0
2009-10,101183,1610612748,partial,2,1
2009-10,101183,1610612757,partial,2,1
2009-10,101189,1610612742,partial,1,1
2009-10,101189,1610612764,partial,1,1
2009-10,101198,1610612765,full_core,0,0
2009-10,101204,1610612756,partial,1,1
2009-10,101211,1610612766,full_core,0,0
2009-10,101214,1610612739,full_core,0,0
2009-10,101215,1610612745,partial,2,1
2009-10,101235,1610612744,full_core,0,0
2009-10,101236,1610612745,full_core,0,0
2009-10,1088,1610612765,full_core,0,0
2009-10,1112,1610612765,full_core,0,0
2009-10,1495,1610612759,full_core,0,0
2009-10,1497,1610612743,full_core,0,0
2009-10,1499,1610612751,full_core,0,0
2009-10,1501,1610612742,full_core,0,0
2009-10,1503,1610612745,partial,1,1
2009-10,1503,1610612752,partial,1,1
2009-10,1515,1610612739,full_core,0,0
2009-10,1533,1610612753,full_core,0,0
2009-10,1536,1610612744,partial,1,1
2009-10,1536,1610612766,partial,1,1
2009-10,1563,1610612760,full_core,0,0
2009-10,1630,1610612744,partial,1,1
2009-10,1710,1610612737,full_core,0,0
2009-10,1712,1610612739,partial,1,1
2009-10,1712,1610612764,partial,1,1
2009-10,1713,1610612753,full_core,0,0
2009-10,1715,1610612753,full_core,0,0
2009-10,1716,1610612752,partial,1,1
2009-10,1716,1610612766,partial,1,1
2009-10,1717,1610612742,full_core,0,0
2009-10,1718,1610612738,full_core,0,0
2009-10,1725,1610612761,full_core,0,0
2009-10,1729,1610612746,partial,1,1
2009-10,1730,1610612746,full_core,0,0
2009-10,1733,1610612752,full_core,0,0
2009-10,1737,1610612766,full_core,0,0
2009-10,1740,1610612753,full_core,0,0
2009-10,1747,1610612748,partial,1,1
2009-10,1747,1610612751,partial,1,1
2009-10,1752,1610612740,full_core,0,0
2009-10,1763,1610612760,partial,1,1
2009-10,1802,1610612741,full_core,0,0
2009-10,1853,1610612743,full_core,0,0
2009-10,1863,1610612764,partial,1,1
2009-10,1882,1610612755,full_core,0,0
2009-10,1884,1610612746,full_core,0,0
2009-10,1885,1610612747,full_core,0,0
2009-10,1886,1610612752,partial,1,1
2009-10,1888,1610612765,full_core,0,0
2009-10,1889,1610612757,full_core,0,0
2009-10,1890,1610612742,full_core,0,0
2009-10,1891,1610612742,full_core,0,0
2009-10,1894,1610612744,full_core,0,0
2009-10,1897,1610612747,full_core,0,0
2009-10,1899,1610612740,full_core,0,0
2009-10,1902,1610612754,full_core,0,0
2009-10,1903,1610612758,partial,1,1
2009-10,1904,1610612744,full_core,0,0
2009-10,1905,1610612762,full_core,0,0
2009-10,1922,1610612749,partial,1,1
2009-10,1922,1610612755,partial,1,1
2009-10,1938,1610612759,partial,0,0
2009-10,1952,1610612744,partial,1,1
2009-10,1952,1610612766,partial,1,1
2009-10,200081,1610612739,full_core,0,0
2009-10,200745,1610612761,full_core,0,0
2009-10,200746,1610612757,full_core,0,0
2009-10,200747,1610612747,full_core,0,0
2009-10,200748,1610612741,partial,1,1
2009-10,200748,1610612766,partial,1,1
2009-10,200749,1610612738,full_core,0,0
2009-10,200750,1610612757,full_core,0,0
2009-10,200751,1610612764,full_core,0,0
2009-10,200752,1610612763,full_core,0,0
2009-10,200753,1610612761,full_core,0,0
2009-10,200755,1610612753,full_core,0,0
2009-10,200756,1610612740,partial,1,1
2009-10,200756,1610612745,partial,1,1
2009-10,200756,1610612758,partial,1,1
2009-10,200757,1610612760,full_core,0,0
2009-10,200758,1610612762,partial,1,1
2009-10,200758,1610612763,partial,1,1
2009-10,200760,1610612755,full_core,0,0
2009-10,200762,1610612750,full_core,0,0
2009-10,200764,1610612743,full_core,0,0
2009-10,200765,1610612738,full_core,0,0
2009-10,200766,1610612763,full_core,0,0
2009-10,200767,1610612751,full_core,0,0
2009-10,200768,1610612745,full_core,0,0
2009-10,200769,1610612747,full_core,0,0
2009-10,200770,1610612747,full_core,0,0
2009-10,200771,1610612752,partial,1,1
2009-10,200771,1610612758,partial,1,1
2009-10,200776,1610612746,full_core,0,0
2009-10,200779,1610612746,full_core,0,0
2009-10,200780,1610612754,full_core,0,0
2009-10,200781,1610612764,partial,1,1
2009-10,200783,1610612746,full_core,0,0
2009-10,200789,1610612739,full_core,0,0
2009-10,200794,1610612762,full_core,0,0
2009-10,200796,1610612739,full_core,0,0
2009-10,200797,1610612750,full_core,0,0
2009-10,200809,1610612751,partial,1,1
2009-10,200811,1610612756,full_core,0,0
2009-10,200821,1610612748,full_core,0,0
2009-10,200822,1610612745,partial,1,1
2009-10,200822,1610612761,partial,1,1
2009-10,200826,1610612742,full_core,0,0
2009-10,200839,1610612745,partial,2,1
2009-10,200839,1610612764,partial,1,1
2009-10,201043,1610612737,full_core,0,0
2009-10,201141,1610612757,full_core,0,0
2009-10,201142,1610612760,full_core,0,0
2009-10,201143,1610612737,full_core,0,0
2009-10,201144,1610612763,full_core,0,0
2009-10,201145,1610612760,full_core,0,0
2009-10,201146,1610612751,full_core,0,0
2009-10,201147,1610612750,full_core,0,0
2009-10,201149,1610612741,full_core,0,0
2009-10,201150,1610612758,full_core,0,0
2009-10,201151,1610612741,partial,1,1
2009-10,201151,1610612744,partial,1,1
2009-10,201151,1610612766,partial,1,1
2009-10,201152,1610612755,full_core,0,0
2009-10,201153,1610612740,full_core,0,0
2009-10,201154,1610612746,partial,1,1
2009-10,201154,1610612764,partial,1,1
2009-10,201155,1610612765,full_core,0,0
2009-10,201156,1610612764,full_core,0,0
2009-10,201157,1610612751,partial,1,1
2009-10,201158,1610612761,full_core,0,0
2009-10,201160,1610612755,full_core,0,0
2009-10,201161,1610612748,full_core,0,0
2009-10,201162,1610612756,full_core,0,0
2009-10,201163,1610612752,full_core,0,0
2009-10,201164,1610612757,full_core,0,0
2009-10,201166,1610612745,full_core,0,0
2009-10,201167,1610612743,full_core,0,0
2009-10,201169,1610612750,partial,1,1
2009-10,201169,1610612756,partial,1,1
2009-10,201171,1610612745,partial,1,1
2009-10,201171,1610612758,partial,1,1
2009-10,201175,1610612738,full_core,0,0
2009-10,201177,1610612754,full_core,0,0
2009-10,201178,1610612762,full_core,0,0
2009-10,201181,1610612741,partial,2,1
2009-10,201187,1610612758,partial,1,1
2009-10,201187,1610612764,partial,1,1
2009-10,201188,1610612763,full_core,0,0
2009-10,201189,1610612740,partial,1,1
2009-10,201189,1610612741,partial,1,1
2009-10,201191,1610612746,partial,1,1
2009-10,201196,1610612750,full_core,0,0
2009-10,201202,1610612748,full_core,0,0
2009-10,201207,1610612739,partial,1,1
2009-10,201207,1610612744,partial,1,1
2009-10,201228,1610612744,full_core,0,0
2009-10,201229,1610612744,partial,1,1
2009-10,201229,1610612757,partial,1,1
2009-10,201238,1610612737,partial,1,1
2009-10,201563,1610612748,full_core,0,0
2009-10,201564,1610612763,full_core,0,0
2009-10,201565,1610612741,full_core,0,0
2009-10,201566,1610612760,full_core,0,0
2009-10,201567,1610612750,full_core,0,0
2009-10,201568,1610612752,full_core,0,0
2009-10,201569,1610612746,full_core,0,0
2009-10,201570,1610612741,partial,1,1
2009-10,201571,1610612766,full_core,0,0
2009-10,201572,1610612751,full_core,0,0
2009-10,201573,1610612757,full_core,0,0
2009-10,201574,1610612758,full_core,0,0
2009-10,201575,1610612754,full_core,0,0
2009-10,201576,1610612744,full_core,0,0
2009-10,201577,1610612756,full_core,0,0
2009-10,201578,1610612755,full_core,0,0
2009-10,201579,1610612754,full_core,0,0
2009-10,201580,1610612764,full_core,0,0
2009-10,201581,1610612739,full_core,0,0
2009-10,201582,1610612766,full_core,0,0
2009-10,201583,1610612753,full_core,0,0
2009-10,201584,1610612751,full_core,0,0
2009-10,201585,1610612762,full_core,0,0
2009-10,201586,1610612760,full_core,0,0
2009-10,201587,1610612757,full_core,0,0
2009-10,201588,1610612759,full_core,0,0
2009-10,201589,1610612763,full_core,0,0
2009-10,201590,1610612758,full_core,0,0
2009-10,201591,1610612760,full_core,0,0
2009-10,201592,1610612738,partial,1,1
2009-10,201592,1610612752,partial,1,1
2009-10,201595,1610612745,partial,1,1
2009-10,201595,1610612758,partial,1,1
2009-10,201596,1610612748,full_core,0,0
2009-10,201599,1610612746,full_core,0,0
2009-10,201601,1610612749,full_core,0,0
2009-10,201602,1610612760,full_core,0,0
2009-10,201603,1610612761,full_core,0,0
2009-10,201604,1610612751,full_core,0,0
2009-10,201605,1610612750,full_core,0,0
2009-10,201609,1610612756,full_core,0,0
2009-10,201611,1610612738,partial,1,1
2009-10,201611,1610612752,partial,1,1
2009-10,201612,1610612759,full_core,0,0
2009-10,201616,1610612739,partial,1,1
2009-10,201616,1610612749,partial,1,1
2009-10,201627,1610612744,full_core,0,0
2009-10,201628,1610612740,partial,1,1
2009-10,201628,1610612746,partial,1,1
2009-10,201629,1610612737,partial,1,1
2009-10,201632,1610612763,full_core,0,0
2009-10,201785,1610612762,partial,1,1
2009-10,201802,1610612738,partial,1,1
2009-10,201805,1610612744,partial,1,1
2009-10,201821,1610612763,partial,1,1
2009-10,201858,1610612744,partial,1,1
2009-10,201858,1610612764,partial,1,1
2009-10,201934,1610612763,full_core,0,0
2009-10,201935,1610612760,full_core,0,0
2009-10,201936,1610612758,full_core,0,0
2009-10,201938,1610612750,full_core,0,0
2009-10,201939,1610612744,full_core,0,0
2009-10,201941,1610612745,partial,1,1
2009-10,201941,1610612752,partial,1,1
2009-10,201942,1610612761,full_core,0,0
2009-10,201943,1610612749,full_core,0,0
2009-10,201944,1610612751,full_core,0,0
2009-10,201945,1610612766,full_core,0,0
2009-10,201946,1610612754,full_core,0,0
2009-10,201947,1610612756,full_core,0,0
2009-10,201948,1610612765,full_core,0,0
2009-10,201949,1610612741,full_core,0,0
2009-10,201950,1610612755,full_core,0,0
2009-10,201951,1610612743,full_core,0,0
2009-10,201952,1610612737,full_core,0,0
2009-10,201953,1610612760,partial,1,1
2009-10,201953,1610612762,partial,1,1
2009-10,201954,1610612740,full_core,0,0
2009-10,201956,1610612758,full_core,0,0
2009-10,201957,1610612760,full_core,0,0
2009-10,201958,1610612742,full_core,0,0
2009-10,201959,1610612741,full_core,0,0
2009-10,201960,1610612763,full_core,0,0
2009-10,201961,1610612750,full_core,0,0
2009-10,201962,1610612752,full_core,0,0
2009-10,201965,1610612757,full_core,0,0
2009-10,201966,1610612745,full_core,0,0
2009-10,201967,1610612757,full_core,0,0
2009-10,201969,1610612765,full_core,0,0
2009-10,201970,1610612763,full_core,0,0
2009-10,201971,1610612759,full_core,0,0
2009-10,201972,1610612758,full_core,0,0
2009-10,201973,1610612765,full_core,0,0
2009-10,201974,1610612766,full_core,0,0
2009-10,201975,1610612749,partial,1,1
2009-10,201975,1610612755,partial,1,1
2009-10,201977,1610612740,full_core,0,0
2009-10,201978,1610612745,full_core,0,0
2009-10,201980,1610612739,full_core,0,0
2009-10,201981,1610612756,full_core,0,0
2009-10,201985,1610612754,full_core,0,0
2009-10,201988,1610612757,full_core,0,0
2009-10,201991,1610612738,partial,1,1
2009-10,201991,1610612763,partial,1,1
2009-10,202066,1610612745,partial,2,1
2009-10,202066,1610612758,partial,1,1
2009-10,202066,1610612759,partial,1,1
2009-10,202068,1610612738,partial,1,1
2009-10,202068,1610612752,partial,1,1
2009-10,202079,1610612760,partial,1,1
2009-10,202083,1610612762,full_core,0,0
2009-10,202087,1610612764,partial,1,1
2009-10,202130,1610612744,partial,1,1
2009-10,202132,1610612739,partial,1,1
2009-10,202132,1610612759,partial,1,1
2009-10,202132,1610612764,partial,1,1
2009-10,202178,1610612762,partial,1,1
2009-10,2030,1610612743,full_core,0,0
2009-10,2034,1610612764,full_core,0,0
2009-10,2037,1610612737,full_core,0,0
2009-10,2038,1610612757,full_core,0,0
2009-10,2039,1610612751,full_core,0,0
2009-10,2041,1610612760,full_core,0,0
2009-10,2045,1610612761,full_core,0,0
2009-10,2046,1610612758,partial,1,1
2009-10,2047,1610612748,full_core,0,0
2009-10,2048,1610612748,full_core,0,0
2009-10,2050,1610612740,full_core,0,0
2009-10,2052,1610612742,partial,1,1
2009-10,2052,1610612764,partial,1,1
2009-10,2056,1610612749,partial,1,1
2009-10,2056,1610612755,partial,1,1
2009-10,2059,1610612742,partial,1,1
2009-10,2059,1610612751,partial,1,1
2009-10,2067,1610612738,partial,1,1
2009-10,2067,1610612752,partial,1,1
2009-10,2072,1610612749,full_core,0,0
2009-10,2073,1610612750,partial,2,1
2009-10,2078,1610612740,partial,1,1
2009-10,2078,1610612750,partial,1,1
2009-10,2124,1610612743,full_core,0,0
2009-10,2137,1610612758,partial,1,1
2009-10,2198,1610612765,full_core,0,0
2009-10,2199,1610612766,full_core,0,0
2009-10,2200,1610612747,full_core,0,0
2009-10,2201,1610612752,full_core,0,0
2009-10,2202,1610612756,full_core,0,0
2009-10,2203,1610612745,full_core,0,0
2009-10,2205,1610612766,full_core,0,0
2009-10,2207,1610612737,full_core,0,0
2009-10,2209,1610612744,partial,1,1
2009-10,2209,1610612766,partial,1,1
2009-10,2210,1610612759,full_core,0,0
2009-10,2211,1610612754,full_core,0,0
2009-10,2212,1610612763,full_core,0,0
2009-10,2215,1610612737,full_core,0,0
2009-10,2216,1610612763,full_core,0,0
2009-10,2217,1610612742,partial,1,1
2009-10,2217,1610612764,partial,1,1
2009-10,2222,1610612766,full_core,0,0
2009-10,2223,1610612755,full_core,0,0
2009-10,2224,1610612763,partial,1,1
2009-10,2225,1610612759,full_core,0,0
2009-10,2229,1610612764,partial,1,1
2009-10,2230,1610612737,full_core,0,0
2009-10,2239,1610612751,full_core,0,0
2009-10,2240,1610612764,full_core,0,0
2009-10,2243,1610612738,full_core,0,0
2009-10,2246,1610612762,full_core,0,0
2009-10,2248,1610612754,full_core,0,0
2009-10,2250,1610612751,full_core,0,0
2009-10,2260,1610612756,full_core,0,0
2009-10,2294,1610612749,full_core,0,0
2009-10,2306,1610612748,full_core,0,0
2009-10,2365,1610612743,full_core,0,0
2009-10,2366,1610612760,partial,1,1
2009-10,2399,1610612754,full_core,0,0
2009-10,2400,1610612742,partial,1,1
2009-10,2400,1610612746,partial,1,1
2009-10,2403,1610612743,full_core,0,0
2009-10,2404,1610612765,full_core,0,0
2009-10,2405,1610612756,full_core,0,0
2009-10,2406,1610612742,partial,1,1
2009-10,2406,1610612764,partial,1,1
2009-10,2407,1610612745,partial,1,1
2009-10,2407,1610612752,partial,1,1
2009-10,2409,1610612759,partial,1,1
2009-10,2416,1610612746,partial,1,1
2009-10,2419,1610612765,full_core,0,0
2009-10,2420,1610612760,full_core,0,0
2009-10,2422,1610612741,partial,1,1
2009-10,2422,1610612749,partial,1,1
2009-10,2427,1610612759,full_core,0,0
2009-10,2429,1610612749,full_core,0,0
2009-10,2430,1610612762,full_core,0,0
2009-10,2431,1610612745,full_core,0,0
2009-10,2436,1610612741,partial,1,1
2009-10,2436,1610612766,partial,1,1
2009-10,2440,1610612753,full_core,0,0
2009-10,2443,1610612740,full_core,0,0
2009-10,2446,1610612746,full_core,0,0
2009-10,2449,1610612745,full_core,0,0
2009-10,2457,1610612741,full_core,0,0
2009-10,2484,1610612740,partial,1,1
2009-10,2484,1610612741,partial,1,1
2009-10,2501,1610612761,full_core,0,0
2009-10,2544,1610612739,full_core,0,0
2009-10,2545,1610612750,partial,1,1
2009-10,2545,1610612752,partial,1,1
2009-10,2546,1610612743,full_core,0,0
2009-10,2547,1610612761,full_core,0,0
2009-10,2548,1610612748,full_core,0,0
2009-10,2549,1610612746,full_core,0,0
2009-10,255,1610612756,full_core,0,0
2009-10,2550,1610612741,full_core,0,0
2009-10,2551,1610612754,full_core,0,0
2009-10,2553,1610612751,full_core,0,0
2009-10,2554,1610612753,full_core,0,0
2009-10,2555,1610612760,full_core,0,0
2009-10,2556,1610612761,full_core,0,0
2009-10,2557,1610612749,full_core,0,0
2009-10,2561,1610612740,full_core,0,0
2009-10,2562,1610612750,full_core,0,0
2009-10,2563,1610612754,full_core,0,0
2009-10,2564,1610612766,full_core,0,0
2009-10,2566,1610612746,partial,1,1
2009-10,2566,1610612757,partial,1,1
2009-10,2567,1610612745,partial,1,1
2009-10,2568,1610612749,full_core,0,0
2009-10,2570,1610612738,full_core,0,0
2009-10,2571,1610612756,full_core,0,0
2009-10,2572,1610612742,partial,1,1
2009-10,2572,1610612764,partial,1,1
2009-10,2574,1610612755,full_core,0,0
2009-10,2575,1610612747,full_core,0,0
2009-10,2581,1610612746,partial,1,1
2009-10,2581,1610612757,partial,1,1
2009-10,2584,1610612755,full_core,0,0
2009-10,2585,1610612737,full_core,0,0
2009-10,2586,1610612759,full_core,0,0
2009-10,2588,1610612759,full_core,0,0
2009-10,2590,1610612739,full_core,0,0
2009-10,2592,1610612748,full_core,0,0
2009-10,2594,1610612762,full_core,0,0
2009-10,2605,1610612738,full_core,0,0
2009-10,2617,1610612748,full_core,0,0
2009-10,2624,1610612742,partial,1,1
2009-10,2624,1610612764,partial,1,1
2009-10,2679,1610612742,full_core,0,0
2009-10,2694,1610612747,full_core,0,0
2009-10,2730,1610612753,full_core,0,0
2009-10,2731,1610612740,full_core,0,0
2009-10,2732,1610612765,full_core,0,0
2009-10,2733,1610612760,partial,1,1
2009-10,2733,1610612764,partial,1,1
2009-10,2734,1610612751,full_core,0,0
2009-10,2736,1610612741,full_core,0,0
2009-10,2738,1610612755,full_core,0,0
2009-10,2740,1610612744,full_core,0,0
2009-10,2742,1610612739,partial,1,1
2009-10,2742,1610612746,partial,1,1
2009-10,2743,1610612742,partial,1,1
2009-10,2743,1610612751,partial,1,1
2009-10,2744,1610612750,full_core,0,0
2009-10,2746,1610612737,full_core,0,0
2009-10,2747,1610612743,full_core,0,0
2009-10,2748,1610612748,full_core,0,0
2009-10,2749,1610612753,full_core,0,0
2009-10,2753,1610612739,full_core,0,0
2009-10,2754,1610612738,full_core,0,0
2009-10,2755,1610612745,partial,1,1
2009-10,2755,1610612758,partial,1,1
2009-10,2756,1610612747,full_core,0,0
2009-10,2757,1610612758,full_core,0,0
2009-10,2760,1610612739,full_core,0,0
2009-10,2767,1610612749,partial,1,1
2009-10,2767,1610612755,partial,1,1
2009-10,2768,1610612752,full_core,0,0
2009-10,2772,1610612745,full_core,0,0
2009-10,2788,1610612747,full_core,0,0
2009-10,2804,1610612758,full_core,0,0
2009-10,283,1610612741,partial,1,1
2009-10,2853,1610612752,partial,1,1
2009-10,2863,1610612750,full_core,0,0
2009-10,406,1610612739,full_core,0,0
2009-10,436,1610612757,full_core,0,0
2009-10,467,1610612742,full_core,0,0
2009-10,686,1610612759,full_core,0,0
2009-10,689,1610612759,partial,1,1
2009-10,689,1610612766,partial,1,1
2009-10,693,1610612737,full_core,0,0
2009-10,703,1610612749,full_core,0,0
2009-10,708,1610612738,full_core,0,0
2009-10,711,1610612749,partial,1,1
2009-10,714,1610612738,partial,1,1
2009-10,714,1610612759,partial,1,1
2009-10,739,1610612738,full_core,0,0
2009-10,947,1610612755,partial,1,1
2009-10,947,1610612763,partial,1,1
2009-10,948,1610612746,partial,1,1
2009-10,948,1610612757,partial,1,1
2009-10,951,1610612738,full_core,0,0
2009-10,956,1610612742,full_core,0,0
2009-10,959,1610612756,full_core,0,0
2009-10,965,1610612747,full_core,0,0
2009-10,977,1610612747,full_core,0,0
2009-10,978,1610612740,full_core,0,0
2009-10,979,1610612748,full_core,0,0
2009-10,980,1610612739,partial,2,1
2010-11,101106,1610612749,full_core,0,0
2010-11,101107,1610612737,full_core,0,0
2010-11,101108,1610612740,full_core,0,0
2010-11,101109,1610612743,partial,1,1
2010-11,101109,1610612752,partial,1,1
2010-11,101110,1610612750,full_core,0,0
2010-11,101111,1610612765,full_core,0,0
2010-11,101112,1610612756,full_core,0,0
2010-11,101113,1610612746,partial,1,1
2010-11,101114,1610612751,partial,1,1
2010-11,101114,1610612762,partial,1,1
2010-11,101115,1610612747,full_core,0,0
2010-11,101120,1610612758,partial,1,1
2010-11,101121,1610612739,full_core,0,0
2010-11,101122,1610612754,full_core,0,0
2010-11,101124,1610612756,full_core,0,0
2010-11,101126,1610612738,partial,1,1
2010-11,101126,1610612760,partial,1,1
2010-11,101127,1610612740,partial,1,1
2010-11,101127,1610612761,partial,1,1
2010-11,101128,1610612758,full_core,0,0
2010-11,101129,1610612758,partial,1,1
2010-11,101130,1610612751,full_core,0,0
2010-11,101131,1610612765,full_core,0,0
2010-11,101132,1610612761,full_core,0,0
2010-11,101133,1610612742,full_core,0,0
2010-11,101135,1610612744,full_core,0,0
2010-11,101138,1610612753,full_core,0,0
2010-11,101139,1610612762,full_core,0,0
2010-11,101141,1610612749,full_core,0,0
2010-11,101142,1610612752,full_core,0,0
2010-11,101144,1610612738,full_core,0,0
2010-11,101145,1610612744,full_core,0,0
2010-11,101150,1610612755,full_core,0,0
2010-11,101154,1610612764,full_core,0,0
2010-11,101155,1610612746,full_core,0,0
2010-11,101158,1610612751,partial,1,1
2010-11,101161,1610612761,full_core,0,0
2010-11,101162,1610612753,partial,1,1
2010-11,101162,1610612756,partial,1,1
2010-11,101177,1610612757,full_core,0,0
2010-11,101179,1610612762,full_core,0,0
2010-11,101181,1610612761,full_core,0,0
2010-11,101198,1610612765,full_core,0,0
2010-11,101211,1610612751,full_core,0,0
2010-11,101214,1610612739,partial,1,1
2010-11,101236,1610612745,full_core,0,0
2010-11,101249,1610612741,partial,2,1
2010-11,1112,1610612765,full_core,0,0
2010-11,1495,1610612759,full_core,0,0
2010-11,1497,1610612743,partial,1,1
2010-11,1497,1610612752,partial,1,1
2010-11,1498,1610612755,partial,1,1
2010-11,1499,1610612755,full_core,0,0
2010-11,1503,1610612765,full_core,0,0
2010-11,1515,1610612739,full_core,0,0
2010-11,1536,1610612766,full_core,0,0
2010-11,1710,1610612737,partial,1,1
2010-11,1710,1610612748,partial,1,1
2010-11,1710,1610612764,partial,1,1
2010-11,1712,1610612739,full_core,0,0
2010-11,1713,1610612753,partial,1,1
2010-11,1713,1610612756,partial,1,1
2010-11,1715,1610612753,partial,1,1
2010-11,1715,1610612763,partial,1,1
2010-11,1717,1610612742,full_core,0,0
2010-11,1718,1610612738,full_core,0,0
2010-11,1730,1610612749,partial,1,1
2010-11,1733,1610612743,full_core,0,0
2010-11,1737,1610612760,partial,1,1
2010-11,1737,1610612766,partial,1,1
2010-11,1740,1610612753,partial,1,1
2010-11,1740,1610612764,partial,1,1
2010-11,1752,1610612757,partial,1,1
2010-11,1802,1610612745,full_core,0,0
2010-11,1853,1610612743,partial,1,1
2010-11,1853,1610612752,partial,1,1
2010-11,1863,1610612749,full_core,0,0
2010-11,1882,1610612755,full_core,0,0
2010-11,1884,1610612739,partial,1,1
2010-11,1884,1610612746,partial,1,1
2010-11,1885,1610612747,full_core,0,0
2010-11,1888,1610612765,full_core,0,0
2010-11,1889,1610612757,full_core,0,0
2010-11,1890,1610612742,full_core,0,0
2010-11,1891,1610612742,full_core,0,0
2010-11,1894,1610612749,full_core,0,0
2010-11,1897,1610612747,full_core,0,0
2010-11,1899,1610612754,full_core,0,0
2010-11,1902,1610612754,full_core,0,0
2010-11,1905,1610612762,full_core,0,0
2010-11,1922,1610612762,full_core,0,0
2010-11,1938,1610612759,full_core,0,0
2010-11,1952,1610612762,full_core,0,0
2010-11,200081,1610612739,partial,1,1
2010-11,200081,1610612746,partial,1,1
2010-11,200745,1610612761,full_core,0,0
2010-11,200746,1610612757,full_core,0,0
2010-11,200748,1610612766,full_core,0,0
2010-11,200749,1610612743,partial,1,1
2010-11,200749,1610612752,partial,1,1
2010-11,200750,1610612757,full_core,0,0
2010-11,200751,1610612746,full_core,0,0
2010-11,200752,1610612763,full_core,0,0
2010-11,200755,1610612753,full_core,0,0
2010-11,200756,1610612737,partial,1,1
2010-11,200756,1610612764,partial,1,1
2010-11,200757,1610612760,full_core,0,0
2010-11,200758,1610612741,full_core,0,0
2010-11,200760,1610612744,partial,1,1
2010-11,200760,1610612763,partial,1,1
2010-11,200761,1610612752,full_core,0,0
2010-11,200764,1610612743,partial,1,1
2010-11,200764,1610612752,partial,1,1
2010-11,200765,1610612738,full_core,0,0
2010-11,200768,1610612745,full_core,0,0
2010-11,200769,1610612747,full_core,0,0
2010-11,200770,1610612751,full_core,0,0
2010-11,200772,1610612750,partial,1,1
2010-11,200779,1610612742,partial,1,1
2010-11,200779,1610612759,partial,1,1
2010-11,200780,1610612754,full_core,0,0
2010-11,200783,1610612746,full_core,0,0
2010-11,200789,1610612739,full_core,0,0
2010-11,200794,1610612762,full_core,0,0
2010-11,200796,1610612739,partial,1,1
2010-11,200796,1610612763,partial,1,1
2010-11,200797,1610612739,full_core,0,0
2010-11,200809,1610612759,partial,1,1
2010-11,200811,1610612744,full_core,0,0
2010-11,200817,1610612758,full_core,0,0
2010-11,200822,1610612740,partial,1,1
2010-11,200826,1610612742,full_core,0,0
2010-11,200839,1610612745,partial,1,1
2010-11,201142,1610612760,full_core,0,0
2010-11,201143,1610612737,full_core,0,0
2010-11,201144,1610612763,partial,0,0
2010-11,201145,1610612738,partial,1,1
2010-11,201145,1610612760,partial,1,1
2010-11,201146,1610612764,full_core,0,0
2010-11,201147,1610612742,partial,1,1
2010-11,201147,1610612750,partial,1,1
2010-11,201148,1610612744,partial,1,1
2010-11,201148,1610612751,partial,1,1
2010-11,201149,1610612741,full_core,0,0
2010-11,201150,1610612755,full_core,0,0
2010-11,201151,1610612744,partial,1,1
2010-11,201151,1610612763,partial,1,1
2010-11,201152,1610612755,full_core,0,0
2010-11,201153,1610612761,full_core,0,0
2010-11,201154,1610612744,partial,1,1
2010-11,201154,1610612764,partial,1,1
2010-11,201155,1610612765,full_core,0,0
2010-11,201156,1610612764,full_core,0,0
2010-11,201158,1610612740,full_core,0,0
2010-11,201160,1610612740,full_core,0,0
2010-11,201161,1610612760,full_core,0,0
2010-11,201162,1610612756,full_core,0,0
2010-11,201163,1610612743,partial,1,1
2010-11,201163,1610612752,partial,1,1
2010-11,201164,1610612757,full_core,0,0
2010-11,201166,1610612745,partial,1,1
2010-11,201166,1610612756,partial,1,1
2010-11,201167,1610612743,full_core,0,0
2010-11,201168,1610612759,full_core,0,0
2010-11,201171,1610612740,partial,1,1
2010-11,201171,1610612758,partial,1,1
2010-11,201175,1610612738,full_core,0,0
2010-11,201177,1610612754,full_core,0,0
2010-11,201178,1610612762,full_core,0,0
2010-11,201187,1610612766,partial,2,1
2010-11,201188,1610612763,full_core,0,0
2010-11,201189,1610612740,full_core,0,0
2010-11,201196,1610612739,full_core,0,0
2010-11,201202,1610612748,full_core,0,0
2010-11,201203,1610612764,partial,1,1
2010-11,201228,1610612741,full_core,0,0
2010-11,201229,1610612750,full_core,0,0
2010-11,201234,1610612747,partial,1,1
2010-11,201234,1610612761,partial,1,1
2010-11,201238,1610612751,partial,1,1
2010-11,201563,1610612750,full_core,0,0
2010-11,201564,1610612763,full_core,0,0
2010-11,201565,1610612741,full_core,0,0
2010-11,201566,1610612760,full_core,0,0
2010-11,201567,1610612750,full_core,0,0
2010-11,201568,1610612743,partial,1,1
2010-11,201568,1610612752,partial,1,1
2010-11,201569,1610612746,full_core,0,0
2010-11,201571,1610612766,full_core,0,0
2010-11,201572,1610612751,full_core,0,0
2010-11,201573,1610612740,partial,1,1
2010-11,201573,1610612761,partial,1,1
2010-11,201574,1610612758,full_core,0,0
2010-11,201575,1610612754,full_core,0,0
2010-11,201576,1610612750,partial,1,1
2010-11,201576,1610612752,partial,1,1
2010-11,201577,1610612756,full_core,0,0
2010-11,201578,1610612755,full_core,0,0
2010-11,201579,1610612754,full_core,0,0
2010-11,201580,1610612764,full_core,0,0
2010-11,201581,1610612739,full_core,0,0
2010-11,201582,1610612742,partial,1,1
2010-11,201582,1610612761,partial,1,1
2010-11,201583,1610612753,full_core,0,0
2010-11,201584,1610612745,full_core,0,0
2010-11,201585,1610612743,partial,1,1
2010-11,201585,1610612750,partial,1,1
2010-11,201586,1610612760,full_core,0,0
2010-11,201587,1610612757,full_core,0,0
2010-11,201588,1610612759,full_core,0,0
2010-11,201589,1610612763,full_core,0,0
2010-11,201590,1610612758,full_core,0,0
2010-11,201591,1610612760,partial,1,1
2010-11,201591,1610612766,partial,1,1
2010-11,201593,1610612750,full_core,0,0
2010-11,201595,1610612761,full_core,0,0
2010-11,201596,1610612748,full_core,0,0
2010-11,201599,1610612746,full_core,0,0
2010-11,201600,1610612741,full_core,0,0
2010-11,201601,1610612749,full_core,0,0
2010-11,201602,1610612762,partial,1,1
2010-11,201603,1610612761,full_core,0,0
2010-11,201604,1610612749,full_core,0,0
2010-11,201607,1610612740,partial,1,1
2010-11,201609,1610612745,partial,1,1
2010-11,201609,1610612756,partial,1,1
2010-11,201611,1610612752,full_core,0,0
2010-11,201616,1610612758,full_core,0,0
2010-11,201623,1610612738,partial,1,1
2010-11,201623,1610612739,partial,1,1
2010-11,201627,1610612751,full_core,0,0
2010-11,201632,1610612763,full_core,0,0
2010-11,201785,1610612759,partial,1,1
2010-11,201785,1610612764,partial,1,1
2010-11,201814,1610612743,full_core,0,0
2010-11,201858,1610612764,partial,1,1
2010-11,201933,1610612746,full_core,0,0
2010-11,201934,1610612745,partial,1,1
2010-11,201934,1610612763,partial,1,1
2010-11,201935,1610612760,full_core,0,0
2010-11,201936,1610612758,full_core,0,0
2010-11,201938,1610612750,full_core,0,0
2010-11,201939,1610612744,full_core,0,0
2010-11,201941,1610612745,full_core,0,0
2010-11,201942,1610612761,full_core,0,0
2010-11,201943,1610612749,full_core,0,0
2010-11,201944,1610612745,partial,1,1
2010-11,201944,1610612751,partial,1,1
2010-11,201945,1610612766,full_core,0,0
2010-11,201946,1610612754,full_core,0,0
2010-11,201947,1610612753,partial,1,1
2010-11,201947,1610612756,partial,1,1
2010-11,201948,1610612765,full_core,0,0
2010-11,201949,1610612741,partial,1,1
2010-11,201949,1610612761,partial,1,1
2010-11,201950,1610612755,full_core,0,0
2010-11,201951,1610612743,full_core,0,0
2010-11,201952,1610612737,full_core,0,0
2010-11,201953,1610612760,full_core,0,0
2010-11,201954,1610612754,full_core,0,0
2010-11,201956,1610612758,full_core,0,0
2010-11,201957,1610612760,full_core,0,0
2010-11,201958,1610612742,full_core,0,0
2010-11,201959,1610612741,full_core,0,0
2010-11,201960,1610612745,partial,1,1
2010-11,201960,1610612763,partial,1,1
2010-11,201961,1610612750,full_core,0,0
2010-11,201962,1610612752,full_core,0,0
2010-11,201963,1610612739,full_core,0,0
2010-11,201966,1610612745,partial,1,1
2010-11,201966,1610612758,partial,1,1
2010-11,201967,1610612757,partial,1,1
2010-11,201967,1610612766,partial,1,1
2010-11,201969,1610612765,full_core,0,0
2010-11,201970,1610612763,full_core,0,0
2010-11,201971,1610612759,full_core,0,0
2010-11,201972,1610612749,full_core,0,0
2010-11,201974,1610612752,partial,1,1
2010-11,201974,1610612766,partial,1,1
2010-11,201975,1610612755,full_core,0,0
2010-11,201977,1610612740,partial,1,1
2010-11,201977,1610612758,partial,1,1
2010-11,201978,1610612745,full_core,0,0
2010-11,201980,1610612759,partial,2,1
2010-11,201985,1610612754,full_core,0,0
2010-11,201988,1610612757,full_core,0,0
2010-11,201991,1610612764,partial,2,1
2010-11,202066,1610612749,partial,1,1
2010-11,202066,1610612759,partial,1,1
2010-11,202066,1610612766,partial,1,1
2010-11,202081,1610612756,full_core,0,0
2010-11,202082,1610612759,partial,1,1
2010-11,202082,1610612764,partial,1,1
2010-11,202083,1610612757,full_core,0,0
2010-11,202087,1610612739,partial,1,1
2010-11,202087,1610612759,partial,1,1
2010-11,202087,1610612764,partial,1,1
2010-11,202130,1610612744,full_core,0,0
2010-11,202178,1610612750,partial,1,1
2010-11,202178,1610612751,partial,1,1
2010-11,202178,1610612761,partial,1,1
2010-11,202220,1610612756,partial,1,1
2010-11,202322,1610612764,full_core,0,0
2010-11,202323,1610612755,full_core,0,0
2010-11,202324,1610612751,partial,1,1
2010-11,202324,1610612762,partial,1,1
2010-11,202325,1610612750,full_core,0,0
2010-11,202326,1610612758,full_core,0,0
2010-11,202327,1610612744,full_core,0,0
2010-11,202328,1610612765,full_core,0,0
2010-11,202329,1610612746,full_core,0,0
2010-11,202330,1610612762,full_core,0,0
2010-11,202331,1610612754,full_core,0,0
2010-11,202332,1610612760,full_core,0,0
2010-11,202333,1610612763,full_core,0,0
2010-11,202334,1610612761,full_core,0,0
2010-11,202335,1610612745,full_core,0,0
2010-11,202336,1610612749,full_core,0,0
2010-11,202337,1610612757,full_core,0,0
2010-11,202338,1610612764,full_core,0,0
2010-11,202339,1610612746,full_core,0,0
2010-11,202340,1610612738,full_core,0,0
2010-11,202341,1610612759,full_core,0,0
2010-11,202342,1610612755,full_core,0,0
2010-11,202344,1610612764,full_core,0,0
2010-11,202345,1610612751,full_core,0,0
2010-11,202346,1610612742,full_core,0,0
2010-11,202347,1610612740,full_core,0,0
2010-11,202348,1610612737,partial,1,1
2010-11,202348,1610612764,partial,1,1
2010-11,202349,1610612763,full_core,0,0
2010-11,202351,1610612750,full_core,0,0
2010-11,202354,1610612748,full_core,0,0
2010-11,202355,1610612758,full_core,0,0
2010-11,202356,1610612757,full_core,0,0
2010-11,202360,1610612752,full_core,0,0
2010-11,202361,1610612752,full_core,0,0
2010-11,202362,1610612754,full_core,0,0
2010-11,202365,1610612747,full_core,0,0
2010-11,202371,1610612756,full_core,0,0
2010-11,202374,1610612761,full_core,0,0
2010-11,202376,1610612738,partial,1,1
2010-11,202376,1610612739,partial,1,1
2010-11,202377,1610612737,full_core,0,0
2010-11,202378,1610612746,full_core,0,0
2010-11,202379,1610612762,full_core,0,0
2010-11,202380,1610612764,full_core,0,0
2010-11,202382,1610612747,full_core,0,0
2010-11,202386,1610612751,full_core,0,0
2010-11,202389,1610612743,partial,1,1
2010-11,202389,1610612752,partial,1,1
2010-11,202390,1610612759,full_core,0,0
2010-11,202391,1610612744,full_core,0,0
2010-11,202395,1610612766,partial,1,1
2010-11,202396,1610612739,full_core,0,0
2010-11,202397,1610612745,partial,1,1
2010-11,202397,1610612763,partial,1,1
2010-11,202399,1610612744,partial,2,1
2010-11,202408,1610612762,partial,1,1
2010-11,202412,1610612739,full_core,0,0
2010-11,202419,1610612738,partial,1,1
2010-11,202419,1610612757,partial,2,1
2010-11,2030,1610612743,full_core,0,0
2010-11,2034,1610612748,full_core,0,0
2010-11,2037,1610612737,full_core,0,0
2010-11,2038,1610612757,partial,1,1
2010-11,2038,1610612766,partial,1,1
2010-11,2039,1610612749,full_core,0,0
2010-11,2041,1610612737,full_core,0,0
2010-11,2045,1610612753,partial,1,1
2010-11,2045,1610612756,partial,1,1
2010-11,2047,1610612753,full_core,0,0
2010-11,2048,1610612748,full_core,0,0
2010-11,2050,1610612760,partial,1,1
2010-11,2052,1610612742,full_core,0,0
2010-11,2059,1610612766,full_core,0,0
2010-11,2067,1610612748,full_core,0,0
2010-11,2072,1610612749,full_core,0,0
2010-11,2073,1610612742,full_core,0,0
2010-11,2124,1610612753,full_core,0,0
2010-11,2137,1610612759,partial,1,1
2010-11,2198,1610612766,full_core,0,0
2010-11,2199,1610612742,full_core,0,0
2010-11,2200,1610612747,full_core,0,0
2010-11,2202,1610612753,partial,1,1
2010-11,2202,1610612756,partial,1,1
2010-11,2203,1610612745,partial,1,1
2010-11,2203,1610612763,partial,1,1
2010-11,2205,1610612766,full_core,0,0
2010-11,2207,1610612737,full_core,0,0
2010-11,2209,1610612744,full_core,0,0
2010-11,2210,1610612759,full_core,0,0
2010-11,2211,1610612738,partial,1,1
2010-11,2211,1610612751,partial,1,1
2010-11,2215,1610612737,full_core,0,0
2010-11,2216,1610612763,full_core,0,0
2010-11,2217,1610612742,full_core,0,0
2010-11,2222,1610612757,partial,1,1
2010-11,2222,1610612766,partial,1,1
2010-11,2223,1610612758,full_core,0,0
2010-11,2225,1610612759,full_core,0,0
2010-11,2230,1610612737,partial,1,1
2010-11,2230,1610612764,partial,1,1
2010-11,2240,1610612753,partial,1,1
2010-11,2240,1610612764,partial,1,1
2010-11,2243,1610612741,full_core,0,0
2010-11,2246,1610612762,full_core,0,0
2010-11,2248,1610612762,full_core,0,0
2010-11,2250,1610612759,partial,1,1
2010-11,2260,1610612746,partial,2,1
2010-11,2260,1610612757,partial,1,1
2010-11,2294,1610612744,full_core,0,0
2010-11,2306,1610612738,partial,1,1
2010-11,2306,1610612748,partial,1,1
2010-11,2365,1610612743,full_core,0,0
2010-11,2397,1610612745,full_core,0,0
2010-11,2399,1610612754,full_core,0,0
2010-11,2400,1610612749,full_core,0,0
2010-11,2403,1610612743,full_core,0,0
2010-11,2404,1610612765,full_core,0,0
2010-11,2405,1610612752,full_core,0,0
2010-11,2406,1610612742,full_core,0,0
2010-11,2407,1610612745,partial,1,1
2010-11,2407,1610612752,partial,1,1
2010-11,2408,1610612743,full_core,0,0
2010-11,2419,1610612765,full_core,0,0
2010-11,2420,1610612738,partial,1,1
2010-11,2420,1610612760,partial,1,1
2010-11,2422,1610612749,full_core,0,0
2010-11,2427,1610612752,full_core,0,0
2010-11,2429,1610612744,partial,1,1
2010-11,2429,1610612751,partial,1,1
2010-11,2430,1610612741,full_core,0,0
2010-11,2431,1610612740,partial,1,1
2010-11,2431,1610612761,partial,1,1
2010-11,2440,1610612747,full_core,0,0
2010-11,2443,1610612755,full_core,0,0
2010-11,2446,1610612741,partial,1,1
2010-11,2446,1610612746,partial,1,1
2010-11,2449,1610612745,full_core,0,0
2010-11,2501,1610612761,full_core,0,0
2010-11,2544,1610612748,full_core,0,0
2010-11,2545,1610612750,full_core,0,0
2010-11,2546,1610612743,partial,1,1
2010-11,2546,1610612752,partial,1,1
2010-11,2547,1610612748,full_core,0,0
2010-11,2548,1610612748,full_core,0,0
2010-11,2549,1610612746,full_core,0,0
2010-11,255,1610612756,full_core,0,0
2010-11,2550,1610612737,partial,1,1
2010-11,2550,1610612764,partial,1,1
2010-11,2551,1610612754,full_core,0,0
2010-11,2554,1610612753,partial,1,1
2010-11,2554,1610612756,partial,1,1
2010-11,2555,1610612760,full_core,0,0
2010-11,2556,1610612761,partial,1,1
2010-11,2557,1610612750,full_core,0,0
2010-11,2561,1610612740,full_core,0,0
2010-11,2562,1610612738,partial,1,1
2010-11,2562,1610612740,partial,1,1
2010-11,2562,1610612742,partial,1,1
2010-11,2563,1610612754,full_core,0,0
2010-11,2564,1610612766,full_core,0,0
2010-11,2566,1610612751,full_core,0,0
2010-11,2567,1610612746,full_core,0,0
2010-11,2568,1610612749,full_core,0,0
2010-11,2570,1610612738,partial,1,1
2010-11,2570,1610612760,partial,1,1
2010-11,2571,1610612761,full_core,0,0
2010-11,2572,1610612764,full_core,0,0
2010-11,2574,1610612755,full_core,0,0
2010-11,2575,1610612747,full_core,0,0
2010-11,2581,1610612747,full_core,0,0
2010-11,2584,1610612740,full_core,0,0
2010-11,2585,1610612737,full_core,0,0
2010-11,2586,1610612741,full_core,0,0
2010-11,2588,1610612759,full_core,0,0
2010-11,2590,1610612739,partial,1,1
2010-11,2590,1610612746,partial,1,1
2010-11,2592,1610612748,full_core,0,0
2010-11,2594,1610612741,full_core,0,0
2010-11,2605,1610612738,partial,1,1
2010-11,2617,1610612748,full_core,0,0
2010-11,2624,1610612751,partial,1,1
2010-11,2648,1610612761,partial,1,1
2010-11,2679,1610612766,full_core,0,0
2010-11,2694,1610612737,full_core,0,0
2010-11,2730,1610612753,full_core,0,0
2010-11,2731,1610612740,full_core,0,0
2010-11,2732,1610612765,full_core,0,0
2010-11,2733,1610612766,full_core,0,0
2010-11,2734,1610612751,partial,1,1
2010-11,2734,1610612762,partial,1,1
2010-11,2735,1610612756,full_core,0,0
2010-11,2736,1610612741,full_core,0,0
2010-11,2738,1610612755,full_core,0,0
2010-11,2740,1610612744,full_core,0,0
2010-11,2742,1610612750,full_core,0,0
2010-11,2743,1610612751,full_core,0,0
2010-11,2744,1610612762,full_core,0,0
2010-11,2746,1610612737,full_core,0,0
2010-11,2747,1610612743,full_core,0,0
2010-11,2748,1610612744,full_core,0,0
2010-11,2749,1610612753,full_core,0,0
2010-11,2753,1610612738,full_core,0,0
2010-11,2754,1610612763,full_core,0,0
2010-11,2755,1610612745,full_core,0,0
2010-11,2756,1610612747,partial,1,1
2010-11,2756,1610612751,partial,1,1
2010-11,2757,1610612758,full_core,0,0
2010-11,2760,1610612739,full_core,0,0
2010-11,2767,1610612760,full_core,0,0
2010-11,2768,1610612753,full_core,0,0
2010-11,2772,1610612740,full_core,0,0
2010-11,2788,1610612740,full_core,0,0
2010-11,2804,1610612755,full_core,0,0
2010-11,2853,1610612749,partial,1,1
2010-11,2853,1610612756,partial,1,1
2010-11,2853,1610612757,partial,1,1
2010-11,2863,1610612737,partial,2,1
2010-11,406,1610612738,full_core,0,0
2010-11,436,1610612748,full_core,0,0
2010-11,467,1610612742,full_core,0,0
2010-11,686,1610612759,full_core,0,0
2010-11,689,1610612747,full_core,0,0
2010-11,693,1610612747,partial,1,1
2010-11,693,1610612751,partial,1,1
2010-11,703,1610612741,full_core,0,0
2010-11,708,1610612738,full_core,0,0
2010-11,711,1610612748,partial,1,1
2010-11,948,1610612757,full_core,0,0
2010-11,951,1610612738,full_core,0,0
2010-11,956,1610612748,partial,1,1
2010-11,959,1610612756,full_core,0,0
2010-11,965,1610612747,full_core,0,0
2010-11,977,1610612747,full_core,0,0
2010-11,978,1610612740,partial,1,1
2010-11,978,1610612742,partial,1,1
2010-11,978,1610612761,partial,1,1
2010-11,979,1610612738,full_core,0,0
2010-11,980,1610612748,full_core,0,0
2011-12,101106,1610612749,partial,1,1
2011-12,101107,1610612737,full_core,0,0
2011-12,101108,1610612746,full_core,0,0
2011-12,101109,1610612757,full_core,0,0
2011-12,101110,1610612750,full_core,0,0
2011-12,101111,1610612765,full_core,0,0
2011-12,101112,1610612756,full_core,0,0
2011-12,101113,1610612759,partial,1,1
2011-12,101114,1610612751,full_core,0,0
2011-12,101115,1610612747,full_core,0,0
2011-12,101122,1610612754,full_core,0,0
2011-12,101123,1610612751,partial,1,1
2011-12,101124,1610612756,full_core,0,0
2011-12,101126,1610612744,partial,1,1
2011-12,101127,1610612740,full_core,0,0
2011-12,101128,1610612758,full_core,0,0
2011-12,101130,1610612751,full_core,0,0
2011-12,101131,1610612765,full_core,0,0
2011-12,101132,1610612761,full_core,0,0
2011-12,101133,1610612742,full_core,0,0
2011-12,101135,1610612744,full_core,0,0
2011-12,101138,1610612738,full_core,0,0
2011-12,101139,1610612762,full_core,0,0
2011-12,101141,1610612749,full_core,0,0
2011-12,101142,1610612748,partial,1,1
2011-12,101142,1610612764,partial,1,1
2011-12,101144,1610612753,full_core,0,0
2011-12,101145,1610612744,partial,1,1
2011-12,101145,1610612749,partial,1,1
2011-12,101150,1610612755,full_core,0,0
2011-12,101154,1610612764,full_core,0,0
2011-12,101155,1610612746,full_core,0,0
2011-12,101161,1610612761,full_core,0,0
2011-12,101162,1610612756,full_core,0,0
2011-12,101179,1610612756,full_core,0,0
2011-12,101181,1610612761,full_core,0,0
2011-12,101187,1610612761,partial,1,1
2011-12,101189,1610612764,partial,1,1
2011-12,101198,1610612765,full_core,0,0
2011-12,101235,1610612742,partial,1,1
2011-12,101236,1610612758,full_core,0,0
2011-12,101249,1610612741,full_core,0,0
2011-12,1112,1610612765,full_core,0,0
2011-12,1495,1610612759,full_core,0,0
2011-12,1497,1610612746,full_core,0,0
2011-12,1499,1610612755,full_core,0,0
2011-12,1503,1610612737,full_core,0,0
2011-12,1515,1610612739,full_core,0,0
2011-12,1536,1610612749,partial,1,1
2011-12,1536,1610612759,partial,1,1
2011-12,1630,1610612744,partial,1,1
2011-12,1710,1610612752,full_core,0,0
2011-12,1712,1610612739,full_core,0,0
2011-12,1713,1610612742,full_core,0,0
2011-12,1716,1610612753,partial,1,1
2011-12,1717,1610612742,full_core,0,0
2011-12,1718,1610612738,full_core,0,0
2011-12,1730,1610612763,partial,1,1
2011-12,1733,1610612743,full_core,0,0
2011-12,1737,1610612760,full_core,0,0
2011-12,1740,1610612764,full_core,0,0
2011-12,1802,1610612750,full_core,0,0
2011-12,1853,1610612761,partial,1,1
2011-12,1863,1610612745,partial,1,1
2011-12,1882,1610612755,full_core,0,0
2011-12,1884,1610612752,full_core,0,0
2011-12,1885,1610612742,full_core,0,0
2011-12,1888,1610612741,full_core,0,0
2011-12,1889,1610612743,full_core,0,0
2011-12,1890,1610612742,full_core,0,0
2011-12,1891,1610612742,full_core,0,0
2011-12,1894,1610612766,full_core,0,0
2011-12,1897,1610612747,full_core,0,0
2011-12,1902,1610612754,full_core,0,0
2011-12,1922,1610612755,partial,2,1
2011-12,1938,1610612759,full_core,0,0
2011-12,1952,1610612762,full_core,0,0
2011-12,200081,1610612766,partial,1,1
2011-12,200745,1610612761,full_core,0,0
2011-12,200746,1610612757,full_core,0,0
2011-12,200748,1610612766,full_core,0,0
2011-12,200749,1610612751,full_core,0,0
2011-12,200751,1610612746,full_core,0,0
2011-12,200752,1610612763,full_core,0,0
2011-12,200755,1610612753,full_core,0,0
2011-12,200757,1610612760,full_core,0,0
2011-12,200758,1610612741,full_core,0,0
2011-12,200761,1610612751,partial,1,1
2011-12,200764,1610612752,partial,1,1
2011-12,200765,1610612738,full_core,0,0
2011-12,200768,1610612745,full_core,0,0
2011-12,200769,1610612756,full_core,0,0
2011-12,200770,1610612751,full_core,0,0
2011-12,200779,1610612752,full_core,0,0
2011-12,200780,1610612740,partial,2,1
2011-12,200780,1610612746,partial,1,1
2011-12,200783,1610612757,full_core,0,0
2011-12,200789,1610612739,full_core,0,0
2011-12,200794,1610612762,full_core,0,0
2011-12,200797,1610612738,partial,1,1
2011-12,200797,1610612739,partial,1,1
2011-12,200811,1610612754,full_core,0,0
2011-12,200826,1610612750,full_core,0,0
2011-12,201041,1610612765,partial,1,1
2011-12,201142,1610612760,full_core,0,0
2011-12,201143,1610612737,full_core,0,0
2011-12,201144,1610612763,full_core,0,0
2011-12,201146,1610612742,partial,1,1
2011-12,201147,1610612743,full_core,0,0
2011-12,201148,1610612742,full_core,0,0
2011-12,201149,1610612741,full_core,0,0
2011-12,201150,1610612755,full_core,0,0
2011-12,201152,1610612755,full_core,0,0
2011-12,201155,1610612765,full_core,0,0
2011-12,201156,1610612746,partial,1,1
2011-12,201156,1610612764,partial,1,1
2011-12,201157,1610612738,partial,1,1
2011-12,201157,1610612742,partial,1,1
2011-12,201158,1610612740,full_core,0,0
2011-12,201160,1610612740,full_core,0,0
2011-12,201161,1610612760,full_core,0,0
2011-12,201162,1610612756,full_core,0,0
2011-12,201163,1610612743,partial,0,0
2011-12,201164,1610612743,full_core,0,0
2011-12,201165,1610612764,partial,1,1
2011-12,201167,1610612743,full_core,0,0
2011-12,201168,1610612759,full_core,0,0
2011-12,201171,1610612740,full_core,0,0
2011-12,201175,1610612753,full_core,0,0
2011-12,201177,1610612747,full_core,0,0
2011-12,201178,1610612754,partial,1,1
2011-12,201182,1610612759,partial,1,1
2011-12,201187,1610612744,full_core,0,0
2011-12,201188,1610612763,full_core,0,0
2011-12,201189,1610612761,full_core,0,0
2011-12,201196,1610612739,partial,1,1
2011-12,201196,1610612747,partial,1,1
2011-12,201202,1610612748,full_core,0,0
2011-12,201208,1610612740,partial,1,1
2011-12,201228,1610612741,full_core,0,0
2011-12,201229,1610612750,full_core,0,0
2011-12,201234,1610612740,partial,1,1
2011-12,201274,1610612737,full_core,0,0
2011-12,201286,1610612759,partial,2,1
2011-12,201291,1610612740,partial,1,1
2011-12,201336,1610612762,partial,1,1
2011-12,201563,1610612750,full_core,0,0
2011-12,201564,1610612763,full_core,0,0
2011-12,201565,1610612741,full_core,0,0
2011-12,201566,1610612760,partial,0,0
2011-12,201567,1610612750,full_core,0,0
2011-12,201568,1610612743,full_core,0,0
2011-12,201569,1610612740,full_core,0,0
2011-12,201571,1610612766,full_core,0,0
2011-12,201572,1610612751,full_core,0,0
2011-12,201573,1610612761,full_core,0,0
2011-12,201574,1610612758,full_core,0,0
2011-12,201575,1610612744,full_core,0,0
2011-12,201576,1610612750,full_core,0,0
2011-12,201577,1610612756,full_core,0,0
2011-12,201578,1610612763,partial,1,1
2011-12,201579,1610612754,full_core,0,0
2011-12,201580,1610612743,partial,1,1
2011-12,201580,1610612764,partial,1,1
2011-12,201581,1610612757,partial,1,1
2011-12,201581,1610612758,partial,1,1
2011-12,201583,1610612753,full_core,0,0
2011-12,201584,1610612745,full_core,0,0
2011-12,201585,1610612743,full_core,0,0
2011-12,201586,1610612760,full_core,0,0
2011-12,201587,1610612757,full_core,0,0
2011-12,201588,1610612754,full_core,0,0
2011-12,201590,1610612758,full_core,0,0
2011-12,201591,1610612766,full_core,0,0
2011-12,201593,1610612750,full_core,0,0
2011-12,201596,1610612748,full_core,0,0
2011-12,201599,1610612746,full_core,0,0
2011-12,201600,1610612741,full_core,0,0
2011-12,201601,1610612749,full_core,0,0
2011-12,201609,1610612745,full_core,0,0
2011-12,201611,1610612752,partial,1,1
2011-12,201623,1610612739,full_core,0,0
2011-12,201627,1610612751,full_core,0,0
2011-12,201632,1610612763,partial,1,1
2011-12,201814,1610612761,full_core,0,0
2011-12,201858,1610612764,partial,1,1
2011-12,201880,1610612738,full_core,0,0
2011-12,201933,1610612746,full_core,0,0
2011-12,201934,1610612745,partial,1,1
2011-12,201934,1610612757,partial,1,1
2011-12,201935,1610612760,full_core,0,0
2011-12,201936,1610612758,full_core,0,0
2011-12,201937,1610612750,full_core,0,0
2011-12,201938,1610612745,partial,1,1
2011-12,201938,1610612757,partial,1,1
2011-12,201939,1610612744,full_core,0,0
2011-12,201941,1610612745,partial,1,1
2011-12,201941,1610612747,partial,1,1
2011-12,201942,1610612761,full_core,0,0
2011-12,201943,1610612749,full_core,0,0
2011-12,201944,1610612745,partial,1,1
2011-12,201944,1610612758,partial,1,1
2011-12,201945,1610612766,full_core,0,0
2011-12,201946,1610612754,full_core,0,0
2011-12,201947,1610612753,full_core,0,0
2011-12,201948,1610612765,full_core,0,0
2011-12,201949,1610612761,full_core,0,0
2011-12,201950,1610612755,full_core,0,0
2011-12,201951,1610612743,full_core,0,0
2011-12,201952,1610612737,full_core,0,0
2011-12,201953,1610612760,full_core,0,0
2011-12,201954,1610612754,full_core,0,0
2011-12,201956,1610612739,full_core,0,0
2011-12,201957,1610612766,full_core,0,0
2011-12,201958,1610612742,full_core,0,0
2011-12,201959,1610612741,full_core,0,0
2011-12,201960,1610612743,partial,1,1
2011-12,201960,1610612762,partial,1,1
2011-12,201961,1610612750,full_core,0,0
2011-12,201962,1610612752,full_core,0,0
2011-12,201963,1610612739,partial,1,1
2011-12,201963,1610612747,partial,1,1
2011-12,201965,1610612754,full_core,0,0
2011-12,201967,1610612763,full_core,0,0
2011-12,201969,1610612740,partial,1,1
2011-12,201970,1610612755,partial,1,1
2011-12,201970,1610612763,partial,1,1
2011-12,201971,1610612759,full_core,0,0
2011-12,201972,1610612749,full_core,0,0
2011-12,201973,1610612765,full_core,0,0
2011-12,201974,1610612766,full_core,0,0
2011-12,201975,1610612755,full_core,0,0
2011-12,201977,1610612758,full_core,0,0
2011-12,201978,1610612745,full_core,0,0
2011-12,201980,1610612759,full_core,0,0
2011-12,201985,1610612754,full_core,0,0
2011-12,201988,1610612759,partial,1,1
2011-12,201991,1610612739,partial,1,1
2011-12,201991,1610612763,partial,1,1
2011-12,202082,1610612751,partial,1,1
2011-12,202083,1610612757,full_core,0,0
2011-12,202087,1610612739,full_core,0,0
2011-12,202130,1610612766,full_core,0,0
2011-12,202148,1610612744,partial,1,1
2011-12,202148,1610612748,partial,3,1
2011-12,202178,1610612751,full_core,0,0
2011-12,202227,1610612748,full_core,0,0
2011-12,202322,1610612764,full_core,0,0
2011-12,202323,1610612755,full_core,0,0
2011-12,202324,1610612762,full_core,0,0
2011-12,202325,1610612750,full_core,0,0
2011-12,202326,1610612758,full_core,0,0
2011-12,202327,1610612744,partial,1,1
2011-12,202327,1610612749,partial,1,1
2011-12,202328,1610612765,full_core,0,0
2011-12,202329,1610612740,full_core,0,0
2011-12,202330,1610612762,full_core,0,0
2011-12,202331,1610612754,full_core,0,0
2011-12,202332,1610612760,full_core,0,0
2011-12,202333,1610612740,partial,1,1
2011-12,202334,1610612761,full_core,0,0
2011-12,202335,1610612745,full_core,0,0
2011-12,202336,1610612749,full_core,0,0
2011-12,202337,1610612757,full_core,0,0
2011-12,202338,1610612764,full_core,0,0
2011-12,202339,1610612746,full_core,0,0
2011-12,202340,1610612738,full_core,0,0
2011-12,202341,1610612759,full_core,0,0
2011-12,202342,1610612755,full_core,0,0
2011-12,202343,1610612757,full_core,0,0
2011-12,202344,1610612764,full_core,0,0
2011-12,202345,1610612751,full_core,0,0
2011-12,202346,1610612742,full_core,0,0
2011-12,202347,1610612763,full_core,0,0
2011-12,202348,1610612764,full_core,0,0
2011-12,202349,1610612740,full_core,0,0
2011-12,202350,1610612753,full_core,0,0
2011-12,202351,1610612760,full_core,0,0
2011-12,202354,1610612748,full_core,0,0
2011-12,202355,1610612758,full_core,0,0
2011-12,202356,1610612751,partial,1,1
2011-12,202356,1610612757,partial,1,1
2011-12,202359,1610612749,partial,1,1
2011-12,202361,1610612752,full_core,0,0
2011-12,202362,1610612754,full_core,0,0
2011-12,202365,1610612747,full_core,0,0
2011-12,202366,1610612752,full_core,0,0
2011-12,202374,1610612761,full_core,0,0
2011-12,202376,1610612739,full_core,0,0
2011-12,202379,1610612762,full_core,0,0
2011-12,202380,1610612764,partial,1,1
2011-12,202385,1610612760,partial,1,1
2011-12,202386,1610612739,partial,1,1
2011-12,202386,1610612761,partial,1,1
2011-12,202388,1610612737,partial,1,1
2011-12,202388,1610612739,partial,1,1
2011-12,202388,1610612740,partial,2,1
2011-12,202389,1610612743,full_core,0,0
2011-12,202390,1610612759,full_core,0,0
2011-12,202391,1610612752,partial,1,1
2011-12,202396,1610612739,full_core,0,0
2011-12,202397,1610612744,partial,1,1
2011-12,202397,1610612753,partial,1,1
2011-12,202399,1610612745,partial,1,1
2011-12,202406,1610612740,partial,1,1
2011-12,202412,1610612739,partial,1,1
2011-12,202419,1610612740,partial,1,1
2011-12,202419,1610612757,partial,1,1
2011-12,202458,1610612759,partial,1,1
2011-12,202458,1610612761,partial,1,1
2011-12,202498,1610612740,partial,2,1
2011-12,202536,1610612751,partial,1,1
2011-12,202622,1610612745,partial,1,1
2011-12,202622,1610612746,partial,1,1
2011-12,202681,1610612739,full_core,0,0
2011-12,202682,1610612750,full_core,0,0
2011-12,202683,1610612762,full_core,0,0
2011-12,202684,1610612739,full_core,0,0
2011-12,202686,1610612764,full_core,0,0
2011-12,202687,1610612766,full_core,0,0
2011-12,202688,1610612765,full_core,0,0
2011-12,202689,1610612766,full_core,0,0
2011-12,202690,1610612758,full_core,0,0
2011-12,202691,1610612744,full_core,0,0
2011-12,202692,1610612762,full_core,0,0
2011-12,202693,1610612756,full_core,0,0
2011-12,202694,1610612745,full_core,0,0
2011-12,202695,1610612759,full_core,0,0
2011-12,202696,1610612755,full_core,0,0
2011-12,202697,1610612752,full_core,0,0
2011-12,202698,1610612764,full_core,0,0
2011-12,202699,1610612749,full_core,0,0
2011-12,202701,1610612757,full_core,0,0
2011-12,202702,1610612743,full_core,0,0
2011-12,202704,1610612760,full_core,0,0
2011-12,202705,1610612751,full_core,0,0
2011-12,202706,1610612743,full_core,0,0
2011-12,202707,1610612738,full_core,0,0
2011-12,202708,1610612748,full_core,0,0
2011-12,202709,1610612759,full_core,0,0
2011-12,202710,1610612741,full_core,0,0
2011-12,202712,1610612753,full_core,0,0
2011-12,202714,1610612764,full_core,0,0
2011-12,202715,1610612758,full_core,0,0
2011-12,202716,1610612751,full_core,0,0
2011-12,202717,1610612746,full_core,0,0
2011-12,202718,1610612745,full_core,0,0
2011-12,202719,1610612744,full_core,0,0
2011-12,202720,1610612749,full_core,0,0
2011-12,202721,1610612747,full_core,0,0
2011-12,202723,1610612750,full_core,0,0
2011-12,202724,1610612744,full_core,0,0
2011-12,202725,1610612752,full_core,0,0
2011-12,202726,1610612747,full_core,0,0
2011-12,202727,1610612746,full_core,0,0
2011-12,202728,1610612744,partial,1,1
2011-12,202729,1610612763,full_core,0,0
2011-12,202730,1610612755,full_core,0,0
2011-12,202731,1610612765,full_core,0,0
2011-12,202732,1610612753,full_core,0,0
2011-12,202734,1610612738,full_core,0,0
2011-12,202738,1610612758,full_core,0,0
2011-12,202775,1610612764,partial,1,1
2011-12,202809,1610612766,full_core,0,0
2011-12,202810,1610612739,partial,1,1
2011-12,202814,1610612739,partial,1,1
2011-12,202862,1610612751,partial,2,1
2011-12,202874,1610612744,full_core,0,0
2011-12,202880,1610612740,partial,1,1
2011-12,202918,1610612755,partial,1,1
2011-12,202933,1610612743,full_core,0,0
2011-12,202951,1610612763,full_core,0,0
2011-12,202952,1610612759,partial,1,1
2011-12,202962,1610612745,partial,1,1
2011-12,202970,1610612740,full_core,0,0
2011-12,2030,1610612746,partial,1,1
2011-12,2034,1610612748,full_core,0,0
2011-12,2037,1610612757,full_core,0,0
2011-12,2038,1610612757,partial,1,1
2011-12,2039,1610612738,full_core,0,0
2011-12,2045,1610612753,full_core,0,0
2011-12,2047,1610612753,full_core,0,0
2011-12,2048,1610612761,full_core,0,0
2011-12,2052,1610612751,full_core,0,0
2011-12,2059,1610612766,full_core,0,0
2011-12,2072,1610612756,partial,1,1
2011-12,2073,1610612742,full_core,0,0
2011-12,2198,1610612744,partial,1,1
2011-12,2199,1610612752,full_core,0,0
2011-12,2200,1610612747,full_core,0,0
2011-12,2201,1610612748,full_core,0,0
2011-12,2202,1610612753,full_core,0,0
2011-12,2203,1610612748,full_core,0,0
2011-12,2205,1610612766,full_core,0,0
2011-12,2207,1610612737,full_core,0,0
2011-12,2209,1610612737,full_core,0,0
2011-12,2210,1610612744,partial,1,1
2011-12,2210,1610612759,partial,1,1
2011-12,2211,1610612747,full_core,0,0
2011-12,2215,1610612737,full_core,0,0
2011-12,2216,1610612763,full_core,0,0
2011-12,2217,1610612742,full_core,0,0
2011-12,2222,1610612751,partial,1,1
2011-12,2222,1610612757,partial,1,1
2011-12,2223,1610612745,full_core,0,0
2011-12,2224,1610612762,full_core,0,0
2011-12,2225,1610612759,full_core,0,0
2011-12,2229,1610612741,partial,4,1
2011-12,2230,1610612764,full_core,0,0
2011-12,2240,1610612763,partial,1,1
2011-12,2243,1610612741,full_core,0,0
2011-12,2246,1610612751,partial,1,1
2011-12,2248,1610612762,full_core,0,0
2011-12,2250,1610612746,partial,2,1
2011-12,2365,1610612743,full_core,0,0
2011-12,2399,1610612749,full_core,0,0
2011-12,2400,1610612749,full_core,0,0
2011-12,2403,1610612743,partial,1,1
2011-12,2403,1610612764,partial,1,1
2011-12,2404,1610612738,partial,1,1
2011-12,2405,1610612752,full_core,0,0
2011-12,2406,1610612746,full_core,0,0
2011-12,2407,1610612752,full_core,0,0
2011-12,2419,1610612765,full_core,0,0
2011-12,2422,1610612758,full_core,0,0
2011-12,2427,1610612764,partial,1,1
2011-12,2429,1610612752,partial,1,1
2011-12,2430,1610612741,full_core,0,0
2011-12,2440,1610612747,full_core,0,0
2011-12,2446,1610612761,partial,1,1
2011-12,2449,1610612745,full_core,0,0
2011-12,2457,1610612737,full_core,0,0
2011-12,2501,1610612746,full_core,0,0
2011-12,2544,1610612748,full_core,0,0
2011-12,2545,1610612750,full_core,0,0
2011-12,2546,1610612752,full_core,0,0
2011-12,2547,1610612748,full_core,0,0
2011-12,2548,1610612748,full_core,0,0
2011-12,2549,1610612740,full_core,0,0
2011-12,255,1610612756,full_core,0,0
2011-12,2550,1610612737,full_core,0,0
2011-12,2551,1610612759,full_core,0,0
2011-12,2554,1610612738,full_core,0,0
2011-12,2555,1610612760,full_core,0,0
2011-12,2557,1610612750,full_core,0,0
2011-12,2561,1610612754,full_core,0,0
2011-12,2562,1610612738,full_core,0,0
2011-12,2563,1610612754,full_core,0,0
2011-12,2564,1610612759,partial,1,1
2011-12,2564,1610612766,partial,1,1
2011-12,2566,1610612758,full_core,0,0
2011-12,2567,1610612746,partial,1,1
2011-12,2567,1610612764,partial,1,1
2011-12,2568,1610612749,full_core,0,0
2011-12,2570,1610612760,full_core,0,0
2011-12,2571,1610612754,partial,1,1
2011-12,2571,1610612761,partial,1,1
2011-12,2572,1610612762,full_core,0,0
2011-12,2574,1610612747,partial,1,1
2011-12,2575,1610612739,partial,1,1
2011-12,2575,1610612747,partial,1,1
2011-12,2581,1610612747,full_core,0,0
2011-12,2584,1610612737,full_core,0,0
2011-12,2585,1610612737,full_core,0,0
2011-12,2586,1610612751,partial,1,1
2011-12,2588,1610612759,full_core,0,0
2011-12,2590,1610612746,full_core,0,0
2011-12,2592,1610612748,full_core,0,0
2011-12,2594,1610612741,full_core,0,0
2011-12,2605,1610612738,full_core,0,0
2011-12,2617,1610612748,full_core,0,0
2011-12,2668,1610612763,partial,1,1
2011-12,2679,1610612766,full_core,0,0
2011-12,2730,1610612753,full_core,0,0
2011-12,2731,1610612740,full_core,0,0
2011-12,2732,1610612765,full_core,0,0
2011-12,2733,1610612749,full_core,0,0
2011-12,2734,1610612762,full_core,0,0
2011-12,2735,1610612756,full_core,0,0
2011-12,2736,1610612741,full_core,0,0
2011-12,2738,1610612755,full_core,0,0
2011-12,2740,1610612744,full_core,0,0
2011-12,2742,1610612756,full_core,0,0
2011-12,2743,1610612751,full_core,0,0
2011-12,2744,1610612762,full_core,0,0
2011-12,2746,1610612737,full_core,0,0
2011-12,2747,1610612752,partial,1,1
2011-12,2748,1610612744,full_core,0,0
2011-12,2749,1610612753,full_core,0,0
2011-12,2753,1610612742,full_core,0,0
2011-12,2754,1610612763,full_core,0,0
2011-12,2755,1610612745,full_core,0,0
2011-12,2757,1610612749,full_core,0,0
2011-12,2760,1610612739,full_core,0,0
2011-12,2765,1610612751,partial,1,1
2011-12,2767,1610612760,full_core,0,0
2011-12,2768,1610612753,full_core,0,0
2011-12,2772,1610612740,full_core,0,0
2011-12,2804,1610612755,partial,1,1
2011-12,2853,1610612744,partial,1,1
2011-12,2863,1610612765,full_core,0,0
2011-12,436,1610612748,full_core,0,0
2011-12,467,1610612742,full_core,0,0
2011-12,703,1610612757,full_core,0,0
2011-12,708,1610612738,full_core,0,0
2011-12,711,1610612737,full_core,0,0
2011-12,948,1610612745,partial,1,1
2011-12,948,1610612757,partial,1,1
2011-12,951,1610612738,full_core,0,0
2011-12,956,1610612737,partial,1,1
2011-12,959,1610612756,full_core,0,0
2011-12,965,1610612747,partial,1,1
2011-12,965,1610612760,partial,1,1
2011-12,977,1610612747,full_core,0,0
2011-12,979,1610612738,partial,1,1
2012-13,101106,1610612744,full_core,0,0
2012-13,101107,1610612762,full_core,0,0
2012-13,101108,1610612746,full_core,0,0
2012-13,101109,1610612752,full_core,0,0
2012-13,101110,1610612764,full_core,0,0
2012-13,101111,1610612765,full_core,0,0
2012-13,101114,1610612751,full_core,0,0
2012-13,101122,1610612754,full_core,0,0
2012-13,101123,1610612754,full_core,0,0
2012-13,101124,1610612740,partial,1,1
2012-13,101124,1610612766,partial,1,1
2012-13,101126,1610612741,full_core,0,0
2012-13,101127,1610612744,full_core,0,0
2012-13,101128,1610612745,partial,1,1
2012-13,101128,1610612758,partial,1,1
2012-13,101130,1610612737,full_core,0,0
2012-13,101131,1610612765,full_core,0,0
2012-13,101132,1610612761,full_core,0,0
2012-13,101133,1610612754,full_core,0,0
2012-13,101135,1610612744,full_core,0,0
2012-13,101138,1610612738,full_core,0,0
2012-13,101139,1610612739,full_core,0,0
2012-13,101141,1610612749,full_core,0,0
2012-13,101142,1610612746,full_core,0,0
2012-13,101145,1610612749,full_core,0,0
2012-13,101150,1610612737,full_core,0,0
2012-13,101153,1610612750,partial,1,1
2012-13,101154,1610612751,full_core,0,0
2012-13,101161,1610612761,full_core,0,0
2012-13,101162,1610612756,full_core,0,0
2012-13,101179,1610612757,partial,1,1
2012-13,101181,1610612761,partial,1,1
2012-13,101181,1610612765,partial,1,1
2012-13,101183,1610612738,partial,1,1
2012-13,101187,1610612761,full_core,0,0
2012-13,101198,1610612765,full_core,0,0
2012-13,101215,1610612750,partial,1,1
2012-13,101236,1610612758,full_core,0,0
2012-13,101249,1610612761,full_core,0,0
2012-13,1495,1610612759,full_core,0,0
2012-13,1497,1610612746,full_core,0,0
2012-13,1536,1610612759,partial,1,1
2012-13,1712,1610612747,full_core,0,0
2012-13,1713,1610612742,full_core,0,0
2012-13,1717,1610612742,full_core,0,0
2012-13,1718,1610612738,full_core,0,0
2012-13,1733,1610612753,full_core,0,0
2012-13,1737,1610612741,full_core,0,0
2012-13,1740,1610612748,full_core,0,0
2012-13,1882,1610612742,full_core,0,0
2012-13,1885,1610612746,full_core,0,0
2012-13,1888,1610612741,full_core,0,0
2012-13,1889,1610612743,full_core,0,0
2012-13,1890,1610612742,full_core,0,0
2012-13,1891,1610612738,full_core,0,0
2012-13,1894,1610612765,full_core,0,0
2012-13,1897,1610612747,full_core,0,0
2012-13,1905,1610612750,full_core,0,0
2012-13,1938,1610612759,full_core,0,0
2012-13,200745,1610612761,full_core,0,0
2012-13,200746,1610612757,full_core,0,0
2012-13,200748,1610612766,full_core,0,0
2012-13,200750,1610612750,full_core,0,0
2012-13,200751,1610612762,full_core,0,0
2012-13,200752,1610612761,partial,1,1
2012-13,200752,1610612763,partial,1,1
2012-13,200755,1610612749,partial,1,1
2012-13,200755,1610612753,partial,1,1
2012-13,200757,1610612760,full_core,0,0
2012-13,200758,1610612752,partial,1,1
2012-13,200758,1610612760,partial,1,1
2012-13,200765,1610612738,full_core,0,0
2012-13,200768,1610612761,full_core,0,0
2012-13,200769,1610612756,full_core,0,0
2012-13,200777,1610612757,full_core,0,0
2012-13,200778,1610612752,full_core,0,0
2012-13,200779,1610612752,full_core,0,0
2012-13,200780,1610612752,partial,1,1
2012-13,200782,1610612756,full_core,0,0
2012-13,200789,1610612739,full_core,0,0
2012-13,200794,1610612762,full_core,0,0
2012-13,200797,1610612746,full_core,0,0
2012-13,200809,1610612739,partial,1,1
2012-13,200811,1610612740,partial,1,1
2012-13,200811,1610612741,partial,1,1
2012-13,200811,1610612750,partial,1,1
2012-13,200826,1610612750,full_core,0,0
2012-13,201142,1610612760,full_core,0,0
2012-13,201143,1610612737,full_core,0,0
2012-13,201144,1610612763,full_core,0,0
2012-13,201145,1610612738,full_core,0,0
2012-13,201147,1610612743,full_core,0,0
2012-13,201148,1610612742,full_core,0,0
2012-13,201149,1610612741,full_core,0,0
2012-13,201150,1610612755,full_core,0,0
2012-13,201152,1610612755,full_core,0,0
2012-13,201155,1610612765,full_core,0,0
2012-13,201156,1610612755,full_core,0,0
2012-13,201158,1610612741,full_core,0,0
2012-13,201160,1610612740,full_core,0,0
2012-13,201161,1610612741,partial,1,1
2012-13,201161,1610612745,partial,1,1
2012-13,201162,1610612756,full_core,0,0
2012-13,201163,1610612743,full_core,0,0
2012-13,201166,1610612745,partial,1,1
2012-13,201166,1610612758,partial,1,1
2012-13,201167,1610612753,full_core,0,0
2012-13,201168,1610612759,full_core,0,0
2012-13,201171,1610612744,full_core,0,0
2012-13,201175,1610612753,full_core,0,0
2012-13,201177,1610612753,partial,1,1
2012-13,201177,1610612766,partial,1,1
2012-13,201187,1610612740,partial,1,1
2012-13,201187,1610612754,partial,1,1
2012-13,201187,1610612761,partial,1,1
2012-13,201188,1610612763,full_core,0,0
2012-13,201189,1610612761,full_core,0,0
2012-13,201196,1610612766,full_core,0,0
2012-13,201202,1610612748,full_core,0,0
2012-13,201228,1610612751,full_core,0,0
2012-13,201229,1610612737,full_core,0,0
2012-13,201274,1610612737,full_core,0,0
2012-13,201563,1610612756,full_core,0,0
2012-13,201564,1610612742,full_core,0,0
2012-13,201566,1610612760,full_core,0,0
2012-13,201567,1610612750,full_core,0,0
2012-13,201568,1610612743,full_core,0,0
2012-13,201569,1610612740,full_core,0,0
2012-13,201571,1610612754,full_core,0,0
2012-13,201572,1610612751,full_core,0,0
2012-13,201573,1610612763,full_core,0,0
2012-13,201574,1610612758,full_core,0,0
2012-13,201575,1610612744,full_core,0,0
2012-13,201576,1610612743,full_core,0,0
2012-13,201577,1610612740,full_core,0,0
2012-13,201578,1610612739,partial,1,1
2012-13,201578,1610612763,partial,1,1
2012-13,201579,1610612754,full_core,0,0
2012-13,201580,1610612743,full_core,0,0
2012-13,201581,1610612757,full_core,0,0
2012-13,201583,1610612740,full_core,0,0
2012-13,201584,1610612738,full_core,0,0
2012-13,201585,1610612743,full_core,0,0
2012-13,201586,1610612760,full_core,0,0
2012-13,201587,1610612757,full_core,0,0
2012-13,201588,1610612754,full_core,0,0
2012-13,201589,1610612763,full_core,0,0
2012-13,201591,1610612738,full_core,0,0
2012-13,201593,1610612750,full_core,0,0
2012-13,201596,1610612748,full_core,0,0
2012-13,201599,1610612746,full_core,0,0
2012-13,201600,1610612745,full_core,0,0
2012-13,201601,1610612749,full_core,0,0
2012-13,201604,1610612742,partial,1,1
2012-13,201609,1610612756,full_core,0,0
2012-13,201627,1610612737,partial,1,1
2012-13,201627,1610612742,partial,1,1
2012-13,201632,1610612756,partial,1,1
2012-13,201632,1610612763,partial,1,1
2012-13,201858,1610612764,full_core,0,0
2012-13,201880,1610612750,full_core,0,0
2012-13,201933,1610612746,full_core,0,0
2012-13,201934,1610612760,full_core,0,0
2012-13,201935,1610612745,full_core,0,0
2012-13,201936,1610612758,full_core,0,0
2012-13,201937,1610612750,full_core,0,0
2012-13,201939,1610612744,full_core,0,0
2012-13,201941,1610612747,full_core,0,0
2012-13,201942,1610612761,full_core,0,0
2012-13,201943,1610612749,full_core,0,0
2012-13,201944,1610612738,partial,1,1
2012-13,201945,1610612766,full_core,0,0
2012-13,201946,1610612754,full_core,0,0
2012-13,201947,1610612747,full_core,0,0
2012-13,201948,1610612763,partial,1,1
2012-13,201948,1610612765,partial,1,1
2012-13,201949,1610612758,full_core,0,0
2012-13,201950,1610612755,full_core,0,0
2012-13,201951,1610612743,full_core,0,0
2012-13,201952,1610612737,full_core,0,0
2012-13,201953,1610612757,partial,1,1
2012-13,201953,1610612760,partial,1,1
2012-13,201954,1610612742,full_core,0,0
2012-13,201956,1610612739,full_core,0,0
2012-13,201957,1610612766,full_core,0,0
2012-13,201958,1610612742,full_core,0,0
2012-13,201959,1610612741,full_core,0,0
2012-13,201960,1610612762,full_core,0,0
2012-13,201961,1610612739,partial,1,1
2012-13,201961,1610612763,partial,1,1
2012-13,201962,1610612745,partial,1,1
2012-13,201962,1610612758,partial,1,1
2012-13,201964,1610612757,full_core,0,0
2012-13,201965,1610612754,full_core,0,0
2012-13,201967,1610612750,full_core,0,0
2012-13,201969,1610612746,partial,1,1
2012-13,201970,1610612754,partial,2,1
2012-13,201971,1610612759,full_core,0,0
2012-13,201973,1610612765,full_core,0,0
2012-13,201975,1610612747,full_core,0,0
2012-13,201976,1610612745,partial,1,1
2012-13,201977,1610612758,full_core,0,0
2012-13,201978,1610612750,full_core,0,0
2012-13,201980,1610612759,full_core,0,0
2012-13,201985,1610612764,full_core,0,0
2012-13,201986,1610612759,full_core,0,0
2012-13,201988,1610612759,full_core,0,0
2012-13,202066,1610612764,partial,1,1
2012-13,202083,1610612757,full_core,0,0
2012-13,202087,1610612739,full_core,0,0
2012-13,202130,1610612766,full_core,0,0
2012-13,202227,1610612740,partial,1,1
2012-13,202227,1610612748,partial,1,1
2012-13,202322,1610612764,full_core,0,0
2012-13,202323,1610612755,full_core,0,0
2012-13,202324,1610612762,full_core,0,0
2012-13,202325,1610612756,full_core,0,0
2012-13,202326,1610612758,full_core,0,0
2012-13,202327,1610612749,full_core,0,0
2012-13,202328,1610612765,full_core,0,0
2012-13,202329,1610612740,full_core,0,0
2012-13,202330,1610612762,full_core,0,0
2012-13,202331,1610612754,full_core,0,0
2012-13,202332,1610612745,partial,1,1
2012-13,202332,1610612758,partial,1,1
2012-13,202333,1610612740,full_core,0,0
2012-13,202334,1610612761,partial,1,1
2012-13,202334,1610612763,partial,1,1
2012-13,202335,1610612745,partial,1,1
2012-13,202335,1610612758,partial,1,1
2012-13,202336,1610612749,full_core,0,0
2012-13,202337,1610612757,full_core,0,0
2012-13,202338,1610612764,full_core,0,0
2012-13,202339,1610612746,full_core,0,0
2012-13,202340,1610612738,full_core,0,0
2012-13,202341,1610612745,partial,1,1
2012-13,202341,1610612759,partial,1,1
2012-13,202344,1610612764,full_core,0,0
2012-13,202345,1610612751,partial,1,1
2012-13,202346,1610612742,partial,1,1
2012-13,202347,1610612763,full_core,0,0
2012-13,202348,1610612738,partial,1,1
2012-13,202348,1610612764,partial,1,1
2012-13,202349,1610612740,full_core,0,0
2012-13,202350,1610612760,full_core,0,0
2012-13,202351,1610612750,partial,1,1
2012-13,202354,1610612748,partial,1,1
2012-13,202354,1610612763,partial,1,1
2012-13,202361,1610612761,full_core,0,0
2012-13,202362,1610612754,full_core,0,0
2012-13,202363,1610612738,partial,1,1
2012-13,202363,1610612748,partial,1,1
2012-13,202365,1610612747,full_core,0,0
2012-13,202379,1610612762,full_core,0,0
2012-13,202388,1610612739,partial,1,1
2012-13,202388,1610612740,partial,1,1
2012-13,202389,1610612743,full_core,0,0
2012-13,202390,1610612759,full_core,0,0
2012-13,202391,1610612745,full_core,0,0
2012-13,202396,1610612739,partial,1,1
2012-13,202397,1610612749,partial,1,1
2012-13,202397,1610612753,partial,1,1
2012-13,202399,1610612766,partial,1,1
2012-13,202419,1610612750,partial,1,1
2012-13,202458,1610612742,partial,1,1
2012-13,202498,1610612740,full_core,0,0
2012-13,202545,1610612756,partial,1,1
2012-13,202681,1610612739,full_core,0,0
2012-13,202682,1610612750,full_core,0,0
2012-13,202683,1610612762,full_core,0,0
2012-13,202684,1610612739,full_core,0,0
2012-13,202685,1610612761,full_core,0,0
2012-13,202686,1610612764,full_core,0,0
2012-13,202687,1610612766,full_core,0,0
2012-13,202688,1610612765,full_core,0,0
2012-13,202689,1610612766,full_core,0,0
2012-13,202690,1610612758,full_core,0,0
2012-13,202691,1610612744,full_core,0,0
2012-13,202692,1610612762,full_core,0,0
2012-13,202693,1610612756,full_core,0,0
2012-13,202694,1610612745,partial,1,1
2012-13,202694,1610612756,partial,1,1
2012-13,202695,1610612759,full_core,0,0
2012-13,202696,1610612753,full_core,0,0
2012-13,202697,1610612752,full_core,0,0
2012-13,202698,1610612764,full_core,0,0
2012-13,202699,1610612749,partial,1,1
2012-13,202699,1610612753,partial,1,1
2012-13,202700,1610612745,full_core,0,0
2012-13,202701,1610612757,full_core,0,0
2012-13,202702,1610612743,full_core,0,0
2012-13,202704,1610612760,full_core,0,0
2012-13,202705,1610612751,full_core,0,0
2012-13,202706,1610612743,full_core,0,0
2012-13,202708,1610612748,full_core,0,0
2012-13,202709,1610612759,full_core,0,0
2012-13,202710,1610612741,full_core,0,0
2012-13,202713,1610612765,full_core,0,0
2012-13,202714,1610612737,partial,1,1
2012-13,202714,1610612755,partial,1,1
2012-13,202714,1610612764,partial,1,1
2012-13,202715,1610612758,partial,1,1
2012-13,202718,1610612745,full_core,0,0
2012-13,202719,1610612737,partial,1,1
2012-13,202719,1610612744,partial,1,1
2012-13,202720,1610612739,partial,1,1
2012-13,202720,1610612763,partial,1,1
2012-13,202721,1610612747,full_core,0,0
2012-13,202723,1610612750,full_core,0,0
2012-13,202724,1610612744,partial,1,1
2012-13,202724,1610612755,partial,1,1
2012-13,202725,1610612748,partial,2,1
2012-13,202726,1610612747,partial,1,1
2012-13,202729,1610612763,partial,1,1
2012-13,202730,1610612755,full_core,0,0
2012-13,202732,1610612760,full_core,0,0
2012-13,202734,1610612753,full_core,0,0
2012-13,202738,1610612758,full_core,0,0
2012-13,202809,1610612766,partial,1,1
2012-13,202933,1610612743,full_core,0,0
2012-13,202951,1610612739,partial,1,1
2012-13,202951,1610612755,partial,1,1
2012-13,202952,1610612741,partial,1,1
2012-13,202952,1610612744,partial,1,1
2012-13,202962,1610612745,full_core,0,0
2012-13,202970,1610612749,partial,1,1
2012-13,202970,1610612753,partial,1,1
2012-13,2030,1610612752,partial,1,1
2012-13,203006,1610612742,partial,1,1
2012-13,203076,1610612740,full_core,0,0
2012-13,203077,1610612766,full_core,0,0
2012-13,203078,1610612764,full_core,0,0
2012-13,203079,1610612739,full_core,0,0
2012-13,203080,1610612745,partial,1,1
2012-13,203080,1610612758,partial,1,1
2012-13,203081,1610612757,full_core,0,0
2012-13,203082,1610612761,full_core,0,0
2012-13,203083,1610612765,full_core,0,0
2012-13,203084,1610612744,full_core,0,0
2012-13,203085,1610612740,full_core,0,0
2012-13,203086,1610612757,full_core,0,0
2012-13,203087,1610612760,full_core,0,0
2012-13,203088,1610612756,full_core,0,0
2012-13,203089,1610612749,full_core,0,0
2012-13,203090,1610612753,full_core,0,0
2012-13,203092,1610612739,full_core,0,0
2012-13,203093,1610612745,full_core,0,0
2012-13,203094,1610612753,full_core,0,0
2012-13,203095,1610612743,full_core,0,0
2012-13,203096,1610612738,full_core,0,0
2012-13,203097,1610612738,full_core,0,0
2012-13,203098,1610612737,full_core,0,0
2012-13,203099,1610612742,full_core,0,0
2012-13,203100,1610612763,full_core,0,0
2012-13,203101,1610612754,full_core,0,0
2012-13,203102,1610612755,full_core,0,0
2012-13,203103,1610612760,full_core,0,0
2012-13,203104,1610612741,full_core,0,0
2012-13,203105,1610612744,full_core,0,0
2012-13,203106,1610612766,full_core,0,0
2012-13,203108,1610612742,full_core,0,0
2012-13,203109,1610612742,full_core,0,0
2012-13,203110,1610612744,full_core,0,0
2012-13,203111,1610612754,full_core,0,0
2012-13,203112,1610612761,full_core,0,0
2012-13,203113,1610612743,full_core,0,0
2012-13,203114,1610612765,full_core,0,0
2012-13,203115,1610612757,full_core,0,0
2012-13,203116,1610612751,full_core,0,0
2012-13,203117,1610612749,partial,1,1
2012-13,203117,1610612753,partial,1,1
2012-13,203118,1610612737,full_core,0,0
2012-13,203119,1610612765,full_core,0,0
2012-13,203121,1610612740,full_core,0,0
2012-13,203122,1610612762,full_core,0,0
2012-13,203124,1610612753,full_core,0,0
2012-13,203126,1610612738,partial,1,1
2012-13,203126,1610612751,partial,1,1
2012-13,203129,1610612751,full_core,0,0
2012-13,203130,1610612747,partial,1,1
2012-13,203135,1610612747,full_core,0,0
2012-13,203139,1610612765,full_core,0,0
2012-13,203141,1610612751,full_core,0,0
2012-13,203142,1610612752,full_core,0,0
2012-13,203143,1610612752,full_core,0,0
2012-13,203144,1610612750,full_core,0,0
2012-13,203145,1610612744,full_core,0,0
2012-13,203146,1610612746,partial,1,1
2012-13,203146,1610612755,partial,2,1
2012-13,203148,1610612740,full_core,0,0
2012-13,203156,1610612740,partial,1,1
2012-13,203158,1610612739,partial,1,1
2012-13,203159,1610612745,partial,1,1
2012-13,203162,1610612754,full_core,0,0
2012-13,203187,1610612763,partial,1,1
2012-13,203197,1610612756,full_core,0,0
2012-13,203199,1610612753,full_core,0,0
2012-13,203200,1610612755,partial,1,1
2012-13,203203,1610612742,partial,1,1
2012-13,203317,1610612745,partial,1,1
2012-13,203382,1610612759,partial,1,1
2012-13,2034,1610612748,full_core,0,0
2012-13,2037,1610612746,full_core,0,0
2012-13,2038,1610612749,full_core,0,0
2012-13,2039,1610612763,partial,1,1
2012-13,2045,1610612753,full_core,0,0
2012-13,2047,1610612752,partial,1,1
2012-13,2052,1610612737,full_core,0,0
2012-13,2198,1610612755,full_core,0,0
2012-13,2199,1610612752,full_core,0,0
2012-13,2200,1610612747,full_core,0,0
2012-13,2201,1610612742,partial,1,1
2012-13,2202,1610612755,full_core,0,0
2012-13,2203,1610612748,full_core,0,0
2012-13,2205,1610612766,full_core,0,0
2012-13,2207,1610612751,full_core,0,0
2012-13,2209,1610612741,full_core,0,0
2012-13,2210,1610612744,full_core,0,0
2012-13,2211,1610612742,partial,1,1
2012-13,2215,1610612738,partial,1,1
2012-13,2215,1610612764,partial,1,1
2012-13,2216,1610612763,full_core,0,0
2012-13,2217,1610612766,full_core,0,0
2012-13,2222,1610612751,full_core,0,0
2012-13,2223,1610612749,full_core,0,0
2012-13,2224,1610612762,full_core,0,0
2012-13,2225,1610612759,full_core,0,0
2012-13,2229,1610612742,partial,1,1
2012-13,2248,1610612762,full_core,0,0
2012-13,2365,1610612748,partial,1,1
2012-13,2399,1610612749,full_core,0,0
2012-13,2400,1610612749,full_core,0,0
2012-13,2403,1610612764,full_core,0,0
2012-13,2404,1610612738,full_core,0,0
2012-13,2405,1610612752,full_core,0,0
2012-13,2406,1610612746,full_core,0,0
2012-13,2407,1610612757,full_core,0,0
2012-13,2419,1610612763,partial,1,1
2012-13,2419,1610612765,partial,1,1
2012-13,2422,1610612758,full_core,0,0
2012-13,2427,1610612740,full_core,0,0
2012-13,2430,1610612741,full_core,0,0
2012-13,2440,1610612746,full_core,0,0
2012-13,2449,1610612756,full_core,0,0
2012-13,2457,1610612737,partial,2,1
2012-13,2457,1610612764,partial,1,1
2012-13,2457,1610612766,partial,1,1
2012-13,2501,1610612751,full_core,0,0
2012-13,2544,1610612748,full_core,0,0
2012-13,2545,1610612738,partial,1,1
2012-13,2546,1610612752,full_core,0,0
2012-13,2547,1610612748,full_core,0,0
2012-13,2548,1610612748,full_core,0,0
2012-13,2549,1610612742,full_core,0,0
2012-13,255,1610612746,full_core,0,0
2012-13,2550,1610612741,full_core,0,0
2012-13,2554,1610612761,partial,1,1
2012-13,2555,1610612760,full_core,0,0
2012-13,2557,1610612750,full_core,0,0
2012-13,2561,1610612754,full_core,0,0
2012-13,2562,1610612757,full_core,0,0
2012-13,2563,1610612737,partial,1,1
2012-13,2563,1610612742,partial,1,1
2012-13,2564,1610612759,full_core,0,0
2012-13,2566,1610612758,full_core,0,0
2012-13,2568,1610612745,full_core,0,0
2012-13,2570,1610612760,full_core,0,0
2012-13,2571,1610612738,partial,1,1
2012-13,2572,1610612750,partial,1,1
2012-13,2575,1610612739,full_core,0,0
2012-13,2581,1610612747,full_core,0,0
2012-13,2584,1610612746,full_core,0,0
2012-13,2585,1610612737,full_core,0,0
2012-13,2586,1610612751,full_core,0,0
2012-13,2588,1610612759,full_core,0,0
2012-13,2590,1610612762,full_core,0,0
2012-13,2592,1610612748,full_core,0,0
2012-13,2594,1610612737,full_core,0,0
2012-13,2605,1610612749,full_core,0,0
2012-13,2617,1610612748,full_core,0,0
2012-13,2679,1610612766,partial,1,1
2012-13,2730,1610612747,full_core,0,0
2012-13,2731,1610612764,full_core,0,0
2012-13,2732,1610612766,full_core,0,0
2012-13,2733,1610612739,partial,1,1
2012-13,2733,1610612764,partial,1,1
2012-13,2734,1610612737,full_core,0,0
2012-13,2735,1610612751,partial,1,1
2012-13,2736,1610612741,full_core,0,0
2012-13,2738,1610612743,full_core,0,0
2012-13,2740,1610612744,full_core,0,0
2012-13,2742,1610612756,partial,1,1
2012-13,2742,1610612761,partial,1,1
2012-13,2743,1610612751,full_core,0,0
2012-13,2744,1610612762,full_core,0,0
2012-13,2746,1610612737,full_core,0,0
2012-13,2747,1610612752,full_core,0,0
2012-13,2748,1610612755,full_core,0,0
2012-13,2749,1610612753,full_core,0,0
2012-13,2754,1610612763,full_core,0,0
2012-13,2755,1610612760,full_core,0,0
2012-13,2757,1610612749,partial,1,1
2012-13,2757,1610612753,partial,1,1
2012-13,2760,1610612739,full_core,0,0
2012-13,2767,1610612755,full_core,0,0
2012-13,2768,1610612747,full_core,0,0
2012-13,2772,1610612764,full_core,0,0
2012-13,2853,1610612752,partial,1,1
2012-13,2853,1610612764,partial,1,1
2012-13,2863,1610612755,full_core,0,0
2012-13,436,1610612748,partial,1,1
2012-13,467,1610612752,full_core,0,0
2012-13,703,1610612752,partial,1,1
2012-13,708,1610612738,full_core,0,0
2012-13,711,1610612751,full_core,0,0
2012-13,739,1610612752,full_core,0,0
2012-13,948,1610612752,full_core,0,0
2012-13,951,1610612748,full_core,0,0
2012-13,959,1610612747,full_core,0,0
2012-13,965,1610612742,partial,1,1
2012-13,965,1610612760,partial,1,1
2012-13,977,1610612747,full_core,0,0
2012-13,979,1610612756,full_core,0,0
2013-14,101106,1610612744,full_core,0,0
2013-14,101107,1610612762,full_core,0,0
2013-14,101108,1610612746,full_core,0,0
2013-14,101109,1610612752,full_core,0,0
2013-14,101110,1610612764,full_core,0,0
2013-14,101111,1610612765,full_core,0,0
2013-14,101112,1610612756,full_core,0,0
2013-14,101114,1610612751,full_core,0,0
2013-14,101115,1610612739,partial,1,1
2013-14,101115,1610612754,partial,1,1
2013-14,101122,1610612746,partial,1,1
2013-14,101122,1610612754,partial,1,1
2013-14,101123,1610612756,full_core,0,0
2013-14,101126,1610612743,full_core,0,0
2013-14,101127,1610612739,full_core,0,0
2013-14,101128,1610612745,full_core,0,0
2013-14,101131,1610612753,full_core,0,0
2013-14,101133,1610612754,full_core,0,0
2013-14,101135,1610612744,full_core,0,0
2013-14,101138,1610612738,full_core,0,0
2013-14,101139,1610612739,full_core,0,0
2013-14,101141,1610612749,full_core,0,0
2013-14,101142,1610612750,full_core,0,0
2013-14,101145,1610612742,full_core,0,0
2013-14,101150,1610612737,full_core,0,0
2013-14,101154,1610612751,full_core,0,0
2013-14,101155,1610612760,partial,1,1
2013-14,101161,1610612761,full_core,0,0
2013-14,101162,1610612764,full_core,0,0
2013-14,101179,1610612753,full_core,0,0
2013-14,101181,1610612742,full_core,0,0
2013-14,101183,1610612756,partial,1,1
2013-14,101187,1610612751,full_core,0,0
2013-14,101198,1610612765,full_core,0,0
2013-14,101236,1610612758,partial,1,1
2013-14,101236,1610612761,partial,1,1
2013-14,101249,1610612762,full_core,0,0
2013-14,1495,1610612759,full_core,0,0
2013-14,1497,1610612765,full_core,0,0
2013-14,1536,1610612746,partial,1,1
2013-14,1712,1610612746,partial,1,1
2013-14,1713,1610612742,full_core,0,0
2013-14,1717,1610612742,full_core,0,0
2013-14,1718,1610612751,full_core,0,0
2013-14,1733,1610612764,full_core,0,0
2013-14,1737,1610612741,full_core,0,0
2013-14,1740,1610612748,full_core,0,0
2013-14,1882,1610612737,full_core,0,0
2013-14,1889,1610612743,partial,1,1
2013-14,1889,1610612764,partial,1,1
2013-14,1890,1610612742,full_core,0,0
2013-14,1891,1610612751,partial,1,1
2013-14,1897,1610612752,partial,1,1
2013-14,1905,1610612751,full_core,0,0
2013-14,1938,1610612759,full_core,0,0
2013-14,200745,1610612752,full_core,0,0
2013-14,200746,1610612757,full_core,0,0
2013-14,200751,1610612743,full_core,0,0
2013-14,200752,1610612758,partial,1,1
2013-14,200752,1610612761,partial,1,1
2013-14,200755,1610612746,full_core,0,0
2013-14,200756,1610612744,partial,3,1
2013-14,200757,1610612760,full_core,0,0
2013-14,200758,1610612741,partial,1,1
2013-14,200758,1610612745,partial,1,1
2013-14,200761,1610612747,partial,2,1
2013-14,200765,1610612738,full_core,0,0
2013-14,200768,1610612761,full_core,0,0
2013-14,200769,1610612752,partial,1,1
2013-14,200769,1610612759,partial,1,1
2013-14,200770,1610612747,full_core,0,0
2013-14,200777,1610612757,full_core,0,0
2013-14,200779,1610612761,full_core,0,0
2013-14,200780,1610612753,partial,1,1
2013-14,200782,1610612756,full_core,0,0
2013-14,200794,1610612737,full_core,0,0
2013-14,200797,1610612746,full_core,0,0
2013-14,200811,1610612740,partial,1,1
2013-14,200811,1610612741,partial,1,1
2013-14,200826,1610612750,full_core,0,0
2013-14,200839,1610612762,partial,1,1
2013-14,201141,1610612748,full_core,0,0
2013-14,201142,1610612760,full_core,0,0
2013-14,201143,1610612737,full_core,0,0
2013-14,201144,1610612763,full_core,0,0
2013-14,201145,1610612738,full_core,0,0
2013-14,201147,1610612750,full_core,0,0
2013-14,201148,1610612742,full_core,0,0
2013-14,201149,1610612741,full_core,0,0
2013-14,201150,1610612739,partial,1,1
2013-14,201150,1610612755,partial,1,1
2013-14,201152,1610612755,full_core,0,0
2013-14,201155,1610612765,full_core,0,0
2013-14,201156,1610612747,full_core,0,0
2013-14,201158,1610612759,full_core,0,0
2013-14,201160,1610612740,full_core,0,0
2013-14,201162,1610612746,full_core,0,0
2013-14,201163,1610612743,full_core,0,0
2013-14,201166,1610612743,partial,1,1
2013-14,201166,1610612745,partial,1,1
2013-14,201167,1610612753,full_core,0,0
2013-14,201168,1610612759,full_core,0,0
2013-14,201171,1610612758,full_core,0,0
2013-14,201175,1610612746,partial,1,1
2013-14,201175,1610612753,partial,1,1
2013-14,201177,1610612766,full_core,0,0
2013-14,201188,1610612763,full_core,0,0
2013-14,201189,1610612758,partial,1,1
2013-14,201189,1610612761,partial,1,1
2013-14,201196,1610612749,partial,1,1
2013-14,201196,1610612766,partial,1,1
2013-14,201202,1610612738,partial,1,1
2013-14,201202,1610612748,partial,1,1
2013-14,201203,1610612760,partial,1,1
2013-14,201228,1610612754,full_core,0,0
2013-14,201229,1610612766,full_core,0,0
2013-14,201563,1610612748,full_core,0,0
2013-14,201564,1610612749,full_core,0,0
2013-14,201565,1610612741,full_core,0,0
2013-14,201566,1610612760,full_core,0,0
2013-14,201567,1610612750,full_core,0,0
2013-14,201569,1610612740,full_core,0,0
2013-14,201571,1610612741,partial,1,1
2013-14,201571,1610612761,partial,1,1
2013-14,201572,1610612751,full_core,0,0
2013-14,201573,1610612738,partial,1,1
2013-14,201573,1610612763,partial,1,1
2013-14,201574,1610612758,full_core,0,0
2013-14,201575,1610612762,full_core,0,0
2013-14,201576,1610612743,full_core,0,0
2013-14,201577,1610612757,full_core,0,0
2013-14,201578,1610612744,full_core,0,0
2013-14,201579,1610612754,full_core,0,0
2013-14,201580,1610612743,full_core,0,0
2013-14,201581,1610612743,full_core,0,0
2013-14,201582,1610612740,full_core,0,0
2013-14,201583,1610612740,full_core,0,0
2013-14,201584,1610612738,partial,1,1
2013-14,201584,1610612763,partial,1,1
2013-14,201585,1610612763,full_core,0,0
2013-14,201586,1610612760,full_core,0,0
2013-14,201587,1610612757,full_core,0,0
2013-14,201588,1610612754,full_core,0,0
2013-14,201589,1610612743,full_core,0,0
2013-14,201591,1610612766,full_core,0,0
2013-14,201593,1610612750,full_core,0,0
2013-14,201596,1610612748,full_core,0,0
2013-14,201599,1610612746,full_core,0,0
2013-14,201600,1610612745,full_core,0,0
2013-14,201601,1610612750,partial,1,1
2013-14,201601,1610612758,partial,1,1
2013-14,201604,1610612766,partial,1,1
2013-14,201609,1610612756,full_core,0,0
2013-14,201627,1610612740,full_core,0,0
2013-14,201785,1610612750,partial,1,1
2013-14,201785,1610612759,partial,1,1
2013-14,201858,1610612737,partial,2,1
2013-14,201858,1610612741,partial,1,1
2013-14,201880,1610612740,partial,1,1
2013-14,201933,1610612746,full_core,0,0
2013-14,201934,1610612760,full_core,0,0
2013-14,201935,1610612745,full_core,0,0
2013-14,201936,1610612740,full_core,0,0
2013-14,201937,1610612750,full_core,0,0
2013-14,201939,1610612744,full_core,0,0
2013-14,201941,1610612747,full_core,0,0
2013-14,201942,1610612761,full_core,0,0
2013-14,201943,1610612765,full_core,0,0
2013-14,201945,1610612766,full_core,0,0
2013-14,201946,1610612761,full_core,0,0
2013-14,201947,1610612739,partial,1,1
2013-14,201947,1610612752,partial,1,1
2013-14,201948,1610612759,partial,1,1
2013-14,201948,1610612761,partial,1,1
2013-14,201949,1610612763,partial,1,1
2013-14,201950,1610612740,full_core,0,0
2013-14,201951,1610612743,full_core,0,0
2013-14,201952,1610612737,full_core,0,0
2013-14,201953,1610612755,partial,1,1
2013-14,201953,1610612764,partial,1,1
2013-14,201954,1610612746,full_core,0,0
2013-14,201956,1610612745,full_core,0,0
2013-14,201957,1610612746,partial,1,1
2013-14,201957,1610612755,partial,1,1
2013-14,201959,1610612741,full_core,0,0
2013-14,201960,1610612737,full_core,0,0
2013-14,201961,1610612742,full_core,0,0
2013-14,201962,1610612744,partial,1,1
2013-14,201962,1610612748,partial,1,1
2013-14,201964,1610612757,full_core,0,0
2013-14,201965,1610612759,full_core,0,0
2013-14,201967,1610612750,full_core,0,0
2013-14,201971,1610612742,full_core,0,0
2013-14,201973,1610612765,full_core,0,0
2013-14,201975,1610612747,full_core,0,0
2013-14,201976,1610612745,full_core,0,0
2013-14,201977,1610612751,partial,1,1
2013-14,201977,1610612758,partial,1,1
2013-14,201978,1610612750,full_core,0,0
2013-14,201979,1610612763,full_core,0,0
2013-14,201980,1610612759,full_core,0,0
2013-14,201985,1610612750,full_core,0,0
2013-14,201986,1610612759,partial,1,1
2013-14,201986,1610612761,partial,1,1
2013-14,201988,1610612759,full_core,0,0
2013-14,202066,1610612764,full_core,0,0
2013-14,202083,1610612757,full_core,0,0
2013-14,202087,1610612739,full_core,0,0
2013-14,202091,1610612756,full_core,0,0
2013-14,202130,1610612760,partial,2,1
2013-14,202197,1610612739,partial,1,1
2013-14,202322,1610612764,full_core,0,0
2013-14,202323,1610612754,partial,1,1
2013-14,202323,1610612755,partial,1,1
2013-14,202324,1610612762,full_core,0,0
2013-14,202325,1610612747,full_core,0,0
2013-14,202326,1610612758,full_core,0,0
2013-14,202327,1610612749,full_core,0,0
2013-14,202328,1610612765,full_core,0,0
2013-14,202329,1610612740,full_core,0,0
2013-14,202330,1610612762,full_core,0,0
2013-14,202331,1610612754,full_core,0,0
2013-14,202332,1610612752,full_core,0,0
2013-14,202333,1610612747,full_core,0,0
2013-14,202334,1610612763,full_core,0,0
2013-14,202335,1610612758,partial,1,1
2013-14,202335,1610612761,partial,1,1
2013-14,202336,1610612749,full_core,0,0
2013-14,202337,1610612740,partial,1,1
2013-14,202338,1610612764,full_core,0,0
2013-14,202339,1610612756,full_core,0,0
2013-14,202340,1610612738,full_core,0,0
2013-14,202341,1610612755,full_core,0,0
2013-14,202343,1610612755,partial,1,1
2013-14,202344,1610612764,full_core,0,0
2013-14,202345,1610612759,partial,1,1
2013-14,202347,1610612763,full_core,0,0
2013-14,202348,1610612738,partial,1,1
2013-14,202348,1610612744,partial,1,1
2013-14,202349,1610612758,partial,1,1
2013-14,202349,1610612761,partial,1,1
2013-14,202350,1610612755,partial,1,1
2013-14,202354,1610612737,partial,1,1
2013-14,202361,1610612761,full_core,0,0
2013-14,202362,1610612754,full_core,0,0
2013-14,202363,1610612741,partial,1,1
2013-14,202363,1610612755,partial,1,1
2013-14,202379,1610612762,full_core,0,0
2013-14,202380,1610612758,partial,1,1
2013-14,202388,1610612754,full_core,0,0
2013-14,202389,1610612743,full_core,0,0
2013-14,202390,1610612749,partial,1,1
2013-14,202390,1610612766,partial,1,1
2013-14,202391,1610612745,full_core,0,0
2013-14,202397,1610612756,full_core,0,0
2013-14,202399,1610612749,partial,1,1
2013-14,202399,1610612766,partial,1,1
2013-14,202412,1610612747,partial,1,1
2013-14,202498,1610612740,full_core,0,0
2013-14,202620,1610612739,partial,1,1
2013-14,202620,1610612740,partial,1,1
2013-14,202681,1610612739,full_core,0,0
2013-14,202682,1610612750,partial,1,1
2013-14,202682,1610612758,partial,1,1
2013-14,202683,1610612762,full_core,0,0
2013-14,202684,1610612739,full_core,0,0
2013-14,202685,1610612761,full_core,0,0
2013-14,202686,1610612743,partial,1,1
2013-14,202686,1610612764,partial,1,1
2013-14,202687,1610612766,full_core,0,0
2013-14,202688,1610612749,full_core,0,0
2013-14,202689,1610612766,full_core,0,0
2013-14,202690,1610612741,partial,1,1
2013-14,202690,1610612758,partial,1,1
2013-14,202691,1610612744,full_core,0,0
2013-14,202692,1610612762,full_core,0,0
2013-14,202693,1610612756,full_core,0,0
2013-14,202694,1610612756,full_core,0,0
2013-14,202695,1610612759,full_core,0,0
2013-14,202696,1610612753,full_core,0,0
2013-14,202697,1610612752,full_core,0,0
2013-14,202698,1610612764,full_core,0,0
2013-14,202699,1610612753,full_core,0,0
2013-14,202700,1610612745,full_core,0,0
2013-14,202702,1610612743,full_core,0,0
2013-14,202704,1610612760,full_core,0,0
2013-14,202705,1610612738,partial,1,1
2013-14,202705,1610612744,partial,1,1
2013-14,202705,1610612747,partial,1,1
2013-14,202706,1610612743,partial,1,1
2013-14,202706,1610612745,partial,1,1
2013-14,202708,1610612748,full_core,0,0
2013-14,202709,1610612759,full_core,0,0
2013-14,202710,1610612741,full_core,0,0
2013-14,202713,1610612765,full_core,0,0
2013-14,202714,1610612737,full_core,0,0
2013-14,202718,1610612745,full_core,0,0
2013-14,202719,1610612752,full_core,0,0
2013-14,202720,1610612763,full_core,0,0
2013-14,202721,1610612746,partial,1,1
2013-14,202721,1610612755,partial,1,1
2013-14,202721,1610612763,partial,1,1
2013-14,202725,1610612765,full_core,0,0
2013-14,202730,1610612754,partial,1,1
2013-14,202730,1610612755,partial,1,1
2013-14,202732,1610612748,partial,1,1
2013-14,202734,1610612753,full_core,0,0
2013-14,202738,1610612758,full_core,0,0
2013-14,202779,1610612761,full_core,0,0
2013-14,202874,1610612749,partial,2,1
2013-14,202933,1610612761,full_core,0,0
2013-14,202952,1610612759,partial,1,1
2013-14,202952,1610612762,partial,1,1
2013-14,202962,1610612745,partial,1,1
2013-14,202970,1610612737,full_core,0,0
2013-14,2030,1610612752,full_core,0,0
2013-14,203076,1610612740,full_core,0,0
2013-14,203077,1610612766,full_core,0,0
2013-14,203078,1610612764,full_core,0,0
2013-14,203079,1610612739,full_core,0,0
2013-14,203080,1610612757,full_core,0,0
2013-14,203081,1610612757,full_core,0,0
2013-14,203082,1610612761,full_core,0,0
2013-14,203083,1610612765,full_core,0,0
2013-14,203084,1610612744,full_core,0,0
2013-14,203085,1610612740,full_core,0,0
2013-14,203086,1610612757,full_core,0,0
2013-14,203087,1610612760,full_core,0,0
2013-14,203088,1610612747,partial,1,1
2013-14,203089,1610612749,full_core,0,0
2013-14,203090,1610612753,full_core,0,0
2013-14,203091,1610612758,partial,2,1
2013-14,203092,1610612739,full_core,0,0
2013-14,203093,1610612745,full_core,0,0
2013-14,203094,1610612753,full_core,0,0
2013-14,203095,1610612743,full_core,0,0
2013-14,203096,1610612738,full_core,0,0
2013-14,203098,1610612737,full_core,0,0
2013-14,203099,1610612737,partial,1,1
2013-14,203099,1610612758,partial,1,1
2013-14,203100,1610612755,full_core,0,0
2013-14,203101,1610612756,full_core,0,0
2013-14,203102,1610612755,full_core,0,0
2013-14,203103,1610612760,full_core,0,0
2013-14,203104,1610612741,partial,1,1
2013-14,203104,1610612751,partial,1,1
2013-14,203106,1610612766,full_core,0,0
2013-14,203108,1610612742,full_core,0,0
2013-14,203109,1610612742,full_core,0,0
2013-14,203110,1610612744,full_core,0,0
2013-14,203111,1610612754,partial,1,1
2013-14,203111,1610612758,partial,1,1
2013-14,203112,1610612758,partial,1,1
2013-14,203112,1610612761,partial,1,1
2013-14,203113,1610612743,full_core,0,0
2013-14,203114,1610612749,full_core,0,0
2013-14,203115,1610612757,full_core,0,0
2013-14,203116,1610612751,partial,1,1
2013-14,203117,1610612753,full_core,0,0
2013-14,203118,1610612737,full_core,0,0
2013-14,203120,1610612748,partial,1,1
2013-14,203120,1610612766,partial,1,1
2013-14,203121,1610612740,full_core,0,0
2013-14,203124,1610612753,full_core,0,0
2013-14,203129,1610612741,partial,1,1
2013-14,203129,1610612751,partial,1,1
2013-14,203130,1610612755,partial,1,1
2013-14,203133,1610612750,full_core,0,0
2013-14,203135,1610612747,full_core,0,0
2013-14,203136,1610612744,full_core,0,0
2013-14,203138,1610612755,full_core,0,0
2013-14,203139,1610612756,partial,1,1
2013-14,203141,1610612751,full_core,0,0
2013-14,203142,1610612754,full_core,0,0
2013-14,203143,1610612752,full_core,0,0
2013-14,203144,1610612750,full_core,0,0
2013-14,203145,1610612744,partial,1,1
2013-14,203145,1610612747,partial,1,1
2013-14,203146,1610612746,partial,1,1
2013-14,203147,1610612752,partial,1,1
2013-14,203148,1610612740,full_core,0,0
2013-14,203156,1610612739,partial,1,1
2013-14,203156,1610612755,partial,1,1
2013-14,203183,1610612749,partial,1,1
2013-14,203187,1610612738,partial,2,1
2013-14,203197,1610612762,full_core,0,0
2013-14,203263,1610612737,partial,1,1
2013-14,203263,1610612755,partial,1,1
2013-14,203268,1610612751,partial,2,1
2013-14,203315,1610612752,full_core,0,0
2013-14,203318,1610612764,full_core,0,0
2013-14,203382,1610612759,full_core,0,0
2013-14,2034,1610612763,full_core,0,0
2013-14,203458,1610612756,full_core,0,0
2013-14,203459,1610612757,full_core,0,0
2013-14,203460,1610612760,full_core,0,0
2013-14,203461,1610612739,full_core,0,0
2013-14,203462,1610612756,full_core,0,0
2013-14,203463,1610612758,full_core,0,0
2013-14,203467,1610612739,full_core,0,0
2013-14,203468,1610612757,full_core,0,0
2013-14,203469,1610612766,full_core,0,0
2013-14,203471,1610612737,full_core,0,0
2013-14,203473,1610612744,partial,1,1
2013-14,203473,1610612753,partial,2,1
2013-14,203473,1610612755,partial,1,1
2013-14,203474,1610612749,partial,1,1
2013-14,203476,1610612750,full_core,0,0
2013-14,203477,1610612745,full_core,0,0
2013-14,203479,1610612763,full_core,0,0
2013-14,203480,1610612740,partial,1,1
2013-14,203480,1610612766,partial,1,1
2013-14,203481,1610612740,full_core,0,0
2013-14,203482,1610612738,full_core,0,0
2013-14,203484,1610612765,full_core,0,0
2013-14,203485,1610612755,partial,1,1
2013-14,203486,1610612751,full_core,0,0
2013-14,203487,1610612755,full_core,0,0
2013-14,203488,1610612737,partial,1,1
2013-14,203489,1610612749,full_core,0,0
2013-14,203490,1610612764,full_core,0,0
2013-14,203491,1610612765,full_core,0,0
2013-14,203492,1610612758,full_core,0,0
2013-14,203493,1610612746,full_core,0,0
2013-14,203495,1610612742,full_core,0,0
2013-14,203496,1610612745,full_core,0,0
2013-14,203497,1610612762,full_core,0,0
2013-14,203498,1610612750,full_core,0,0
2013-14,203499,1610612742,full_core,0,0
2013-14,203500,1610612760,full_core,0,0
2013-14,203501,1610612752,full_core,0,0
2013-14,203502,1610612765,full_core,0,0
2013-14,203503,1610612741,full_core,0,0
2013-14,203504,1610612762,full_core,0,0
2013-14,203505,1610612738,partial,1,1
2013-14,203506,1610612753,full_core,0,0
2013-14,203507,1610612749,full_core,0,0
2013-14,203508,1610612739,full_core,0,0
2013-14,203513,1610612741,partial,1,1
2013-14,203515,1610612738,full_core,0,0
2013-14,203517,1610612744,full_core,0,0
2013-14,203519,1610612753,partial,1,1
2013-14,203519,1610612755,partial,1,1
2013-14,203521,1610612739,full_core,0,0
2013-14,203524,1610612754,full_core,0,0
2013-14,203527,1610612747,full_core,0,0
2013-14,203539,1610612742,full_core,0,0
2013-14,203540,1610612765,full_core,0,0
2013-14,203543,1610612738,full_core,0,0
2013-14,203544,1610612737,full_core,0,0
2013-14,203545,1610612749,full_core,0,0
2013-14,203546,1610612762,full_core,0,0
2013-14,203548,1610612747,full_core,0,0
2013-14,203552,1610612739,partial,1,1
2013-14,203552,1610612763,partial,1,1
2013-14,203561,1610612755,full_core,0,0
2013-14,203569,1610612738,partial,1,1
2013-14,203584,1610612745,full_core,0,0
2013-14,2037,1610612746,full_core,0,0
2013-14,203810,1610612755,partial,1,1
2013-14,203816,1610612739,full_core,0,0
2013-14,2045,1610612746,full_core,0,0
2013-14,2199,1610612752,full_core,0,0
2013-14,2200,1610612747,full_core,0,0
2013-14,2203,1610612748,full_core,0,0
2013-14,2207,1610612751,full_core,0,0
2013-14,2210,1610612762,full_core,0,0
2013-14,2215,1610612751,partial,1,1
2013-14,2216,1610612763,full_core,0,0
2013-14,2222,1610612738,full_core,0,0
2013-14,2223,1610612742,full_core,0,0
2013-14,2224,1610612762,full_core,0,0
2013-14,2225,1610612759,full_core,0,0
2013-14,2229,1610612741,partial,3,1
2013-14,2248,1610612757,full_core,0,0
2013-14,2365,1610612748,full_core,0,0
2013-14,2399,1610612741,full_core,0,0
2013-14,2400,1610612764,partial,1,1
2013-14,2403,1610612764,full_core,0,0
2013-14,2405,1610612752,full_core,0,0
2013-14,2406,1610612749,partial,1,1
2013-14,2406,1610612760,partial,1,1
2013-14,2408,1610612740,partial,1,1
2013-14,2419,1610612763,full_core,0,0
2013-14,2422,1610612758,partial,1,1
2013-14,2422,1610612761,partial,1,1
2013-14,2427,1610612748,partial,1,1
2013-14,2430,1610612741,full_core,0,0
2013-14,2440,1610612746,full_core,0,0
2013-14,2446,1610612754,full_core,0,0
2013-14,2449,1610612754,full_core,0,0
2013-14,2457,1610612766,full_core,0,0
2013-14,2501,1610612751,partial,1,1
2013-14,2501,1610612758,partial,1,1
2013-14,2544,1610612748,full_core,0,0
2013-14,2546,1610612752,full_core,0,0
2013-14,2547,1610612748,full_core,0,0
2013-14,2548,1610612748,full_core,0,0
2013-14,2549,1610612747,full_core,0,0
2013-14,2550,1610612741,full_core,0,0
2013-14,2555,1610612760,full_core,0,0
2013-14,2557,1610612749,partial,1,1
2013-14,2557,1610612766,partial,1,1
2013-14,2561,1610612754,full_core,0,0
2013-14,2564,1610612759,full_core,0,0
2013-14,2566,1610612758,full_core,0,0
2013-14,2570,1610612760,full_core,0,0
2013-14,2571,1610612756,partial,1,1
2013-14,2581,1610612744,partial,1,1
2013-14,2581,1610612747,partial,1,1
2013-14,2584,1610612746,full_core,0,0
2013-14,2585,1610612749,full_core,0,0
2013-14,2586,1610612738,full_core,0,0
2013-14,2588,1610612759,full_core,0,0
2013-14,2590,1610612757,full_core,0,0
2013-14,2592,1610612748,full_core,0,0
2013-14,2594,1610612737,full_core,0,0
2013-14,2617,1610612748,full_core,0,0
2013-14,2694,1610612745,partial,1,1
2013-14,2730,1610612745,full_core,0,0
2013-14,2732,1610612766,partial,1,1
2013-14,2733,1610612751,full_core,0,0
2013-14,2734,1610612742,full_core,0,0
2013-14,2735,1610612740,partial,1,1
2013-14,2736,1610612739,partial,1,1
2013-14,2736,1610612741,partial,1,1
2013-14,2738,1610612744,full_core,0,0
2013-14,2740,1610612762,partial,1,1
2013-14,2743,1610612738,full_core,0,0
2013-14,2744,1610612766,full_core,0,0
2013-14,2746,1610612765,full_core,0,0
2013-14,2747,1610612752,full_core,0,0
2013-14,2748,1610612757,full_core,0,0
2013-14,2749,1610612753,full_core,0,0
2013-14,2754,1610612763,full_core,0,0
2013-14,2755,1610612750,full_core,0,0
2013-14,2756,1610612746,partial,1,1
2013-14,2757,1610612752,partial,1,1
2013-14,2757,1610612763,partial,1,1
2013-14,2760,1610612739,full_core,0,0
2013-14,2767,1610612760,partial,1,1
2013-14,2772,1610612764,full_core,0,0
2013-14,708,1610612751,full_core,0,0
2013-14,951,1610612748,full_core,0,0
2013-14,959,1610612747,full_core,0,0
2013-14,965,1610612760,full_core,0,0
2013-14,977,1610612747,full_core,0,0
2013-14,979,1610612744,full_core,0,0
2014-15,101106,1610612744,full_core,0,0
2014-15,101107,1610612766,full_core,0,0
2014-15,101108,1610612746,full_core,0,0
2014-15,101109,1610612742,full_core,0,0
2014-15,101110,1610612764,full_core,0,0
2014-15,101111,1610612742,full_core,0,0
2014-15,101112,1610612753,full_core,0,0
2014-15,101114,1610612751,full_core,0,0
2014-15,101122,1610612748,partial,1,1
2014-15,101123,1610612756,full_core,0,0
2014-15,101126,1610612743,partial,1,1
2014-15,101126,1610612746,partial,1,1
2014-15,101127,1610612751,full_core,0,0
2014-15,101128,1610612745,partial,1,1
2014-15,101131,1610612766,full_core,0,0
2014-15,101133,1610612754,full_core,0,0
2014-15,101135,1610612744,full_core,0,0
2014-15,101138,1610612738,full_core,0,0
2014-15,101139,1610612754,full_core,0,0
2014-15,101141,1610612749,full_core,0,0
2014-15,101142,1610612750,partial,1,1
2014-15,101145,1610612742,full_core,0,0
2014-15,101150,1610612761,full_core,0,0
2014-15,101161,1610612761,full_core,0,0
2014-15,101162,1610612764,full_core,0,0
2014-15,101179,1610612747,full_core,0,0
2014-15,101181,1610612752,full_core,0,0
2014-15,101183,1610612738,partial,1,1
2014-15,101183,1610612756,partial,1,1
2014-15,101187,1610612751,full_core,0,0
2014-15,101198,1610612764,partial,1,1
2014-15,101236,1610612761,full_core,0,0
2014-15,101249,1610612765,partial,1,1
2014-15,1495,1610612759,full_core,0,0
2014-15,1713,1610612763,full_core,0,0
2014-15,1717,1610612742,full_core,0,0
2014-15,1718,1610612764,full_core,0,0
2014-15,1737,1610612741,full_core,0,0
2014-15,1882,1610612737,full_core,0,0
2014-15,1889,1610612758,partial,1,1
2014-15,1889,1610612764,partial,1,1
2014-15,1890,1610612739,full_core,0,0
2014-15,1891,1610612745,full_core,0,0
2014-15,1905,1610612751,partial,1,1
2014-15,1938,1610612759,full_core,0,0
2014-15,200745,1610612752,full_core,0,0
2014-15,200746,1610612757,full_core,0,0
2014-15,200748,1610612763,partial,1,1
2014-15,200751,1610612743,full_core,0,0
2014-15,200752,1610612758,full_core,0,0
2014-15,200755,1610612746,full_core,0,0
2014-15,200757,1610612737,full_core,0,0
2014-15,200761,1610612748,partial,1,1
2014-15,200761,1610612765,partial,1,1
2014-15,200765,1610612738,partial,1,1
2014-15,200765,1610612742,partial,1,1
2014-15,200768,1610612761,full_core,0,0
2014-15,200769,1610612748,partial,1,1
2014-15,200770,1610612746,partial,1,1
2014-15,200777,1610612757,full_core,0,0
2014-15,200779,1610612760,partial,1,1
2014-15,200779,1610612762,partial,1,1
2014-15,200782,1610612756,full_core,0,0
2014-15,200794,1610612737,full_core,0,0
2014-15,200797,1610612758,full_core,0,0
2014-15,200811,1610612739,partial,1,1
2014-15,200811,1610612752,partial,2,1
2014-15,200826,1610612742,full_core,0,0
2014-15,201142,1610612760,full_core,0,0
2014-15,201143,1610612737,full_core,0,0
2014-15,201144,1610612763,full_core,0,0
2014-15,201145,1610612738,partial,1,1
2014-15,201145,1610612763,partial,1,1
2014-15,201147,1610612745,partial,1,1
2014-15,201147,1610612750,partial,1,1
2014-15,201148,1610612738,partial,1,1
2014-15,201148,1610612742,partial,1,1
2014-15,201148,1610612756,partial,1,1
2014-15,201149,1610612741,full_core,0,0
2014-15,201150,1610612746,full_core,0,0
2014-15,201152,1610612750,partial,1,1
2014-15,201152,1610612751,partial,1,1
2014-15,201155,1610612754,full_core,0,0
2014-15,201156,1610612747,full_core,0,0
2014-15,201158,1610612759,full_core,0,0
2014-15,201160,1610612752,full_core,0,0
2014-15,201162,1610612749,full_core,0,0
2014-15,201163,1610612743,full_core,0,0
2014-15,201166,1610612741,full_core,0,0
2014-15,201167,1610612743,partial,1,1
2014-15,201167,1610612757,partial,1,1
2014-15,201168,1610612759,full_core,0,0
2014-15,201171,1610612758,full_core,0,0
2014-15,201175,1610612746,full_core,0,0
2014-15,201177,1610612748,full_core,0,0
2014-15,201188,1610612763,full_core,0,0
2014-15,201196,1610612758,partial,1,1
2014-15,201196,1610612764,partial,1,1
2014-15,201202,1610612765,full_core,0,0
2014-15,201228,1610612754,full_core,0,0
2014-15,201229,1610612756,partial,1,1
2014-15,201229,1610612765,partial,1,1
2014-15,201563,1610612748,partial,1,1
2014-15,201564,1610612749,full_core,0,0
2014-15,201565,1610612741,full_core,0,0
2014-15,201566,1610612760,full_core,0,0
2014-15,201567,1610612739,full_core,0,0
2014-15,201568,1610612743,full_core,0,0
2014-15,201569,1610612740,full_core,0,0
2014-15,201571,1610612760,partial,1,1
2014-15,201571,1610612765,partial,1,1
2014-15,201572,1610612751,full_core,0,0
2014-15,201573,1610612749,full_core,0,0
2014-15,201574,1610612758,full_core,0,0
2014-15,201575,1610612744,full_core,0,0
2014-15,201577,1610612757,full_core,0,0
2014-15,201578,1610612744,full_core,0,0
2014-15,201579,1610612754,full_core,0,0
2014-15,201580,1610612743,partial,1,1
2014-15,201580,1610612755,partial,1,1
2014-15,201581,1610612743,full_core,0,0
2014-15,201582,1610612740,full_core,0,0
2014-15,201583,1610612740,full_core,0,0
2014-15,201584,1610612763,full_core,0,0
2014-15,201585,1610612763,full_core,0,0
2014-15,201586,1610612760,full_core,0,0
2014-15,201587,1610612757,full_core,0,0
2014-15,201588,1610612754,full_core,0,0
2014-15,201589,1610612743,full_core,0,0
2014-15,201593,1610612750,full_core,0,0
2014-15,201595,1610612745,full_core,0,0
2014-15,201596,1610612748,full_core,0,0
2014-15,201599,1610612746,full_core,0,0
2014-15,201600,1610612740,full_core,0,0
2014-15,201601,1610612755,full_core,0,0
2014-15,201604,1610612746,partial,1,1
2014-15,201609,1610612748,partial,1,1
2014-15,201609,1610612756,partial,1,1
2014-15,201611,1610612748,partial,1,1
2014-15,201627,1610612760,full_core,0,0
2014-15,201858,1610612765,full_core,0,0
2014-15,201880,1610612761,full_core,0,0
2014-15,201933,1610612746,full_core,0,0
2014-15,201935,1610612745,full_core,0,0
2014-15,201936,1610612740,full_core,0,0
2014-15,201937,1610612750,full_core,0,0
2014-15,201939,1610612744,full_core,0,0
2014-15,201941,1610612747,full_core,0,0
2014-15,201942,1610612761,full_core,0,0
2014-15,201943,1610612765,full_core,0,0
2014-15,201945,1610612766,full_core,0,0
2014-15,201946,1610612761,full_core,0,0
2014-15,201947,1610612751,partial,1,1
2014-15,201948,1610612737,partial,1,1
2014-15,201948,1610612759,partial,1,1
2014-15,201949,1610612761,full_core,0,0
2014-15,201950,1610612740,full_core,0,0
2014-15,201951,1610612743,full_core,0,0
2014-15,201952,1610612737,full_core,0,0
2014-15,201954,1610612758,full_core,0,0
2014-15,201956,1610612758,full_core,0,0
2014-15,201959,1610612741,full_core,0,0
2014-15,201960,1610612737,full_core,0,0
2014-15,201961,1610612747,full_core,0,0
2014-15,201962,1610612740,partial,2,1
2014-15,201964,1610612757,partial,1,1
2014-15,201965,1610612759,full_core,0,0
2014-15,201967,1610612740,partial,1,1
2014-15,201971,1610612764,full_core,0,0
2014-15,201973,1610612738,partial,1,1
2014-15,201973,1610612765,partial,1,1
2014-15,201975,1610612765,full_core,0,0
2014-15,201976,1610612745,full_core,0,0
2014-15,201977,1610612738,partial,1,1
2014-15,201977,1610612756,partial,1,1
2014-15,201978,1610612750,full_core,0,0
2014-15,201979,1610612763,full_core,0,0
2014-15,201980,1610612759,full_core,0,0
2014-15,201985,1610612739,partial,2,1
2014-15,201985,1610612754,partial,1,1
2014-15,201985,1610612756,partial,1,1
2014-15,201988,1610612759,full_core,0,0
2014-15,201991,1610612746,partial,2,1
2014-15,202066,1610612764,full_core,0,0
2014-15,202077,1610612756,partial,1,1
2014-15,202083,1610612757,full_core,0,0
2014-15,202087,1610612743,partial,1,1
2014-15,202087,1610612757,partial,1,1
2014-15,202130,1610612759,partial,1,1
2014-15,202322,1610612764,full_core,0,0
2014-15,202323,1610612738,full_core,0,0
2014-15,202324,1610612762,full_core,0,0
2014-15,202325,1610612747,full_core,0,0
2014-15,202326,1610612758,full_core,0,0
2014-15,202327,1610612746,full_core,0,0
2014-15,202328,1610612765,full_core,0,0
2014-15,202329,1610612742,full_core,0,0
2014-15,202330,1610612762,full_core,0,0
2014-15,202331,1610612754,full_core,0,0
2014-15,202332,1610612752,full_core,0,0
2014-15,202333,1610612747,partial,1,1
2014-15,202334,1610612747,full_core,0,0
2014-15,202335,1610612761,full_core,0,0
2014-15,202336,1610612749,partial,1,1
2014-15,202337,1610612740,full_core,0,0
2014-15,202338,1610612764,full_core,0,0
2014-15,202339,1610612756,full_core,0,0
2014-15,202340,1610612738,full_core,0,0
2014-15,202343,1610612740,partial,1,1
2014-15,202343,1610612762,partial,1,1
2014-15,202344,1610612762,full_core,0,0
2014-15,202347,1610612740,partial,1,1
2014-15,202347,1610612763,partial,1,1
2014-15,202349,1610612761,full_core,0,0
2014-15,202355,1610612748,partial,1,1
2014-15,202361,1610612761,full_core,0,0
2014-15,202362,1610612766,full_core,0,0
2014-15,202366,1610612751,full_core,0,0
2014-15,202379,1610612762,full_core,0,0
2014-15,202388,1610612754,full_core,0,0
2014-15,202389,1610612739,partial,1,1
2014-15,202389,1610612743,partial,1,1
2014-15,202390,1610612750,partial,1,1
2014-15,202390,1610612766,partial,1,1
2014-15,202391,1610612747,full_core,0,0
2014-15,202397,1610612755,partial,1,1
2014-15,202397,1610612760,partial,1,1
2014-15,202399,1610612750,partial,1,1
2014-15,202407,1610612762,partial,1,1
2014-15,202498,1610612752,partial,2,1
2014-15,202498,1610612760,partial,1,1
2014-15,202620,1610612750,partial,1,1
2014-15,202681,1610612739,full_core,0,0
2014-15,202682,1610612758,full_core,0,0
2014-15,202683,1610612760,partial,1,1
2014-15,202683,1610612762,partial,1,1
2014-15,202684,1610612739,full_core,0,0
2014-15,202685,1610612761,full_core,0,0
2014-15,202687,1610612766,full_core,0,0
2014-15,202688,1610612749,partial,1,1
2014-15,202688,1610612756,partial,1,1
2014-15,202689,1610612766,full_core,0,0
2014-15,202690,1610612740,full_core,0,0
2014-15,202691,1610612744,full_core,0,0
2014-15,202692,1610612762,full_core,0,0
2014-15,202693,1610612756,full_core,0,0
2014-15,202694,1610612756,full_core,0,0
2014-15,202695,1610612759,full_core,0,0
2014-15,202696,1610612753,full_core,0,0
2014-15,202697,1610612739,partial,1,1
2014-15,202697,1610612752,partial,1,1
2014-15,202699,1610612753,full_core,0,0
2014-15,202700,1610612745,full_core,0,0
2014-15,202702,1610612743,full_core,0,0
2014-15,202703,1610612741,full_core,0,0
2014-15,202704,1610612760,partial,1,1
2014-15,202704,1610612765,partial,1,1
2014-15,202706,1610612746,partial,2,1
2014-15,202708,1610612740,partial,1,1
2014-15,202708,1610612748,partial,1,1
2014-15,202709,1610612759,full_core,0,0
2014-15,202710,1610612741,full_core,0,0
2014-15,202711,1610612751,full_core,0,0
2014-15,202713,1610612760,partial,1,1
2014-15,202713,1610612765,partial,1,1
2014-15,202714,1610612737,full_core,0,0
2014-15,202718,1610612742,full_core,0,0
2014-15,202720,1610612763,full_core,0,0
2014-15,202721,1610612751,partial,1,1
2014-15,202723,1610612755,partial,1,1
2014-15,202730,1610612754,full_core,0,0
2014-15,202734,1610612741,full_core,0,0
2014-15,202738,1610612738,partial,1,1
2014-15,202738,1610612756,partial,1,1
2014-15,202779,1610612747,partial,1,1
2014-15,202952,1610612755,partial,2,1
2014-15,202962,1610612742,full_core,0,0
2014-15,2030,1610612749,partial,1,1
2014-15,203076,1610612740,full_core,0,0
2014-15,203077,1610612766,full_core,0,0
2014-15,203078,1610612764,full_core,0,0
2014-15,203079,1610612739,partial,1,1
2014-15,203079,1610612760,partial,1,1
2014-15,203080,1610612755,partial,1,1
2014-15,203080,1610612757,partial,1,1
2014-15,203081,1610612757,full_core,0,0
2014-15,203082,1610612761,full_core,0,0
2014-15,203083,1610612765,full_core,0,0
2014-15,203084,1610612744,full_core,0,0
2014-15,203085,1610612740,partial,1,1
2014-15,203085,1610612746,partial,1,1
2014-15,203086,1610612757,full_core,0,0
2014-15,203087,1610612760,full_core,0,0
2014-15,203088,1610612749,partial,1,1
2014-15,203089,1610612749,full_core,0,0
2014-15,203090,1610612753,full_core,0,0
2014-15,203092,1610612738,full_core,0,0
2014-15,203093,1610612745,full_core,0,0
2014-15,203094,1610612753,full_core,0,0
2014-15,203095,1610612753,full_core,0,0
2014-15,203096,1610612738,full_core,0,0
2014-15,203098,1610612737,full_core,0,0
2014-15,203099,1610612746,partial,1,1
2014-15,203100,1610612755,full_core,0,0
2014-15,203101,1610612749,partial,1,1
2014-15,203101,1610612756,partial,1,1
2014-15,203103,1610612760,full_core,0,0
2014-15,203105,1610612744,full_core,0,0
2014-15,203106,1610612766,full_core,0,0
2014-15,203108,1610612742,partial,1,1
2014-15,203109,1610612738,partial,1,1
2014-15,203109,1610612742,partial,1,1
2014-15,203110,1610612744,full_core,0,0
2014-15,203112,1610612752,full_core,0,0
2014-15,203113,1610612758,partial,2,1
2014-15,203113,1610612765,partial,1,1
2014-15,203114,1610612749,full_core,0,0
2014-15,203115,1610612743,partial,1,1
2014-15,203115,1610612757,partial,1,1
2014-15,203118,1610612737,full_core,0,0
2014-15,203120,1610612748,partial,1,1
2014-15,203120,1610612750,partial,1,1
2014-15,203121,1610612740,partial,1,1
2014-15,203123,1610612745,full_core,0,0
2014-15,203124,1610612753,full_core,0,0
2014-15,203128,1610612755,partial,1,1
2014-15,203133,1610612750,full_core,0,0
2014-15,203135,1610612747,full_core,0,0
2014-15,203136,1610612744,full_core,0,0
2014-15,203138,1610612755,full_core,0,0
2014-15,203141,1610612751,full_core,0,0
2014-15,203142,1610612754,full_core,0,0
2014-15,203143,1610612745,partial,1,1
2014-15,203143,1610612752,partial,1,1
2014-15,203144,1610612745,partial,1,1
2014-15,203144,1610612752,partial,1,1
2014-15,203144,1610612755,partial,1,1
2014-15,203145,1610612737,full_core,0,0
2014-15,203148,1610612766,full_core,0,0
2014-15,203156,1610612755,full_core,0,0
2014-15,203187,1610612749,partial,1,1
2014-15,203187,1610612755,partial,1,1
2014-15,203187,1610612762,partial,2,1
2014-15,203200,1610612744,full_core,0,0
2014-15,203210,1610612759,partial,1,1
2014-15,203210,1610612763,partial,2,1
2014-15,203268,1610612749,partial,2,1
2014-15,203268,1610612751,partial,1,1
2014-15,203315,1610612762,partial,1,1
2014-15,203315,1610612764,partial,1,1
2014-15,203318,1610612764,partial,1,1
2014-15,203382,1610612759,full_core,0,0
2014-15,2034,1610612739,full_core,0,0
2014-15,203457,1610612755,full_core,0,0
2014-15,203458,1610612756,full_core,0,0
2014-15,203459,1610612757,full_core,0,0
2014-15,203460,1610612760,full_core,0,0
2014-15,203461,1610612750,full_core,0,0
2014-15,203462,1610612756,full_core,0,0
2014-15,203463,1610612758,full_core,0,0
2014-15,203468,1610612757,full_core,0,0
2014-15,203469,1610612766,full_core,0,0
2014-15,203471,1610612737,full_core,0,0
2014-15,203473,1610612753,full_core,0,0
2014-15,203475,1610612743,full_core,0,0
2014-15,203476,1610612750,full_core,0,0
2014-15,203477,1610612745,partial,1,1
2014-15,203477,1610612755,partial,1,1
2014-15,203479,1610612743,partial,1,1
2014-15,203481,1610612740,full_core,0,0
2014-15,203482,1610612738,full_core,0,0
2014-15,203484,1610612765,full_core,0,0
2014-15,203485,1610612750,partial,2,1
2014-15,203486,1610612751,full_core,0,0
2014-15,203487,1610612749,partial,1,1
2014-15,203487,1610612755,partial,1,1
2014-15,203488,1610612737,full_core,0,0
2014-15,203489,1610612740,partial,1,1
2014-15,203489,1610612749,partial,1,1
2014-15,203490,1610612764,full_core,0,0
2014-15,203492,1610612758,full_core,0,0
2014-15,203493,1610612746,partial,1,1
2014-15,203493,1610612756,partial,1,1
2014-15,203495,1610612742,partial,1,1
2014-15,203495,1610612752,partial,1,1
2014-15,203496,1610612755,partial,1,1
2014-15,203497,1610612762,full_core,0,0
2014-15,203498,1610612750,full_core,0,0
2014-15,203499,1610612752,full_core,0,0
2014-15,203500,1610612760,full_core,0,0
2014-15,203501,1610612752,full_core,0,0
2014-15,203503,1610612741,full_core,0,0
2014-15,203504,1610612762,full_core,0,0
2014-15,203505,1610612747,partial,1,1
2014-15,203506,1610612753,full_core,0,0
2014-15,203507,1610612749,full_core,0,0
2014-15,203508,1610612751,full_core,0,0
2014-15,203511,1610612760,partial,1,1
2014-15,203511,1610612762,partial,1,1
2014-15,203512,1610612761,full_core,0,0
2014-15,203515,1610612738,full_core,0,0
2014-15,203516,1610612748,full_core,0,0
2014-15,203521,1610612739,full_core,0,0
2014-15,203524,1610612754,full_core,0,0
2014-15,203527,1610612747,full_core,0,0
2014-15,203530,1610612743,full_core,0,0
2014-15,203539,1610612740,partial,1,1
2014-15,203540,1610612738,partial,1,1
2014-15,203540,1610612765,partial,1,1
2014-15,203544,1610612737,full_core,0,0
2014-15,203545,1610612750,partial,1,1
2014-15,203546,1610612743,partial,1,1
2014-15,203546,1610612762,partial,1,1
2014-15,203552,1610612756,partial,1,1
2014-15,203561,1610612751,partial,1,1
2014-15,203561,1610612755,partial,1,1
2014-15,203564,1610612763,partial,2,1
2014-15,203565,1610612762,partial,1,1
2014-15,203580,1610612755,partial,1,1
2014-15,203584,1610612745,partial,1,1
2014-15,203584,1610612750,partial,1,1
2014-15,203584,1610612766,partial,1,1
2014-15,2037,1610612746,full_core,0,0
2014-15,203798,1610612766,full_core,0,0
2014-15,203805,1610612739,partial,1,1
2014-15,203893,1610612740,partial,1,1
2014-15,203893,1610612763,partial,1,1
2014-15,203894,1610612748,full_core,0,0
2014-15,203897,1610612750,full_core,0,0
2014-15,203898,1610612749,partial,1,1
2014-15,203898,1610612756,partial,1,1
2014-15,203900,1610612751,full_core,0,0
2014-15,203901,1610612753,full_core,0,0
2014-15,203903,1610612747,full_core,0,0
2014-15,203906,1610612753,full_core,0,0
2014-15,203909,1610612745,partial,1,1
2014-15,203909,1610612755,partial,1,1
2014-15,203910,1610612745,full_core,0,0
2014-15,203912,1610612746,full_core,0,0
2014-15,203913,1610612747,partial,1,1
2014-15,203914,1610612743,full_core,0,0
2014-15,203915,1610612765,full_core,0,0
2014-15,203917,1610612758,full_core,0,0
2014-15,203918,1610612762,full_core,0,0
2014-15,203919,1610612763,full_core,0,0
2014-15,203921,1610612752,full_core,0,0
2014-15,203922,1610612750,partial,1,1
2014-15,203922,1610612755,partial,1,1
2014-15,203923,1610612738,full_core,0,0
2014-15,203924,1610612755,full_core,0,0
2014-15,203925,1610612739,full_core,0,0
2014-15,203926,1610612741,full_core,0,0
2014-15,203928,1610612751,full_core,0,0
2014-15,203930,1610612750,partial,1,1
2014-15,203932,1610612753,full_core,0,0
2014-15,203933,1610612756,full_core,0,0
2014-15,203935,1610612738,full_core,0,0
2014-15,203937,1610612759,full_core,0,0
2014-15,203939,1610612738,partial,1,1
2014-15,203939,1610612742,partial,1,1
2014-15,203940,1610612737,partial,1,1
2014-15,203940,1610612750,partial,1,1
2014-15,203943,1610612766,full_core,0,0
2014-15,203944,1610612747,full_core,0,0
2014-15,203945,1610612739,partial,1,1
2014-15,203946,1610612741,full_core,0,0
2014-15,203948,1610612749,full_core,0,0
2014-15,203949,1610612744,partial,3,1
2014-15,203950,1610612763,full_core,0,0
2014-15,203952,1610612750,full_core,0,0
2014-15,203953,1610612749,full_core,0,0
2014-15,203955,1610612762,partial,1,1
2014-15,203956,1610612760,full_core,0,0
2014-15,203957,1610612762,full_core,0,0
2014-15,203958,1610612748,partial,1,1
2014-15,203960,1610612755,full_core,0,0
2014-15,203961,1610612758,full_core,0,0
2014-15,203963,1610612754,full_core,0,0
2014-15,203968,1610612762,partial,1,1
2014-15,203991,1610612745,full_core,0,0
2014-15,203994,1610612743,full_core,0,0
2014-15,203998,1610612761,full_core,0,0
2014-15,204014,1610612754,full_core,0,0
2014-15,204020,1610612748,partial,2,1
2014-15,204021,1610612758,partial,1,1
2014-15,204022,1610612762,partial,2,1
2014-15,204025,1610612755,partial,2,1
2014-15,204025,1610612757,partial,1,1
2014-15,204028,1610612745,partial,1,1
2014-15,204028,1610612747,partial,1,1
2014-15,204033,1610612758,partial,1,1
2014-15,204037,1610612752,full_core,0,0
2014-15,204038,1610612752,partial,1,1
2014-15,204054,1610612748,partial,1,1
2014-15,204054,1610612756,partial,1,1
2014-15,204060,1610612762,full_core,0,0
2014-15,204065,1610612758,partial,2,1
2014-15,204079,1610612755,partial,1,1
2014-15,2045,1610612746,full_core,0,0
2014-15,2199,1610612742,full_core,0,0
2014-15,2200,1610612741,full_core,0,0
2014-15,2202,1610612755,full_core,0,0
2014-15,2207,1610612751,full_core,0,0
2014-15,2210,1610612742,full_core,0,0
2014-15,2216,1610612763,full_core,0,0
2014-15,2217,1610612739,full_core,0,0
2014-15,2222,1610612738,full_core,0,0
2014-15,2223,1610612752,partial,1,1
2014-15,2225,1610612759,full_core,0,0
2014-15,2365,1610612748,full_core,0,0
2014-15,2399,1610612741,full_core,0,0
2014-15,2400,1610612764,full_core,0,0
2014-15,2403,1610612764,full_core,0,0
2014-15,2405,1610612742,partial,1,1
2014-15,2405,1610612752,partial,1,1
2014-15,2406,1610612765,full_core,0,0
2014-15,2419,1610612738,partial,1,1
2014-15,2419,1610612763,partial,1,1
2014-15,2419,1610612765,partial,1,1
2014-15,2422,1610612740,partial,1,1
2014-15,2430,1610612747,full_core,0,0
2014-15,2440,1610612746,full_core,0,0
2014-15,2446,1610612764,full_core,0,0
2014-15,2449,1610612754,full_core,0,0
2014-15,2457,1610612766,partial,1,1
2014-15,2501,1610612758,full_core,0,0
2014-15,2544,1610612739,full_core,0,0
2014-15,2546,1610612752,full_core,0,0
2014-15,2547,1610612748,full_core,0,0
2014-15,2548,1610612748,full_core,0,0
2014-15,2549,1610612757,full_core,0,0
2014-15,2550,1610612741,full_core,0,0
2014-15,2555,1610612760,full_core,0,0
2014-15,2557,1610612753,full_core,0,0
2014-15,2561,1610612754,full_core,0,0
2014-15,2563,1610612746,partial,1,1
2014-15,2564,1610612759,full_core,0,0
2014-15,2570,1610612739,partial,1,1
2014-15,2570,1610612760,partial,1,1
2014-15,2571,1610612744,full_core,0,0
2014-15,2581,1610612757,full_core,0,0
2014-15,2584,1610612753,full_core,0,0
2014-15,2585,1610612749,full_core,0,0
2014-15,2588,1610612759,full_core,0,0
2014-15,2590,1610612750,partial,1,1
2014-15,2590,1610612766,partial,1,1
2014-15,2592,1610612739,full_core,0,0
2014-15,2594,1610612737,full_core,0,0
2014-15,2617,1610612748,full_core,0,0
2014-15,2730,1610612745,full_core,0,0
2014-15,2732,1610612753,full_core,0,0
2014-15,2733,1610612744,full_core,0,0
2014-15,2734,1610612742,full_core,0,0
2014-15,2736,1610612748,full_core,0,0
2014-15,2738,1610612744,full_core,0,0
2014-15,2742,1610612760,partial,1,1
2014-15,2743,1610612764,full_core,0,0
2014-15,2744,1610612766,full_core,0,0
2014-15,2746,1610612745,partial,1,1
2014-15,2746,1610612765,partial,1,1
2014-15,2747,1610612739,partial,1,1
2014-15,2747,1610612752,partial,1,1
2014-15,2748,1610612757,full_core,0,0
2014-15,2749,1610612738,partial,1,1
2014-15,2749,1610612742,partial,1,1
2014-15,2749,1610612743,partial,1,1
2014-15,2754,1610612763,full_core,0,0
2014-15,2755,1610612750,full_core,0,0
2014-15,2757,1610612763,full_core,0,0
2014-15,2760,1610612739,full_core,0,0
2014-15,2772,1610612745,full_core,0,0
2014-15,2853,1610612756,partial,1,1
2014-15,708,1610612750,partial,1,1
2014-15,708,1610612751,partial,1,1
2014-15,977,1610612747,full_core,0,0
2015-16,101106,1610612744,full_core,0,0
2015-16,101107,1610612766,full_core,0,0
2015-16,101108,1610612746,full_core,0,0
2015-16,101109,1610612742,full_core,0,0
2015-16,101111,1610612742,full_core,0,0
2015-16,101112,1610612739,partial,1,1
2015-16,101112,1610612753,partial,1,1
2015-16,101114,1610612742,full_core,0,0
2015-16,101123,1610612748,full_core,0,0
2015-16,101126,1610612740,partial,1,1
2015-16,101127,1610612751,full_core,0,0
2015-16,101133,1610612754,full_core,0,0
2015-16,101135,1610612738,partial,1,1
2015-16,101135,1610612742,partial,1,1
2015-16,101138,1610612747,full_core,0,0
2015-16,101139,1610612754,full_core,0,0
2015-16,101141,1610612753,partial,1,1
2015-16,101141,1610612765,partial,1,1
2015-16,101145,1610612754,full_core,0,0
2015-16,101150,1610612747,full_core,0,0
2015-16,101161,1610612738,full_core,0,0
2015-16,101162,1610612764,full_core,0,0
2015-16,101179,1610612756,full_core,0,0
2015-16,101181,1610612752,full_core,0,0
2015-16,101187,1610612764,full_core,0,0
2015-16,101236,1610612745,partial,1,1
2015-16,1495,1610612759,full_core,0,0
2015-16,1626143,1610612755,full_core,0,0
2015-16,1626144,1610612743,full_core,0,0
2015-16,1626145,1610612750,full_core,0,0
2015-16,1626146,1610612757,full_core,0,0
2015-16,1626147,1610612742,full_core,0,0
2015-16,1626148,1610612747,full_core,0,0
2015-16,1626149,1610612745,full_core,0,0
2015-16,1626151,1610612766,full_core,0,0
2015-16,1626153,1610612761,full_core,0,0
2015-16,1626154,1610612738,full_core,0,0
2015-16,1626155,1610612745,full_core,0,0
2015-16,1626156,1610612747,full_core,0,0
2015-16,1626157,1610612750,full_core,0,0
2015-16,1626158,1610612755,full_core,0,0
2015-16,1626159,1610612748,full_core,0,0
2015-16,1626161,1610612758,full_core,0,0
2015-16,1626162,1610612764,full_core,0,0
2015-16,1626163,1610612766,full_core,0,0
2015-16,1626164,1610612756,full_core,0,0
2015-16,1626166,1610612760,full_core,0,0
2015-16,1626167,1610612754,full_core,0,0
2015-16,1626168,1610612762,full_core,0,0
2015-16,1626169,1610612765,full_core,0,0
2015-16,1626170,1610612752,full_core,0,0
2015-16,1626171,1610612741,full_core,0,0
2015-16,1626172,1610612744,full_core,0,0
2015-16,1626173,1610612749,full_core,0,0
2015-16,1626174,1610612755,partial,3,1
2015-16,1626175,1610612738,full_core,0,0
2015-16,1626176,1610612754,full_core,0,0
2015-16,1626178,1610612751,full_core,0,0
2015-16,1626179,1610612738,full_core,0,0
2015-16,1626181,1610612761,full_core,0,0
2015-16,1626183,1610612746,full_core,0,0
2015-16,1626185,1610612763,full_core,0,0
2015-16,1626191,1610612751,full_core,0,0
2015-16,1626192,1610612757,full_core,0,0
2015-16,1626196,1610612748,full_core,0,0
2015-16,1626199,1610612765,full_core,0,0
2015-16,1626202,1610612754,full_core,0,0
2015-16,1626204,1610612747,full_core,0,0
2015-16,1626209,1610612753,full_core,0,0
2015-16,1626210,1610612756,partial,1,1
2015-16,1626214,1610612740,partial,3,1
2015-16,1626242,1610612757,full_core,0,0
2015-16,1626245,1610612741,full_core,0,0
2015-16,1626246,1610612759,full_core,0,0
2015-16,1626251,1610612758,full_core,0,0
2015-16,1626253,1610612743,partial,2,1
2015-16,1626257,1610612742,full_core,0,0
2015-16,1626262,1610612738,partial,1,1
2015-16,1626266,1610612762,partial,1,1
2015-16,1626273,1610612747,full_core,0,0
2015-16,1627293,1610612746,partial,2,1
2015-16,1627293,1610612763,partial,1,1
2015-16,1627362,1610612748,partial,1,1
2015-16,1627362,1610612763,partial,1,1
2015-16,1713,1610612763,full_core,0,0
2015-16,1717,1610612742,full_core,0,0
2015-16,1718,1610612746,full_core,0,0
2015-16,1737,1610612760,partial,1,1
2015-16,1882,1610612755,partial,1,1
2015-16,1889,1610612750,partial,1,1
2015-16,1889,1610612759,partial,1,1
2015-16,1891,1610612745,full_core,0,0
2015-16,1897,1610612747,full_core,0,0
2015-16,1938,1610612759,full_core,0,0
2015-16,200745,1610612751,partial,1,1
2015-16,200746,1610612759,full_core,0,0
2015-16,200751,1610612743,partial,1,1
2015-16,200751,1610612760,partial,1,1
2015-16,200752,1610612758,full_core,0,0
2015-16,200755,1610612746,full_core,0,0
2015-16,200757,1610612737,full_core,0,0
2015-16,200765,1610612758,full_core,0,0
2015-16,200768,1610612761,full_core,0,0
2015-16,200770,1610612763,partial,1,1
2015-16,200779,1610612749,partial,1,1
2015-16,200779,1610612760,partial,1,1
2015-16,200782,1610612756,full_core,0,0
2015-16,200794,1610612737,full_core,0,0
2015-16,200797,1610612763,partial,4,1
2015-16,200797,1610612764,partial,1,1
2015-16,200811,1610612752,full_core,0,0
2015-16,200826,1610612742,full_core,0,0
2015-16,201142,1610612760,full_core,0,0
2015-16,201143,1610612737,full_core,0,0
2015-16,201144,1610612763,full_core,0,0
2015-16,201145,1610612746,partial,1,1
2015-16,201145,1610612763,partial,1,1
2015-16,201147,1610612745,full_core,0,0
2015-16,201148,1610612763,full_core,0,0
2015-16,201149,1610612741,full_core,0,0
2015-16,201150,1610612766,full_core,0,0
2015-16,201152,1610612751,full_core,0,0
2015-16,201155,1610612754,full_core,0,0
2015-16,201156,1610612747,full_core,0,0
2015-16,201158,1610612758,full_core,0,0
2015-16,201160,1610612753,full_core,0,0
2015-16,201162,1610612764,full_core,0,0
2015-16,201166,1610612741,full_core,0,0
2015-16,201167,1610612752,full_core,0,0
2015-16,201168,1610612737,full_core,0,0
2015-16,201171,1610612755,full_core,0,0
2015-16,201177,1610612748,full_core,0,0
2015-16,201188,1610612763,full_core,0,0
2015-16,201196,1610612764,full_core,0,0
2015-16,201202,1610612765,partial,1,1
2015-16,201228,1610612753,full_core,0,0
2015-16,201229,1610612765,full_core,0,0
2015-16,201563,1610612745,partial,1,1
2015-16,201564,1610612749,full_core,0,0
2015-16,201565,1610612741,full_core,0,0
2015-16,201566,1610612760,full_core,0,0
2015-16,201567,1610612739,full_core,0,0
2015-16,201568,1610612743,full_core,0,0
2015-16,201569,1610612740,full_core,0,0
2015-16,201571,1610612743,partial,1,1
2015-16,201571,1610612760,partial,1,1
2015-16,201572,1610612751,full_core,0,0
2015-16,201573,1610612749,full_core,0,0
2015-16,201574,1610612744,partial,1,1
2015-16,201574,1610612761,partial,1,1
2015-16,201575,1610612744,full_core,0,0
2015-16,201577,1610612752,full_core,0,0
2015-16,201578,1610612744,full_core,0,0
2015-16,201579,1610612747,full_core,0,0
2015-16,201580,1610612742,full_core,0,0
2015-16,201581,1610612743,partial,1,1
2015-16,201581,1610612764,partial,1,1
2015-16,201582,1610612740,full_core,0,0
2015-16,201583,1610612740,full_core,0,0
2015-16,201584,1610612763,partial,1,1
2015-16,201584,1610612766,partial,1,1
2015-16,201585,1610612758,full_core,0,0
2015-16,201586,1610612760,full_core,0,0
2015-16,201587,1610612766,full_core,0,0
2015-16,201588,1610612754,full_core,0,0
2015-16,201589,1610612743,full_core,0,0
2015-16,201593,1610612750,full_core,0,0
2015-16,201596,1610612748,partial,1,1
2015-16,201596,1610612763,partial,1,1
2015-16,201599,1610612746,full_core,0,0
2015-16,201600,1610612740,full_core,0,0
2015-16,201601,1610612746,full_core,0,0
2015-16,201603,1610612755,partial,1,1
2015-16,201603,1610612756,partial,1,1
2015-16,201609,1610612748,full_core,0,0
2015-16,201619,1610612739,full_core,0,0
2015-16,201627,1610612760,full_core,0,0
2015-16,201933,1610612746,full_core,0,0
2015-16,201935,1610612745,full_core,0,0
2015-16,201936,1610612740,full_core,0,0
2015-16,201937,1610612750,full_core,0,0
2015-16,201939,1610612744,full_core,0,0
2015-16,201941,1610612754,full_core,0,0
2015-16,201942,1610612761,full_core,0,0
2015-16,201943,1610612753,partial,1,1
2015-16,201943,1610612765,partial,1,1
2015-16,201945,1610612757,full_core,0,0
2015-16,201946,1610612766,full_core,0,0
2015-16,201949,1610612761,full_core,0,0
2015-16,201950,1610612740,full_core,0,0
2015-16,201951,1610612745,partial,1,1
2015-16,201951,1610612754,partial,1,1
2015-16,201952,1610612737,full_core,0,0
2015-16,201954,1610612758,full_core,0,0
2015-16,201956,1610612758,full_core,0,0
2015-16,201959,1610612741,full_core,0,0
2015-16,201960,1610612761,full_core,0,0
2015-16,201961,1610612751,full_core,0,0
2015-16,201962,1610612740,partial,1,1
2015-16,201965,1610612746,partial,2,1
2015-16,201967,1610612740,full_core,0,0
2015-16,201971,1610612764,partial,1,1
2015-16,201973,1610612738,full_core,0,0
2015-16,201975,1610612765,full_core,0,0
2015-16,201976,1610612745,full_core,0,0
2015-16,201977,1610612745,partial,1,1
2015-16,201977,1610612764,partial,1,1
2015-16,201978,1610612754,partial,1,1
2015-16,201978,1610612756,partial,1,1
2015-16,201980,1610612759,full_core,0,0
2015-16,201988,1610612759,full_core,0,0
2015-16,202066,1610612764,full_core,0,0
2015-16,202083,1610612742,full_core,0,0
2015-16,202087,1610612740,full_core,0,0
2015-16,202322,1610612764,full_core,0,0
2015-16,202323,1610612738,full_core,0,0
2015-16,202324,1610612762,full_core,0,0
2015-16,202325,1610612746,full_core,0,0
2015-16,202326,1610612758,full_core,0,0
2015-16,202328,1610612749,full_core,0,0
2015-16,202329,1610612757,full_core,0,0
2015-16,202330,1610612762,full_core,0,0
2015-16,202331,1610612754,full_core,0,0
2015-16,202332,1610612746,full_core,0,0
2015-16,202334,1610612757,full_core,0,0
2015-16,202335,1610612761,full_core,0,0
2015-16,202337,1610612740,full_core,0,0
2015-16,202338,1610612752,full_core,0,0
2015-16,202339,1610612756,full_core,0,0
2015-16,202340,1610612738,full_core,0,0
2015-16,202341,1610612758,full_core,0,0
2015-16,202343,1610612763,partial,1,1
2015-16,202344,1610612762,full_core,0,0
2015-16,202349,1610612749,full_core,0,0
2015-16,202353,1610612762,full_core,0,0
2015-16,202355,1610612748,full_core,0,0
2015-16,202357,1610612750,full_core,0,0
2015-16,202362,1610612746,partial,1,1
2015-16,202362,1610612763,partial,1,1
2015-16,202379,1610612742,full_core,0,0
2015-16,202388,1610612751,full_core,0,0
2015-16,202389,1610612739,full_core,0,0
2015-16,202390,1610612764,partial,1,1
2015-16,202391,1610612766,full_core,0,0
2015-16,202397,1610612740,partial,1,1
2015-16,202397,1610612755,partial,1,1
2015-16,202407,1610612762,partial,1,1
2015-16,202498,1610612752,full_core,0,0
2015-16,202681,1610612739,full_core,0,0
2015-16,202682,1610612752,full_core,0,0
2015-16,202683,1610612760,full_core,0,0
2015-16,202684,1610612739,full_core,0,0
2015-16,202685,1610612761,full_core,0,0
2015-16,202687,1610612761,full_core,0,0
2015-16,202688,1610612756,full_core,0,0
2015-16,202689,1610612766,full_core,0,0
2015-16,202690,1610612740,partial,1,1
2015-16,202690,1610612752,partial,1,1
2015-16,202691,1610612744,full_core,0,0
2015-16,202692,1610612762,full_core,0,0
2015-16,202693,1610612756,partial,1,1
2015-16,202693,1610612764,partial,1,1
2015-16,202694,1610612765,full_core,0,0
2015-16,202695,1610612759,full_core,0,0
2015-16,202696,1610612753,full_core,0,0
2015-16,202697,1610612739,full_core,0,0
2015-16,202699,1610612753,partial,1,1
2015-16,202699,1610612765,partial,1,1
2015-16,202700,1610612745,partial,1,1
2015-16,202702,1610612743,full_core,0,0
2015-16,202703,1610612741,full_core,0,0
2015-16,202704,1610612765,full_core,0,0
2015-16,202706,1610612740,partial,1,1
2015-16,202708,1610612740,full_core,0,0
2015-16,202709,1610612761,full_core,0,0
2015-16,202710,1610612741,full_core,0,0
2015-16,202711,1610612751,full_core,0,0
2015-16,202712,1610612765,partial,1,1
2015-16,202713,1610612760,full_core,0,0
2015-16,202714,1610612737,partial,1,1
2015-16,202714,1610612762,partial,1,1
2015-16,202718,1610612742,full_core,0,0
2015-16,202720,1610612756,full_core,0,0
2015-16,202726,1610612745,partial,1,1
2015-16,202730,1610612754,full_core,0,0
2015-16,202734,1610612741,full_core,0,0
2015-16,202738,1610612738,full_core,0,0
2015-16,202962,1610612750,partial,1,1
2015-16,203076,1610612740,full_core,0,0
2015-16,203077,1610612766,full_core,0,0
2015-16,203078,1610612764,full_core,0,0
2015-16,203079,1610612760,full_core,0,0
2015-16,203080,1610612751,full_core,0,0
2015-16,203081,1610612757,full_core,0,0
2015-16,203082,1610612761,full_core,0,0
2015-16,203083,1610612765,full_core,0,0
2015-16,203084,1610612744,full_core,0,0
2015-16,203085,1610612746,full_core,0,0
2015-16,203086,1610612757,full_core,0,0
2015-16,203087,1610612766,full_core,0,0
2015-16,203088,1610612755,full_core,0,0
2015-16,203089,1610612749,full_core,0,0
2015-16,203090,1610612757,full_core,0,0
2015-16,203092,1610612738,full_core,0,0
2015-16,203093,1610612745,full_core,0,0
2015-16,203094,1610612753,full_core,0,0
2015-16,203095,1610612753,full_core,0,0
2015-16,203096,1610612738,full_core,0,0
2015-16,203098,1610612742,partial,1,1
2015-16,203098,1610612756,partial,1,1
2015-16,203099,1610612739,partial,1,1
2015-16,203099,1610612749,partial,1,1
2015-16,203100,1610612755,partial,1,1
2015-16,203101,1610612749,full_core,0,0
2015-16,203105,1610612744,full_core,0,0
2015-16,203109,1610612738,full_core,0,0
2015-16,203110,1610612744,full_core,0,0
2015-16,203111,1610612740,partial,1,1
2015-16,203111,1610612756,partial,1,1
2015-16,203112,1610612758,full_core,0,0
2015-16,203114,1610612749,full_core,0,0
2015-16,203115,1610612743,full_core,0,0
2015-16,203118,1610612737,full_core,0,0
2015-16,203123,1610612743,partial,1,1
2015-16,203124,1610612752,full_core,0,0
2015-16,203135,1610612747,full_core,0,0
2015-16,203138,1610612755,full_core,0,0
2015-16,203141,1610612756,full_core,0,0
2015-16,203142,1610612749,partial,1,1
2015-16,203143,1610612746,full_core,0,0
2015-16,203145,1610612737,full_core,0,0
2015-16,203148,1610612757,partial,1,1
2015-16,203148,1610612766,partial,1,1
2015-16,203156,1610612751,partial,1,1
2015-16,203186,1610612751,full_core,0,0
2015-16,203187,1610612762,full_core,0,0
2015-16,203200,1610612737,partial,1,1
2015-16,203200,1610612741,partial,1,1
2015-16,203210,1610612763,full_core,0,0
2015-16,203268,1610612766,partial,1,1
2015-16,203382,1610612765,full_core,0,0
2015-16,2034,1610612743,full_core,0,0
2015-16,203457,1610612755,full_core,0,0
2015-16,203458,1610612756,full_core,0,0
2015-16,203459,1610612757,full_core,0,0
2015-16,203460,1610612760,full_core,0,0
2015-16,203461,1610612761,partial,1,1
2015-16,203462,1610612756,full_core,0,0
2015-16,203463,1610612758,full_core,0,0
2015-16,203468,1610612757,full_core,0,0
2015-16,203469,1610612766,full_core,0,0
2015-16,203471,1610612737,full_core,0,0
2015-16,203473,1610612753,full_core,0,0
2015-16,203475,1610612743,partial,1,1
2015-16,203475,1610612762,partial,1,1
2015-16,203476,1610612750,full_core,0,0
2015-16,203477,1610612755,full_core,0,0
2015-16,203481,1610612762,full_core,0,0
2015-16,203482,1610612738,full_core,0,0
2015-16,203484,1610612765,full_core,0,0
2015-16,203485,1610612756,partial,1,1
2015-16,203486,1610612757,full_core,0,0
2015-16,203487,1610612749,full_core,0,0
2015-16,203488,1610612737,full_core,0,0
2015-16,203490,1610612764,full_core,0,0
2015-16,203492,1610612759,partial,1,1
2015-16,203492,1610612763,partial,1,1
2015-16,203493,1610612765,full_core,0,0
2015-16,203496,1610612755,full_core,0,0
2015-16,203497,1610612762,full_core,0,0
2015-16,203498,1610612750,full_core,0,0
2015-16,203499,1610612751,full_core,0,0
2015-16,203500,1610612760,full_core,0,0
2015-16,203501,1610612737,full_core,0,0
2015-16,203503,1610612741,full_core,0,0
2015-16,203504,1610612762,full_core,0,0
2015-16,203506,1610612753,full_core,0,0
2015-16,203507,1610612749,full_core,0,0
2015-16,203508,1610612751,full_core,0,0
2015-16,203512,1610612761,full_core,0,0
2015-16,203515,1610612755,partial,1,1
2015-16,203515,1610612756,partial,1,1
2015-16,203516,1610612740,partial,1,1
2015-16,203516,1610612748,partial,1,1
2015-16,203516,1610612763,partial,1,1
2015-16,203521,1610612739,full_core,0,0
2015-16,203524,1610612754,full_core,0,0
2015-16,203526,1610612762,full_core,0,0
2015-16,203527,1610612747,full_core,0,0
2015-16,203530,1610612743,full_core,0,0
2015-16,203546,1610612744,full_core,0,0
2015-16,203552,1610612758,full_core,0,0
2015-16,203584,1610612766,full_core,0,0
2015-16,203613,1610612759,full_core,0,0
2015-16,203648,1610612752,partial,1,1
2015-16,2037,1610612746,full_core,0,0
2015-16,203798,1610612763,partial,1,1
2015-16,203798,1610612766,partial,1,1
2015-16,203893,1610612763,partial,1,1
2015-16,203894,1610612753,full_core,0,0
2015-16,203895,1610612739,partial,1,1
2015-16,203895,1610612756,partial,1,1
2015-16,203897,1610612750,full_core,0,0
2015-16,203898,1610612749,full_core,0,0
2015-16,203900,1610612751,full_core,0,0
2015-16,203901,1610612753,full_core,0,0
2015-16,203903,1610612747,full_core,0,0
2015-16,203906,1610612753,full_core,0,0
2015-16,203909,1610612745,full_core,0,0
2015-16,203912,1610612746,full_core,0,0
2015-16,203914,1610612743,full_core,0,0
2015-16,203915,1610612765,full_core,0,0
2015-16,203917,1610612755,full_core,0,0
2015-16,203918,1610612762,full_core,0,0
2015-16,203919,1610612763,full_core,0,0
2015-16,203921,1610612752,full_core,0,0
2015-16,203922,1610612754,full_core,0,0
2015-16,203923,1610612738,full_core,0,0
2015-16,203924,1610612755,full_core,0,0
2015-16,203925,1610612739,partial,1,1
2015-16,203926,1610612741,full_core,0,0
2015-16,203928,1610612756,partial,2,1
2015-16,203930,1610612743,partial,2,1
2015-16,203930,1610612751,partial,1,1
2015-16,203932,1610612753,full_core,0,0
2015-16,203933,1610612756,full_core,0,0
2015-16,203934,1610612737,full_core,0,0
2015-16,203935,1610612738,full_core,0,0
2015-16,203937,1610612759,full_core,0,0
2015-16,203939,1610612742,full_core,0,0
2015-16,203940,1610612750,full_core,0,0
2015-16,203943,1610612757,full_core,0,0
2015-16,203944,1610612747,full_core,0,0
2015-16,203946,1610612741,full_core,0,0
2015-16,203948,1610612749,full_core,0,0
2015-16,203949,1610612744,full_core,0,0
2015-16,203950,1610612748,partial,1,1
2015-16,203950,1610612763,partial,1,1
2015-16,203951,1610612753,partial,2,1
2015-16,203952,1610612750,full_core,0,0
2015-16,203953,1610612749,full_core,0,0
2015-16,203955,1610612756,partial,1,1
2015-16,203955,1610612763,partial,1,1
2015-16,203956,1610612760,full_core,0,0
2015-16,203960,1610612743,partial,1,1
2015-16,203960,1610612755,partial,1,1
2015-16,203961,1610612758,full_core,0,0
2015-16,203962,1610612760,full_core,0,0
2015-16,203963,1610612754,full_core,0,0
2015-16,203991,1610612745,full_core,0,0
2015-16,203994,1610612743,full_core,0,0
2015-16,203996,1610612749,full_core,0,0
2015-16,203998,1610612761,full_core,0,0
2015-16,203999,1610612743,full_core,0,0
2015-16,204001,1610612752,full_core,0,0
2015-16,204002,1610612737,full_core,0,0
2015-16,204014,1610612750,full_core,0,0
2015-16,204020,1610612748,full_core,0,0
2015-16,204025,1610612740,partial,1,1
2015-16,204025,1610612757,partial,1,1
2015-16,204028,1610612747,full_core,0,0
2015-16,204038,1610612752,full_core,0,0
2015-16,204060,1610612762,full_core,0,0
2015-16,204067,1610612764,partial,1,1
2015-16,204098,1610612763,partial,3,1
2015-16,204456,1610612755,full_core,0,0
2015-16,2199,1610612756,full_core,0,0
2015-16,2200,1610612741,full_core,0,0
2015-16,2207,1610612748,partial,1,1
2015-16,2207,1610612751,partial,1,1
2015-16,2210,1610612739,full_core,0,0
2015-16,2216,1610612763,full_core,0,0
2015-16,2225,1610612759,full_core,0,0
2015-16,2365,1610612748,partial,1,1
2015-16,2365,1610612763,partial,1,1
2015-16,2399,1610612741,full_core,0,0
2015-16,2400,1610612764,full_core,0,0
2015-16,2403,1610612764,full_core,0,0
2015-16,2405,1610612748,full_core,0,0
2015-16,2406,1610612758,full_core,0,0
2015-16,2419,1610612750,full_core,0,0
2015-16,2440,1610612763,full_core,0,0
2015-16,2446,1610612759,partial,1,1
2015-16,2449,1610612761,full_core,0,0
2015-16,2544,1610612739,full_core,0,0
2015-16,2546,1610612752,full_core,0,0
2015-16,2547,1610612748,full_core,0,0
2015-16,2548,1610612748,full_core,0,0
2015-16,2549,1610612757,full_core,0,0
2015-16,2550,1610612737,partial,1,1
2015-16,2550,1610612741,partial,1,1
2015-16,2555,1610612760,full_core,0,0
2015-16,2561,1610612759,full_core,0,0
2015-16,2563,1610612739,partial,1,1
2015-16,2564,1610612759,full_core,0,0
2015-16,2570,1610612740,full_core,0,0
2015-16,2571,1610612744,full_core,0,0
2015-16,2581,1610612765,full_core,0,0
2015-16,2585,1610612742,full_core,0,0
2015-16,2588,1610612759,full_core,0,0
2015-16,2590,1610612739,full_core,0,0
2015-16,2592,1610612739,full_core,0,0
2015-16,2594,1610612737,full_core,0,0
2015-16,2617,1610612748,full_core,0,0
2015-16,2730,1610612745,full_core,0,0
2015-16,2733,1610612744,full_core,0,0
2015-16,2734,1610612742,full_core,0,0
2015-16,2736,1610612748,full_core,0,0
2015-16,2738,1610612744,full_core,0,0
2015-16,2743,1610612737,partial,1,1
2015-16,2743,1610612756,partial,1,1
2015-16,2743,1610612764,partial,1,1
2015-16,2744,1610612766,full_core,0,0
2015-16,2746,1610612745,partial,1,1
2015-16,2746,1610612746,partial,1,1
2015-16,2747,1610612739,full_core,0,0
2015-16,2749,1610612743,full_core,0,0
2015-16,2754,1610612763,full_core,0,0
2015-16,2755,1610612750,partial,1,1
2015-16,2755,1610612759,partial,1,1
2015-16,2756,1610612752,full_core,0,0
2015-16,2757,1610612748,partial,1,1
2015-16,2757,1610612763,partial,1,1
2015-16,2760,1610612739,partial,1,1
2015-16,2760,1610612744,partial,1,1
2015-16,2772,1610612745,full_core,0,0
2015-16,708,1610612750,full_core,0,0
2015-16,977,1610612747,full_core,0,0
2016-17,101106,1610612739,partial,1,1
2016-17,101106,1610612742,partial,1,1
2016-17,101107,1610612766,full_core,0,0
2016-17,101108,1610612746,full_core,0,0
2016-17,101109,1610612746,full_core,0,0
2016-17,101112,1610612739,full_core,0,0
2016-17,101114,1610612739,partial,1,1
2016-17,101114,1610612742,partial,1,1
2016-17,101123,1610612738,full_core,0,0
2016-17,101127,1610612740,partial,1,1
2016-17,101133,1610612764,full_core,0,0
2016-17,101135,1610612759,full_core,0,0
2016-17,101138,1610612746,full_core,0,0
2016-17,101139,1610612754,full_core,0,0
2016-17,101141,1610612737,partial,1,1
2016-17,101141,1610612755,partial,1,1
2016-17,101141,1610612760,partial,1,1
2016-17,101145,1610612754,full_core,0,0
2016-17,101150,1610612745,partial,1,1
2016-17,101150,1610612747,partial,1,1
2016-17,101161,1610612738,full_core,0,0
2016-17,101162,1610612764,full_core,0,0
2016-17,101179,1610612756,partial,2,1
2016-17,101181,1610612737,partial,1,1
2016-17,101181,1610612747,partial,1,1
2016-17,101187,1610612746,full_core,0,0
2016-17,101249,1610612750,partial,1,1
2016-17,1626143,1610612755,full_core,0,0
2016-17,1626144,1610612743,full_core,0,0
2016-17,1626145,1610612750,full_core,0,0
2016-17,1626147,1610612742,partial,1,1
2016-17,1626147,1610612755,partial,1,1
2016-17,1626148,1610612740,partial,1,1
2016-17,1626148,1610612753,partial,1,1
2016-17,1626149,1610612745,full_core,0,0
2016-17,1626150,1610612763,full_core,0,0
2016-17,1626151,1610612766,partial,1,1
2016-17,1626153,1610612761,full_core,0,0
2016-17,1626154,1610612741,partial,1,1
2016-17,1626155,1610612745,full_core,0,0
2016-17,1626156,1610612747,full_core,0,0
2016-17,1626157,1610612750,full_core,0,0
2016-17,1626158,1610612755,full_core,0,0
2016-17,1626159,1610612748,full_core,0,0
2016-17,1626161,1610612758,full_core,0,0
2016-17,1626162,1610612764,full_core,0,0
2016-17,1626163,1610612766,full_core,0,0
2016-17,1626164,1610612756,full_core,0,0
2016-17,1626166,1610612741,partial,1,1
2016-17,1626166,1610612760,partial,1,1
2016-17,1626167,1610612754,full_core,0,0
2016-17,1626168,1610612762,full_core,0,0
2016-17,1626169,1610612765,full_core,0,0
2016-17,1626170,1610612741,full_core,0,0
2016-17,1626171,1610612741,full_core,0,0
2016-17,1626172,1610612744,full_core,0,0
2016-17,1626173,1610612749,full_core,0,0
2016-17,1626174,1610612766,full_core,0,0
2016-17,1626175,1610612738,full_core,0,0
2016-17,1626176,1610612754,full_core,0,0
2016-17,1626178,1610612751,full_core,0,0
2016-17,1626179,1610612738,full_core,0,0
2016-17,1626181,1610612761,full_core,0,0
2016-17,1626184,1610612752,partial,1,1
2016-17,1626184,1610612755,partial,1,1
2016-17,1626185,1610612763,full_core,0,0
2016-17,1626188,1610612740,partial,1,1
2016-17,1626188,1610612742,partial,1,1
2016-17,1626191,1610612751,partial,1,1
2016-17,1626191,1610612764,partial,1,1
2016-17,1626192,1610612757,full_core,0,0
2016-17,1626195,1610612752,full_core,0,0
2016-17,1626196,1610612748,full_core,0,0
2016-17,1626199,1610612765,full_core,0,0
2016-17,1626202,1610612754,full_core,0,0
2016-17,1626203,1610612766,full_core,0,0
2016-17,1626204,1610612747,full_core,0,0
2016-17,1626209,1610612753,full_core,0,0
2016-17,1626210,1610612756,full_core,0,0
2016-17,1626245,1610612741,full_core,0,0
2016-17,1626246,1610612765,full_core,0,0
2016-17,1626253,1610612740,partial,1,1
2016-17,1626253,1610612749,partial,1,1
2016-17,1626254,1610612752,full_core,0,0
2016-17,1626257,1610612742,full_core,0,0
2016-17,1626273,1610612747,partial,1,1
2016-17,1626780,1610612742,partial,1,1
2016-17,1627098,1610612737,full_core,0,0
2016-17,1627362,1610612744,partial,1,1
2016-17,1627362,1610612766,partial,1,1
2016-17,1627733,1610612756,full_core,0,0
2016-17,1627734,1610612760,full_core,0,0
2016-17,1627735,1610612763,full_core,0,0
2016-17,1627736,1610612743,full_core,0,0
2016-17,1627737,1610612756,full_core,0,0
2016-17,1627738,1610612763,full_core,0,0
2016-17,1627739,1610612750,full_core,0,0
2016-17,1627740,1610612765,full_core,0,0
2016-17,1627741,1610612740,partial,1,1
2016-17,1627741,1610612758,partial,1,1
2016-17,1627742,1610612747,full_core,0,0
2016-17,1627743,1610612738,full_core,0,0
2016-17,1627744,1610612746,full_core,0,0
2016-17,1627745,1610612744,full_core,0,0
2016-17,1627746,1610612758,full_core,0,0
2016-17,1627747,1610612751,full_core,0,0
2016-17,1627748,1610612749,full_core,0,0
2016-17,1627749,1610612759,full_core,0,0
2016-17,1627750,1610612743,full_core,0,0
2016-17,1627751,1610612761,full_core,0,0
2016-17,1627752,1610612737,full_core,0,0
2016-17,1627754,1610612746,full_core,0,0
2016-17,1627755,1610612756,full_core,0,0
2016-17,1627756,1610612741,full_core,0,0
2016-17,1627757,1610612753,full_core,0,0
2016-17,1627758,1610612752,full_core,0,0
2016-17,1627759,1610612738,full_core,0,0
2016-17,1627761,1610612737,full_core,0,0
2016-17,1627762,1610612762,full_core,0,0
2016-17,1627763,1610612749,full_core,0,0
2016-17,1627767,1610612740,full_core,0,0
2016-17,1627770,1610612739,full_core,0,0
2016-17,1627771,1610612765,full_core,0,0
2016-17,1627773,1610612742,full_core,0,0
2016-17,1627774,1610612757,full_core,0,0
2016-17,1627775,1610612744,full_core,0,0
2016-17,1627777,1610612754,full_core,0,0
2016-17,1627778,1610612745,full_core,0,0
2016-17,1627780,1610612749,partial,1,1
2016-17,1627781,1610612758,full_core,0,0
2016-17,1627782,1610612740,partial,1,1
2016-17,1627782,1610612763,partial,1,1
2016-17,1627783,1610612761,full_core,0,0
2016-17,1627784,1610612742,partial,1,1
2016-17,1627785,1610612751,full_core,0,0
2016-17,1627786,1610612745,partial,1,1
2016-17,1627786,1610612763,partial,1,1
2016-17,1627787,1610612745,full_core,0,0
2016-17,1627789,1610612755,full_core,0,0
2016-17,1627791,1610612742,partial,1,1
2016-17,1627812,1610612742,partial,1,1
2016-17,1627812,1610612751,partial,1,1
2016-17,1627815,1610612764,full_core,0,0
2016-17,1627816,1610612755,partial,1,1
2016-17,1627817,1610612757,full_core,0,0
2016-17,1627819,1610612745,partial,1,1
2016-17,1627823,1610612743,full_core,0,0
2016-17,1627826,1610612747,full_core,0,0
2016-17,1627827,1610612742,full_core,0,0
2016-17,1627832,1610612761,full_core,0,0
2016-17,1627834,1610612758,full_core,0,0
2016-17,1627835,1610612741,full_core,0,0
2016-17,1627848,1610612755,partial,1,1
2016-17,1627849,1610612764,full_core,0,0
2016-17,1627850,1610612752,full_core,0,0
2016-17,1627851,1610612752,full_core,0,0
2016-17,1627852,1610612742,full_core,0,0
2016-17,1627854,1610612759,full_core,0,0
2016-17,1627855,1610612748,partial,1,1
2016-17,1627861,1610612766,partial,1,1
2016-17,1627863,1610612764,partial,1,1
2016-17,1627868,1610612753,partial,1,1
2016-17,1627875,1610612753,partial,1,1
2016-17,1627879,1610612759,partial,1,1
2016-17,1627884,1610612756,full_core,0,0
2016-17,1628021,1610612747,partial,2,1
2016-17,1713,1610612763,full_core,0,0
2016-17,1717,1610612742,full_core,0,0
2016-17,1718,1610612746,full_core,0,0
2016-17,1891,1610612749,full_core,0,0
2016-17,1897,1610612747,full_core,0,0
2016-17,1938,1610612759,full_core,0,0
2016-17,200746,1610612759,full_core,0,0
2016-17,200751,1610612751,full_core,0,0
2016-17,200752,1610612758,full_core,0,0
2016-17,200755,1610612746,full_core,0,0
2016-17,200757,1610612737,full_core,0,0
2016-17,200765,1610612741,full_core,0,0
2016-17,200768,1610612761,full_core,0,0
2016-17,200770,1610612758,partial,1,1
2016-17,200771,1610612755,full_core,0,0
2016-17,200779,1610612749,partial,1,1
2016-17,200782,1610612756,partial,1,1
2016-17,200782,1610612761,partial,1,1
2016-17,200794,1610612737,full_core,0,0
2016-17,200826,1610612742,full_core,0,0
2016-17,201142,1610612744,full_core,0,0
2016-17,201143,1610612738,full_core,0,0
2016-17,201144,1610612763,full_core,0,0
2016-17,201145,1610612753,full_core,0,0
2016-17,201147,1610612745,partial,1,1
2016-17,201147,1610612747,partial,1,1
2016-17,201148,1610612763,full_core,0,0
2016-17,201149,1610612752,full_core,0,0
2016-17,201150,1610612749,partial,1,1
2016-17,201150,1610612766,partial,1,1
2016-17,201152,1610612754,full_core,0,0
2016-17,201155,1610612754,partial,1,1
2016-17,201156,1610612747,full_core,0,0
2016-17,201158,1610612766,full_core,0,0
2016-17,201160,1610612764,full_core,0,0
2016-17,201162,1610612756,full_core,0,0
2016-17,201163,1610612743,full_core,0,0
2016-17,201166,1610612754,full_core,0,0
2016-17,201167,1610612758,full_core,0,0
2016-17,201168,1610612755,partial,1,1
2016-17,201177,1610612748,full_core,0,0
2016-17,201188,1610612763,full_core,0,0
2016-17,201196,1610612766,full_core,0,0
2016-17,201202,1610612759,partial,1,1
2016-17,201228,1610612753,full_core,0,0
2016-17,201229,1610612758,full_core,0,0
2016-17,201563,1610612749,full_core,0,0
2016-17,201565,1610612752,full_core,0,0
2016-17,201566,1610612760,full_core,0,0
2016-17,201567,1610612739,full_core,0,0
2016-17,201568,1610612743,full_core,0,0
2016-17,201569,1610612745,full_core,0,0
2016-17,201571,1610612753,full_core,0,0
2016-17,201572,1610612751,full_core,0,0
2016-17,201573,1610612755,full_core,0,0
2016-17,201575,1610612750,full_core,0,0
2016-17,201577,1610612741,full_core,0,0
2016-17,201578,1610612746,full_core,0,0
2016-17,201579,1610612743,partial,1,1
2016-17,201579,1610612766,partial,1,1
2016-17,201580,1610612744,full_core,0,0
2016-17,201582,1610612740,full_core,0,0
2016-17,201583,1610612745,full_core,0,0
2016-17,201584,1610612752,full_core,0,0
2016-17,201585,1610612758,full_core,0,0
2016-17,201586,1610612753,partial,1,1
2016-17,201586,1610612761,partial,1,1
2016-17,201587,1610612766,full_core,0,0
2016-17,201588,1610612762,full_core,0,0
2016-17,201589,1610612743,full_core,0,0
2016-17,201599,1610612746,full_core,0,0
2016-17,201600,1610612740,full_core,0,0
2016-17,201601,1610612746,full_core,0,0
2016-17,201609,1610612748,full_core,0,0
2016-17,201627,1610612741,partial,1,1
2016-17,201627,1610612760,partial,1,1
2016-17,201628,1610612745,partial,2,1
2016-17,201933,1610612746,full_core,0,0
2016-17,201935,1610612745,full_core,0,0
2016-17,201936,1610612740,partial,1,1
2016-17,201936,1610612758,partial,1,1
2016-17,201937,1610612750,full_core,0,0
2016-17,201939,1610612744,full_core,0,0
2016-17,201941,1610612750,full_core,0,0
2016-17,201942,1610612761,full_core,0,0
2016-17,201943,1610612752,partial,1,1
2016-17,201943,1610612764,partial,1,1
2016-17,201945,1610612755,full_core,0,0
2016-17,201949,1610612748,full_core,0,0
2016-17,201950,1610612740,full_core,0,0
2016-17,201951,1610612758,full_core,0,0
2016-17,201952,1610612754,full_core,0,0
2016-17,201954,1610612758,full_core,0,0
2016-17,201956,1610612740,partial,1,1
2016-17,201956,1610612750,partial,1,1
2016-17,201956,1610612758,partial,1,1
2016-17,201959,1610612741,partial,1,1
2016-17,201959,1610612760,partial,1,1
2016-17,201960,1610612761,full_core,0,0
2016-17,201961,1610612748,full_core,0,0
2016-17,201962,1610612763,partial,3,1
2016-17,201967,1610612740,full_core,0,0
2016-17,201973,1610612738,full_core,0,0
2016-17,201975,1610612753,full_core,0,0
2016-17,201976,1610612745,full_core,0,0
2016-17,201977,1610612764,partial,1,1
2016-17,201980,1610612759,full_core,0,0
2016-17,201988,1610612759,full_core,0,0
2016-17,202066,1610612758,full_core,0,0
2016-17,202083,1610612742,full_core,0,0
2016-17,202087,1610612743,partial,2,1
2016-17,202130,1610612740,partial,2,1
2016-17,202322,1610612764,full_core,0,0
2016-17,202323,1610612757,full_core,0,0
2016-17,202324,1610612762,full_core,0,0
2016-17,202325,1610612746,full_core,0,0
2016-17,202326,1610612740,partial,1,1
2016-17,202326,1610612758,partial,1,1
2016-17,202328,1610612749,full_core,0,0
2016-17,202329,1610612757,full_core,0,0
2016-17,202330,1610612762,full_core,0,0
2016-17,202331,1610612754,full_core,0,0
2016-17,202332,1610612750,full_core,0,0
2016-17,202334,1610612757,full_core,0,0
2016-17,202335,1610612761,full_core,0,0
2016-17,202336,1610612739,partial,1,1
2016-17,202337,1610612748,full_core,0,0
2016-17,202338,1610612754,full_core,0,0
2016-17,202339,1610612756,full_core,0,0
2016-17,202340,1610612738,full_core,0,0
2016-17,202344,1610612751,full_core,0,0
2016-17,202348,1610612740,partial,1,1
2016-17,202349,1610612751,partial,1,1
2016-17,202355,1610612748,full_core,0,0
2016-17,202357,1610612750,full_core,0,0
2016-17,202362,1610612740,partial,1,1
2016-17,202362,1610612750,partial,2,1
2016-17,202362,1610612754,partial,1,1
2016-17,202389,1610612747,full_core,0,0
2016-17,202390,1610612737,partial,1,1
2016-17,202391,1610612751,full_core,0,0
2016-17,202397,1610612765,full_core,0,0
2016-17,202407,1610612756,partial,1,1
2016-17,202412,1610612742,partial,1,1
2016-17,202498,1610612752,full_core,0,0
2016-17,202620,1610612753,partial,1,1
2016-17,202681,1610612739,full_core,0,0
2016-17,202682,1610612739,partial,2,1
2016-17,202682,1610612748,partial,1,1
2016-17,202683,1610612760,full_core,0,0
2016-17,202684,1610612739,full_core,0,0
2016-17,202685,1610612761,full_core,0,0
2016-17,202687,1610612753,full_core,0,0
2016-17,202688,1610612756,full_core,0,0
2016-17,202689,1610612766,full_core,0,0
2016-17,202691,1610612744,full_core,0,0
2016-17,202692,1610612762,full_core,0,0
2016-17,202693,1610612764,full_core,0,0
2016-17,202694,1610612765,full_core,0,0
2016-17,202695,1610612759,full_core,0,0
2016-17,202696,1610612753,full_core,0,0
2016-17,202697,1610612739,full_core,0,0
2016-17,202699,1610612765,full_core,0,0
2016-17,202700,1610612740,partial,1,1
2016-17,202702,1610612743,full_core,0,0
2016-17,202703,1610612741,full_core,0,0
2016-17,202704,1610612765,full_core,0,0
2016-17,202708,1610612760,partial,1,1
2016-17,202709,1610612761,full_core,0,0
2016-17,202710,1610612741,full_core,0,0
2016-17,202711,1610612751,partial,1,1
2016-17,202711,1610612764,partial,1,1
2016-17,202712,1610612755,partial,1,1
2016-17,202713,1610612760,full_core,0,0
2016-17,202714,1610612762,full_core,0,0
2016-17,202718,1610612763,full_core,0,0
2016-17,202720,1610612765,full_core,0,0
2016-17,202722,1610612759,full_core,0,0
2016-17,202730,1610612754,full_core,0,0
2016-17,202732,1610612739,partial,1,1
2016-17,202732,1610612742,partial,1,1
2016-17,202734,1610612740,full_core,0,0
2016-17,202738,1610612738,full_core,0,0
2016-17,203076,1610612740,full_core,0,0
2016-17,203077,1610612766,full_core,0,0
2016-17,203078,1610612764,full_core,0,0
2016-17,203079,1610612748,full_core,0,0
2016-17,203080,1610612747,full_core,0,0
2016-17,203081,1610612757,full_core,0,0
2016-17,203082,1610612753,partial,1,1
2016-17,203082,1610612761,partial,1,1
2016-17,203083,1610612765,full_core,0,0
2016-17,203084,1610612742,full_core,0,0
2016-17,203085,1610612746,full_core,0,0
2016-17,203086,1610612757,full_core,0,0
2016-17,203087,1610612766,full_core,0,0
2016-17,203089,1610612749,full_core,0,0
2016-17,203090,1610612757,full_core,0,0
2016-17,203092,1610612738,full_core,0,0
2016-17,203093,1610612740,partial,1,1
2016-17,203093,1610612749,partial,1,1
2016-17,203094,1610612751,partial,1,1
2016-17,203094,1610612764,partial,1,1
2016-17,203095,1610612753,full_core,0,0
2016-17,203096,1610612761,partial,1,1
2016-17,203098,1610612756,partial,1,1
2016-17,203101,1610612749,partial,1,1
2016-17,203101,1610612766,partial,1,1
2016-17,203107,1610612764,full_core,0,0
2016-17,203109,1610612738,full_core,0,0
2016-17,203110,1610612744,full_core,0,0
2016-17,203112,1610612742,partial,1,1
2016-17,203112,1610612751,partial,1,1
2016-17,203114,1610612749,full_core,0,0
2016-17,203115,1610612743,full_core,0,0
2016-17,203118,1610612737,partial,1,1
2016-17,203120,1610612751,full_core,0,0
2016-17,203124,1610612752,full_core,0,0
2016-17,203138,1610612740,partial,1,1
2016-17,203138,1610612755,partial,1,1
2016-17,203141,1610612749,full_core,0,0
2016-17,203145,1610612737,full_core,0,0
2016-17,203148,1610612766,full_core,0,0
2016-17,203186,1610612748,full_core,0,0
2016-17,203200,1610612752,full_core,0,0
2016-17,203210,1610612763,full_core,0,0
2016-17,203382,1610612765,full_core,0,0
2016-17,2034,1610612743,full_core,0,0
2016-17,203457,1610612742,partial,1,1
2016-17,203457,1610612755,partial,1,1
2016-17,203458,1610612756,full_core,0,0
2016-17,203459,1610612757,full_core,0,0
2016-17,203460,1610612760,full_core,0,0
2016-17,203461,1610612751,partial,1,1
2016-17,203462,1610612740,partial,1,1
2016-17,203462,1610612751,partial,1,1
2016-17,203463,1610612758,full_core,0,0
2016-17,203468,1610612757,full_core,0,0
2016-17,203469,1610612766,full_core,0,0
2016-17,203471,1610612737,full_core,0,0
2016-17,203473,1610612759,full_core,0,0
2016-17,203476,1610612750,full_core,0,0
2016-17,203477,1610612741,full_core,0,0
2016-17,203481,1610612762,full_core,0,0
2016-17,203482,1610612738,full_core,0,0
2016-17,203484,1610612765,full_core,0,0
2016-17,203486,1610612743,partial,1,1
2016-17,203486,1610612757,partial,1,1
2016-17,203487,1610612741,full_core,0,0
2016-17,203488,1610612737,full_core,0,0
2016-17,203490,1610612764,full_core,0,0
2016-17,203493,1610612765,full_core,0,0
2016-17,203496,1610612755,full_core,0,0
2016-17,203497,1610612762,full_core,0,0
2016-17,203498,1610612750,full_core,0,0
2016-17,203500,1610612760,full_core,0,0
2016-17,203501,1610612737,full_core,0,0
2016-17,203503,1610612749,full_core,0,0
2016-17,203504,1610612764,full_core,0,0
2016-17,203506,1610612760,full_core,0,0
2016-17,203507,1610612749,full_core,0,0
2016-17,203510,1610612742,partial,2,1
2016-17,203512,1610612761,full_core,0,0
2016-17,203516,1610612763,full_core,0,0
2016-17,203518,1610612760,full_core,0,0
2016-17,203521,1610612749,full_core,0,0
2016-17,203524,1610612740,full_core,0,0
2016-17,203526,1610612762,full_core,0,0
2016-17,203527,1610612737,partial,2,1
2016-17,203530,1610612741,partial,1,1
2016-17,203530,1610612760,partial,1,1
2016-17,203546,1610612744,full_core,0,0
2016-17,203552,1610612742,full_core,0,0
2016-17,203584,1610612763,full_core,0,0
2016-17,203585,1610612748,full_core,0,0
2016-17,203613,1610612759,full_core,0,0
2016-17,2037,1610612746,full_core,0,0
2016-17,203894,1610612757,full_core,0,0
2016-17,203895,1610612739,partial,1,1
2016-17,203897,1610612750,full_core,0,0
2016-17,203898,1610612745,partial,1,1
2016-17,203898,1610612747,partial,1,1
2016-17,203901,1610612753,full_core,0,0
2016-17,203902,1610612760,full_core,0,0
2016-17,203903,1610612747,full_core,0,0
2016-17,203909,1610612745,partial,1,1
2016-17,203909,1610612751,partial,1,1
2016-17,203912,1610612753,partial,1,1
2016-17,203914,1610612743,full_core,0,0
2016-17,203915,1610612751,partial,1,1
2016-17,203917,1610612755,full_core,0,0
2016-17,203918,1610612762,full_core,0,0
2016-17,203922,1610612754,full_core,0,0
2016-17,203923,1610612738,full_core,0,0
2016-17,203924,1610612755,partial,1,1
2016-17,203924,1610612760,partial,1,1
2016-17,203925,1610612751,full_core,0,0
2016-17,203926,1610612741,partial,1,1
2016-17,203926,1610612760,partial,1,1
2016-17,203930,1610612751,full_core,0,0
2016-17,203932,1610612753,full_core,0,0
2016-17,203933,1610612756,full_core,0,0
2016-17,203934,1610612737,partial,2,1
2016-17,203935,1610612738,full_core,0,0
2016-17,203937,1610612759,full_core,0,0
2016-17,203939,1610612742,full_core,0,0
2016-17,203940,1610612750,full_core,0,0
2016-17,203943,1610612757,full_core,0,0
2016-17,203944,1610612747,full_core,0,0
2016-17,203948,1610612743,partial,2,1
2016-17,203948,1610612766,partial,1,1
2016-17,203949,1610612744,full_core,0,0
2016-17,203950,1610612743,partial,1,1
2016-17,203952,1610612750,full_core,0,0
2016-17,203953,1610612749,full_core,0,0
2016-17,203954,1610612755,full_core,0,0
2016-17,203957,1610612762,full_core,0,0
2016-17,203962,1610612760,full_core,0,0
2016-17,203967,1610612755,full_core,0,0
2016-17,203991,1610612745,full_core,0,0
2016-17,203994,1610612743,partial,1,1
2016-17,203994,1610612757,partial,1,1
2016-17,203998,1610612761,full_core,0,0
2016-17,203999,1610612743,full_core,0,0
2016-17,204001,1610612752,full_core,0,0
2016-17,204002,1610612737,partial,1,1
2016-17,204002,1610612739,partial,1,1
2016-17,204014,1610612753,full_core,0,0
2016-17,204020,1610612748,full_core,0,0
2016-17,204025,1610612740,full_core,0,0
2016-17,204028,1610612747,full_core,0,0
2016-17,204038,1610612740,partial,1,1
2016-17,204038,1610612758,partial,1,1
2016-17,204060,1610612762,full_core,0,0
2016-17,204067,1610612756,partial,1,1
2016-17,204456,1610612755,full_core,0,0
2016-17,2199,1610612756,full_core,0,0
2016-17,2200,1610612759,full_core,0,0
2016-17,2207,1610612762,full_core,0,0
2016-17,2210,1610612739,full_core,0,0
2016-17,2216,1610612763,full_core,0,0
2016-17,2225,1610612759,full_core,0,0
2016-17,2365,1610612739,partial,1,1
2016-17,2399,1610612737,partial,1,1
2016-17,2399,1610612739,partial,1,1
2016-17,2403,1610612745,full_core,0,0
2016-17,2440,1610612744,partial,1,1
2016-17,2440,1610612758,partial,1,1
2016-17,2449,1610612751,partial,1,1
2016-17,2544,1610612739,full_core,0,0
2016-17,2546,1610612752,full_core,0,0
2016-17,2548,1610612741,full_core,0,0
2016-17,2555,1610612760,full_core,0,0
2016-17,2561,1610612744,full_core,0,0
2016-17,2563,1610612739,partial,1,1
2016-17,2564,1610612762,full_core,0,0
2016-17,2571,1610612756,full_core,0,0
2016-17,2585,1610612744,full_core,0,0
2016-17,2592,1610612739,full_core,0,0
2016-17,2594,1610612737,partial,1,1
2016-17,2594,1610612739,partial,1,1
2016-17,2617,1610612748,full_core,0,0
2016-17,2730,1610612737,full_core,0,0
2016-17,2733,1610612744,full_core,0,0
2016-17,2734,1610612742,full_core,0,0
2016-17,2736,1610612747,full_core,0,0
2016-17,2738,1610612744,full_core,0,0
2016-17,2743,1610612737,full_core,0,0
2016-17,2744,1610612754,full_core,0,0
2016-17,2747,1610612739,full_core,0,0
2016-17,2749,1610612743,full_core,0,0
2016-17,2754,1610612763,full_core,0,0
2016-17,2756,1610612752,full_core,0,0
2016-17,2757,1610612765,full_core,0,0
2016-17,2760,1610612744,partial,1,1
2016-17,2772,1610612745,full_core,0,0
2017-18,101106,1610612747,partial,1,1
2017-18,101107,1610612766,full_core,0,0
2017-18,101108,1610612745,full_core,0,0
2017-18,101109,1610612760,full_core,0,0
2017-18,101112,1610612739,partial,1,1
2017-18,101112,1610612747,partial,1,1
2017-18,101123,1610612745,partial,1,1
2017-18,101127,1610612752,full_core,0,0
2017-18,101133,1610612764,full_core,0,0
2017-18,101139,1610612761,full_core,0,0
2017-18,101141,1610612737,partial,1,1
2017-18,101141,1610612755,partial,1,1
2017-18,101150,1610612746,full_core,0,0
2017-18,101161,1610612755,full_core,0,0
2017-18,101162,1610612764,full_core,0,0
2017-18,101181,1610612739,full_core,0,0
2017-18,1626143,1610612751,partial,1,1
2017-18,1626143,1610612755,partial,1,1
2017-18,1626144,1610612743,partial,1,1
2017-18,1626144,1610612752,partial,1,1
2017-18,1626145,1610612750,full_core,0,0
2017-18,1626147,1610612755,full_core,0,0
2017-18,1626148,1610612750,full_core,0,0
2017-18,1626149,1610612746,full_core,0,0
2017-18,1626150,1610612763,full_core,0,0
2017-18,1626151,1610612742,partial,1,1
2017-18,1626153,1610612761,full_core,0,0
2017-18,1626154,1610612745,partial,1,1
2017-18,1626155,1610612746,full_core,0,0
2017-18,1626156,1610612751,full_core,0,0
2017-18,1626157,1610612750,full_core,0,0
2017-18,1626158,1610612755,full_core,0,0
2017-18,1626159,1610612748,full_core,0,0
2017-18,1626161,1610612758,full_core,0,0
2017-18,1626162,1610612764,full_core,0,0
2017-18,1626163,1610612766,full_core,0,0
2017-18,1626164,1610612756,full_core,0,0
2017-18,1626166,1610612741,full_core,0,0
2017-18,1626167,1610612754,full_core,0,0
2017-18,1626168,1610612743,full_core,0,0
2017-18,1626169,1610612765,full_core,0,0
2017-18,1626170,1610612741,full_core,0,0
2017-18,1626171,1610612741,full_core,0,0
2017-18,1626172,1610612744,full_core,0,0
2017-18,1626173,1610612749,partial,1,1
2017-18,1626173,1610612751,partial,1,1
2017-18,1626173,1610612753,partial,1,1
2017-18,1626175,1610612748,full_core,0,0
2017-18,1626177,1610612760,full_core,0,0
2017-18,1626178,1610612751,full_core,0,0
2017-18,1626179,1610612738,full_core,0,0
2017-18,1626181,1610612761,full_core,0,0
2017-18,1626185,1610612763,full_core,0,0
2017-18,1626188,1610612744,full_core,0,0
2017-18,1626191,1610612764,full_core,0,0
2017-18,1626192,1610612757,full_core,0,0
2017-18,1626195,1610612752,partial,1,1
2017-18,1626195,1610612766,partial,1,1
2017-18,1626196,1610612748,full_core,0,0
2017-18,1626199,1610612759,full_core,0,0
2017-18,1626202,1610612754,full_core,0,0
2017-18,1626203,1610612766,full_core,0,0
2017-18,1626204,1610612739,partial,1,1
2017-18,1626204,1610612747,partial,1,1
2017-18,1626205,1610612763,partial,1,1
2017-18,1626209,1610612753,full_core,0,0
2017-18,1626210,1610612756,full_core,0,0
2017-18,1626220,1610612762,full_core,0,0
2017-18,1626224,1610612739,full_core,0,0
2017-18,1626242,1610612765,partial,1,1
2017-18,1626245,1610612741,full_core,0,0
2017-18,1626246,1610612746,partial,1,1
2017-18,1626246,1610612765,partial,1,1
2017-18,1626257,1610612742,full_core,0,0
2017-18,1626259,1610612761,full_core,0,0
2017-18,1626643,1610612755,partial,1,1
2017-18,1626780,1610612738,partial,1,1
2017-18,1627098,1610612737,full_core,0,0
2017-18,1627215,1610612740,partial,2,1
2017-18,1627362,1610612745,partial,1,1
2017-18,1627362,1610612763,partial,1,1
2017-18,1627732,1610612755,full_core,0,0
2017-18,1627733,1610612756,full_core,0,0
2017-18,1627734,1610612754,full_core,0,0
2017-18,1627735,1610612757,partial,1,1
2017-18,1627736,1610612743,full_core,0,0
2017-18,1627737,1610612756,full_core,0,0
2017-18,1627738,1610612763,full_core,0,0
2017-18,1627739,1610612741,full_core,0,0
2017-18,1627740,1610612765,full_core,0,0
2017-18,1627741,1610612758,full_core,0,0
2017-18,1627742,1610612747,full_core,0,0
2017-18,1627743,1610612745,partial,1,1
2017-18,1627743,1610612755,partial,1,1
2017-18,1627744,1610612746,partial,1,1
2017-18,1627744,1610612763,partial,1,1
2017-18,1627745,1610612744,full_core,0,0
2017-18,1627746,1610612758,full_core,0,0
2017-18,1627747,1610612751,full_core,0,0
2017-18,1627748,1610612749,full_core,0,0
2017-18,1627749,1610612759,full_core,0,0
2017-18,1627750,1610612743,full_core,0,0
2017-18,1627751,1610612761,full_core,0,0
2017-18,1627752,1610612737,full_core,0,0
2017-18,1627753,1610612745,full_core,0,0
2017-18,1627755,1610612756,full_core,0,0
2017-18,1627756,1610612741,full_core,0,0
2017-18,1627758,1610612752,full_core,0,0
2017-18,1627759,1610612738,full_core,0,0
2017-18,1627761,1610612737,full_core,0,0
2017-18,1627762,1610612749,partial,1,1
2017-18,1627763,1610612749,full_core,0,0
2017-18,1627767,1610612740,full_core,0,0
2017-18,1627770,1610612741,partial,1,1
2017-18,1627770,1610612765,partial,1,1
2017-18,1627772,1610612760,full_core,0,0
2017-18,1627774,1610612757,full_core,0,0
2017-18,1627775,1610612744,full_core,0,0
2017-18,1627777,1610612762,partial,1,1
2017-18,1627778,1610612745,full_core,0,0
2017-18,1627779,1610612766,full_core,0,0
2017-18,1627780,1610612747,partial,1,1
2017-18,1627780,1610612749,partial,1,1
2017-18,1627781,1610612758,partial,1,1
2017-18,1627781,1610612761,partial,1,1
2017-18,1627782,1610612763,full_core,0,0
2017-18,1627783,1610612761,full_core,0,0
2017-18,1627785,1610612751,full_core,0,0
2017-18,1627786,1610612745,partial,1,1
2017-18,1627786,1610612752,partial,1,1
2017-18,1627788,1610612755,full_core,0,0
2017-18,1627789,1610612755,full_core,0,0
2017-18,1627790,1610612739,full_core,0,0
2017-18,1627812,1610612742,full_core,0,0
2017-18,1627814,1610612737,partial,1,1
2017-18,1627816,1610612754,partial,0,0
2017-18,1627817,1610612745,partial,1,1
2017-18,1627819,1610612737,full_core,0,0
2017-18,1627820,1610612746,partial,1,1
2017-18,1627821,1610612751,partial,1,1
2017-18,1627823,1610612743,full_core,0,0
2017-18,1627824,1610612738,full_core,0,0
2017-18,1627826,1610612747,full_core,0,0
2017-18,1627827,1610612742,full_core,0,0
2017-18,1627832,1610612761,full_core,0,0
2017-18,1627834,1610612757,partial,1,1
2017-18,1627834,1610612758,partial,1,1
2017-18,1627835,1610612741,full_core,0,0
2017-18,1627846,1610612738,full_core,0,0
2017-18,1627850,1610612749,partial,1,1
2017-18,1627851,1610612752,partial,1,1
2017-18,1627852,1610612737,partial,1,1
2017-18,1627853,1610612741,full_core,0,0
2017-18,1627854,1610612759,full_core,0,0
2017-18,1627855,1610612748,partial,1,1
2017-18,1627856,1610612759,full_core,0,0
2017-18,1627858,1610612742,partial,4,1
2017-18,1627863,1610612756,partial,1,1
2017-18,1627866,1610612742,partial,1,1
2017-18,1627875,1610612750,full_core,0,0
2017-18,1627883,1610612740,partial,1,1
2017-18,1627883,1610612742,partial,1,1
2017-18,1627884,1610612748,partial,1,1
2017-18,1627884,1610612756,partial,1,1
2017-18,1627885,1610612756,partial,1,1
2017-18,1627936,1610612747,full_core,0,0
2017-18,1627982,1610612756,partial,1,1
2017-18,1627988,1610612763,partial,1,1
2017-18,1628021,1610612741,full_core,0,0
2017-18,1628035,1610612761,full_core,0,0
2017-18,1628365,1610612755,full_core,0,0
2017-18,1628366,1610612747,full_core,0,0
2017-18,1628367,1610612756,full_core,0,0
2017-18,1628368,1610612758,full_core,0,0
2017-18,1628369,1610612738,full_core,0,0
2017-18,1628370,1610612766,full_core,0,0
2017-18,1628371,1610612753,full_core,0,0
2017-18,1628372,1610612742,full_core,0,0
2017-18,1628373,1610612752,full_core,0,0
2017-18,1628374,1610612741,full_core,0,0
2017-18,1628378,1610612762,full_core,0,0
2017-18,1628379,1610612765,full_core,0,0
2017-18,1628380,1610612757,full_core,0,0
2017-18,1628381,1610612737,full_core,0,0
2017-18,1628382,1610612758,full_core,0,0
2017-18,1628383,1610612750,full_core,0,0
2017-18,1628384,1610612761,full_core,0,0
2017-18,1628386,1610612751,full_core,0,0
2017-18,1628387,1610612754,full_core,0,0
2017-18,1628388,1610612754,full_core,0,0
2017-18,1628389,1610612748,full_core,0,0
2017-18,1628390,1610612760,full_core,0,0
2017-18,1628391,1610612749,full_core,0,0
2017-18,1628393,1610612746,full_core,0,0
2017-18,1628395,1610612744,full_core,0,0
2017-18,1628396,1610612762,full_core,0,0
2017-18,1628397,1610612763,full_core,0,0
2017-18,1628398,1610612747,full_core,0,0
2017-18,1628399,1610612743,full_core,0,0
2017-18,1628400,1610612738,full_core,0,0
2017-18,1628401,1610612759,full_core,0,0
2017-18,1628403,1610612757,full_core,0,0
2017-18,1628404,1610612747,full_core,0,0
2017-18,1628405,1610612742,full_core,0,0
2017-18,1628407,1610612766,full_core,0,0
2017-18,1628408,1610612760,full_core,0,0
2017-18,1628409,1610612756,full_core,0,0
2017-18,1628410,1610612754,full_core,0,0
2017-18,1628411,1610612753,full_core,0,0
2017-18,1628412,1610612758,full_core,0,0
2017-18,1628414,1610612746,full_core,0,0
2017-18,1628415,1610612763,full_core,0,0
2017-18,1628416,1610612737,full_core,0,0
2017-18,1628418,1610612747,full_core,0,0
2017-18,1628420,1610612743,full_core,0,0
2017-18,1628421,1610612764,full_core,0,0
2017-18,1628422,1610612752,full_core,0,0
2017-18,1628424,1610612763,full_core,0,0
2017-18,1628425,1610612749,full_core,0,0
2017-18,1628429,1610612740,full_core,0,0
2017-18,1628432,1610612756,full_core,0,0
2017-18,1628436,1610612752,full_core,0,0
2017-18,1628439,1610612752,partial,1,1
2017-18,1628443,1610612738,full_core,0,0
2017-18,1628444,1610612738,full_core,0,0
2017-18,1628449,1610612744,full_core,0,0
2017-18,1628451,1610612751,partial,1,1
2017-18,1628455,1610612740,partial,1,1
2017-18,1628455,1610612756,partial,1,1
2017-18,1628462,1610612746,full_core,0,0
2017-18,1628463,1610612737,partial,1,1
2017-18,1628464,1610612738,full_core,0,0
2017-18,1628467,1610612742,full_core,0,0
2017-18,1628469,1610612741,full_core,0,0
2017-18,1628470,1610612743,full_core,0,0
2017-18,1628475,1610612748,partial,1,1
2017-18,1628476,1610612748,full_core,0,0
2017-18,1628492,1610612742,partial,1,1
2017-18,1628493,1610612766,full_core,0,0
2017-18,1628495,1610612751,partial,1,1
2017-18,1628499,1610612737,partial,1,1
2017-18,1628499,1610612742,partial,1,1
2017-18,1628500,1610612754,partial,1,1
2017-18,1628502,1610612747,partial,1,1
2017-18,1628502,1610612758,partial,1,1
2017-18,1628502,1610612761,partial,1,1
2017-18,1628503,1610612753,full_core,0,0
2017-18,1628504,1610612763,partial,1,1
2017-18,1628506,1610612739,partial,1,1
2017-18,1628510,1610612737,partial,1,1
2017-18,1628513,1610612762,partial,2,1
2017-18,1628537,1610612737,partial,2,1
2017-18,1628571,1610612762,partial,1,1
2017-18,1628681,1610612753,partial,1,1
2017-18,1628935,1610612745,partial,1,1
2017-18,1713,1610612758,full_core,0,0
2017-18,1717,1610612742,full_core,0,0
2017-18,1891,1610612749,full_core,0,0
2017-18,1938,1610612759,full_core,0,0
2017-18,200746,1610612759,full_core,0,0
2017-18,200752,1610612759,full_core,0,0
2017-18,200755,1610612755,full_core,0,0
2017-18,200757,1610612762,full_core,0,0
2017-18,200765,1610612740,full_core,0,0
2017-18,200768,1610612761,full_core,0,0
2017-18,200782,1610612745,full_core,0,0
2017-18,200794,1610612743,full_core,0,0
2017-18,200826,1610612742,full_core,0,0
2017-18,201142,1610612744,full_core,0,0
2017-18,201143,1610612738,full_core,0,0
2017-18,201144,1610612763,full_core,0,0
2017-18,201145,1610612739,full_core,0,0
2017-18,201147,1610612747,partial,1,1
2017-18,201147,1610612760,partial,1,1
2017-18,201148,1610612745,partial,1,1
2017-18,201148,1610612763,partial,1,1
2017-18,201149,1610612752,full_core,0,0
2017-18,201152,1610612754,full_core,0,0
2017-18,201156,1610612744,full_core,0,0
2017-18,201158,1610612737,partial,1,1
2017-18,201158,1610612755,partial,1,1
2017-18,201160,1610612764,full_core,0,0
2017-18,201162,1610612756,full_core,0,0
2017-18,201163,1610612743,full_core,0,0
2017-18,201166,1610612750,full_core,0,0
2017-18,201167,1610612753,full_core,0,0
2017-18,201177,1610612742,partial,1,1
2017-18,201188,1610612763,full_core,0,0
2017-18,201196,1610612752,partial,1,1
2017-18,201196,1610612764,partial,2,1
2017-18,201229,1610612765,full_core,0,0
2017-18,201281,1610612747,partial,1,1
2017-18,201563,1610612752,full_core,0,0
2017-18,201565,1610612739,partial,1,1
2017-18,201565,1610612750,partial,1,1
2017-18,201566,1610612760,full_core,0,0
2017-18,201567,1610612739,full_core,0,0
2017-18,201568,1610612746,full_core,0,0
2017-18,201569,1610612745,full_core,0,0
2017-18,201571,1610612753,full_core,0,0
2017-18,201572,1610612747,full_core,0,0
2017-18,201573,1610612755,full_core,0,0
2017-18,201577,1610612741,full_core,0,0
2017-18,201578,1610612753,full_core,0,0
2017-18,201580,1610612744,full_core,0,0
2017-18,201583,1610612745,full_core,0,0
2017-18,201584,1610612752,full_core,0,0
2017-18,201585,1610612758,full_core,0,0
2017-18,201586,1610612761,full_core,0,0
2017-18,201587,1610612766,full_core,0,0
2017-18,201588,1610612739,partial,1,1
2017-18,201588,1610612758,partial,1,1
2017-18,201589,1610612743,full_core,0,0
2017-18,201596,1610612763,full_core,0,0
2017-18,201599,1610612746,full_core,0,0
2017-18,201600,1610612740,partial,1,1
2017-18,201600,1610612741,partial,1,1
2017-18,201601,1610612745,full_core,0,0
2017-18,201609,1610612748,full_core,0,0
2017-18,201628,1610612745,partial,2,1
2017-18,201933,1610612746,partial,1,1
2017-18,201933,1610612765,partial,1,1
2017-18,201935,1610612745,full_core,0,0
2017-18,201936,1610612763,full_core,0,0
2017-18,201937,1610612762,full_core,0,0
2017-18,201939,1610612744,full_core,0,0
2017-18,201942,1610612761,full_core,0,0
2017-18,201943,1610612749,partial,1,1
2017-18,201949,1610612748,full_core,0,0
2017-18,201950,1610612740,full_core,0,0
2017-18,201952,1610612750,full_core,0,0
2017-18,201954,1610612754,full_core,0,0
2017-18,201956,1610612744,partial,1,1
2017-18,201959,1610612750,full_core,0,0
2017-18,201960,1610612751,full_core,0,0
2017-18,201961,1610612748,full_core,0,0
2017-18,201967,1610612740,partial,1,1
2017-18,201967,1610612751,partial,1,1
2017-18,201973,1610612762,full_core,0,0
2017-18,201975,1610612764,full_core,0,0
2017-18,201976,1610612746,full_core,0,0
2017-18,201980,1610612759,full_core,0,0
2017-18,201988,1610612759,full_core,0,0
2017-18,202066,1610612758,full_core,0,0
2017-18,202083,1610612742,full_core,0,0
2017-18,202322,1610612764,full_core,0,0
2017-18,202323,1610612757,full_core,0,0
2017-18,202324,1610612762,full_core,0,0
2017-18,202325,1610612746,full_core,0,0
2017-18,202326,1610612740,full_core,0,0
2017-18,202327,1610612762,full_core,0,0
2017-18,202328,1610612738,partial,1,1
2017-18,202328,1610612749,partial,1,1
2017-18,202328,1610612756,partial,1,1
2017-18,202329,1610612757,full_core,0,0
2017-18,202330,1610612738,full_core,0,0
2017-18,202331,1610612760,full_core,0,0
2017-18,202332,1610612750,full_core,0,0
2017-18,202334,1610612757,full_core,0,0
2017-18,202335,1610612760,full_core,0,0
2017-18,202337,1610612737,partial,1,1
2017-18,202337,1610612748,partial,1,1
2017-18,202339,1610612749,partial,1,1
2017-18,202339,1610612756,partial,1,1
2017-18,202340,1610612746,partial,1,1
2017-18,202340,1610612765,partial,1,1
2017-18,202344,1610612751,partial,1,1
2017-18,202344,1610612754,partial,1,1
2017-18,202344,1610612755,partial,1,1
2017-18,202347,1610612741,partial,1,1
2017-18,202348,1610612740,partial,2,1
2017-18,202355,1610612748,full_core,0,0
2017-18,202357,1610612750,full_core,0,0
2017-18,202362,1610612754,full_core,0,0
2017-18,202379,1610612737,partial,1,1
2017-18,202389,1610612751,full_core,0,0
2017-18,202391,1610612751,full_core,0,0
2017-18,202397,1610612765,full_core,0,0
2017-18,202498,1610612752,full_core,0,0
2017-18,202681,1610612738,full_core,0,0
2017-18,202682,1610612747,partial,1,1
2017-18,202683,1610612752,full_core,0,0
2017-18,202684,1610612739,full_core,0,0
2017-18,202685,1610612761,full_core,0,0
2017-18,202687,1610612753,full_core,0,0
2017-18,202689,1610612766,full_core,0,0
2017-18,202691,1610612744,full_core,0,0
2017-18,202692,1610612762,full_core,0,0
2017-18,202693,1610612764,full_core,0,0
2017-18,202694,1610612738,full_core,0,0
2017-18,202695,1610612759,full_core,0,0
2017-18,202696,1610612753,full_core,0,0
2017-18,202697,1610612739,partial,1,1
2017-18,202699,1610612746,partial,1,1
2017-18,202699,1610612765,partial,1,1
2017-18,202702,1610612743,full_core,0,0
2017-18,202703,1610612740,partial,1,1
2017-18,202703,1610612741,partial,1,1
2017-18,202704,1610612765,full_core,0,0
2017-18,202705,1610612763,partial,1,1
2017-18,202709,1610612754,full_core,0,0
2017-18,202710,1610612750,full_core,0,0
2017-18,202711,1610612754,full_core,0,0
2017-18,202713,1610612760,full_core,0,0
2017-18,202714,1610612753,full_core,0,0
2017-18,202718,1610612763,full_core,0,0
2017-18,202720,1610612765,full_core,0,0
2017-18,202722,1610612759,full_core,0,0
2017-18,202732,1610612740,partial,2,1
2017-18,202732,1610612749,partial,1,1
2017-18,202734,1610612740,full_core,0,0
2017-18,202738,1610612739,partial,1,1
2017-18,202738,1610612747,partial,1,1
2017-18,202779,1610612765,partial,0,0
2017-18,202918,1610612738,partial,1,1
2017-18,202933,1610612766,full_core,0,0
2017-18,203076,1610612740,full_core,0,0
2017-18,203077,1610612766,full_core,0,0
2017-18,203078,1610612764,full_core,0,0
2017-18,203079,1610612748,full_core,0,0
2017-18,203081,1610612757,full_core,0,0
2017-18,203082,1610612753,full_core,0,0
2017-18,203083,1610612765,full_core,0,0
2017-18,203084,1610612742,full_core,0,0
2017-18,203085,1610612746,full_core,0,0
2017-18,203086,1610612757,full_core,0,0
2017-18,203087,1610612766,full_core,0,0
2017-18,203089,1610612749,full_core,0,0
2017-18,203090,1610612757,full_core,0,0
2017-18,203092,1610612749,partial,1,1
2017-18,203092,1610612751,partial,1,1
2017-18,203095,1610612753,full_core,0,0
2017-18,203101,1610612737,full_core,0,0
2017-18,203104,1610612763,partial,1,1
2017-18,203107,1610612764,full_core,0,0
2017-18,203109,1610612739,partial,1,1
2017-18,203109,1610612762,partial,1,1
2017-18,203110,1610612744,full_core,0,0
2017-18,203112,1610612751,full_core,0,0
2017-18,203114,1610612749,full_core,0,0
2017-18,203115,1610612743,full_core,0,0
2017-18,203118,1610612764,full_core,0,0
2017-18,203121,1610612740,full_core,0,0
2017-18,203124,1610612752,full_core,0,0
2017-18,203141,1610612749,partial,1,1
2017-18,203145,1610612737,full_core,0,0
2017-18,203186,1610612746,partial,1,1
2017-18,203186,1610612765,partial,1,1
2017-18,203200,1610612741,full_core,0,0
2017-18,203210,1610612763,full_core,0,0
2017-18,203382,1610612738,full_core,0,0
2017-18,203457,1610612742,full_core,0,0
2017-18,203458,1610612756,full_core,0,0
2017-18,203459,1610612751,full_core,0,0
2017-18,203460,1610612760,full_core,0,0
2017-18,203463,1610612763,full_core,0,0
2017-18,203464,1610612759,full_core,0,0
2017-18,203468,1610612757,full_core,0,0
2017-18,203469,1610612766,full_core,0,0
2017-18,203471,1610612737,full_core,0,0
2017-18,203473,1610612737,full_core,0,0
2017-18,203476,1610612750,full_core,0,0
2017-18,203477,1610612745,partial,1,1
2017-18,203477,1610612756,partial,1,1
2017-18,203481,1610612742,partial,1,1
2017-18,203482,1610612748,full_core,0,0
2017-18,203484,1610612747,full_core,0,0
2017-18,203485,1610612761,full_core,0,0
2017-18,203486,1610612743,full_core,0,0
2017-18,203487,1610612766,full_core,0,0
2017-18,203488,1610612737,full_core,0,0
2017-18,203489,1610612762,partial,1,1
2017-18,203490,1610612764,full_core,0,0
2017-18,203493,1610612765,full_core,0,0
2017-18,203496,1610612755,full_core,0,0
2017-18,203497,1610612762,full_core,0,0
2017-18,203498,1610612749,partial,1,1
2017-18,203498,1610612750,partial,1,1
2017-18,203499,1610612738,full_core,0,0
2017-18,203500,1610612760,full_core,0,0
2017-18,203501,1610612752,full_core,0,0
2017-18,203503,1610612749,full_core,0,0
2017-18,203504,1610612752,partial,1,1
2017-18,203505,1610612747,partial,1,1
2017-18,203506,1610612754,full_core,0,0
2017-18,203507,1610612749,full_core,0,0
2017-18,203512,1610612761,full_core,0,0
2017-18,203516,1610612763,partial,1,1
2017-18,203516,1610612765,partial,1,1
2017-18,203518,1610612760,full_core,0,0
2017-18,203521,1610612749,full_core,0,0
2017-18,203524,1610612740,full_core,0,0
2017-18,203526,1610612762,full_core,0,0
2017-18,203530,1610612759,full_core,0,0
2017-18,203546,1610612740,full_core,0,0
2017-18,203580,1610612740,partial,2,1
2017-18,203580,1610612755,partial,1,1
2017-18,203584,1610612756,full_core,0,0
2017-18,203585,1610612748,full_core,0,0
2017-18,203590,1610612754,partial,1,1
2017-18,203613,1610612753,full_core,0,0
2017-18,203687,1610612765,partial,1,1
2017-18,2037,1610612750,full_core,0,0
2017-18,203705,1610612737,full_core,0,0
2017-18,203710,1610612746,partial,0,0
2017-18,203816,1610612742,partial,1,1
2017-18,203894,1610612757,full_core,0,0
2017-18,203897,1610612741,full_core,0,0
2017-18,203898,1610612747,full_core,0,0
2017-18,203900,1610612745,partial,1,1
2017-18,203901,1610612753,partial,1,1
2017-18,203901,1610612756,partial,1,1
2017-18,203903,1610612739,partial,1,1
2017-18,203903,1610612747,partial,1,1
2017-18,203914,1610612743,full_core,0,0
2017-18,203915,1610612751,full_core,0,0
2017-18,203917,1610612751,partial,1,1
2017-18,203917,1610612755,partial,1,1
2017-18,203918,1610612739,partial,1,1
2017-18,203918,1610612762,partial,1,1
2017-18,203920,1610612753,full_core,0,0
2017-18,203922,1610612754,full_core,0,0
2017-18,203923,1610612755,partial,1,1
2017-18,203924,1610612760,full_core,0,0
2017-18,203925,1610612751,full_core,0,0
2017-18,203926,1610612742,partial,1,1
2017-18,203926,1610612752,partial,1,1
2017-18,203930,1610612741,partial,1,1
2017-18,203930,1610612746,partial,1,1
2017-18,203930,1610612749,partial,1,1
2017-18,203930,1610612751,partial,1,1
2017-18,203932,1610612753,full_core,0,0
2017-18,203933,1610612756,full_core,0,0
2017-18,203935,1610612738,full_core,0,0
2017-18,203937,1610612759,full_core,0,0
2017-18,203939,1610612742,full_core,0,0
2017-18,203940,1610612753,partial,1,1
2017-18,203943,1610612741,partial,1,1
2017-18,203943,1610612757,partial,1,1
2017-18,203944,1610612747,full_core,0,0
2017-18,203948,1610612766,partial,1,1
2017-18,203949,1610612755,partial,1,1
2017-18,203952,1610612750,full_core,0,0
2017-18,203953,1610612749,full_core,0,0
2017-18,203954,1610612755,full_core,0,0
2017-18,203957,1610612762,full_core,0,0
2017-18,203960,1610612758,full_core,0,0
2017-18,203961,1610612765,full_core,0,0
2017-18,203962,1610612760,full_core,0,0
2017-18,203966,1610612746,partial,1,1
2017-18,203967,1610612755,full_core,0,0
2017-18,203991,1610612745,full_core,0,0
2017-18,203992,1610612758,full_core,0,0
2017-18,203994,1610612757,full_core,0,0
2017-18,203998,1610612758,partial,1,1
2017-18,203998,1610612761,partial,1,1
2017-18,203999,1610612743,full_core,0,0
2017-18,204001,1610612752,full_core,0,0
2017-18,204020,1610612748,full_core,0,0
2017-18,204022,1610612758,full_core,0,0
2017-18,204025,1610612764,full_core,0,0
2017-18,204028,1610612745,full_core,0,0
2017-18,204037,1610612747,partial,2,1
2017-18,204038,1610612765,full_core,0,0
2017-18,204060,1610612762,full_core,0,0
2017-18,204065,1610612762,partial,1,1
2017-18,204066,1610612739,full_core,0,0
2017-18,204067,1610612738,partial,1,1
2017-18,204067,1610612741,partial,1,1
2017-18,204098,1610612749,partial,1,1
2017-18,204179,1610612763,partial,1,1
2017-18,204456,1610612755,full_core,0,0
2017-18,2199,1610612756,full_core,0,0
2017-18,2200,1610612759,full_core,0,0
2017-18,2207,1610612745,partial,1,1
2017-18,2207,1610612762,partial,1,1
2017-18,2210,1610612743,partial,1,1
2017-18,2216,1610612758,full_core,0,0
2017-18,2225,1610612759,full_core,0,0
2017-18,2403,1610612745,full_core,0,0
2017-18,2544,1610612739,full_core,0,0
2017-18,2546,1610612760,full_core,0,0
2017-18,2548,1610612739,partial,1,1
2017-18,2548,1610612748,partial,1,1
2017-18,2555,1610612760,full_core,0,0
2017-18,2561,1610612744,full_core,0,0
2017-18,2570,1610612739,partial,1,1
2017-18,2585,1610612744,full_core,0,0
2017-18,2594,1610612739,full_core,0,0
2017-18,2617,1610612748,full_core,0,0
2017-18,2730,1610612766,full_core,0,0
2017-18,2731,1610612740,partial,2,1
2017-18,2733,1610612744,full_core,0,0
2017-18,2734,1610612742,partial,1,1
2017-18,2734,1610612743,partial,1,1
2017-18,2736,1610612747,full_core,0,0
2017-18,2738,1610612744,full_core,0,0
2017-18,2744,1610612754,full_core,0,0
2017-18,2746,1610612740,partial,1,1
2017-18,2747,1610612739,full_core,0,0
2017-18,2749,1610612740,partial,1,1
2017-18,2749,1610612765,partial,1,1
2017-18,2754,1610612740,partial,1,1
2017-18,2772,1610612745,full_core,0,0
2017-18,2863,1610612754,partial,1,1
2018-19,101106,1610612744,partial,1,1
2018-19,101107,1610612766,full_core,0,0
2018-19,101108,1610612745,full_core,0,0
2018-19,101109,1610612760,full_core,0,0
2018-19,101112,1610612739,full_core,0,0
2018-19,101123,1610612745,full_core,0,0
2018-19,101133,1610612764,full_core,0,0
2018-19,101139,1610612761,partial,1,1
2018-19,101139,1610612763,partial,1,1
2018-19,101141,1610612749,full_core,0,0
2018-19,101150,1610612746,full_core,0,0
2018-19,101161,1610612755,full_core,0,0
2018-19,101162,1610612746,partial,1,1
2018-19,101181,1610612765,full_core,0,0
2018-19,1626143,1610612740,full_core,0,0
2018-19,1626144,1610612752,full_core,0,0
2018-19,1626145,1610612750,full_core,0,0
2018-19,1626147,1610612737,full_core,0,0
2018-19,1626149,1610612746,full_core,0,0
2018-19,1626150,1610612739,partial,1,1
2018-19,1626150,1610612740,partial,1,1
2018-19,1626150,1610612763,partial,1,1
2018-19,1626153,1610612761,partial,1,1
2018-19,1626153,1610612763,partial,1,1
2018-19,1626154,1610612738,partial,1,1
2018-19,1626155,1610612739,partial,1,1
2018-19,1626155,1610612764,partial,1,1
2018-19,1626156,1610612751,full_core,0,0
2018-19,1626157,1610612750,full_core,0,0
2018-19,1626158,1610612756,full_core,0,0
2018-19,1626159,1610612748,full_core,0,0
2018-19,1626161,1610612758,full_core,0,0
2018-19,1626162,1610612756,partial,1,1
2018-19,1626162,1610612764,partial,1,1
2018-19,1626163,1610612766,full_core,0,0
2018-19,1626164,1610612756,full_core,0,0
2018-19,1626166,1610612739,partial,1,1
2018-19,1626166,1610612741,partial,1,1
2018-19,1626167,1610612754,full_core,0,0
2018-19,1626168,1610612743,full_core,0,0
2018-19,1626169,1610612740,partial,1,1
2018-19,1626169,1610612765,partial,1,1
2018-19,1626170,1610612753,full_core,0,0
2018-19,1626171,1610612741,partial,1,1
2018-19,1626171,1610612764,partial,1,1
2018-19,1626172,1610612744,full_core,0,0
2018-19,1626174,1610612740,partial,1,1
2018-19,1626174,1610612749,partial,1,1
2018-19,1626178,1610612751,full_core,0,0
2018-19,1626179,1610612738,full_core,0,0
2018-19,1626181,1610612761,full_core,0,0
2018-19,1626184,1610612764,partial,2,1
2018-19,1626185,1610612753,full_core,0,0
2018-19,1626188,1610612744,full_core,0,0
2018-19,1626192,1610612749,full_core,0,0
2018-19,1626195,1610612766,full_core,0,0
2018-19,1626196,1610612748,full_core,0,0
2018-19,1626203,1610612751,full_core,0,0
2018-19,1626204,1610612739,full_core,0,0
2018-19,1626209,1610612752,full_core,0,0
2018-19,1626210,1610612751,partial,2,1
2018-19,1626220,1610612762,full_core,0,0
2018-19,1626224,1610612739,full_core,0,0
2018-19,1626245,1610612741,full_core,0,0
2018-19,1626246,1610612746,partial,1,1
2018-19,1626246,1610612755,partial,1,1
2018-19,1626257,1610612742,partial,2,1
2018-19,1626259,1610612761,partial,1,1
2018-19,1626296,1610612737,partial,1,1
2018-19,1627215,1610612741,partial,1,1
2018-19,1627395,1610612763,partial,1,1
2018-19,1627732,1610612755,full_core,0,0
2018-19,1627733,1610612756,full_core,0,0
2018-19,1627734,1610612754,full_core,0,0
2018-19,1627735,1610612757,partial,1,1
2018-19,1627736,1610612743,full_core,0,0
2018-19,1627737,1610612739,partial,1,1
2018-19,1627737,1610612745,partial,1,1
2018-19,1627738,1610612737,partial,1,1
2018-19,1627739,1610612741,full_core,0,0
2018-19,1627740,1610612752,partial,1,1
2018-19,1627740,1610612765,partial,1,1
2018-19,1627741,1610612758,full_core,0,0
2018-19,1627742,1610612747,full_core,0,0
2018-19,1627743,1610612755,partial,1,1
2018-19,1627745,1610612744,full_core,0,0
2018-19,1627746,1610612757,partial,1,1
2018-19,1627746,1610612758,partial,1,1
2018-19,1627747,1610612751,full_core,0,0
2018-19,1627748,1610612749,partial,1,1
2018-19,1627748,1610612765,partial,1,1
2018-19,1627750,1610612743,full_core,0,0
2018-19,1627751,1610612759,full_core,0,0
2018-19,1627752,1610612737,full_core,0,0
2018-19,1627753,1610612745,partial,1,1
2018-19,1627755,1610612741,partial,1,1
2018-19,1627758,1610612752,partial,1,1
2018-19,1627758,1610612764,partial,1,1
2018-19,1627759,1610612738,full_core,0,0
2018-19,1627761,1610612737,full_core,0,0
2018-19,1627763,1610612749,full_core,0,0
2018-19,1627767,1610612740,full_core,0,0
2018-19,1627772,1610612737,partial,1,1
2018-19,1627774,1610612757,full_core,0,0
2018-19,1627775,1610612739,partial,1,1
2018-19,1627775,1610612761,partial,1,1
2018-19,1627777,1610612762,full_core,0,0
2018-19,1627780,1610612764,partial,1,1
2018-19,1627781,1610612761,partial,1,1
2018-19,1627782,1610612741,partial,1,1
2018-19,1627782,1610612763,partial,1,1
2018-19,1627783,1610612761,full_core,0,0
2018-19,1627786,1610612758,partial,1,1
2018-19,1627788,1610612755,full_core,0,0
2018-19,1627789,1610612741,partial,1,1
2018-19,1627789,1610612760,partial,1,1
2018-19,1627790,1610612739,full_core,0,0
2018-19,1627812,1610612758,full_core,0,0
2018-19,1627814,1610612744,full_core,0,0
2018-19,1627816,1610612737,full_core,0,0
2018-19,1627820,1610612746,full_core,0,0
2018-19,1627823,1610612743,full_core,0,0
2018-19,1627824,1610612738,full_core,0,0
2018-19,1627826,1610612746,partial,1,1
2018-19,1627826,1610612747,partial,1,1
2018-19,1627827,1610612742,full_core,0,0
2018-19,1627832,1610612761,full_core,0,0
2018-19,1627846,1610612760,full_core,0,0
2018-19,1627853,1610612741,full_core,0,0
2018-19,1627854,1610612759,full_core,0,0
2018-19,1627855,1610612764,partial,1,1
2018-19,1627863,1610612745,partial,2,1
2018-19,1627883,1610612739,partial,1,1
2018-19,1627884,1610612748,full_core,0,0
2018-19,1627885,1610612741,partial,1,1
2018-19,1627936,1610612747,full_core,0,0
2018-19,1628021,1610612739,full_core,0,0
2018-19,1628035,1610612744,full_core,0,0
2018-19,1628070,1610612761,full_core,0,0
2018-19,1628249,1610612750,partial,1,1
2018-19,1628249,1610612751,partial,1,1
2018-19,1628365,1610612755,partial,1,1
2018-19,1628366,1610612747,full_core,0,0
2018-19,1628367,1610612756,full_core,0,0
2018-19,1628368,1610612758,full_core,0,0
2018-19,1628369,1610612738,full_core,0,0
2018-19,1628370,1610612766,full_core,0,0
2018-19,1628371,1610612753,full_core,0,0
2018-19,1628372,1610612742,partial,1,1
2018-19,1628372,1610612752,partial,1,1
2018-19,1628373,1610612752,full_core,0,0
2018-19,1628374,1610612741,full_core,0,0
2018-19,1628378,1610612762,full_core,0,0
2018-19,1628379,1610612765,full_core,0,0
2018-19,1628380,1610612757,full_core,0,0
2018-19,1628381,1610612737,full_core,0,0
2018-19,1628382,1610612742,partial,1,1
2018-19,1628382,1610612758,partial,1,1
2018-19,1628383,1610612755,partial,1,1
2018-19,1628384,1610612761,full_core,0,0
2018-19,1628385,1610612758,full_core,0,0
2018-19,1628386,1610612751,full_core,0,0
2018-19,1628387,1610612754,partial,1,1
2018-19,1628388,1610612754,full_core,0,0
2018-19,1628389,1610612748,full_core,0,0
2018-19,1628390,1610612760,full_core,0,0
2018-19,1628391,1610612749,full_core,0,0
2018-19,1628392,1610612745,full_core,0,0
2018-19,1628393,1610612756,partial,1,1
2018-19,1628393,1610612760,partial,1,1
2018-19,1628395,1610612744,full_core,0,0
2018-19,1628396,1610612762,full_core,0,0
2018-19,1628397,1610612763,full_core,0,0
2018-19,1628398,1610612747,full_core,0,0
2018-19,1628399,1610612743,full_core,0,0
2018-19,1628400,1610612738,full_core,0,0
2018-19,1628401,1610612759,full_core,0,0
2018-19,1628402,1610612740,full_core,0,0
2018-19,1628403,1610612757,partial,1,1
2018-19,1628403,1610612758,partial,1,1
2018-19,1628404,1610612747,full_core,0,0
2018-19,1628405,1610612746,full_core,0,0
2018-19,1628407,1610612766,full_core,0,0
2018-19,1628408,1610612738,full_core,0,0
2018-19,1628410,1610612754,partial,0,0
2018-19,1628411,1610612753,full_core,0,0
2018-19,1628412,1610612758,full_core,0,0
2018-19,1628413,1610612755,full_core,0,0
2018-19,1628414,1610612746,full_core,0,0
2018-19,1628415,1610612763,full_core,0,0
2018-19,1628416,1610612737,partial,1,1
2018-19,1628416,1610612763,partial,1,1
2018-19,1628417,1610612739,partial,1,1
2018-19,1628418,1610612764,full_core,0,0
2018-19,1628420,1610612743,full_core,0,0
2018-19,1628421,1610612764,full_core,0,0
2018-19,1628422,1610612752,full_core,0,0
2018-19,1628424,1610612739,partial,1,1
2018-19,1628425,1610612749,full_core,0,0
2018-19,1628432,1610612754,partial,1,1
2018-19,1628436,1610612752,full_core,0,0
2018-19,1628439,1610612752,full_core,0,0
2018-19,1628443,1610612752,partial,1,1
2018-19,1628449,1610612761,partial,0,0
2018-19,1628462,1610612746,partial,1,1
2018-19,1628463,1610612762,full_core,0,0
2018-19,1628464,1610612738,full_core,0,0
2018-19,1628467,1610612742,full_core,0,0
2018-19,1628469,1610612741,full_core,0,0
2018-19,1628470,1610612743,full_core,0,0
2018-19,1628505,1610612753,full_core,0,0
2018-19,1628513,1610612762,full_core,0,0
2018-19,1628515,1610612753,partial,1,1
2018-19,1628518,1610612753,full_core,0,0
2018-19,1628537,1610612749,partial,1,1
2018-19,1628605,1610612763,partial,1,1
2018-19,1628656,1610612752,partial,1,1
2018-19,1628769,1610612751,partial,1,1
2018-19,1628959,1610612741,full_core,0,0
2018-19,1628960,1610612762,full_core,0,0
2018-19,1628961,1610612742,full_core,0,0
2018-19,1628963,1610612758,full_core,0,0
2018-19,1628964,1610612753,full_core,0,0
2018-19,1628966,1610612750,full_core,0,0
2018-19,1628969,1610612756,full_core,0,0
2018-19,1628970,1610612766,full_core,0,0
2018-19,1628971,1610612765,full_core,0,0
2018-19,1628972,1610612764,full_core,0,0
2018-19,1628973,1610612742,full_core,0,0
2018-19,1628975,1610612763,full_core,0,0
2018-19,1628976,1610612741,full_core,0,0
2018-19,1628977,1610612760,full_core,0,0
2018-19,1628978,1610612749,full_core,0,0
2018-19,1628979,1610612749,partial,1,1
2018-19,1628980,1610612744,full_core,0,0
2018-19,1628982,1610612753,full_core,0,0
2018-19,1628983,1610612746,full_core,0,0
2018-19,1628984,1610612766,full_core,0,0
2018-19,1628988,1610612754,full_core,0,0
2018-19,1628989,1610612737,full_core,0,0
2018-19,1628990,1610612741,full_core,0,0
2018-19,1628991,1610612763,full_core,0,0
2018-19,1628993,1610612754,full_core,0,0
2018-19,1628994,1610612756,full_core,0,0
2018-19,1628995,1610612752,full_core,0,0
2018-19,1628999,1610612748,partial,0,0
2018-19,1629001,1610612756,full_core,0,0
2018-19,1629002,1610612759,full_core,0,0
2018-19,1629003,1610612755,full_core,0,0
2018-19,1629004,1610612747,partial,1,1
2018-19,1629004,1610612765,partial,1,1
2018-19,1629006,1610612750,full_core,0,0
2018-19,1629010,1610612746,full_core,0,0
2018-19,1629011,1610612752,full_core,0,0
2018-19,1629012,1610612739,full_core,0,0
2018-19,1629013,1610612746,partial,1,1
2018-19,1629013,1610612755,partial,1,1
2018-19,1629014,1610612757,full_core,0,0
2018-19,1629015,1610612755,full_core,0,0
2018-19,1629016,1610612737,full_core,0,0
2018-19,1629017,1610612765,full_core,0,0
2018-19,1629018,1610612757,full_core,0,0
2018-19,1629019,1610612752,partial,0,0
2018-19,1629020,1610612743,full_core,0,0
2018-19,1629021,1610612747,full_core,0,0
2018-19,1629022,1610612759,full_core,0,0
2018-19,1629026,1610612740,full_core,0,0
2018-19,1629027,1610612737,full_core,0,0
2018-19,1629028,1610612756,full_core,0,0
2018-19,1629029,1610612742,full_core,0,0
2018-19,1629033,1610612751,full_core,0,0
2018-19,1629034,1610612742,partial,1,1
2018-19,1629034,1610612756,partial,1,1
2018-19,1629045,1610612749,partial,1,1
2018-19,1629053,1610612745,full_core,0,0
2018-19,1629055,1610612760,partial,1,1
2018-19,1629057,1610612738,full_core,0,0
2018-19,1629058,1610612751,full_core,0,0
2018-19,1629059,1610612756,full_core,0,0
2018-19,1629061,1610612739,partial,1,1
2018-19,1629066,1610612751,full_core,0,0
2018-19,1629067,1610612747,full_core,0,0
2018-19,1629093,1610612760,partial,1,1
2018-19,1629094,1610612744,full_core,0,0
2018-19,1629102,1610612741,partial,1,1
2018-19,1629109,1610612745,partial,0,0
2018-19,1629116,1610612746,full_core,0,0
2018-19,1629118,1610612743,full_core,0,0
2018-19,1629121,1610612737,partial,0,0
2018-19,1629122,1610612766,full_core,0,0
2018-19,1629123,1610612750,full_core,0,0
2018-19,1629126,1610612760,partial,0,0
2018-19,1629130,1610612748,partial,0,0
2018-19,1629133,1610612742,full_core,0,0
2018-19,1629139,1610612763,full_core,0,0
2018-19,1629140,1610612747,partial,1,1
2018-19,1629147,1610612766,full_core,0,0
2018-19,1629150,1610612748,partial,1,1
2018-19,1629150,1610612756,partial,1,1
2018-19,1629151,1610612742,full_core,0,0
2018-19,1629152,1610612743,partial,1,1
2018-19,1629155,1610612765,partial,1,1
2018-19,1629164,1610612743,partial,2,1
2018-19,1629168,1610612737,partial,2,1
2018-19,1629168,1610612758,partial,1,1
2018-19,1629185,1610612745,partial,2,1
2018-19,1629203,1610612747,partial,1,1
2018-19,1629234,1610612759,full_core,0,0
2018-19,1629244,1610612750,partial,1,1
2018-19,1629312,1610612755,partial,1,1
2018-19,1629353,1610612737,partial,1,1
2018-19,1629541,1610612740,partial,1,1
2018-19,1713,1610612737,full_core,0,0
2018-19,1717,1610612742,full_core,0,0
2018-19,200746,1610612759,full_core,0,0
2018-19,200752,1610612759,full_core,0,0
2018-19,200755,1610612755,full_core,0,0
2018-19,200757,1610612762,full_core,0,0
2018-19,200765,1610612747,full_core,0,0
2018-19,200768,1610612761,full_core,0,0
2018-19,200782,1610612745,full_core,0,0
2018-19,200794,1610612743,full_core,0,0
2018-19,200826,1610612742,full_core,0,0
2018-19,201142,1610612744,full_core,0,0
2018-19,201143,1610612738,full_core,0,0
2018-19,201144,1610612763,full_core,0,0
2018-19,201145,1610612764,full_core,0,0
2018-19,201147,1610612755,partial,1,1
2018-19,201147,1610612758,partial,1,1
2018-19,201149,1610612763,partial,1,1
2018-19,201152,1610612754,full_core,0,0
2018-19,201156,1610612743,partial,1,1
2018-19,201158,1610612759,full_core,0,0
2018-19,201160,1610612740,partial,1,1
2018-19,201160,1610612749,partial,1,1
2018-19,201160,1610612764,partial,1,1
2018-19,201162,1610612751,full_core,0,0
2018-19,201163,1610612746,partial,1,1
2018-19,201163,1610612755,partial,1,1
2018-19,201188,1610612761,partial,1,1
2018-19,201188,1610612763,partial,1,1
2018-19,201229,1610612750,full_core,0,0
2018-19,201281,1610612747,partial,1,1
2018-19,201563,1610612747,partial,1,1
2018-19,201565,1610612750,full_core,0,0
2018-19,201566,1610612760,full_core,0,0
2018-19,201567,1610612739,full_core,0,0
2018-19,201568,1610612746,full_core,0,0
2018-19,201569,1610612745,full_core,0,0
2018-19,201571,1610612753,full_core,0,0
2018-19,201572,1610612749,full_core,0,0
2018-19,201573,1610612750,partial,1,1
2018-19,201577,1610612741,full_core,0,0
2018-19,201580,1610612747,full_core,0,0
2018-19,201583,1610612748,partial,1,1
2018-19,201583,1610612756,partial,1,1
2018-19,201584,1610612742,partial,1,1
2018-19,201584,1610612752,partial,1,1
2018-19,201585,1610612758,full_core,0,0
2018-19,201586,1610612761,full_core,0,0
2018-19,201587,1610612766,full_core,0,0
2018-19,201588,1610612739,partial,1,1
2018-19,201588,1610612749,partial,1,1
2018-19,201599,1610612742,partial,1,1
2018-19,201599,1610612752,partial,1,1
2018-19,201601,1610612746,partial,1,1
2018-19,201609,1610612748,full_core,0,0
2018-19,201933,1610612765,full_core,0,0
2018-19,201935,1610612745,full_core,0,0
2018-19,201936,1610612754,full_core,0,0
2018-19,201937,1610612762,full_core,0,0
2018-19,201939,1610612744,full_core,0,0
2018-19,201942,1610612759,full_core,0,0
2018-19,201949,1610612748,full_core,0,0
2018-19,201950,1610612740,full_core,0,0
2018-19,201952,1610612750,full_core,0,0
2018-19,201954,1610612754,full_core,0,0
2018-19,201956,1610612763,partial,1,1
2018-19,201959,1610612750,full_core,0,0
2018-19,201960,1610612751,full_core,0,0
2018-19,201961,1610612748,partial,1,1
2018-19,201961,1610612765,partial,1,1
2018-19,201967,1610612759,full_core,0,0
2018-19,201973,1610612744,full_core,0,0
2018-19,201975,1610612761,partial,2,1
2018-19,201976,1610612746,full_core,0,0
2018-19,201980,1610612761,full_core,0,0
2018-19,201988,1610612759,full_core,0,0
2018-19,202066,1610612746,partial,1,1
2018-19,202066,1610612763,partial,1,1
2018-19,202083,1610612742,partial,1,1
2018-19,202083,1610612752,partial,1,1
2018-19,202083,1610612754,partial,1,1
2018-19,202322,1610612764,full_core,0,0
2018-19,202323,1610612757,full_core,0,0
2018-19,202324,1610612762,full_core,0,0
2018-19,202325,1610612740,partial,1,1
2018-19,202325,1610612764,partial,1,1
2018-19,202326,1610612744,full_core,0,0
2018-19,202327,1610612762,full_core,0,0
2018-19,202328,1610612738,partial,1,1
2018-19,202328,1610612755,partial,1,1
2018-19,202328,1610612761,partial,1,1
2018-19,202329,1610612757,full_core,0,0
2018-19,202330,1610612738,full_core,0,0
2018-19,202331,1610612760,full_core,0,0
2018-19,202334,1610612751,full_core,0,0
2018-19,202335,1610612760,full_core,0,0
2018-19,202339,1610612749,full_core,0,0
2018-19,202340,1610612746,partial,1,1
2018-19,202340,1610612763,partial,1,1
2018-19,202347,1610612759,full_core,0,0
2018-19,202355,1610612748,full_core,0,0
2018-19,202357,1610612758,full_core,0,0
2018-19,202362,1610612747,full_core,0,0
2018-19,202391,1610612737,partial,1,1
2018-19,202391,1610612761,partial,1,1
2018-19,202397,1610612765,full_core,0,0
2018-19,202498,1610612752,full_core,0,0
2018-19,202681,1610612738,full_core,0,0
2018-19,202683,1610612752,partial,1,1
2018-19,202683,1610612757,partial,1,1
2018-19,202684,1610612739,full_core,0,0
2018-19,202685,1610612761,partial,1,1
2018-19,202685,1610612763,partial,1,1
2018-19,202687,1610612766,full_core,0,0
2018-19,202688,1610612739,partial,1,1
2018-19,202688,1610612745,partial,1,1
2018-19,202689,1610612766,full_core,0,0
2018-19,202690,1610612756,partial,1,1
2018-19,202691,1610612744,full_core,0,0
2018-19,202692,1610612739,partial,1,1
2018-19,202692,1610612758,partial,1,1
2018-19,202692,1610612762,partial,1,1
2018-19,202693,1610612760,partial,1,1
2018-19,202693,1610612764,partial,1,1
2018-19,202694,1610612738,full_core,0,0
2018-19,202695,1610612761,full_core,0,0
2018-19,202696,1610612753,full_core,0,0
2018-19,202697,1610612745,partial,1,1
2018-19,202697,1610612758,partial,1,1
2018-19,202699,1610612746,partial,1,1
2018-19,202699,1610612755,partial,1,1
2018-19,202700,1610612759,partial,1,1
2018-19,202702,1610612745,partial,1,1
2018-19,202702,1610612751,partial,1,1
2018-19,202703,1610612740,partial,1,1
2018-19,202703,1610612749,partial,1,1
2018-19,202704,1610612765,full_core,0,0
2018-19,202705,1610612763,partial,1,1
2018-19,202709,1610612754,full_core,0,0
2018-19,202710,1610612750,partial,1,1
2018-19,202710,1610612755,partial,1,1
2018-19,202711,1610612754,full_core,0,0
2018-19,202714,1610612763,partial,1,1
2018-19,202714,1610612766,partial,1,1
2018-19,202718,1610612763,full_core,0,0
2018-19,202720,1610612765,full_core,0,0
2018-19,202722,1610612759,full_core,0,0
2018-19,202734,1610612740,full_core,0,0
2018-19,202738,1610612743,full_core,0,0
2018-19,202954,1610612738,full_core,0,0
2018-19,203076,1610612740,full_core,0,0
2018-19,203077,1610612766,full_core,0,0
2018-19,203078,1610612764,full_core,0,0
2018-19,203079,1610612748,full_core,0,0
2018-19,203081,1610612757,full_core,0,0
2018-19,203082,1610612753,full_core,0,0
2018-19,203083,1610612765,full_core,0,0
2018-19,203084,1610612742,partial,1,1
2018-19,203084,1610612758,partial,1,1
2018-19,203085,1610612745,partial,1,1
2018-19,203085,1610612764,partial,1,1
2018-19,203086,1610612757,full_core,0,0
2018-19,203087,1610612766,full_core,0,0
2018-19,203089,1610612749,partial,1,1
2018-19,203090,1610612757,full_core,0,0
2018-19,203092,1610612737,partial,1,1
2018-19,203092,1610612763,partial,1,1
2018-19,203093,1610612745,partial,1,1
2018-19,203095,1610612753,full_core,0,0
2018-19,203098,1610612752,partial,1,1
2018-19,203098,1610612764,partial,1,1
2018-19,203101,1610612737,full_core,0,0
2018-19,203107,1610612764,full_core,0,0
2018-19,203109,1610612762,full_core,0,0
2018-19,203110,1610612744,full_core,0,0
2018-19,203112,1610612756,partial,1,1
2018-19,203114,1610612749,full_core,0,0
2018-19,203115,1610612743,full_core,0,0
2018-19,203118,1610612746,partial,1,1
2018-19,203118,1610612755,partial,1,1
2018-19,203121,1610612740,full_core,0,0
2018-19,203124,1610612754,full_core,0,0
2018-19,203145,1610612737,full_core,0,0
2018-19,203159,1610612747,partial,1,1
2018-19,203200,1610612741,partial,1,1
2018-19,203200,1610612763,partial,1,1
2018-19,203210,1610612746,partial,1,1
2018-19,203210,1610612763,partial,1,1
2018-19,203263,1610612745,partial,1,1
2018-19,203263,1610612750,partial,1,1
2018-19,203382,1610612738,full_core,0,0
2018-19,203457,1610612760,full_core,0,0
2018-19,203458,1610612737,full_core,0,0
2018-19,203459,1610612751,full_core,0,0
2018-19,203463,1610612758,partial,1,1
2018-19,203468,1610612757,full_core,0,0
2018-19,203469,1610612766,full_core,0,0
2018-19,203471,1610612760,full_core,0,0
2018-19,203473,1610612737,full_core,0,0
2018-19,203474,1610612763,partial,1,1
2018-19,203476,1610612750,full_core,0,0
2018-19,203477,1610612749,partial,1,1
2018-19,203477,1610612750,partial,2,1
2018-19,203477,1610612756,partial,1,1
2018-19,203482,1610612748,full_core,0,0
2018-19,203484,1610612747,full_core,0,0
2018-19,203485,1610612761,partial,1,1
2018-19,203486,1610612743,full_core,0,0
2018-19,203487,1610612745,partial,1,1
2018-19,203487,1610612753,partial,1,1
2018-19,203488,1610612747,partial,1,1
2018-19,203488,1610612755,partial,1,1
2018-19,203490,1610612741,partial,1,1
2018-19,203490,1610612764,partial,1,1
2018-19,203493,1610612747,partial,1,1
2018-19,203493,1610612765,partial,1,1
2018-19,203496,1610612750,partial,1,1
2018-19,203496,1610612755,partial,1,1
2018-19,203497,1610612762,full_core,0,0
2018-19,203500,1610612760,full_core,0,0
2018-19,203501,1610612742,partial,1,1
2018-19,203501,1610612752,partial,1,1
2018-19,203503,1610612749,full_core,0,0
2018-19,203504,1610612742,partial,1,1
2018-19,203504,1610612752,partial,1,1
2018-19,203506,1610612754,full_core,0,0
2018-19,203507,1610612749,full_core,0,0
2018-19,203516,1610612745,partial,1,1
2018-19,203516,1610612755,partial,1,1
2018-19,203518,1610612760,partial,1,1
2018-19,203521,1610612739,partial,1,1
2018-19,203521,1610612749,partial,1,1
2018-19,203524,1610612740,full_core,0,0
2018-19,203526,1610612762,full_core,0,0
2018-19,203546,1610612740,full_core,0,0
2018-19,203552,1610612757,full_core,0,0
2018-19,203564,1610612765,partial,1,1
2018-19,203584,1610612756,full_core,0,0
2018-19,203585,1610612748,partial,1,1
2018-19,203613,1610612753,partial,1,1
2018-19,203613,1610612755,partial,1,1
2018-19,2037,1610612756,full_core,0,0
2018-19,203710,1610612750,full_core,0,0
2018-19,203894,1610612751,full_core,0,0
2018-19,203895,1610612764,partial,0,0
2018-19,203897,1610612741,full_core,0,0
2018-19,203901,1610612740,full_core,0,0
2018-19,203903,1610612739,full_core,0,0
2018-19,203914,1610612743,full_core,0,0
2018-19,203915,1610612751,full_core,0,0
2018-19,203917,1610612739,partial,2,1
2018-19,203917,1610612757,partial,1,1
2018-19,203918,1610612739,partial,1,1
2018-19,203918,1610612757,partial,1,1
2018-19,203920,1610612753,full_core,0,0
2018-19,203922,1610612765,full_core,0,0
2018-19,203924,1610612760,full_core,0,0
2018-19,203925,1610612751,full_core,0,0
2018-19,203926,1610612754,full_core,0,0
2018-19,203932,1610612753,full_core,0,0
2018-19,203933,1610612756,full_core,0,0
2018-19,203935,1610612738,full_core,0,0
2018-19,203937,1610612763,full_core,0,0
2018-19,203939,1610612742,full_core,0,0
2018-19,203943,1610612752,full_core,0,0
2018-19,203944,1610612740,full_core,0,0
2018-19,203952,1610612750,full_core,0,0
2018-19,203953,1610612741,partial,1,1
2018-19,203953,1610612764,partial,1,1
2018-19,203954,1610612755,full_core,0,0
2018-19,203957,1610612762,full_core,0,0
2018-19,203960,1610612741,partial,1,1
2018-19,203961,1610612756,partial,1,1
2018-19,203961,1610612761,partial,2,1
2018-19,203967,1610612750,partial,1,1
2018-19,203967,1610612755,partial,1,1
2018-19,203991,1610612745,full_core,0,0
2018-19,203992,1610612758,full_core,0,0
2018-19,203994,1610612757,full_core,0,0
2018-19,203998,1610612763,partial,1,1
2018-19,203999,1610612743,full_core,0,0
2018-19,204020,1610612748,partial,1,1
2018-19,204020,1610612756,partial,1,1
2018-19,204025,1610612740,partial,1,1
2018-19,204025,1610612749,partial,1,1
2018-19,204038,1610612765,full_core,0,0
2018-19,204060,1610612762,full_core,0,0
2018-19,204066,1610612739,partial,1,1
2018-19,204456,1610612755,full_core,0,0
2018-19,2199,1610612747,partial,1,1
2018-19,2199,1610612756,partial,1,1
2018-19,2200,1610612749,partial,1,1
2018-19,2200,1610612759,partial,1,1
2018-19,2225,1610612766,full_core,0,0
2018-19,2403,1610612745,full_core,0,0
2018-19,2544,1610612747,full_core,0,0
2018-19,2546,1610612745,partial,1,1
2018-19,2548,1610612748,full_core,0,0
2018-19,2585,1610612765,full_core,0,0
2018-19,2594,1610612739,partial,1,1
2018-19,2594,1610612762,partial,1,1
2018-19,2617,1610612748,full_core,0,0
2018-19,2730,1610612764,full_core,0,0
2018-19,2733,1610612744,full_core,0,0
2018-19,2734,1610612742,full_core,0,0
2018-19,2736,1610612750,full_core,0,0
2018-19,2738,1610612744,full_core,0,0
2018-19,2747,1610612739,full_core,0,0
2018-19,2772,1610612756,partial,1,1
2018-19,2772,1610612764,partial,1,1
2019-20,101107,1610612749,partial,1,1
2019-20,101107,1610612766,partial,1,1
2019-20,101108,1610612760,full_core,0,0
2019-20,101133,1610612764,full_core,0,0
2019-20,101139,1610612764,partial,1,1
2019-20,101141,1610612749,full_core,0,0
2019-20,101150,1610612746,full_core,0,0
2019-20,1626143,1610612740,full_core,0,0
2019-20,1626144,1610612762,full_core,0,0
2019-20,1626145,1610612763,full_core,0,0
2019-20,1626147,1610612751,partial,2,1
2019-20,1626149,1610612746,full_core,0,0
2019-20,1626153,1610612742,full_core,0,0
2019-20,1626156,1610612744,partial,1,1
2019-20,1626156,1610612750,partial,1,1
2019-20,1626157,1610612750,full_core,0,0
2019-20,1626158,1610612758,full_core,0,0
2019-20,1626159,1610612748,partial,1,1
2019-20,1626161,1610612742,partial,1,1
2019-20,1626161,1610612744,partial,1,1
2019-20,1626162,1610612756,full_core,0,0
2019-20,1626163,1610612756,full_core,0,0
2019-20,1626164,1610612756,full_core,0,0
2019-20,1626166,1610612756,partial,1,1
2019-20,1626167,1610612754,full_core,0,0
2019-20,1626168,1610612759,full_core,0,0
2019-20,1626169,1610612761,full_core,0,0
2019-20,1626170,1610612764,partial,1,1
2019-20,1626171,1610612752,full_core,0,0
2019-20,1626172,1610612744,full_core,0,0
2019-20,1626174,1610612765,full_core,0,0
2019-20,1626178,1610612761,full_core,0,0
2019-20,1626179,1610612766,full_core,0,0
2019-20,1626181,1610612761,full_core,0,0
2019-20,1626184,1610612744,partial,1,1
2019-20,1626187,1610612745,full_core,0,0
2019-20,1626188,1610612747,full_core,0,0
2019-20,1626192,1610612749,full_core,0,0
2019-20,1626195,1610612766,full_core,0,0
2019-20,1626196,1610612755,full_core,0,0
2019-20,1626203,1610612737,partial,1,1
2019-20,1626203,1610612750,partial,1,1
2019-20,1626204,1610612739,full_core,0,0
2019-20,1626209,1610612757,full_core,0,0
2019-20,1626220,1610612762,full_core,0,0
2019-20,1626224,1610612739,full_core,0,0
2019-20,1626245,1610612741,full_core,0,0
2019-20,1626246,1610612742,full_core,0,0
2019-20,1626259,1610612761,full_core,0,0
2019-20,1627732,1610612755,full_core,0,0
2019-20,1627733,1610612744,partial,2,1
2019-20,1627733,1610612749,partial,1,1
2019-20,1627734,1610612754,full_core,0,0
2019-20,1627736,1610612743,partial,1,1
2019-20,1627736,1610612750,partial,1,1
2019-20,1627737,1610612744,partial,2,1
2019-20,1627739,1610612741,full_core,0,0
2019-20,1627740,1610612751,partial,1,1
2019-20,1627741,1610612758,full_core,0,0
2019-20,1627742,1610612740,full_core,0,0
2019-20,1627745,1610612737,full_core,0,0
2019-20,1627746,1610612757,partial,1,1
2019-20,1627747,1610612751,full_core,0,0
2019-20,1627748,1610612765,full_core,0,0
2019-20,1627749,1610612759,full_core,0,0
2019-20,1627750,1610612743,full_core,0,0
2019-20,1627751,1610612759,full_core,0,0
2019-20,1627752,1610612751,full_core,0,0
2019-20,1627756,1610612741,full_core,0,0
2019-20,1627759,1610612738,full_core,0,0
2019-20,1627761,1610612737,full_core,0,0
2019-20,1627763,1610612754,full_core,0,0
2019-20,1627767,1610612756,full_core,0,0
2019-20,1627774,1610612750,full_core,0,0
2019-20,1627775,1610612761,full_core,0,0
2019-20,1627777,1610612762,full_core,0,0
2019-20,1627780,1610612764,partial,1,1
2019-20,1627783,1610612761,full_core,0,0
2019-20,1627784,1610612763,partial,1,1
2019-20,1627784,1610612764,partial,1,1
2019-20,1627788,1610612755,full_core,0,0
2019-20,1627789,1610612751,partial,2,1
2019-20,1627790,1610612739,full_core,0,0
2019-20,1627812,1610612758,full_core,0,0
2019-20,1627814,1610612744,partial,0,0
2019-20,1627820,1610612737,partial,1,1
2019-20,1627823,1610612743,partial,1,1
2019-20,1627823,1610612750,partial,1,1
2019-20,1627826,1610612746,full_core,0,0
2019-20,1627827,1610612742,full_core,0,0
2019-20,1627832,1610612761,full_core,0,0
2019-20,1627846,1610612760,full_core,0,0
2019-20,1627853,1610612741,full_core,0,0
2019-20,1627854,1610612759,full_core,0,0
2019-20,1627863,1610612745,full_core,0,0
2019-20,1627884,1610612748,full_core,0,0
2019-20,1627885,1610612741,full_core,0,0
2019-20,1627936,1610612747,full_core,0,0
2019-20,1627982,1610612740,full_core,0,0
2019-20,1628021,1610612751,partial,1,1
2019-20,1628035,1610612739,partial,4,1
2019-20,1628365,1610612753,full_core,0,0
2019-20,1628366,1610612740,full_core,0,0
2019-20,1628367,1610612763,full_core,0,0
2019-20,1628368,1610612758,full_core,0,0
2019-20,1628369,1610612738,full_core,0,0
2019-20,1628370,1610612766,full_core,0,0
2019-20,1628371,1610612753,full_core,0,0
2019-20,1628372,1610612752,full_core,0,0
2019-20,1628373,1610612752,full_core,0,0
2019-20,1628374,1610612741,full_core,0,0
2019-20,1628378,1610612762,full_core,0,0
2019-20,1628379,1610612765,full_core,0,0
2019-20,1628380,1610612757,full_core,0,0
2019-20,1628381,1610612737,full_core,0,0
2019-20,1628382,1610612742,full_core,0,0
2019-20,1628383,1610612760,partial,1,1
2019-20,1628384,1610612761,full_core,0,0
2019-20,1628385,1610612758,full_core,0,0
2019-20,1628386,1610612751,full_core,0,0
2019-20,1628388,1610612754,full_core,0,0
2019-20,1628389,1610612748,full_core,0,0
2019-20,1628390,1610612760,full_core,0,0
2019-20,1628391,1610612749,full_core,0,0
2019-20,1628392,1610612745,partial,1,1
2019-20,1628394,1610612764,partial,1,1
2019-20,1628395,1610612750,partial,1,1
2019-20,1628395,1610612763,partial,1,1
2019-20,1628396,1610612762,full_core,0,0
2019-20,1628398,1610612747,full_core,0,0
2019-20,1628400,1610612738,full_core,0,0
2019-20,1628401,1610612759,full_core,0,0
2019-20,1628402,1610612740,full_core,0,0
2019-20,1628403,1610612757,partial,1,1
2019-20,1628403,1610612758,partial,1,1
2019-20,1628404,1610612740,full_core,0,0
2019-20,1628405,1610612746,full_core,0,0
2019-20,1628407,1610612766,full_core,0,0
2019-20,1628408,1610612743,partial,0,0
2019-20,1628410,1610612754,full_core,0,0
2019-20,1628411,1610612753,full_core,0,0
2019-20,1628412,1610612749,full_core,0,0
2019-20,1628413,1610612755,partial,1,1
2019-20,1628413,1610612756,partial,1,1
2019-20,1628414,1610612740,partial,1,1
2019-20,1628415,1610612763,full_core,0,0
2019-20,1628418,1610612764,full_core,0,0
2019-20,1628420,1610612743,full_core,0,0
2019-20,1628422,1610612752,full_core,0,0
2019-20,1628425,1610612749,full_core,0,0
2019-20,1628427,1610612743,full_core,0,0
2019-20,1628430,1610612762,full_core,0,0
2019-20,1628436,1610612741,full_core,0,0
2019-20,1628443,1610612752,full_core,0,0
2019-20,1628449,1610612761,full_core,0,0
2019-20,1628450,1610612758,partial,1,1
2019-20,1628464,1610612738,full_core,0,0
2019-20,1628467,1610612742,full_core,0,0
2019-20,1628470,1610612743,full_core,0,0
2019-20,1628476,1610612746,partial,1,1
2019-20,1628476,1610612765,partial,1,1
2019-20,1628499,1610612742,full_core,0,0
2019-20,1628513,1610612754,full_core,0,0
2019-20,1628518,1610612753,partial,1,1
2019-20,1628539,1610612744,partial,2,1
2019-20,1628605,1610612763,partial,1,1
2019-20,1628778,1610612737,partial,1,1
2019-20,1628778,1610612761,partial,1,1
2019-20,1628960,1610612763,full_core,0,0
2019-20,1628961,1610612747,full_core,0,0
2019-20,1628963,1610612758,full_core,0,0
2019-20,1628964,1610612753,full_core,0,0
2019-20,1628966,1610612743,partial,1,1
2019-20,1628966,1610612750,partial,1,1
2019-20,1628968,1610612754,full_core,0,0
2019-20,1628969,1610612756,full_core,0,0
2019-20,1628970,1610612766,full_core,0,0
2019-20,1628971,1610612765,full_core,0,0
2019-20,1628972,1610612764,full_core,0,0
2019-20,1628973,1610612742,full_core,0,0
2019-20,1628975,1610612756,full_core,0,0
2019-20,1628976,1610612741,full_core,0,0
2019-20,1628977,1610612760,full_core,0,0
2019-20,1628978,1610612749,full_core,0,0
2019-20,1628980,1610612744,partial,1,1
2019-20,1628980,1610612750,partial,1,1
2019-20,1628981,1610612737,full_core,0,0
2019-20,1628982,1610612753,full_core,0,0
2019-20,1628983,1610612760,full_core,0,0
2019-20,1628984,1610612766,full_core,0,0
2019-20,1628985,1610612760,partial,2,1
2019-20,1628987,1610612760,partial,0,0
2019-20,1628988,1610612754,full_core,0,0
2019-20,1628989,1610612737,full_core,0,0
2019-20,1628990,1610612741,full_core,0,0
2019-20,1628991,1610612763,full_core,0,0
2019-20,1628993,1610612754,full_core,0,0
2019-20,1628995,1610612752,full_core,0,0
2019-20,1628997,1610612766,full_core,0,0
2019-20,1628998,1610612766,full_core,0,0
2019-20,1629001,1610612763,full_core,0,0
2019-20,1629002,1610612759,full_core,0,0
2019-20,1629003,1610612755,full_core,0,0
2019-20,1629004,1610612765,full_core,0,0
2019-20,1629005,1610612739,partial,1,1
2019-20,1629006,1610612750,full_core,0,0
2019-20,1629008,1610612743,full_core,0,0
2019-20,1629010,1610612746,partial,1,1
2019-20,1629010,1610612764,partial,1,1
2019-20,1629011,1610612752,full_core,0,0
2019-20,1629012,1610612739,full_core,0,0
2019-20,1629013,1610612746,full_core,0,0
2019-20,1629014,1610612757,full_core,0,0
2019-20,1629015,1610612755,full_core,0,0
2019-20,1629016,1610612744,partial,1,1
2019-20,1629017,1610612765,full_core,0,0
2019-20,1629018,1610612757,full_core,0,0
2019-20,1629019,1610612752,full_core,0,0
2019-20,1629020,1610612743,partial,1,1
2019-20,1629020,1610612750,partial,1,1
2019-20,1629021,1610612764,full_core,0,0
2019-20,1629022,1610612759,full_core,0,0
2019-20,1629023,1610612766,full_core,0,0
2019-20,1629026,1610612740,full_core,0,0
2019-20,1629027,1610612737,full_core,0,0
2019-20,1629028,1610612756,full_core,0,0
2019-20,1629029,1610612742,full_core,0,0
2019-20,1629033,1610612751,partial,1,1
2019-20,1629035,1610612738,full_core,0,0
2019-20,1629044,1610612761,partial,1,1
2019-20,1629048,1610612754,full_core,0,0
2019-20,1629052,1610612761,full_core,0,0
2019-20,1629056,1610612761,full_core,0,0
2019-20,1629057,1610612738,full_core,0,0
2019-20,1629058,1610612751,full_core,0,0
2019-20,1629059,1610612756,full_core,0,0
2019-20,1629060,1610612764,full_core,0,0
2019-20,1629065,1610612744,partial,0,0
2019-20,1629066,1610612751,full_core,0,0
2019-20,1629067,1610612764,full_core,0,0
2019-20,1629076,1610612739,partial,3,1
2019-20,1629076,1610612743,partial,1,1
2019-20,1629103,1610612750,full_core,0,0
2019-20,1629109,1610612745,partial,1,1
2019-20,1629109,1610612753,partial,2,1
2019-20,1629117,1610612757,partial,1,1
2019-20,1629117,1610612758,partial,1,1
2019-20,1629122,1610612739,partial,1,1
2019-20,1629126,1610612760,full_core,0,0
2019-20,1629130,1610612748,full_core,0,0
2019-20,1629133,1610612748,partial,1,1
2019-20,1629134,1610612748,full_core,0,0
2019-20,1629139,1610612763,full_core,0,0
2019-20,1629140,1610612764,partial,2,1
2019-20,1629147,1610612766,partial,2,1
2019-20,1629151,1610612742,partial,1,1
2019-20,1629162,1610612750,full_core,0,0
2019-20,1629164,1610612737,partial,0,0
2019-20,1629168,1610612753,partial,1,1
2019-20,1629185,1610612751,partial,1,1
2019-20,1629185,1610612764,partial,1,1
2019-20,1629216,1610612748,partial,1,1
2019-20,1629234,1610612759,full_core,0,0
2019-20,1629308,1610612744,partial,1,1
2019-20,1629346,1610612744,full_core,0,0
2019-20,1629597,1610612740,full_core,0,0
2019-20,1629598,1610612745,partial,0,0
2019-20,1629599,1610612746,full_core,0,0
2019-20,1629605,1610612738,full_core,0,0
2019-20,1629607,1610612756,partial,1,1
2019-20,1629608,1610612761,full_core,0,0
2019-20,1629610,1610612758,full_core,0,0
2019-20,1629611,1610612746,full_core,0,0
2019-20,1629620,1610612764,partial,1,1
2019-20,1629621,1610612755,full_core,0,0
2019-20,1629622,1610612741,full_core,0,0
2019-20,1629625,1610612762,full_core,0,0
2019-20,1629626,1610612743,full_core,0,0
2019-20,1629627,1610612740,full_core,0,0
2019-20,1629628,1610612752,full_core,0,0
2019-20,1629629,1610612737,full_core,0,0
2019-20,1629630,1610612763,full_core,0,0
2019-20,1629631,1610612737,full_core,0,0
2019-20,1629632,1610612741,full_core,0,0
2019-20,1629633,1610612750,full_core,0,0
2019-20,1629634,1610612763,full_core,0,0
2019-20,1629635,1610612765,full_core,0,0
2019-20,1629636,1610612739,full_core,0,0
2019-20,1629637,1610612740,full_core,0,0
2019-20,1629638,1610612740,full_core,0,0
2019-20,1629639,1610612748,full_core,0,0
2019-20,1629640,1610612759,full_core,0,0
2019-20,1629641,1610612738,full_core,0,0
2019-20,1629642,1610612757,full_core,0,0
2019-20,1629644,1610612748,full_core,0,0
2019-20,1629645,1610612739,full_core,0,0
2019-20,1629647,1610612760,full_core,0,0
2019-20,1629648,1610612765,full_core,0,0
2019-20,1629649,1610612752,full_core,0,0
2019-20,1629650,1610612757,full_core,0,0
2019-20,1629651,1610612751,full_core,0,0
2019-20,1629652,1610612760,partial,0,0
2019-20,1629655,1610612741,full_core,0,0
2019-20,1629657,1610612758,full_core,0,0
2019-20,1629658,1610612757,full_core,0,0
2019-20,1629659,1610612747,full_core,0,0
2019-20,1629660,1610612756,full_core,0,0
2019-20,1629661,1610612756,full_core,0,0
2019-20,1629662,1610612746,full_core,0,0
2019-20,1629663,1610612765,full_core,0,0
2019-20,1629665,1610612756,full_core,0,0
2019-20,1629667,1610612766,full_core,0,0
2019-20,1629668,1610612744,partial,1,1
2019-20,1629668,1610612747,partial,1,1
2019-20,1629669,1610612750,full_core,0,0
2019-20,1629671,1610612762,full_core,0,0
2019-20,1629672,1610612744,full_core,0,0
2019-20,1629673,1610612744,full_core,0,0
2019-20,1629675,1610612750,full_core,0,0
2019-20,1629676,1610612760,partial,1,1
2019-20,1629677,1610612759,full_core,0,0
2019-20,1629678,1610612764,full_core,0,0
2019-20,1629680,1610612755,full_core,0,0
2019-20,1629682,1610612738,full_core,0,0
2019-20,1629683,1610612759,full_core,0,0
2019-20,1629684,1610612738,full_core,0,0
2019-20,1629690,1610612741,full_core,0,0
2019-20,1629713,1610612758,full_core,0,0
2019-20,1629714,1610612762,full_core,0,0
2019-20,1629716,1610612739,partial,1,1
2019-20,1629718,1610612737,full_core,0,0
2019-20,1629719,1610612747,partial,1,1
2019-20,1629723,1610612763,full_core,0,0
2019-20,1629724,1610612753,partial,1,1
2019-20,1629725,1610612751,partial,1,1
2019-20,1629726,1610612764,full_core,0,0
2019-20,1629729,1610612742,full_core,0,0
2019-20,1629730,1610612762,partial,1,1
2019-20,1629731,1610612739,partial,0,0
2019-20,1629734,1610612748,partial,1,1
2019-20,1629735,1610612748,partial,0,0
2019-20,1629738,1610612738,full_core,0,0
2019-20,1629739,1610612745,partial,1,1
2019-20,1629740,1610612740,full_core,0,0
2019-20,1629741,1610612763,full_core,0,0
2019-20,1629742,1610612762,partial,1,1
2019-20,1629743,1610612751,partial,1,1
2019-20,1629743,1610612765,partial,1,1
2019-20,1629744,1610612761,full_core,0,0
2019-20,1629745,1610612756,partial,1,1
2019-20,1629750,1610612738,full_core,0,0
2019-20,1629752,1610612762,partial,1,1
2019-20,1629760,1610612739,partial,1,1
2019-20,1713,1610612737,full_core,0,0
2019-20,200746,1610612759,full_core,0,0
2019-20,200752,1610612759,full_core,0,0
2019-20,200755,1610612740,full_core,0,0
2019-20,200757,1610612745,full_core,0,0
2019-20,200765,1610612747,full_core,0,0
2019-20,200768,1610612761,full_core,0,0
2019-20,200782,1610612745,full_core,0,0
2019-20,200794,1610612743,full_core,0,0
2019-20,200826,1610612742,full_core,0,0
2019-20,201143,1610612755,full_core,0,0
2019-20,201144,1610612762,full_core,0,0
2019-20,201145,1610612745,partial,1,1
2019-20,201145,1610612762,partial,1,1
2019-20,201147,1610612758,partial,1,1
2019-20,201149,1610612746,partial,1,1
2019-20,201152,1610612741,full_core,0,0
2019-20,201158,1610612759,full_core,0,0
2019-20,201162,1610612747,full_core,0,0
2019-20,201163,1610612751,full_core,0,0
2019-20,201188,1610612761,full_core,0,0
2019-20,201229,1610612757,partial,1,1
2019-20,201229,1610612758,partial,1,1
2019-20,201229,1610612763,partial,2,1
2019-20,201565,1610612765,full_core,0,0
2019-20,201566,1610612745,full_core,0,0
2019-20,201567,1610612739,full_core,0,0
2019-20,201568,1610612760,full_core,0,0
2019-20,201569,1610612745,full_core,0,0
2019-20,201571,1610612753,full_core,0,0
2019-20,201572,1610612749,full_core,0,0
2019-20,201577,1610612749,full_core,0,0
2019-20,201580,1610612747,full_core,0,0
2019-20,201583,1610612745,partial,1,1
2019-20,201584,1610612742,full_core,0,0
2019-20,201586,1610612761,full_core,0,0
2019-20,201587,1610612766,full_core,0,0
2019-20,201588,1610612749,full_core,0,0
2019-20,201599,1610612751,full_core,0,0
2019-20,201601,1610612745,partial,1,1
2019-20,201609,1610612748,full_core,0,0
2019-20,201933,1610612765,full_core,0,0
2019-20,201935,1610612745,full_core,0,0
2019-20,201937,1610612756,full_core,0,0
2019-20,201939,1610612744,full_core,0,0
2019-20,201942,1610612759,full_core,0,0
2019-20,201949,1610612748,partial,1,1
2019-20,201949,1610612750,partial,1,1
2019-20,201950,1610612740,full_core,0,0
2019-20,201952,1610612737,partial,1,1
2019-20,201952,1610612750,partial,1,1
2019-20,201959,1610612752,full_core,0,0
2019-20,201960,1610612745,partial,1,1
2019-20,201960,1610612759,partial,1,1
2019-20,201961,1610612752,full_core,0,0
2019-20,201976,1610612746,full_core,0,0
2019-20,201980,1610612747,full_core,0,0
2019-20,201988,1610612759,full_core,0,0
2019-20,202066,1610612751,full_core,0,0
2019-20,202083,1610612749,full_core,0,0
2019-20,202323,1610612737,partial,1,1
2019-20,202324,1610612740,full_core,0,0
2019-20,202329,1610612753,full_core,0,0
2019-20,202330,1610612738,full_core,0,0
2019-20,202331,1610612746,full_core,0,0
2019-20,202334,1610612762,full_core,0,0
2019-20,202335,1610612746,full_core,0,0
2019-20,202339,1610612749,full_core,0,0
2019-20,202340,1610612747,full_core,0,0
2019-20,202355,1610612757,full_core,0,0
2019-20,202357,1610612758,full_core,0,0
2019-20,202397,1610612764,full_core,0,0
2019-20,202498,1610612751,partial,1,1
2019-20,202681,1610612751,full_core,0,0
2019-20,202683,1610612738,full_core,0,0
2019-20,202684,1610612739,full_core,0,0
2019-20,202685,1610612763,full_core,0,0
2019-20,202687,1610612766,full_core,0,0
2019-20,202688,1610612739,partial,1,1
2019-20,202688,1610612765,partial,1,1
2019-20,202689,1610612738,full_core,0,0
2019-20,202692,1610612744,partial,1,1
2019-20,202692,1610612755,partial,1,1
2019-20,202693,1610612747,partial,1,1
2019-20,202693,1610612765,partial,1,1
2019-20,202694,1610612746,partial,1,1
2019-20,202694,1610612752,partial,1,1
2019-20,202695,1610612746,full_core,0,0
2019-20,202696,1610612753,full_core,0,0
2019-20,202697,1610612751,partial,1,1
2019-20,202699,1610612755,full_core,0,0
2019-20,202704,1610612746,partial,1,1
2019-20,202704,1610612765,partial,1,1
2019-20,202709,1610612758,full_core,0,0
2019-20,202710,1610612748,full_core,0,0
2019-20,202711,1610612762,full_core,0,0
2019-20,202718,1610612737,partial,1,1
2019-20,202722,1610612764,full_core,0,0
2019-20,202734,1610612740,full_core,0,0
2019-20,202738,1610612764,partial,1,1
2019-20,202951,1610612744,partial,1,1
2019-20,202954,1610612738,full_core,0,0
2019-20,203076,1610612747,full_core,0,0
2019-20,203077,1610612742,partial,1,1
2019-20,203077,1610612766,partial,1,1
2019-20,203078,1610612764,full_core,0,0
2019-20,203079,1610612747,partial,1,1
2019-20,203079,1610612748,partial,1,1
2019-20,203081,1610612757,full_core,0,0
2019-20,203082,1610612753,full_core,0,0
2019-20,203083,1610612739,partial,1,1
2019-20,203083,1610612765,partial,1,1
2019-20,203084,1610612758,full_core,0,0
2019-20,203085,1610612745,full_core,0,0
2019-20,203086,1610612748,full_core,0,0
2019-20,203087,1610612754,full_core,0,0
2019-20,203089,1610612739,partial,1,1
2019-20,203089,1610612765,partial,1,1
2019-20,203090,1610612746,partial,1,1
2019-20,203090,1610612752,partial,1,1
2019-20,203092,1610612759,partial,1,1
2019-20,203095,1610612753,full_core,0,0
2019-20,203107,1610612741,full_core,0,0
2019-20,203109,1610612748,partial,1,1
2019-20,203109,1610612763,partial,1,1
2019-20,203110,1610612744,full_core,0,0
2019-20,203114,1610612749,full_core,0,0
2019-20,203115,1610612743,full_core,0,0
2019-20,203118,1610612755,full_core,0,0
2019-20,203124,1610612755,full_core,0,0
2019-20,203145,1610612757,partial,1,1
2019-20,203145,1610612758,partial,1,1
2019-20,203200,1610612754,full_core,0,0
2019-20,203210,1610612746,full_core,0,0
2019-20,203382,1610612756,full_core,0,0
2019-20,203457,1610612760,full_core,0,0
2019-20,203458,1610612737,partial,1,1
2019-20,203458,1610612758,partial,1,1
2019-20,203459,1610612737,partial,1,1
2019-20,203459,1610612750,partial,1,1
2019-20,203460,1610612760,full_core,0,0
2019-20,203463,1610612745,full_core,0,0
2019-20,203468,1610612757,full_core,0,0
2019-20,203469,1610612766,full_core,0,0
2019-20,203471,1610612760,full_core,0,0
2019-20,203473,1610612737,partial,1,1
2019-20,203473,1610612758,partial,1,1
2019-20,203476,1610612750,partial,1,1
2019-20,203476,1610612763,partial,1,1
2019-20,203482,1610612748,full_core,0,0
2019-20,203484,1610612747,full_core,0,0
2019-20,203486,1610612743,full_core,0,0
2019-20,203487,1610612753,full_core,0,0
2019-20,203488,1610612760,full_core,0,0
2019-20,203490,1610612741,full_core,0,0
2019-20,203493,1610612752,full_core,0,0
2019-20,203496,1610612745,partial,1,1
2019-20,203496,1610612750,partial,1,1
2019-20,203497,1610612762,full_core,0,0
2019-20,203500,1610612760,full_core,0,0
2019-20,203501,1610612742,full_core,0,0
2019-20,203503,1610612765,full_core,0,0
2019-20,203504,1610612742,partial,1,1
2019-20,203504,1610612755,partial,1,1
2019-20,203506,1610612754,full_core,0,0
2019-20,203507,1610612749,full_core,0,0
2019-20,203516,1610612753,partial,1,1
2019-20,203516,1610612755,partial,1,1
2019-20,203521,1610612739,full_core,0,0
2019-20,203524,1610612748,partial,1,1
2019-20,203524,1610612763,partial,1,1
2019-20,203526,1610612755,full_core,0,0
2019-20,203552,1610612742,full_core,0,0
2019-20,203584,1610612743,partial,1,1
2019-20,203584,1610612747,partial,1,1
2019-20,203585,1610612746,full_core,0,0
2019-20,203648,1610612749,full_core,0,0
2019-20,203658,1610612755,partial,0,0
2019-20,2037,1610612751,partial,1,1
2019-20,203705,1610612753,partial,1,1
2019-20,203894,1610612750,partial,1,1
2019-20,203894,1610612764,partial,1,1
2019-20,203895,1610612743,partial,1,1
2019-20,203895,1610612764,partial,1,1
2019-20,203895,1610612765,partial,1,1
2019-20,203897,1610612741,full_core,0,0
2019-20,203901,1610612752,full_core,0,0
2019-20,203903,1610612739,partial,1,1
2019-20,203903,1610612762,partial,1,1
2019-20,203914,1610612743,full_core,0,0
2019-20,203915,1610612751,full_core,0,0
2019-20,203918,1610612757,full_core,0,0
2019-20,203920,1610612753,full_core,0,0
2019-20,203922,1610612744,partial,1,1
2019-20,203922,1610612755,partial,1,1
2019-20,203924,1610612743,full_core,0,0
2019-20,203925,1610612751,full_core,0,0
2019-20,203926,1610612754,full_core,0,0
2019-20,203932,1610612753,full_core,0,0
2019-20,203933,1610612754,full_core,0,0
2019-20,203935,1610612738,full_core,0,0
2019-20,203937,1610612763,full_core,0,0
2019-20,203939,1610612742,full_core,0,0
2019-20,203943,1610612743,partial,1,1
2019-20,203943,1610612750,partial,1,1
2019-20,203944,1610612752,full_core,0,0
2019-20,203952,1610612744,partial,1,1
2019-20,203952,1610612750,partial,1,1
2019-20,203953,1610612737,partial,1,1
2019-20,203953,1610612758,partial,1,1
2019-20,203954,1610612755,full_core,0,0
2019-20,203957,1610612739,partial,1,1
2019-20,203957,1610612762,partial,1,1
2019-20,203960,1610612754,full_core,0,0
2019-20,203967,1610612756,full_core,0,0
2019-20,203991,1610612745,partial,1,1
2019-20,203992,1610612758,full_core,0,0
2019-20,203994,1610612757,full_core,0,0
2019-20,203998,1610612745,partial,1,1
2019-20,203998,1610612763,partial,1,1
2019-20,203999,1610612743,full_core,0,0
2019-20,204001,1610612742,full_core,0,0
2019-20,204020,1610612751,partial,1,1
2019-20,204020,1610612756,partial,1,1
2019-20,204025,1610612765,partial,1,1
2019-20,204038,1610612765,full_core,0,0
2019-20,204060,1610612762,full_core,0,0
2019-20,204456,1610612754,full_core,0,0
2019-20,2199,1610612745,full_core,0,0
2019-20,2544,1610612747,full_core,0,0
2019-20,2546,1610612757,partial,1,1
2019-20,2594,1610612749,full_core,0,0
2019-20,2617,1610612748,full_core,0,0
2019-20,2730,1610612747,full_core,0,0
2019-20,2738,1610612748,partial,1,1
2019-20,2747,1610612747,partial,1,1
2019-20,2772,1610612757,partial,1,1
2019-20,2772,1610612758,partial,1,1
2020-21,101108,1610612756,full_core,0,0
2020-21,101141,1610612762,partial,1,1
2020-21,101150,1610612737,partial,1,1
2020-21,101150,1610612746,partial,1,1
2020-21,1626143,1610612765,full_core,0,0
2020-21,1626145,1610612763,full_core,0,0
2020-21,1626149,1610612747,full_core,0,0
2020-21,1626153,1610612758,partial,1,1
2020-21,1626153,1610612765,partial,1,1
2020-21,1626156,1610612750,full_core,0,0
2020-21,1626157,1610612750,full_core,0,0
2020-21,1626158,1610612758,full_core,0,0
2020-21,1626159,1610612763,full_core,0,0
2020-21,1626161,1610612742,full_core,0,0
2020-21,1626162,1610612744,full_core,0,0
2020-21,1626163,1610612756,full_core,0,0
2020-21,1626164,1610612756,full_core,0,0
2020-21,1626166,1610612756,full_core,0,0
2020-21,1626167,1610612754,full_core,0,0
2020-21,1626168,1610612759,full_core,0,0
2020-21,1626169,1610612761,full_core,0,0
2020-21,1626171,1610612749,full_core,0,0
2020-21,1626172,1610612744,full_core,0,0
2020-21,1626174,1610612745,full_core,0,0
2020-21,1626178,1610612757,partial,1,1
2020-21,1626179,1610612766,full_core,0,0
2020-21,1626181,1610612757,partial,1,1
2020-21,1626181,1610612761,partial,1,1
2020-21,1626184,1610612753,partial,1,1
2020-21,1626188,1610612739,partial,1,1
2020-21,1626188,1610612747,partial,1,1
2020-21,1626192,1610612749,full_core,0,0
2020-21,1626195,1610612740,full_core,0,0
2020-21,1626196,1610612742,full_core,0,0
2020-21,1626204,1610612739,full_core,0,0
2020-21,1626220,1610612762,full_core,0,0
2020-21,1626224,1610612739,full_core,0,0
2020-21,1626245,1610612741,full_core,0,0
2020-21,1626246,1610612742,full_core,0,0
2020-21,1626253,1610612749,partial,1,1
2020-21,1627732,1610612755,full_core,0,0
2020-21,1627734,1610612754,full_core,0,0
2020-21,1627736,1610612750,full_core,0,0
2020-21,1627737,1610612744,partial,1,1
2020-21,1627739,1610612737,full_core,0,0
2020-21,1627740,1610612761,partial,1,1
2020-21,1627741,1610612758,full_core,0,0
2020-21,1627742,1610612740,full_core,0,0
2020-21,1627745,1610612747,partial,2,1
2020-21,1627745,1610612756,partial,1,1
2020-21,1627745,1610612758,partial,1,1
2020-21,1627747,1610612751,partial,1,1
2020-21,1627747,1610612754,partial,1,1
2020-21,1627748,1610612739,partial,1,1
2020-21,1627749,1610612759,full_core,0,0
2020-21,1627750,1610612743,full_core,0,0
2020-21,1627751,1610612759,full_core,0,0
2020-21,1627752,1610612739,partial,1,1
2020-21,1627752,1610612751,partial,1,1
2020-21,1627756,1610612741,full_core,0,0
2020-21,1627759,1610612738,full_core,0,0
2020-21,1627761,1610612761,full_core,0,0
2020-21,1627763,1610612754,full_core,0,0
2020-21,1627774,1610612750,full_core,0,0
2020-21,1627775,1610612761,partial,1,1
2020-21,1627777,1610612762,full_core,0,0
2020-21,1627780,1610612744,partial,3,1
2020-21,1627783,1610612761,full_core,0,0
2020-21,1627788,1610612755,full_core,0,0
2020-21,1627789,1610612751,full_core,0,0
2020-21,1627812,1610612739,partial,1,1
2020-21,1627812,1610612746,partial,1,1
2020-21,1627814,1610612744,full_core,0,0
2020-21,1627823,1610612750,full_core,0,0
2020-21,1627826,1610612746,full_core,0,0
2020-21,1627827,1610612742,full_core,0,0
2020-21,1627832,1610612761,full_core,0,0
2020-21,1627846,1610612756,full_core,0,0
2020-21,1627853,1610612741,full_core,0,0
2020-21,1627854,1610612749,full_core,0,0
2020-21,1627863,1610612745,full_core,0,0
2020-21,1627884,1610612757,full_core,0,0
2020-21,1627885,1610612743,partial,1,1
2020-21,1627885,1610612762,partial,1,1
2020-21,1627936,1610612747,full_core,0,0
2020-21,1628021,1610612745,full_core,0,0
2020-21,1628035,1610612747,full_core,0,0
2020-21,1628365,1610612753,full_core,0,0
2020-21,1628366,1610612740,full_core,0,0
2020-21,1628367,1610612765,full_core,0,0
2020-21,1628368,1610612758,full_core,0,0
2020-21,1628369,1610612738,full_core,0,0
2020-21,1628370,1610612766,full_core,0,0
2020-21,1628372,1610612752,partial,1,1
2020-21,1628372,1610612765,partial,1,1
2020-21,1628373,1610612752,full_core,0,0
2020-21,1628374,1610612741,full_core,0,0
2020-21,1628378,1610612762,full_core,0,0
2020-21,1628379,1610612746,full_core,0,0
2020-21,1628381,1610612737,full_core,0,0
2020-21,1628382,1610612749,partial,1,1
2020-21,1628382,1610612760,partial,1,1
2020-21,1628383,1610612745,partial,1,1
2020-21,1628384,1610612761,full_core,0,0
2020-21,1628385,1610612757,full_core,0,0
2020-21,1628386,1610612739,partial,1,1
2020-21,1628386,1610612751,partial,1,1
2020-21,1628388,1610612757,partial,1,1
2020-21,1628389,1610612748,full_core,0,0
2020-21,1628390,1610612755,partial,1,1
2020-21,1628391,1610612745,partial,1,1
2020-21,1628391,1610612749,partial,1,1
2020-21,1628392,1610612739,partial,1,1
2020-21,1628392,1610612743,partial,1,1
2020-21,1628394,1610612764,partial,1,1
2020-21,1628395,1610612744,partial,1,1
2020-21,1628395,1610612764,partial,2,1
2020-21,1628396,1610612755,partial,1,1
2020-21,1628396,1610612760,partial,1,1
2020-21,1628398,1610612747,full_core,0,0
2020-21,1628400,1610612738,full_core,0,0
2020-21,1628401,1610612759,full_core,0,0
2020-21,1628402,1610612765,partial,1,1
2020-21,1628404,1610612740,full_core,0,0
2020-21,1628407,1610612753,full_core,0,0
2020-21,1628408,1610612743,full_core,0,0
2020-21,1628410,1610612754,full_core,0,0
2020-21,1628411,1610612740,partial,1,1
2020-21,1628411,1610612742,partial,1,1
2020-21,1628412,1610612753,partial,1,1
2020-21,1628414,1610612740,partial,3,1
2020-21,1628414,1610612753,partial,1,1
2020-21,1628415,1610612763,full_core,0,0
2020-21,1628418,1610612764,full_core,0,0
2020-21,1628419,1610612745,partial,1,1
2020-21,1628420,1610612743,full_core,0,0
2020-21,1628422,1610612739,full_core,0,0
2020-21,1628425,1610612745,full_core,0,0
2020-21,1628427,1610612743,full_core,0,0
2020-21,1628436,1610612738,partial,1,1
2020-21,1628436,1610612741,partial,1,1
2020-21,1628449,1610612761,full_core,0,0
2020-21,1628455,1610612751,partial,1,1
2020-21,1628464,1610612738,partial,1,1
2020-21,1628464,1610612741,partial,1,1
2020-21,1628467,1610612742,full_core,0,0
2020-21,1628470,1610612749,partial,1,1
2020-21,1628470,1610612756,partial,1,1
2020-21,1628539,1610612744,full_core,0,0
2020-21,1628578,1610612754,partial,1,1
2020-21,1628778,1610612761,full_core,0,0
2020-21,1628960,1610612763,full_core,0,0
2020-21,1628961,1610612747,full_core,0,0
2020-21,1628962,1610612762,full_core,0,0
2020-21,1628963,1610612758,full_core,0,0
2020-21,1628964,1610612753,full_core,0,0
2020-21,1628966,1610612759,full_core,0,0
2020-21,1628968,1610612754,partial,1,1
2020-21,1628969,1610612756,full_core,0,0
2020-21,1628970,1610612766,full_core,0,0
2020-21,1628971,1610612751,full_core,0,0
2020-21,1628972,1610612741,partial,1,1
2020-21,1628972,1610612764,partial,1,1
2020-21,1628973,1610612742,full_core,0,0
2020-21,1628975,1610612756,full_core,0,0
2020-21,1628976,1610612741,partial,1,1
2020-21,1628976,1610612753,partial,1,1
2020-21,1628977,1610612760,partial,1,1
2020-21,1628977,1610612765,partial,1,1
2020-21,1628978,1610612749,full_core,0,0
2020-21,1628981,1610612737,full_core,0,0
2020-21,1628983,1610612760,full_core,0,0
2020-21,1628984,1610612766,full_core,0,0
2020-21,1628988,1610612754,full_core,0,0
2020-21,1628989,1610612737,full_core,0,0
2020-21,1628990,1610612741,partial,1,1
2020-21,1628990,1610612764,partial,1,1
2020-21,1628991,1610612763,full_core,0,0
2020-21,1628993,1610612751,partial,1,1
2020-21,1628995,1610612752,full_core,0,0
2020-21,1628997,1610612766,full_core,0,0
2020-21,1628998,1610612766,full_core,0,0
2020-21,1629001,1610612763,full_core,0,0
2020-21,1629002,1610612758,partial,1,1
2020-21,1629003,1610612755,full_core,0,0
2020-21,1629004,1610612760,partial,1,1
2020-21,1629004,1610612765,partial,1,1
2020-21,1629006,1610612750,full_core,0,0
2020-21,1629007,1610612763,full_core,0,0
2020-21,1629008,1610612743,full_core,0,0
2020-21,1629010,1610612764,partial,1,1
2020-21,1629011,1610612752,full_core,0,0
2020-21,1629012,1610612739,full_core,0,0
2020-21,1629013,1610612751,full_core,0,0
2020-21,1629014,1610612757,full_core,0,0
2020-21,1629017,1610612745,partial,1,1
2020-21,1629018,1610612757,partial,1,1
2020-21,1629018,1610612761,partial,1,1
2020-21,1629020,1610612750,full_core,0,0
2020-21,1629021,1610612738,partial,1,1
2020-21,1629021,1610612753,partial,1,1
2020-21,1629021,1610612764,partial,1,1
2020-21,1629022,1610612759,full_core,0,0
2020-21,1629023,1610612766,full_core,0,0
2020-21,1629026,1610612760,full_core,0,0
2020-21,1629027,1610612737,full_core,0,0
2020-21,1629028,1610612756,full_core,0,0
2020-21,1629029,1610612742,full_core,0,0
2020-21,1629033,1610612752,full_core,0,0
2020-21,1629034,1610612745,partial,1,1
2020-21,1629035,1610612738,full_core,0,0
2020-21,1629048,1610612754,full_core,0,0
2020-21,1629052,1610612754,partial,1,1
2020-21,1629056,1610612758,partial,1,1
2020-21,1629056,1610612761,partial,1,1
2020-21,1629057,1610612738,full_core,0,0
2020-21,1629060,1610612764,full_core,0,0
2020-21,1629066,1610612745,partial,1,1
2020-21,1629066,1610612749,partial,1,1
2020-21,1629066,1610612751,partial,1,1
2020-21,1629067,1610612764,full_core,0,0
2020-21,1629076,1610612751,partial,1,1
2020-21,1629076,1610612765,partial,1,1
2020-21,1629091,1610612749,partial,1,1
2020-21,1629103,1610612754,full_core,0,0
2020-21,1629109,1610612743,partial,1,1
2020-21,1629109,1610612753,partial,1,1
2020-21,1629109,1610612755,partial,1,1
2020-21,1629117,1610612740,full_core,0,0
2020-21,1629121,1610612749,partial,1,1
2020-21,1629130,1610612748,full_core,0,0
2020-21,1629134,1610612748,full_core,0,0
2020-21,1629139,1610612761,partial,0,0
2020-21,1629162,1610612750,full_core,0,0
2020-21,1629164,1610612737,full_core,0,0
2020-21,1629185,1610612751,full_core,0,0
2020-21,1629216,1610612748,full_core,0,0
2020-21,1629234,1610612759,full_core,0,0
2020-21,1629244,1610612745,partial,1,1
2020-21,1629244,1610612759,partial,1,1
2020-21,1629308,1610612744,partial,0,0
2020-21,1629346,1610612744,full_core,0,0
2020-21,1629599,1610612746,full_core,0,0
2020-21,1629603,1610612749,partial,0,0
2020-21,1629604,1610612757,full_core,0,0
2020-21,1629605,1610612738,full_core,0,0
2020-21,1629606,1610612753,partial,1,1
2020-21,1629607,1610612752,partial,0,0
2020-21,1629610,1610612745,partial,1,1
2020-21,1629610,1610612758,partial,1,1
2020-21,1629611,1610612746,full_core,0,0
2020-21,1629617,1610612751,full_core,0,0
2020-21,1629620,1610612760,partial,1,1
2020-21,1629622,1610612748,full_core,0,0
2020-21,1629626,1610612743,full_core,0,0
2020-21,1629627,1610612740,full_core,0,0
2020-21,1629628,1610612752,full_core,0,0
2020-21,1629629,1610612737,full_core,0,0
2020-21,1629630,1610612763,full_core,0,0
2020-21,1629631,1610612737,full_core,0,0
2020-21,1629632,1610612741,full_core,0,0
2020-21,1629633,1610612750,full_core,0,0
2020-21,1629634,1610612763,full_core,0,0
2020-21,1629635,1610612765,full_core,0,0
2020-21,1629636,1610612739,full_core,0,0
2020-21,1629637,1610612740,full_core,0,0
2020-21,1629638,1610612740,full_core,0,0
2020-21,1629639,1610612748,full_core,0,0
2020-21,1629640,1610612759,full_core,0,0
2020-21,1629641,1610612738,full_core,0,0
2020-21,1629642,1610612757,full_core,0,0
2020-21,1629643,1610612753,full_core,0,0
2020-21,1629644,1610612748,full_core,0,0
2020-21,1629645,1610612745,partial,1,1
2020-21,1629647,1610612760,full_core,0,0
2020-21,1629648,1610612753,partial,1,1
2020-21,1629649,1610612752,partial,1,1
2020-21,1629649,1610612753,partial,1,1
2020-21,1629649,1610612755,partial,1,1
2020-21,1629650,1610612760,partial,0,0
2020-21,1629651,1610612751,full_core,0,0
2020-21,1629652,1610612760,full_core,0,0
2020-21,1629653,1610612741,full_core,0,0
2020-21,1629655,1610612741,partial,1,1
2020-21,1629655,1610612764,partial,1,1
2020-21,1629657,1610612758,full_core,0,0
2020-21,1629658,1610612760,partial,1,1
2020-21,1629659,1610612747,full_core,0,0
2020-21,1629660,1610612760,full_core,0,0
2020-21,1629661,1610612756,full_core,0,0
2020-21,1629662,1610612739,partial,2,1
2020-21,1629662,1610612746,partial,1,1
2020-21,1629663,1610612758,partial,1,1
2020-21,1629665,1610612754,partial,1,1
2020-21,1629667,1610612766,full_core,0,0
2020-21,1629669,1610612750,full_core,0,0
2020-21,1629670,1610612749,full_core,0,0
2020-21,1629671,1610612762,full_core,0,0
2020-21,1629672,1610612744,full_core,0,0
2020-21,1629673,1610612744,full_core,0,0
2020-21,1629675,1610612750,full_core,0,0
2020-21,1629676,1610612760,full_core,0,0
2020-21,1629677,1610612759,full_core,0,0
2020-21,1629680,1610612755,full_core,0,0
2020-21,1629681,1610612763,full_core,0,0
2020-21,1629682,1610612738,full_core,0,0
2020-21,1629683,1610612759,full_core,0,0
2020-21,1629684,1610612738,full_core,0,0
2020-21,1629685,1610612739,full_core,0,0
2020-21,1629686,1610612765,full_core,0,0
2020-21,1629690,1610612741,full_core,0,0
2020-21,1629712,1610612740,partial,0,0
2020-21,1629713,1610612758,full_core,0,0
2020-21,1629714,1610612762,full_core,0,0
2020-21,1629716,1610612739,partial,1,1
2020-21,1629717,1610612745,partial,1,1
2020-21,1629718,1610612760,partial,1,1
2020-21,1629719,1610612747,full_core,0,0
2020-21,1629723,1610612763,full_core,0,0
2020-21,1629725,1610612739,partial,1,1
2020-21,1629726,1610612764,full_core,0,0
2020-21,1629730,1610612755,partial,1,1
2020-21,1629731,1610612739,full_core,0,0
2020-21,1629735,1610612748,partial,1,1
2020-21,1629735,1610612758,partial,1,1
2020-21,1629738,1610612755,partial,1,1
2020-21,1629740,1610612740,partial,1,1
2020-21,1629740,1610612742,partial,1,1
2020-21,1629743,1610612753,partial,2,1
2020-21,1629744,1610612761,partial,1,1
2020-21,1629744,1610612762,partial,1,1
2020-21,1629750,1610612738,partial,1,1
2020-21,1629750,1610612741,partial,1,1
2020-21,1629751,1610612755,partial,1,1
2020-21,1629752,1610612762,full_core,0,0
2020-21,1629833,1610612757,full_core,0,0
2020-21,1629962,1610612753,partial,1,1
2020-21,1630162,1610612750,full_core,0,0
2020-21,1630163,1610612766,full_core,0,0
2020-21,1630164,1610612744,full_core,0,0
2020-21,1630165,1610612765,full_core,0,0
2020-21,1630166,1610612764,full_core,0,0
2020-21,1630167,1610612752,full_core,0,0
2020-21,1630168,1610612737,full_core,0,0
2020-21,1630169,1610612758,full_core,0,0
2020-21,1630170,1610612759,full_core,0,0
2020-21,1630171,1610612739,full_core,0,0
2020-21,1630172,1610612741,full_core,0,0
2020-21,1630173,1610612748,full_core,0,0
2020-21,1630174,1610612738,full_core,0,0
2020-21,1630175,1610612753,full_core,0,0
2020-21,1630176,1610612766,full_core,0,0
2020-21,1630177,1610612760,full_core,0,0
2020-21,1630178,1610612755,full_core,0,0
2020-21,1630179,1610612742,full_core,0,0
2020-21,1630180,1610612765,full_core,0,0
2020-21,1630181,1610612743,partial,1,1
2020-21,1630181,1610612753,partial,1,1
2020-21,1630182,1610612742,full_core,0,0
2020-21,1630183,1610612750,full_core,0,0
2020-21,1630184,1610612740,full_core,0,0
2020-21,1630185,1610612744,full_core,0,0
2020-21,1630186,1610612758,full_core,0,0
2020-21,1630187,1610612746,full_core,0,0
2020-21,1630188,1610612756,full_core,0,0
2020-21,1630189,1610612742,full_core,0,0
2020-21,1630190,1610612762,full_core,0,0
2020-21,1630191,1610612765,full_core,0,0
2020-21,1630192,1610612743,full_core,0,0
2020-21,1630193,1610612752,full_core,0,0
2020-21,1630194,1610612755,partial,0,0
2020-21,1630197,1610612760,full_core,0,0
2020-21,1630198,1610612755,full_core,0,0
2020-21,1630199,1610612754,full_core,0,0
2020-21,1630200,1610612759,full_core,0,0
2020-21,1630201,1610612761,full_core,0,0
2020-21,1630202,1610612738,full_core,0,0
2020-21,1630203,1610612766,full_core,0,0
2020-21,1630204,1610612750,partial,1,1
2020-21,1630205,1610612739,partial,0,0
2020-21,1630206,1610612746,full_core,0,0
2020-21,1630207,1610612742,full_core,0,0
2020-21,1630208,1610612766,full_core,0,0
2020-21,1630210,1610612743,full_core,0,0
2020-21,1630211,1610612753,partial,1,1
2020-21,1630214,1610612763,full_core,0,0
2020-21,1630216,1610612764,full_core,0,0
2020-21,1630217,1610612763,full_core,0,0
2020-21,1630218,1610612758,full_core,0,0
2020-21,1630219,1610612737,full_core,0,0
2020-21,1630221,1610612760,full_core,0,0
2020-21,1630222,1610612745,partial,2,1
2020-21,1630222,1610612755,partial,1,1
2020-21,1630223,1610612761,full_core,0,0
2020-21,1630230,1610612740,partial,0,0
2020-21,1630231,1610612745,full_core,0,0
2020-21,1630233,1610612737,full_core,0,0
2020-21,1630234,1610612756,full_core,0,0
2020-21,1630235,1610612762,full_core,0,0
2020-21,1630237,1610612745,partial,1,1
2020-21,1630238,1610612746,partial,1,1
2020-21,1630240,1610612765,full_core,0,0
2020-21,1630241,1610612749,full_core,0,0
2020-21,1630253,1610612763,full_core,0,0
2020-21,1630256,1610612745,full_core,0,0
2020-21,1630264,1610612764,full_core,0,0
2020-21,1630266,1610612740,partial,1,1
2020-21,1630267,1610612743,full_core,0,0
2020-21,1630268,1610612766,full_core,0,0
2020-21,1630271,1610612739,partial,1,1
2020-21,1630271,1610612745,partial,1,1
2020-21,1630273,1610612761,partial,1,1
2020-21,1630466,1610612760,partial,1,1
2020-21,200746,1610612751,partial,1,1
2020-21,200746,1610612759,partial,1,1
2020-21,200752,1610612759,full_core,0,0
2020-21,200755,1610612740,partial,1,1
2020-21,200755,1610612742,partial,1,1
2020-21,200765,1610612737,partial,1,1
2020-21,200765,1610612746,partial,1,1
2020-21,200768,1610612761,full_core,0,0
2020-21,200782,1610612745,partial,1,1
2020-21,200782,1610612749,partial,1,1
2020-21,200794,1610612743,full_core,0,0
2020-21,201142,1610612751,full_core,0,0
2020-21,201143,1610612760,full_core,0,0
2020-21,201144,1610612762,full_core,0,0
2020-21,201145,1610612751,full_core,0,0
2020-21,201152,1610612741,full_core,0,0
2020-21,201162,1610612747,full_core,0,0
2020-21,201188,1610612747,full_core,0,0
2020-21,201229,1610612755,partial,1,1
2020-21,201565,1610612752,partial,1,1
2020-21,201565,1610612765,partial,1,1
2020-21,201566,1610612764,full_core,0,0
2020-21,201567,1610612739,full_core,0,0
2020-21,201568,1610612737,full_core,0,0
2020-21,201569,1610612745,full_core,0,0
2020-21,201571,1610612745,partial,1,1
2020-21,201571,1610612749,partial,1,1
2020-21,201572,1610612749,full_core,0,0
2020-21,201577,1610612764,full_core,0,0
2020-21,201580,1610612739,partial,1,1
2020-21,201580,1610612743,partial,1,1
2020-21,201586,1610612746,full_core,0,0
2020-21,201587,1610612746,full_core,0,0
2020-21,201588,1610612755,partial,1,1
2020-21,201588,1610612760,partial,1,1
2020-21,201599,1610612751,full_core,0,0
2020-21,201609,1610612748,full_core,0,0
2020-21,201933,1610612751,partial,1,1
2020-21,201933,1610612765,partial,1,1
2020-21,201935,1610612745,partial,1,1
2020-21,201935,1610612751,partial,1,1
2020-21,201937,1610612750,full_core,0,0
2020-21,201939,1610612744,full_core,0,0
2020-21,201942,1610612759,full_core,0,0
2020-21,201949,1610612740,partial,1,1
2020-21,201949,1610612742,partial,1,1
2020-21,201950,1610612749,full_core,0,0
2020-21,201952,1610612738,partial,1,1
2020-21,201952,1610612749,partial,1,1
2020-21,201959,1610612752,partial,1,1
2020-21,201961,1610612765,full_core,0,0
2020-21,201976,1610612746,full_core,0,0
2020-21,201980,1610612755,full_core,0,0
2020-21,201988,1610612759,full_core,0,0
2020-21,202066,1610612741,full_core,0,0
2020-21,202083,1610612747,full_core,0,0
2020-21,202322,1610612745,full_core,0,0
2020-21,202324,1610612762,full_core,0,0
2020-21,202326,1610612745,partial,1,1
2020-21,202326,1610612746,partial,2,1
2020-21,202329,1610612741,partial,1,1
2020-21,202329,1610612753,partial,1,1
2020-21,202330,1610612766,full_core,0,0
2020-21,202331,1610612746,full_core,0,0
2020-21,202334,1610612750,full_core,0,0
2020-21,202335,1610612746,full_core,0,0
2020-21,202339,1610612740,full_core,0,0
2020-21,202340,1610612745,partial,1,1
2020-21,202340,1610612748,partial,1,1
2020-21,202355,1610612758,full_core,0,0
2020-21,202357,1610612748,partial,1,1
2020-21,202357,1610612758,partial,1,1
2020-21,202397,1610612764,full_core,0,0
2020-21,202681,1610612751,full_core,0,0
2020-21,202683,1610612757,full_core,0,0
2020-21,202684,1610612738,full_core,0,0
2020-21,202685,1610612763,full_core,0,0
2020-21,202687,1610612766,full_core,0,0
2020-21,202689,1610612738,full_core,0,0
2020-21,202692,1610612752,full_core,0,0
2020-21,202693,1610612747,full_core,0,0
2020-21,202694,1610612746,full_core,0,0
2020-21,202695,1610612746,full_core,0,0
2020-21,202696,1610612741,partial,1,1
2020-21,202696,1610612753,partial,1,1
2020-21,202697,1610612751,partial,2,1
2020-21,202699,1610612755,full_core,0,0
2020-21,202704,1610612746,full_core,0,0
2020-21,202709,1610612758,partial,1,1
2020-21,202709,1610612765,partial,1,1
2020-21,202710,1610612748,full_core,0,0
2020-21,202711,1610612762,full_core,0,0
2020-21,202722,1610612764,full_core,0,0
2020-21,202734,1610612756,full_core,0,0
2020-21,202738,1610612740,partial,1,1
2020-21,202954,1610612744,partial,1,1
2020-21,202954,1610612766,partial,1,1
2020-21,203076,1610612747,full_core,0,0
2020-21,203078,1610612764,full_core,0,0
2020-21,203081,1610612757,full_core,0,0
2020-21,203082,1610612753,full_core,0,0
2020-21,203083,1610612739,partial,1,1
2020-21,203083,1610612747,partial,1,1
2020-21,203084,1610612758,full_core,0,0
2020-21,203085,1610612743,partial,1,1
2020-21,203085,1610612752,partial,1,1
2020-21,203086,1610612748,partial,1,1
2020-21,203087,1610612754,full_core,0,0
2020-21,203090,1610612748,partial,1,1
2020-21,203090,1610612758,partial,1,1
2020-21,203095,1610612738,partial,1,1
2020-21,203095,1610612753,partial,1,1
2020-21,203107,1610612741,full_core,0,0
2020-21,203109,1610612756,full_core,0,0
2020-21,203110,1610612744,full_core,0,0
2020-21,203114,1610612749,full_core,0,0
2020-21,203115,1610612743,full_core,0,0
2020-21,203118,1610612755,full_core,0,0
2020-21,203121,1610612760,partial,1,1
2020-21,203145,1610612744,full_core,0,0
2020-21,203200,1610612754,full_core,0,0
2020-21,203210,1610612743,full_core,0,0
2020-21,203263,1610612740,partial,1,1
2020-21,203382,1610612761,full_core,0,0
2020-21,203457,1610612752,full_core,0,0
2020-21,203458,1610612761,partial,1,1
2020-21,203458,1610612764,partial,1,1
2020-21,203460,1610612751,partial,2,1
2020-21,203463,1610612745,partial,1,1
2020-21,203463,1610612747,partial,1,1
2020-21,203468,1610612757,full_core,0,0
2020-21,203469,1610612766,full_core,0,0
2020-21,203471,1610612747,full_core,0,0
2020-21,203473,1610612748,partial,1,1
2020-21,203476,1610612759,partial,1,1
2020-21,203476,1610612763,partial,1,1
2020-21,203482,1610612745,partial,1,1
2020-21,203482,1610612748,partial,1,1
2020-21,203484,1610612747,full_core,0,0
2020-21,203486,1610612765,full_core,0,0
2020-21,203487,1610612753,full_core,0,0
2020-21,203488,1610612760,full_core,0,0
2020-21,203490,1610612741,partial,1,1
2020-21,203490,1610612753,partial,1,1
2020-21,203493,1610612752,full_core,0,0
2020-21,203496,1610612757,full_core,0,0
2020-21,203497,1610612762,full_core,0,0
2020-21,203500,1610612740,full_core,0,0
2020-21,203501,1610612742,full_core,0,0
2020-21,203503,1610612737,full_core,0,0
2020-21,203504,1610612742,full_core,0,0
2020-21,203506,1610612745,partial,1,1
2020-21,203506,1610612748,partial,1,1
2020-21,203506,1610612754,partial,1,1
2020-21,203507,1610612749,full_core,0,0
2020-21,203516,1610612753,full_core,0,0
2020-21,203521,1610612739,full_core,0,0
2020-21,203524,1610612737,full_core,0,0
2020-21,203526,1610612764,full_core,0,0
2020-21,203552,1610612755,full_core,0,0
2020-21,203585,1610612765,full_core,0,0
2020-21,203648,1610612749,full_core,0,0
2020-21,203658,1610612751,partial,1,1
2020-21,203658,1610612752,partial,1,1
2020-21,203658,1610612758,partial,1,1
2020-21,203897,1610612741,full_core,0,0
2020-21,203901,1610612752,full_core,0,0
2020-21,203903,1610612762,full_core,0,0
2020-21,203914,1610612743,partial,1,1
2020-21,203914,1610612753,partial,1,1
2020-21,203915,1610612751,full_core,0,0
2020-21,203918,1610612757,partial,1,1
2020-21,203918,1610612761,partial,1,1
2020-21,203920,1610612753,partial,1,1
2020-21,203920,1610612761,partial,1,1
2020-21,203922,1610612758,partial,1,1
2020-21,203924,1610612765,full_core,0,0
2020-21,203925,1610612751,full_core,0,0
2020-21,203926,1610612754,full_core,0,0
2020-21,203932,1610612743,partial,1,1
2020-21,203932,1610612753,partial,1,1
2020-21,203933,1610612754,full_core,0,0
2020-21,203935,1610612738,full_core,0,0
2020-21,203937,1610612763,full_core,0,0
2020-21,203939,1610612742,full_core,0,0
2020-21,203943,1610612751,partial,1,1
2020-21,203944,1610612752,full_core,0,0
2020-21,203952,1610612744,full_core,0,0
2020-21,203953,1610612738,partial,1,1
2020-21,203953,1610612758,partial,1,1
2020-21,203954,1610612755,full_core,0,0
2020-21,203957,1610612739,partial,1,1
2020-21,203960,1610612754,full_core,0,0
2020-21,203967,1610612756,full_core,0,0
2020-21,203991,1610612737,full_core,0,0
2020-21,203992,1610612737,full_core,0,0
2020-21,203994,1610612757,full_core,0,0
2020-21,203998,1610612745,partial,1,1
2020-21,203999,1610612743,full_core,0,0
2020-21,204001,1610612742,full_core,0,0
2020-21,204020,1610612751,full_core,0,0
2020-21,204025,1610612763,partial,2,1
2020-21,204038,1610612756,full_core,0,0
2020-21,204060,1610612762,full_core,0,0
2020-21,204222,1610612743,partial,1,1
2020-21,204456,1610612754,full_core,0,0
2020-21,2544,1610612747,full_core,0,0
2020-21,2546,1610612757,full_core,0,0
2020-21,2617,1610612748,full_core,0,0
2020-21,2730,1610612755,full_core,0,0
2020-21,2738,1610612748,full_core,0,0
2020-21,2760,1610612739,partial,1,1
2020-21,2772,1610612748,partial,1,1
2021-22,101108,1610612756,full_core,0,0
2021-22,101139,1610612738,partial,1,1
2021-22,101150,1610612737,full_core,0,0
2021-22,1626144,1610612758,partial,1,1
2021-22,1626145,1610612763,full_core,0,0
2021-22,1626147,1610612739,partial,1,1
2021-22,1626147,1610612754,partial,3,1
2021-22,1626149,1610612764,partial,1,1
2021-22,1626149,1610612766,partial,1,1
2021-22,1626153,1610612737,full_core,0,0
2021-22,1626155,1610612761,partial,1,1
2021-22,1626156,1610612750,full_core,0,0
2021-22,1626157,1610612750,full_core,0,0
2021-22,1626158,1610612758,full_core,0,0
2021-22,1626159,1610612746,partial,1,1
2021-22,1626159,1610612757,partial,1,1
2021-22,1626161,1610612742,partial,1,1
2021-22,1626161,1610612755,partial,1,1
2021-22,1626162,1610612766,full_core,0,0
2021-22,1626163,1610612756,partial,1,1
2021-22,1626164,1610612756,full_core,0,0
2021-22,1626166,1610612756,full_core,0,0
2021-22,1626167,1610612754,full_core,0,0
2021-22,1626168,1610612758,partial,1,1
2021-22,1626168,1610612765,partial,1,1
2021-22,1626169,1610612747,partial,3,1
2021-22,1626171,1610612749,full_core,0,0
2021-22,1626172,1610612744,full_core,0,0
2021-22,1626174,1610612745,full_core,0,0
2021-22,1626179,1610612766,full_core,0,0
2021-22,1626181,1610612746,partial,1,1
2021-22,1626181,1610612757,partial,1,1
2021-22,1626192,1610612749,full_core,0,0
2021-22,1626195,1610612740,full_core,0,0
2021-22,1626196,1610612738,partial,1,1
2021-22,1626196,1610612759,partial,1,1
2021-22,1626204,1610612740,partial,1,1
2021-22,1626204,1610612757,partial,1,1
2021-22,1626208,1610612754,partial,1,1
2021-22,1626220,1610612762,full_core,0,0
2021-22,1626224,1610612739,full_core,0,0
2021-22,1626246,1610612742,full_core,0,0
2021-22,1627734,1610612754,partial,1,1
2021-22,1627734,1610612758,partial,1,1
2021-22,1627736,1610612750,full_core,0,0
2021-22,1627737,1610612742,partial,1,1
2021-22,1627739,1610612757,partial,1,1
2021-22,1627741,1610612754,partial,1,1
2021-22,1627741,1610612758,partial,1,1
2021-22,1627742,1610612740,full_core,0,0
2021-22,1627745,1610612758,full_core,0,0
2021-22,1627747,1610612739,partial,1,1
2021-22,1627747,1610612754,partial,1,1
2021-22,1627749,1610612759,full_core,0,0
2021-22,1627751,1610612759,full_core,0,0
2021-22,1627752,1610612750,full_core,0,0
2021-22,1627756,1610612739,partial,1,1
2021-22,1627756,1610612762,partial,1,1
2021-22,1627759,1610612738,full_core,0,0
2021-22,1627760,1610612737,partial,1,1
2021-22,1627761,1610612749,partial,1,1
2021-22,1627761,1610612751,partial,1,1
2021-22,1627763,1610612754,full_core,0,0
2021-22,1627767,1610612765,partial,1,1
2021-22,1627774,1610612750,full_core,0,0
2021-22,1627777,1610612755,full_core,0,0
2021-22,1627780,1610612744,full_core,0,0
2021-22,1627782,1610612752,partial,1,1
2021-22,1627783,1610612761,full_core,0,0
2021-22,1627788,1610612755,full_core,0,0
2021-22,1627789,1610612737,full_core,0,0
2021-22,1627814,1610612744,full_core,0,0
2021-22,1627820,1610612740,partial,1,1
2021-22,1627822,1610612743,partial,1,1
2021-22,1627823,1610612738,partial,1,1
2021-22,1627823,1610612759,partial,1,1
2021-22,1627823,1610612762,partial,1,1
2021-22,1627826,1610612746,full_core,0,0
2021-22,1627827,1610612742,full_core,0,0
2021-22,1627832,1610612761,full_core,0,0
2021-22,1627846,1610612756,partial,1,1
2021-22,1627853,1610612752,partial,3,1
2021-22,1627854,1610612743,partial,1,1
2021-22,1627854,1610612759,partial,1,1
2021-22,1627863,1610612745,partial,1,1
2021-22,1627863,1610612752,partial,1,1
2021-22,1627863,1610612762,partial,3,1
2021-22,1627884,1610612741,full_core,0,0
2021-22,1627885,1610612751,partial,1,1
2021-22,1627936,1610612741,full_core,0,0
2021-22,1628021,1610612745,full_core,0,0
2021-22,1628035,1610612741,partial,2,1
2021-22,1628221,1610612754,partial,1,1
2021-22,1628238,1610612756,partial,2,1
2021-22,1628365,1610612753,full_core,0,0
2021-22,1628366,1610612741,full_core,0,0
2021-22,1628367,1610612758,partial,1,1
2021-22,1628367,1610612765,partial,1,1
2021-22,1628368,1610612758,full_core,0,0
2021-22,1628369,1610612738,full_core,0,0
2021-22,1628370,1610612747,full_core,0,0
2021-22,1628372,1610612757,partial,1,1
2021-22,1628373,1610612742,full_core,0,0
2021-22,1628374,1610612739,full_core,0,0
2021-22,1628378,1610612762,full_core,0,0
2021-22,1628379,1610612746,full_core,0,0
2021-22,1628380,1610612759,full_core,0,0
2021-22,1628381,1610612737,full_core,0,0
2021-22,1628382,1610612738,partial,1,1
2021-22,1628382,1610612756,partial,2,1
2021-22,1628384,1610612761,full_core,0,0
2021-22,1628386,1610612739,full_core,0,0
2021-22,1628389,1610612748,full_core,0,0
2021-22,1628391,1610612761,partial,3,1
2021-22,1628392,1610612746,full_core,0,0
2021-22,1628395,1610612741,partial,1,1
2021-22,1628396,1610612741,full_core,0,0
2021-22,1628398,1610612764,full_core,0,0
2021-22,1628400,1610612746,partial,1,1
2021-22,1628400,1610612749,partial,1,1
2021-22,1628401,1610612738,partial,1,1
2021-22,1628401,1610612759,partial,1,1
2021-22,1628402,1610612765,full_core,0,0
2021-22,1628404,1610612740,partial,1,1
2021-22,1628404,1610612757,partial,1,1
2021-22,1628408,1610612743,partial,1,1
2021-22,1628411,1610612737,partial,1,1
2021-22,1628415,1610612763,full_core,0,0
2021-22,1628418,1610612764,full_core,0,0
2021-22,1628419,1610612737,partial,1,1
2021-22,1628420,1610612743,full_core,0,0
2021-22,1628422,1610612752,partial,1,1
2021-22,1628425,1610612742,full_core,0,0
2021-22,1628427,1610612743,full_core,0,0
2021-22,1628432,1610612743,partial,3,1
2021-22,1628436,1610612738,partial,1,1
2021-22,1628436,1610612739,partial,1,1
2021-22,1628436,1610612749,partial,1,1
2021-22,1628449,1610612761,full_core,0,0
2021-22,1628464,1610612738,partial,1,1
2021-22,1628464,1610612745,partial,1,1
2021-22,1628467,1610612742,full_core,0,0
2021-22,1628470,1610612754,partial,1,1
2021-22,1628470,1610612756,partial,1,1
2021-22,1628476,1610612765,partial,1,1
2021-22,1628537,1610612759,partial,1,1
2021-22,1628539,1610612748,partial,1,1
2021-22,1628539,1610612753,partial,1,1
2021-22,1628591,1610612764,partial,1,1
2021-22,1628778,1610612760,partial,1,1
2021-22,1628960,1610612749,full_core,0,0
2021-22,1628962,1610612762,full_core,0,0
2021-22,1628963,1610612758,partial,1,1
2021-22,1628963,1610612765,partial,1,1
2021-22,1628964,1610612753,full_core,0,0
2021-22,1628966,1610612759,full_core,0,0
2021-22,1628969,1610612756,full_core,0,0
2021-22,1628970,1610612766,full_core,0,0
2021-22,1628971,1610612751,full_core,0,0
2021-22,1628972,1610612741,full_core,0,0
2021-22,1628973,1610612742,full_core,0,0
2021-22,1628975,1610612749,partial,1,1
2021-22,1628975,1610612751,partial,1,1
2021-22,1628976,1610612753,full_core,0,0
2021-22,1628977,1610612765,full_core,0,0
2021-22,1628978,1610612749,partial,1,1
2021-22,1628978,1610612758,partial,1,1
2021-22,1628981,1610612738,partial,1,1
2021-22,1628981,1610612745,partial,1,1
2021-22,1628982,1610612760,partial,1,1
2021-22,1628983,1610612760,full_core,0,0
2021-22,1628984,1610612740,full_core,0,0
2021-22,1628988,1610612756,partial,1,1
2021-22,1628988,1610612764,partial,1,1
2021-22,1628989,1610612737,full_core,0,0
2021-22,1628990,1610612756,partial,1,1
2021-22,1628991,1610612763,full_core,0,0
2021-22,1628993,1610612740,partial,1,1
2021-22,1628993,1610612741,partial,1,1
2021-22,1628993,1610612764,partial,1,1
2021-22,1628994,1610612742,partial,1,1
2021-22,1628995,1610612737,partial,1,1
2021-22,1628995,1610612752,partial,1,1
2021-22,1628997,1610612748,full_core,0,0
2021-22,1628998,1610612766,full_core,0,0
2021-22,1629001,1610612763,full_core,0,0
2021-22,1629002,1610612758,full_core,0,0
2021-22,1629003,1610612755,full_core,0,0
2021-22,1629004,1610612761,full_core,0,0
2021-22,1629005,1610612739,partial,1,1
2021-22,1629006,1610612750,full_core,0,0
2021-22,1629008,1610612743,full_core,0,0
2021-22,1629011,1610612752,full_core,0,0
2021-22,1629012,1610612739,full_core,0,0
2021-22,1629013,1610612756,full_core,0,0
2021-22,1629014,1610612757,full_core,0,0
2021-22,1629018,1610612761,full_core,0,0
2021-22,1629020,1610612750,full_core,0,0
2021-22,1629021,1610612753,full_core,0,0
2021-22,1629022,1610612759,full_core,0,0
2021-22,1629023,1610612766,full_core,0,0
2021-22,1629026,1610612760,full_core,0,0
2021-22,1629027,1610612737,full_core,0,0
2021-22,1629028,1610612756,full_core,0,0
2021-22,1629029,1610612742,full_core,0,0
2021-22,1629033,1610612742,partial,2,1
2021-22,1629035,1610612765,partial,1,1
2021-22,1629048,1610612754,full_core,0,0
2021-22,1629052,1610612754,full_core,0,0
2021-22,1629056,1610612758,full_core,0,0
2021-22,1629057,1610612738,full_core,0,0
2021-22,1629060,1610612764,full_core,0,0
2021-22,1629067,1610612761,full_core,0,0
2021-22,1629076,1610612741,full_core,0,0
2021-22,1629083,1610612766,full_core,0,0
2021-22,1629103,1610612738,partial,1,1
2021-22,1629103,1610612754,partial,1,1
2021-22,1629109,1610612740,partial,2,1
2021-22,1629111,1610612759,full_core,0,0
2021-22,1629117,1610612746,partial,2,1
2021-22,1629117,1610612747,partial,1,1
2021-22,1629117,1610612751,partial,1,1
2021-22,1629130,1610612748,full_core,0,0
2021-22,1629139,1610612761,full_core,0,0
2021-22,1629150,1610612756,partial,1,1
2021-22,1629162,1610612750,full_core,0,0
2021-22,1629164,1610612739,partial,1,1
2021-22,1629168,1610612753,partial,1,1
2021-22,1629185,1610612744,full_core,0,0
2021-22,1629203,1610612747,partial,1,1
2021-22,1629216,1610612748,full_core,0,0
2021-22,1629234,1610612757,partial,1,1
2021-22,1629234,1610612759,partial,1,1
2021-22,1629308,1610612744,full_core,0,0
2021-22,1629309,1610612765,partial,1,1
2021-22,1629312,1610612748,partial,3,1
2021-22,1629597,1610612762,partial,1,1
2021-22,1629599,1610612746,full_core,0,0
2021-22,1629600,1610612757,partial,1,1
2021-22,1629602,1610612749,partial,1,1
2021-22,1629603,1610612760,partial,1,1
2021-22,1629604,1610612757,full_core,0,0
2021-22,1629605,1610612739,partial,1,1
2021-22,1629607,1610612740,partial,2,1
2021-22,1629610,1610612763,partial,1,1
2021-22,1629611,1610612746,full_core,0,0
2021-22,1629617,1610612754,partial,1,1
2021-22,1629617,1610612757,partial,2,1
2021-22,1629619,1610612755,partial,1,1
2021-22,1629620,1610612749,partial,1,1
2021-22,1629620,1610612758,partial,1,1
2021-22,1629620,1610612765,partial,1,1
2021-22,1629622,1610612748,full_core,0,0
2021-22,1629623,1610612749,partial,1,1
2021-22,1629626,1610612743,partial,1,1
2021-22,1629628,1610612752,full_core,0,0
2021-22,1629629,1610612737,partial,1,1
2021-22,1629629,1610612752,partial,1,1
2021-22,1629630,1610612763,full_core,0,0
2021-22,1629631,1610612737,full_core,0,0
2021-22,1629632,1610612741,full_core,0,0
2021-22,1629633,1610612763,full_core,0,0
2021-22,1629634,1610612763,full_core,0,0
2021-22,1629635,1610612747,partial,2,1
2021-22,1629636,1610612739,full_core,0,0
2021-22,1629637,1610612740,full_core,0,0
2021-22,1629638,1610612740,partial,1,1
2021-22,1629638,1610612762,partial,1,1
2021-22,1629639,1610612748,full_core,0,0
2021-22,1629640,1610612759,full_core,0,0
2021-22,1629641,1610612738,partial,1,1
2021-22,1629641,1610612759,partial,1,1
2021-22,1629642,1610612757,full_core,0,0
2021-22,1629643,1610612753,full_core,0,0
2021-22,1629644,1610612748,partial,1,1
2021-22,1629645,1610612745,full_core,0,0
2021-22,1629646,1610612755,full_core,0,0
2021-22,1629647,1610612760,full_core,0,0
2021-22,1629649,1610612753,full_core,0,0
2021-22,1629650,1610612739,partial,2,1
2021-22,1629650,1610612742,partial,1,1
2021-22,1629651,1610612751,full_core,0,0
2021-22,1629652,1610612760,full_core,0,0
2021-22,1629653,1610612741,partial,1,1
2021-22,1629655,1610612764,full_core,0,0
2021-22,1629656,1610612752,full_core,0,0
2021-22,1629657,1610612748,partial,2,1
2021-22,1629658,1610612760,partial,2,1
2021-22,1629659,1610612747,full_core,0,0
2021-22,1629660,1610612760,full_core,0,0
2021-22,1629661,1610612756,full_core,0,0
2021-22,1629663,1610612758,partial,1,1
2021-22,1629667,1610612766,full_core,0,0
2021-22,1629669,1610612750,full_core,0,0
2021-22,1629670,1610612749,full_core,0,0
2021-22,1629671,1610612762,partial,1,1
2021-22,1629672,1610612762,full_core,0,0
2021-22,1629673,1610612744,full_core,0,0
2021-22,1629674,1610612758,full_core,0,0
2021-22,1629675,1610612750,full_core,0,0
2021-22,1629676,1610612760,full_core,0,0
2021-22,1629678,1610612753,partial,1,1
2021-22,1629680,1610612755,full_core,0,0
2021-22,1629681,1610612763,partial,0,0
2021-22,1629682,1610612761,partial,1,1
2021-22,1629682,1610612764,partial,1,1
2021-22,1629683,1610612744,partial,2,1
2021-22,1629684,1610612738,full_core,0,0
2021-22,1629685,1610612739,full_core,0,0
2021-22,1629686,1610612765,partial,1,1
2021-22,1629712,1610612740,partial,1,1
2021-22,1629712,1610612757,partial,1,1
2021-22,1629717,1610612745,partial,1,1
2021-22,1629717,1610612761,partial,1,1
2021-22,1629718,1610612742,partial,1,1
2021-22,1629718,1610612755,partial,1,1
2021-22,1629719,1610612759,full_core,0,0
2021-22,1629723,1610612763,full_core,0,0
2021-22,1629726,1610612745,partial,0,0
2021-22,1629730,1610612743,partial,1,1
2021-22,1629730,1610612749,partial,1,1
2021-22,1629731,1610612739,full_core,0,0
2021-22,1629735,1610612748,partial,2,1
2021-22,1629735,1610612750,partial,1,1
2021-22,1629744,1610612741,full_core,0,0
2021-22,1629750,1610612741,full_core,0,0
2021-22,1629751,1610612763,partial,2,1
2021-22,1629752,1610612738,partial,2,1
2021-22,1629752,1610612761,partial,1,1
2021-22,1629755,1610612753,partial,1,1
2021-22,1629760,1610612752,partial,1,1
2021-22,1629783,1610612763,partial,1,1
2021-22,1629788,1610612752,partial,1,1
2021-22,1629833,1610612757,full_core,0,0
2021-22,1629873,1610612765,partial,1,1
2021-22,1629875,1610612746,partial,2,1
2021-22,1629958,1610612754,partial,1,1
2021-22,1629962,1610612753,partial,1,1
2021-22,1630162,1610612750,full_core,0,0
2021-22,1630163,1610612766,full_core,0,0
2021-22,1630165,1610612765,full_core,0,0
2021-22,1630166,1610612764,full_core,0,0
2021-22,1630167,1610612752,full_core,0,0
2021-22,1630168,1610612737,full_core,0,0
2021-22,1630169,1610612754,partial,1,1
2021-22,1630169,1610612758,partial,1,1
2021-22,1630170,1610612759,full_core,0,0
2021-22,1630171,1610612739,full_core,0,0
2021-22,1630172,1610612741,full_core,0,0
2021-22,1630173,1610612761,full_core,0,0
2021-22,1630174,1610612738,full_core,0,0
2021-22,1630175,1610612753,full_core,0,0
2021-22,1630176,1610612764,partial,1,1
2021-22,1630176,1610612766,partial,1,1
2021-22,1630177,1610612760,full_core,0,0
2021-22,1630178,1610612755,full_core,0,0
2021-22,1630179,1610612763,partial,1,1
2021-22,1630180,1610612765,full_core,0,0
2021-22,1630181,1610612753,full_core,0,0
2021-22,1630182,1610612742,full_core,0,0
2021-22,1630183,1610612750,full_core,0,0
2021-22,1630184,1610612740,full_core,0,0
2021-22,1630186,1610612758,partial,1,1
2021-22,1630187,1610612761,partial,1,1
2021-22,1630188,1610612754,partial,1,1
2021-22,1630188,1610612756,partial,1,1
2021-22,1630190,1610612757,partial,1,1
2021-22,1630190,1610612762,partial,1,1
2021-22,1630191,1610612765,full_core,0,0
2021-22,1630192,1610612743,full_core,0,0
2021-22,1630193,1610612752,full_core,0,0
2021-22,1630194,1610612755,full_core,0,0
2021-22,1630195,1610612750,full_core,0,0
2021-22,1630197,1610612760,full_core,0,0
2021-22,1630198,1610612755,full_core,0,0
2021-22,1630199,1610612765,partial,3,1
2021-22,1630200,1610612759,full_core,0,0
2021-22,1630201,1610612761,full_core,0,0
2021-22,1630202,1610612738,full_core,0,0
2021-22,1630205,1610612739,full_core,0,0
2021-22,1630206,1610612746,full_core,0,0
2021-22,1630207,1610612754,partial,2,1
2021-22,1630208,1610612766,full_core,0,0
2021-22,1630209,1610612748,full_core,0,0
2021-22,1630210,1610612743,full_core,0,0
2021-22,1630214,1610612763,full_core,0,0
2021-22,1630215,1610612762,full_core,0,0
2021-22,1630216,1610612764,full_core,0,0
2021-22,1630217,1610612763,full_core,0,0
2021-22,1630218,1610612758,partial,1,1
2021-22,1630219,1610612737,full_core,0,0
2021-22,1630222,1610612747,partial,1,1
2021-22,1630224,1610612745,full_core,0,0
2021-22,1630225,1610612764,full_core,0,0
2021-22,1630227,1610612745,partial,0,0
2021-22,1630228,1610612744,full_core,0,0
2021-22,1630230,1610612740,full_core,0,0
2021-22,1630231,1610612745,full_core,0,0
2021-22,1630233,1610612750,full_core,0,0
2021-22,1630235,1610612762,full_core,0,0
2021-22,1630237,1610612759,partial,1,1
2021-22,1630238,1610612738,partial,1,1
2021-22,1630238,1610612762,partial,1,1
2021-22,1630240,1610612765,full_core,0,0
2021-22,1630241,1610612763,partial,1,1
2021-22,1630243,1610612745,partial,1,1
2021-22,1630245,1610612741,full_core,0,0
2021-22,1630249,1610612760,full_core,0,0
2021-22,1630250,1610612741,full_core,0,0
2021-22,1630256,1610612745,full_core,0,0
2021-22,1630257,1610612763,partial,1,1
2021-22,1630264,1610612764,full_core,0,0
2021-22,1630267,1610612743,full_core,0,0
2021-22,1630270,1610612762,partial,1,1
2021-22,1630270,1610612763,partial,1,1
2021-22,1630271,1610612738,full_core,0,0
2021-22,1630273,1610612753,partial,1,1
2021-22,1630278,1610612758,partial,1,1
2021-22,1630285,1610612760,partial,1,1
2021-22,1630286,1610612739,partial,1,1
2021-22,1630288,1610612744,partial,1,1
2021-22,1630288,1610612749,partial,1,1
2021-22,1630288,1610612753,partial,1,1
2021-22,1630296,1610612755,partial,1,1
2021-22,1630296,1610612765,partial,1,1
2021-22,1630306,1610612760,partial,1,1
2021-22,1630314,1610612757,partial,2,1
2021-22,1630322,1610612760,partial,1,1
2021-22,1630346,1610612738,partial,1,1
2021-22,1630466,1610612760,partial,1,1
2021-22,1630525,1610612761,full_core,0,0
2021-22,1630526,1610612760,full_core,0,0
2021-22,1630527,1610612746,full_core,0,0
2021-22,1630528,1610612745,full_core,0,0
2021-22,1630529,1610612740,full_core,0,0
2021-22,1630530,1610612740,full_core,0,0
2021-22,1630531,1610612755,full_core,0,0
2021-22,1630532,1610612753,full_core,0,0
2021-22,1630533,1610612763,full_core,0,0
2021-22,1630535,1610612757,full_core,0,0
2021-22,1630536,1610612737,full_core,0,0
2021-22,1630537,1610612754,full_core,0,0
2021-22,1630538,1610612743,full_core,0,0
2021-22,1630539,1610612766,full_core,0,0
2021-22,1630540,1610612752,full_core,0,0
2021-22,1630541,1610612744,full_core,0,0
2021-22,1630543,1610612754,full_core,0,0
2021-22,1630544,1610612760,full_core,0,0
2021-22,1630547,1610612766,full_core,0,0
2021-22,1630549,1610612751,full_core,0,0
2021-22,1630550,1610612766,full_core,0,0
2021-22,1630551,1610612761,full_core,0,0
2021-22,1630552,1610612737,full_core,0,0
2021-22,1630553,1610612746,partial,1,1
2021-22,1630553,1610612757,partial,1,1
2021-22,1630555,1610612764,partial,1,1
2021-22,1630556,1610612751,partial,0,0
2021-22,1630557,1610612764,full_core,0,0
2021-22,1630558,1610612758,full_core,0,0
2021-22,1630559,1610612747,full_core,0,0
2021-22,1630560,1610612751,full_core,0,0
2021-22,1630561,1610612751,full_core,0,0
2021-22,1630563,1610612759,full_core,0,0
2021-22,1630565,1610612755,partial,1,1
2021-22,1630567,1610612761,full_core,0,0
2021-22,1630568,1610612765,full_core,0,0
2021-22,1630570,1610612757,partial,0,0
2021-22,1630572,1610612749,full_core,0,0
2021-22,1630573,1610612738,partial,0,0
2021-22,1630575,1610612766,full_core,0,0
2021-22,1630578,1610612745,full_core,0,0
2021-22,1630579,1610612752,full_core,0,0
2021-22,1630580,1610612759,full_core,0,0
2021-22,1630581,1610612760,full_core,0,0
2021-22,1630582,1610612763,full_core,0,0
2021-22,1630583,1610612763,full_core,0,0
2021-22,1630585,1610612748,partial,1,1
2021-22,1630586,1610612745,full_core,0,0
2021-22,1630587,1610612765,full_core,0,0
2021-22,1630589,1610612742,partial,1,1
2021-22,1630589,1610612746,partial,1,1
2021-22,1630591,1610612753,full_core,0,0
2021-22,1630593,1610612750,full_core,0,0
2021-22,1630595,1610612765,full_core,0,0
2021-22,1630596,1610612739,full_core,0,0
2021-22,1630598,1610612760,partial,0,0
2021-22,1630602,1610612737,partial,2,1
2021-22,1630602,1610612747,partial,1,1
2021-22,1630605,1610612742,partial,1,1
2021-22,1630606,1610612748,partial,1,1
2021-22,1630606,1610612749,partial,1,1
2021-22,1630610,1610612754,partial,1,1
2021-22,1630612,1610612739,partial,2,1
2021-22,1630613,1610612754,partial,0,0
2021-22,1630624,1610612752,partial,1,1
2021-22,1630625,1610612761,full_core,0,0
2021-22,1630631,1610612740,partial,0,0
2021-22,1630637,1610612742,partial,1,1
2021-22,1630637,1610612743,partial,1,1
2021-22,1630640,1610612756,partial,1,1
2021-22,1630643,1610612747,partial,1,1
2021-22,1630644,1610612741,partial,1,1
2021-22,1630644,1610612747,partial,1,1
2021-22,1630647,1610612742,partial,1,1
2021-22,1630648,1610612764,partial,2,1
2021-22,1630678,1610612754,partial,1,1
2021-22,1630686,1610612749,partial,1,1
2021-22,1630686,1610612760,partial,1,1
2021-22,1630688,1610612756,partial,1,1
2021-22,1630691,1610612765,full_core,0,0
2021-22,1630692,1610612764,partial,1,1
2021-22,1630693,1610612764,partial,1,1
2021-22,1630695,1610612765,partial,1,1
2021-22,1630698,1610612739,partial,1,1
2021-22,1630758,1610612753,partial,1,1
2021-22,1630787,1610612757,partial,1,1
2021-22,1630792,1610612737,partial,1,1
2021-22,1630792,1610612741,partial,1,1
2021-22,1630846,1610612760,partial,3,1
2021-22,1630994,1610612756,partial,1,1
2021-22,200746,1610612751,full_core,0,0
2021-22,200752,1610612762,full_core,0,0
2021-22,200765,1610612739,partial,1,1
2021-22,200765,1610612747,partial,1,1
2021-22,200768,1610612748,full_core,0,0
2021-22,200782,1610612748,full_core,0,0
2021-22,200794,1610612751,partial,1,1
2021-22,200794,1610612755,partial,1,1
2021-22,201142,1610612751,full_core,0,0
2021-22,201143,1610612738,full_core,0,0
2021-22,201144,1610612762,full_core,0,0
2021-22,201145,1610612743,full_core,0,0
2021-22,201152,1610612759,partial,1,1
2021-22,201152,1610612761,partial,1,1
2021-22,201565,1610612752,full_core,0,0
2021-22,201566,1610612747,full_core,0,0
2021-22,201567,1610612739,full_core,0,0
2021-22,201568,1610612737,full_core,0,0
2021-22,201569,1610612745,full_core,0,0
2021-22,201571,1610612745,partial,1,1
2021-22,201571,1610612747,partial,1,1
2021-22,201572,1610612749,full_core,0,0
2021-22,201577,1610612753,full_core,0,0
2021-22,201580,1610612756,full_core,0,0
2021-22,201586,1610612746,partial,1,1
2021-22,201586,1610612749,partial,1,1
2021-22,201587,1610612746,full_core,0,0
2021-22,201588,1610612749,full_core,0,0
2021-22,201599,1610612747,partial,1,1
2021-22,201599,1610612755,partial,1,1
2021-22,201609,1610612751,partial,1,1
2021-22,201609,1610612761,partial,1,1
2021-22,201933,1610612751,full_core,0,0
2021-22,201935,1610612751,partial,1,1
2021-22,201935,1610612755,partial,1,1
2021-22,201937,1610612739,partial,1,1
2021-22,201939,1610612744,full_core,0,0
2021-22,201942,1610612741,full_core,0,0
2021-22,201949,1610612751,partial,1,1
2021-22,201950,1610612749,full_core,0,0
2021-22,201954,1610612747,partial,1,1
2021-22,201959,1610612752,full_core,0,0
2021-22,201961,1610612747,full_core,0,0
2021-22,201976,1610612750,full_core,0,0
2021-22,201980,1610612755,full_core,0,0
2021-22,201988,1610612751,full_core,0,0
2021-22,202066,1610612740,full_core,0,0
2021-22,202083,1610612749,partial,1,1
2021-22,202324,1610612760,full_core,0,0
2021-22,202326,1610612743,partial,3,1
2021-22,202326,1610612749,partial,1,1
2021-22,202328,1610612749,partial,1,1
2021-22,202328,1610612750,partial,2,1
2021-22,202328,1610612762,partial,1,1
2021-22,202328,1610612764,partial,1,1
2021-22,202330,1610612766,full_core,0,0
2021-22,202331,1610612746,full_core,0,0
2021-22,202334,1610612739,full_core,0,0
2021-22,202339,1610612746,partial,1,1
2021-22,202340,1610612747,full_core,0,0
2021-22,202355,1610612762,full_core,0,0
2021-22,202357,1610612744,full_core,0,0
2021-22,202362,1610612737,partial,1,1
2021-22,202362,1610612754,partial,1,1
2021-22,202397,1610612764,partial,1,1
2021-22,202397,1610612766,partial,1,1
2021-22,202681,1610612751,full_core,0,0
2021-22,202683,1610612738,partial,1,1
2021-22,202684,1610612741,partial,1,1
2021-22,202684,1610612754,partial,1,1
2021-22,202684,1610612758,partial,1,1
2021-22,202685,1610612740,full_core,0,0
2021-22,202687,1610612756,partial,1,1
2021-22,202688,1610612742,partial,2,1
2021-22,202689,1610612752,full_core,0,0
2021-22,202691,1610612744,full_core,0,0
2021-22,202692,1610612752,full_core,0,0
2021-22,202693,1610612748,full_core,0,0
2021-22,202694,1610612746,full_core,0,0
2021-22,202696,1610612741,full_core,0,0
2021-22,202699,1610612755,full_core,0,0
2021-22,202704,1610612746,full_core,0,0
2021-22,202709,1610612765,full_core,0,0
2021-22,202710,1610612748,full_core,0,0
2021-22,202711,1610612762,full_core,0,0
2021-22,202722,1610612742,partial,1,1
2021-22,202722,1610612764,partial,1,1
2021-22,202738,1610612742,partial,1,1
2021-22,202738,1610612747,partial,1,1
2021-22,202738,1610612766,partial,1,1
2021-22,202954,1610612754,partial,1,1
2021-22,202954,1610612764,partial,1,1
2021-22,203076,1610612747,full_core,0,0
2021-22,203078,1610612764,full_core,0,0
2021-22,203081,1610612757,full_core,0,0
2021-22,203082,1610612753,full_core,0,0
2021-22,203083,1610612751,partial,1,1
2021-22,203083,1610612755,partial,1,1
2021-22,203084,1610612758,full_core,0,0
2021-22,203085,1610612743,full_core,0,0
2021-22,203087,1610612754,partial,1,1
2021-22,203087,1610612758,partial,1,1
2021-22,203090,1610612758,full_core,0,0
2021-22,203095,1610612752,full_core,0,0
2021-22,203107,1610612740,partial,1,1
2021-22,203107,1610612759,partial,1,1
2021-22,203107,1610612764,partial,1,1
2021-22,203109,1610612756,full_core,0,0
2021-22,203110,1610612744,full_core,0,0
2021-22,203114,1610612749,full_core,0,0
2021-22,203115,1610612743,full_core,0,0
2021-22,203145,1610612747,full_core,0,0
2021-22,203200,1610612754,partial,1,1
2021-22,203200,1610612758,partial,1,1
2021-22,203210,1610612743,full_core,0,0
2021-22,203457,1610612752,full_core,0,0
2021-22,203458,1610612758,full_core,0,0
2021-22,203463,1610612757,full_core,0,0
2021-22,203468,1610612740,partial,1,1
2021-22,203468,1610612757,partial,1,1
2021-22,203469,1610612757,partial,1,1
2021-22,203471,1610612738,partial,1,1
2021-22,203471,1610612745,partial,1,1
2021-22,203473,1610612748,full_core,0,0
2021-22,203476,1610612737,full_core,0,0
2021-22,203482,1610612765,full_core,0,0
2021-22,203484,1610612764,full_core,0,0
2021-22,203486,1610612766,full_core,0,0
2021-22,203488,1610612760,full_core,0,0
2021-22,203490,1610612744,full_core,0,0
2021-22,203493,1610612742,full_core,0,0
2021-22,203496,1610612746,partial,1,1
2021-22,203496,1610612757,partial,1,1
2021-22,203497,1610612762,full_core,0,0
2021-22,203500,1610612763,full_core,0,0
2021-22,203501,1610612742,full_core,0,0
2021-22,203503,1610612740,partial,1,1
2021-22,203503,1610612757,partial,1,1
2021-22,203504,1610612742,full_core,0,0
2021-22,203506,1610612748,full_core,0,0
2021-22,203507,1610612749,full_core,0,0
2021-22,203516,1610612743,partial,1,1
2021-22,203516,1610612746,partial,1,1
2021-22,203516,1610612751,partial,1,1
2021-22,203524,1610612737,partial,1,1
2021-22,203526,1610612764,full_core,0,0
2021-22,203552,1610612751,partial,1,1
2021-22,203552,1610612755,partial,1,1
2021-22,203585,1610612765,partial,1,1
2021-22,203648,1610612749,full_core,0,0
2021-22,203658,1610612762,partial,1,1
2021-22,203816,1610612760,partial,1,1
2021-22,203897,1610612741,full_core,0,0
2021-22,203901,1610612756,full_core,0,0
2021-22,203903,1610612762,full_core,0,0
2021-22,203914,1610612753,full_core,0,0
2021-22,203915,1610612742,partial,1,1
2021-22,203915,1610612764,partial,1,1
2021-22,203917,1610612738,partial,1,1
2021-22,203917,1610612748,partial,1,1
2021-22,203918,1610612746,partial,1,1
2021-22,203918,1610612749,partial,1,1
2021-22,203920,1610612761,full_core,0,0
2021-22,203924,1610612765,full_core,0,0
2021-22,203925,1610612751,full_core,0,0
2021-22,203926,1610612759,full_core,0,0
2021-22,203932,1610612743,full_core,0,0
2021-22,203935,1610612738,full_core,0,0
2021-22,203937,1610612763,full_core,0,0
2021-22,203939,1610612742,full_core,0,0
2021-22,203944,1610612752,full_core,0,0
2021-22,203952,1610612744,full_core,0,0
2021-22,203953,1610612738,partial,1,1
2021-22,203954,1610612755,full_core,0,0
2021-22,203991,1610612737,full_core,0,0
2021-22,203992,1610612737,full_core,0,0
2021-22,203994,1610612757,full_core,0,0
2021-22,203999,1610612743,full_core,0,0
2021-22,204001,1610612742,partial,1,1
2021-22,204001,1610612764,partial,1,1
2021-22,204020,1610612755,partial,1,1
2021-22,204020,1610612759,partial,1,1
2021-22,204025,1610612739,partial,1,1
2021-22,204025,1610612753,partial,1,1
2021-22,204038,1610612749,partial,1,1
2021-22,204038,1610612751,partial,1,1
2021-22,204060,1610612762,partial,1,1
2021-22,204456,1610612754,full_core,0,0
2021-22,2207,1610612738,partial,1,1
2021-22,2544,1610612747,full_core,0,0
2021-22,2546,1610612747,full_core,0,0
2021-22,2617,1610612748,full_core,0,0
2021-22,2730,1610612747,full_core,0,0
2021-22,2738,1610612744,full_core,0,0
2021-22,2772,1610612747,partial,1,1
2022-23,101108,1610612756,full_core,0,0
2022-23,1626145,1610612763,full_core,0,0
2022-23,1626149,1610612755,full_core,0,0
2022-23,1626153,1610612764,full_core,0,0
2022-23,1626156,1610612747,partial,1,1
2022-23,1626156,1610612750,partial,1,1
2022-23,1626157,1610612750,full_core,0,0
2022-23,1626158,1610612758,full_core,0,0
2022-23,1626159,1610612757,full_core,0,0
2022-23,1626162,1610612766,full_core,0,0
2022-23,1626163,1610612737,partial,1,1
2022-23,1626163,1610612745,partial,1,1
2022-23,1626164,1610612756,full_core,0,0
2022-23,1626166,1610612756,full_core,0,0
2022-23,1626167,1610612754,full_core,0,0
2022-23,1626168,1610612758,full_core,0,0
2022-23,1626169,1610612759,partial,1,1
2022-23,1626171,1610612749,full_core,0,0
2022-23,1626172,1610612744,full_core,0,0
2022-23,1626174,1610612742,full_core,0,0
2022-23,1626179,1610612766,full_core,0,0
2022-23,1626181,1610612746,full_core,0,0
2022-23,1626192,1610612749,full_core,0,0
2022-23,1626195,1610612740,full_core,0,0
2022-23,1626196,1610612740,partial,1,1
2022-23,1626196,1610612759,partial,1,1
2022-23,1626204,1610612740,full_core,0,0
2022-23,1626220,1610612751,full_core,0,0
2022-23,1626224,1610612739,full_core,0,0
2022-23,1626246,1610612745,partial,2,1
2022-23,1627732,1610612751,full_core,0,0
2022-23,1627734,1610612758,full_core,0,0
2022-23,1627736,1610612747,partial,1,1
2022-23,1627736,1610612762,partial,1,1
2022-23,1627739,1610612762,partial,1,1
2022-23,1627741,1610612754,full_core,0,0
2022-23,1627742,1610612740,full_core,0,0
2022-23,1627745,1610612747,partial,1,1
2022-23,1627745,1610612762,partial,1,1
2022-23,1627747,1610612739,full_core,0,0
2022-23,1627749,1610612737,full_core,0,0
2022-23,1627750,1610612743,full_core,0,0
2022-23,1627751,1610612759,partial,1,1
2022-23,1627751,1610612761,partial,1,1
2022-23,1627752,1610612750,full_core,0,0
2022-23,1627759,1610612738,full_core,0,0
2022-23,1627763,1610612738,full_core,0,0
2022-23,1627777,1610612755,full_core,0,0
2022-23,1627780,1610612744,partial,1,1
2022-23,1627780,1610612757,partial,1,1
2022-23,1627783,1610612761,full_core,0,0
2022-23,1627788,1610612755,full_core,0,0
2022-23,1627814,1610612756,full_core,0,0
2022-23,1627823,1610612761,partial,1,1
2022-23,1627826,1610612746,full_core,0,0
2022-23,1627827,1610612742,partial,1,1
2022-23,1627827,1610612751,partial,1,1
2022-23,1627832,1610612761,full_core,0,0
2022-23,1627853,1610612752,partial,1,1
2022-23,1627853,1610612757,partial,1,1
2022-23,1627854,1610612750,partial,1,1
2022-23,1627863,1610612755,full_core,0,0
2022-23,1627884,1610612741,full_core,0,0
2022-23,1627885,1610612757,partial,1,1
2022-23,1627936,1610612741,full_core,0,0
2022-23,1628221,1610612754,partial,1,1
2022-23,1628365,1610612753,full_core,0,0
2022-23,1628368,1610612758,full_core,0,0
2022-23,1628369,1610612738,full_core,0,0
2022-23,1628370,1610612758,full_core,0,0
2022-23,1628371,1610612753,full_core,0,0
2022-23,1628372,1610612766,full_core,0,0
2022-23,1628373,1610612742,full_core,0,0
2022-23,1628374,1610612762,full_core,0,0
2022-23,1628378,1610612739,full_core,0,0
2022-23,1628379,1610612746,partial,1,1
2022-23,1628379,1610612763,partial,1,1
2022-23,1628380,1610612759,full_core,0,0
2022-23,1628381,1610612737,full_core,0,0
2022-23,1628382,1610612738,partial,1,1
2022-23,1628384,1610612761,full_core,0,0
2022-23,1628386,1610612739,full_core,0,0
2022-23,1628389,1610612748,full_core,0,0
2022-23,1628392,1610612752,full_core,0,0
2022-23,1628396,1610612741,partial,1,1
2022-23,1628398,1610612764,full_core,0,0
2022-23,1628401,1610612738,full_core,0,0
2022-23,1628402,1610612762,partial,1,1
2022-23,1628404,1610612752,partial,1,1
2022-23,1628404,1610612757,partial,1,1
2022-23,1628408,1610612758,partial,2,1
2022-23,1628410,1610612751,full_core,0,0
2022-23,1628415,1610612763,full_core,0,0
2022-23,1628416,1610612742,partial,1,1
2022-23,1628418,1610612743,partial,1,1
2022-23,1628418,1610612747,partial,1,1
2022-23,1628420,1610612764,full_core,0,0
2022-23,1628424,1610612766,partial,1,1
2022-23,1628425,1610612747,partial,1,1
2022-23,1628427,1610612743,full_core,0,0
2022-23,1628432,1610612743,partial,1,1
2022-23,1628432,1610612747,partial,1,1
2022-23,1628435,1610612757,full_core,1,1
2022-23,1628436,1610612738,full_core,0,0
2022-23,1628449,1610612761,full_core,0,0
2022-23,1628464,1610612754,full_core,0,0
2022-23,1628467,1610612742,full_core,0,0
2022-23,1628470,1610612756,full_core,0,0
2022-23,1628960,1610612749,full_core,0,0
2022-23,1628962,1610612762,full_core,0,0
2022-23,1628963,1610612765,full_core,0,0
2022-23,1628964,1610612747,partial,1,1
2022-23,1628964,1610612753,partial,1,1
2022-23,1628966,1610612759,full_core,0,0
2022-23,1628969,1610612751,partial,1,1
2022-23,1628969,1610612756,partial,1,1
2022-23,1628971,1610612743,full_core,0,0
2022-23,1628972,1610612747,full_core,0,0
2022-23,1628973,1610612752,full_core,0,0
2022-23,1628975,1610612749,full_core,0,0
2022-23,1628976,1610612753,full_core,0,0
2022-23,1628977,1610612765,full_core,0,0
2022-23,1628978,1610612744,full_core,0,0
2022-23,1628981,1610612737,partial,1,1
2022-23,1628981,1610612745,partial,1,1
2022-23,1628983,1610612760,full_core,0,0
2022-23,1628984,1610612740,partial,1,1
2022-23,1628984,1610612759,partial,1,1
2022-23,1628988,1610612737,full_core,0,0
2022-23,1628989,1610612758,full_core,0,0
2022-23,1628991,1610612763,full_core,0,0
2022-23,1628993,1610612759,partial,1,1
2022-23,1628995,1610612757,partial,1,1
2022-23,1628995,1610612765,partial,1,1
2022-23,1628997,1610612748,full_core,0,0
2022-23,1628998,1610612766,full_core,0,0
2022-23,1629001,1610612755,full_core,0,0
2022-23,1629002,1610612758,full_core,0,0
2022-23,1629003,1610612755,full_core,0,0
2022-23,1629004,1610612752,partial,1,1
2022-23,1629004,1610612766,partial,1,1
2022-23,1629006,1610612756,full_core,0,0
2022-23,1629008,1610612743,full_core,0,0
2022-23,1629011,1610612752,full_core,0,0
2022-23,1629012,1610612762,full_core,0,0
2022-23,1629013,1610612756,full_core,0,0
2022-23,1629014,1610612757,full_core,0,0
2022-23,1629018,1610612761,full_core,0,0
2022-23,1629020,1610612747,partial,1,1
2022-23,1629020,1610612762,partial,1,1
2022-23,1629021,1610612753,full_core,0,0
2022-23,1629022,1610612747,full_core,0,0
2022-23,1629023,1610612766,full_core,0,0
2022-23,1629026,1610612760,full_core,0,0
2022-23,1629027,1610612737,full_core,0,0
2022-23,1629028,1610612756,full_core,0,0
2022-23,1629029,1610612742,full_core,0,0
2022-23,1629033,1610612742,full_core,0,0
2022-23,1629048,1610612753,partial,1,1
2022-23,1629048,1610612754,partial,1,1
2022-23,1629052,1610612754,full_core,0,0
2022-23,1629056,1610612758,full_core,0,0
2022-23,1629057,1610612738,full_core,0,0
2022-23,1629060,1610612747,partial,1,1
2022-23,1629060,1610612764,partial,1,1
2022-23,1629111,1610612756,full_core,0,0
2022-23,1629117,1610612747,full_core,0,0
2022-23,1629126,1610612758,partial,1,1
2022-23,1629130,1610612748,full_core,0,0
2022-23,1629134,1610612747,partial,1,1
2022-23,1629134,1610612764,partial,1,1
2022-23,1629139,1610612751,full_core,0,0
2022-23,1629162,1610612750,full_core,0,0
2022-23,1629216,1610612748,full_core,0,0
2022-23,1629234,1610612757,full_core,0,0
2022-23,1629308,1610612747,partial,1,1
2022-23,1629308,1610612762,partial,1,1
2022-23,1629312,1610612748,full_core,0,0
2022-23,1629599,1610612746,full_core,0,0
2022-23,1629603,1610612739,full_core,0,0
2022-23,1629611,1610612746,full_core,0,0
2022-23,1629614,1610612754,full_core,0,0
2022-23,1629622,1610612748,full_core,0,0
2022-23,1629623,1610612749,partial,1,1
2022-23,1629626,1610612753,full_core,0,0
2022-23,1629627,1610612740,full_core,0,0
2022-23,1629628,1610612752,full_core,0,0
2022-23,1629629,1610612752,partial,1,1
2022-23,1629629,1610612757,partial,1,1
2022-23,1629630,1610612763,full_core,0,0
2022-23,1629631,1610612737,full_core,0,0
2022-23,1629632,1610612741,full_core,0,0
2022-23,1629633,1610612737,partial,1,1
2022-23,1629634,1610612763,full_core,0,0
2022-23,1629636,1610612739,full_core,0,0
2022-23,1629637,1610612740,full_core,0,0
2022-23,1629638,1610612750,partial,1,1
2022-23,1629638,1610612762,partial,1,1
2022-23,1629639,1610612748,full_core,0,0
2022-23,1629640,1610612759,full_core,0,0
2022-23,1629641,1610612759,full_core,0,0
2022-23,1629642,1610612757,full_core,0,0
2022-23,1629643,1610612753,full_core,0,0
2022-23,1629644,1610612758,partial,1,1
2022-23,1629645,1610612745,full_core,0,0
2022-23,1629646,1610612759,partial,1,1
2022-23,1629647,1610612756,partial,1,1
2022-23,1629647,1610612760,partial,1,1
2022-23,1629650,1610612746,partial,1,1
2022-23,1629650,1610612751,partial,2,1
2022-23,1629651,1610612751,full_core,0,0
2022-23,1629652,1610612760,full_core,0,0
2022-23,1629653,1610612764,partial,1,1
2022-23,1629655,1610612764,full_core,0,0
2022-23,1629656,1610612752,full_core,0,0
2022-23,1629659,1610612762,full_core,0,0
2022-23,1629660,1610612744,full_core,0,0
2022-23,1629661,1610612751,partial,1,1
2022-23,1629661,1610612756,partial,1,1
2022-23,1629662,1610612738,full_core,0,0
2022-23,1629663,1610612755,partial,1,1
2022-23,1629667,1610612755,partial,1,1
2022-23,1629667,1610612766,partial,1,1
2022-23,1629669,1610612750,full_core,0,0
2022-23,1629670,1610612749,partial,1,1
2022-23,1629670,1610612754,partial,1,1
2022-23,1629673,1610612744,full_core,0,0
2022-23,1629674,1610612758,full_core,0,0
2022-23,1629675,1610612750,full_core,0,0
2022-23,1629676,1610612759,partial,1,1
2022-23,1629677,1610612762,partial,1,1
2022-23,1629678,1610612753,partial,0,0
2022-23,1629680,1610612755,partial,1,1
2022-23,1629680,1610612757,partial,1,1
2022-23,1629684,1610612738,full_core,0,0
2022-23,1629685,1610612739,full_core,0,0
2022-23,1629714,1610612762,partial,1,1
2022-23,1629723,1610612763,full_core,0,0
2022-23,1629726,1610612737,partial,1,1
2022-23,1629726,1610612745,partial,1,1
2022-23,1629731,1610612739,full_core,0,0
2022-23,1629735,1610612742,partial,1,1
2022-23,1629750,1610612741,full_core,0,0
2022-23,1629875,1610612746,partial,1,1
2022-23,1630162,1610612750,full_core,0,0
2022-23,1630163,1610612766,full_core,0,0
2022-23,1630164,1610612744,partial,1,1
2022-23,1630164,1610612765,partial,1,1
2022-23,1630165,1610612765,full_core,0,0
2022-23,1630166,1610612764,full_core,0,0
2022-23,1630167,1610612752,full_core,0,0
2022-23,1630168,1610612737,full_core,0,0
2022-23,1630169,1610612754,full_core,0,0
2022-23,1630170,1610612759,full_core,0,0
2022-23,1630171,1610612739,full_core,0,0
2022-23,1630172,1610612741,full_core,0,0
2022-23,1630173,1610612761,full_core,0,0
2022-23,1630174,1610612754,full_core,0,0
2022-23,1630175,1610612753,full_core,0,0
2022-23,1630176,1610612764,partial,1,1
2022-23,1630177,1610612766,full_core,0,0
2022-23,1630178,1610612755,full_core,0,0
2022-23,1630180,1610612737,partial,1,1
2022-23,1630180,1610612765,partial,1,1
2022-23,1630181,1610612753,partial,1,1
2022-23,1630181,1610612765,partial,1,1
2022-23,1630182,1610612742,full_core,0,0
2022-23,1630183,1610612750,full_core,0,0
2022-23,1630184,1610612740,full_core,0,0
2022-23,1630188,1610612754,full_core,0,0
2022-23,1630191,1610612765,full_core,0,0
2022-23,1630192,1610612743,full_core,0,0
2022-23,1630193,1610612752,full_core,0,0
2022-23,1630194,1610612755,full_core,0,0
2022-23,1630195,1610612762,partial,1,1
2022-23,1630197,1610612760,full_core,0,0
2022-23,1630198,1610612760,full_core,0,0
2022-23,1630200,1610612759,full_core,0,0
2022-23,1630201,1610612761,full_core,0,0
2022-23,1630202,1610612738,full_core,0,0
2022-23,1630205,1610612739,full_core,0,0
2022-23,1630206,1610612753,partial,1,1
2022-23,1630208,1610612766,full_core,0,0
2022-23,1630209,1610612748,full_core,0,0
2022-23,1630214,1610612763,full_core,0,0
2022-23,1630215,1610612760,partial,1,1
2022-23,1630217,1610612763,full_core,0,0
2022-23,1630219,1610612757,partial,1,1
2022-23,1630224,1610612745,full_core,0,0
2022-23,1630225,1610612764,full_core,0,0
2022-23,1630227,1610612745,full_core,0,0
2022-23,1630228,1610612744,full_core,0,0
2022-23,1630230,1610612740,full_core,0,0
2022-23,1630231,1610612745,full_core,0,0
2022-23,1630233,1610612750,full_core,0,0
2022-23,1630235,1610612737,full_core,0,0
2022-23,1630237,1610612744,full_core,0,0
2022-23,1630240,1610612755,partial,1,1
2022-23,1630240,1610612756,partial,2,1
2022-23,1630241,1610612739,partial,2,1
2022-23,1630243,1610612754,partial,1,1
2022-23,1630245,1610612741,full_core,0,0
2022-23,1630249,1610612737,full_core,0,0
2022-23,1630250,1610612741,full_core,0,0
2022-23,1630256,1610612745,full_core,0,0
2022-23,1630264,1610612764,full_core,0,0
2022-23,1630267,1610612742,partial,1,1
2022-23,1630270,1610612766,partial,1,1
2022-23,1630284,1610612753,full_core,0,0
2022-23,1630288,1610612761,full_core,0,0
2022-23,1630296,1610612765,partial,1,1
2022-23,1630322,1610612760,partial,0,0
2022-23,1630346,1610612747,partial,1,1
2022-23,1630346,1610612750,partial,1,1
2022-23,1630526,1610612760,full_core,0,0
2022-23,1630527,1610612746,full_core,0,0
2022-23,1630528,1610612745,full_core,0,0
2022-23,1630529,1610612740,full_core,0,0
2022-23,1630530,1610612740,full_core,0,0
2022-23,1630531,1610612755,full_core,0,0
2022-23,1630532,1610612753,full_core,0,0
2022-23,1630533,1610612763,full_core,0,0
2022-23,1630534,1610612762,full_core,0,0
2022-23,1630535,1610612757,partial,1,1
2022-23,1630537,1610612754,full_core,0,0
2022-23,1630538,1610612743,partial,1,1
2022-23,1630538,1610612746,partial,1,1
2022-23,1630539,1610612766,full_core,0,0
2022-23,1630540,1610612752,full_core,0,0
2022-23,1630541,1610612744,full_core,0,0
2022-23,1630543,1610612754,full_core,0,0
2022-23,1630544,1610612760,full_core,0,0
2022-23,1630547,1610612766,full_core,0,0
2022-23,1630548,1610612762,full_core,0,0
2022-23,1630549,1610612751,full_core,0,0
2022-23,1630550,1610612766,full_core,0,0
2022-23,1630551,1610612738,partial,1,1
2022-23,1630551,1610612761,partial,1,1
2022-23,1630552,1610612737,full_core,0,0
2022-23,1630553,1610612757,full_core,0,0
2022-23,1630554,1610612746,full_core,0,0
2022-23,1630556,1610612751,partial,1,1
2022-23,1630556,1610612758,partial,1,1
2022-23,1630557,1610612764,full_core,0,0
2022-23,1630558,1610612758,full_core,0,0
2022-23,1630559,1610612747,full_core,0,0
2022-23,1630560,1610612751,full_core,0,0
2022-23,1630561,1610612751,full_core,0,0
2022-23,1630563,1610612759,partial,1,1
2022-23,1630564,1610612751,partial,1,1
2022-23,1630567,1610612761,full_core,0,0
2022-23,1630568,1610612750,full_core,0,0
2022-23,1630570,1610612757,full_core,0,0
2022-23,1630572,1610612749,partial,1,1
2022-23,1630572,1610612759,partial,1,1
2022-23,1630573,1610612738,full_core,0,0
2022-23,1630577,1610612755,partial,1,1
2022-23,1630577,1610612759,partial,1,1
2022-23,1630578,1610612745,full_core,0,0
2022-23,1630579,1610612752,full_core,0,0
2022-23,1630580,1610612761,partial,2,1
2022-23,1630581,1610612760,full_core,0,0
2022-23,1630583,1610612763,full_core,0,0
2022-23,1630586,1610612745,full_core,0,0
2022-23,1630587,1610612765,full_core,0,0
2022-23,1630590,1610612747,full_core,0,0
2022-23,1630591,1610612753,full_core,0,0
2022-23,1630593,1610612742,full_core,0,0
2022-23,1630595,1610612765,full_core,0,0
2022-23,1630596,1610612739,full_core,0,0
2022-23,1630598,1610612760,full_core,0,0
2022-23,1630600,1610612739,full_core,0,0
2022-23,1630613,1610612756,partial,1,1
2022-23,1630620,1610612745,full_core,0,0
2022-23,1630625,1610612761,full_core,0,0
2022-23,1630631,1610612740,full_core,0,0
2022-23,1630637,1610612741,partial,1,1
2022-23,1630639,1610612742,partial,1,1
2022-23,1630639,1610612750,partial,1,1
2022-23,1630643,1610612764,partial,1,1
2022-23,1630644,1610612755,partial,1,1
2022-23,1630647,1610612760,partial,1,1
2022-23,1630647,1610612765,partial,1,1
2022-23,1630648,1610612764,partial,1,1
2022-23,1630649,1610612765,partial,1,1
2022-23,1630678,1610612741,partial,1,1
2022-23,1630678,1610612754,partial,1,1
2022-23,1630688,1610612756,partial,0,0
2022-23,1630692,1610612764,partial,0,0
2022-23,1630695,1610612762,full_core,0,0
2022-23,1630696,1610612748,partial,2,1
2022-23,1630696,1610612751,partial,1,1
2022-23,1630699,1610612749,full_core,0,0
2022-23,1630700,1610612740,full_core,0,0
2022-23,1630701,1610612755,partial,1,1
2022-23,1630702,1610612742,full_core,0,0
2022-23,1630792,1610612741,partial,1,1
2022-23,1630846,1610612760,partial,1,1
2022-23,1631093,1610612765,full_core,0,0
2022-23,1631094,1610612753,full_core,0,0
2022-23,1631095,1610612745,full_core,0,0
2022-23,1631097,1610612754,full_core,0,0
2022-23,1631098,1610612764,full_core,0,0
2022-23,1631099,1610612758,full_core,0,0
2022-23,1631100,1610612737,full_core,0,0
2022-23,1631101,1610612757,full_core,0,0
2022-23,1631102,1610612745,full_core,0,0
2022-23,1631103,1610612759,full_core,0,0
2022-23,1631104,1610612759,full_core,0,0
2022-23,1631105,1610612765,full_core,0,0
2022-23,1631106,1610612745,full_core,0,0
2022-23,1631107,1610612748,full_core,0,0
2022-23,1631108,1610612747,full_core,0,0
2022-23,1631109,1610612766,full_core,0,0
2022-23,1631110,1610612759,full_core,0,0
2022-23,1631111,1610612750,full_core,0,0
2022-23,1631112,1610612754,full_core,0,0
2022-23,1631113,1610612763,partial,1,1
2022-23,1631114,1610612760,full_core,0,0
2022-23,1631115,1610612748,partial,2,1
2022-23,1631116,1610612744,full_core,0,0
2022-23,1631117,1610612762,full_core,0,0
2022-23,1631119,1610612760,full_core,0,0
2022-23,1631120,1610612738,full_core,0,0
2022-23,1631121,1610612766,partial,0,0
2022-23,1631123,1610612748,partial,1,1
2022-23,1631123,1610612764,partial,1,1
2022-23,1631128,1610612743,full_core,0,0
2022-23,1631132,1610612761,full_core,0,0
2022-23,1631133,1610612757,full_core,0,0
2022-23,1631157,1610612744,full_core,0,0
2022-23,1631160,1610612759,partial,2,1
2022-23,1631165,1610612758,full_core,0,0
2022-23,1631169,1610612750,full_core,0,0
2022-23,1631172,1610612760,full_core,0,0
2022-23,1631197,1610612765,partial,1,1
2022-23,1631199,1610612761,full_core,0,0
2022-23,1631205,1610612765,full_core,0,0
2022-23,1631207,1610612741,full_core,0,0
2022-23,1631211,1610612752,partial,2,1
2022-23,1631212,1610612743,full_core,0,0
2022-23,1631213,1610612737,full_core,0,0
2022-23,1631214,1610612751,partial,1,1
2022-23,1631216,1610612753,full_core,0,0
2022-23,1631217,1610612746,full_core,0,0
2022-23,1631219,1610612757,partial,1,1
2022-23,1631220,1610612740,partial,2,1
2022-23,1631222,1610612763,full_core,0,0
2022-23,1631223,1610612763,full_core,0,0
2022-23,1631230,1610612759,full_core,0,0
2022-23,1631245,1610612764,partial,1,1
2022-23,1631246,1610612763,full_core,0,0
2022-23,1631254,1610612763,partial,0,0
2022-23,1631260,1610612749,full_core,0,0
2022-23,1631288,1610612748,full_core,0,0
2022-23,1631298,1610612743,full_core,0,0
2022-23,1631303,1610612757,partial,1,1
2022-23,1631306,1610612747,full_core,0,0
2022-23,1631309,1610612745,full_core,0,0
2022-23,1631311,1610612744,partial,2,1
2022-23,1631320,1610612758,partial,1,1
2022-23,1631323,1610612762,full_core,0,0
2022-23,1631367,1610612763,partial,1,1
2022-23,1631466,1610612757,partial,1,1
2022-23,1631495,1610612737,partial,1,1
2022-23,1641645,1610612764,partial,1,1
2022-23,200752,1610612762,full_core,0,0
2022-23,200768,1610612748,full_core,0,0
2022-23,200782,1610612755,full_core,0,0
2022-23,201142,1610612751,partial,1,1
2022-23,201142,1610612756,partial,1,1
2022-23,201143,1610612738,full_core,0,0
2022-23,201144,1610612750,partial,1,1
2022-23,201144,1610612762,partial,1,1
2022-23,201145,1610612743,full_core,0,0
2022-23,201152,1610612761,full_core,0,0
2022-23,201565,1610612752,full_core,0,0
2022-23,201566,1610612746,partial,1,1
2022-23,201566,1610612747,partial,1,1
2022-23,201567,1610612739,partial,1,1
2022-23,201567,1610612748,partial,1,1
2022-23,201569,1610612745,partial,1,1
2022-23,201569,1610612746,partial,1,1
2022-23,201572,1610612749,full_core,0,0
2022-23,201577,1610612739,full_core,0,0
2022-23,201580,1610612742,full_core,0,0
2022-23,201586,1610612749,partial,1,1
2022-23,201587,1610612746,full_core,0,0
2022-23,201588,1610612749,partial,1,1
2022-23,201588,1610612754,partial,1,1
2022-23,201599,1610612743,full_core,0,0
2022-23,201609,1610612741,partial,1,1
2022-23,201609,1610612749,partial,1,1
2022-23,201933,1610612738,full_core,0,0
2022-23,201935,1610612755,full_core,0,0
2022-23,201937,1610612739,full_core,0,0
2022-23,201939,1610612744,full_core,0,0
2022-23,201942,1610612741,full_core,0,0
2022-23,201949,1610612754,partial,2,1
2022-23,201950,1610612749,full_core,0,0
2022-23,201959,1610612764,full_core,0,0
2022-23,201976,1610612741,partial,1,1
2022-23,201976,1610612747,partial,1,1
2022-23,201980,1610612739,partial,1,1
2022-23,201980,1610612763,partial,1,1
2022-23,201988,1610612751,full_core,0,0
2022-23,202066,1610612740,full_core,0,0
2022-23,202083,1610612749,full_core,0,0
2022-23,202322,1610612746,partial,1,1
2022-23,202330,1610612766,full_core,0,0
2022-23,202331,1610612746,full_core,0,0
2022-23,202397,1610612743,full_core,0,0
2022-23,202681,1610612742,partial,1,1
2022-23,202681,1610612751,partial,1,1
2022-23,202685,1610612740,full_core,0,0
2022-23,202687,1610612756,full_core,0,0
2022-23,202689,1610612742,partial,1,1
2022-23,202691,1610612744,full_core,0,0
2022-23,202692,1610612765,full_core,0,0
2022-23,202693,1610612742,partial,1,1
2022-23,202693,1610612751,partial,1,1
2022-23,202694,1610612746,full_core,0,0
2022-23,202695,1610612746,full_core,0,0
2022-23,202696,1610612741,full_core,0,0
2022-23,202699,1610612755,full_core,0,0
2022-23,202704,1610612743,partial,1,1
2022-23,202704,1610612746,partial,1,1
2022-23,202709,1610612765,full_core,0,0
2022-23,202710,1610612748,full_core,0,0
2022-23,202711,1610612765,full_core,0,0
2022-23,202722,1610612742,full_core,0,0
2022-23,203076,1610612747,full_core,0,0
2022-23,203078,1610612764,full_core,0,0
2022-23,203081,1610612757,full_core,0,0
2022-23,203082,1610612753,partial,1,1
2022-23,203082,1610612756,partial,1,1
2022-23,203083,1610612741,full_core,0,0
2022-23,203084,1610612758,full_core,0,0
2022-23,203085,1610612750,full_core,0,0
2022-23,203086,1610612749,partial,1,1
2022-23,203095,1610612752,full_core,0,0
2022-23,203109,1610612749,partial,1,1
2022-23,203110,1610612744,full_core,0,0
2022-23,203114,1610612749,full_core,0,0
2022-23,203115,1610612761,partial,1,1
2022-23,203115,1610612764,partial,1,1
2022-23,203200,1610612737,partial,1,1
2022-23,203200,1610612742,partial,1,1
2022-23,203210,1610612744,full_core,0,0
2022-23,203457,1610612751,partial,1,1
2022-23,203457,1610612765,partial,1,1
2022-23,203458,1610612758,full_core,0,0
2022-23,203468,1610612740,full_core,0,0
2022-23,203469,1610612748,partial,1,1
2022-23,203471,1610612747,full_core,0,0
2022-23,203473,1610612748,partial,1,1
2022-23,203473,1610612755,partial,1,1
2022-23,203476,1610612759,partial,4,1
2022-23,203482,1610612762,full_core,0,0
2022-23,203484,1610612743,full_core,0,0
2022-23,203486,1610612746,partial,1,1
2022-23,203486,1610612766,partial,1,1
2022-23,203487,1610612753,partial,1,1
2022-23,203488,1610612738,partial,1,1
2022-23,203488,1610612760,partial,1,1
2022-23,203490,1610612761,full_core,0,0
2022-23,203493,1610612742,full_core,0,0
2022-23,203496,1610612746,full_core,0,0
2022-23,203497,1610612750,full_core,0,0
2022-23,203500,1610612763,full_core,0,0
2022-23,203501,1610612742,full_core,0,0
2022-23,203506,1610612748,full_core,0,0
2022-23,203507,1610612749,full_core,0,0
2022-23,203521,1610612758,full_core,0,0
2022-23,203526,1610612739,full_core,0,0
2022-23,203552,1610612751,full_core,0,0
2022-23,203585,1610612765,full_core,0,0
2022-23,203648,1610612749,full_core,0,0
2022-23,203897,1610612741,full_core,0,0
2022-23,203903,1610612762,full_core,0,0
2022-23,203914,1610612753,full_core,0,0
2022-23,203915,1610612742,partial,1,1
2022-23,203915,1610612751,partial,1,1
2022-23,203920,1610612761,partial,1,1
2022-23,203924,1610612757,full_core,0,0
2022-23,203925,1610612751,full_core,0,0
2022-23,203926,1610612759,full_core,0,0
2022-23,203932,1610612743,full_core,0,0
2022-23,203933,1610612751,partial,1,1
2022-23,203933,1610612756,partial,1,1
2022-23,203935,1610612738,full_core,0,0
2022-23,203937,1610612750,full_core,0,0
2022-23,203939,1610612742,full_core,0,0
2022-23,203943,1610612738,partial,1,1
2022-23,203944,1610612752,full_core,0,0
2022-23,203952,1610612744,full_core,0,0
2022-23,203954,1610612755,full_core,0,0
2022-23,203967,1610612756,partial,1,1
2022-23,203967,1610612760,partial,1,1
2022-23,203991,1610612737,full_core,0,0
2022-23,203992,1610612737,full_core,0,0
2022-23,203994,1610612757,full_core,0,0
2022-23,203999,1610612743,full_core,0,0
2022-23,204001,1610612764,full_core,0,0
2022-23,204060,1610612749,full_core,0,0
2022-23,204456,1610612754,full_core,0,0
2022-23,2544,1610612747,full_core,0,0
2022-23,2617,1610612748,full_core,0,0
2022-23,2738,1610612744,full_core,0,0
2023-24,101108,1610612744,full_core,0,0
2023-24,1626145,1610612764,full_core,0,0
2023-24,1626153,1610612748,partial,1,1
2023-24,1626153,1610612764,partial,1,1
2023-24,1626156,1610612747,full_core,0,0
2023-24,1626157,1610612750,full_core,0,0
2023-24,1626158,1610612742,partial,1,1
2023-24,1626158,1610612764,partial,1,1
2023-24,1626162,1610612755,full_core,0,0
2023-24,1626164,1610612756,full_core,0,0
2023-24,1626166,1610612749,partial,1,1
2023-24,1626166,1610612755,partial,1,1
2023-24,1626167,1610612754,full_core,0,0
2023-24,1626168,1610612758,full_core,0,0
2023-24,1626171,1610612749,full_core,0,0
2023-24,1626172,1610612744,full_core,0,0
2023-24,1626174,1610612747,full_core,0,0
2023-24,1626179,1610612748,partial,1,1
2023-24,1626179,1610612766,partial,1,1
2023-24,1626181,1610612746,full_core,0,0
2023-24,1626192,1610612749,full_core,0,0
2023-24,1626196,1610612748,full_core,0,0
2023-24,1626204,1610612740,full_core,0,0
2023-24,1626220,1610612751,partial,1,1
2023-24,1626220,1610612756,partial,1,1
2023-24,1626224,1610612759,full_core,0,0
2023-24,1626246,1610612745,full_core,0,0
2023-24,1627732,1610612751,full_core,0,0
2023-24,1627734,1610612758,full_core,0,0
2023-24,1627736,1610612749,full_core,0,0
2023-24,1627739,1610612762,full_core,0,0
2023-24,1627741,1610612754,partial,1,1
2023-24,1627741,1610612755,partial,1,1
2023-24,1627742,1610612740,full_core,0,0
2023-24,1627745,1610612739,full_core,0,0
2023-24,1627747,1610612739,full_core,0,0
2023-24,1627749,1610612737,full_core,0,0
2023-24,1627750,1610612743,full_core,0,0
2023-24,1627751,1610612761,full_core,0,0
2023-24,1627752,1610612747,full_core,0,0
2023-24,1627759,1610612738,full_core,0,0
2023-24,1627763,1610612757,full_core,0,0
2023-24,1627777,1610612739,full_core,0,0
2023-24,1627780,1610612744,full_core,0,0
2023-24,1627783,1610612754,partial,1,1
2023-24,1627783,1610612761,partial,1,1
2023-24,1627788,1610612755,partial,1,1
2023-24,1627826,1610612746,full_core,0,0
2023-24,1627827,1610612751,full_core,0,0
2023-24,1627832,1610612745,full_core,0,0
2023-24,1627853,1610612752,partial,1,1
2023-24,1627863,1610612755,partial,1,1
2023-24,1627884,1610612742,full_core,0,0
2023-24,1627885,1610612763,partial,1,1
2023-24,1627936,1610612741,full_core,0,0
2023-24,1628365,1610612753,full_core,0,0
2023-24,1628368,1610612758,full_core,0,0
2023-24,1628369,1610612738,full_core,0,0
2023-24,1628370,1610612758,full_core,0,0
2023-24,1628371,1610612753,full_core,0,0
2023-24,1628372,1610612751,full_core,0,0
2023-24,1628373,1610612766,partial,1,1
2023-24,1628374,1610612762,full_core,0,0
2023-24,1628378,1610612739,full_core,0,0
2023-24,1628379,1610612763,full_core,0,0
2023-24,1628380,1610612759,full_core,0,0
2023-24,1628381,1610612762,full_core,0,0
2023-24,1628382,1610612750,partial,1,1
2023-24,1628384,1610612752,partial,1,1
2023-24,1628384,1610612761,partial,1,1
2023-24,1628385,1610612747,partial,1,1
2023-24,1628385,1610612751,partial,1,1
2023-24,1628386,1610612739,full_core,0,0
2023-24,1628389,1610612748,full_core,0,0
2023-24,1628391,1610612755,partial,1,1
2023-24,1628392,1610612752,full_core,0,0
2023-24,1628398,1610612764,full_core,0,0
2023-24,1628401,1610612738,full_core,0,0
2023-24,1628404,1610612752,full_core,0,0
2023-24,1628415,1610612745,full_core,0,0
2023-24,1628418,1610612748,full_core,0,0
2023-24,1628420,1610612750,partial,1,1
2023-24,1628420,1610612765,partial,1,1
2023-24,1628424,1610612761,partial,1,1
2023-24,1628426,1610612758,full_core,0,0
2023-24,1628436,1610612738,full_core,0,0
2023-24,1628449,1610612761,full_core,0,0
2023-24,1628464,1610612746,partial,1,1
2023-24,1628464,1610612754,partial,1,1
2023-24,1628467,1610612742,full_core,0,0
2023-24,1628470,1610612741,full_core,0,0
2023-24,1628960,1610612756,full_core,0,0
2023-24,1628962,1610612756,full_core,0,0
2023-24,1628963,1610612764,partial,1,1
2023-24,1628963,1610612765,partial,1,1
2023-24,1628964,1610612755,full_core,0,0
2023-24,1628966,1610612751,partial,1,1
2023-24,1628966,1610612756,partial,1,1
2023-24,1628969,1610612751,full_core,0,0
2023-24,1628970,1610612766,full_core,0,0
2023-24,1628971,1610612754,partial,1,1
2023-24,1628971,1610612761,partial,1,1
2023-24,1628972,1610612750,partial,1,1
2023-24,1628972,1610612765,partial,1,1
2023-24,1628973,1610612752,full_core,0,0
2023-24,1628975,1610612741,full_core,0,0
2023-24,1628976,1610612753,full_core,0,0
2023-24,1628977,1610612764,partial,1,1
2023-24,1628978,1610612752,full_core,0,0
2023-24,1628981,1610612737,full_core,0,0
2023-24,1628983,1610612760,full_core,0,0
2023-24,1628984,1610612759,full_core,0,0
2023-24,1628988,1610612745,full_core,0,0
2023-24,1628989,1610612758,full_core,0,0
2023-24,1628991,1610612763,full_core,0,0
2023-24,1628995,1610612765,partial,1,1
2023-24,1628997,1610612748,full_core,0,0
2023-24,1628998,1610612766,full_core,0,0
2023-24,1629001,1610612755,full_core,0,0
2023-24,1629002,1610612756,partial,1,1
2023-24,1629002,1610612765,partial,1,1
2023-24,1629003,1610612750,partial,1,1
2023-24,1629003,1610612752,partial,1,1
2023-24,1629003,1610612765,partial,1,1
2023-24,1629004,1610612738,full_core,0,0
2023-24,1629006,1610612756,full_core,0,0
2023-24,1629007,1610612761,partial,1,1
2023-24,1629008,1610612743,full_core,0,0
2023-24,1629010,1610612744,full_core,0,0
2023-24,1629011,1610612752,full_core,0,0
2023-24,1629012,1610612762,full_core,0,0
2023-24,1629013,1610612764,full_core,0,0
2023-24,1629014,1610612757,full_core,0,0
2023-24,1629018,1610612761,full_core,0,0
2023-24,1629020,1610612747,full_core,0,0
2023-24,1629021,1610612753,full_core,0,0
2023-24,1629022,1610612751,full_core,0,0
2023-24,1629023,1610612742,partial,1,1
2023-24,1629023,1610612766,partial,1,1
2023-24,1629026,1610612760,full_core,0,0
2023-24,1629027,1610612737,full_core,0,0
2023-24,1629028,1610612757,full_core,0,0
2023-24,1629029,1610612742,full_core,0,0
2023-24,1629048,1610612753,full_core,0,0
2023-24,1629052,1610612738,full_core,0,0
2023-24,1629057,1610612757,full_core,0,0
2023-24,1629060,1610612747,full_core,0,0
2023-24,1629111,1610612745,full_core,0,0
2023-24,1629117,1610612763,partial,1,1
2023-24,1629130,1610612748,full_core,0,0
2023-24,1629139,1610612756,partial,1,1
2023-24,1629139,1610612763,partial,1,1
2023-24,1629162,1610612750,full_core,0,0
2023-24,1629216,1610612747,full_core,0,0
2023-24,1629232,1610612740,partial,1,1
2023-24,1629234,1610612756,full_core,0,0
2023-24,1629308,1610612758,partial,2,1
2023-24,1629312,1610612748,full_core,0,0
2023-24,1629599,1610612746,full_core,0,0
2023-24,1629603,1610612752,partial,2,1
2023-24,1629603,1610612759,partial,1,1
2023-24,1629610,1610612752,partial,4,1
2023-24,1629611,1610612746,full_core,0,0
2023-24,1629614,1610612754,full_core,0,0
2023-24,1629618,1610612743,full_core,0,0
2023-24,1629622,1610612739,full_core,0,0
2023-24,1629623,1610612749,partial,1,1
2023-24,1629626,1610612756,full_core,0,0
2023-24,1629627,1610612740,full_core,0,0
2023-24,1629628,1610612752,partial,1,1
2023-24,1629628,1610612761,partial,1,1
2023-24,1629629,1610612747,full_core,0,0
2023-24,1629630,1610612763,full_core,0,0
2023-24,1629631,1610612737,full_core,0,0
2023-24,1629632,1610612741,full_core,0,0
2023-24,1629634,1610612763,full_core,0,0
2023-24,1629636,1610612739,full_core,0,0
2023-24,1629637,1610612747,full_core,0,0
2023-24,1629638,1610612750,full_core,0,0
2023-24,1629639,1610612748,full_core,0,0
2023-24,1629640,1610612759,full_core,0,0
2023-24,1629642,1610612756,full_core,0,0
2023-24,1629643,1610612753,full_core,0,0
2023-24,1629646,1610612759,full_core,0,0
2023-24,1629647,1610612755,partial,1,1
2023-24,1629647,1610612762,partial,1,1
2023-24,1629650,1610612757,full_core,0,0
2023-24,1629651,1610612751,full_core,0,0
2023-24,1629652,1610612760,full_core,0,0
2023-24,1629655,1610612742,partial,1,1
2023-24,1629655,1610612764,partial,1,1
2023-24,1629656,1610612752,partial,1,1
2023-24,1629656,1610612765,partial,1,1
2023-24,1629659,1610612762,full_core,0,0
2023-24,1629660,1610612739,full_core,0,0
2023-24,1629661,1610612751,full_core,0,0
2023-24,1629667,1610612761,full_core,0,0
2023-24,1629669,1610612763,partial,1,1
2023-24,1629669,1610612765,partial,1,1
2023-24,1629670,1610612754,partial,1,1
2023-24,1629670,1610612761,partial,1,1
2023-24,1629673,1610612764,full_core,0,0
2023-24,1629674,1610612738,partial,0,0
2023-24,1629675,1610612750,full_core,0,0
2023-24,1629677,1610612762,full_core,0,0
2023-24,1629678,1610612753,full_core,0,0
2023-24,1629680,1610612757,full_core,0,0
2023-24,1629684,1610612742,partial,1,1
2023-24,1629684,1610612766,partial,1,1
2023-24,1629685,1610612737,partial,1,1
2023-24,1629685,1610612747,partial,1,1
2023-24,1629685,1610612752,partial,1,1
2023-24,1629716,1610612749,partial,1,1
2023-24,1629716,1610612766,partial,2,1
2023-24,1629717,1610612751,partial,1,1
2023-24,1629718,1610612752,full_core,0,0
2023-24,1629723,1610612763,full_core,0,0
2023-24,1629726,1610612737,full_core,0,0
2023-24,1629731,1610612739,full_core,0,0
2023-24,1629750,1610612741,partial,2,1
2023-24,1629875,1610612746,partial,1,1
2023-24,1630162,1610612750,full_core,0,0
2023-24,1630163,1610612766,full_core,0,0
2023-24,1630164,1610612765,full_core,0,0
2023-24,1630165,1610612765,partial,1,1
2023-24,1630166,1610612764,full_core,0,0
2023-24,1630167,1610612754,full_core,0,0
2023-24,1630168,1610612737,full_core,0,0
2023-24,1630169,1610612754,full_core,0,0
2023-24,1630170,1610612759,full_core,0,0
2023-24,1630171,1610612739,full_core,0,0
2023-24,1630172,1610612741,full_core,0,0
2023-24,1630173,1610612752,partial,1,1
2023-24,1630173,1610612761,partial,1,1
2023-24,1630174,1610612754,full_core,0,0
2023-24,1630175,1610612753,full_core,0,0
2023-24,1630177,1610612756,partial,1,1
2023-24,1630177,1610612766,partial,1,1
2023-24,1630178,1610612755,full_core,0,0
2023-24,1630180,1610612737,full_core,0,0
2023-24,1630181,1610612748,partial,1,1
2023-24,1630182,1610612742,full_core,0,0
2023-24,1630183,1610612750,full_core,0,0
2023-24,1630184,1610612740,partial,1,1
2023-24,1630184,1610612761,partial,1,1
2023-24,1630184,1610612762,partial,1,1
2023-24,1630186,1610612761,partial,1,1
2023-24,1630188,1610612754,full_core,0,0
2023-24,1630191,1610612765,full_core,0,0
2023-24,1630192,1610612743,full_core,0,0
2023-24,1630193,1610612752,partial,1,1
2023-24,1630193,1610612761,partial,1,1
2023-24,1630194,1610612755,full_core,0,0
2023-24,1630196,1610612755,partial,1,1
2023-24,1630196,1610612758,partial,1,1
2023-24,1630197,1610612760,partial,1,1
2023-24,1630197,1610612766,partial,1,1
2023-24,1630198,1610612760,full_core,0,0
2023-24,1630200,1610612759,full_core,0,0
2023-24,1630201,1610612752,partial,1,1
2023-24,1630201,1610612761,partial,1,1
2023-24,1630201,1610612765,partial,1,1
2023-24,1630202,1610612738,full_core,0,0
2023-24,1630204,1610612757,partial,2,1
2023-24,1630205,1610612738,partial,1,1
2023-24,1630205,1610612763,partial,1,1
2023-24,1630207,1610612745,full_core,0,0
2023-24,1630208,1610612766,full_core,0,0
2023-24,1630209,1610612762,full_core,0,0
2023-24,1630214,1610612738,partial,1,1
2023-24,1630214,1610612763,partial,1,1
2023-24,1630215,1610612764,partial,0,0
2023-24,1630217,1610612763,full_core,0,0
2023-24,1630219,1610612747,partial,1,1
2023-24,1630219,1610612757,partial,1,1
2023-24,1630222,1610612758,partial,1,1
2023-24,1630224,1610612745,full_core,0,0
2023-24,1630227,1610612750,full_core,0,0
2023-24,1630228,1610612744,full_core,0,0
2023-24,1630230,1610612740,full_core,0,0
2023-24,1630231,1610612746,partial,1,1
2023-24,1630231,1610612755,partial,1,1
2023-24,1630235,1610612737,full_core,0,0
2023-24,1630240,1610612756,full_core,0,0
2023-24,1630241,1610612739,full_core,0,0
2023-24,1630243,1610612753,full_core,0,0
2023-24,1630245,1610612741,full_core,0,0
2023-24,1630249,1610612737,partial,1,1
2023-24,1630256,1610612745,full_core,0,0
2023-24,1630259,1610612758,full_core,0,0
2023-24,1630264,1610612764,full_core,0,0
2023-24,1630284,1610612753,full_core,0,0
2023-24,1630285,1610612763,partial,1,1
2023-24,1630288,1610612755,partial,1,1
2023-24,1630296,1610612743,full_core,0,0
2023-24,1630311,1610612744,partial,1,1
2023-24,1630314,1610612742,partial,1,1
2023-24,1630322,1610612760,partial,0,0
2023-24,1630346,1610612740,partial,0,0
2023-24,1630526,1610612740,partial,1,1
2023-24,1630527,1610612746,full_core,0,0
2023-24,1630529,1610612740,full_core,0,0
2023-24,1630530,1610612740,full_core,0,0
2023-24,1630531,1610612738,partial,1,1
2023-24,1630531,1610612755,partial,1,1
2023-24,1630532,1610612753,full_core,0,0
2023-24,1630533,1610612763,full_core,0,0
2023-24,1630534,1610612761,partial,1,1
2023-24,1630534,1610612762,partial,1,1
2023-24,1630535,1610612742,full_core,0,0
2023-24,1630537,1610612758,full_core,0,0
2023-24,1630538,1610612746,full_core,0,0
2023-24,1630540,1610612752,full_core,0,0
2023-24,1630541,1610612744,full_core,0,0
2023-24,1630543,1610612754,full_core,0,0
2023-24,1630544,1610612760,partial,1,1
2023-24,1630544,1610612766,partial,1,1
2023-24,1630547,1610612766,partial,1,1
2023-24,1630548,1610612762,full_core,0,0
2023-24,1630549,1610612751,full_core,0,0
2023-24,1630550,1610612766,full_core,0,0
2023-24,1630551,1610612764,partial,1,1
2023-24,1630552,1610612737,full_core,0,0
2023-24,1630553,1610612751,partial,1,1
2023-24,1630554,1610612762,partial,1,1
2023-24,1630556,1610612758,full_core,0,0
2023-24,1630557,1610612764,full_core,0,0
2023-24,1630558,1610612758,full_core,0,0
2023-24,1630559,1610612747,full_core,0,0
2023-24,1630560,1610612751,full_core,0,0
2023-24,1630561,1610612759,partial,1,1
2023-24,1630562,1610612763,partial,2,1
2023-24,1630563,1610612746,partial,1,1
2023-24,1630564,1610612759,partial,1,1
2023-24,1630567,1610612761,full_core,0,0
2023-24,1630568,1610612750,full_core,0,0
2023-24,1630570,1610612751,full_core,0,0
2023-24,1630572,1610612759,full_core,0,0
2023-24,1630573,1610612738,full_core,0,0
2023-24,1630577,1610612759,full_core,0,0
2023-24,1630578,1610612745,full_core,0,0
2023-24,1630579,1610612752,full_core,0,0
2023-24,1630581,1610612760,full_core,0,0
2023-24,1630583,1610612763,full_core,0,0
2023-24,1630586,1610612744,full_core,0,0
2023-24,1630587,1610612765,partial,1,1
2023-24,1630590,1610612763,partial,1,1
2023-24,1630591,1610612753,full_core,0,0
2023-24,1630592,1610612751,partial,0,0
2023-24,1630595,1610612765,full_core,0,0
2023-24,1630596,1610612739,full_core,0,0
2023-24,1630598,1610612760,full_core,0,0
2023-24,1630600,1610612739,full_core,0,0
2023-24,1630604,1610612740,full_core,0,0
2023-24,1630606,1610612755,partial,1,1
2023-24,1630608,1610612765,partial,1,1
2023-24,1630610,1610612763,partial,1,1
2023-24,1630611,1610612744,partial,0,0
2023-24,1630618,1610612761,partial,1,1
2023-24,1630622,1610612740,partial,1,1
2023-24,1630625,1610612738,partial,1,1
2023-24,1630625,1610612757,partial,1,1
2023-24,1630631,1610612740,full_core,0,0
2023-24,1630639,1610612742,partial,0,0
2023-24,1630641,1610612757,partial,1,1
2023-24,1630643,1610612743,full_core,0,0
2023-24,1630647,1610612764,partial,0,0
2023-24,1630649,1610612765,partial,0,0
2023-24,1630658,1610612747,full_core,0,0
2023-24,1630678,1610612741,partial,1,1
2023-24,1630688,1610612756,partial,1,1
2023-24,1630688,1610612757,partial,1,1
2023-24,1630692,1610612756,partial,1,1
2023-24,1630692,1610612763,partial,1,1
2023-24,1630695,1610612762,full_core,0,0
2023-24,1630696,1610612748,partial,1,1
2023-24,1630699,1610612749,full_core,0,0
2023-24,1630700,1610612740,full_core,0,0
2023-24,1630702,1610612742,full_core,0,0
2023-24,1630703,1610612757,full_core,0,0
2023-24,1630846,1610612760,full_core,0,0
2023-24,1630929,1610612741,partial,1,1
2023-24,1631093,1610612765,full_core,0,0
2023-24,1631094,1610612753,full_core,0,0
2023-24,1631095,1610612745,full_core,0,0
2023-24,1631096,1610612760,full_core,0,0
2023-24,1631097,1610612754,full_core,0,0
2023-24,1631098,1610612764,full_core,0,0
2023-24,1631099,1610612758,full_core,0,0
2023-24,1631100,1610612737,full_core,0,0
2023-24,1631101,1610612757,full_core,0,0
2023-24,1631102,1610612749,full_core,0,0
2023-24,1631103,1610612759,full_core,0,0
2023-24,1631104,1610612759,full_core,0,0
2023-24,1631105,1610612765,full_core,0,0
2023-24,1631106,1610612745,full_core,0,0
2023-24,1631107,1610612748,full_core,0,0
2023-24,1631108,1610612747,full_core,0,0
2023-24,1631109,1610612766,full_core,0,0
2023-24,1631110,1610612759,full_core,0,0
2023-24,1631111,1610612750,full_core,0,0
2023-24,1631112,1610612754,partial,0,0
2023-24,1631114,1610612760,full_core,0,0
2023-24,1631115,1610612748,full_core,0,0
2023-24,1631116,1610612764,full_core,0,0
2023-24,1631117,1610612762,full_core,0,0
2023-24,1631119,1610612760,full_core,0,0
2023-24,1631120,1610612738,full_core,0,0
2023-24,1631121,1610612766,full_core,0,0
2023-24,1631123,1610612757,partial,1,1
2023-24,1631123,1610612759,partial,1,1
2023-24,1631124,1610612743,full_core,0,0
2023-24,1631128,1610612743,full_core,0,0
2023-24,1631131,1610612754,full_core,0,0
2023-24,1631133,1610612757,full_core,0,0
2023-24,1631157,1610612749,partial,1,1
2023-24,1631157,1610612764,partial,1,1
2023-24,1631159,1610612750,full_core,0,0
2023-24,1631165,1610612758,partial,0,0
2023-24,1631167,1610612740,partial,1,1
2023-24,1631169,1610612750,full_core,0,0
2023-24,1631170,1610612748,full_core,0,0
2023-24,1631172,1610612760,full_core,0,0
2023-24,1631173,1610612755,full_core,0,0
2023-24,1631197,1610612765,full_core,0,0
2023-24,1631199,1610612761,partial,1,1
2023-24,1631200,1610612757,full_core,0,0
2023-24,1631204,1610612765,full_core,0,0
2023-24,1631205,1610612765,partial,1,1
2023-24,1631207,1610612741,full_core,0,0
2023-24,1631209,1610612754,full_core,0,0
2023-24,1631210,1610612752,partial,2,1
2023-24,1631212,1610612743,full_core,0,0
2023-24,1631214,1610612748,partial,1,1
2023-24,1631216,1610612753,full_core,0,0
2023-24,1631217,1610612746,full_core,0,0
2023-24,1631218,1610612744,full_core,0,0
2023-24,1631220,1610612740,full_core,0,0
2023-24,1631221,1610612743,full_core,0,0
2023-24,1631222,1610612763,full_core,0,0
2023-24,1631223,1610612756,partial,1,1
2023-24,1631223,1610612763,partial,1,1
2023-24,1631230,1610612759,full_core,0,0
2023-24,1631241,1610612761,partial,0,0
2023-24,1631243,1610612737,full_core,0,0
2023-24,1631245,1610612754,partial,1,1
2023-24,1631246,1610612763,partial,0,0
2023-24,1631250,1610612739,partial,2,1
2023-24,1631254,1610612755,partial,1,1
2023-24,1631254,1610612762,partial,1,1
2023-24,1631254,1610612763,partial,1,1
2023-24,1631257,1610612745,full_core,0,0
2023-24,1631260,1610612749,full_core,0,0
2023-24,1631262,1610612764,partial,1,1
2023-24,1631288,1610612748,full_core,0,0
2023-24,1631298,1610612763,partial,1,1
2023-24,1631303,1610612757,full_core,0,0
2023-24,1631306,1610612748,full_core,0,0
2023-24,1631311,1610612744,full_core,0,0
2023-24,1631321,1610612759,full_core,0,0
2023-24,1631323,1610612762,partial,1,1
2023-24,1631323,1610612765,partial,1,1
2023-24,1631338,1610612761,partial,2,1
2023-24,1631367,1610612751,partial,1,1
2023-24,1631367,1610612763,partial,1,1
2023-24,1631376,1610612752,partial,1,1
2023-24,1631386,1610612757,partial,2,1
2023-24,1631466,1610612745,full_core,0,0
2023-24,1641705,1610612759,full_core,0,0
2023-24,1641706,1610612766,full_core,0,0
2023-24,1641707,1610612762,full_core,0,0
2023-24,1641708,1610612745,full_core,0,0
2023-24,1641709,1610612765,full_core,0,0
2023-24,1641710,1610612753,full_core,0,0
2023-24,1641711,1610612761,full_core,0,0
2023-24,1641712,1610612757,full_core,0,0
2023-24,1641713,1610612763,partial,0,0
2023-24,1641715,1610612745,full_core,0,0
2023-24,1641716,1610612754,full_core,0,0
2023-24,1641717,1610612760,full_core,0,0
2023-24,1641718,1610612762,full_core,0,0
2023-24,1641720,1610612747,full_core,0,0
2023-24,1641721,1610612747,full_core,0,0
2023-24,1641722,1610612740,full_core,0,0
2023-24,1641723,1610612737,full_core,0,0
2023-24,1641724,1610612753,full_core,0,0
2023-24,1641726,1610612742,full_core,0,0
2023-24,1641727,1610612751,full_core,0,0
2023-24,1641729,1610612762,full_core,0,0
2023-24,1641730,1610612751,full_core,0,0
2023-24,1641731,1610612764,full_core,0,0
2023-24,1641732,1610612758,full_core,0,0
2023-24,1641733,1610612766,full_core,0,0
2023-24,1641734,1610612739,full_core,0,0
2023-24,1641735,1610612766,full_core,0,0
2023-24,1641738,1610612746,full_core,0,0
2023-24,1641739,1610612757,full_core,0,0
2023-24,1641741,1610612755,full_core,0,0
2023-24,1641745,1610612760,partial,1,1
2023-24,1641748,1610612749,full_core,0,0
2023-24,1641749,1610612760,full_core,0,0
2023-24,1641753,1610612749,full_core,0,0
2023-24,1641754,1610612737,full_core,0,0
2023-24,1641757,1610612746,full_core,0,0
2023-24,1641763,1610612741,full_core,0,0
2023-24,1641764,1610612744,full_core,0,0
2023-24,1641765,1610612742,full_core,0,0
2023-24,1641766,1610612741,full_core,0,0
2023-24,1641767,1610612754,full_core,0,0
2023-24,1641771,1610612758,full_core,0,0
2023-24,1641774,1610612764,partial,0,0
2023-24,1641775,1610612738,full_core,0,0
2023-24,1641778,1610612766,full_core,0,0
2023-24,1641787,1610612763,partial,1,1
2023-24,1641787,1610612765,partial,1,1
2023-24,1641788,1610612742,partial,1,1
2023-24,1641788,1610612747,partial,1,1
2023-24,1641793,1610612747,partial,1,1
2023-24,1641806,1610612761,partial,1,1
2023-24,1641809,1610612738,partial,1,1
2023-24,1641816,1610612743,full_core,0,0
2023-24,1641847,1610612741,partial,1,1
2023-24,1641851,1610612763,partial,1,1
2023-24,1641854,1610612739,partial,0,0
2023-24,1641871,1610612757,partial,0,0
2023-24,1641877,1610612766,partial,1,1
2023-24,1641926,1610612742,partial,1,1
2023-24,1641931,1610612741,partial,0,0
2023-24,1641970,1610612763,partial,1,1
2023-24,1641998,1610612763,partial,1,1
2023-24,1641998,1610612764,partial,1,1
2023-24,1642013,1610612761,partial,1,1
2023-24,200768,1610612748,partial,1,1
2023-24,200768,1610612755,partial,1,1
2023-24,200782,1610612746,partial,1,1
2023-24,200782,1610612755,partial,1,1
2023-24,201142,1610612756,full_core,0,0
2023-24,201143,1610612738,full_core,0,0
2023-24,201144,1610612750,full_core,0,0
2023-24,201145,1610612745,full_core,0,0
2023-24,201152,1610612756,partial,1,1
2023-24,201152,1610612761,partial,1,1
2023-24,201565,1610612763,full_core,0,0
2023-24,201566,1610612746,full_core,0,0
2023-24,201567,1610612748,full_core,0,0
2023-24,201568,1610612749,partial,1,1
2023-24,201568,1610612764,partial,1,1
2023-24,201568,1610612765,partial,1,1
2023-24,201569,1610612756,full_core,0,0
2023-24,201572,1610612749,full_core,0,0
2023-24,201577,1610612749,partial,1,1
2023-24,201580,1610612758,full_core,0,0
2023-24,201587,1610612746,partial,1,1
2023-24,201587,1610612755,partial,1,1
2023-24,201599,1610612743,full_core,0,0
2023-24,201935,1610612746,partial,1,1
2023-24,201939,1610612744,full_core,0,0
2023-24,201942,1610612741,full_core,0,0
2023-24,201949,1610612754,partial,2,1
2023-24,201950,1610612738,full_core,0,0
2023-24,201959,1610612752,partial,3,1
2023-24,201959,1610612765,partial,1,1
2023-24,201976,1610612749,partial,1,1
2023-24,201976,1610612755,partial,1,1
2023-24,201980,1610612755,partial,1,1
2023-24,201988,1610612737,partial,1,1
2023-24,201988,1610612748,partial,1,1
2023-24,202066,1610612761,full_core,0,0
2023-24,202083,1610612737,full_core,0,0
2023-24,202330,1610612760,partial,1,1
2023-24,202330,1610612766,partial,1,1
2023-24,202331,1610612746,full_core,0,0
2023-24,202397,1610612766,partial,1,1
2023-24,202681,1610612742,full_core,0,0
2023-24,202684,1610612739,full_core,0,0
2023-24,202685,1610612740,full_core,0,0
2023-24,202687,1610612760,partial,1,1
2023-24,202687,1610612763,partial,1,1
2023-24,202691,1610612744,full_core,0,0
2023-24,202692,1610612752,partial,1,1
2023-24,202692,1610612765,partial,1,1
2023-24,202693,1610612742,full_core,0,0
2023-24,202694,1610612739,partial,2,1
2023-24,202694,1610612755,partial,1,1
2023-24,202695,1610612746,full_core,0,0
2023-24,202696,1610612741,full_core,0,0
2023-24,202699,1610612755,full_core,0,0
2023-24,202704,1610612743,full_core,0,0
2023-24,202709,1610612744,partial,1,1
2023-24,202710,1610612748,full_core,0,0
2023-24,202711,1610612752,partial,1,1
2023-24,202711,1610612765,partial,1,1
2023-24,202722,1610612760,partial,1,1
2023-24,202722,1610612766,partial,1,1
2023-24,202738,1610612756,partial,1,1
2023-24,203076,1610612747,full_core,0,0
2023-24,203078,1610612756,full_core,0,0
2023-24,203081,1610612749,full_core,0,0
2023-24,203083,1610612741,full_core,0,0
2023-24,203084,1610612758,full_core,0,0
2023-24,203095,1610612752,partial,1,1
2023-24,203095,1610612765,partial,1,1
2023-24,203109,1610612749,full_core,0,0
2023-24,203110,1610612744,full_core,0,0
2023-24,203114,1610612749,full_core,0,0
2023-24,203200,1610612743,full_core,0,0
2023-24,203458,1610612758,full_core,0,0
2023-24,203468,1610612740,full_core,0,0
2023-24,203469,1610612740,full_core,0,0
2023-24,203471,1610612751,partial,1,1
2023-24,203471,1610612761,partial,1,1
2023-24,203482,1610612761,partial,1,1
2023-24,203482,1610612762,partial,1,1
2023-24,203484,1610612743,full_core,0,0
2023-24,203486,1610612746,full_core,0,0
2023-24,203488,1610612760,partial,1,1
2023-24,203488,1610612764,partial,1,1
2023-24,203488,1610612765,partial,1,1
2023-24,203490,1610612761,partial,1,1
2023-24,203493,1610612745,full_core,0,0
2023-24,203496,1610612746,partial,1,1
2023-24,203496,1610612755,partial,1,1
2023-24,203497,1610612750,full_core,0,0
2023-24,203501,1610612742,full_core,0,0
2023-24,203507,1610612749,full_core,0,0
2023-24,203552,1610612742,partial,1,1
2023-24,203552,1610612766,partial,1,1
2023-24,203648,1610612749,full_core,0,0
2023-24,203897,1610612741,full_core,0,0
2023-24,203903,1610612762,full_core,0,0
2023-24,203914,1610612753,full_core,0,0
2023-24,203915,1610612747,partial,1,1
2023-24,203915,1610612751,partial,1,1
2023-24,203924,1610612757,full_core,0,0
2023-24,203925,1610612765,partial,1,1
2023-24,203926,1610612754,partial,1,1
2023-24,203926,1610612759,partial,1,1
2023-24,203932,1610612743,full_core,0,0
2023-24,203933,1610612750,partial,2,1
2023-24,203935,1610612763,full_core,0,0
2023-24,203937,1610612750,full_core,0,0
2023-24,203939,1610612742,full_core,0,0
2023-24,203944,1610612752,full_core,0,0
2023-24,203952,1610612744,full_core,0,0
2023-24,203954,1610612755,full_core,0,0
2023-24,203957,1610612742,full_core,0,0
2023-24,203967,1610612744,full_core,0,0
2023-24,203991,1610612737,full_core,0,0
2023-24,203992,1610612737,full_core,0,0
2023-24,203994,1610612756,full_core,0,0
2023-24,203995,1610612760,partial,1,1
2023-24,203995,1610612766,partial,1,1
2023-24,203999,1610612743,full_core,0,0
2023-24,204001,1610612738,full_core,0,0
2023-24,204060,1610612753,full_core,0,0
2023-24,204456,1610612754,full_core,0,0
2023-24,2544,1610612747,full_core,0,0
2024-25,101108,1610612759,full_core,0,0
2024-25,1626143,1610612754,partial,1,1
2024-25,1626145,1610612756,full_core,0,0
2024-25,1626153,1610612749,partial,1,1
2024-25,1626153,1610612752,partial,1,1
2024-25,1626156,1610612747,partial,1,1
2024-25,1626156,1610612751,partial,1,1
2024-25,1626157,1610612752,full_core,0,0
2024-25,1626158,1610612764,full_core,0,0
2024-25,1626162,1610612755,full_core,0,0
2024-25,1626164,1610612756,full_core,0,0
2024-25,1626166,1610612752,full_core,0,0
2024-25,1626167,1610612754,full_core,0,0
2024-25,1626168,1610612758,full_core,0,0
2024-25,1626171,1610612749,full_core,0,0
2024-25,1626172,1610612744,full_core,0,0
2024-25,1626179,1610612748,full_core,0,0
2024-25,1626181,1610612746,full_core,0,0
2024-25,1626192,1610612749,full_core,0,0
2024-25,1626196,1610612748,partial,1,1
2024-25,1626204,1610612737,full_core,0,0
2024-25,1626220,1610612756,full_core,0,0
2024-25,1627732,1610612746,partial,1,1
2024-25,1627732,1610612751,partial,1,1
2024-25,1627734,1610612758,full_core,0,0
2024-25,1627736,1610612765,full_core,0,0
2024-25,1627739,1610612746,full_core,0,0
2024-25,1627741,1610612744,full_core,0,0
2024-25,1627742,1610612740,partial,1,1
2024-25,1627746,1610612758,partial,1,1
2024-25,1627747,1610612737,partial,1,1
2024-25,1627747,1610612739,partial,1,1
2024-25,1627749,1610612740,full_core,0,0
2024-25,1627750,1610612743,full_core,0,0
2024-25,1627751,1610612761,full_core,0,0
2024-25,1627752,1610612749,full_core,0,0
2024-25,1627759,1610612738,full_core,0,0
2024-25,1627763,1610612764,full_core,0,0
2024-25,1627777,1610612737,partial,1,1
2024-25,1627777,1610612739,partial,1,1
2024-25,1627780,1610612744,full_core,0,0
2024-25,1627783,1610612754,full_core,0,0
2024-25,1627814,1610612756,full_core,0,0
2024-25,1627824,1610612755,full_core,0,0
2024-25,1627826,1610612746,full_core,0,0
2024-25,1627827,1610612747,partial,1,1
2024-25,1627827,1610612751,partial,1,1
2024-25,1627832,1610612745,full_core,0,0
2024-25,1627884,1610612746,full_core,0,0
2024-25,1627936,1610612760,full_core,0,0
2024-25,1628365,1610612758,partial,1,1
2024-25,1628366,1610612741,full_core,0,0
2024-25,1628368,1610612758,partial,1,1
2024-25,1628368,1610612759,partial,1,1
2024-25,1628369,1610612738,full_core,0,0
2024-25,1628370,1610612758,full_core,0,0
2024-25,1628371,1610612753,full_core,0,0
2024-25,1628374,1610612762,full_core,0,0
2024-25,1628378,1610612739,full_core,0,0
2024-25,1628379,1610612763,full_core,0,0
2024-25,1628380,1610612741,partial,1,1
2024-25,1628380,1610612759,partial,1,1
2024-25,1628381,1610612762,full_core,0,0
2024-25,1628384,1610612752,full_core,0,0
2024-25,1628386,1610612739,full_core,0,0
2024-25,1628389,1610612748,full_core,0,0
2024-25,1628392,1610612760,full_core,0,0
2024-25,1628396,1610612754,partial,1,1
2024-25,1628398,1610612749,partial,1,1
2024-25,1628398,1610612764,partial,1,1
2024-25,1628401,1610612738,full_core,0,0
2024-25,1628404,1610612752,full_core,0,0
2024-25,1628408,1610612750,partial,1,1
2024-25,1628415,1610612745,full_core,0,0
2024-25,1628418,1610612748,partial,1,1
2024-25,1628418,1610612754,partial,1,1
2024-25,1628420,1610612756,full_core,0,0
2024-25,1628427,1610612743,full_core,0,0
2024-25,1628436,1610612738,full_core,0,0
2024-25,1628449,1610612761,full_core,0,0
2024-25,1628464,1610612740,partial,1,1
2024-25,1628467,1610612742,partial,1,1
2024-25,1628470,1610612738,partial,1,1
2024-25,1628470,1610612741,partial,1,1
2024-25,1628960,1610612756,full_core,0,0
2024-25,1628963,1610612763,partial,1,1
2024-25,1628963,1610612764,partial,1,1
2024-25,1628964,1610612740,partial,1,1
2024-25,1628964,1610612746,partial,1,1
2024-25,1628969,1610612752,full_core,0,0
2024-25,1628970,1610612766,full_core,0,0
2024-25,1628971,1610612740,partial,1,1
2024-25,1628971,1610612761,partial,1,1
2024-25,1628973,1610612752,full_core,0,0
2024-25,1628975,1610612741,full_core,0,0
2024-25,1628976,1610612753,full_core,0,0
2024-25,1628978,1610612750,full_core,0,0
2024-25,1628981,1610612761,partial,1,1
2024-25,1628983,1610612760,full_core,0,0
2024-25,1628988,1610612745,full_core,0,0
2024-25,1628989,1610612741,partial,1,1
2024-25,1628989,1610612758,partial,1,1
2024-25,1628991,1610612763,full_core,0,0
2024-25,1628995,1610612744,partial,2,1
2024-25,1628997,1610612742,partial,1,1
2024-25,1628997,1610612755,partial,1,1
2024-25,1628998,1610612756,partial,1,1
2024-25,1628998,1610612766,partial,1,1
2024-25,1629001,1610612744,partial,1,1
2024-25,1629003,1610612747,partial,1,1
2024-25,1629003,1610612751,partial,1,1
2024-25,1629004,1610612762,full_core,0,0
2024-25,1629006,1610612756,partial,1,1
2024-25,1629006,1610612766,partial,1,1
2024-25,1629008,1610612743,full_core,0,0
2024-25,1629011,1610612752,full_core,0,0
2024-25,1629012,1610612762,full_core,0,0
2024-25,1629013,1610612752,partial,1,1
2024-25,1629014,1610612757,full_core,0,0
2024-25,1629018,1610612749,full_core,0,0
2024-25,1629020,1610612747,full_core,0,0
2024-25,1629021,1610612753,full_core,0,0
2024-25,1629022,1610612755,partial,1,1
2024-25,1629023,1610612742,full_core,0,0
2024-25,1629026,1610612760,full_core,0,0
2024-25,1629027,1610612737,full_core,0,0
2024-25,1629028,1610612757,full_core,0,0
2024-25,1629029,1610612742,partial,1,1
2024-25,1629029,1610612747,partial,1,1
2024-25,1629048,1610612753,full_core,0,0
2024-25,1629052,1610612755,partial,1,1
2024-25,1629056,1610612758,partial,1,1
2024-25,1629057,1610612757,full_core,0,0
2024-25,1629060,1610612747,full_core,0,0
2024-25,1629098,1610612745,full_core,0,0
2024-25,1629111,1610612745,full_core,0,0
2024-25,1629130,1610612748,full_core,0,0
2024-25,1629162,1610612758,partial,1,1
2024-25,1629162,1610612759,partial,1,1
2024-25,1629216,1610612747,full_core,0,0
2024-25,1629234,1610612746,partial,1,1
2024-25,1629234,1610612762,partial,1,1
2024-25,1629312,1610612748,full_core,0,0
2024-25,1629599,1610612746,full_core,0,0
2024-25,1629610,1610612766,full_core,0,0
2024-25,1629611,1610612737,partial,1,1
2024-25,1629611,1610612746,partial,1,1
2024-25,1629614,1610612754,full_core,0,0
2024-25,1629618,1610612743,full_core,0,0
2024-25,1629622,1610612739,full_core,0,0
2024-25,1629626,1610612756,full_core,0,0
2024-25,1629627,1610612740,full_core,0,0
2024-25,1629628,1610612761,full_core,0,0
2024-25,1629629,1610612747,partial,1,1
2024-25,1629630,1610612763,full_core,0,0
2024-25,1629631,1610612737,partial,1,1
2024-25,1629631,1610612739,partial,1,1
2024-25,1629632,1610612741,full_core,0,0
2024-25,1629634,1610612763,full_core,0,0
2024-25,1629636,1610612739,full_core,0,0
2024-25,1629637,1610612747,full_core,0,0
2024-25,1629638,1610612750,full_core,0,0
2024-25,1629639,1610612748,full_core,0,0
2024-25,1629640,1610612759,full_core,0,0
2024-25,1629643,1610612739,partial,1,1
2024-25,1629643,1610612755,partial,2,1
2024-25,1629645,1610612746,partial,1,1
2024-25,1629645,1610612749,partial,1,1
2024-25,1629646,1610612759,full_core,0,0
2024-25,1629650,1610612742,partial,1,1
2024-25,1629650,1610612754,partial,1,1
2024-25,1629651,1610612751,full_core,0,0
2024-25,1629652,1610612760,full_core,0,0
2024-25,1629655,1610612742,full_core,0,0
2024-25,1629656,1610612742,partial,1,1
2024-25,1629656,1610612755,partial,1,1
2024-25,1629659,1610612741,full_core,0,0
2024-25,1629660,1610612739,full_core,0,0
2024-25,1629661,1610612751,full_core,0,0
2024-25,1629667,1610612764,partial,1,1
2024-25,1629669,1610612740,partial,1,1
2024-25,1629673,1610612764,full_core,0,0
2024-25,1629674,1610612738,full_core,0,0
2024-25,1629675,1610612750,full_core,0,0
2024-25,1629680,1610612757,full_core,0,0
2024-25,1629684,1610612766,full_core,0,0
2024-25,1629723,1610612763,full_core,0,0
2024-25,1629726,1610612737,full_core,0,0
2024-25,1629731,1610612739,full_core,0,0
2024-25,1629750,1610612739,partial,1,1
2024-25,1629750,1610612740,partial,1,1
2024-25,1630162,1610612750,full_core,0,0
2024-25,1630163,1610612766,full_core,0,0
2024-25,1630164,1610612754,partial,1,1
2024-25,1630165,1610612751,partial,1,1
2024-25,1630166,1610612757,full_core,0,0
2024-25,1630167,1610612754,full_core,0,0
2024-25,1630168,1610612737,full_core,0,0
2024-25,1630169,1610612754,full_core,0,0
2024-25,1630170,1610612759,full_core,0,0
2024-25,1630171,1610612739,full_core,0,0
2024-25,1630172,1610612741,full_core,0,0
2024-25,1630173,1610612752,full_core,0,0
2024-25,1630174,1610612754,full_core,0,0
2024-25,1630175,1610612753,full_core,0,0
2024-25,1630178,1610612755,full_core,0,0
2024-25,1630182,1610612766,full_core,0,0
2024-25,1630183,1610612750,full_core,0,0
2024-25,1630188,1610612741,full_core,0,0
2024-25,1630191,1610612765,full_core,0,0
2024-25,1630192,1610612743,full_core,0,0
2024-25,1630193,1610612761,full_core,0,0
2024-25,1630194,1610612765,full_core,0,0
2024-25,1630198,1610612760,full_core,0,0
2024-25,1630200,1610612741,partial,1,1
2024-25,1630200,1610612759,partial,1,1
2024-25,1630201,1610612766,partial,1,1
2024-25,1630202,1610612738,full_core,0,0
2024-25,1630205,1610612763,partial,1,1
2024-25,1630208,1610612756,partial,1,1
2024-25,1630208,1610612766,partial,1,1
2024-25,1630214,1610612738,full_core,0,0
2024-25,1630215,1610612755,partial,1,1
2024-25,1630215,1610612764,partial,1,1
2024-25,1630217,1610612763,full_core,0,0
2024-25,1630222,1610612758,full_core,0,0
2024-25,1630224,1610612745,full_core,0,0
2024-25,1630227,1610612750,partial,1,1
2024-25,1630228,1610612744,full_core,0,0
2024-25,1630230,1610612742,full_core,0,0
2024-25,1630231,1610612755,partial,1,1
2024-25,1630231,1610612762,partial,1,1
2024-25,1630241,1610612739,full_core,0,0
2024-25,1630243,1610612753,full_core,0,0
2024-25,1630245,1610612741,full_core,0,0
2024-25,1630249,1610612737,full_core,0,0
2024-25,1630256,1610612745,full_core,0,0
2024-25,1630264,1610612764,full_core,0,0
2024-25,1630283,1610612740,partial,1,1
2024-25,1630283,1610612742,partial,1,1
2024-25,1630288,1610612755,full_core,0,0
2024-25,1630296,1610612744,partial,1,1
2024-25,1630311,1610612744,partial,1,1
2024-25,1630314,1610612742,partial,0,0
2024-25,1630322,1610612744,partial,1,1
2024-25,1630322,1610612765,partial,1,1
2024-25,1630346,1610612752,partial,2,1
2024-25,1630526,1610612740,full_core,0,0
2024-25,1630527,1610612740,partial,0,0
2024-25,1630528,1610612748,full_core,0,0
2024-25,1630529,1610612740,full_core,0,0
2024-25,1630530,1610612740,full_core,0,0
2024-25,1630531,1610612738,partial,1,1
2024-25,1630531,1610612762,partial,1,1
2024-25,1630532,1610612753,full_core,0,0
2024-25,1630533,1610612751,full_core,0,0
2024-25,1630534,1610612761,full_core,0,0
2024-25,1630537,1610612741,partial,1,1
2024-25,1630538,1610612746,partial,1,1
2024-25,1630538,1610612750,partial,1,1
2024-25,1630539,1610612742,partial,1,1
2024-25,1630539,1610612746,partial,1,1
2024-25,1630540,1610612752,full_core,0,0
2024-25,1630541,1610612744,full_core,0,0
2024-25,1630542,1610612755,partial,2,1
2024-25,1630543,1610612754,full_core,0,0
2024-25,1630544,1610612766,full_core,0,0
2024-25,1630545,1610612750,full_core,0,0
2024-25,1630548,1610612762,full_core,0,0
2024-25,1630549,1610612751,full_core,0,0
2024-25,1630550,1610612739,partial,1,1
2024-25,1630550,1610612764,partial,1,1
2024-25,1630551,1610612764,partial,0,0
2024-25,1630552,1610612737,full_core,0,0
2024-25,1630553,1610612751,full_core,0,0
2024-25,1630556,1610612742,full_core,0,0
2024-25,1630557,1610612764,full_core,0,0
2024-25,1630558,1610612748,partial,1,1
2024-25,1630558,1610612761,partial,1,1
2024-25,1630559,1610612747,full_core,0,0
2024-25,1630560,1610612751,full_core,0,0
2024-25,1630561,1610612759,full_core,0,0
2024-25,1630567,1610612761,full_core,0,0
2024-25,1630568,1610612750,full_core,0,0
2024-25,1630570,1610612751,full_core,0,0
2024-25,1630572,1610612759,full_core,0,0
2024-25,1630573,1610612738,full_core,0,0
2024-25,1630574,1610612752,partial,0,0
2024-25,1630577,1610612759,full_core,0,0
2024-25,1630578,1610612745,full_core,0,0
2024-25,1630579,1610612749,partial,1,1
2024-25,1630579,1610612752,partial,1,1
2024-25,1630581,1610612741,full_core,0,0
2024-25,1630583,1610612763,full_core,0,0
2024-25,1630585,1610612766,partial,1,1
2024-25,1630590,1610612763,full_core,0,0
2024-25,1630591,1610612753,full_core,0,0
2024-25,1630592,1610612751,full_core,0,0
2024-25,1630595,1610612765,full_core,0,0
2024-25,1630596,1610612739,full_core,0,0
2024-25,1630598,1610612760,full_core,0,0
2024-25,1630600,1610612755,full_core,1,1
2024-25,1630604,1610612741,full_core,0,0
2024-25,1630611,1610612744,full_core,0,0
2024-25,1630618,1610612761,partial,1,1
2024-25,1630623,1610612751,partial,1,1
2024-25,1630625,1610612757,full_core,0,0
2024-25,1630631,1610612740,full_core,0,0
2024-25,1630639,1610612761,partial,1,1
2024-25,1630643,1610612763,partial,0,0
2024-25,1630644,1610612753,full_core,0,0
2024-25,1630649,1610612749,full_core,0,0
2024-25,1630658,1610612755,partial,1,1
2024-25,1630658,1610612761,partial,2,1
2024-25,1630658,1610612763,partial,1,1
2024-25,1630678,1610612758,partial,1,1
2024-25,1630692,1610612747,partial,1,1
2024-25,1630695,1610612762,full_core,0,0
2024-25,1630696,1610612748,full_core,0,0
2024-25,1630699,1610612746,partial,1,1
2024-25,1630699,1610612749,partial,1,1
2024-25,1630699,1610612752,partial,1,1
2024-25,1630700,1610612737,full_core,0,0
2024-25,1630702,1610612742,full_core,0,0
2024-25,1630703,1610612757,full_core,0,0
2024-25,1630762,1610612755,partial,1,1
2024-25,1630811,1610612737,full_core,0,0
2024-25,1631093,1610612765,full_core,0,0
2024-25,1631094,1610612753,full_core,0,0
2024-25,1631095,1610612745,full_core,0,0
2024-25,1631096,1610612760,full_core,0,0
2024-25,1631097,1610612754,full_core,0,0
2024-25,1631098,1610612764,partial,1,1
2024-25,1631099,1610612758,full_core,0,0
2024-25,1631101,1610612757,full_core,0,0
2024-25,1631102,1610612756,full_core,0,0
2024-25,1631103,1610612759,full_core,0,0
2024-25,1631104,1610612759,full_core,0,0
2024-25,1631105,1610612765,full_core,0,0
2024-25,1631106,1610612745,full_core,0,0
2024-25,1631107,1610612748,full_core,0,0
2024-25,1631108,1610612742,partial,1,1
2024-25,1631108,1610612747,partial,1,1
2024-25,1631109,1610612766,partial,1,1
2024-25,1631110,1610612759,full_core,0,0
2024-25,1631111,1610612765,partial,1,1
2024-25,1631111,1610612766,partial,1,1
2024-25,1631114,1610612760,full_core,0,0
2024-25,1631115,1610612758,partial,1,1
2024-25,1631115,1610612761,partial,1,1
2024-25,1631116,1610612746,partial,1,1
2024-25,1631116,1610612764,partial,1,1
2024-25,1631117,1610612762,full_core,0,0
2024-25,1631119,1610612760,full_core,0,0
2024-25,1631120,1610612738,partial,0,0
2024-25,1631121,1610612757,full_core,0,0
2024-25,1631123,1610612749,partial,1,1
2024-25,1631124,1610612743,full_core,0,0
2024-25,1631127,1610612759,full_core,0,0
2024-25,1631128,1610612743,full_core,0,0
2024-25,1631131,1610612762,full_core,0,0
2024-25,1631132,1610612747,full_core,0,0
2024-25,1631133,1610612757,full_core,0,0
2024-25,1631157,1610612749,partial,1,1
2024-25,1631159,1610612750,full_core,0,0
2024-25,1631165,1610612758,full_core,0,0
2024-25,1631166,1610612751,partial,1,1
2024-25,1631169,1610612750,full_core,0,0
2024-25,1631170,1610612748,full_core,0,0
2024-25,1631172,1610612760,full_core,0,0
2024-25,1631197,1610612761,partial,2,1
2024-25,1631197,1610612766,partial,1,1
2024-25,1631199,1610612765,partial,1,1
2024-25,1631200,1610612757,full_core,0,0
2024-25,1631204,1610612765,full_core,0,0
2024-25,1631207,1610612741,full_core,0,0
2024-25,1631209,1610612766,partial,1,1
2024-25,1631210,1610612737,partial,1,1
2024-25,1631210,1610612752,partial,1,1
2024-25,1631212,1610612743,full_core,0,0
2024-25,1631213,1610612751,partial,0,0
2024-25,1631214,1610612765,partial,1,1
2024-25,1631216,1610612753,full_core,0,0
2024-25,1631217,1610612766,partial,0,0
2024-25,1631218,1610612744,full_core,0,0
2024-25,1631221,1610612756,full_core,0,0
2024-25,1631222,1610612758,partial,1,1
2024-25,1631222,1610612763,partial,1,1
2024-25,1631223,1610612737,partial,1,1
2024-25,1631223,1610612745,partial,1,1
2024-25,1631223,1610612755,partial,1,1
2024-25,1631230,1610612737,partial,0,0
2024-25,1631232,1610612740,partial,1,1
2024-25,1631243,1610612737,full_core,0,0
2024-25,1631245,1610612754,full_core,0,0
2024-25,1631246,1610612763,full_core,0,0
2024-25,1631247,1610612739,full_core,0,0
2024-25,1631248,1610612738,full_core,0,0
2024-25,1631250,1610612749,partial,1,1
2024-25,1631250,1610612755,partial,2,1
2024-25,1631255,1610612740,full_core,0,0
2024-25,1631260,1610612749,full_core,0,0
2024-25,1631288,1610612740,full_core,0,0
2024-25,1631301,1610612766,partial,1,1
2024-25,1631303,1610612757,full_core,0,0
2024-25,1631306,1610612761,partial,1,1
2024-25,1631306,1610612765,partial,1,1
2024-25,1631311,1610612740,partial,1,1
2024-25,1631311,1610612755,partial,1,1
2024-25,1631321,1610612757,partial,1,1
2024-25,1631321,1610612759,partial,1,1
2024-25,1631323,1610612765,full_core,0,0
2024-25,1631342,1610612737,partial,1,1
2024-25,1631386,1610612757,partial,1,1
2024-25,1631466,1610612745,partial,0,0
2024-25,1641705,1610612759,full_core,0,0
2024-25,1641706,1610612766,full_core,0,0
2024-25,1641707,1610612762,full_core,0,0
2024-25,1641708,1610612745,full_core,0,0
2024-25,1641709,1610612765,full_core,0,0
2024-25,1641710,1610612753,full_core,0,0
2024-25,1641711,1610612761,full_core,0,0
2024-25,1641712,1610612757,full_core,0,0
2024-25,1641713,1610612763,full_core,0,0
2024-25,1641715,1610612745,full_core,0,0
2024-25,1641716,1610612754,full_core,0,0
2024-25,1641717,1610612760,full_core,0,0
2024-25,1641718,1610612762,full_core,0,0
2024-25,1641720,1610612747,partial,1,1
2024-25,1641720,1610612755,partial,1,1
2024-25,1641721,1610612747,partial,1,1
2024-25,1641721,1610612751,partial,1,1
2024-25,1641722,1610612740,full_core,0,0
2024-25,1641723,1610612737,full_core,0,0
2024-25,1641724,1610612753,full_core,0,0
2024-25,1641725,1610612743,full_core,0,0
2024-25,1641726,1610612742,full_core,0,0
2024-25,1641727,1610612751,full_core,0,0
2024-25,1641729,1610612762,full_core,0,0
2024-25,1641730,1610612751,full_core,0,0
2024-25,1641731,1610612764,full_core,0,0
2024-25,1641732,1610612758,partial,1,1
2024-25,1641732,1610612764,partial,1,1
2024-25,1641733,1610612766,full_core,0,0
2024-25,1641734,1610612739,full_core,0,0
2024-25,1641736,1610612744,partial,1,1
2024-25,1641736,1610612751,partial,1,1
2024-25,1641737,1610612755,full_core,0,0
2024-25,1641738,1610612746,full_core,0,0
2024-25,1641739,1610612757,full_core,0,0
2024-25,1641740,1610612750,partial,0,0
2024-25,1641741,1610612755,full_core,0,0
2024-25,1641744,1610612763,full_core,0,0
2024-25,1641745,1610612760,full_core,0,0
2024-25,1641748,1610612749,full_core,0,0
2024-25,1641752,1610612765,full_core,0,0
2024-25,1641753,1610612749,full_core,0,0
2024-25,1641755,1610612752,full_core,0,0
2024-25,1641757,1610612746,partial,0,0
2024-25,1641763,1610612741,full_core,0,0
2024-25,1641764,1610612744,full_core,0,0
2024-25,1641765,1610612742,full_core,0,0
2024-25,1641766,1610612741,partial,1,1
2024-25,1641767,1610612754,full_core,0,0
2024-25,1641772,1610612739,partial,1,1
2024-25,1641774,1610612764,full_core,0,0
2024-25,1641775,1610612738,full_core,0,0
2024-25,1641779,1610612756,full_core,0,0
2024-25,1641783,1610612753,full_core,0,0
2024-25,1641787,1610612751,partial,1,1
2024-25,1641789,1610612742,partial,1,1
2024-25,1641790,1610612743,full_core,0,0
2024-25,1641794,1610612760,full_core,0,0
2024-25,1641796,1610612748,full_core,0,0
2024-25,1641798,1610612751,partial,1,1
2024-25,1641798,1610612764,partial,1,1
2024-25,1641801,1610612741,partial,1,1
2024-25,1641803,1610612750,partial,1,1
2024-25,1641803,1610612754,partial,1,1
2024-25,1641809,1610612738,full_core,0,0
2024-25,1641810,1610612740,full_core,0,0
2024-25,1641815,1610612748,partial,1,1
2024-25,1641816,1610612743,full_core,0,0
2024-25,1641817,1610612752,partial,1,1
2024-25,1641824,1610612741,full_core,0,0
2024-25,1641842,1610612765,full_core,0,0
2024-25,1641854,1610612739,full_core,0,0
2024-25,1641857,1610612749,partial,1,1
2024-25,1641871,1610612757,full_core,0,0
2024-25,1641878,1610612766,partial,1,1
2024-25,1641879,1610612744,partial,1,1
2024-25,1641890,1610612749,full_core,0,0
2024-25,1641936,1610612738,partial,1,1
2024-25,1641989,1610612762,partial,1,1
2024-25,1641998,1610612740,partial,1,1
2024-25,1641998,1610612747,partial,1,1
2024-25,1642024,1610612755,partial,1,1
2024-25,1642024,1610612760,partial,1,1
2024-25,1642050,1610612744,partial,1,1
2024-25,1642258,1610612737,full_core,0,0
2024-25,1642259,1610612764,full_core,0,0
2024-25,1642261,1610612747,partial,1,1
2024-25,1642262,1610612762,full_core,0,0
2024-25,1642263,1610612745,full_core,0,0
2024-25,1642264,1610612759,full_core,0,0
2024-25,1642265,1610612750,full_core,0,0
2024-25,1642266,1610612761,full_core,0,0
2024-25,1642267,1610612764,full_core,0,0
2024-25,1642268,1610612762,full_core,0,0
2024-25,1642269,1610612758,full_core,0,0
2024-25,1642270,1610612757,full_core,0,0
2024-25,1642271,1610612762,full_core,0,0
2024-25,1642272,1610612755,full_core,0,0
2024-25,1642273,1610612764,full_core,0,0
2024-25,1642274,1610612740,full_core,0,0
2024-25,1642275,1610612766,full_core,0,0
2024-25,1642276,1610612748,full_core,0,0
2024-25,1642277,1610612754,full_core,0,0
2024-25,1642278,1610612752,full_core,0,0
2024-25,1642279,1610612761,full_core,0,0
2024-25,1642280,1610612746,full_core,0,0
2024-25,1642281,1610612739,full_core,0,0
2024-25,1642285,1610612763,full_core,0,0
2024-25,1642345,1610612756,full_core,0,0
2024-25,1642346,1610612756,full_core,0,0
2024-25,1642347,1610612761,full_core,0,0
2024-25,1642348,1610612755,partial,0,0
2024-25,1642349,1610612760,partial,0,0
2024-25,1642352,1610612748,partial,0,0
2024-25,1642353,1610612746,full_core,0,0
2024-25,1642354,1610612766,full_core,0,0
2024-25,1642355,1610612747,full_core,0,0
2024-25,1642358,1610612749,partial,1,1
2024-25,1642358,1610612764,partial,1,1
2024-25,1642359,1610612752,full_core,0,0
2024-25,1642366,1610612744,partial,0,0
2024-25,1642367,1610612761,full_core,0,0
2024-25,1642368,1610612745,full_core,0,0
2024-25,1642377,1610612763,full_core,0,0
2024-25,1642382,1610612760,partial,4,1
2024-25,1642384,1610612758,full_core,0,0
2024-25,1642385,1610612751,partial,1,1
2024-25,1642389,1610612763,partial,1,1
2024-25,1642399,1610612750,full_core,0,0
2024-25,1642402,1610612754,full_core,0,0
2024-25,1642403,1610612758,partial,0,0
2024-25,1642419,1610612761,partial,0,0
2024-25,1642422,1610612747,partial,1,1
2024-25,1642434,1610612759,full_core,0,0
2024-25,1642439,1610612747,partial,1,1
2024-25,1642443,1610612741,partial,1,1
2024-25,1642449,1610612765,partial,1,1
2024-25,1642450,1610612765,full_core,0,0
2024-25,1642461,1610612743,full_core,0,0
2024-25,1642484,1610612754,partial,1,1
2024-25,1642502,1610612760,partial,1,1
2024-25,1642505,1610612760,full_core,0,0
2024-25,1642530,1610612763,full_core,0,0
2024-25,200768,1610612755,full_core,0,0
2024-25,200782,1610612752,partial,2,1
2024-25,201142,1610612756,full_core,0,0
2024-25,201143,1610612738,full_core,0,0
2024-25,201144,1610612750,full_core,0,0
2024-25,201145,1610612745,full_core,0,0
2024-25,201566,1610612743,full_core,0,0
2024-25,201567,1610612748,full_core,0,0
2024-25,201569,1610612755,full_core,0,0
2024-25,201572,1610612749,full_core,0,0
2024-25,201587,1610612746,full_core,0,0
2024-25,201599,1610612743,full_core,0,0
2024-25,201935,1610612746,full_core,0,0
2024-25,201939,1610612744,full_core,0,0
2024-25,201942,1610612758,full_core,0,0
2024-25,201949,1610612754,full_core,0,0
2024-25,201950,1610612738,full_core,0,0
2024-25,201959,1610612766,full_core,0,0
2024-25,201988,1610612746,partial,1,1
2024-25,201988,1610612762,partial,1,1
2024-25,202066,1610612761,full_core,0,0
2024-25,202331,1610612755,full_core,0,0
2024-25,202681,1610612742,full_core,0,0
2024-25,202684,1610612739,full_core,0,0
2024-25,202685,1610612758,partial,1,1
2024-25,202685,1610612764,partial,1,1
2024-25,202687,1610612759,partial,1,1
2024-25,202691,1610612742,full_core,0,0
2024-25,202692,1610612748,full_core,0,0
2024-25,202693,1610612742,partial,1,1
2024-25,202693,1610612747,partial,1,1
2024-25,202695,1610612746,full_core,0,0
2024-25,202696,1610612741,full_core,0,0
2024-25,202699,1610612765,full_core,0,0
2024-25,202704,1610612755,partial,1,1
2024-25,202709,1610612753,full_core,0,0
2024-25,202710,1610612744,partial,1,1
2024-25,202710,1610612748,partial,1,1
2024-25,203076,1610612742,partial,1,1
2024-25,203076,1610612747,partial,1,1
2024-25,203078,1610612756,full_core,0,0
2024-25,203081,1610612749,full_core,0,0
2024-25,203083,1610612755,full_core,0,0
2024-25,203084,1610612759,full_core,0,0
2024-25,203109,1610612758,partial,1,1
2024-25,203110,1610612744,full_core,0,0
2024-25,203114,1610612749,partial,1,1
2024-25,203114,1610612764,partial,1,1
2024-25,203458,1610612747,partial,1,1
2024-25,203458,1610612758,partial,1,1
2024-25,203468,1610612740,full_core,0,0
2024-25,203471,1610612744,partial,1,1
2024-25,203471,1610612751,partial,1,1
2024-25,203471,1610612765,partial,1,1
2024-25,203482,1610612740,partial,1,1
2024-25,203482,1610612761,partial,1,1
2024-25,203484,1610612753,full_core,0,0
2024-25,203486,1610612756,full_core,0,0
2024-25,203497,1610612750,full_core,0,0
2024-25,203500,1610612745,full_core,0,0
2024-25,203501,1610612765,full_core,0,0
2024-25,203507,1610612749,full_core,0,0
2024-25,203552,1610612766,full_core,0,0
2024-25,203897,1610612741,partial,1,1
2024-25,203897,1610612758,partial,1,1
2024-25,203901,1610612740,partial,3,1
2024-25,203901,1610612766,partial,1,1
2024-25,203903,1610612762,full_core,0,0
2024-25,203914,1610612753,full_core,0,0
2024-25,203915,1610612742,full_core,0,0
2024-25,203924,1610612757,full_core,0,0
2024-25,203926,1610612758,full_core,0,0
2024-25,203932,1610612743,full_core,0,0
2024-25,203935,1610612763,partial,1,1
2024-25,203935,1610612764,partial,1,1
2024-25,203937,1610612744,partial,1,1
2024-25,203937,1610612748,partial,1,1
2024-25,203939,1610612742,full_core,0,0
2024-25,203944,1610612750,full_core,0,0
2024-25,203952,1610612744,partial,1,1
2024-25,203952,1610612748,partial,1,1
2024-25,203954,1610612755,full_core,0,0
2024-25,203957,1610612742,full_core,0,0
2024-25,203967,1610612743,full_core,0,0
2024-25,203991,1610612737,full_core,0,0
2024-25,203992,1610612737,partial,1,1
2024-25,203992,1610612746,partial,1,1
2024-25,203994,1610612756,partial,1,1
2024-25,203994,1610612766,partial,1,1
2024-25,203995,1610612756,partial,1,1
2024-25,203995,1610612766,partial,1,1
2024-25,203999,1610612743,full_core,0,0
2024-25,204001,1610612738,full_core,0,0
2024-25,204060,1610612750,full_core,0,0
2024-25,204456,1610612754,full_core,0,0
2024-25,2544,1610612747,full_core,0,0
2025-26,101108,1610612746,partial,1,1
2025-26,1626145,1610612742,partial,1,1
2025-26,1626145,1610612743,partial,1,1
2025-26,1626145,1610612753,partial,1,1
2025-26,1626156,1610612742,partial,1,1
2025-26,1626157,1610612752,full_core,0,0
2025-26,1626162,1610612755,full_core,0,0
2025-26,1626164,1610612756,full_core,0,0
2025-26,1626166,1610612755,partial,1,1
2025-26,1626167,1610612749,full_core,0,0
2025-26,1626171,1610612749,full_core,0,0
2025-26,1626172,1610612740,full_core,0,0
2025-26,1626181,1610612748,full_core,0,0
2025-26,1626192,1610612766,partial,2,1
2025-26,1626204,1610612739,full_core,0,0
2025-26,1626220,1610612756,full_core,0,0
2025-26,1627734,1610612758,full_core,0,0
2025-26,1627739,1610612746,full_core,0,0
2025-26,1627741,1610612737,partial,1,1
2025-26,1627741,1610612744,partial,1,1
2025-26,1627742,1610612761,full_core,0,0
2025-26,1627746,1610612764,partial,1,1
2025-26,1627747,1610612765,full_core,0,0
2025-26,1627749,1610612740,full_core,0,0
2025-26,1627750,1610612743,full_core,0,0
2025-26,1627751,1610612761,full_core,0,0
2025-26,1627752,1610612749,full_core,0,0
2025-26,1627759,1610612738,full_core,0,0
2025-26,1627780,1610612744,full_core,0,0
2025-26,1627783,1610612754,full_core,0,0
2025-26,1627824,1610612741,partial,1,1
2025-26,1627824,1610612752,partial,1,1
2025-26,1627826,1610612746,partial,1,1
2025-26,1627826,1610612754,partial,1,1
2025-26,1627827,1610612745,full_core,0,0
2025-26,1627884,1610612746,full_core,0,0
2025-26,1627936,1610612760,full_core,0,0
2025-26,1628365,1610612761,partial,1,1
2025-26,1628366,1610612739,partial,1,1
2025-26,1628368,1610612759,full_core,0,0
2025-26,1628369,1610612738,full_core,0,0
2025-26,1628370,1610612758,full_core,0,0
2025-26,1628371,1610612753,full_core,0,0
2025-26,1628374,1610612762,full_core,0,0
2025-26,1628378,1610612739,full_core,0,0
2025-26,1628379,1610612737,partial,1,1
2025-26,1628379,1610612747,partial,1,1
2025-26,1628380,1610612741,full_core,0,0
2025-26,1628381,1610612746,full_core,0,0
2025-26,1628384,1610612752,full_core,0,0
2025-26,1628386,1610612739,full_core,0,0
2025-26,1628389,1610612748,full_core,0,0
2025-26,1628392,1610612760,full_core,0,0
2025-26,1628396,1610612737,partial,1,1
2025-26,1628396,1610612754,partial,3,1
2025-26,1628398,1610612749,full_core,0,0
2025-26,1628401,1610612738,full_core,0,0
2025-26,1628404,1610612752,full_core,0,0
2025-26,1628415,1610612756,full_core,0,0
2025-26,1628418,1610612739,full_core,0,0
2025-26,1628420,1610612754,partial,1,1
2025-26,1628436,1610612759,full_core,0,0
2025-26,1628449,1610612738,partial,1,1
2025-26,1628467,1610612747,full_core,0,0
2025-26,1628502,1610612756,partial,1,1
2025-26,1628960,1610612756,full_core,0,0
2025-26,1628963,1610612742,partial,1,1
2025-26,1628963,1610612764,partial,1,1
2025-26,1628964,1610612761,partial,1,1
2025-26,1628964,1610612762,partial,1,1
2025-26,1628969,1610612752,full_core,0,0
2025-26,1628970,1610612766,full_core,0,0
2025-26,1628971,1610612743,full_core,0,0
2025-26,1628973,1610612752,full_core,0,0
2025-26,1628975,1610612741,partial,1,1
2025-26,1628975,1610612753,partial,1,1
2025-26,1628976,1610612753,full_core,0,0
2025-26,1628978,1610612750,full_core,0,0
2025-26,1628983,1610612760,full_core,0,0
2025-26,1628988,1610612745,full_core,0,0
2025-26,1628989,1610612741,partial,1,1
2025-26,1628989,1610612765,partial,1,1
2025-26,1628991,1610612762,partial,1,1
2025-26,1628991,1610612763,partial,1,1
2025-26,1628997,1610612742,full_core,0,0
2025-26,1628998,1610612754,partial,1,1
2025-26,1629001,1610612744,full_core,0,0
2025-26,1629004,1610612762,full_core,0,0
2025-26,1629006,1610612745,full_core,0,0
2025-26,1629008,1610612751,full_core,0,0
2025-26,1629011,1610612752,full_core,0,0
2025-26,1629012,1610612741,partial,1,1
2025-26,1629012,1610612766,partial,1,1
2025-26,1629013,1610612752,full_core,0,0
2025-26,1629014,1610612738,partial,1,1
2025-26,1629014,1610612741,partial,1,1
2025-26,1629018,1610612749,full_core,0,0
2025-26,1629020,1610612747,full_core,0,0
2025-26,1629021,1610612753,full_core,0,0
2025-26,1629023,1610612742,full_core,0,0
2025-26,1629026,1610612760,full_core,0,0
2025-26,1629027,1610612737,partial,1,1
2025-26,1629027,1610612764,partial,1,1
2025-26,1629028,1610612747,full_core,0,0
2025-26,1629029,1610612747,full_core,0,0
2025-26,1629048,1610612753,full_core,0,0
2025-26,1629057,1610612757,full_core,0,0
2025-26,1629060,1610612747,full_core,0,0
2025-26,1629111,1610612737,partial,1,1
2025-26,1629111,1610612763,partial,1,1
2025-26,1629130,1610612765,full_core,0,0
2025-26,1629162,1610612759,full_core,0,0
2025-26,1629216,1610612737,partial,1,1
2025-26,1629216,1610612747,partial,1,1
2025-26,1629234,1610612758,full_core,0,0
2025-26,1629312,1610612756,partial,1,1
2025-26,1629599,1610612749,partial,1,1
2025-26,1629599,1610612756,partial,1,1
2025-26,1629610,1610612758,partial,1,1
2025-26,1629611,1610612751,full_core,0,0
2025-26,1629614,1610612754,full_core,0,0
2025-26,1629618,1610612743,full_core,0,0
2025-26,1629622,1610612739,full_core,0,0
2025-26,1629627,1610612740,full_core,0,0
2025-26,1629628,1610612761,full_core,0,0
2025-26,1629630,1610612763,full_core,0,0
2025-26,1629631,1610612739,partial,1,1
2025-26,1629631,1610612758,partial,1,1
2025-26,1629632,1610612741,partial,1,1
2025-26,1629632,1610612766,partial,1,1
2025-26,1629634,1610612763,full_core,0,0
2025-26,1629636,1610612739,partial,1,1
2025-26,1629636,1610612746,partial,1,1
2025-26,1629637,1610612747,full_core,0,0
2025-26,1629638,1610612737,full_core,0,0
2025-26,1629639,1610612748,full_core,0,0
2025-26,1629640,1610612759,full_core,0,0
2025-26,1629645,1610612749,full_core,0,0
2025-26,1629646,1610612738,partial,1,1
2025-26,1629646,1610612744,partial,1,1
2025-26,1629646,1610612755,partial,1,1
2025-26,1629646,1610612763,partial,1,1
2025-26,1629651,1610612751,full_core,0,0
2025-26,1629652,1610612760,full_core,0,0
2025-26,1629655,1610612742,full_core,0,0
2025-26,1629656,1610612755,full_core,0,0
2025-26,1629660,1610612763,full_core,0,0
2025-26,1629661,1610612743,full_core,0,0
2025-26,1629673,1610612740,full_core,0,0
2025-26,1629674,1610612738,full_core,0,0
2025-26,1629675,1610612750,full_core,0,0
2025-26,1629680,1610612757,full_core,0,0
2025-26,1629684,1610612766,full_core,0,0
2025-26,1629723,1610612762,partial,1,1
2025-26,1629723,1610612763,partial,1,1
2025-26,1629726,1610612754,partial,2,1
2025-26,1629731,1610612739,full_core,0,0
2025-26,1629750,1610612765,full_core,0,0
2025-26,1630162,1610612750,full_core,0,0
2025-26,1630163,1610612766,full_core,0,0
2025-26,1630164,1610612754,partial,2,1
2025-26,1630165,1610612758,partial,1,1
2025-26,1630166,1610612757,full_core,0,0
2025-26,1630167,1610612754,full_core,0,0
2025-26,1630168,1610612737,full_core,0,0
2025-26,1630170,1610612759,full_core,0,0
2025-26,1630171,1610612741,full_core,0,0
2025-26,1630172,1610612741,full_core,0,0
2025-26,1630173,1610612758,partial,1,1
2025-26,1630174,1610612754,full_core,0,0
2025-26,1630175,1610612749,partial,1,1
2025-26,1630178,1610612755,full_core,0,0
2025-26,1630180,1610612740,full_core,0,0
2025-26,1630182,1610612766,full_core,0,0
2025-26,1630183,1610612750,full_core,0,0
2025-26,1630188,1610612741,full_core,0,0
2025-26,1630191,1610612765,full_core,0,0
2025-26,1630192,1610612743,full_core,0,0
2025-26,1630193,1610612761,full_core,0,0
2025-26,1630194,1610612765,full_core,0,0
2025-26,1630198,1610612760,full_core,0,0
2025-26,1630200,1610612741,full_core,0,0
2025-26,1630202,1610612738,full_core,0,0
2025-26,1630208,1610612741,partial,1,1
2025-26,1630208,1610612756,partial,1,1
2025-26,1630209,1610612744,partial,1,1
2025-26,1630214,1610612738,partial,1,1
2025-26,1630214,1610612766,partial,1,1
2025-26,1630217,1610612753,full_core,0,0
2025-26,1630224,1610612756,full_core,0,0
2025-26,1630228,1610612737,partial,1,1
2025-26,1630228,1610612744,partial,1,1
2025-26,1630230,1610612742,full_core,0,0
2025-26,1630241,1610612739,full_core,0,0
2025-26,1630245,1610612741,partial,1,1
2025-26,1630245,1610612750,partial,1,1
2025-26,1630249,1610612737,partial,1,1
2025-26,1630249,1610612757,partial,1,1
2025-26,1630256,1610612745,full_core,0,0
2025-26,1630264,1610612764,full_core,0,0
2025-26,1630286,1610612751,partial,1,1
2025-26,1630311,1610612744,full_core,0,0
2025-26,1630314,1610612742,full_core,0,0
2025-26,1630322,1610612759,full_core,0,0
2025-26,1630526,1610612742,partial,1,1
2025-26,1630526,1610612754,partial,1,1
2025-26,1630529,1610612740,full_core,0,0
2025-26,1630530,1610612740,full_core,0,0
2025-26,1630532,1610612753,full_core,0,0
2025-26,1630533,1610612751,full_core,0,0
2025-26,1630534,1610612751,partial,1,1
2025-26,1630534,1610612761,partial,1,1
2025-26,1630536,1610612764,full_core,0,0
2025-26,1630538,1610612750,full_core,0,0
2025-26,1630540,1610612752,full_core,0,0
2025-26,1630541,1610612744,full_core,0,0
2025-26,1630543,1610612746,partial,1,1
2025-26,1630543,1610612754,partial,1,1
2025-26,1630544,1610612766,full_core,0,0
2025-26,1630545,1610612750,full_core,0,0
2025-26,1630548,1610612750,partial,1,1
2025-26,1630549,1610612751,full_core,0,0
2025-26,1630551,1610612764,full_core,0,0
2025-26,1630552,1610612737,full_core,0,0
2025-26,1630557,1610612737,partial,1,1
2025-26,1630557,1610612764,partial,1,1
2025-26,1630558,1610612748,full_core,0,0
2025-26,1630559,1610612747,full_core,0,0
2025-26,1630560,1610612749,partial,1,1
2025-26,1630560,1610612751,partial,1,1
2025-26,1630567,1610612761,full_core,0,0
2025-26,1630568,1610612738,full_core,0,0
2025-26,1630570,1610612755,full_core,0,0
2025-26,1630572,1610612761,full_core,0,0
2025-26,1630573,1610612738,full_core,0,0
2025-26,1630574,1610612752,full_core,0,0
2025-26,1630577,1610612759,full_core,0,0
2025-26,1630578,1610612745,full_core,0,0
2025-26,1630579,1610612749,full_core,0,0
2025-26,1630581,1610612741,full_core,0,0
2025-26,1630583,1610612763,full_core,0,0
2025-26,1630587,1610612756,full_core,0,0
2025-26,1630590,1610612763,full_core,0,0
2025-26,1630591,1610612753,full_core,0,0
2025-26,1630592,1610612751,full_core,0,0
2025-26,1630595,1610612765,full_core,0,0
2025-26,1630596,1610612739,full_core,0,0
2025-26,1630598,1610612760,full_core,0,0
2025-26,1630604,1610612751,full_core,0,0
2025-26,1630610,1610612763,partial,1,1
2025-26,1630611,1610612744,full_core,0,0
2025-26,1630619,1610612742,full_core,0,0
2025-26,1630621,1610612740,full_core,0,0
2025-26,1630623,1610612751,full_core,0,0
2025-26,1630625,1610612738,partial,2,1
2025-26,1630625,1610612746,partial,1,1
2025-26,1630631,1610612740,partial,1,1
2025-26,1630631,1610612752,partial,1,1
2025-26,1630639,1610612761,full_core,0,0
2025-26,1630643,1610612754,full_core,0,0
2025-26,1630644,1610612741,partial,1,1
2025-26,1630644,1610612754,partial,1,1
2025-26,1630649,1610612759,partial,1,1
2025-26,1630658,1610612753,full_core,0,0
2025-26,1630679,1610612754,partial,1,1
2025-26,1630692,1610612756,full_core,0,0
2025-26,1630695,1610612754,partial,1,1
2025-26,1630696,1610612748,full_core,0,0
2025-26,1630699,1610612755,partial,1,1
2025-26,1630700,1610612737,full_core,0,0
2025-26,1630702,1610612742,partial,1,1
2025-26,1630702,1610612764,partial,1,1
2025-26,1630703,1610612757,full_core,0,0
2025-26,1630811,1610612737,full_core,0,0
2025-26,1630828,1610612749,full_core,0,0
2025-26,1630846,1610612739,partial,1,1
2025-26,1631093,1610612741,partial,1,1
2025-26,1631093,1610612765,partial,1,1
2025-26,1631094,1610612753,full_core,0,0
2025-26,1631095,1610612745,full_core,0,0
2025-26,1631096,1610612760,full_core,0,0
2025-26,1631097,1610612746,partial,1,1
2025-26,1631097,1610612754,partial,1,1
2025-26,1631099,1610612758,full_core,0,0
2025-26,1631101,1610612757,full_core,0,0
2025-26,1631102,1610612746,partial,1,1
2025-26,1631103,1610612764,partial,1,1
2025-26,1631104,1610612757,full_core,0,0
2025-26,1631105,1610612765,full_core,0,0
2025-26,1631106,1610612745,full_core,0,0
2025-26,1631107,1610612748,full_core,0,0
2025-26,1631108,1610612742,full_core,0,0
2025-26,1631109,1610612756,full_core,0,0
2025-26,1631110,1610612752,partial,1,1
2025-26,1631110,1610612759,partial,1,1
2025-26,1631111,1610612765,partial,1,1
2025-26,1631113,1610612762,partial,2,1
2025-26,1631114,1610612760,full_core,0,0
2025-26,1631115,1610612753,partial,1,1
2025-26,1631116,1610612746,partial,1,1
2025-26,1631116,1610612755,partial,1,1
2025-26,1631116,1610612758,partial,1,1
2025-26,1631117,1610612762,full_core,0,0
2025-26,1631119,1610612760,full_core,0,0
2025-26,1631120,1610612745,partial,0,0
2025-26,1631121,1610612740,partial,0,0
2025-26,1631123,1610612756,partial,1,1
2025-26,1631124,1610612743,full_core,0,0
2025-26,1631126,1610612757,full_core,0,0
2025-26,1631127,1610612759,full_core,0,0
2025-26,1631128,1610612743,full_core,0,0
2025-26,1631131,1610612762,full_core,0,0
2025-26,1631132,1610612737,partial,1,1
2025-26,1631132,1610612747,partial,1,1
2025-26,1631132,1610612763,partial,2,1
2025-26,1631133,1610612755,partial,0,0
2025-26,1631157,1610612749,full_core,0,0
2025-26,1631159,1610612741,partial,1,1
2025-26,1631159,1610612750,partial,1,1
2025-26,1631165,1610612739,partial,1,1
2025-26,1631165,1610612758,partial,1,1
2025-26,1631166,1610612747,partial,1,1
2025-26,1631169,1610612738,partial,1,1
2025-26,1631169,1610612751,partial,1,1
2025-26,1631170,1610612748,full_core,0,0
2025-26,1631172,1610612749,partial,1,1
2025-26,1631172,1610612760,partial,1,1
2025-26,1631174,1610612763,partial,2,1
2025-26,1631199,1610612738,partial,0,0
2025-26,1631200,1610612757,full_core,0,0
2025-26,1631204,1610612765,full_core,0,0
2025-26,1631205,1610612760,partial,1,1
2025-26,1631207,1610612741,partial,1,1
2025-26,1631207,1610612755,partial,1,1
2025-26,1631210,1610612737,partial,1,1
2025-26,1631211,1610612748,partial,1,1
2025-26,1631212,1610612743,full_core,0,0
2025-26,1631213,1610612751,partial,1,1
2025-26,1631213,1610612755,partial,1,1
2025-26,1631214,1610612764,partial,1,1
2025-26,1631216,1610612737,partial,1,1
2025-26,1631217,1610612766,full_core,0,0
2025-26,1631218,1610612744,partial,1,1
2025-26,1631218,1610612761,partial,1,1
2025-26,1631221,1610612756,full_core,0,0
2025-26,1631222,1610612747,full_core,0,0
2025-26,1631223,1610612743,partial,1,1
2025-26,1631230,1610612755,partial,0,0
2025-26,1631243,1610612737,full_core,0,0
2025-26,1631245,1610612754,partial,0,0
2025-26,1631246,1610612762,partial,1,1
2025-26,1631246,1610612763,partial,1,1
2025-26,1631247,1610612739,partial,1,1
2025-26,1631248,1610612738,full_core,0,0
2025-26,1631250,1610612749,partial,0,0
2025-26,1631255,1610612740,full_core,0,0
2025-26,1631260,1610612749,full_core,0,0
2025-26,1631288,1610612753,partial,0,0
2025-26,1631321,1610612757,partial,0,0
2025-26,1631323,1610612748,full_core,0,0
2025-26,1631338,1610612741,partial,1,1
2025-26,1631342,1610612758,full_core,0,0
2025-26,1631351,1610612763,partial,1,1
2025-26,1631451,1610612757,partial,1,1
2025-26,1631457,1610612753,partial,1,1
2025-26,1631466,1610612744,partial,1,1
2025-26,1641705,1610612759,full_core,0,0
2025-26,1641706,1610612766,full_core,0,0
2025-26,1641707,1610612762,partial,1,1
2025-26,1641707,1610612763,partial,1,1
2025-26,1641708,1610612745,full_core,0,0
2025-26,1641709,1610612765,full_core,0,0
2025-26,1641710,1610612753,full_core,0,0
2025-26,1641711,1610612761,full_core,0,0
2025-26,1641712,1610612757,partial,1,1
2025-26,1641712,1610612763,partial,1,1
2025-26,1641713,1610612763,full_core,0,0
2025-26,1641715,1610612764,full_core,0,0
2025-26,1641716,1610612754,full_core,0,0
2025-26,1641717,1610612760,full_core,0,0
2025-26,1641718,1610612762,full_core,0,0
2025-26,1641722,1610612740,full_core,0,0
2025-26,1641723,1610612747,partial,2,1
2025-26,1641724,1610612753,full_core,0,0
2025-26,1641725,1610612740,full_core,0,0
2025-26,1641726,1610612742,full_core,0,0
2025-26,1641727,1610612763,partial,1,1
2025-26,1641729,1610612762,full_core,0,0
2025-26,1641730,1610612751,full_core,0,0
2025-26,1641731,1610612764,full_core,0,0
2025-26,1641732,1610612765,partial,1,1
2025-26,1641733,1610612747,partial,0,0
2025-26,1641737,1610612755,full_core,0,0
2025-26,1641738,1610612746,partial,1,1
2025-26,1641738,1610612754,partial,1,1
2025-26,1641739,1610612757,full_core,0,0
2025-26,1641740,1610612750,full_core,0,0
2025-26,1641744,1610612763,full_core,0,0
2025-26,1641747,1610612743,full_core,0,0
2025-26,1641748,1610612749,full_core,0,0
2025-26,1641750,1610612766,full_core,0,0
2025-26,1641752,1610612765,partial,1,1
2025-26,1641753,1610612739,partial,1,1
2025-26,1641755,1610612752,full_core,0,0
2025-26,1641757,1610612746,partial,0,0
2025-26,1641761,1610612751,partial,1,1
2025-26,1641763,1610612741,partial,1,1
2025-26,1641763,1610612750,partial,1,1
2025-26,1641764,1610612744,full_core,0,0
2025-26,1641765,1610612763,partial,0,0
2025-26,1641767,1610612754,full_core,0,0
2025-26,1641771,1610612754,partial,1,1
2025-26,1641772,1610612739,partial,0,0
2025-26,1641774,1610612764,partial,0,0
2025-26,1641775,1610612738,full_core,0,0
2025-26,1641778,1610612764,partial,1,1
2025-26,1641780,1610612755,full_core,0,0
2025-26,1641783,1610612753,full_core,0,0
2025-26,1641787,1610612752,partial,1,1
2025-26,1641790,1610612763,partial,1,1
2025-26,1641790,1610612766,partial,1,1
2025-26,1641794,1610612752,partial,1,1
2025-26,1641796,1610612748,full_core,0,0
2025-26,1641801,1610612741,partial,1,1
2025-26,1641803,1610612745,partial,1,1
2025-26,1641807,1610612746,partial,1,1
2025-26,1641809,1610612766,partial,1,1
2025-26,1641810,1610612766,full_core,0,0
2025-26,1641813,1610612749,partial,1,1
2025-26,1641815,1610612758,full_core,0,0
2025-26,1641816,1610612743,partial,1,1
2025-26,1641824,1610612741,full_core,0,0
2025-26,1641842,1610612765,full_core,0,0
2025-26,1641854,1610612739,full_core,0,0
2025-26,1641869,1610612751,partial,2,1
2025-26,1641871,1610612757,partial,1,1
2025-26,1641890,1610612742,partial,1,1
2025-26,1641989,1610612762,full_core,0,0
2025-26,1641998,1610612752,full_core,0,0
2025-26,1642066,1610612748,partial,0,0
2025-26,1642258,1610612737,full_core,0,0
2025-26,1642259,1610612764,full_core,0,0
2025-26,1642260,1610612760,full_core,0,0
2025-26,1642261,1610612747,full_core,0,0
2025-26,1642262,1610612762,full_core,0,0
2025-26,1642263,1610612745,full_core,0,0
2025-26,1642264,1610612759,full_core,0,0
2025-26,1642265,1610612741,partial,1,1
2025-26,1642265,1610612750,partial,1,1
2025-26,1642266,1610612761,full_core,0,0
2025-26,1642267,1610612764,full_core,0,0
2025-26,1642268,1610612762,full_core,0,0
2025-26,1642269,1610612758,full_core,0,0
2025-26,1642270,1610612757,full_core,0,0
2025-26,1642271,1610612762,full_core,0,0
2025-26,1642272,1610612755,partial,1,1
2025-26,1642272,1610612760,partial,1,1
2025-26,1642273,1610612764,full_core,0,0
2025-26,1642274,1610612740,full_core,0,0
2025-26,1642275,1610612766,full_core,0,0
2025-26,1642276,1610612748,full_core,0,0
2025-26,1642277,1610612754,full_core,0,0
2025-26,1642278,1610612752,full_core,0,0
2025-26,1642280,1610612741,partial,1,1
2025-26,1642281,1610612739,full_core,0,0
2025-26,1642282,1610612755,partial,1,1
2025-26,1642285,1610612763,full_core,0,0
2025-26,1642345,1610612756,full_core,0,0
2025-26,1642346,1610612756,full_core,0,0
2025-26,1642347,1610612761,full_core,0,0
2025-26,1642348,1610612755,full_core,0,0
2025-26,1642349,1610612760,full_core,0,0
2025-26,1642352,1610612748,full_core,0,0
2025-26,1642353,1610612746,full_core,0,0
2025-26,1642354,1610612743,partial,1,1
2025-26,1642354,1610612766,partial,1,1
2025-26,1642355,1610612747,full_core,0,0
2025-26,1642357,1610612759,full_core,0,0
2025-26,1642358,1610612742,partial,1,1
2025-26,1642358,1610612764,partial,1,1
2025-26,1642359,1610612752,full_core,0,0
2025-26,1642362,1610612760,partial,1,1
2025-26,1642363,1610612758,full_core,0,0
2025-26,1642364,1610612764,partial,0,0
2025-26,1642366,1610612744,full_core,0,0
2025-26,1642367,1610612761,full_core,0,0
2025-26,1642368,1610612737,partial,1,1
2025-26,1642377,1610612763,full_core,0,0
2025-26,1642380,1610612763,partial,1,1
2025-26,1642382,1610612760,full_core,0,0
2025-26,1642383,1610612762,partial,1,1
2025-26,1642383,1610612763,partial,1,1
2025-26,1642384,1610612745,full_core,0,0
2025-26,1642389,1610612750,partial,1,1
2025-26,1642396,1610612762,partial,1,1
2025-26,1642400,1610612739,partial,1,1
2025-26,1642402,1610612750,full_core,0,0
2025-26,1642403,1610612758,partial,1,1
2025-26,1642403,1610612765,partial,2,1
2025-26,1642404,1610612765,full_core,0,0
2025-26,1642419,1610612761,full_core,0,0
2025-26,1642434,1610612739,partial,1,1
2025-26,1642434,1610612759,partial,1,1
2025-26,1642443,1610612748,partial,0,0
2025-26,1642449,1610612765,partial,0,0
2025-26,1642450,1610612765,partial,0,0
2025-26,1642461,1610612743,full_core,0,0
2025-26,1642468,1610612739,partial,1,1
2025-26,1642484,1610612737,partial,1,1
2025-26,1642484,1610612746,partial,1,1
2025-26,1642484,1610612754,partial,1,1
2025-26,1642490,1610612740,partial,1,1
2025-26,1642502,1610612744,partial,1,1
2025-26,1642504,1610612749,partial,1,1
2025-26,1642530,1610612741,partial,1,1
2025-26,1642843,1610612742,full_core,0,0
2025-26,1642844,1610612759,full_core,0,0
2025-26,1642845,1610612755,full_core,0,0
2025-26,1642846,1610612762,full_core,0,0
2025-26,1642847,1610612740,full_core,0,0
2025-26,1642848,1610612764,full_core,0,0
2025-26,1642849,1610612751,full_core,0,0
2025-26,1642851,1610612766,full_core,0,0
2025-26,1642852,1610612740,full_core,0,0
2025-26,1642853,1610612756,full_core,0,0
2025-26,1642854,1610612737,full_core,0,0
2025-26,1642855,1610612741,full_core,0,0
2025-26,1642856,1610612751,full_core,0,0
2025-26,1642857,1610612748,full_core,0,0
2025-26,1642859,1610612753,full_core,0,0
2025-26,1642860,1610612764,full_core,0,0
2025-26,1642862,1610612766,full_core,0,0
2025-26,1642863,1610612756,full_core,0,0
2025-26,1642864,1610612738,full_core,0,0
2025-26,1642866,1610612750,full_core,0,0
2025-26,1642867,1610612761,full_core,0,0
2025-26,1642868,1610612759,full_core,0,0
2025-26,1642869,1610612753,full_core,0,0
2025-26,1642873,1610612738,partial,0,0
2025-26,1642874,1610612751,full_core,0,0
2025-26,1642875,1610612758,full_core,0,0
2025-26,1642876,1610612747,full_core,0,0
2025-26,1642877,1610612740,full_core,0,0
2025-26,1642878,1610612739,full_core,0,0
2025-26,1642879,1610612751,full_core,0,0
2025-26,1642880,1610612754,full_core,0,0
2025-26,1642882,1610612764,partial,1,1
2025-26,1642883,1610612766,full_core,0,0
2025-26,1642884,1610612748,full_core,0,0
2025-26,1642885,1610612752,full_core,0,0
2025-26,1642886,1610612756,full_core,0,0
2025-26,1642905,1610612757,full_core,0,0
2025-26,1642907,1610612763,full_core,0,0
2025-26,1642910,1610612738,partial,0,0
2025-26,1642911,1610612750,full_core,0,0
2025-26,1642914,1610612763,full_core,0,0
2025-26,1642917,1610612738,partial,0,0
2025-26,1642918,1610612761,full_core,0,0
2025-26,1642920,1610612746,partial,0,0
2025-26,1642928,1610612758,partial,0,0
2025-26,1642933,1610612737,partial,1,1
2025-26,1642933,1610612764,partial,1,1
2025-26,1642935,1610612761,full_core,0,0
2025-26,1642938,1610612743,full_core,0,0
2025-26,1642939,1610612742,partial,1,1
2025-26,1642942,1610612763,partial,0,0
2025-26,1642948,1610612742,partial,0,0
2025-26,1642949,1610612746,full_core,0,0
2025-26,1642950,1610612741,full_core,0,0
2025-26,1642951,1610612746,partial,1,1
2025-26,1642954,1610612744,full_core,0,0
2025-26,1642955,1610612764,partial,1,1
2025-26,1642959,1610612757,partial,1,1
2025-26,1642959,1610612760,partial,1,1
2025-26,1642962,1610612751,full_core,0,0
2025-26,1642964,1610612760,full_core,0,0
2025-26,1642967,1610612742,partial,1,1
2025-26,1643007,1610612754,full_core,0,0
2025-26,1643016,1610612762,partial,2,1
2025-26,1643018,1610612744,partial,1,1
2025-26,1643024,1610612747,full_core,0,0
2025-26,1643047,1610612756,partial,2,1
2025-26,1643052,1610612751,partial,1,1
2025-26,1643060,1610612762,partial,1,1
2025-26,1643133,1610612763,partial,1,1
2025-26,1643141,1610612746,partial,1,1
2025-26,1643158,1610612762,partial,1,1
2025-26,1643253,1610612763,partial,1,1
2025-26,1643257,1610612757,partial,1,1
2025-26,200768,1610612755,full_core,0,0
2025-26,201142,1610612745,full_core,0,0
2025-26,201143,1610612744,full_core,0,0
2025-26,201144,1610612750,partial,2,1
2025-26,201145,1610612745,full_core,0,0
2025-26,201566,1610612758,full_core,0,0
2025-26,201567,1610612762,full_core,0,0
2025-26,201569,1610612755,partial,1,1
2025-26,201572,1610612746,full_core,0,0
2025-26,201587,1610612746,full_core,0,0
2025-26,201599,1610612740,partial,1,1
2025-26,201935,1610612739,partial,1,1
2025-26,201935,1610612746,partial,1,1
2025-26,201939,1610612744,full_core,0,0
2025-26,201942,1610612758,full_core,0,0
2025-26,201950,1610612757,full_core,0,0
2025-26,201959,1610612763,partial,1,1
2025-26,202066,1610612761,full_core,0,0
2025-26,202331,1610612755,full_core,0,0
2025-26,202685,1610612743,full_core,0,0
2025-26,202687,1610612759,full_core,0,0
2025-26,202691,1610612742,full_core,0,0
2025-26,202695,1610612746,full_core,0,0
2025-26,202696,1610612738,partial,1,1
2025-26,202696,1610612741,partial,1,1
2025-26,202699,1610612765,full_core,0,0
2025-26,202710,1610612744,full_core,0,0
2025-26,203076,1610612742,partial,1,1
2025-26,203078,1610612746,full_core,0,0
2025-26,203083,1610612755,full_core,0,0
2025-26,203084,1610612759,full_core,0,0
2025-26,203110,1610612744,full_core,0,0
2025-26,203114,1610612742,partial,1,1
2025-26,203114,1610612764,partial,1,1
2025-26,203468,1610612737,partial,1,1
2025-26,203468,1610612764,partial,1,1
2025-26,203471,1610612739,partial,1,1
2025-26,203471,1610612758,partial,1,1
2025-26,203482,1610612759,full_core,0,0
2025-26,203484,1610612763,full_core,0,0
2025-26,203486,1610612759,partial,1,1
2025-26,203486,1610612766,partial,1,1
2025-26,203497,1610612750,full_core,0,0
2025-26,203500,1610612745,full_core,0,0
2025-26,203501,1610612743,full_core,0,0
2025-26,203507,1610612749,full_core,0,0
2025-26,203552,1610612744,partial,1,1
2025-26,203648,1610612749,full_core,0,0
2025-26,203897,1610612758,full_core,0,0
2025-26,203903,1610612752,full_core,0,0
2025-26,203914,1610612749,full_core,0,0
2025-26,203924,1610612757,full_core,0,0
2025-26,203926,1610612758,full_core,0,0
2025-26,203932,1610612743,full_core,0,0
2025-26,203935,1610612747,full_core,0,0
2025-26,203937,1610612750,partial,1,1
2025-26,203937,1610612762,partial,1,1
2025-26,203937,1610612763,partial,1,1
2025-26,203939,1610612742,full_core,0,0
2025-26,203944,1610612750,full_core,0,0
2025-26,203952,1610612748,full_core,0,0
2025-26,203954,1610612755,full_core,0,0
2025-26,203967,1610612758,partial,1,1
2025-26,203991,1610612745,full_core,0,0
2025-26,203992,1610612746,full_core,0,0
2025-26,203994,1610612762,full_core,0,0
2025-26,203999,1610612743,full_core,0,0
2025-26,204001,1610612737,partial,1,1
2025-26,204001,1610612744,partial,1,1
2025-26,204060,1610612750,full_core,0,0
2025-26,204456,1610612754,full_core,0,0
2025-26,2544,1610612747,full_core,0,0
