player_id,player,first_season,last_season,seasons,teams,team_list,tenure_segments,games_processed,minutes_on,minutes_off,team_oreb_on,team_dreb_on,opponent_oreb_on,opponent_dreb_on,team_oreb_off,team_dreb_off,opponent_oreb_off,opponent_dreb_off,team_rebounds_on,opponent_rebounds_on,team_rebounds_off,opponent_rebounds_off,treb_on,treb_off,treb_swing_pp,oreb_pct_on,oreb_pct_off,oreb_swing_pp,dreb_pct_on,dreb_pct_off,dreb_swing_pp,seconds_on,seconds_off
202699,Tobias Harris,2012-13,2018-19,4,5,"DET,LAC,MIL,ORL,PHI",8,325,9328.25,6366.75,2522,6968,2309,6892,1815,4629,1844,4700,9490,9201,6444,6544,0.507730993526296,0.4961502925777641,1.158070094853192,0.26789887401742085,0.27858787413660785,-1.0689000119186998,0.7511048830440875,0.7151243627375251,3.5980520306562402,559695,382005
201935,James Harden,2020-21,2025-26,4,5,"BKN,CLE,HOU,LAC,PHI",7,309,8896.883333333333,5995.116666666667,2120,6510,2441,6125,1553,4529,1771,4363,8630,8566,6082,6134,0.5018608978832286,0.49787164374590703,0.3989254137321596,0.25712553062462096,0.2625084516565247,-0.5382921031903742,0.7272930398838119,0.7188888888888889,0.8404150994922976,533813,359707
203915,Spencer Dinwiddie,2016-17,2023-24,4,4,"BKN,DAL,LAL,WAS",7,303,8150.966666666666,6488.033333333334,1875,6029,2169,6217,1536,4819,1767,4808,7904,8386,6355,6575,0.48520564763658686,0.491492652745553,-0.6287005108966126,0.23171033119130005,0.2421185372005044,-1.0408206009204362,0.7354232739692608,0.7317036137260856,0.371966024317516,489058,389282
201145,Jeff Green,2010-11,2019-20,4,6,"BOS,HOU,LAC,MEM,OKC,UTA",8,292,8100.666666666667,6030.333333333333,1928,5713,2157,5784,1471,4428,1684,4344,7641,7941,5899,6028,0.4903735078937235,0.49459210195355074,-0.42185940598272187,0.25,0.2529664660361135,-0.2966466036113502,0.7259212198221092,0.724476439790576,0.14447800315332548,486040,361820
203471,Dennis Schroder,2021-22,2025-26,4,8,"BKN,BOS,CLE,DET,GSW,HOU,SAC,TOR",9,327,8072.816666666667,7738.183333333333,2110,5732,2264,6019,2165,5601,2181,5617,7842,8283,7766,7798,0.4863255813953488,0.49897198663582626,-1.2646405240477443,0.2595645220814368,0.27820611667951683,-1.8641594598080014,0.7168584292146073,0.7197378565921357,-0.2879427377528443,484369,464291
1536,Stephen Jackson,2006-07,2013-14,5,6,"CHA,GSW,IND,LAC,MIL,SAS",8,323,7955.75,7653.25,2058,5376,2219,5393,1985,5400,2192,5286,7434,7612,7385,7478,0.49408480659311443,0.49687142568794995,-0.27866190948355185,0.27620453630385183,0.2730023380552881,0.32021982485637146,0.7078341013824885,0.7112750263435195,-0.3440924961030989,477345,459195
147,Jalen Rose,2001-02,2006-07,4,5,"CHI,IND,NYK,PHX,TOR",7,328,7895.75,8013.25,2018,5255,2299,5503,1902,5411,2279,5389,7273,7802,7313,7668,0.48245439469320067,0.4881516587677725,-0.5697264074571828,0.26831538359260737,0.2608695652173913,0.7445818375216073,0.6956579295737357,0.7036410923276983,-0.7983162753962603,473745,480795
2422,John Salmons,2008-09,2014-15,4,5,"CHI,MIL,NOP,SAC,TOR",7,301,7778.966666666666,6834.033333333334,2147,5246,2158,5413,2009,4787,1844,4619,7393,7571,6796,6463,0.49405239240844695,0.5125575081077004,-1.850511569925345,0.283994708994709,0.30310802655401325,-1.9113317559304233,0.708535926526202,0.7219122304328156,-1.3376303906613596,466738,410042
203496,Robert Covington,2014-15,2023-24,5,5,"HOU,LAC,MIN,PHI,POR",9,391,7655.9,11272.1,2076,5732,2079,5930,3103,8132,3092,8652,7808,8009,11235,11744,0.4936460770057533,0.4889246703511902,0.47214066545631095,0.2593055208593555,0.2639727775414717,-0.46672566821162054,0.7338368966841634,0.7245188880969351,0.931800858722831,459354,676326
2229,Mike James,2001-02,2013-14,9,9,"BOS,CHI,DAL,DET,HOU,MIA,MIL,NOH,WAS",18,559,7615.966666666666,19371.033333333333,2093,5160,2137,5270,5452,13369,5260,12913,7253,7407,18821,18173,0.4947476125511596,0.5087581770016759,-1.4010564450516294,0.28425913350536464,0.29686904437789274,-1.2609910872528107,0.7071399205152803,0.7176445327178056,-1.0504612202525299,456958,1162262
1737,Nazr Mohammed,2000-01,2015-16,6,7,"ATL,CHA,DET,NYK,OKC,PHI,SAS",11,434,7413.466666666666,13613.533333333333,2155,5007,2093,5037,3834,9331,3969,9008,7162,7130,13165,12977,0.5011195074167366,0.5035957463086221,-0.24762388918855294,0.2996384872080089,0.2985516274723563,0.108685973565259,0.7052112676056338,0.7015789473684211,0.3632320237212716,444808,816812
2400,Drew Gooden,2002-03,2013-14,5,9,"CHI,CLE,DAL,LAC,MEM,ORL,SAC,SAS,WAS",10,349,7412.25,9519.75,2079,4970,2040,5074,2619,6518,2684,6527,7049,7114,9137,9211,0.49770528842759304,0.49798343143666884,-0.027814300907580414,0.29064728086117714,0.2863546905751148,0.42925902860623255,0.7089871611982882,0.708324277331015,0.06628838672732007,444735,571185
1627741,Buddy Hield,2016-17,2025-26,4,6,"ATL,GSW,IND,NOP,PHI,SAC",8,330,7365.866666666667,8569.133333333333,1977,5175,2071,5530,2281,6316,2367,6404,7152,7601,8597,8771,0.484782756049617,0.4949907876554583,-1.0208031605841272,0.2633542027441055,0.2626367299942429,0.07174727498625577,0.714187137731162,0.7273983646205229,-1.3211226889360828,441952,514148
754,Jim Jackson,2000-01,2005-06,5,7,"ATL,CLE,HOU,LAL,MIA,PHX,SAC",8,363,7331.35,10267.65,2059,5248,2139,5009,2628,7328,3102,7058,7307,7148,9956,10160,0.5054998270494638,0.4949294094253331,1.0570417624130746,0.2913129598189021,0.2713194301053066,1.999352971359547,0.7104372546365236,0.7025886864813039,0.7848568155219726,439881,616059
201571,D.J. Augustin,2013-14,2021-22,5,8,"CHI,DEN,DET,HOU,LAL,MIL,OKC,TOR",10,394,7071.866666666667,11970.133333333333,1984,5112,1884,5026,3479,8919,3060,8782,7096,6910,12398,11842,0.5066400114236755,0.5114686468646865,-0.48286354410109755,0.28302425106990015,0.28374520838430795,-0.07209573144077996,0.7307032590051458,0.7445529676934636,-1.3849708688317808,424312,718208
2772,Trevor Ariza,2005-06,2021-22,6,8,"LAL,MIA,NYK,ORL,PHX,POR,SAC,WAS",10,432,6690.083333333333,14260.916666666666,1636,4741,1763,4944,3695,10305,3834,10138,6377,6707,14000,13972,0.48738917762152245,0.5005005005005005,-1.3111322878978093,0.2486322188449848,0.26711487023783703,-1.8482651392852238,0.7289360393603936,0.728835136855506,0.010090250488759,401405,855655
201147,Corey Brewer,2010-11,2019-20,6,7,"DAL,HOU,LAL,MIN,OKC,PHI,SAC",11,368,6611.266666666666,11167.733333333334,2016,4723,1835,4869,3115,8192,2962,8184,6739,6704,11307,11146,0.5013017927545935,0.5035852670021823,-0.22834742475887904,0.2928104575163399,0.2756881139923887,1.71223435239512,0.7201890820372064,0.7344450421373498,-1.4255960100143406,396676,670064
436,Juwan Howard,2000-01,2012-13,5,5,"CHA,DAL,DEN,MIA,WAS",8,337,6485.266666666666,9790.733333333334,1788,4314,1874,4388,2584,6722,2687,6432,6102,6262,9306,9119,0.4935296020705273,0.5050746268656716,-1.1545024795144299,0.28950777202072536,0.28660159716060335,0.2906174860122013,0.6971557853910795,0.7144223615687109,-1.7266576177631388,389116,587444
693,Joe Smith,2000-01,2010-11,5,8,"CHI,CLE,DEN,DET,LAL,NJN,OKC,PHI",9,397,6341.716666666666,12904.283333333333,1939,4392,1732,4424,3885,8826,3591,8657,6331,6156,12711,12248,0.5070072875790822,0.5092752113466085,-0.22679237675262698,0.3047304730473047,0.3097592090575666,-0.502873601026188,0.7171783148269105,0.7107997100748973,0.6378604752013239,380503,774257
1729,Ricky Davis,2003-04,2009-10,3,4,"BOS,CLE,LAC,MIN",5,217,6142.95,4343.05,1621,4134,1852,4040,1148,2910,1302,2980,5755,5892,4058,4282,0.4941186571649352,0.4865707434052758,0.7547913759659408,0.2863451686981099,0.27810077519379844,0.8244393504311442,0.6906114266622119,0.6908831908831908,-0.027176422097896502,368577,260583
203200,Justin Holiday,2012-13,2022-23,5,7,"ATL,CHI,DAL,IND,MEM,PHI,SAC",9,331,6129.083333333333,9863.916666666666,1460,4475,1590,4770,2398,7193,2666,7369,5935,6360,9591,10035,0.4827165514436763,0.48868847447263836,-0.5971923028962045,0.23434991974317818,0.2455206306951981,-1.1170710952019935,0.7378400659521847,0.7295871792271021,0.8252886725082509,367745,591835
202397,Ish Smith,2010-11,2023-24,7,10,"CHA,GSW,HOU,MEM,MIL,NOP,OKC,ORL,PHI,WAS",13,508,6104.266666666666,18469.733333333334,1608,4312,1699,4772,5070,12990,4979,13376,5920,6471,18060,18355,0.47776612057138246,0.4959494713716875,-1.8183350800305031,0.25203761755485893,0.27485633741732624,-2.2818719862467307,0.717351522209283,0.7229116812287829,-0.5560159019499911,366256,1108184
203109,Jae Crowder,2014-15,2024-25,5,8,"BOS,CLE,DAL,MEM,MIA,MIL,SAC,UTA",8,330,6021.583333333333,9913.416666666666,1555,4463,1589,4565,2516,7460,2560,7158,6018,6154,9976,9718,0.49441340782122906,0.5065502183406113,-1.2136810519382257,0.2540849673202614,0.26007856109158567,-0.5993593771324246,0.7374421678783873,0.7445109780439122,-0.7068810165524853,361295,594805
201977,Marcus Thornton,2010-11,2016-17,5,7,"BKN,BOS,HOU,NOH,PHX,SAC,WAS",9,380,5919.566666666667,12500.433333333332,1700,4070,1553,4216,3214,8936,3289,8862,5770,5769,12150,12151,0.5000433313112055,0.4999794247150323,0.006390659617316885,0.28735632183908044,0.26614773103676714,2.12085908023133,0.7238129112573359,0.730961145194274,-0.7148233936938087,355174,750026
101141,Ersan Ilyasova,2015-16,2020-21,4,6,"ATL,DET,OKC,ORL,PHI,UTA",8,286,5900.066666666667,7912.933333333333,1676,4234,1563,4432,2069,6091,1978,5919,5910,5995,8160,7897,0.49643007139857204,0.5081895746403438,-1.1759503241771718,0.27439423706614274,0.25901352028042063,1.5380716785722115,0.7303777816111782,0.7548642954517288,-2.448651384055067,354004,474776
2581,Steve Blake,2006-07,2013-14,3,6,"DEN,GSW,LAC,LAL,MIL,POR",6,251,5880.683333333333,6237.316666666667,1498,4003,1655,4105,1692,4341,1826,4291,5501,5760,6033,6117,0.4885001332030903,0.4965432098765432,-0.8043076673452887,0.2673567731572372,0.28280127026575297,-1.5444497108515753,0.7074938140685755,0.7039078968704394,0.3585917198136057,352841,374239
2207,Joe Johnson,2001-02,2021-22,4,6,"BKN,BOS,HOU,MIA,PHX,UTA",7,251,5826.966666666666,6301.033333333334,1444,4198,1510,4234,1656,4474,1638,4568,5642,5744,6130,6206,0.49552081503600914,0.4969195849546044,-0.13987699185952773,0.2543148996125396,0.2660668380462725,-1.17519384337329,0.735459004905396,0.7320026178010471,0.34563871043488126,349618,378062
56,Gary Payton,2002-03,2004-05,2,3,"BOS,MIL,SEA",4,160,5760.633333333333,1989.3666666666666,1606,3770,1687,3938,555,1316,624,1280,5376,5625,1871,1904,0.48868284701390785,0.49562913907284767,-0.6946292058939818,0.2896825396825397,0.3024523160762943,-1.2769776393754595,0.6908557815649624,0.6783505154639176,1.2505266101044854,345638,119362
1626156,D'Angelo Russell,2019-20,2025-26,4,5,"BKN,DAL,GSW,LAL,MIN",7,282,5731.55,7889.45,1433,4195,1691,4282,2090,5812,2112,6030,5628,5973,7902,8142,0.48513059219032845,0.4925205684367988,-0.7389976246470364,0.25074365704286966,0.25738916256157635,-0.6645505518706685,0.7127081209650017,0.7334679454820797,-2.075982451707803,343893,473367
947,Allen Iverson,2006-07,2009-10,3,4,"DEN,DET,MEM,PHI",6,215,5718.383333333333,4696.616666666667,1510,3906,1604,3954,1407,3101,1243,3048,5416,5558,4508,4291,0.49353016220156737,0.5123309466984884,-1.8800784496921075,0.27635431918008785,0.31582491582491584,-3.9470596644827993,0.7088929219600726,0.7138581952117864,-0.4965273251713809,343103,281797
689,Theo Ratliff,2000-01,2009-10,4,7,"ATL,CHA,DET,MIN,PHI,POR,SAS",7,302,5707.1,8893.9,1568,3954,1762,3638,2615,6020,2367,5913,5522,5400,8635,8280,0.5055850576817432,0.5104936446940586,-0.4908587012315335,0.3011909335382251,0.3066369606003752,-0.5446027062150083,0.6917424772568229,0.7177775128174556,-2.603503556063269,342426,533634
1889,Andre Miller,2006-07,2015-16,4,6,"DEN,MIN,PHI,SAC,SAS,WAS",8,327,5638.433333333333,10192.566666666668,1567,3856,1623,3559,2747,7273,2752,7223,5423,5182,10020,9975,0.5113625648279113,0.5011252813203301,1.023728350758124,0.3056964494732735,0.2755265797392176,3.0169869734055887,0.7037780616900894,0.7254862842892769,-2.1708222599187477,338306,611554
2734,Devin Harris,2007-08,2017-18,3,4,"DAL,DEN,NJN,UTA",6,245,5586.233333333334,6273.766666666666,1352,3838,1476,3750,1585,4369,1580,4519,5190,5226,5954,6099,0.49827188940092165,0.4939849000248901,0.4286989376031558,0.26499411995295963,0.25966579292267367,0.5328327030285962,0.7222431313511479,0.7344091443940158,-1.2166013042867907,335174,376426
201196,Ramon Sessions,2011-12,2017-18,4,7,"CHA,CLE,LAL,MIL,NYK,SAC,WAS",9,293,5501.266666666666,8702.733333333334,1624,3943,1517,3800,2321,6351,2220,6082,5567,5317,8672,8302,0.5114847482543182,0.5108990220336986,0.05857262206195868,0.2994100294985251,0.2762108770677139,2.3199152430811165,0.7221611721611721,0.7409870493524676,-1.882587719129547,330076,522164
201609,Goran Dragic,2010-11,2022-23,4,7,"BKN,CHI,HOU,MIA,MIL,PHX,TOR",8,321,5241.15,10306.85,1368,3623,1484,3719,2680,7492,2851,7368,4991,5203,10172,10219,0.4896017265057877,0.4988475307733804,-0.9245804267592694,0.268920778454885,0.26671974522292996,0.22010332319550296,0.7094184452711964,0.7243546359856908,-1.493619071449448,314469,618411
200752,Rudy Gay,2012-13,2013-14,2,3,"MEM,SAC,TOR",4,162,5218.0,2628.0,1596,3596,1299,3410,821,1804,715,1833,5192,4709,2625,2548,0.5243914756085244,0.5074424898511503,1.6948985757374135,0.3188174190970835,0.30934438583270535,0.947303326437815,0.7346271705822267,0.7161572052401747,1.846996534205203,313080,157680
203918,Rodney Hood,2017-18,2021-22,4,6,"CLE,LAC,MIL,POR,TOR,UTA",8,320,5159.983333333334,10255.016666666666,1264,3723,1316,3921,2700,7716,2569,7714,4987,5237,10416,10283,0.48777386541471046,0.5032127155901251,-1.5438850175414687,0.2437801350048216,0.25926637219128096,-1.5486237186459362,0.7388370708473904,0.7502187651920272,-1.1381694344636872,309599,615301
1863,Earl Boykins,2002-03,2011-12,5,6,"CHA,DEN,GSW,HOU,MIL,WAS",6,275,5156.783333333334,8143.216666666666,1629,3394,1686,3558,2433,5502,2413,5485,5023,5244,7935,7898,0.48923736242329796,0.5011684456514874,-1.1931083228189476,0.3140543666859456,0.3072745642839101,0.6779802402035517,0.6681102362204724,0.6951358180669615,-2.7025581846489066,309407,488593
2202,Jason Richardson,2008-09,2010-11,2,3,"CHA,ORL,PHX",4,162,5125.65,2720.35,1342,3494,1418,3427,790,1847,773,1748,4836,4845,2637,2521,0.49953517198636505,0.5112446684761536,-1.170949648978853,0.2814007129377228,0.3112687155240347,-2.986800258631189,0.7113192182410424,0.7049618320610687,0.6357386179973723,307539,163221
1733,Al Harrington,2006-07,2008-09,2,3,"GSW,IND,NYK",4,163,5109.25,2764.75,1461,3452,1404,3734,804,1847,879,1962,4913,5138,2651,2841,0.4888070838722515,0.4827021121631464,0.6104971709105123,0.28123195380173244,0.29067245119305857,-0.944049739132613,0.7108731466227347,0.677549523110785,3.332362351194973,306555,165885
1497,Chauncey Billups,2008-09,2010-11,2,3,"DEN,DET,NYK",4,168,5098.966666666666,2975.0333333333333,1283,3513,1441,3430,851,2045,853,2004,4796,4871,2896,2857,0.49612082341988206,0.503389535894316,-0.7268712474433947,0.2722257585402079,0.2980735551663748,-2.5847796626166875,0.7091239402503028,0.7056590752242926,0.34648650260101777,305938,178502
202348,Jordan Crawford,2010-11,2017-18,5,5,"ATL,BOS,GSW,NOP,WAS",9,270,5090.216666666666,7964.783333333334,1329,3523,1495,3755,1952,5665,2139,5618,4852,5250,7617,7757,0.4803009305088101,0.4954468583322493,-1.5145927823439154,0.2614083398898505,0.25785997357992074,0.35483663099297735,0.7020725388601037,0.7259097898513582,-2.3837250991254555,305413,477887
1921,Gordan Giricek,2002-03,2007-08,3,5,"MEM,ORL,PHI,PHX,UTA",7,247,5026.533333333334,6904.466666666666,1467,3388,1527,3434,2077,4462,1986,4459,4855,4961,6539,6445,0.49460065199674,0.5036198398028343,-0.9019187806094286,0.29932666802693325,0.3177784577723378,-1.8451789745404568,0.6893184130213632,0.6919975186104218,-0.26791055890585946,301592,414268
202704,Reggie Jackson,2014-15,2024-25,4,5,"DEN,DET,LAC,OKC,PHI",7,285,4995.616666666667,8784.383333333333,1395,3699,1334,3607,2320,6261,2312,6397,5094,4941,8581,8709,0.5076233183856502,0.4962984384037016,1.1324879981948643,0.2788884446221511,0.2661466100722726,1.274183454987854,0.7349493343930061,0.7303161087134026,0.46332256796035587,299737,527063
2546,Carmelo Anthony,2010-11,2019-20,3,4,"DEN,HOU,NYK,POR",4,192,4947.566666666667,4308.433333333333,1215,3603,1393,3632,1155,3023,1219,3149,4818,5025,4178,4368,0.48948491313623893,0.4888836882752165,0.06012248610224313,0.25067051784609035,0.2683550185873606,-1.768450074127026,0.7211769415532426,0.7126355492692127,0.8541392284029947,296854,258506
1713,Vince Carter,2004-05,2010-11,2,4,"NJN,ORL,PHX,TOR",4,168,4889.983333333334,3249.016666666667,1291,3312,1323,3476,819,2149,921,2236,4603,4799,2968,3157,0.48957668581152947,0.4845714285714286,0.5005257240100869,0.2708202223620726,0.2680851063829787,0.27351159790938717,0.7145631067961165,0.7,1.4563106796116498,293399,194941
2757,Beno Udrih,2007-08,2015-16,4,6,"MEM,MIA,MIL,NYK,ORL,SAC",7,304,4886.8,9815.2,1325,3383,1341,3418,2672,6701,2623,6868,4708,4759,9373,9491,0.497306432872082,0.4968723494486853,0.04340834233966806,0.27935905545013706,0.280083857442348,-0.07248019922109217,0.7161303979678239,0.7186829686829687,-0.25525707151448085,293208,588912
1627747,Caris LeVert,2020-21,2024-25,3,4,"ATL,BKN,CLE,IND",6,239,4861.866666666667,6690.133333333333,1222,3565,1378,3570,1754,4973,1803,4917,4787,4948,6727,6720,0.49173086800205446,0.5002602811035919,-0.8529413101537431,0.255008347245409,0.2629290960875431,-0.7920748842134118,0.7212219300020231,0.733913813459268,-1.2691883457244924,291712,401408
201967,Dante Cunningham,2010-11,2017-18,3,4,"BKN,CHA,NOP,POR",5,227,4850.666666666667,6145.333333333333,1224,3339,1237,3341,1585,4259,1652,4270,4563,4578,5844,5922,0.49917952084017064,0.49668536460989293,0.2494156230277711,0.26812705366922235,0.2707087959009394,-0.25817422317170324,0.7296765734265734,0.7205210624259855,0.9155511000587979,291040,368720
1626153,Delon Wright,2018-19,2024-25,4,8,"DET,MEM,MIA,MIL,NYK,SAC,TOR,WAS",8,313,4822.3,10316.7,1214,3427,1272,3677,2470,7653,2924,7764,4641,4949,10123,10688,0.48394160583941603,0.4864254480803421,-0.24838422409260708,0.24821099979554284,0.24135235489544654,0.68586449000963,0.7293041072568631,0.7235511014465349,0.5753005810328227,289338,619002
2594,Kyle Korver,2007-08,2018-19,3,4,"ATL,CLE,PHI,UTA",6,243,4819.5,6919.5,1228,3523,1292,3412,1840,5129,1725,4795,4751,4704,6969,6520,0.5024854574299312,0.5166431907480169,-1.4157733318085675,0.2646551724137931,0.2773172569706104,-1.2662084556817277,0.7316718587746626,0.7483221476510067,-1.6650288876344121,289170,415170
201949,James Johnson,2010-11,2023-24,7,9,"BKN,CHI,DAL,IND,MEM,MIA,MIN,NOP,TOR",12,512,4812.7,19918.3,1334,3474,1363,3438,5228,14515,5304,14214,4808,4801,19743,19518,0.5003642418565928,0.5028654389852525,-0.25011971286597046,0.279547359597653,0.2689023762987347,1.0644983298918276,0.718213768864999,0.7323780210908724,-1.4164252225873364,288762,1195098
1747,Rafer Alston,2002-03,2009-10,3,5,"HOU,MIA,NJN,ORL,TOR",5,212,4806.633333333333,5429.366666666667,1312,3321,1359,3379,1489,3712,1400,3656,4633,4738,5201,5056,0.49439760964678264,0.5070683435702447,-1.2670733923462019,0.2796845022383287,0.28940719144800775,-0.9722689209679058,0.7096153846153846,0.7261345852895149,-1.6519200674130263,288398,325762
1890,Shawn Marion,2007-08,2008-09,2,3,"MIA,PHX,TOR",4,162,4785.0,3046.0,1168,3292,1334,3335,697,1988,956,2209,4460,4669,2685,3165,0.4885529630846752,0.45897435897435895,2.9578604110316267,0.2593826337996891,0.2398485891259463,1.9534044673742812,0.7116299178555988,0.6752717391304348,3.6358178725164003,287100,182760
2222,Gerald Wallace,2010-11,2011-12,2,3,"CHA,NJN,POR",4,147,4768.816666666667,2337.1833333333334,1312,3208,1268,3192,634,1517,599,1626,4520,4460,2151,2225,0.5033407572383074,0.49154478976234006,1.179596747596734,0.2912966252220249,0.28053097345132744,1.0765651770697438,0.7167113494191242,0.7169187145557656,-0.02073651366414353,286129,140231
1716,Larry Hughes,2007-08,2011-12,4,5,"CHA,CHI,CLE,NYK,ORL",7,259,4727.7,7834.3,1339,3118,1301,3414,2225,5318,2166,5356,4457,4715,7543,7522,0.4859354557348452,0.5006969797543976,-1.476152401955244,0.2817168104355144,0.2934969001450996,-1.1780089709585218,0.7055894998868523,0.71058257616248,-0.4993076275627728,283662,470058
2436,Flip Murray,2002-03,2009-10,4,7,"CHA,CHI,CLE,DET,IND,MIL,SEA",8,325,4720.933333333333,11009.066666666668,1294,3214,1332,3201,3062,7168,2962,7278,4508,4533,10230,10240,0.4986174095785864,0.49975574010747437,-0.11383305288879542,0.2878754171301446,0.2961315280464217,-0.8256110916277093,0.7069951605807303,0.7076011846001974,-0.06060240194670774,283256,660544
201584,Courtney Lee,2013-14,2018-19,3,5,"BOS,CHA,DAL,MEM,NYK",6,245,4709.866666666667,7105.133333333333,1141,3297,1199,3394,1923,5163,1896,5318,4438,4593,7086,7214,0.4914184475694829,0.49552447552447554,-0.41060279549926526,0.2515986769570011,0.2655710537218616,-1.3972376764860517,0.7333185053380783,0.7314067148321292,0.19117905059491402,282592,426308
203482,Kelly Olynyk,2020-21,2024-25,3,5,"HOU,MIA,NOP,TOR,UTA",6,240,4646.85,6943.15,1230,3397,1310,3379,1973,5069,1921,5121,4627,4689,7042,7042,0.496672391584371,0.5,-0.3327608415629013,0.26686916901714036,0.27812235692134196,-1.12531879042016,0.7216910983641385,0.7251788268955651,-0.3487728531426648,278811,416589
201588,George Hill,2017-18,2022-23,4,6,"CLE,IND,MIL,OKC,PHI,SAC",8,317,4619.483333333334,10661.516666666666,1164,3516,1164,3428,2673,8200,2779,8230,4680,4592,10873,11009,0.5047454702329595,0.49689242299606984,0.7853047236889621,0.2534843205574913,0.2451618820508117,0.8322438506679602,0.7512820512820513,0.7468804080517352,0.440164323031611,277169,639691
202693,Markieff Morris,2015-16,2024-25,5,7,"BKN,DAL,DET,LAL,OKC,PHX,WAS",10,402,4606.483333333334,14819.516666666666,1132,3368,1182,3562,3714,10867,4083,10984,4500,4744,14581,15067,0.4868022501081783,0.4918038316243929,-0.5001581516214604,0.24115892628887942,0.2526874404680909,-1.1528514179211469,0.7402197802197802,0.7268896321070234,1.333014811275679,276389,889171
203083,Andre Drummond,2019-20,2021-22,3,5,"BKN,CLE,DET,LAL,PHI",6,218,4556.883333333333,5997.116666666667,1310,3266,1108,3292,1404,4381,1617,4442,4576,4400,5785,6059,0.5098039215686274,0.4884329618372172,2.1370959731410233,0.2846588439808779,0.24016421484775916,4.449462913311872,0.7466849565614998,0.7304101367122374,1.6274819849262379,273413,359827
1563,Kevin Ollie,2000-01,2002-03,3,6,"CHI,IND,MIL,NJN,PHI,SEA",6,243,4549.116666666667,7214.883333333333,1223,3032,1320,2990,2117,4848,1973,4960,4255,4310,6965,6933,0.4967892586106246,0.5011512447834221,-0.4361986172797483,0.29029195347733205,0.29913805284725165,-0.8846099369919591,0.6966911764705882,0.7107462248937106,-1.405504842312244,272947,432893
976,Jeff McInnis,2003-04,2007-08,3,3,"CHA,CLE,POR",4,190,4490.233333333334,4729.766666666666,1268,2877,1298,3008,1452,3047,1324,3197,4145,4306,4499,4521,0.4904745000591646,0.49878048780487805,-0.830598774571345,0.29653882132834425,0.31232523123252315,-1.57864099041789,0.6891017964071856,0.6970944863875543,-0.7992689980368728,269414,283786
203516,James Ennis III,2015-16,2021-22,5,10,"BKN,DEN,DET,HOU,LAC,MEM,MIA,NOP,ORL,PHI",12,320,4483.45,10976.55,1184,3212,1133,3233,2762,8127,2797,8161,4396,4366,10889,10958,0.5017119379137184,0.4984208358126974,0.32911021010209596,0.2680552411138782,0.25286093564039186,1.5194305473486325,0.739240506329114,0.7439582570487001,-0.47177507195861335,269007,658593
1903,Kenny Thomas,2002-03,2009-10,3,3,"HOU,PHI,SAC",5,215,4464.15,5960.85,1385,2908,1244,2995,1766,4150,1618,4108,4293,4239,5916,5726,0.5031645569620253,0.5081601099467445,-0.4995552984719209,0.3162100456621005,0.3006469186244467,1.556312703765378,0.7003853564547207,0.7194868238557559,-1.9101467401035244,267849,357651
201171,Carl Landry,2009-10,2010-11,2,3,"HOU,NOH,SAC",4,158,4442.083333333333,3211.9166666666665,1327,2894,1184,3023,933,2159,826,2277,4221,4207,3092,3103,0.5008305647840532,0.49911218724778045,0.17183775362727416,0.30505747126436783,0.2906542056074766,1.4403265656891207,0.7096615988229524,0.7232830820770519,-1.362148325409951,266525,192715
1887,Wally Szczerbiak,2005-06,2007-08,2,4,"BOS,CLE,MIN,SEA",4,160,4441.283333333334,3283.7166666666667,1188,3048,1225,2990,940,2332,873,2277,4236,4215,3272,3150,0.501242456514022,0.5094985985674245,-0.8256142053402526,0.2843465773097176,0.29219769972023624,-0.7851122410518663,0.7133161713082143,0.7276131045241809,-1.429693321596659,266477,197023
203085,Austin Rivers,2014-15,2020-21,3,6,"DEN,HOU,LAC,NOP,NYK,WAS",6,220,4435.433333333333,6179.566666666667,1126,3177,1255,3395,1647,4643,1597,4565,4303,4650,6290,6162,0.48062102088685354,0.5051397365884999,-2.451871570164632,0.24905994249059943,0.26513200257566,-1.6072060085060569,0.7168321299638989,0.7440705128205128,-2.723838285661395,266126,370774
203486,Mason Plumlee,2016-17,2025-26,3,5,"CHA,DEN,LAC,POR,SAS",6,241,4372.316666666667,7295.683333333333,1201,3111,1140,3201,2088,5601,1947,5306,4312,4341,7689,7253,0.498324280596325,0.5145897470218177,-1.6265466425492703,0.2728305315765561,0.2823911279415742,-0.9560596365018104,0.7318278052223006,0.7420508744038156,-1.0223069181514943,262339,437741
203468,CJ McCollum,2021-22,2025-26,2,4,"ATL,NOP,POR,WAS",4,161,4372.25,3380.75,1289,3252,1244,3290,965,2417,898,2513,4541,4534,3382,3411,0.5003856749311295,0.49786544972766084,0.25202252034686734,0.28150251146538546,0.277458309373203,0.40442020921824806,0.7233096085409253,0.7291101055806938,-0.5800497039768482,262335,202845
1802,Brad Miller,2001-02,2008-09,2,3,"CHI,IND,SAC",4,164,4363.4,3583.6,1247,2841,1251,2949,959,2370,1030,2472,4088,4200,3329,3502,0.49324324324324326,0.48733713951105256,0.5906103732190693,0.29718779790276456,0.2795103468376567,1.7677451065107874,0.6942815249266863,0.6970588235294117,-0.2777298602725464,261804,215016
202692,Alec Burks,2018-19,2023-24,3,7,"CLE,DET,GSW,NYK,PHI,SAC,UTA",7,238,4340.616666666667,7143.383333333333,1133,3124,1124,3335,1976,5187,1786,5387,4257,4459,7163,7173,0.4884121156493805,0.49965122767857145,-1.1239112029190979,0.2535810205908684,0.26836887138394677,-1.4787850793078372,0.7354048964218456,0.7438692098092643,-0.8464313387418709,260437,428603
185,Chris Webber,2004-05,2007-08,3,4,"DET,GSW,PHI,SAC",5,190,4320.0,4870.0,1062,2817,1259,2978,1432,3281,1439,3367,3879,4237,4713,4806,0.4779448003942829,0.4951150330917113,-1.71702326974284,0.2628712871287129,0.29839549906230467,-3.5524211933591787,0.6911187438665358,0.6951271186440678,-0.400837477753202,259200,292200
2209,Vladimir Radmanovic,2005-06,2009-10,3,5,"CHA,GSW,LAC,LAL,SEA",6,249,4309.8,7722.2,1212,2836,1209,2924,2112,5098,2197,5235,4048,4133,7210,7432,0.4948050360591615,0.49241906843327415,0.23859676258873308,0.293036750483559,0.2874642711310739,0.557247935248506,0.7011124845488257,0.6988348183687457,0.22776661800799625,258588,463332
202694,Marcus Morris,2012-13,2023-24,3,6,"CLE,HOU,LAC,NYK,PHI,PHX",7,217,4277.116666666667,6193.883333333333,1240,3117,1092,3160,1696,4439,1653,4476,4357,4252,6135,6129,0.5060982692531072,0.5002446183953033,0.5853650857803872,0.2818181818181818,0.2747893713545042,0.7028810463677593,0.7405559515324305,0.7286605384110308,1.1895413121399634,256627,371633
1628404,Josh Hart,2021-22,2022-23,2,3,"NOP,NYK,POR",4,162,4245.133333333333,3565.866666666667,1129,3106,1023,3021,996,2507,890,2655,4235,4044,3503,3545,0.5115352095663728,0.4970204313280363,1.4514778238336468,0.27204819277108433,0.27280197206244866,-0.07537792913643315,0.7522402518769677,0.7380041212834855,1.4236130593482277,254708,213952
1897,Metta World Peace,2001-02,2013-14,3,4,"CHI,IND,NYK,SAC",5,219,4236.533333333334,6345.466666666666,1186,2898,1149,2897,1676,4196,1692,4378,4084,4046,5872,6070,0.5023370233702337,0.4917099313347848,1.062709203544887,0.2904726916482978,0.2768417575156921,1.3630934132605688,0.7160859896219421,0.7126358695652174,0.3450120056724737,254192,380728
2406,Caron Butler,2009-10,2013-14,2,4,"DAL,MIL,OKC,WAS",4,160,4202.783333333334,3557.2166666666667,1075,2898,1136,2966,1040,2415,1032,2475,3973,4102,3455,3507,0.4920123839009288,0.4962654409652399,-0.42530570643111165,0.2660232615689186,0.2958748221906117,-2.9851560621693087,0.7183936539414972,0.700609225413403,1.7784428528094254,252167,213433
200782,PJ Tucker,2006-07,2024-25,5,7,"HOU,LAC,MIL,NYK,PHI,PHX,TOR",9,322,4198.066666666667,11317.933333333332,1145,3014,1043,3172,2789,8225,3030,8094,4159,4215,11014,11124,0.49665631717219966,0.497515584063601,-0.08592668914013668,0.26523048413249944,0.2562712487365616,0.8959235395937848,0.7429134828691151,0.730786317192359,1.212716567675609,251884,679076
2306,Carlos Arroyo,2001-02,2010-11,4,7,"BOS,DEN,DET,MIA,ORL,TOR,UTA",8,305,4191.866666666667,10568.133333333333,1244,2816,1151,2708,2917,7193,2994,6784,4060,3859,10110,9778,0.5126909963379215,0.5083467417538214,0.4344254584100038,0.3147773279352227,0.30069065044840737,1.4086677486815302,0.7098563145954121,0.7060960047118877,0.3760309883524382,251512,634088
1628464,Daniel Theis,2020-21,2024-25,4,6,"BOS,CHI,HOU,IND,LAC,NOP",7,287,4188.383333333333,9617.616666666667,1056,3095,1126,3164,2613,6944,2592,6882,4151,4290,9557,9474,0.49176637839118587,0.5021806526194105,-1.0414274228224607,0.2502369668246445,0.27519747235387043,-2.4960505529225907,0.7332385690594646,0.7281879194630873,0.5050649596377355,251303,577057
203926,Doug McDermott,2016-17,2023-24,3,6,"CHI,DAL,IND,NYK,OKC,SAS",6,246,4180.016666666666,7697.983333333334,1146,3106,1067,3049,2159,5715,1934,5711,4252,4116,7874,7645,0.5081261950286807,0.5073780527095818,0.07481423190989211,0.2731823599523242,0.27433290978398983,-0.1150549831665626,0.744308650850707,0.747156491044581,-0.2847840193874074,250801,461879
2564,Boris Diaw,2008-09,2011-12,2,3,"CHA,PHX,SAS",4,149,4178.516666666666,3028.483333333333,1067,2828,1131,2762,788,2011,871,1986,3895,3893,2799,2857,0.5001284026707755,0.4948727015558699,0.5255701114905642,0.27866283624967353,0.28406633020908434,-0.540349395941081,0.7143217984339479,0.6977793199167245,1.6542478517223458,250711,181709
202696,Nikola Vucevic,2020-21,2025-26,2,3,"BOS,CHI,ORL",4,156,4166.433333333333,3336.5666666666666,1033,3269,951,3226,1009,2592,895,2453,4302,4177,3601,3348,0.507371152258521,0.5182040581378615,-1.0832905879340493,0.24254519840338107,0.29145002888503757,-4.890483048165651,0.7746445497630332,0.743332377401778,3.1312172361255164,249986,200194
202683,Enes Kanter,2014-15,2021-22,3,5,"BOS,NYK,OKC,POR,UTA",5,214,4143.3,6203.7,1398,3017,1049,2930,1653,4676,1698,4611,4415,3979,6329,6309,0.5259709316178223,0.5007912644405761,2.517966717724618,0.3230129390018484,0.2638888888888889,5.912405011295951,0.7420068863748155,0.733605271415124,0.8401614959691495,248598,372222
101114,Deron Williams,2010-11,2016-17,2,4,"CLE,DAL,NJN,UTA",4,164,4122.383333333333,3839.616666666667,936,2740,1062,2977,943,2566,959,2734,3676,4039,3509,3693,0.4764744005184705,0.4872257706192724,-1.0751370100801905,0.23920265780730898,0.2564590698939353,-1.7256412086626316,0.7206733298264072,0.7279432624113475,-0.7269932584940353,247343,230377
201229,Anthony Tolliver,2008-09,2020-21,5,8,"DET,GSW,MEM,PHI,PHX,POR,SAC,SAS",10,262,4039.233333333333,8626.766666666666,1027,2772,1148,3085,2231,6287,2403,6363,3799,4233,8518,8766,0.47298306772908366,0.4928257347836149,-1.984266705453125,0.2497568093385214,0.2595997207353968,-0.9842911396875376,0.7071428571428572,0.7234752589182969,-1.6332401775439709,242354,517606
2419,Tayshaun Prince,2012-13,2014-15,2,3,"BOS,DET,MEM",5,164,4028.4333333333334,3933.5666666666666,1160,2776,1117,2708,1167,2708,1013,2770,3936,3825,3875,3783,0.5071511403169695,0.5060067902846697,0.11443500322998457,0.2998965873836608,0.2964185928371857,0.3477994546475127,0.7130747495504752,0.7277613544746036,-1.4686604924128321,241706,236014
1501,Tim Thomas,2003-04,2008-09,3,5,"CHI,LAC,MIL,NYK,PHX",7,242,4000.883333333333,7715.116666666667,1112,2740,1117,2821,2204,5243,2240,5334,3852,3938,7447,7574,0.4944801026957638,0.4957725850476,-0.12924823518362105,0.2827358250699212,0.29238524807641286,-0.9649423006491686,0.7103966813585688,0.7006548175865295,0.9741863772039339,240053,462907
202340,Avery Bradley,2017-18,2020-21,3,5,"DET,HOU,LAC,MEM,MIA",6,237,3940.366666666667,7500.633333333333,970,2926,1054,3005,1883,5687,1917,5599,3896,4059,7570,7516,0.48975487115022,0.501789738830704,-1.2034867680484007,0.2440251572327044,0.2516706762897621,-0.7645519057057681,0.7351758793969849,0.7478958442924777,-1.2719964895492764,236422,450038
201976,Patrick Beverley,2012-13,2023-24,3,5,"CHI,HOU,LAL,MIL,PHI",5,204,3937.95,5934.05,1003,2857,1053,2896,1525,4394,1609,4230,3860,3949,5919,5839,0.4943014470482776,0.50340193910529,-0.9100492057012355,0.25724544755065404,0.26498696785403997,-0.7741520303385929,0.730690537084399,0.7319673496585041,-0.12768125741050573,236277,356043
101126,Nate Robinson,2009-10,2015-16,5,7,"BOS,DEN,GSW,LAC,NOP,NYK,OKC",8,275,3934.95,9365.05,902,2598,1154,2795,2344,6452,2579,6425,3500,3949,8796,9004,0.46986172640622903,0.4941573033707865,-2.4295576964557473,0.24398160670814173,0.26730527996350784,-2.3323673255366106,0.6924307036247335,0.7144280810541468,-2.1997377429413323,236097,561903
202710,Jimmy Butler,2018-19,2024-25,2,4,"GSW,MIA,MIN,PHI",4,161,3931.1833333333334,3846.8166666666666,1109,2958,1027,2814,998,2938,1045,2906,4067,3841,3936,3951,0.5142893272635306,0.499049068086725,1.5240259176805604,0.28269181748661737,0.25563524590163933,2.7056571584978037,0.7422835633626098,0.7376349485312579,0.4648614831351927,235871,230809
202738,Isaiah Thomas,2014-15,2023-24,6,8,"BOS,CHA,CLE,DAL,LAL,NOP,PHX,WAS",10,265,3913.3333333333335,8881.666666666666,1000,2779,1122,2981,2201,6590,2294,6538,3779,4103,8791,8832,0.479446840903324,0.49883674743233275,-1.9389906529008738,0.25119316754584275,0.25185948048975854,-0.06663129439157811,0.712381440656242,0.7417829806393517,-2.940153998310968,234800,532900
202326,DeMarcus Cousins,2016-17,2021-22,3,6,"DEN,HOU,LAC,MIL,NOP,SAC",9,188,3895.7166666666667,5193.283333333334,954,2800,895,2834,1225,3970,1330,3850,3754,3729,5195,5180,0.5016704530268609,0.500722891566265,0.09475614605958249,0.2518479408658923,0.2413793103448276,1.04686305210647,0.7577807848443843,0.7490566037735849,0.8724181070799419,233743,311597
1710,Mike Bibby,2007-08,2010-11,2,4,"ATL,MIA,SAC,WAS",5,165,3857.3333333333335,4087.6666666666665,972,2653,1016,2528,1043,2722,1085,2723,3625,3544,3765,3808,0.5056493234760776,0.49716096659183945,0.8488356884238157,0.2777142857142857,0.27695167286245354,0.07626128518321562,0.7230853093485964,0.7149986866298923,0.8086622718704084,231440,245260
1496,Keith Van Horn,2003-04,2004-05,2,3,"DAL,MIL,NYK",4,166,3845.15,4167.85,1056,2673,1062,2575,1176,2814,1165,2765,3729,3637,3990,3930,0.5062449090415422,0.5037878787878788,0.24570302536633948,0.2908289727347838,0.2984014209591474,-0.7572448224363593,0.7156626506024096,0.707212867554662,0.8449783047747683,230709,250071
201166,Aaron Brooks,2010-11,2013-14,3,4,"DEN,HOU,PHX,SAC",6,251,3838.05,8339.95,1148,2615,1106,2710,2316,5838,2408,5827,3763,3816,8154,8235,0.4965034965034965,0.4975288303130148,-0.10253338095183029,0.2975635044064282,0.2844160628760899,1.314744153033831,0.7027680730986294,0.7079796264855688,-0.5211553386939349,230283,500397
2440,Matt Barnes,2003-04,2016-17,4,5,"GSW,LAC,NYK,PHI,SAC",6,256,3831.2,8571.8,1090,2639,1040,2648,2313,5771,2443,5839,3729,3688,8084,8282,0.5027639207226642,0.4939508737626787,0.8813046959985471,0.29159978598180847,0.28373405299313054,0.7865732988677931,0.7173144876325088,0.7025809593377161,1.4733528294792686,229872,514308
201573,Jerryd Bayless,2010-11,2018-19,3,5,"BOS,MEM,MIN,NOH,TOR",5,229,3812.233333333333,7254.766666666666,1202,2543,1062,2600,2041,5050,1839,5214,3745,3662,7091,7053,0.5056028081544485,0.5013433257918553,0.42594823625932143,0.3161493950552341,0.2813232253618194,3.4826169693414677,0.7054091539528433,0.7330526926985048,-2.76435387456615,228734,435286
201962,Toney Douglas,2012-13,2016-17,5,6,"GSW,HOU,MEM,MIA,NOP,SAC",10,291,3795.0333333333333,10262.966666666667,1019,2646,911,2742,2600,7377,2650,7225,3665,3653,9977,9875,0.5008198961464881,0.5025690106790248,-0.17491145325366775,0.2709385801648498,0.26463104325699743,0.6307536907852351,0.743885296598257,0.7357135733519498,0.8171723246307216,227702,615778
1627827,Dorian Finney-Smith,2022-23,2024-25,2,3,"BKN,DAL,LAL",4,166,3791.0833333333335,4231.916666666667,876,2667,1033,2759,978,2966,1144,3094,3543,3792,3944,4238,0.48302658486707567,0.48203373258372034,0.09928522833553277,0.24099037138927099,0.24017681728880158,0.08135541004694047,0.7208108108108108,0.7216545012165451,-0.08436904057342876,227465,253915
2590,Mo Williams,2010-11,2014-15,2,4,"CHA,CLE,LAC,MIN",4,163,3768.9,4100.1,1027,2607,986,2777,1154,2753,1106,2968,3634,3763,3907,4074,0.49128024874949305,0.4895376519233179,0.1742596826175169,0.2699789695057834,0.2799611838913149,-0.998221438553154,0.7255775118285556,0.7133972531743975,1.218025865415806,226134,246006
202066,Garrett Temple,2009-10,2018-19,4,8,"CHA,HOU,LAC,MEM,MIL,SAC,SAS,WAS",10,212,3760.3,6475.7,868,2718,943,2806,1617,4577,1677,4571,3586,3749,6194,6248,0.4888888888888889,0.49782993087927985,-0.8941041990390974,0.236254763200871,0.26131221719457015,-2.505745399369916,0.7424201037967768,0.7318516149664215,1.0568488830355327,225618,388542
201152,Thaddeus Young,2014-15,2023-24,3,5,"BKN,MIN,PHX,SAS,TOR",6,243,3716.8166666666666,8027.183333333333,1092,2529,1004,2635,2308,5833,2140,5983,3621,3639,8141,8123,0.4987603305785124,0.5005533694048204,-0.17930388263080466,0.29299704856452913,0.2783741406344229,1.4622907930106233,0.7158222473818284,0.7315941301893892,-1.577188280756081,223009,481631
1533,Anthony Johnson,2000-01,2007-08,4,5,"ATL,CLE,DAL,NJN,SAC",7,297,3707.1833333333334,10638.816666666668,963,2418,1007,2484,3146,7167,2991,6854,3381,3491,10313,9845,0.4919965075669383,0.5116082944736581,-1.9611786906719775,0.2793733681462141,0.3146,-3.5226631853785886,0.705985401459854,0.7055522740696988,0.043312739015521906,222431,638329
203952,Andrew Wiggins,2019-20,2024-25,2,3,"GSW,MIA,MIN",4,147,3701.2166666666667,3414.7833333333333,1053,2774,952,2875,929,2516,880,2635,3827,3827,3445,3515,0.5,0.4949712643678161,0.5028735632183923,0.26807535641547864,0.260662177328844,0.7413179086634636,0.7444981213097155,0.7408716136631331,0.3626507646582344,222073,204887
202339,Eric Bledsoe,2017-18,2021-22,2,3,"LAC,MIL,PHX",3,137,3682.2833333333333,2933.7166666666667,835,2669,1050,2702,680,2181,785,2235,3504,3752,2861,3020,0.4829106945975744,0.486481890834892,-0.35711962373176087,0.23607577042691547,0.2332761578044597,0.27996126224557605,0.717666039257865,0.7353337828725557,-1.76677436146907,220937,176023
950,Stephon Marbury,2003-04,2008-09,2,3,"BOS,NYK,PHX",3,105,3668.5,1416.5,1029,2492,1109,2522,372,936,377,908,3521,3631,1308,1285,0.4923098434004474,0.5044350173544158,-1.2125173953968338,0.2897775274570544,0.290625,-0.08474725429456487,0.6920299916689808,0.7128712871287128,-2.084129545973201,220110,84990
948,Marcus Camby,2009-10,2011-12,2,3,"HOU,LAC,POR",4,144,3666.2166666666667,3300.7833333333333,1063,2474,984,2454,847,2189,899,2289,3537,3438,3036,3188,0.5070967741935484,0.4877892030848329,1.930757110871545,0.30224623258458916,0.2700892857142857,3.215694687030346,0.7154424522845575,0.7088730569948186,0.6569395289738877,219973,198047
1628963,Marvin Bagley III,2021-22,2025-26,4,5,"DAL,DET,MEM,SAC,WAS",8,329,3665.733333333333,12201.266666666666,1134,2679,1012,2738,3321,8830,3578,9502,3813,3750,12151,13080,0.5041650138833796,0.4815901074075542,2.257490647582544,0.29287190082644626,0.2589877563752632,3.388414445118304,0.7258195610945544,0.7116376531270149,1.4181907967539487,219944,732076
1088,Chucky Atkins,2003-04,2008-09,3,6,"BOS,DEN,DET,MEM,OKC,WAS",6,244,3664.016666666667,8132.983333333334,1001,2424,1128,2446,2356,5485,2255,5351,3425,3574,7841,7606,0.4893556222317474,0.5076066550139186,-1.8251032782171162,0.2903974470554105,0.30569612041001687,-1.5298673354606385,0.6824324324324325,0.708656330749354,-2.6223898316921512,219841,487979
1626181,Norman Powell,2020-21,2021-22,2,3,"LAC,POR,TOR",4,151,3625.4,3637.6,864,2627,896,2815,978,2768,973,2771,3491,3711,3746,3744,0.4847264648708692,0.5001335113484646,-1.5407046477595443,0.2348464256591465,0.2608695652173913,-2.6023139558244783,0.7456713028668748,0.7399091152098369,0.5762187657037843,217524,218256
1548,Mark Blount,2002-03,2005-06,2,3,"BOS,DEN,MIN",4,165,3615.2,4364.8,933,2346,1060,2380,1293,2877,1169,2980,3279,3440,4170,4149,0.4880190504539366,0.5012621709340065,-1.324312048006987,0.2816178690009055,0.30259770652937046,-2.0979837528464937,0.6887844979448033,0.7110726643598616,-2.2288166415058264,216912,261888
203903,Jordan Clarkson,2017-18,2019-20,2,3,"CLE,LAL,UTA",4,155,3592.0666666666666,3902.9333333333334,979,2692,932,2656,1006,2965,955,2914,3671,3588,3971,3869,0.5057170409147266,0.5065051020408163,-0.07880611260897563,0.2693259972489684,0.2566326530612245,1.2693344187743871,0.7428256070640177,0.7563775510204082,-1.3551943956390478,215524,234176
201163,Wilson Chandler,2010-11,2018-19,2,4,"DEN,LAC,NYK,PHI",4,159,3576.75,4105.25,901,2649,1007,2575,1063,3111,1061,3003,3550,3582,4174,4064,0.4977565900168256,0.5066763777615926,-0.8919787744766983,0.2592059838895282,0.26143630103295623,-0.2230317143428029,0.7245623632385121,0.7456855225311602,-2.1123159292648075,214605,246315
202711,Bojan Bogdanovic,2016-17,2023-24,2,4,"BKN,DET,NYK,WAS",4,164,3560.8166666666666,4361.183333333333,857,2575,949,2661,1246,3154,1150,3188,3432,3610,4400,4338,0.48736154501562057,0.5035477225909819,-1.6186177575361338,0.2436043206367254,0.28101037437979254,-3.740605374306713,0.7307037457434733,0.7328066914498141,-0.2102945706340842,213649,261671
202697,Iman Shumpert,2014-15,2020-21,5,5,"BKN,CLE,HOU,NYK,SAC",8,248,3553.15,8405.85,954,2575,1051,2626,2082,6159,2249,6172,3529,3677,8241,8421,0.4897307799056342,0.4945984875765214,-0.48677076708872336,0.2664804469273743,0.2522413375333172,1.4239109394057148,0.7101489244346387,0.7325166508087536,-2.2367726374114882,213189,504351
213,Antonio Davis,2003-04,2005-06,2,3,"CHI,NYK,TOR",4,147,3491.7,3669.3,1073,2343,982,2455,1083,2385,1028,2430,3416,3437,3468,3458,0.49846782431052095,0.500721917412648,-0.2254093102127097,0.30413832199546487,0.30828351836037576,-0.4145196364910897,0.7046616541353383,0.6987987108116027,0.5862943323735603,209502,220158
200765,Rajon Rondo,2014-15,2021-22,3,6,"ATL,BOS,CLE,DAL,LAC,LAL",6,231,3486.0833333333335,7701.916666666667,865,2597,1004,2640,2021,5722,2071,5542,3462,3644,7743,7613,0.48719392063045314,0.504232873144048,-1.703895251359483,0.24679029957203993,0.2672220018511173,-2.043170227907734,0.721188558733685,0.7342486847170537,-1.3060125983368698,209165,462115
201586,Serge Ibaka,2016-17,2022-23,3,4,"LAC,MIL,ORL,TOR",5,220,3485.266666666667,7129.733333333334,846,2665,853,2610,1937,5537,1928,5429,3511,3463,7474,7357,0.5034413535990823,0.5039444406985368,-0.050308709945456886,0.24479166666666666,0.2629649742058105,-1.817330753914384,0.7575326890278568,0.741728064300067,1.5804624727789762,209116,427784
201154,Al Thornton,2009-10,2010-11,2,3,"GSW,LAC,WAS",4,166,3462.95,4565.05,968,2235,934,2289,1256,3041,1338,3227,3203,3223,4297,4565,0.4984438219732337,0.48487925976077634,1.3564562212457387,0.2972060178077986,0.2801695293330359,1.703648847476269,0.7052698011991164,0.6944507878511076,1.0819013348008832,207777,273903
1719,Bonzi Wells,2003-04,2007-08,2,4,"HOU,MEM,NOH,POR",4,165,3433.05,4531.95,1083,2258,995,2256,1314,3078,1272,3052,3341,3251,4392,4324,0.5068264563106796,0.5039008719596145,0.2925584351065047,0.3243486073674753,0.30096197892808063,2.338662843939465,0.6941284967722102,0.7075862068965517,-1.3457710124341493,205983,271917
2399,Mike Dunleavy,2006-07,2016-17,2,4,"ATL,CLE,GSW,IND",4,163,3421.35,4452.65,892,2409,970,2481,1283,3198,1259,3176,3301,3451,4481,4435,0.48889218009478674,0.5025796321220278,-1.3687452027241087,0.26445300919063147,0.28773267548777753,-2.327966629714606,0.7129328203610535,0.7175229975319721,-0.45901771709185857,205281,267159
101150,Lou Williams,2016-17,2020-21,2,4,"ATL,HOU,LAC,LAL",4,155,3391.266666666667,4063.733333333333,907,2530,899,2513,1014,3050,939,3019,3437,3412,4064,3958,0.5018250839538618,0.5066068312141611,-0.47817472602992295,0.2652046783625731,0.2514257376642698,1.3778940698303321,0.7378244386118402,0.7646026573075959,-2.6778218695755696,203476,243824
200768,Kyle Lowry,2008-09,2023-24,2,4,"HOU,MEM,MIA,PHI",4,154,3368.95,4073.05,815,2262,851,2388,1063,2835,1054,2769,3077,3239,3898,3823,0.4871754274857505,0.5048568838233389,-1.7681456337588441,0.2544489541055261,0.2774008350730689,-2.2951880967542806,0.7266302601991648,0.7289791720236565,-0.23489118244917062,202137,244383
1630173,Precious Achiuwa,2023-24,2025-26,2,3,"NYK,SAC,TOR",3,157,3368.9,4202.1,1062,2360,935,2390,1229,2953,1141,3023,3422,3325,4182,4164,0.50718838002075,0.501078360891445,0.6110019129304978,0.30764774044032445,0.2890404515522107,1.8607288888113749,0.716236722306525,0.7212994626282364,-0.506274032171139,202134,252126
677,Eric Williams,2003-04,2006-07,3,6,"BOS,CHA,CLE,NJN,SAS,TOR",6,229,3327.616666666667,7744.383333333333,984,2371,939,2275,2022,5129,2159,5303,3355,3214,7151,7462,0.5107322271274166,0.48935879011838773,2.137343700902888,0.3019331083154342,0.2760409556313993,2.5892152684034886,0.7163141993957703,0.7037596048298573,1.2554594565913013,199657,464663
2052,DeShawn Stevenson,2003-04,2009-10,2,4,"DAL,ORL,UTA,WAS",4,161,3327.0,4461.0,1017,2194,927,2167,1280,2933,1222,2976,3211,3094,4213,4198,0.5092783505154639,0.5008916894542861,0.8386661061177803,0.31940954773869346,0.3007518796992481,1.8657668039445352,0.7029798141621275,0.7058965102286402,-0.29166960665126807,199620,267660
923,Donyell Marshall,2003-04,2007-08,2,4,"CHI,CLE,SEA,TOR",4,166,3322.3166666666666,4745.683333333333,820,2160,1037,2365,1386,3289,1225,3350,2980,3402,4675,4575,0.4669382638671263,0.5054054054054054,-3.8467141538279073,0.25745682888540034,0.29265202702702703,-3.5195198141626696,0.6756334063184235,0.7286220646876385,-5.298865836921496,199339,284741
202335,Patrick Patterson,2012-13,2013-14,2,3,"HOU,SAC,TOR",4,165,3307.366666666667,4687.633333333333,932,2307,893,2301,1285,3282,1252,3238,3239,3194,4567,4490,0.5034975905487331,0.5042508556917301,-0.07532651429970061,0.2882771419733993,0.2841034711474685,0.4173670825930842,0.7209375,0.7238641376268196,-0.29266376268195504,198442,281258
1627736,Malik Beasley,2019-20,2022-23,2,4,"DEN,LAL,MIN,UTA",4,148,3301.6666666666665,3847.3333333333335,925,2410,871,2466,1129,2910,1039,2743,3335,3337,4039,3782,0.49985011990407674,0.5164301240250607,-1.6580004120983982,0.2727808905927455,0.2915805785123967,-1.8799687919651198,0.7345321548308442,0.7368954165611548,-0.23632617303105397,198100,230840
202688,Brandon Knight,2014-15,2021-22,4,6,"CLE,DAL,DET,HOU,MIL,PHX",8,238,3298.9166666666665,8225.083333333334,849,2317,869,2450,2203,5837,2219,5983,3166,3319,8040,8202,0.4882035466461064,0.49501292944218694,-0.6809382796080565,0.25735071233707185,0.2691180063523088,-1.1767294015236962,0.7272441933458883,0.7245531281032771,0.26910652426112014,197935,493505
203082,Terrence Ross,2016-17,2022-23,2,3,"ORL,PHX,TOR",4,162,3285.3333333333335,4530.666666666667,844,2375,857,2478,1245,3273,1190,3209,3219,3335,4518,4399,0.4911504424778761,0.5066726477514859,-1.5522205273609813,0.2540638169777243,0.2795240233497979,-2.5460206372073637,0.7348391089108911,0.733363208604078,0.1475900306813105,197120,271840
2586,Keith Bogans,2005-06,2011-12,3,5,"CHA,HOU,MIL,NJN,ORL",5,168,3278.05,4830.95,870,2213,890,2309,1351,3208,1338,3393,3083,3199,4559,4731,0.49076727156956385,0.4907427341227126,0.002453744685126935,0.2736709657124882,0.28478077571669475,-1.1109810004206522,0.7131807927811795,0.7056753189617246,0.7505473819454878,196683,289857
2230,Maurice Evans,2007-08,2010-11,2,4,"ATL,LAL,ORL,WAS",4,163,3269.4,4599.6,895,2194,912,2252,1114,3282,1248,3102,3089,3164,4396,4350,0.49400287861826325,0.5026297736107935,-0.8626894992530276,0.2843978392119479,0.2642314990512334,2.01663401607145,0.7063747585318738,0.7245033112582782,-1.8128552726404346,196164,275976
1626196,Josh Richardson,2021-22,2024-25,3,4,"BOS,MIA,NOP,SAS",5,212,3267.0833333333335,7008.916666666667,889,2337,863,2327,1856,5244,1860,5277,3226,3190,7100,7137,0.5028054862842892,0.4987005689400857,0.410491734420354,0.2764303482587065,0.26019907472311793,1.6231273535588564,0.7303125,0.7381756756756757,-0.7863175675675627,196025,420535
201150,Spencer Hawes,2013-14,2016-17,2,4,"CHA,CLE,MIL,PHI",4,166,3266.883333333333,4761.116666666667,830,2419,950,2508,1247,3426,1200,3464,3249,3458,4673,4664,0.48441926345609065,0.5004819535182606,-1.6062690062169982,0.24865188735769922,0.2646996391424326,-1.6047751784733388,0.718017215791036,0.7405966277561609,-2.257941196512492,196013,285667
1731,Tyronn Lue,2004-05,2008-09,3,5,"ATL,DAL,HOU,MIL,ORL",6,240,3266.05,8348.95,927,2108,872,2188,2385,5716,2229,5609,3035,3060,8101,7838,0.49794913863822804,0.5082502039023779,-1.0301065264149811,0.29759229534510434,0.2983487615711784,-0.07564662260740596,0.7073825503355705,0.7194461925739459,-1.2063642238375416,195963,500937
200081,Jamario Moon,2008-09,2011-12,3,5,"CHA,CLE,LAC,MIA,TOR",5,174,3233.85,5198.15,711,2204,896,2265,1356,3447,1388,3665,2915,3161,4803,5053,0.47975641869651087,0.48731737012987014,-0.7560951433359275,0.23891129032258066,0.2700657239593706,-3.115443363678996,0.7109677419354838,0.7129265770423991,-0.1958835106915302,194031,311889
1884,Baron Davis,2004-05,2010-11,2,4,"CLE,GSW,LAC,NOH",4,164,3231.2166666666667,4720.783333333334,1021,2091,998,2218,1413,3102,1282,3192,3112,3216,4515,4474,0.4917825537294564,0.5022805651351652,-1.0498011405708774,0.3152207471441803,0.30684039087947884,0.8380356264701461,0.6769180964713499,0.7075729927007299,-3.065489622938,193873,283247
1628989,Kevin Huerter,2024-25,2025-26,2,3,"CHI,DET,SAC",4,165,3228.1,4751.9,881,2470,907,2365,1360,3572,1349,3442,3351,3272,4932,4791,0.5059640646232825,0.5072508485035483,-0.12867838802658182,0.2714109673444239,0.2832153269471054,-1.1804359602681502,0.7314184187148357,0.7258687258687259,0.5549692846109844,193686,285114
915,Rodney Rogers,2001-02,2004-05,2,4,"BOS,NOH,PHI,PHX",4,162,3226.7833333333333,4609.216666666666,955,2139,958,2330,1349,3070,1370,3186,3094,3288,4419,4556,0.4848010028204325,0.49236768802228414,-0.7566685201851664,0.2907153729071537,0.2974641675854465,-0.6748794678292813,0.6906683887633194,0.6914414414414415,-0.07730526781221103,193607,276553
201959,Taj Gibson,2016-17,2025-26,4,5,"CHI,DET,MEM,NYK,OKC",8,214,3225.766666666667,7091.233333333334,989,2503,746,2364,1973,5083,1903,5247,3492,3110,7056,7150,0.5289306270827022,0.49669153878642824,3.2239088296273977,0.29495973754846405,0.27326869806094184,2.1691039487522215,0.7703908895044629,0.7275980532493559,4.279283625510699,193546,425474
722,Corliss Williamson,2000-01,2004-05,2,4,"DET,PHI,SAC,TOR",4,163,3221.383333333333,4692.616666666667,1065,2332,916,2296,1458,3173,1362,3302,3397,3212,4631,4664,0.5139960659706461,0.4982248520710059,1.5771213899640146,0.31686997917286525,0.3063025210084034,1.0567458164461863,0.7179802955665024,0.6996692392502757,1.831105631622676,193283,281557
978,Peja Stojakovic,2005-06,2010-11,2,5,"DAL,IND,NOH,SAC,TOR",5,162,3217.8166666666666,4593.183333333333,859,2222,906,2117,1152,3184,1235,3095,3081,3023,4336,4330,0.5047509829619922,0.5003461804754212,0.44048024865709356,0.28864247311827956,0.27125029432540615,1.7392178792873414,0.7103580562659847,0.7205250056573885,-1.0166949391403834,193069,275591
349,Mark Jackson,2000-01,2003-04,2,3,"HOU,NYK,TOR",3,127,3160.733333333333,3020.266666666667,899,2235,820,2152,831,2074,786,1968,3134,2972,2905,2754,0.5132656403537504,0.5133415797844142,-0.007593943066375175,0.2946574893477548,0.29689174705251875,-0.22342577047639312,0.7315875613747954,0.7251748251748251,0.6412736199970293,189644,181216
201933,Blake Griffin,2017-18,2020-21,2,3,"BKN,DET,LAC",4,154,3156.5666666666666,4290.433333333333,813,2353,823,2363,1084,3183,1148,3213,3166,3186,4267,4361,0.4984256926952141,0.4945526193787668,0.3873073316447262,0.2559823677581864,0.25226902490109376,0.37133428570926275,0.7408690176322418,0.7349341953359502,0.5934822296291609,189394,257426
2746,Josh Smith,2014-15,2017-18,3,4,"DET,HOU,LAC,NOP",5,169,3153.9166666666665,5008.083333333333,884,2302,950,2471,1355,3563,1439,3628,3186,3421,4918,5067,0.4822158316936582,0.4925388082123185,-1.0322976518660265,0.2634873323397914,0.27192454344772227,-0.8437211107930886,0.7078720787207872,0.7123150739704118,-0.44429952496246594,189235,300485
2747,JR Smith,2011-12,2019-20,3,3,"CLE,LAL,NYK",4,128,3125.5833333333335,3058.4166666666665,864,2169,868,2139,877,2096,818,2090,3033,3007,2973,2908,0.5021523178807947,0.5055262710423397,-0.33739531615449847,0.28771228771228774,0.29558476575665654,-0.7872478044368802,0.7141916364833717,0.7192862045298559,-0.5094568046484227,187535,183505
202390,Gary Neal,2013-14,2016-17,4,5,"ATL,CHA,MIL,MIN,WAS",6,231,3114.95,8088.05,723,2146,794,2339,2187,5753,2140,5984,2869,3133,7940,8124,0.47800733088970343,0.49427290836653387,-1.626557747683044,0.23612018288700196,0.2676538979317097,-3.1533715044707726,0.7299319727891157,0.728873685544153,0.10582872449627079,186897,485283
200755,JJ Redick,2012-13,2020-21,2,4,"DAL,MIL,NOP,ORL",4,156,3102.75,4425.25,846,2185,850,2186,1278,3274,1069,3215,3031,3036,4552,4284,0.49958793472886104,0.5151652331371661,-1.5577298408305074,0.279023746701847,0.2844424660583129,-0.5418719356465929,0.7199341021416804,0.7538567810269399,-3.392267888525946,186165,265515
202083,Wesley Matthews,2018-19,2021-22,2,4,"DAL,IND,MIL,NYK",4,139,3093.1833333333334,3598.8166666666666,747,2434,802,2346,999,2795,929,2675,3181,3148,3794,3604,0.5026070469268447,0.5128413084617465,-1.0234261534901812,0.24151309408341415,0.2719107240065324,-3.039762992311823,0.7521631644004945,0.7505370569280344,0.16261074724600588,185591,215929
2404,Chris Wilcox,2005-06,2011-12,3,5,"BOS,LAC,NYK,OKC,SEA",5,209,3060.766666666667,7041.233333333334,860,2058,856,2015,1763,4862,1983,4835,2918,2871,6625,6818,0.5040594230437035,0.4928215428103846,1.1237880233318953,0.2991304347826087,0.26720218247953925,3.192825230306945,0.7062457103637612,0.7102994886778671,-0.4053778314105916,183646,422474
203488,Mike Muscala,2013-14,2023-24,4,7,"ATL,BOS,DET,LAL,OKC,PHI,WAS",8,266,3060.6,9802.4,748,2342,815,2353,2495,7236,2728,7355,3090,3168,9731,10083,0.4937679769894535,0.4911173917432119,0.26505852462416213,0.24121251209287325,0.2532994923857868,-1.2086980292913552,0.7418435223313272,0.7262143717382578,1.5629150593069463,183636,588144
204038,Langston Galloway,2014-15,2021-22,3,5,"BKN,MIL,NOP,NYK,SAC",5,136,3058.383333333333,3534.616666666667,756,2222,839,2377,766,2659,971,2716,2978,3216,3425,3687,0.4807878592185986,0.4815804274465692,-0.07925682279705804,0.24130226619853176,0.2199885123492246,2.131375384930717,0.725906566481542,0.7325068870523416,-0.6600320570799623,183503,212077
1629656,Quentin Grimes,2023-24,2024-25,2,4,"DAL,DET,NYK,PHI",4,167,3037.8,4988.2,874,2167,936,2272,1442,3701,1309,3601,3041,3208,5143,4910,0.48663786205792925,0.5115885805232269,-2.4950718465297617,0.27781309599491416,0.2859409081895697,-0.8127812194655526,0.6983564292620045,0.7387225548902195,-4.036612562821507,182268,299292
201144,Mike Conley,2022-23,2025-26,2,2,"MIN,UTA",4,157,3019.4,4566.6,854,2143,820,2211,1303,3391,1420,3250,2997,3031,4694,4670,0.4971798274717983,0.5012815036309269,-0.4101676159128653,0.2786296900489396,0.2861849330112014,-0.7555242962261788,0.7232534593317583,0.7048430679692371,1.8410391362521206,181164,273996
1626166,Cameron Payne,2016-17,2025-26,5,6,"CHI,CLE,MIL,OKC,PHI,PHX",8,249,2995.016666666667,9021.983333333334,771,2165,813,2299,2416,6819,2393,6729,2936,3112,9235,9122,0.48544973544973546,0.5030778449637741,-1.7628109514038592,0.2511400651465798,0.26418808091853474,-1.3048015771954913,0.7269979852249832,0.7402301346070344,-1.3232149382051195,179701,541319
1628379,Luke Kennard,2022-23,2025-26,2,4,"ATL,LAC,LAL,MEM",4,170,2992.7833333333333,5207.216666666666,714,2192,869,2166,1371,3821,1409,3919,2906,3035,5192,5328,0.48914324187847164,0.4935361216730038,-0.43928797945321785,0.24791666666666667,0.25916824196597354,-1.125157529930687,0.7161058477621692,0.7305927342256214,-1.4486886463452198,179567,312433
952,Antoine Walker,2004-05,2004-05,1,2,"ATL,BOS",2,80,2965.65,904.35,905,1874,795,2033,279,626,291,561,2779,2828,905,852,0.49563046192259674,0.5150825270347182,-1.9452065112121497,0.30803267528931244,0.33214285714285713,-2.411018185354469,0.7021356313225927,0.6826608505997819,1.9474780722810836,177939,54261
1628969,Mikal Bridges,2022-23,2022-23,1,2,"BKN,PHX",2,84,2963.7166666666667,1093.2833333333333,770,2130,820,2187,357,748,291,790,2900,3007,1105,1081,0.4909429490435077,0.5054894784995425,-1.4546529456034796,0.2603990530943524,0.3112467306015693,-5.084767750721691,0.7220338983050848,0.7199230028873917,0.21108954176930483,177823,65597
201961,Wayne Ellington,2012-13,2018-19,2,4,"CLE,DET,MEM,MIA",4,158,2934.266666666667,4679.733333333334,934,2048,784,2131,1406,3330,1217,3303,2982,2915,4736,4520,0.5056808546718671,0.5116681071737251,-0.5987252501858054,0.3047308319738989,0.29857719260989596,0.6153639364002927,0.7231638418079096,0.7323510006597757,-0.9187158851866051,176056,280784
204020,Tyler Johnson,2014-15,2021-22,4,5,"BKN,MIA,PHI,PHX,SAS",8,192,2932.616666666667,6328.383333333333,751,2172,820,2307,1719,4666,1711,4672,2923,3127,6385,6383,0.4831404958677686,0.500078320802005,-1.69378249342364,0.24558534990189668,0.26897199186355814,-2.338664196166146,0.7259358288770054,0.7316920181903717,-0.57561893133663,175957,379703
1629631,De'Andre Hunter,2024-25,2025-26,2,3,"ATL,CLE,SAC",4,164,2915.516666666667,4996.483333333334,874,2122,838,2142,1549,3646,1419,3673,2996,2980,5195,5092,0.501338688085676,0.5050063186546127,-0.36676305689365973,0.28978779840848806,0.2966296438146304,-0.6841845406142355,0.7168918918918918,0.7198420533070089,-0.29501614151170585,174931,299789
467,Jason Kidd,2007-08,2007-08,1,2,"DAL,NJN",2,82,2905.6833333333334,1055.3166666666666,851,2070,735,1981,245,701,282,677,2921,2716,946,959,0.5181834309029626,0.4965879265091864,2.159550439377622,0.3004943502824859,0.26572668112798264,3.4767669154503245,0.7379679144385026,0.7131230925737538,2.484482186474879,174341,63319
203552,Seth Curry,2013-14,2025-26,5,8,"BKN,CHA,CLE,DAL,GSW,MEM,PHI,PHX",8,269,2903.483333333333,10063.516666666666,655,2123,760,2140,2703,7078,2803,7274,2778,2900,9781,10077,0.489256780556534,0.4925470842985195,-0.3290303741985523,0.23434704830053668,0.2709231231833216,-3.657607488278494,0.7363857093305585,0.7163242586782714,2.006145065228704,174209,603811
951,Ray Allen,2002-03,2002-03,1,2,"MIL,SEA",2,83,2879.85,1149.15,742,1878,793,1934,291,771,356,785,2620,2727,1062,1141,0.4899943893772209,0.4820699046754426,0.7924484701778312,0.2772795216741405,0.2704460966542751,0.6833425019865391,0.7031074503931112,0.6841171251109139,1.899032528219724,172791,68949
203953,Jabari Parker,2018-19,2021-22,4,5,"ATL,BOS,CHI,SAC,WAS",7,255,2877.6666666666665,9447.333333333334,699,2115,821,2211,2393,7050,2399,7323,2814,3032,9443,9722,0.481354772494013,0.49272110618314635,-1.1366333689133368,0.24020618556701032,0.24629477151090984,-0.6088585943899522,0.7203678474114441,0.7461106995449254,-2.5742852133481264,172660,566840
201943,Brandon Jennings,2015-16,2017-18,3,5,"DET,MIL,NYK,ORL,WAS",5,184,2874.0666666666666,6052.933333333333,814,2109,766,2155,1784,4326,1573,4474,2923,2921,6110,6047,0.5001711156741958,0.5025910997779057,-0.24199841037099157,0.2741663859885483,0.28507510386705015,-1.090871787850184,0.7335652173913043,0.7333446346838447,0.02205827074596156,172444,363176
203967,Dario Saric,2018-19,2025-26,3,5,"MIN,OKC,PHI,PHX,SAC",5,219,2869.55,7727.45,813,2184,741,2151,2236,5450,2236,5730,2997,2892,7686,7966,0.5089149261334692,0.49105545617173524,1.7859469961733987,0.2742914979757085,0.28069294501631936,-0.6401447040610853,0.7466666666666667,0.7090814467863649,3.7585219880301834,172173,463647
201599,DeAndre Jordan,2018-19,2025-26,3,5,"DAL,LAL,NOP,NYK,PHI",5,246,2868.4666666666667,9024.533333333333,792,2266,752,2159,2399,6668,2618,6804,3058,2911,9067,9422,0.5123136203719216,0.4903996971172048,2.1913923254716803,0.26838359878007456,0.26067586656525044,0.7707732214824126,0.7508283631544069,0.7180702132242085,3.2758149930198432,172108,541472
2046,Desmond Mason,2002-03,2009-10,2,3,"MIL,SAC,SEA",3,86,2830.4,1337.6,842,1823,843,1929,392,834,356,965,2665,2772,1226,1321,0.4901600147139967,0.4813506085590891,0.8809406154907551,0.3038614218693612,0.28887251289609434,1.498890897326688,0.6837959489872468,0.7008403361344537,-1.7044387147206908,169824,80256
2410,Fred Jones,2006-07,2008-09,2,3,"LAC,POR,TOR",4,133,2814.483333333333,3594.516666666667,682,1809,789,2020,869,2344,934,2450,2491,2809,3213,3384,0.47,0.4870395634379263,-1.7039563437926342,0.2524056254626203,0.26182585115998797,-0.9420225697367668,0.6963048498845266,0.7150701647345943,-1.8765314850067716,168869,215671
2484,Devin Brown,2002-03,2009-10,3,5,"CHI,DEN,NOH,NOK,SAS",5,153,2814.05,4619.95,836,1970,728,1975,1227,3162,1211,3183,2806,2703,4389,4394,0.509348339081503,0.49971535921666854,0.9632979864834468,0.2974030594094628,0.2782312925170068,1.9171766892456032,0.7301704966641956,0.7230734049851361,0.7097091679059586,168843,277197
686,Antonio McDyess,2003-04,2008-09,2,3,"DET,NYK,PHX",4,148,2796.5333333333333,4372.466666666666,815,1885,704,1786,1159,2982,1265,2979,2700,2490,4141,4244,0.5202312138728323,0.4938580799045915,2.6373133968240814,0.3133410226835832,0.28008699855002417,3.3254024133559046,0.7280803398995751,0.7021426889569108,2.5937650942664314,167792,262348
2550,Kirk Hinrich,2010-11,2015-16,2,3,"ATL,CHI,WAS",4,161,2787.633333333333,5035.366666666667,750,1851,767,1949,1323,3791,1487,3726,2601,2716,5114,5213,0.48918563099492196,0.4952067396146025,-0.6021108619680526,0.2778806965542794,0.2620320855614973,1.5848610992782064,0.7070282658517952,0.7182644941265631,-1.123622827476789,167258,302122
1628971,Bruce Brown,2023-24,2024-25,2,3,"IND,NOP,TOR",4,163,2786.8333333333335,5072.166666666667,776,1909,785,2018,1447,3568,1531,3699,2685,2803,5015,5230,0.48924927113702626,0.4895070766227428,-0.02578054857165224,0.2777380100214746,0.28118927322191994,-0.34512632004453647,0.708611729769859,0.699745048048637,0.8866681721221958,167210,304330
101162,Marcin Gortat,2010-11,2018-19,2,3,"LAC,ORL,PHX",3,139,2783.5333333333333,3953.4666666666667,676,1967,768,1974,996,2937,1088,2839,2643,2742,3933,3927,0.49080779944289693,0.500381679389313,-0.9573879946416064,0.2550943396226415,0.2597131681877445,-0.46188285651029837,0.7191956124314443,0.7296894409937889,-1.0493828562344598,167012,237208
966,Jerome Williams,2000-01,2003-04,2,3,"CHI,DET,TOR",4,163,2777.6666666666665,5121.333333333333,949,1836,785,1931,1526,3584,1527,3714,2785,2716,5110,5241,0.5062715869841847,0.49367210897497826,1.2599478009206466,0.3295138888888889,0.2912213740458015,3.8292514843087377,0.7004959938954598,0.7012326354920759,-0.07366415966161277,166660,307280
393,Rod Strickland,2000-01,2004-05,3,5,"HOU,ORL,POR,TOR,WAS",5,165,2771.45,5198.55,794,1789,838,1868,1515,3452,1462,3609,2583,2706,4967,5071,0.4883720930232558,0.49481968519625424,-0.6447592172998451,0.29827197595792637,0.29566744730679156,0.26045286511348076,0.6810049486105824,0.7024827024827025,-2.147775387212014,166287,311913
1626169,Stanley Johnson,2018-19,2022-23,3,4,"DET,LAL,NOP,SAS",6,158,2771.1,4892.9,714,2066,748,2130,1393,3595,1205,3776,2780,2878,4988,4981,0.4913396960056557,0.5003510883739593,-0.9011392368303561,0.2510548523206751,0.269491197523699,-1.8436345203023896,0.7341862117981521,0.7489583333333333,-1.4772121535181149,166266,293574
1749,Cuttino Mobley,2004-05,2008-09,2,3,"LAC,ORL,SAC",3,95,2758.9666666666667,1826.0333333333333,758,1844,866,1959,632,1282,561,1214,2602,2825,1914,1775,0.4794545789570665,0.518839793982109,-3.9385215025042495,0.2789841737210158,0.3423618634886241,-6.337768976760827,0.6804428044280443,0.695604991861096,-1.5162187433051755,165538,109562
200758,Ronnie Brewer,2009-10,2013-14,3,6,"CHI,HOU,MEM,NYK,OKC,UTA",6,221,2754.3,7913.7,667,1829,747,1873,2220,5739,2175,5220,2496,2620,7959,7395,0.4878811571540266,0.5183665494333725,-3.048539227934588,0.2625984251968504,0.29838709677419356,-3.578867157734317,0.7100155279503105,0.7251705837755875,-1.5155055825276986,165258,474822
202703,Nikola Mirotic,2017-18,2018-19,2,3,"CHI,MIL,NOP",4,167,2739.133333333333,5341.866666666667,720,2212,758,2134,1336,4308,1307,4190,2932,2892,5644,5497,0.5034340659340659,0.5065972533883852,-0.3163187454319316,0.25227750525578135,0.2417661961635903,1.0511309092191057,0.7447811447811448,0.7672306322350846,-2.244948745393982,164348,320512
133,David Wesley,2004-05,2004-05,1,2,"HOU,NOH",2,81,2737.7166666666667,1195.2833333333333,793,1855,703,1846,336,816,321,788,2648,2549,1152,1109,0.5095247258033481,0.5095090667846086,0.0015659018739455632,0.30049261083743845,0.298932384341637,0.15602264958014533,0.7251759186864738,0.7176781002638523,0.7497818422621538,164263,71717
101109,Raymond Felton,2010-11,2010-11,1,2,"DEN,NYK",2,78,2737.366666666667,1026.6333333333334,683,1875,789,1925,270,769,259,752,2558,2714,1039,1011,0.48520485584218515,0.5068292682926829,-2.162441245049779,0.2618865030674847,0.26418786692759294,-0.2301363860108263,0.7038288288288288,0.7480544747081712,-4.422564587934241,164242,61598
201568,Danilo Gallinari,2010-11,2023-24,2,5,"DEN,DET,MIL,NYK,WAS",5,154,2733.483333333333,4693.516666666666,621,1870,747,1982,1176,3425,1360,3498,2491,2729,4601,4858,0.4772030651340996,0.48641505444550165,-0.9211989311402047,0.23857087975412986,0.251604621309371,-1.3033741555241147,0.7145586549484142,0.7157784743991641,-0.12198194507498927,164009,281611
2755,Kevin Martin,2009-10,2015-16,2,4,"HOU,MIN,SAC,SAS",4,161,2727.95,5070.05,721,1859,742,1961,1432,3506,1346,3474,2580,2703,4938,4820,0.488358886996025,0.5060463209674113,-1.7687433971386335,0.2688292319164802,0.29188748471259685,-2.305825279611662,0.714725105728566,0.7225886232481451,-0.7863517519579144,163677,304203
204025,Tim Frazier,2014-15,2021-22,6,8,"CLE,DET,MEM,MIL,NOP,ORL,PHI,POR",12,255,2724.633333333333,9570.366666666667,698,2085,679,2066,2628,7292,2491,7100,2783,2745,9920,9591,0.5034370477568741,0.5084311414074112,-0.4994093650537046,0.25253256150506515,0.2701480263157895,-1.7615464810724346,0.7543415340086831,0.745374629459266,0.8966904549417065,163478,574222
202714,Shelvin Mack,2012-13,2018-19,3,6,"ATL,CHA,MEM,PHI,UTA,WAS",7,207,2720.5666666666666,7290.433333333333,611,1946,685,2000,1713,5266,1947,5475,2557,2685,6979,7422,0.48779091949637543,0.48461912367196724,0.31717958244081856,0.23400995787054768,0.23831385642737896,-0.4303898556831276,0.7396427213987077,0.7300707056703175,0.9572015728390171,163234,437426
1628470,Torrey Craig,2020-21,2024-25,3,5,"BOS,CHI,IND,MIL,PHX",6,236,2713.2,8684.8,770,1963,685,2031,2223,6780,2245,6439,2733,2716,9003,8684,0.5015599192512388,0.5090179227681347,-0.7458003516895961,0.27490182077829345,0.25663818979450476,1.8263630983788692,0.7413141993957704,0.7512465373961219,-0.9932338000351537,162792,521088
2420,Nenad Krstic,2008-09,2010-11,2,2,"BOS,OKC",3,132,2712.6,3698.4,673,1855,692,1838,987,2552,1010,2376,2528,2530,3539,3386,0.49980229339659943,0.5110469314079422,-1.124463801134279,0.26802070888092394,0.29348795718108833,-2.546724830016439,0.7283078131134668,0.7164514317798989,1.1856381333567922,162756,221904
2200,Pau Gasol,2007-08,2018-19,2,4,"LAL,MEM,MIL,SAS",4,165,2711.4,5268.6,622,1994,730,1883,1327,4039,1360,3904,2616,2613,5366,5264,0.5002868617326449,0.5047977422389464,-0.451088050630144,0.24830339321357286,0.25367998470655706,-0.5376591492984195,0.7320117474302497,0.7481015002778292,-1.608975284757952,162684,316116
202323,Evan Turner,2013-14,2019-20,2,3,"ATL,IND,PHI",3,135,2708.483333333333,3826.516666666667,757,1977,816,2047,1076,2769,1052,2951,2734,2863,3845,4003,0.4884759692692514,0.48993374108053006,-0.1457771811278652,0.26997146932952926,0.26719642413707473,0.27750451924545283,0.7078410311493019,0.7246794032975661,-1.6838372148264225,162509,229591
1630169,Tyrese Haliburton,2021-22,2021-22,1,2,"IND,SAC",2,82,2694.233333333333,1266.7666666666667,760,1885,758,2014,349,939,320,956,2645,2772,1288,1276,0.48827764445264904,0.5023400936037441,-1.4062449151095058,0.273972602739726,0.2674329501915709,0.6539652548155139,0.7132046916382898,0.7458300238284352,-3.2625332190145406,161654,76006
949,Shareef Abdur-Rahim,2003-04,2003-04,1,2,"ATL,POR",2,86,2690.3333333333335,1482.6666666666667,731,1858,844,1783,426,955,443,910,2589,2627,1381,1353,0.4963573619631902,0.5051207022677395,-0.8763340304549339,0.2907716785998409,0.3188622754491018,-2.8090596849260905,0.6876387860843819,0.6831187410586552,0.4520045025726671,161420,88960
87,Dikembe Mutombo,2000-01,2008-09,2,3,"ATL,HOU,PHI",3,131,2689.95,3613.05,855,1959,767,1717,980,2501,940,2407,2814,2484,3481,3347,0.5311438278595696,0.5098125366139425,2.133129124562705,0.3324261275272162,0.2893416002361972,4.308452729101897,0.7186353631694791,0.7268235977913398,-0.818823462186069,161397,216783
101181,Jose Calderon,2012-13,2016-17,2,4,"ATL,DET,LAL,TOR",4,161,2662.95,5115.05,735,1724,686,1909,1441,3612,1371,3704,2459,2595,5053,5075,0.48654531064503365,0.4989139020537125,-1.2368591408678853,0.2779878971255673,0.2800777453838678,-0.20898482583004974,0.7153526970954357,0.7248645394340758,-0.9511842338640109,159777,306903
1712,Antawn Jamison,2009-10,2013-14,2,3,"CLE,LAC,WAS",3,135,2658.45,3866.55,698,1849,706,1863,1042,2756,1111,2635,2547,2569,3798,3746,0.49784988272087566,0.5034464475079533,-0.5596564787077651,0.27254978524014056,0.2833831928202339,-1.0833407580093324,0.723679060665362,0.712697181277476,1.0981879387885973,159507,231993
1742,Shammond Williams,2002-03,2003-04,2,4,"BOS,DEN,NOH,ORL",4,166,2636.616666666667,5386.383333333333,730,1764,782,1969,1614,3535,1575,3741,2494,2751,5149,5316,0.47550047664442324,0.4920210224558051,-1.6520545811381848,0.27047054464616527,0.3014005602240896,-3.0930015577924355,0.6928515318146111,0.6917808219178082,0.10707098968029127,158197,323183
202682,Derrick Williams,2013-14,2017-18,3,5,"CLE,LAL,MIA,MIN,SAC",6,171,2632.9,5645.1,715,1935,726,1928,1561,4132,1416,4030,2650,2654,5693,5446,0.49962292609351433,0.5110871712002872,-1.1464245106772908,0.270525917517972,0.2791987122160615,-0.8672794698089514,0.7271702367531003,0.7447728911319395,-1.7602654378839122,157974,338706
201578,Marreese Speights,2011-12,2012-13,2,2,"CLE,MEM",3,138,2629.7833333333333,4034.2166666666667,830,1691,704,1764,1261,2667,1078,2666,2521,2468,3928,3744,0.5053116857085588,0.5119916579770595,-0.66799722685007,0.3199691595990748,0.3211102622867329,-0.11411026876581021,0.7060542797494781,0.7121495327102804,-0.6095252960802267,157787,242053
1627863,Danuel House,2016-17,2023-24,5,6,"HOU,NYK,PHI,PHX,UTA,WAS",10,303,2618.0666666666666,12000.933333333332,711,1992,715,1959,3141,8705,3227,8933,2703,2674,11846,12160,0.5026966710061372,0.493459968341248,0.923670266488924,0.2662921348314607,0.2601457677654464,0.6146367066014291,0.735869966752863,0.7295507877975193,0.6319178955343729,157084,720056
1627783,Pascal Siakam,2023-24,2023-24,1,2,"IND,TOR",2,82,2617.6,1333.4,670,1914,673,1938,391,933,389,945,2584,2611,1324,1334,0.4974013474494706,0.49811888638073737,-0.0717538931266748,0.25690184049079756,0.2926646706586826,-3.5762830167885062,0.7398531117124082,0.705748865355522,3.4104246356886248,157056,80004
202685,Jonas Valanciunas,2018-19,2024-25,2,4,"MEM,SAC,TOR,WAS",4,164,2615.0833333333335,5316.916666666667,715,1964,690,1869,1421,3938,1480,4080,2679,2559,5359,5560,0.5114547537227949,0.49079586042677903,2.065889329601589,0.27670278637770895,0.2583166696964188,1.8386116681290143,0.7400150715900528,0.7268364710225176,1.317860056753517,156905,319015
1630534,Ochai Agbaji,2023-24,2025-26,2,3,"BKN,TOR,UTA",4,169,2614.85,5547.15,749,1902,758,1877,1628,3859,1562,4042,2651,2635,5487,5604,0.5015134317063943,0.4947254530700568,0.678797863633751,0.28522467631378523,0.28712522045855376,-0.19005441447685345,0.7150375939849624,0.711861280206604,0.3176313778358364,156891,332829
1629655,Daniel Gafford,2020-21,2023-24,2,3,"CHI,DAL,WAS",4,152,2605.85,4735.15,647,1954,842,1971,1130,3634,1172,3617,2601,2813,4764,4789,0.48042113040265977,0.4986915105202554,-1.827038011759563,0.247135217723453,0.23804508110385506,0.9090136619597955,0.6988555078683834,0.7561381606325427,-5.728265276415934,156351,284109
203897,Zach LaVine,2024-25,2024-25,1,2,"CHI,SAC",2,83,2602.516666666667,1401.4833333333333,627,1999,695,1893,413,1059,347,1090,2626,2588,1472,1437,0.5036440352896049,0.5060158129941561,-0.23717777045512145,0.2488095238095238,0.27478376580172986,-2.5974241992206046,0.7420193021529324,0.7532005689900427,-1.1181266837110293,156151,84089
203145,Kent Bazemore,2013-14,2019-20,2,4,"GSW,LAL,POR,SAC",4,156,2598.5666666666666,4924.433333333333,627,1968,753,2078,1262,3690,1342,3670,2595,2831,4952,5012,0.4782528566162919,0.4969891609795263,-1.8736304363234368,0.23179297597042514,0.25587996755879966,-2.408699158837452,0.7232635060639471,0.7333068362480127,-1.0043330184065669,155914,295466
979,Jermaine O'Neal,2008-09,2011-12,2,3,"BOS,MIA,TOR",3,148,2597.516666666667,4581.483333333334,565,1736,699,1773,958,3135,1302,3109,2301,2472,4093,4411,0.4820867379006914,0.48130291627469424,0.07838216259971609,0.2416595380667237,0.235554462748955,0.6105075317768688,0.7129363449691992,0.7065584854631508,0.6377859506048411,155851,274889
2413,Juan Dixon,2006-07,2007-08,2,3,"DET,POR,TOR",4,164,2593.9,5358.1,698,1686,662,1737,1359,3562,1349,3497,2384,2399,4921,4846,0.4984319464771064,0.5038394594041159,-0.5407512927009472,0.286652977412731,0.27985996705107086,0.6793010361660134,0.7180579216354344,0.7253105273874975,-0.7252605752063102,155634,321486
1629629,Cam Reddish,2021-22,2024-25,3,4,"ATL,LAL,NYK,POR",5,236,2591.15,8801.85,672,1864,737,1997,2399,6578,2282,6428,2536,2734,8977,8710,0.4812144212523719,0.5075479165488777,-2.633349529650575,0.2517796927688273,0.27177976662512743,-2.000007385630015,0.7166474432910419,0.7424379232505643,-2.579047995952244,155469,528111
2211,Troy Murphy,2006-07,2012-13,3,5,"BOS,DAL,GSW,IND,NJN",5,178,2573.883333333333,6035.116666666667,645,1676,775,1882,1582,4127,1645,4030,2321,2657,5709,5675,0.46625150662916837,0.5014933239634575,-3.5241817334289105,0.2552433715868619,0.28189593727726303,-2.665256569040114,0.6838025295797634,0.715003465003465,-3.1200935423701615,154433,362107
202389,Timofey Mozgov,2010-11,2014-15,2,3,"CLE,DEN,NYK",4,160,2569.7166666666667,5160.283333333334,761,1895,695,1760,1387,3677,1423,3679,2656,2455,5064,5102,0.5196634709450205,0.4981310249852449,2.1532445959775606,0.3018643395477985,0.27378602447690487,2.8078315070893645,0.7316602316602316,0.7209803921568627,1.0679839503368926,154183,309617
203487,Michael Carter-Williams,2014-15,2022-23,3,4,"HOU,MIL,ORL,PHI",5,154,2566.2,4880.8,744,1824,675,1940,1344,3413,1332,3571,2568,2615,4757,4903,0.49546594636311014,0.49244306418219463,0.30228821809155093,0.27719821162444114,0.27344862665310277,0.3749584971338371,0.7298919567827131,0.7192834562697576,1.0608500512955477,153972,292848
1629013,Landry Shamet,2018-19,2024-25,2,3,"LAC,NYK,PHI",3,135,2563.4333333333334,3986.5666666666666,673,1929,668,1903,1103,2994,1054,2815,2602,2571,4097,3869,0.5029963270829306,0.5143108209892041,-1.1314493906273482,0.26125776397515527,0.2815211842776927,-2.0263420302537414,0.7427801309202926,0.7396245059288538,0.31556249914388435,153806,239194
201953,Eric Maynor,2009-10,2013-14,3,5,"OKC,PHI,POR,UTA,WAS",6,246,2558.5833333333335,9344.416666666666,682,1747,686,1708,2468,6467,2518,6359,2429,2394,8935,8877,0.5036284470246735,0.5016281158769369,0.2000331147736567,0.28535564853556483,0.279596691967826,0.5758956567738838,0.7180435676120016,0.7197551474680022,-0.17115798560005668,153515,560665
1628372,Dennis Smith Jr.,2018-19,2021-22,3,4,"DAL,DET,NYK,POR",5,215,2557.35,7777.65,655,1970,679,1984,2002,5934,1973,5888,2625,2663,7936,7861,0.4964069591527988,0.5023738684560359,-0.5966909303237122,0.24820007578628267,0.2537389100126743,-0.553883422639162,0.743676859192148,0.7504742633109902,-0.6797404118842221,153441,466659
202362,Lance Stephenson,2015-16,2021-22,3,6,"ATL,IND,LAC,MEM,MIN,NOP",8,160,2548.0,5207.0,713,1784,662,1841,1395,3623,1375,3851,2497,2503,5018,5226,0.4994,0.48984771573604063,0.9552284263959376,0.27916992952231795,0.26591688905833016,1.3253040463987786,0.7293540474243663,0.7248899559823929,0.446409144197335,152880,312420
2045,Hedo Turkoglu,2010-11,2010-11,1,2,"ORL,PHX",2,81,2540.2166666666667,1402.7833333333333,647,1779,668,1688,396,972,398,958,2426,2356,1368,1356,0.507319113341698,0.5022026431718062,0.5116470169891807,0.27708779443254816,0.29246676514032494,-1.5378970707776773,0.7270126685737638,0.7094890510948905,1.7523617478873321,152413,84167
203084,Harrison Barnes,2018-19,2018-19,1,2,"DAL,SAC",2,81,2532.7166666666667,1370.2833333333333,662,2017,675,2009,404,1031,354,1001,2679,2684,1435,1355,0.4995338429983218,0.514336917562724,-1.4803074564402219,0.24784724822163984,0.2875444839857651,-3.969723576412526,0.7492570579494799,0.7444043321299639,0.4852725819516013,151963,82217
1952,Raja Bell,2000-01,2009-10,3,4,"CHA,GSW,PHI,PHX",5,161,2526.0833333333335,5276.916666666667,638,1719,651,1573,1355,3403,1547,3689,2357,2224,4758,5236,0.5145164811176599,0.4760856513908345,3.8430829726825433,0.2885572139303483,0.26863600317208564,1.9921210758262642,0.7253164556962025,0.6874747474747475,3.784170822145505,151565,316615
1899,James Posey,2002-03,2002-03,1,2,"DEN,HOU",2,84,2517.9166666666665,1549.0833333333333,788,1682,692,1675,487,1052,436,1006,2470,2367,1539,1442,0.5106470953070085,0.516269708151627,-0.5622612844618513,0.31993503857084854,0.3261888814467515,-0.6253842875902971,0.7085088458298231,0.706989247311828,0.15195985179951021,151075,92945
89,Nick Van Exel,2001-02,2001-02,1,2,"DAL,DEN",2,78,2509.75,1264.25,815,1697,766,1789,359,827,385,866,2512,2555,1186,1251,0.4957568581014407,0.4866639310627821,0.9092927038658605,0.31298003072196623,0.29306122448979594,1.9918806232170294,0.6889971579374746,0.6823432343234324,0.6653923614042268,150585,75855
201167,Arron Afflalo,2014-15,2014-15,1,2,"DEN,POR",2,82,2501.55,1459.45,755,1869,670,1813,383,1072,399,1114,2624,2483,1455,1513,0.5138045819463481,0.49022911051212936,2.3575471434218787,0.2940031152647975,0.2558450233800935,3.815809188470398,0.7361165813312328,0.7287559483344663,0.7360632996766481,150093,87567
1510,Brevin Knight,2000-01,2003-04,2,5,"ATL,CLE,MIL,PHX,WAS",5,159,2494.7833333333333,5187.216666666666,696,1643,728,1786,1701,3471,1543,3476,2339,2514,5172,5019,0.4819699155161756,0.5075066234913159,-2.5536707975140347,0.28041901692183724,0.3285686691133861,-4.814965219154887,0.6929565584141713,0.6922616673314719,0.06948910826993782,149687,311233
358,Anfernee Hardaway,2003-04,2007-08,3,3,"MIA,NYK,PHX",4,156,2491.55,5066.45,678,1666,735,1724,1518,3374,1384,3322,2344,2459,4892,4706,0.4880283156360608,0.5096895186497187,-2.166120301365787,0.28226477935054123,0.31363636363636366,-3.137158428582243,0.6938775510204082,0.7091214796132829,-1.5243928592874711,149493,303987
1627826,Ivica Zubac,2018-19,2025-26,2,3,"IND,LAC,LAL",4,162,2486.0,5335.0,666,1908,697,1750,1306,4014,1590,3997,2574,2447,5320,5587,0.5126468830910177,0.48776015402952233,2.488672906149536,0.27566225165562913,0.24627569300396002,2.9386558651669112,0.7324376199616123,0.7162740899357601,1.6163530025852135,149160,320100
1934,Rodney Buford,2000-01,2003-04,3,3,"MEM,PHI,SAC",4,177,2480.0833333333335,6080.916666666667,734,1628,809,1686,1765,4210,1745,4060,2362,2495,5975,5805,0.4863084208359069,0.5072156196943973,-2.0907198858490403,0.30330578512396694,0.30300429184549355,0.030149327847339702,0.6680344686089454,0.7069689336691856,-3.893446506024012,148805,364855
201580,JaVale McGee,2011-12,2020-21,3,4,"CLE,DEN,PHI,WAS",6,195,2469.366666666667,6950.633333333333,712,1716,771,1816,2027,4943,1782,4956,2428,2587,6970,6738,0.48414755732801595,0.5084622118470966,-2.431465451908066,0.28164556962025317,0.29027638550766144,-0.8630815887408272,0.6899879372738239,0.7350185873605948,-4.503065008677087,148162,417038
1065,Erick Strickland,2000-01,2001-02,2,3,"BOS,NYK,VAN",3,160,2468.2,5256.8,636,1716,694,1795,1355,3583,1549,3728,2352,2489,4938,5277,0.48585003098533364,0.48340675477239353,0.24432762129401042,0.2616207322089675,0.26657485736769626,-0.4954125158728784,0.7120331950207469,0.6981683554169914,1.3864839603755508,148092,315408
203490,Otto Porter Jr.,2018-19,2023-24,3,4,"CHI,ORL,TOR,WAS",5,203,2464.55,7389.45,606,1813,631,1873,1876,5417,1959,5658,2419,2504,7293,7617,0.49136705261019703,0.4891348088531187,0.22322437570783116,0.2444534086325131,0.2490045128749668,-0.4551104242453696,0.7418166939443536,0.7344088937093276,0.7407800235025963,147873,443367
1626204,Larry Nance Jr.,2017-18,2021-22,2,4,"CLE,LAL,NOP,POR",4,165,2460.5666666666666,5504.433333333333,668,1763,641,1829,1502,4171,1364,4146,2431,2470,5673,5510,0.4960212201591512,0.5072878476258607,-1.1266627466709478,0.2675210252302763,0.2659348441926346,0.1586181037641743,0.7333610648918469,0.7535682023486902,-2.0207137456843216,147634,330266
2733,Shaun Livingston,2008-09,2012-13,3,4,"CLE,MIA,OKC,WAS",6,167,2458.75,5602.25,665,1640,641,1675,1578,3709,1628,3956,2305,2316,5287,5584,0.49880978143259036,0.48633980314598474,1.246997828660562,0.2841880341880342,0.28514636790748105,-0.09583337194468688,0.7189829022358615,0.6949597151958029,2.402318704005857,147525,336135
1711,Raef LaFrentz,2001-02,2001-02,1,2,"DAL,DEN",2,78,2454.05,1319.95,730,1669,753,1764,444,855,398,891,2399,2517,1299,1289,0.48799837266069973,0.5019319938176198,-1.393362115692004,0.29270248596631915,0.3325842696629214,-3.9881783696602224,0.6890999174236169,0.6823623304070231,0.6737587016593771,147243,79197
203994,Jusuf Nurkic,2016-17,2024-25,2,4,"CHA,DEN,PHX,POR",4,166,2453.983333333333,5559.016666666666,701,1914,632,1790,1521,4062,1478,3977,2615,2422,5583,5455,0.5191582291046257,0.5057981518391013,1.3360077265524462,0.281413087113609,0.2766460531102219,0.4767034003387127,0.7517674783974863,0.7332129963898917,1.8554482007594575,147239,333541
2037,Jamal Crawford,2008-09,2019-20,2,3,"BKN,GSW,NYK",3,89,2443.5833333333335,1858.4166666666667,614,1662,817,1808,512,1283,591,1402,2276,2625,1795,1993,0.46439502142419914,0.47386483632523757,-0.9469814901038431,0.2535094962840628,0.26750261233019856,-1.399311604613579,0.6704316256555063,0.6846318036286019,-1.4200177973095585,146615,111505
201188,Marc Gasol,2018-19,2018-19,1,2,"MEM,TOR",2,82,2436.05,1539.95,451,1776,594,1836,379,1175,397,1206,2227,2430,1554,1603,0.47820485290959847,0.49223946784922396,-1.403461493962549,0.19720157411456055,0.2391167192429022,-4.191514512834166,0.7493670886075949,0.7474554707379135,0.19116178696814146,146163,92397
201858,Cartier Martin,2008-09,2013-14,5,5,"ATL,CHA,CHI,GSW,WAS",8,231,2426.883333333333,8776.116666666667,648,1660,643,1679,2369,5831,2486,6062,2308,2322,8200,8548,0.49848812095032397,0.48961069978504895,0.8877421165275012,0.2784701332187366,0.2809868343019808,-0.25167010832441994,0.7207989578810248,0.7010941445232656,1.9704813357759199,145613,526567
2749,Jameer Nelson,2014-15,2017-18,2,5,"BOS,DAL,DEN,DET,NOP",5,162,2419.1833333333334,5461.816666666667,593,1687,669,1810,1419,3962,1485,4063,2280,2479,5381,5548,0.47909224627022484,0.4923597767407814,-1.3267530470556566,0.24677486475239285,0.258847136081722,-1.2072271329329143,0.716044142614601,0.7273728657976868,-1.1328723183085754,145151,327709
203922,Glenn Robinson III,2014-15,2020-21,3,4,"GSW,MIN,PHI,SAC",5,183,2416.4333333333334,6422.566666666667,640,1702,647,1843,1899,4509,1689,4858,2342,2490,6408,6547,0.48468543046357615,0.49463527595522966,-0.9949845491653508,0.2577527184857028,0.2810418824922303,-2.3289164006527474,0.724563644103874,0.7274927395934172,-0.2929095489543232,144986,385354
203079,Dion Waiters,2014-15,2019-20,2,4,"CLE,LAL,MIA,OKC",4,143,2415.4666666666667,4508.533333333334,752,1789,641,1760,1161,3411,1103,3214,2541,2401,4572,4317,0.5141643059490085,0.5143435707053662,-0.01792647563576555,0.29936305732484075,0.2653714285714286,3.399162875341216,0.7362139917695473,0.7556490917146654,-1.9435099945118162,144928,270512
201952,Jeff Teague,2019-20,2020-21,2,4,"ATL,BOS,MIL,MIN",4,134,2414.4666666666667,4092.5333333333333,612,1779,692,1827,1165,3181,988,3173,2391,2519,4346,4161,0.4869653767820774,0.5108733983778065,-2.3908021595729134,0.25092250922509224,0.26855693868142,-1.763442945632776,0.7199514366653177,0.7630127128807868,-4.306127621546906,144868,245552
203504,Trey Burke,2017-18,2019-20,3,3,"DAL,NYK,PHI",5,181,2405.516666666667,6337.483333333334,642,1758,663,1841,1667,4841,1559,4974,2400,2504,6508,6533,0.4893964110929853,0.49904148454873093,-0.9645073455745612,0.2585581957309706,0.2510164131907845,0.7541782540186115,0.7261462205700124,0.75640625,-3.026002942998751,144331,380249
2407,Jared Jeffries,2009-10,2010-11,2,2,"HOU,NYK",4,166,2394.366666666667,5648.633333333333,669,1560,683,1671,1526,3784,1547,4036,2229,2354,5310,5583,0.4863626445559677,0.48746901679977966,-0.11063722438119372,0.2858974358974359,0.27436174038115785,1.1535695516278033,0.6954971020954079,0.7098105421121741,-1.4313440016766155,143662,338918
739,Rasheed Wallace,2003-04,2003-04,1,3,"ATL,DET,POR",3,76,2393.55,1284.45,694,1610,660,1512,396,830,373,817,2304,2172,1226,1190,0.514745308310992,0.5074503311258278,0.7294977185164142,0.314596554850408,0.32646331409727947,-1.1866759246871472,0.7092511013215859,0.6899418121363259,1.9309289185259981,143613,77067
1883,Steve Francis,2005-06,2005-06,1,2,"NYK,ORL",2,82,2393.5,1582.5,673,1583,635,1442,422,991,394,966,2256,2077,1413,1360,0.5206554350334641,0.5095564370717635,1.1098997961700663,0.3182033096926714,0.30403458213256485,1.4168727560106564,0.7137060414788098,0.7155234657039711,-0.18174242251612904,143610,94950
2032,Darius Miles,2003-04,2008-09,2,3,"CLE,MEM,POR",4,141,2377.733333333333,4470.266666666666,659,1621,745,1561,1287,2938,1192,2886,2280,2306,4225,4078,0.4971652856519843,0.5088522220884018,-1.1686936436417439,0.29684684684684687,0.308411214953271,-1.1564368106424139,0.6851225697379544,0.7113801452784504,-2.6257575540496014,142664,268216
202391,Jeremy Lin,2011-12,2018-19,2,3,"ATL,NYK,TOR",3,145,2376.8333333333335,4623.166666666667,636,1813,622,1748,1266,3294,1258,3353,2449,2370,4560,4611,0.5081967213114754,0.497219496238142,1.097722507333343,0.26677852348993286,0.27408529984845204,-0.7306776358519174,0.744558521560575,0.7236379613356766,2.092056022489841,142610,277390
2203,Shane Battier,2010-11,2010-11,1,2,"HOU,MEM",2,82,2374.483333333333,1591.5166666666667,685,1591,657,1618,479,1051,438,1037,2276,2275,1530,1475,0.5001098659635245,0.5091514143094842,-0.9041548345959716,0.29743812418584453,0.3159630606860158,-1.8524936500171285,0.7077402135231317,0.7058428475486904,0.1897365974441234,142469,95491
2217,Brendan Haywood,2009-10,2009-10,1,2,"DAL,WAS",2,80,2355.2,1514.8,674,1667,641,1576,358,982,428,1101,2341,2217,1340,1529,0.5136024572180781,0.4670616939700244,4.654076324805367,0.2995555555555556,0.24537354352296092,5.418201203259465,0.7222703639514731,0.6964539007092199,2.5816463242253285,141312,90888
200761,Shawne Williams,2011-12,2014-15,3,4,"DET,LAL,MIA,NJN",5,161,2351.4333333333334,5396.566666666667,601,1531,685,1710,1449,3663,1548,3757,2132,2395,5112,5305,0.47095206538546497,0.49073629643851396,-1.9784231053048995,0.260060579835569,0.27833269304648484,-1.827211321091582,0.6908844765342961,0.7029360967184801,-1.2051620184184042,141086,323794
1629638,Nickeil Alexander-Walker,2021-22,2022-23,2,3,"MIN,NOP,UTA",4,161,2349.55,5428.45,642,1698,615,1752,1593,4030,1382,3876,2340,2367,5623,5258,0.497131931166348,0.5167723554820329,-1.9640424315684912,0.2681704260651629,0.29127811300054857,-2.3107686935385674,0.7341115434500648,0.7446415373244641,-1.0529993874399346,140973,325707
916,Corie Blount,2000-01,2003-04,2,4,"CHI,GSW,PHX,TOR",4,157,2348.766666666667,5242.233333333334,815,1539,740,1644,1646,3578,1499,3863,2354,2384,5224,5362,0.49683410721823557,0.4934819573020971,0.33521499161384694,0.3314355429036194,0.2987838083136685,3.2651734589950854,0.6752961825362,0.7047468977742761,-2.9450715238076075,140926,314534
2424,Dan Dickau,2003-04,2004-05,2,4,"ATL,DAL,NOH,POR",4,170,2342.883333333333,5907.116666666667,716,1489,650,1598,1678,3947,1834,3901,2205,2248,5625,5735,0.49517179429598024,0.4951584507042254,0.0013343591754866324,0.3094209161624892,0.3007707474457788,0.8650168716710371,0.6961196820944366,0.6827538488150839,1.3365833279352701,140573,354427
1628382,Justin Jackson,2018-19,2023-24,5,7,"BOS,DAL,MIL,MIN,OKC,PHX,SAC",9,223,2334.633333333333,8439.366666666667,582,1830,631,1898,2033,6514,2174,6531,2412,2529,8547,8705,0.48816029143898,0.49542082077440297,-0.7260529335422983,0.2346774193548387,0.23738907052779076,-0.2711651172952051,0.7436001625355546,0.7497697974217311,-0.61696348861765,140078,506362
203076,Anthony Davis,2024-25,2025-26,2,2,"DAL,LAL",3,130,2331.1833333333334,3943.8166666666666,548,1739,664,1654,972,2899,1208,3004,2287,2318,3871,4212,0.4966340933767644,0.47890634665347026,1.7727746723294135,0.2488646684831971,0.24446680080482897,0.4397867678368139,0.7236787349146899,0.7058680301923546,1.7810704722335369,139871,236629
203458,Alex Len,2019-20,2024-25,3,5,"ATL,LAL,SAC,TOR,WAS",6,230,2329.25,8785.75,578,1864,638,1864,2279,6509,2336,6611,2442,2502,8788,8947,0.49393203883495146,0.4955173385959966,-0.15852997610451558,0.23669123669123668,0.256355455568054,-1.9664218876817325,0.7450039968025579,0.735895986433013,0.9108010369544894,139755,527145
1629645,Kevin Porter Jr.,2020-21,2024-25,2,3,"HOU,LAC,MIL",3,142,2317.45,4518.55,550,1747,585,1748,1088,3373,1158,3501,2297,2333,4461,4659,0.49611231101511877,0.48914473684210524,0.6967574173013524,0.23933855526544823,0.23708869034648072,0.22498649189675035,0.7491423670668954,0.7444272787464136,0.47150883204818417,139047,271113
2205,DeSagana Diop,2007-08,2008-09,2,3,"CHA,DAL,NJN",4,162,2303.5333333333333,5527.466666666666,660,1518,617,1482,1411,3826,1494,3653,2178,2099,5237,5147,0.5092354454056581,0.5043335901386748,0.49018552669832793,0.3081232492997199,0.27863349131121645,2.948975798850345,0.7110070257611241,0.719172932330827,-0.8165906569702952,138212,331648
203901,Elfrid Payton,2017-18,2024-25,2,4,"CHA,NOP,ORL,PHX",6,108,2301.9166666666665,2887.0833333333335,578,1669,639,1825,757,2135,804,2237,2247,2464,2892,3041,0.4769687964338782,0.4874431147817293,-1.047431834785112,0.24053266749895963,0.2528390113560454,-1.2306343857085789,0.7231369150779896,0.7264375637972099,-0.33006487192203116,138115,173225
448,Bo Outlaw,2001-02,2007-08,4,2,"ORL,PHX",5,226,2300.6833333333334,8642.316666666668,694,1500,768,1520,2494,6060,2738,5838,2194,2288,8554,8576,0.4895136099955377,0.49935785172212493,-0.9844241726587211,0.3134598012646793,0.29932789246279407,1.4131908801885251,0.6613756613756614,0.6887929074789725,-2.741724610331109,138041,518539
1627885,Shaquille Harrison,2017-18,2023-24,6,7,"BKN,CHI,DEN,MEM,PHX,POR,UTA",7,173,2295.1833333333334,6053.816666666667,542,1683,580,1788,1546,4719,1556,4588,2225,2368,6265,6144,0.48443283257130415,0.5048754935933597,-2.0442661022055555,0.23261802575107296,0.2520378219758722,-1.9419796224799253,0.7437030490499337,0.7520318725099602,-0.8328823460026502,137711,363229
2556,Marcus Banks,2005-06,2010-11,4,5,"BOS,MIA,MIN,PHX,TOR",7,258,2292.3166666666666,10191.683333333332,524,1485,728,1573,2573,6860,2932,6986,2009,2301,9433,9918,0.46612529002320185,0.487468347888998,-2.1343057865796156,0.24988078206962328,0.2691704153154096,-1.9289633245786308,0.6710347943967465,0.7005718954248366,-2.953710102809004,137539,611501
2501,Reggie Evans,2005-06,2013-14,2,4,"BKN,DEN,SAC,SEA",4,162,2292.016666666667,5553.983333333334,745,1489,547,1525,1462,3634,1604,3713,2234,2072,5096,5317,0.5188109614491407,0.4893882646691635,2.942269677997722,0.32819383259911894,0.28251207729468597,4.5681755304432965,0.731335952848723,0.6937762504772814,3.7559702371441572,137521,333239
203114,Khris Middleton,2024-25,2025-26,2,3,"DAL,MIL,WAS",4,162,2282.25,5523.75,600,1714,700,1785,1462,4069,1709,4227,2314,2485,5531,5936,0.4821837882892269,0.4823406296328595,-0.01568413436325855,0.25157232704402516,0.25698716821937073,-0.5414841175345575,0.7100248550124275,0.7042229145032883,0.5801940509139181,136935,331425
204001,Kristaps Porzingis,2021-22,2025-26,2,4,"ATL,DAL,GSW,WAS",4,167,2249.55,5816.45,559,1735,538,1697,1498,4105,1649,4371,2294,2235,5603,6020,0.5065135791565467,0.4820614299234277,2.4452149233119003,0.24778368794326242,0.2552393934230704,-0.7455705479807978,0.763308402991641,0.7134167535627389,4.989164942890212,134973,348987
1628368,De'Aaron Fox,2024-25,2024-25,1,2,"SAC,SAS",2,84,2241.133333333333,1815.8666666666666,607,1622,625,1691,489,1295,511,1341,2229,2316,1784,1852,0.4904290429042904,0.49064906490649063,-0.02200220022002264,0.26414273281114015,0.26721311475409837,-0.30703819429582224,0.7218513573653761,0.7170542635658915,0.4797093799484564,134468,108952
202681,Kyrie Irving,2022-23,2022-23,1,2,"BKN,DAL",2,79,2239.483333333333,1567.5166666666667,385,1597,666,1592,311,1154,443,1196,1982,2258,1465,1639,0.4674528301886792,0.47197164948453607,-0.4518819295856846,0.1947395042994436,0.20637027206370273,-1.1630767764259142,0.7057003977021653,0.7226048841577959,-1.6904486455630585,134369,94051
1500,Ron Mercer,2001-02,2003-04,2,3,"CHI,IND,SAS",3,139,2236.616666666667,4475.383333333333,666,1520,629,1645,1317,3138,1237,3005,2186,2274,4455,4242,0.49013452914798206,0.5122456019317005,-2.211107278371849,0.28818693206404156,0.3047200370198982,-1.6533104955856637,0.7073057235923685,0.7172571428571428,-0.9951419264774275,134197,268523
1629004,Svi Mykhailiuk,2018-19,2022-23,3,5,"CHA,DET,LAL,NYK,OKC",6,237,2232.2833333333333,9243.716666666667,613,1678,585,1706,2617,7014,2493,6958,2291,2291,9631,9451,0.5,0.5047164867414318,-0.4716486741431769,0.26433807675722293,0.27331592689295037,-0.8977850135727439,0.7414935925762263,0.7377721678763016,0.3721424699924647,133937,554623
1629023,P.J. Washington,2023-24,2023-24,1,2,"CHA,DAL",2,80,2220.616666666667,1634.3833333333334,557,1622,562,1691,410,1153,421,1248,2179,2253,1563,1669,0.49165162454873645,0.48360148514851486,0.805013940022159,0.24777580071174377,0.24728588661037396,0.04899141013698094,0.7426739926739927,0.7325285895806861,1.0145403093306582,133237,98063
1507,Derek Anderson,2005-06,2006-07,2,3,"CHA,HOU,MIA",3,150,2219.766666666667,5065.233333333334,586,1470,593,1444,1374,3392,1299,3473,2056,2037,4766,4772,0.5023210359149768,0.49968546865170893,0.26355672632678573,0.28866995073891627,0.28347431400866513,0.5195636730251141,0.7125545322346097,0.7230867618844596,-1.05322296498499,133186,303914
202498,Lance Thomas,2011-12,2019-20,3,4,"BKN,NOH,NYK,OKC",6,132,2217.766666666667,4168.233333333334,601,1507,579,1574,1165,3000,1188,2905,2108,2153,4165,4093,0.49471954940154894,0.5043594090578832,-0.9639859656334293,0.27632183908045976,0.28624078624078625,-0.9918947160326486,0.7224352828379674,0.7163323782234957,0.6102904614471716,133066,250094
203493,Reggie Bullock,2014-15,2018-19,2,4,"DET,LAC,LAL,PHX",4,161,2216.7,5556.3,556,1625,513,1754,1474,4151,1417,4187,2181,2267,5625,5604,0.4903327338129496,0.5009350788137857,-1.0602345000836122,0.24069264069264068,0.26037802508390745,-1.968538439126677,0.7600561272217026,0.7455100574712644,1.454606975043815,133002,333378
2736,Luol Deng,2013-14,2013-14,1,2,"CHI,CLE",2,80,2212.7166666666667,1657.2833333333333,676,1596,598,1558,508,1160,431,1118,2272,2156,1668,1549,0.5130984643179766,0.5184954926950575,-0.5397028377080892,0.3025962399283796,0.3124231242312423,-0.9826884302862715,0.7274384685505926,0.7291011942174733,-0.16627256668807489,132763,99437
201148,Brandan Wright,2010-11,2017-18,3,7,"BOS,DAL,GSW,HOU,MEM,NJN,PHX",7,234,2208.016666666667,9123.983333333334,591,1510,669,1565,2417,6220,2511,6600,2101,2234,8637,9111,0.48465974625144176,0.48664638269100746,-0.19866364395657032,0.27411873840445267,0.26804924032383276,0.6069498080619906,0.6929784304726939,0.7124040774252663,-1.9425646952572428,132481,547439
1112,Ben Wallace,2007-08,2007-08,1,2,"CHI,CLE",2,81,2205.1833333333334,1707.8166666666666,750,1502,560,1552,569,1150,448,1164,2252,2112,1719,1612,0.5160403299725023,0.516061242870009,-0.002091289750671965,0.32580364900086883,0.328332371609925,-0.25287226090561776,0.7284190106692532,0.7196495619524406,0.8769448716812622,132311,102469
200749,Shelden Williams,2007-08,2010-11,3,5,"ATL,DEN,MIN,NYK,SAC",6,251,2198.7833333333333,9939.216666666667,664,1510,626,1491,2510,6579,2736,6775,2174,2117,9089,9511,0.5066418084362619,0.4886559139784946,1.7985894457767326,0.30812064965197217,0.2703284868066774,3.779216284529474,0.7069288389513109,0.706280193236715,0.06486457145958857,131927,596353
1628401,Derrick White,2021-22,2021-22,1,2,"BOS,SAS",2,81,2198.766666666667,1709.2333333333333,579,1673,640,1673,495,1292,456,1249,2252,2313,1787,1705,0.4933187294633078,0.5117411225658648,-1.8422393102557,0.2571047957371226,0.2838302752293578,-2.672547949223519,0.7233030696065715,0.7391304347826086,-1.5827365176037111,131926,102554
203090,Maurice Harkless,2019-20,2020-21,2,4,"LAC,MIA,NYK,SAC",4,137,2198.6666666666665,4417.333333333333,546,1703,616,1627,1088,3378,1159,3338,2249,2243,4466,4497,0.5006678539626002,0.4982706683030235,0.23971856595766394,0.25126553152323977,0.24582015363759602,0.5445377885643754,0.734368262181975,0.7445448534273749,-1.0176591245399824,131920,265040
2034,Mike Miller,2002-03,2002-03,1,2,"MEM,ORL",2,84,2185.3166666666666,1866.6833333333334,576,1466,613,1573,537,1201,594,1319,2042,2186,1738,1913,0.48297067171239355,0.4760339632977266,0.6936708414666926,0.2680316426244765,0.28933189655172414,-2.130025392724766,0.7051467051467052,0.6690807799442897,3.606592520241547,131119,112001
1630,Mikki Moore,2002-03,2011-12,5,6,"ATL,BOS,GSW,NJN,SAC,UTA",9,174,2162.55,6249.45,574,1430,628,1496,1588,4080,1776,4247,2004,2124,5668,6023,0.48546511627906974,0.4848173808912839,0.06477353877858416,0.2772946859903382,0.2721508140531277,0.5143871937210498,0.6948493683187561,0.6967213114754098,-0.18719431566537326,129753,374967
1627734,Domantas Sabonis,2021-22,2021-22,1,2,"IND,SAC",2,82,2135.9166666666665,1840.0833333333333,578,1593,454,1554,458,1310,527,1401,2171,2008,1768,1928,0.5195022732711175,0.47835497835497837,4.114729491613916,0.27110694183864914,0.24636901559978483,2.473792623886431,0.7782120175867122,0.713119216113228,6.509280147348417,128155,110405
2416,Kareem Rush,2004-05,2009-10,3,3,"CHA,LAC,LAL",4,199,2134.1833333333334,7482.816666666667,662,1356,602,1573,2197,4867,2183,5210,2018,2175,7064,7393,0.48127832101120915,0.4886214290655046,-0.7343108054295444,0.29619686800894857,0.29661131362224924,-0.04144456133006735,0.6925434116445353,0.690354609929078,0.21888017154572115,128051,448969
1629684,Grant Williams,2023-24,2023-24,1,2,"CHA,DAL",2,84,2129.5,1902.5,457,1471,577,1655,465,1379,571,1416,1928,2232,1844,1987,0.4634615384615385,0.4813364656747586,-1.7874927213220093,0.21638257575757575,0.24720893141945774,-3.0826355661881992,0.71826171875,0.7071794871794872,1.1082231570512802,127770,114150
1631108,Max Christie,2024-25,2024-25,1,2,"DAL,LAL",2,79,2127.05,1674.95,481,1504,614,1523,370,1207,490,1250,1985,2137,1577,1740,0.48156234837457546,0.47542960506481763,0.6132743309757827,0.24001996007984033,0.22839506172839505,1.1624898351445285,0.7101038715769594,0.7112551561579258,-0.11512845809663608,127623,100497
101145,Monta Ellis,2011-12,2011-12,1,2,"GSW,MIL",2,63,2120.5,913.5,573,1410,668,1530,217,675,269,626,1983,2198,892,895,0.4742884477397752,0.4991606043648573,-2.487215662508213,0.2724679029957204,0.25741399762752076,1.5053905368199616,0.6785370548604427,0.715042372881356,-3.650531802091328,127230,54810
1739,Ruben Patterson,2005-06,2007-08,2,3,"DEN,LAC,POR",3,101,2119.65,2748.35,609,1411,627,1370,703,1808,814,1900,2020,1997,2511,2714,0.5028628329599203,0.4805741626794258,2.2288670280494474,0.3077311773623042,0.27007299270072993,3.7658184661574277,0.6923454367026497,0.6895499618611747,0.2795474841475021,127179,164901
202399,Jeff Adrien,2010-11,2014-15,5,5,"CHA,GSW,HOU,MIL,MIN",7,219,2114.75,8452.25,679,1410,577,1479,2338,5685,2354,6060,2089,2056,8023,8414,0.5039806996381182,0.4881061020867555,1.5874597551362724,0.314643188137164,0.2783996189568945,3.6243569180269497,0.7096124811273277,0.7071775096405025,0.24349714868251437,126885,507135
1630180,Saddiq Bey,2022-23,2022-23,1,2,"ATL,DET",2,81,2102.266666666667,1810.7333333333333,614,1469,548,1535,522,1268,471,1331,2083,2083,1790,1802,0.5,0.4983296213808463,0.16703786191537007,0.2857142857142857,0.2817053426875337,0.40089430267519766,0.7283093703520079,0.7291546866014951,-0.0845316249487138,126136,108644
2067,Eddie House,2004-05,2009-10,2,5,"BOS,CHA,MIL,NYK,SAC",5,156,2100.4,5447.6,578,1356,587,1434,1418,3605,1569,3675,1934,2021,5023,5244,0.4890012642225032,0.48923736242329796,-0.02360982007947876,0.28727634194831014,0.27842136265462397,0.8854979293686172,0.6978898610396295,0.6967529957479707,0.11368652916587951,126024,326856
965,Derek Fisher,2011-12,2012-13,2,3,"DAL,LAL,OKC",4,100,2082.35,2787.65,527,1535,586,1330,767,2085,872,1814,2062,1916,2852,2686,0.518350930115636,0.5149873600577826,0.3363570057853482,0.28379106085083466,0.2971716388996513,-1.338057804881665,0.7237152286657237,0.7051065268853568,1.8608701780366887,124941,167259
101123,Gerald Green,2007-08,2017-18,3,3,"HOU,MIN,NJN",4,142,2071.85,4764.15,515,1537,520,1592,1349,3270,1233,3343,2052,2112,4619,4576,0.49279538904899134,0.5023382272974443,-0.9542838248452923,0.24442335073564309,0.28751065643648765,-4.308730570084457,0.7472046669907633,0.72618254497002,2.1022122020743272,124311,285849
2571,Leandro Barbosa,2011-12,2013-14,3,4,"BOS,IND,PHX,TOR",4,159,2068.9666666666667,5668.033333333334,588,1420,569,1389,1345,3928,1531,3902,2008,1958,5273,5433,0.5063035804336863,0.49252755464225667,1.3776025791429614,0.29742033383915023,0.256336954450162,4.108337938898821,0.7139265962795375,0.7195457043414545,-0.5619108061917011,124138,340082
1627737,Marquese Chriss,2018-19,2021-22,4,4,"CLE,DAL,GSW,HOU",6,241,2067.4166666666665,9575.583333333334,553,1476,515,1608,2265,7041,2557,7357,2029,2123,9306,9914,0.48868015414258187,0.4841831425598335,0.4497011582748345,0.25590004627487273,0.23539804614425275,2.050200013061998,0.7413360120542442,0.7335903313190248,0.7745680735219307,124045,574535
203501,Tim Hardaway Jr.,2018-19,2018-19,1,2,"DAL,NYK",2,80,2056.633333333333,1803.3666666666666,545,1503,572,1689,481,1359,467,1446,2048,2261,1840,1913,0.4752842886980738,0.4902744471089795,-1.4990158410905674,0.2439570277529096,0.24961079398028022,-0.5653766227370627,0.7243373493975903,0.744249726177437,-1.9912376779846697,123398,108202
2743,Kris Humphries,2009-10,2015-16,2,5,"ATL,DAL,NJN,PHX,WAS",5,160,2056.0333333333333,5678.966666666666,551,1383,535,1475,1330,4009,1537,4188,1934,2010,5339,5725,0.49036511156186613,0.48255603759942156,0.7809073962444568,0.271964461994077,0.2410293584632113,3.0935103530865677,0.7210636079249217,0.7228633249188604,-0.17997169939386604,123362,340738
202087,Alonzo Gee,2009-10,2016-17,4,5,"CLE,DEN,POR,SAS,WAS",8,199,2049.7166666666667,7562.283333333334,611,1379,585,1468,2162,5389,2049,5419,1990,2053,7551,7468,0.49220875587435076,0.5027631666555696,-1.0554410781218881,0.29389129389129387,0.28518665083762035,0.8704643053673522,0.7021384928716904,0.7245227211616025,-2.2384228289912156,122983,453737
2804,Andres Nocioni,2008-09,2011-12,2,3,"CHI,PHI,SAC",3,127,2047.25,4103.75,578,1335,619,1378,1110,2899,1160,2938,1913,1997,4009,4098,0.4892583120204604,0.4945109164919206,-0.5252604471460198,0.2955010224948875,0.27420948616600793,2.129153632887959,0.6832139201637666,0.7142153239714215,-3.1001403807654926,122835,246225
101124,Hakim Warrick,2009-10,2012-13,2,4,"CHA,CHI,MIL,NOH",4,134,2046.1166666666666,4455.883333333333,549,1366,536,1508,1306,3069,1158,3197,1915,2044,4375,4355,0.48370800707249306,0.5011454753722795,-1.743746829978643,0.26689353427321344,0.2900288696424606,-2.3135335369247167,0.7181913774973712,0.7260468417317246,-0.785546423435346,122767,267353
1626179,Terry Rozier,2023-24,2023-24,1,2,"CHA,MIA",2,80,2040.4,1819.6,472,1398,500,1573,490,1342,458,1312,1870,2073,1832,1770,0.47425817905148365,0.5086063298167685,-3.43481507652848,0.23080684596577017,0.27192008879023305,-4.111324282446288,0.7365648050579557,0.7455555555555555,-0.8990750497599787,122424,109176
201569,Eric Gordon,2022-23,2025-26,2,3,"HOU,LAC,PHI",3,130,2039.15,4265.85,595,1511,539,1445,1343,3031,1267,3036,2106,1984,4374,4303,0.5149144254278729,0.5040912757865622,1.0823149641310703,0.2916666666666667,0.30669102534825304,-1.5024358681586358,0.7370731707317073,0.7052117263843648,3.1861444347342505,122349,255951
201566,Russell Westbrook,2022-23,2022-23,1,2,"LAC,LAL",2,74,2031.7833333333333,1570.2166666666667,512,1538,572,1490,362,1194,423,1169,2050,2062,1556,1592,0.4985408560311284,0.49428208386277,0.42587721683584046,0.25574425574425574,0.2364467668190725,1.9297488925183237,0.728909952606635,0.738404452690167,-0.949450008353192,121907,94213
1630558,Davion Mitchell,2024-25,2024-25,1,2,"MIA,TOR",2,84,2027.3333333333333,2034.6666666666667,536,1468,569,1459,583,1425,550,1466,2004,2028,2008,2016,0.49702380952380953,0.4990059642147117,-0.19821546909021825,0.268671679197995,0.28452903855539285,-1.5857359357397849,0.7206676485027,0.7215189873417721,-0.08513388390720689,121640,122080
201611,Henry Walker,2009-10,2014-15,3,3,"BOS,MIA,NYK",4,173,2016.0333333333333,6342.966666666666,495,1388,502,1433,1633,4305,1795,4241,1883,1935,5938,6036,0.49319015191199583,0.49590780023384,-0.27176483218441794,0.2567427385892116,0.2780047667688117,-2.12620281796001,0.7343915343915344,0.7057377049180328,2.865382947350159,120962,380578
1628418,Thomas Bryant,2022-23,2024-25,2,4,"DEN,IND,LAL,MIA",4,157,2007.6,5603.4,458,1449,589,1507,1430,4219,1512,4098,1907,2096,5649,5610,0.47639270547089685,0.5017319477751132,-2.533924230421636,0.23307888040712468,0.2586830680173661,-2.560418761024144,0.71099116781158,0.7361716977839818,-2.5180529972401833,120456,336204
2240,Gilbert Arenas,2010-11,2011-12,2,3,"MEM,ORL,WAS",3,104,2007.0833333333333,3029.9166666666665,565,1353,572,1350,889,2065,811,2007,1918,1922,2954,2818,0.49947916666666664,0.5117810117810118,-1.2301845114345122,0.2950391644908616,0.306975138121547,-1.1935973630685381,0.7028571428571428,0.7180111265646731,-1.5153983707530294,120425,181795
203476,Gorgui Dieng,2019-20,2022-23,3,3,"MEM,MIN,SAS",8,216,1991.7166666666667,8491.283333333333,557,1502,539,1620,2453,6304,2161,6542,2059,2159,8757,8703,0.48814604077761975,0.5015463917525773,-1.3400350974957564,0.25585668350941665,0.27270705947748747,-1.6850375968070819,0.7359137677609016,0.7447135262847017,-0.8799758523800105,119503,509477
202347,Quincy Pondexter,2014-15,2017-18,2,3,"CHI,MEM,NOP",3,133,1989.0166666666667,4484.983333333334,538,1417,505,1393,1142,3299,1071,3324,1955,1898,4441,4395,0.5073968336361276,0.5026029877772747,0.47938458588528965,0.27861211807353703,0.2557098074339454,2.2902310639591636,0.7372528616024974,0.7549199084668192,-1.7667046864321856,119341,269099
2365,Chris Andersen,2001-02,2016-17,6,6,"CLE,DEN,MEM,MIA,NOH,NOK",7,314,1988.0666666666666,13173.933333333332,565,1261,586,1325,3575,9062,3474,9137,1826,1911,12637,12611,0.4886272411024886,0.5005148922686945,-1.1887651166205881,0.29894179894179895,0.2812303335431089,1.7711465398690063,0.6827287493232268,0.7228781110402042,-4.014936171697736,119284,790436
1629234,Drew Eubanks,2021-22,2024-25,2,4,"LAC,POR,SAS,UTA",4,158,1981.4166666666667,5647.583333333333,557,1427,566,1492,1589,4107,1533,4146,1984,2058,5696,5679,0.49084611578426524,0.5007472527472527,-0.99011369629875,0.27183992191312834,0.27707061900610286,-0.5230697092974523,0.7160060210737581,0.7281914893617021,-1.218546828794398,118885,338855
203088,Kendall Marshall,2013-14,2014-15,2,2,"LAL,MIL",2,110,1981.2666666666667,3333.733333333333,403,1435,634,1484,824,2286,1025,2462,1838,2118,3110,3487,0.46461071789686553,0.4714264059420949,-0.6815688045229362,0.21356650768415475,0.2507608034083993,-3.7194295724244544,0.6935717738037699,0.6904258532165509,0.31459205872189644,118876,200024
203115,Will Barton,2014-15,2022-23,2,4,"DEN,POR,TOR,WAS",4,160,1976.8,5768.2,585,1398,548,1521,1554,4287,1531,4145,1983,2069,5841,5676,0.48938795656465944,0.5071633237822349,-1.77753672175755,0.2777777777777778,0.2726794174416564,0.5098360336121377,0.7183967112024666,0.7368511515984875,-1.8454440396020844,118608,346092
1956,Ira Newble,2001-02,2007-08,2,4,"ATL,CLE,LAL,SEA",4,115,1972.4166666666667,3602.5833333333335,591,1347,522,1369,1092,2449,958,2449,1938,1891,3541,3407,0.5061373726821624,0.509643062751871,-0.3505690069708578,0.30153061224489797,0.30838746116916127,-0.6856848924263304,0.7207062600321027,0.7188142060463751,0.18920539857275598,118345,216155
2078,Jason Hart,2001-02,2009-10,5,6,"DEN,LAC,MIN,NOH,SAC,SAS",8,337,1970.2,14315.8,539,1363,536,1304,3927,9812,4028,9875,1902,1840,13739,13903,0.5082843399251737,0.4970334997467622,1.1250840178411547,0.29245794899620187,0.28452398203158963,0.7933966964612238,0.7177461822011585,0.7089595375722544,0.8786644628904106,118212,858948
2742,Sebastian Telfair,2009-10,2014-15,3,5,"CLE,LAC,OKC,PHX,TOR",5,180,1965.9833333333333,6719.016666666666,521,1285,564,1362,1828,4648,1781,4613,1806,1926,6476,6394,0.48392282958199356,0.5031857031857032,-1.9262873603709652,0.2766861391396707,0.2838068622884645,-0.7120723148793806,0.6949702541914549,0.7229740239539586,-2.800376976250374,117959,403141
203477,Isaiah Canaan,2014-15,2018-19,3,5,"HOU,MIL,MIN,PHI,PHX",8,145,1964.5333333333333,5045.466666666666,497,1351,545,1512,1520,3625,1401,3757,1848,2057,5145,5158,0.4732394366197183,0.49936911579151705,-2.612967917179876,0.24738675958188153,0.28804244836081105,-4.065568877892953,0.7125527426160337,0.72124950258655,-0.8696759970516221,117872,302728
1629750,Javonte Green,2020-21,2024-25,3,4,"BOS,CHI,CLE,NOP",6,165,1961.7833333333333,6003.216666666666,581,1384,531,1457,1690,4384,1616,4399,1965,1988,6074,6015,0.497090817100936,0.5024402349243113,-0.5349417823375335,0.28508341511285573,0.27754967975036954,0.7533735362486194,0.7227154046997389,0.7306666666666667,-0.7951261966927747,117707,360193
164,Chris Childs,2000-01,2002-03,2,3,"NJN,NYK,TOR",3,143,1959.2,4969.8,494,1344,538,1295,1457,3434,1374,3392,1838,1833,4891,4766,0.5006810133478616,0.5064719892306099,-0.5790975882748239,0.27613191727221914,0.30047432460301093,-2.4342407330791795,0.71413390010627,0.7142262895174709,-0.00923894112009327,117552,298188
1630193,Immanuel Quickley,2023-24,2023-24,1,2,"NYK,TOR",2,81,1957.2333333333333,1945.7666666666667,527,1417,530,1454,590,1310,566,1420,1944,1984,1900,1986,0.49490835030549896,0.4889346371590324,0.5973713146466553,0.26602725896012114,0.2935323383084577,-2.750507934833657,0.7277863379558295,0.6982942430703625,2.9492094885467,117434,116746
1630208,Nick Richards,2024-25,2025-26,2,3,"CHA,CHI,PHX",4,162,1956.9833333333333,5864.016666666666,614,1457,570,1363,1691,4164,1695,4357,2071,1933,5855,6052,0.5172327672327672,0.4917275552196187,2.5505212013148535,0.31057157309054123,0.27959656084656087,3.097501224398036,0.7187962506166748,0.7107014848950333,0.8094765721641584,117419,351841
202708,Norris Cole,2014-15,2016-17,2,3,"MIA,NOP,OKC",3,103,1955.95,3003.05,427,1331,542,1347,845,2078,741,2011,1758,1889,2923,2752,0.4820400329037565,0.5150660792951541,-3.302604639139761,0.2406989853438557,0.2958683473389356,-5.516936199507988,0.7106246663107314,0.7371408300815893,-2.651616377085786,117357,180183
1626220,Royce O'Neale,2023-24,2023-24,1,2,"BKN,PHX",2,81,1954.0666666666666,1953.9333333333334,557,1467,508,1426,551,1461,527,1452,2024,1934,2012,1979,0.5113693784739768,0.5041343021799047,0.7235076294072051,0.28088754412506306,0.27508736894658015,0.5800175178482914,0.7427848101265823,0.7349094567404426,0.787535338613965,117244,117236
203995,Vasilije Micic,2023-24,2024-25,2,3,"CHA,OKC,PHX",4,162,1953.1333333333334,5872.866666666667,480,1367,576,1433,1501,4259,1653,4294,1847,2009,5760,5947,0.47899377593361,0.4920133253608952,-1.3019549427285226,0.2509147935180345,0.25901639344262295,-0.8101599924588476,0.7035512094698919,0.7203991880920162,-1.6847978622124282,117188,352372
201158,Marco Belinelli,2017-18,2017-18,1,2,"ATL,PHI",2,85,1946.8833333333334,2138.116666666667,539,1393,521,1439,522,1635,561,1569,1932,1960,2157,2130,0.49640287769784175,0.503149055283415,-0.6746177585573276,0.2724974721941355,0.24964131994261118,2.2856152251524318,0.7277951933124347,0.744535519125683,-1.6740325813248358,116813,128287
703,Kurt Thomas,2007-08,2012-13,2,3,"NYK,SAS,SEA",3,160,1946.3333333333333,5758.666666666667,477,1425,514,1423,1571,3980,1511,4036,1902,1937,5551,5547,0.49544152122948687,0.500180212650928,-0.4738691421441177,0.25105263157894736,0.28018548243267344,-2.9132850853726078,0.7349149045899949,0.724822436714624,1.009246787537088,116780,345520
1628398,Kyle Kuzma,2024-25,2024-25,1,2,"MIL,WAS",2,83,1936.3166666666666,2062.6833333333334,461,1469,513,1535,536,1532,629,1580,1930,2048,2068,2209,0.48516842634489693,0.4835164835164835,0.16519428284134108,0.2309619238476954,0.2533081285444234,-2.2346204696728016,0.7411705348133198,0.7089310504396112,3.2239484373708605,116179,123761
990,Malik Rose,2004-05,2008-09,2,3,"NYK,OKC,SAS",4,160,1935.9,5784.1,554,1313,533,1256,1593,3959,1536,4079,1867,1789,5552,5615,0.5106673960612691,0.4971791886809349,1.3488207380334183,0.3060773480662983,0.2808533145275035,2.522403353879482,0.7112676056338029,0.7204731574158326,-0.9205551782029753,116154,347046
1626162,Kelly Oubre Jr.,2018-19,2018-19,1,2,"PHX,WAS",2,81,1934.7666666666667,1998.2333333333333,484,1340,614,1520,471,1380,599,1547,1824,2134,1851,2146,0.4608388074785245,0.4630973229922442,-0.22585155137196944,0.24151696606786427,0.2333994053518335,0.8117560716030758,0.6857727737973388,0.697321879737241,-1.1549105939902216,116086,119894
1630249,Vit Krejci,2023-24,2025-26,2,2,"ATL,POR",3,138,1933.4166666666667,4735.583333333333,596,1362,534,1438,1416,3447,1299,3541,1958,1972,4863,4840,0.49821882951653945,0.501185200453468,-0.2966370936928586,0.29301868239921336,0.2856566471656244,0.736203523358897,0.7183544303797469,0.7262958280657396,-0.7941397685992668,116005,284135
1960,Milt Palacio,2000-01,2001-02,2,2,"BOS,PHX",4,145,1931.6666666666667,5093.333333333333,485,1273,518,1430,1405,3449,1455,3701,1758,1948,4854,5156,0.47436589314624933,0.4849150849150849,-1.0549191768835564,0.25326370757180156,0.27516647081864476,-2.19027632468432,0.7107761027359017,0.7033034257748777,0.747267696102405,115900,305600
1629020,Jarred Vanderbilt,2019-20,2022-23,2,4,"DEN,LAL,MIN,UTA",4,148,1926.2,5222.8,528,1359,548,1376,1526,3961,1362,3833,1887,1924,5487,5195,0.49514563106796117,0.5136678524620858,-1.8522221394124627,0.2773109243697479,0.28475461839895505,-0.7443694029207137,0.7126376507603566,0.744129250422694,-3.149159966233739,115572,313368
1629667,Jalen McDaniels,2022-23,2024-25,2,3,"CHA,PHI,WAS",3,90,1920.05,2444.95,548,1382,538,1427,622,1761,624,1797,1930,1965,2383,2421,0.49550706033376124,0.496044962531224,-0.05379021974627474,0.27746835443037976,0.2571310458867301,2.033730854364968,0.7197916666666667,0.7383647798742138,-1.8573113207547065,115203,146697
1626184,Chasson Randle,2016-17,2020-21,4,5,"GSW,NYK,ORL,PHI,WAS",6,152,1919.2666666666667,5416.733333333334,469,1432,487,1553,1374,3953,1454,4164,1901,2040,5327,5618,0.4823648820096422,0.48670625856555505,-0.43413765559128237,0.23194856577645895,0.24810400866738894,-1.6155442890929987,0.7462219906201146,0.7310893286480489,1.5132661972065753,115156,325004
2210,Richard Jefferson,2011-12,2017-18,2,3,"DEN,GSW,SAS",3,148,1911.5166666666667,5257.483333333334,433,1331,494,1428,1446,3766,1379,3652,1764,1922,5212,5031,0.4785675529028757,0.508835302157571,-3.0267749254695273,0.23267060720042987,0.2836406433895645,-5.097003618913465,0.7293150684931506,0.7319727891156462,-0.2657720622495585,114691,315449
1627751,Jakob Poeltl,2022-23,2022-23,1,2,"SAS,TOR",2,81,1906.2333333333333,1996.7666666666667,615,1275,445,1383,572,1357,550,1493,1890,1828,1929,2043,0.5083378160301237,0.48564954682779454,2.268826920232919,0.3078078078078078,0.276997578692494,3.0810229115313836,0.7412790697674418,0.7115888830624016,2.96901867050402,114374,119806
2570,Kendrick Perkins,2010-11,2017-18,3,3,"BOS,CLE,OKC",5,162,1904.9166666666667,5941.083333333333,520,1382,531,1316,1515,4262,1574,3929,1902,1847,5777,5503,0.5073352894105094,0.512145390070922,-0.4810100660412542,0.28322440087145967,0.27828802351212345,0.4936377359336219,0.7224255096706743,0.7302947224126114,-0.7869212741937082,114295,356465
201956,Omri Casspi,2016-17,2018-19,3,5,"GSW,MEM,MIN,NOP,SAC",5,209,1904.2833333333333,8197.716666666667,479,1385,500,1329,1749,5980,2106,5933,1864,1829,7729,8039,0.5047386948280531,0.49016996448503297,1.4568730343020142,0.2649336283185841,0.22767508461338193,3.7258543705202154,0.7347480106100795,0.7395498392282959,-0.48018286182163195,114257,491863
1629670,Jordan Nwora,2022-23,2023-24,2,3,"IND,MIL,TOR",4,162,1899.4833333333333,5921.516666666666,517,1329,563,1430,1638,4328,1675,4336,1846,1993,5966,6011,0.48085438916384476,0.49812139934875177,-1.7267010184907006,0.2655367231638418,0.27418814864412455,-0.8651425480282748,0.702431289640592,0.7209728469098784,-1.8541557269286413,113969,355291
1730,Brian Skinner,2004-05,2011-12,4,5,"MEM,MIL,PHI,POR,SAC",6,181,1897.5833333333333,6855.416666666667,531,1244,566,1350,1839,4622,1889,4725,1775,1916,6461,6614,0.48089948523435383,0.4941491395793499,-1.3249654344996087,0.2822966507177033,0.28016453382084094,0.21321168968623794,0.687292817679558,0.7098755951466749,-2.25827774671169,113855,411325
101112,Channing Frye,2015-16,2017-18,2,3,"CLE,LAL,ORL",4,162,1894.1666666666667,5951.833333333333,434,1397,469,1349,1483,4435,1472,4357,1831,1818,5918,5829,0.5017813099479309,0.5037882012428705,-0.20068912949395834,0.24340998317442514,0.25393835616438354,-1.05283729899584,0.7486602357984995,0.7508041306923988,-0.2143894893899323,113650,357110
1627823,Juancho Hernangomez,2019-20,2022-23,3,6,"BOS,DEN,MIN,SAS,TOR,UTA",6,212,1891.5,8379.5,571,1372,448,1415,2429,6058,2116,6187,1943,1863,8487,8303,0.5105097214923805,0.5054794520547945,0.5030269437585999,0.28751258811681774,0.28191736304549675,0.5595225071320986,0.7538461538461538,0.7411304135062393,1.2715740339914516,113490,502770
1630245,Ayo Dosunmu,2025-26,2025-26,1,2,"CHI,MIN",2,82,1881.05,2069.95,502,1432,573,1407,571,1547,616,1535,1934,1980,2118,2151,0.49412365866121616,0.4961349262122277,-0.2011267551011553,0.26296490309062337,0.27113010446343777,-0.8165201372814401,0.714214463840399,0.7152103559870551,-0.09958921466560744,112863,124197
72,Kenny Anderson,2002-03,2004-05,2,4,"ATL,LAC,NOH,SEA",4,144,1878.3,5078.7,585,1200,497,1292,1647,3362,1436,3350,1785,1789,5009,4786,0.4994404029099049,0.5113833588565595,-1.194295594665462,0.31166755460841766,0.32959775865519314,-1.7930204046775478,0.7071302298173247,0.7007086285952481,0.6421601222076578,112698,304722
2049,Speedy Claxton,2004-05,2004-05,1,2,"GSW,NOH",2,82,1873.5666666666666,2102.4333333333334,541,1216,509,1427,669,1385,615,1519,1757,1936,2054,2134,0.4757649607365286,0.4904489016236867,-1.4683940887158131,0.27489837398373984,0.30575868372943327,-3.0860309745693426,0.7049275362318841,0.6925,1.2427536231884084,112414,126146
788,Kevin Willis,2000-01,2006-07,2,3,"DAL,DEN,TOR",3,90,1871.4,2468.6,598,1278,553,1305,777,1779,678,1746,1876,1858,2556,2424,0.502410283877879,0.5132530120481927,-1.0842728170313731,0.31424067262217553,0.3079667063020214,0.6273966320154145,0.6979792463134898,0.724053724053724,-2.607447774023419,112284,148116
1628386,Jarrett Allen,2020-21,2020-21,1,2,"BKN,CLE",2,73,1863.65,1665.35,498,1367,475,1319,419,1215,404,1280,1865,1794,1634,1684,0.5097021044001093,0.4924653405666064,1.7236763833502922,0.2740781507980187,0.24661565626839319,2.7462494529625543,0.742128121606949,0.7504632489190859,-0.8335127312136925,111819,99921
203909,KJ McDaniels,2014-15,2016-17,2,3,"BKN,HOU,PHI",4,167,1857.3333333333333,6193.666666666667,544,1304,571,1410,1603,4605,1718,4652,1848,1981,6208,6370,0.4826325411334552,0.493560184449038,-1.092764331558277,0.27840327533265097,0.2562749800159872,2.212829531666377,0.6954666666666667,0.7282935315514787,-3.2826864884812013,111440,371620
203937,Kyle Anderson,2024-25,2025-26,2,5,"GSW,MEM,MIA,MIN,UTA",5,166,1855.25,6167.75,513,1312,564,1415,1785,4484,1712,4561,1825,1979,6269,6273,0.47975814931650895,0.49984053579971294,-2.0082386483203987,0.26607883817427386,0.28127954617081624,-1.5200707996542384,0.6993603411513859,0.723692704970949,-2.433236381956305,111315,370065
458,Howard Eisley,2003-04,2005-06,2,4,"DEN,LAC,NYK,PHX",4,127,1853.65,4277.35,493,1280,485,1248,1118,3026,1284,2887,1773,1733,4144,4171,0.5057045065601825,0.4983764281419122,0.7328078418270323,0.2831705916140149,0.2791510611735331,0.4019530440481811,0.7252124645892352,0.7020881670533643,2.3124297535870864,111219,256641
201159,Javaris Crittenton,2007-08,2008-09,2,3,"LAL,MEM,WAS",4,166,1852.0,6131.0,538,1220,537,1250,1619,4203,1651,4348,1758,1787,5822,5999,0.49590973201692523,0.492513323745876,0.3396408271049256,0.30089485458612975,0.27132562426680074,2.956923031932901,0.6943653955606147,0.7179706183805945,-2.3605222819979788,111120,367860
2059,Eduardo Najera,2004-05,2009-10,2,4,"DAL,DEN,GSW,NJN",4,163,1848.7,6025.3,530,1172,550,1338,1577,4049,1709,4313,1702,1888,5626,6022,0.4740947075208914,0.48300137362637363,-0.8906666105482242,0.2837259100642398,0.267741935483871,1.598397458036882,0.6806039488966318,0.7031955540118097,-2.259160511517788,110922,361518
203095,Evan Fournier,2020-21,2023-24,2,4,"BOS,DET,NYK,ORL",4,155,1838.65,5616.35,425,1381,443,1490,1654,4262,1330,4164,1806,1933,5916,5494,0.48301684942497997,0.5184925503943909,-3.5475700969410937,0.22193211488250653,0.28429013406668957,-6.2358019184183044,0.7571271929824561,0.7621602288984263,-0.5033035915970152,110319,336981
203080,Thomas Robinson,2012-13,2014-15,2,4,"HOU,PHI,POR,SAC",4,159,1832.95,5869.05,638,1285,503,1294,1617,4141,1690,4310,1923,1797,5758,6000,0.5169354838709678,0.4897091342064977,2.722634966447007,0.3302277432712215,0.27281930150160283,5.740844176961868,0.7186800894854586,0.7101697821985937,0.851030728686486,109977,352143
960,Tony Delk,2001-02,2005-06,2,4,"ATL,BOS,DET,PHX",4,160,1831.05,5878.95,599,1201,524,1329,1714,3802,1752,3907,1800,1853,5516,5659,0.4927456884752258,0.49360178970917223,-0.08561012339464158,0.31068464730290457,0.3049279487635652,0.5756698539339355,0.696231884057971,0.6845516744688512,1.168020958911975,109863,352737
202687,Bismack Biyombo,2021-22,2024-25,3,4,"MEM,OKC,PHX,SAS",4,143,1825.0166666666667,5058.983333333334,489,1366,490,1375,1269,3714,1402,3758,1855,1865,4983,5160,0.4986559139784946,0.49127477077787635,0.7381143200618279,0.2623390557939914,0.25243684105828523,0.9902214735706183,0.7359913793103449,0.7259577795152463,1.0033599795098547,109501,303539
1740,Rashard Lewis,2010-11,2010-11,1,2,"ORL,WAS",2,83,1824.6166666666666,2194.383333333333,466,1283,484,1308,688,1423,616,1469,1749,1792,2111,2085,0.4939282688506072,0.5030981887511916,-0.9169919900584411,0.26268320180383314,0.3189615206305053,-5.627831882667217,0.7260894170911149,0.6978911230995586,2.8198293991556267,109477,131663
468,Jon Barry,2004-05,2005-06,2,2,"ATL,HOU",3,138,1820.1666666666667,4853.833333333333,457,1245,511,1212,1374,3348,1203,3297,1702,1723,4722,4500,0.49693430656934306,0.5120364346128823,-1.510212804353922,0.2738166566806471,0.294155427103404,-2.033877042275689,0.708997722095672,0.7356624917600527,-2.6664769664380694,109210,291230
202349,Greivis Vasquez,2013-14,2016-17,2,3,"BKN,SAC,TOR",3,90,1817.5,2552.5,502,1282,451,1241,711,1764,731,1800,1784,1692,2475,2531,0.5132336018411968,0.4944067119456652,1.8826889895531607,0.28800917957544464,0.2831541218637993,0.48550577116453497,0.7397576457010964,0.7070140280561122,3.2743617644984124,109050,153150
2411,Bostjan Nachbar,2004-05,2005-06,2,4,"HOU,NJN,NOH,NOK",4,164,1817.3333333333333,6109.666666666667,530,1144,501,1249,1614,4153,1600,4184,1674,1750,5767,5784,0.4889018691588785,0.49926413297549993,-1.036226381662142,0.297920179876335,0.27837185236288375,1.9548327513451258,0.6954407294832827,0.7218842343125326,-2.644350482924984,109040,366580
970,Othella Harrington,2000-01,2000-01,1,2,"NYK,VAN",2,84,1815.8,2266.2,476,1253,491,1209,535,1516,622,1557,1729,1700,2051,2179,0.5042286380869058,0.48486997635933804,1.9358661727567728,0.2824925816023739,0.255736137667304,2.675644393506987,0.7184633027522935,0.7090739008419084,0.9389401910385176,108948,135972
1628995,Kevin Knox II,2021-22,2024-25,4,5,"ATL,DET,GSW,NYK,POR",7,230,1813.1333333333334,9276.866666666667,506,1256,452,1436,2480,6667,2480,6793,1762,1888,9147,9273,0.4827397260273973,0.4965798045602606,-1.3840078532863287,0.26055612770339853,0.2674431144182034,-0.6886986714804866,0.7353629976580797,0.7288728544878103,0.6490143170269413,108788,556612
1629628,RJ Barrett,2023-24,2023-24,1,2,"NYK,TOR",2,81,1808.6833333333334,2094.3166666666666,500,1290,514,1336,617,1437,582,1538,1790,1850,2054,2120,0.49175824175824173,0.4920939147101102,-0.0335672951868482,0.27233115468409586,0.2863109048723898,-1.397975018829395,0.7150776053215078,0.711738484398217,0.3339120923290806,108521,125659
2418,Casey Jacobsen,2004-05,2004-05,1,2,"NOH,PHX",2,85,1804.9833333333333,2300.016666666667,508,1240,543,1201,710,1506,747,1594,1748,1744,2216,2341,0.5005727376861397,0.4862848365152513,1.4287901170888462,0.2972498537156232,0.3081597222222222,-1.090986850659903,0.6954570947840718,0.6684420772303595,2.7015017553712273,108299,138001
1629018,Gary Trent Jr.,2020-21,2020-21,1,2,"POR,TOR",2,72,1801.8833333333334,1664.1166666666666,510,1282,502,1456,405,1214,383,1290,1792,1958,1619,1673,0.47786666666666666,0.49179829890643983,-1.3931632239773173,0.25940996948118006,0.23893805309734514,2.0471916383834916,0.718609865470852,0.7601753287413902,-4.156546327053812,108113,99847
203473,Dewayne Dedmon,2013-14,2022-23,4,6,"ATL,GSW,MIA,ORL,PHI,SAC",9,207,1799.2166666666667,8236.783333333333,478,1282,439,1342,2044,5813,2005,5986,1760,1781,7857,7991,0.4970347359502965,0.4957723372034326,0.1262398746863902,0.26263736263736265,0.2545454545454545,0.8091908091908129,0.7449157466589192,0.743540547454592,0.1375199204327271,107953,494207
57,Doug Christie,2004-05,2006-07,3,4,"DAL,LAC,ORL,SAC",4,100,1787.3833333333334,3042.616666666667,487,1261,588,1202,940,2049,868,2033,1748,1790,2989,2901,0.49406444318824194,0.5074702886247878,-1.3405845436545882,0.28833629366489044,0.3161789438277834,-2.784265016289295,0.6819902650081124,0.7024340075419953,-2.0443742533882814,107243,182557
339,Tom Gugliotta,2003-04,2004-05,2,4,"ATL,BOS,PHX,UTA",4,167,1781.4333333333334,6289.566666666667,511,1125,471,1193,1780,4159,1889,4221,1636,1664,5939,6110,0.49575757575757573,0.49290397543364595,0.28536003239297836,0.29988262910798125,0.2966172304615897,0.32653986463915263,0.7048872180451128,0.687665343915344,1.7221874129768833,106886,377374
1628975,Jevon Carter,2021-22,2025-26,2,4,"BKN,CHI,MIL,ORL",4,163,1772.4833333333333,6091.516666666666,517,1337,493,1371,1588,4716,1661,4481,1854,1864,6304,6142,0.49865519096288324,0.5065081150570464,-0.7852924094163161,0.2738347457627119,0.26165760421815787,1.2177141544554015,0.7306010928961748,0.739532695624902,-0.8931602728727173,106349,365491
93,Hubert Davis,2000-01,2003-04,2,4,"DAL,DET,NJN,WAS",4,165,1769.9666666666667,6185.033333333334,471,1198,535,1236,1752,4194,1780,4026,1669,1771,5946,5806,0.48517441860465116,0.5059564329475834,-2.0782014342932253,0.2759226713532513,0.3032191069574247,-2.7296435604173386,0.6912867859203693,0.7020421827920991,-1.0755396871729772,106198,371102
1629029,Luka Dončić,2024-25,2024-25,1,2,"DAL,LAL",2,85,1768.6333333333334,2321.366666666667,453,1334,511,1281,639,1735,707,1637,1787,1792,2374,2344,0.4993014808605756,0.5031793132683341,-0.3877832407758519,0.26124567474048443,0.28075571177504394,-1.9510037034559502,0.7230352303523035,0.7104832104832105,1.2552019869093045,106118,139282
201156,Nick Young,2011-12,2018-19,2,3,"DEN,LAC,WAS",3,74,1766.2833333333333,1795.7166666666667,540,1136,564,1278,512,1198,495,1220,1676,1842,1710,1715,0.4764070494599204,0.4992700729927007,-2.28630235327803,0.297029702970297,0.2956120092378753,0.1417693732421732,0.668235294117647,0.7076196101594802,-3.9384316041833123,105977,107743
101127,Jarrett Jack,2010-11,2016-17,2,3,"NOH,NOP,TOR",3,89,1755.1666666666667,2551.8333333333335,479,1147,438,1135,638,1705,592,1724,1626,1573,2343,2316,0.5082838386995936,0.5028976175144881,0.5386221185105455,0.29677819083023543,0.2701100762066046,2.6668114623630834,0.7236593059936909,0.7422725293861558,-1.8613223392464961,105310,153110
696,Travis Best,2001-02,2001-02,1,2,"CHI,IND",2,83,1750.1,2278.9,451,1160,503,1212,615,1613,720,1583,1611,1715,2228,2303,0.48436560432952497,0.49172368130655486,-0.7358076977029893,0.27119663259170174,0.27979981801637854,-0.8603185424676807,0.6975345760673481,0.6913844834976425,0.6150092569705667,105006,136734
406,Shaquille O'Neal,2007-08,2007-08,1,2,"MIA,PHX",2,81,1748.1833333333334,2159.8166666666666,422,1219,481,1118,493,1433,609,1482,1641,1599,1926,2091,0.5064814814814815,0.479462285287528,2.7019196193953543,0.274025974025974,0.24962025316455697,2.440572086141704,0.7170588235294117,0.7017629774730656,1.5295846056346152,104891,129589
1721,Keon Clark,2000-01,2003-04,2,3,"DEN,TOR,UTA",3,138,1747.75,4946.25,552,1204,577,1197,1569,3262,1277,3230,1756,1774,4831,4507,0.49745042492917846,0.5173484686228315,-1.9898043693653,0.3156089193825043,0.3269431131485726,-1.1334193766068312,0.6760247052217855,0.718660497907028,-4.2635792685242535,104865,296775
202713,Kyle Singler,2014-15,2014-15,1,2,"DET,OKC",2,82,1743.5833333333333,2217.4166666666665,584,1268,468,1300,714,1599,540,1628,1852,1768,2313,2168,0.5116022099447514,0.5161794242356617,-0.4577214290910292,0.3099787685774947,0.304867634500427,0.5111134077067703,0.7304147465437788,0.7475455820476858,-1.7130835503907038,104615,133045
202709,Cory Joseph,2020-21,2023-24,2,3,"DET,GSW,SAC",3,123,1742.0,4197.0,457,1263,434,1273,1164,3120,1135,3066,1720,1707,4284,4201,0.5018967026553837,0.5048909840895698,-0.2994281434186119,0.26416184971098267,0.275177304964539,-1.101545525355635,0.7442545668827343,0.7332549941245593,1.099957275817498,104520,251820
1627777,Georges Niang,2017-18,2024-25,2,3,"ATL,CLE,UTA",3,121,1729.1,4088.9,447,1265,503,1273,1088,3137,1033,2837,1712,1776,4225,3870,0.4908256880733945,0.5219271155033972,-3.1101427430002717,0.25988372093023254,0.27719745222929937,-1.7313731299066826,0.7154977375565611,0.7522781774580336,-3.6780439901472506,103746,245334
2215,Jason Collins,2007-08,2013-14,3,5,"BKN,BOS,MEM,NJN,WAS",5,195,1728.9166666666667,7741.083333333333,405,1173,391,1246,1949,5235,2124,5392,1578,1637,7184,7516,0.4908242612752722,0.4887074829931973,0.21167782820749048,0.24530587522713507,0.26549516414657404,-2.018928891943897,0.75,0.7113738279657562,3.862617203424379,103735,464465
896,Tim Hardaway,2001-02,2002-03,2,3,"DAL,DEN,IND",3,97,1726.2333333333333,2964.766666666667,465,1157,541,1241,879,2028,837,2005,1622,1782,2907,2842,0.4764982373678026,0.505653157070795,-2.9154919702992332,0.27256740914419697,0.30478502080443826,-3.2217611660241285,0.6813898704358068,0.7078534031413612,-2.646353270555446,103574,177886
202328,Greg Monroe,2017-18,2021-22,3,8,"BOS,MIL,MIN,PHI,PHX,TOR,UTA,WAS",11,166,1715.5833333333333,6302.416666666667,485,1204,418,1290,1618,4816,1666,4670,1689,1708,6434,6336,0.49720341477774505,0.5038371182458888,-0.6633703468143792,0.27323943661971833,0.25731552162849874,1.592391499121959,0.7422934648581998,0.7429805615550756,-0.0687096696875833,102935,378145
1630181,R.J. Hampton,2020-21,2023-24,3,4,"DEN,DET,MIA,ORL",5,206,1713.8666666666666,8229.133333333333,463,1209,505,1326,2130,6017,2033,5976,1672,1831,8147,8009,0.47730516699971454,0.5042708591235454,-2.6965692123830873,0.2588038010061487,0.2627683197631384,-0.3964518756989721,0.70536756126021,0.7474534161490684,-4.20858548888583,102832,493748
203585,Rodney McGruder,2018-19,2021-22,2,2,"DET,MIA",2,119,1710.5833333333333,4021.4166666666665,550,1350,458,1306,1084,2962,1031,3163,1900,1764,4046,4194,0.5185589519650655,0.49101941747572814,2.7539534489337383,0.2963362068965517,0.2552389922298093,4.109721466674243,0.7466814159292036,0.7417981467568244,0.48832691723791344,102635,241285
2216,Zach Randolph,2008-09,2008-09,1,2,"LAC,NYK",2,81,1709.6166666666666,2213.383333333333,452,1144,433,1226,546,1442,684,1621,1596,1659,1988,2305,0.49032258064516127,0.4630794316328907,2.724314901227054,0.2693682955899881,0.25196123673281035,1.7407058857177748,0.725428027901078,0.6782690498588899,4.715897804218805,102577,132803
1901,Dion Glover,2003-04,2004-05,2,3,"ATL,SAS,TOR",4,90,1708.3833333333334,2661.616666666667,489,1172,508,1189,683,1793,793,1828,1661,1697,2476,2621,0.4946396664681358,0.4857759466352757,0.8863719832860106,0.29141835518474374,0.2720031859816806,1.9415169203063132,0.6976190476190476,0.6933488012374324,0.4270246381615217,102503,159697
445,Wesley Person,2003-04,2004-05,2,5,"ATL,DEN,MEM,MIA,POR",5,157,1705.3833333333334,5935.616666666667,483,1105,504,1208,1652,4111,1739,3913,1588,1712,5763,5652,0.4812121212121212,0.5048620236530881,-2.3649902440966875,0.28562980484920164,0.2968553459119497,-1.1225541062748035,0.6867619639527657,0.7027350427350427,-1.597307878227705,102323,356137
1628384,OG Anunoby,2023-24,2023-24,1,2,"NYK,TOR",2,82,1702.0166666666667,2253.983333333333,474,1299,440,1170,743,1544,570,1596,1773,1610,2287,2166,0.5240910434525569,0.5135863462834045,1.0504697169152366,0.28832116788321166,0.31765711842667804,-2.9335950543466383,0.7469810235767682,0.7303689687795648,1.6612054797203402,102121,135239
201565,Derrick Rose,2017-18,2020-21,2,4,"CLE,DET,MIN,NYK",4,139,1698.1,5048.9,407,1267,467,1259,1210,3722,1220,3780,1674,1726,4932,5000,0.4923529411764706,0.49657672170761175,-0.42237805311411414,0.24429771908763506,0.24248496993987975,0.18127491477553104,0.7306805074971164,0.7531363820315662,-2.245587453444975,101886,302934
361,Clifford Robinson,2004-05,2004-05,1,2,"GSW,NJN",2,82,1695.8,2275.2,499,1075,449,1295,679,1510,663,1656,1574,1744,2189,2319,0.4743821579264617,0.48558118899733804,-1.119903107087633,0.27814938684503904,0.2907922912205567,-1.2642904375517683,0.7053805774278216,0.6948918545789231,1.0488722848898457,101748,136512
1627782,Wayne Selden,2016-17,2021-22,3,4,"CHI,MEM,NOP,NYK",5,136,1693.6166666666666,4904.383333333333,385,1231,454,1339,1201,3636,1206,3670,1616,1793,4837,4876,0.4740393077148724,0.49799238134458973,-2.3953073629717325,0.22331786542923435,0.24656128105111888,-2.3243415621884536,0.7305637982195846,0.7509293680297398,-2.0365569810155137,101617,294263
203920,Khem Birch,2020-21,2022-23,2,2,"ORL,TOR",3,127,1691.1333333333334,4439.866666666667,479,1256,395,1353,1258,3126,1044,3425,1735,1748,4384,4469,0.49813379270743613,0.49519936744606347,0.2934425261372664,0.2614628820960699,0.268631219303865,-0.7168337207795139,0.7607510599636584,0.7496402877697842,1.111077219387424,101468,266392
201628,Bobby Brown,2008-09,2017-18,4,5,"HOU,LAC,MIN,NOH,SAC",8,283,1688.3833333333334,11980.616666666667,480,1107,460,1191,3080,8407,3157,8625,1587,1651,11487,11782,0.4901173563928351,0.4936610941596115,-0.35437377667764114,0.2872531418312388,0.26313541221700126,2.4117729614237526,0.7064454371410338,0.7269975786924939,-2.0552141551460124,101303,718837
201581,JJ Hickson,2011-12,2015-16,2,4,"DEN,POR,SAC,WAS",4,146,1680.9166666666667,5372.083333333333,473,1135,494,1235,1611,3809,1368,3925,1608,1729,5420,5293,0.4818699430626311,0.5059273779520209,-2.405743488938983,0.27693208430913346,0.2910043352601156,-1.4072250950982135,0.6967464702271332,0.7357542978559011,-3.9007827628767866,100855,322325
203101,Miles Plumlee,2014-15,2016-17,2,3,"CHA,MIL,PHX",4,162,1678.8333333333333,6177.166666666667,432,1172,482,1171,1523,4375,1627,4533,1604,1653,5898,6160,0.49247774025176544,0.4891358434234533,0.3341896828312152,0.2694946974422957,0.2514861294583884,1.800856798390732,0.7085852478839177,0.7289236921026324,-2.033844421871467,100730,370630
201142,Kevin Durant,2022-23,2022-23,1,2,"BKN,PHX",2,80,1671.7333333333333,2173.266666666667,296,1259,483,1141,557,1565,647,1610,1555,1624,2122,2257,0.48914753067002203,0.4845855218086321,0.456200886138991,0.20598469032707029,0.25703737886479006,-5.105268853771977,0.7227324913892078,0.7075045207956601,1.5227970593547746,100304,130396
201175,Glen Davis,2013-14,2013-14,1,2,"LAC,ORL",2,81,1661.9166666666667,2271.0833333333335,365,1143,458,1268,595,1692,641,1597,1508,1726,2287,2238,0.46629560915275203,0.505414364640884,-3.911875548813193,0.22351500306184935,0.27144160583941607,-4.792660277756672,0.7139287945034354,0.72524646378054,-1.1317669277104647,99715,136265
1631223,David Roddy,2023-24,2025-26,3,6,"ATL,DEN,HOU,MEM,PHI,PHX",6,182,1659.6333333333334,7126.366666666667,430,1177,459,1302,2097,5333,1853,5204,1607,1761,7430,7057,0.4771377672209026,0.5128736108234969,-3.5735843602594297,0.24826789838337182,0.28722092863991233,-3.895303025654051,0.719437652811736,0.7421374895630393,-2.269983675130327,99578,427582
363,Christian Laettner,2000-01,2000-01,1,2,"DAL,WAS",2,82,1658.95,2297.05,431,1054,514,1103,644,1582,704,1567,1485,1617,2226,2271,0.4787234042553192,0.494996664442962,-1.6273260187642802,0.28096479791395046,0.2912709181365898,-1.0306120222639326,0.6721938775510204,0.6920384951881015,-1.9844617637081008,99537,137823
1630231,KJ Martin,2023-24,2024-25,2,3,"LAC,PHI,UTA",4,166,1658.1,6369.9,465,1118,507,1219,1749,4468,1736,4747,1583,1726,6217,6483,0.47839226352372316,0.48952755905511813,-1.1135295531394973,0.27612826603325413,0.26924261083743845,0.6885655195815688,0.688,0.720180528691167,-3.2180528691167054,99486,382194
2756,Sasha Vujacic,2010-11,2013-14,2,3,"LAC,LAL,NJN",3,88,1657.75,2606.25,473,1053,458,1155,769,1834,754,1734,1526,1613,2603,2488,0.486142083466072,0.5112944411706933,-2.515235770462132,0.2905405405405405,0.3072313224131043,-1.6690781872563787,0.6968894771674388,0.7086553323029366,-1.1765855135497882,99465,156375
682,Bob Sura,2003-04,2003-04,1,2,"ATL,DET",2,84,1657.05,2424.95,519,1095,492,1084,761,1644,713,1635,1614,1576,2405,2348,0.5059561128526646,0.505996212918157,-0.004010006549237666,0.3237679351216469,0.3176126878130217,0.6155247308625211,0.6899810964083176,0.697496817988969,-0.7515721580651391,99423,145497
2446,Rasual Butler,2010-11,2015-16,3,4,"CHI,LAC,SAS,TOR",4,196,1654.3,7798.7,397,1185,428,1190,2116,5523,1977,5098,1582,1618,7639,7075,0.494375,0.5191654206877804,-2.479042068778037,0.25015752993068685,0.29331854726919876,-4.316101733851191,0.7346559206447613,0.7364,-0.17440793552387923,99258,467922
1626147,Justin Anderson,2016-17,2021-22,3,5,"BKN,CLE,DAL,IND,PHI",8,115,1650.3,3909.7,408,1117,423,1258,871,2752,922,2982,1525,1681,3623,3904,0.47567061759201495,0.4813338647535539,-0.5663247161538931,0.24489795918367346,0.2260576174409551,1.884034174271837,0.7253246753246754,0.749047359825803,-2.3722684501127578,99018,234582
1631323,Simone Fontecchio,2023-24,2023-24,1,2,"DET,UTA",2,84,1643.8333333333333,2413.1666666666665,493,1255,411,1213,697,1784,651,1708,1748,1624,2481,2359,0.5183867141162515,0.5126033057851239,0.578340833112756,0.2889800703399766,0.28981288981288983,-0.08328194729132488,0.7533013205282113,0.7326488706365503,2.065244989166104,98630,144790
77,Doug Overton,2000-01,2003-04,3,4,"BOS,CHH,LAC,NJN",6,129,1643.3166666666666,4573.683333333333,508,1121,504,1053,1508,2953,1290,2990,1629,1557,4461,4280,0.5112994350282486,0.5103535064637913,0.0945928564457299,0.3254324151185138,0.3352601156069364,-0.982770048842263,0.6898461538461539,0.6959698326655668,-0.6123678819412892,98599,274421
200751,Randy Foye,2015-16,2015-16,1,2,"DEN,OKC",2,82,1641.3666666666666,2319.633333333333,503,1228,466,1153,741,1749,557,1619,1731,1619,2490,2176,0.5167164179104478,0.5336476639519931,-1.693124604154539,0.303743961352657,0.31398305084745765,-1.0239089494800624,0.7249114521841794,0.7584562012142237,-3.354474903004434,98482,139178
1626149,Montrezl Harrell,2021-22,2021-22,1,2,"CHA,WAS",2,80,1640.45,2239.55,399,1254,428,1187,541,1669,635,1686,1653,1615,2210,2321,0.5058139534883721,0.48775104833370114,1.806290515467096,0.2515762925598991,0.24292770543331837,0.8648587126580731,0.7455410225921522,0.7243923611111112,2.1148661481041,98427,134373
2051,Donnell Harvey,2001-02,2004-05,3,5,"DAL,DEN,NJN,ORL,PHX",5,175,1634.3833333333334,6820.616666666667,526,1077,528,1074,1898,4539,2054,4794,1603,1602,6437,6848,0.5001560062402496,0.4845314264207753,1.5624579819474294,0.32875,0.2836222355050807,4.512776449491929,0.6710280373831776,0.688457454876384,-1.7429417493206367,98063,409237
202334,Ed Davis,2012-13,2012-13,1,2,"MEM,TOR",2,84,1630.8166666666666,2451.1833333333334,459,1045,448,1070,670,1611,651,1689,1504,1518,2281,2340,0.49768365320979485,0.49361610041116644,0.40675527986284155,0.3001962066710268,0.2840186519711742,1.6177554699852603,0.6999330207635633,0.7122015915119363,-1.2268570748372953,97849,147071
1631097,Bennedict Mathurin,2025-26,2025-26,1,2,"IND,LAC",2,83,1620.0,2379.0,389,1143,502,1219,652,1688,677,1815,1532,1721,2340,2492,0.4709498924070089,0.48427152317880795,-1.3321630771799042,0.24191542288557213,0.26428860964734496,-2.2373186761772828,0.6948328267477204,0.7137420718816068,-1.8909245133886365,97200,142740
983,Moochie Norris,2003-04,2005-06,3,3,"HOU,NOK,NYK",6,242,1614.3333333333333,10101.666666666666,469,1058,434,1017,2826,6895,2824,6820,1527,1451,9721,9644,0.5127602417730021,0.501988122902143,1.0772118870859049,0.31561238223418575,0.29297117976363257,2.2641202470553177,0.7091152815013405,0.7094351270706862,-0.03198455693457225,96860,606100
1629012,Collin Sexton,2025-26,2025-26,1,2,"CHA,CHI",2,82,1613.2166666666667,2342.7833333333333,499,1229,485,1153,752,1733,629,1657,1728,1638,2485,2286,0.5133689839572193,0.5208551666317334,-0.7486182674514064,0.30205811138014527,0.31216272312162724,-1.0104611741481972,0.7170361726954493,0.7337002540220152,-1.6664081326565938,96793,140567
2124,Malik Allen,2004-05,2007-08,2,4,"CHA,DAL,MIA,NJN",4,169,1611.5166666666667,6580.483333333334,430,1075,424,1074,1790,4643,1834,4468,1505,1498,6433,6302,0.5011655011655012,0.5051433058500197,-0.3977804684518471,0.2859042553191489,0.2860338766379035,-0.012962131875454697,0.7171447631754503,0.7168442180021615,0.030054517328881314,96691,394829
452,Vin Baker,2003-04,2005-06,3,4,"BOS,HOU,LAC,NYK",5,185,1609.6333333333334,7315.366666666667,433,1065,511,1081,1969,5003,2028,4948,1498,1592,6972,6976,0.484789644012945,0.4998566102667049,-1.5066966253759917,0.285997357992074,0.2846609801937256,0.1336377798348387,0.675761421319797,0.7115630777983217,-3.5801656478524735,96578,438922
1630692,Jordan Goodwin,2021-22,2024-25,3,4,"LAL,MEM,PHX,WAS",4,118,1604.1833333333334,4089.8166666666666,540,1148,468,1119,995,3025,1148,2853,1688,1587,4020,4001,0.5154198473282443,0.501184390973694,1.4235456354550258,0.325497287522604,0.25857588357588357,6.692140394672041,0.7103960396039604,0.7248981548046969,-1.450211520073652,96251,245389
1629109,Gary Clark,2019-20,2021-22,3,5,"DEN,HOU,NOP,ORL,PHI",8,178,1598.2,6985.8,487,1208,411,1254,1847,5293,1633,5274,1695,1665,7140,6907,0.5044642857142857,0.508293585819036,-0.3829300104750355,0.27972429638139,0.25937368347142253,2.0350612909967483,0.7461395923409512,0.7642217730291655,-1.8082180688214322,95892,419148
389,Toni Kukoc,2000-01,2000-01,1,2,"ATL,PHI",2,83,1597.7833333333333,2426.2166666666667,437,1062,485,1009,790,1707,741,1693,1499,1494,2497,2434,0.500835282325426,0.5063881565605354,-0.5552874235109417,0.30221300138312585,0.31816351188078934,-1.5950510497663495,0.6864899806076277,0.6973039215686274,-1.0813940960999746,95867,145573
224,Eddie Jones,2006-07,2006-07,1,2,"MEM,MIA",2,83,1593.8666666666666,2445.133333333333,364,1046,445,1105,586,1573,693,1573,1410,1550,2159,2266,0.47635135135135137,0.487909604519774,-1.1558253168422628,0.24778761061946902,0.2714219546086151,-2.36343439891461,0.7015425888665325,0.6941747572815534,0.7367831584979112,95632,146708
203118,Mike Scott,2016-17,2018-19,2,3,"ATL,LAC,PHI",3,139,1590.6666666666667,5141.333333333333,413,1262,456,1245,1349,3951,1400,3784,1675,1701,5300,5184,0.49614928909952605,0.5055322396032049,-0.9382950503678877,0.24909529553679133,0.262809273329437,-1.371397779264566,0.7345750873108265,0.7383666604373015,-0.3791573126474934,95440,308480
200811,Lou Amundson,2006-07,2014-15,4,8,"CHI,CLE,MIN,NOH,NOP,NYK,PHI,UTA",11,212,1582.1166666666666,8658.883333333333,449,1066,434,1146,2614,5757,2240,5869,1515,1580,8371,8109,0.4894991922455573,0.5079490291262136,-1.8449836880656323,0.28150470219435736,0.308145703171048,-2.6641000976690643,0.7106666666666667,0.7198949606102288,-0.9228293943562171,94927,519533
203917,Nik Stauskas,2017-18,2021-22,3,6,"BKN,BOS,CLE,MIA,PHI,POR",7,183,1576.65,7282.35,401,1203,406,1261,2000,5615,1850,5355,1604,1667,7615,7205,0.4903699174564353,0.5138326585695007,-2.3462741113065344,0.24127557160048135,0.27192386131883073,-3.0648289718349373,0.747669359850839,0.7521768251841929,-0.45074653333538883,94599,436941
1630165,Killian Hayes,2023-24,2025-26,3,3,"BKN,DET,SAC",3,81,1575.4666666666667,2327.5333333333333,435,1135,419,1183,696,1613,597,1626,1570,1602,2309,2223,0.49495586380832285,0.5094880847308032,-1.4532220922480354,0.2688504326328801,0.2997416020671835,-3.0891169434303367,0.7303732303732303,0.7298642533936651,0.050897697956520105,94528,139652
2248,Earl Watson,2005-06,2005-06,1,2,"DEN,SEA",2,82,1572.5666666666666,2403.4333333333334,423,1071,487,1059,645,1579,690,1622,1494,1546,2224,2312,0.49144736842105263,0.49029982363315694,0.11475447878956935,0.2854251012145749,0.28451698279664756,0.09081184179273172,0.6874197689345315,0.6959012780960776,-0.8481509161546108,94354,144206
1732,Felipe Lopez,2000-01,2000-01,1,2,"MIN,WAS",2,80,1565.9166666666667,2284.0833333333335,476,1063,458,1058,701,1476,662,1553,1539,1516,2177,2215,0.5037643207855974,0.49567395264116576,0.8090368144431648,0.31029986962190353,0.31100266193433895,-0.07027923124354185,0.6988823142669297,0.6903648269410664,0.8517487325863327,93955,137045
1838,Tyrone Nesby,2000-01,2000-01,1,2,"LAC,WAS",2,82,1556.2,2389.8,497,1023,438,1049,790,1570,690,1524,1520,1487,2360,2214,0.5054871965414034,0.5159597726278968,-1.0472576086493435,0.32147477360931437,0.341400172860847,-1.9925399251532638,0.7002053388090349,0.6946902654867256,0.5515073322309272,93372,143388
1627854,Bryn Forbes,2021-22,2022-23,2,3,"DEN,MIN,SAS",3,142,1553.5166666666667,5307.483333333334,435,1160,388,1153,1283,3974,1483,3856,1595,1541,5257,5339,0.5086096938775511,0.4961306153265383,1.2479078551012768,0.2739294710327456,0.24965946682233897,2.427000421040665,0.7493540051679587,0.7282389591350559,2.111504603290282,93211,318449
1559,Adrian Griffin,2005-06,2007-08,2,3,"CHI,DAL,SEA",3,152,1552.2166666666667,5813.783333333334,470,1023,396,940,1818,3895,1601,3918,1493,1336,5713,5519,0.5277483209614705,0.5086360398860399,1.9112281075430615,0.3333333333333333,0.3169456066945607,1.6387726638772637,0.7209302325581395,0.7086972343522562,1.2232998205883305,93133,348827
1626168,Trey Lyles,2021-22,2021-22,1,2,"DET,SAC",2,80,1536.2,2323.8,342,1092,400,1214,627,1647,595,1893,1434,1614,2274,2488,0.4704724409448819,0.4775304493910122,-0.7058008446130304,0.21979434447300772,0.2488095238095238,-2.9015179336516095,0.7319034852546917,0.7346119536128457,-0.27084683581539704,92172,139428
2548,Dwyane Wade,2017-18,2017-18,1,2,"CLE,MIA",2,80,1536.05,2353.95,369,1179,394,1163,509,1712,601,1738,1548,1557,2221,2339,0.4985507246376812,0.4870614035087719,1.148932112890927,0.24086161879895562,0.22652425456163774,1.433736423731788,0.7495232040686586,0.7401642888024211,0.9358915266237444,92163,141237
203210,JaMychal Green,2014-15,2018-19,2,3,"LAC,MEM,SAS",5,122,1534.4666666666667,4351.533333333334,416,1099,395,1181,982,3179,1094,3217,1515,1576,4161,4311,0.49013264315755417,0.4911473087818697,-0.10146656243155139,0.2604884157795867,0.2338652060014289,2.6623209778157797,0.7356091030789826,0.743973788907091,-0.8364685828108342,92068,261092
2753,Delonte West,2007-08,2007-08,1,2,"CLE,SEA",2,80,1533.5333333333333,2321.4666666666667,494,1119,428,1077,713,1693,647,1647,1613,1505,2406,2294,0.5173187940987812,0.5119148936170212,0.5403900481759982,0.31444939528962446,0.3021186440677966,1.2330751221827863,0.7233354880413704,0.7235042735042735,-0.016878546290310936,92012,139288
203924,Jerami Grant,2016-17,2016-17,1,2,"OKC,PHI",2,82,1530.8833333333334,2425.116666666667,460,1135,386,1133,796,1845,564,1705,1595,1519,2641,2269,0.5122029543994862,0.5378818737270876,-2.567891932760147,0.28876333961079725,0.31827269092363053,-2.9509351312833276,0.7462195923734385,0.7658779576587795,-1.965836528534104,91853,145507
201587,Nicolas Batum,2023-24,2023-24,1,2,"LAC,PHI",2,84,1529.4833333333333,2527.516666666667,413,1077,431,1082,727,1776,699,1896,1490,1513,2503,2595,0.4961704961704962,0.4909768536681051,0.5193642502391072,0.2762541806020067,0.2771635531833778,-0.09093725813711373,0.7141909814323607,0.7175757575757575,-0.3384776143396828,91769,151651
203112,Quincy Acy,2013-14,2018-19,3,5,"BKN,DAL,PHX,SAC,TOR",5,149,1528.15,5673.85,432,1087,424,1127,1518,4161,1452,4162,1519,1551,5679,5614,0.49478827361563515,0.5028778889577614,-0.8089615342126266,0.2771007055805003,0.26725352112676054,0.9847184453739777,0.7193911317008603,0.7413148049171566,-2.192367321629629,91689,340431
1531,Marc Jackson,2001-02,2005-06,2,4,"GSW,MIN,NJN,NOK",4,160,1525.2,6194.8,488,994,391,967,1981,4173,1648,4231,1482,1358,6154,5879,0.5218309859154929,0.5114269093326685,1.0404076582824384,0.3353951890034364,0.31889890534449455,1.6496283658941846,0.7176895306859206,0.7168871327950525,0.08023978908681118,91512,371688
1627789,Timothe Luwawu-Cabarrot,2018-19,2019-20,2,3,"BKN,CHI,OKC",4,152,1521.85,5854.15,429,1230,400,1235,1675,4597,1530,4551,1659,1635,6272,6081,0.5036429872495446,0.5077309155670687,-0.40879283175241365,0.2578125,0.26903308705428847,-1.1220587054288467,0.754601226993865,0.7502856210217071,0.43156059721578544,91311,351249
21,Greg Anthony,2001-02,2001-02,1,2,"CHI,MIL",2,82,1512.9666666666667,2448.0333333333333,420,990,431,1062,661,1638,644,1690,1410,1493,2299,2334,0.4857044436789528,0.49622274983811787,-1.0518306159165047,0.2834008097165992,0.28115695448745215,0.22438552291470515,0.6966924700914848,0.7177914110429447,-2.109894095145992,90778,146882
202324,Derrick Favors,2010-11,2010-11,1,2,"NJN,UTA",2,80,1511.1,2378.9,447,1018,424,994,611,1544,619,1583,1465,1418,2155,2202,0.5081512313562262,0.4946063805370668,1.3544850819159404,0.3102012491325468,0.27848678213309025,3.171446699945657,0.7059639389736477,0.713823393435044,-0.7859454461396242,90666,142734
202732,DeAndre Liggins,2013-14,2017-18,3,5,"CLE,DAL,MIA,MIL,NOP",6,169,1501.2833333333333,6700.716666666666,331,1048,376,1128,1507,5056,1840,4862,1379,1504,6563,6702,0.47832119320152616,0.4947606483226536,-1.6439455121127433,0.22686771761480465,0.23661485319516407,-0.9747135580359417,0.7359550561797753,0.7331786542923434,0.27764018874318896,90077,402043
201177,Josh McRoberts,2012-13,2017-18,2,3,"CHA,DAL,ORL",3,139,1493.15,5203.85,369,1012,390,1043,1256,3653,1262,3926,1381,1433,4909,5188,0.49076048329779676,0.4861840150539764,0.4576468243820353,0.2613314447592068,0.24237746043998457,1.8953984319222212,0.7218259629101283,0.74323499491353,-2.1409032003401607,89589,312231
2554,Mickael Pietrus,2010-11,2012-13,2,3,"ORL,PHX,TOR",3,149,1493.0666666666666,5733.933333333333,336,1012,400,1055,1507,3867,1557,3872,1348,1455,5374,5429,0.4809133071708883,0.4974544108118115,-1.6541103640923205,0.2415528396836808,0.28016359918200406,-3.8610759498323266,0.71671388101983,0.7129424778761062,0.3771403143723817,89584,344036
202722,Davis Bertans,2021-22,2023-24,2,4,"CHA,DAL,OKC,WAS",4,162,1480.3833333333334,6335.616666666667,326,1070,358,1146,1401,4662,1849,4597,1396,1504,6063,6446,0.48137931034482756,0.48469102246382606,-0.33117121189985,0.22146739130434784,0.2335778592864288,-1.2110467982080957,0.7492997198879552,0.7160190446935955,3.3280675194359732,88823,380137
1631165,Keon Ellis,2025-26,2025-26,1,2,"CLE,SAC",2,82,1478.6333333333334,2477.366666666667,409,975,440,1103,687,1789,757,1738,1384,1543,2476,2495,0.4728390843867441,0.4980889157111245,-2.524983132438041,0.2705026455026455,0.28329896907216495,-1.279632356951943,0.6890459363957597,0.7026708562450903,-1.3624919849330563,88718,148642
2030,Kenyon Martin,2011-12,2014-15,3,3,"LAC,MIL,NYK",3,92,1475.1666666666667,2970.8333333333335,386,978,390,1004,845,1946,818,1981,1364,1394,2791,2799,0.4945612762871646,0.4992844364937388,-0.4723160206574206,0.2776978417266187,0.29900920028308564,-2.131135855646693,0.7149122807017544,0.7040520984081042,1.0860182293650156,88510,178250
1499,Tony Battie,2003-04,2003-04,1,2,"BOS,CLE",2,83,1474.75,2529.25,482,1029,476,990,781,1737,744,1754,1511,1466,2518,2498,0.5075579442391669,0.501993620414673,0.55643238244939,0.327445652173913,0.3080867850098619,1.9358867164051108,0.6837209302325581,0.7001209189842805,-1.6399988751722439,88485,151755
1629111,Jock Landale,2025-26,2025-26,1,2,"ATL,MEM",2,77,1474.5666666666666,2236.4333333333334,537,1009,421,1053,678,1753,661,1656,1546,1474,2431,2317,0.5119205298013245,0.5120050547598989,-0.008452495857436126,0.33773584905660375,0.29048843187660667,4.724741717999708,0.7055944055944056,0.7261806130903066,-2.058620749590101,88474,134186
1629717,Armoni Brooks,2020-21,2023-24,3,3,"BKN,HOU,TOR",4,134,1468.1666666666667,4983.833333333333,432,1045,402,1184,1408,3695,1282,3743,1477,1586,5103,5025,0.4822069866144303,0.503850710900474,-2.1643724286043664,0.26732673267326734,0.2733449815569792,-0.6018248883711885,0.7221838286109191,0.7424151095037171,-2.023128089279802,88090,299030
101122,Danny Granger,2013-14,2014-15,2,3,"IND,LAC,MIA",3,128,1460.2,4698.8,370,1059,386,1023,1163,3350,1324,3133,1429,1409,4513,4457,0.5035236081747709,0.5031215161649945,0.0402092009776478,0.2656137832017229,0.2707169459962756,-0.5103162794552696,0.7328719723183391,0.7167308515190415,1.6141120799297637,87612,281928
101113,Ike Diogu,2006-07,2011-12,4,6,"GSW,IND,LAC,POR,SAC,SAS",6,222,1458.7833333333333,9267.216666666667,478,967,424,981,2600,6065,2545,6206,1445,1405,8665,8751,0.5070175438596491,0.49753100597152045,0.9486537888128699,0.3276216586703221,0.295253236429707,3.236842224061509,0.6951833213515457,0.7044134727061556,-0.9230151354609917,87527,556033
2545,Darko Milicic,2005-06,2012-13,3,5,"BOS,DET,MIN,NYK,ORL",5,174,1456.15,6975.85,407,963,401,1000,1800,4587,1930,4695,1370,1401,6387,6625,0.4944063514976543,0.4908545957577621,0.3551755739892193,0.2892679459843639,0.27713625866050806,1.2131687323855833,0.7060117302052786,0.7038514653981893,0.2160264807089307,87369,418551
1628991,Jaren Jackson Jr.,2025-26,2025-26,1,2,"MEM,UTA",2,79,1454.65,2347.35,447,1142,465,1088,762,1634,693,1769,1589,1553,2396,2462,0.5057288351368555,0.4932070811033347,1.2521754033520793,0.29120521172638436,0.3010667720268668,-0.9861560300482464,0.7106409458618543,0.7021916630855178,0.8449282776336497,87279,140841
201187,Dominic McGuire,2009-10,2012-13,3,6,"CHA,IND,NOH,SAC,TOR,WAS",7,232,1454.2,9781.8,407,973,402,993,2736,6677,2597,6576,1380,1395,9413,9173,0.4972972972972973,0.5064564726137953,-0.9159175316498014,0.2907142857142857,0.29381443298969073,-0.31001472754050297,0.7076363636363636,0.7199698080655597,-1.2333444429196039,87252,586908
200757,Thabo Sefolosha,2008-09,2008-09,1,2,"CHI,OKC",2,82,1452.9833333333333,2523.016666666667,432,953,413,979,725,1701,722,1733,1385,1392,2426,2455,0.49873964710118834,0.49702929727514855,0.1710349826039792,0.30616583982990786,0.2949552481692433,1.121059166066457,0.6976573938506588,0.7020222864217912,-0.4364892571132373,87179,151381
1508,Maurice Taylor,2004-05,2006-07,2,3,"HOU,NYK,SAC",3,121,1445.9333333333334,4437.066666666667,358,991,384,950,1198,3000,1197,2994,1349,1334,4198,4191,0.5027953783078644,0.5004172130170461,0.2378165290818246,0.27370030581039756,0.2857824427480916,-1.2082136937694055,0.7207272727272728,0.7147962830593281,0.5930989667944697,86756,266224
202706,Jordan Hamilton,2013-14,2015-16,3,4,"DEN,HOU,LAC,NOP",5,114,1445.25,4046.75,418,1050,431,1081,1159,3016,1138,2836,1468,1512,4175,3974,0.49261744966442955,0.5123328015707449,-1.9715351906315348,0.27885256837891925,0.29011264080100124,-1.126007242208199,0.7089804186360568,0.7260471834376505,-1.7066764801593748,86715,242805
1916,Calvin Booth,2000-01,2008-09,3,5,"DAL,MIL,MIN,SAC,WAS",6,244,1438.55,10328.45,386,1016,448,1062,3037,6931,2921,6948,1402,1510,9968,9869,0.48145604395604397,0.5024953369965216,-2.103929304047764,0.26657458563535913,0.3041562343515273,-3.758164871616815,0.6939890710382514,0.7035119772634998,-0.9522906225248429,86313,619707
1629060,Rui Hachimura,2022-23,2022-23,1,2,"LAL,WAS",2,80,1437.7833333333333,2427.2166666666667,369,1174,392,1052,634,1817,628,1747,1543,1444,2451,2375,0.5165718111817877,0.5078740157480315,0.8697795433756261,0.25967628430682616,0.2662746745065099,-0.6598390199683724,0.7496807151979565,0.7431492842535787,0.6531430944377803,86267,145633
2036,Chris Mihm,2003-04,2008-09,2,3,"BOS,CLE,LAL",3,135,1432.5833333333333,5082.416666666667,439,977,454,961,1425,3560,1526,3439,1416,1415,4985,4965,0.5001766160367361,0.5010050251256282,-0.08284090888920348,0.31357142857142856,0.29296875,2.060267857142856,0.6827393431167016,0.6999606763664963,-1.722133324979469,85955,304945
203943,Noah Vonleh,2017-18,2022-23,4,6,"BKN,BOS,CHI,DEN,MIN,POR",6,201,1429.3333333333333,8313.666666666666,400,1107,374,1120,2059,6256,2014,6243,1507,1494,8315,8257,0.502165944685105,0.5017499396572532,0.04160050278517735,0.2631578947368421,0.24801252710190316,1.5145367634938927,0.7474679270762998,0.7564691656590085,-0.9001238582708626,85760,498820
200797,Ryan Hollins,2008-09,2015-16,3,6,"BOS,CHA,CLE,DAL,MEM,WAS",9,191,1426.1666666666667,7816.833333333333,418,974,394,1006,2068,5240,2070,5303,1392,1400,7308,7373,0.498567335243553,0.49778625434234725,0.07810809012057662,0.29353932584269665,0.2805589472256139,1.2980378617082733,0.7119883040935673,0.7168262653898769,-0.4837961296309645,85570,469010
1629003,Shake Milton,2023-24,2024-25,2,5,"BKN,DET,LAL,MIN,NYK",5,163,1417.4166666666667,6446.583333333333,374,1022,386,1065,1613,4676,1742,4441,1396,1451,6289,6183,0.4903407095187917,0.5042495189223861,-1.3908809403594402,0.2599027102154274,0.2664354146019161,-0.653270438648873,0.7258522727272727,0.7285758803365534,-0.2723607609280698,85045,386795
1629611,Terance Mann,2024-25,2024-25,1,2,"ATL,LAC",2,82,1414.1833333333334,2536.8166666666666,418,990,358,994,659,1927,656,1806,1408,1352,2586,2462,0.5101449275362319,0.5122820919175911,-0.21371643813592467,0.29603399433427763,0.26734279918864096,2.869119514563667,0.7344213649851632,0.746031746031746,-1.1610381046582852,84851,152209
1642383,Walter Clayton Jr.,2025-26,2025-26,1,2,"MEM,UTA",2,85,1410.55,2699.45,419,930,452,1044,746,1840,858,2073,1349,1496,2586,2931,0.47416520210896307,0.4687330070690593,0.5432195039903776,0.2863978127136022,0.26463284852784674,2.1764964185755464,0.6729377713458755,0.6819866567828021,-0.9048885436926613,84633,161967
2563,Dahntay Jones,2007-08,2016-17,5,5,"ATL,CLE,DAL,LAC,SAC",6,161,1399.45,6393.55,331,991,426,1029,1575,4582,1777,4574,1322,1455,6157,6351,0.4760532949225783,0.49224496322353695,-1.619166830095864,0.24338235294117647,0.25613920962758174,-1.2756856686405276,0.6993648553281581,0.7205535461550558,-2.1188690826897782,83967,383613
1425,Aaron Williams,2004-05,2007-08,3,4,"LAC,NJN,NOK,TOR",5,234,1399.25,9922.75,338,879,391,975,2416,6547,2613,6930,1217,1366,8963,9543,0.4711575687185443,0.48432940667891494,-1.3171837960370636,0.25742574257425743,0.2585063128611171,-0.108057028685965,0.6921259842519685,0.7147379912663755,-2.261200701440702,83955,595365
201951,Ty Lawson,2015-16,2015-16,1,2,"HOU,IND",2,78,1392.5333333333333,2386.4666666666667,373,1015,402,1089,631,1676,634,1702,1388,1491,2307,2336,0.4821118443904133,0.49687701916864097,-1.476517477822764,0.2551299589603283,0.2704672096013716,-1.5337250641043298,0.7163020465772759,0.7255411255411255,-0.9239078963849567,83552,143188
1110,Mark Strickland,2000-01,2002-03,3,4,"ATL,DAL,DEN,NJN",5,157,1390.8666666666666,6175.133333333333,439,923,374,999,1735,4272,1847,4364,1362,1373,6007,6211,0.4979890310786106,0.4916516614830578,0.6337369595552811,0.30528511821974963,0.28447286440400066,2.081225381574897,0.7116422513492675,0.6981532930217356,1.3488958327531941,83452,370508
238,Tyrone Hill,2002-03,2003-04,2,3,"CLE,MIA,PHI",3,93,1390.55,3108.45,463,930,340,961,957,2119,862,2158,1393,1301,3076,3020,0.5170749814402376,0.5045931758530183,1.248180558721923,0.32514044943820225,0.307223113964687,1.7917335473515261,0.7322834645669292,0.7108352901710835,2.1448174395845676,83433,186507
1517,Bobby Jackson,2007-08,2007-08,1,2,"HOU,NOH",2,80,1388.55,2476.45,365,964,366,949,739,1759,621,1678,1329,1315,2498,2299,0.5026475037821483,0.520742130498228,-1.8094626716079754,0.2777777777777778,0.3057509309060819,-2.7973153128304116,0.724812030075188,0.7390756302521009,-1.426360017691286,83313,148587
1628966,Keita Bates-Diop,2019-20,2023-24,2,4,"BKN,DEN,MIN,PHX",4,153,1384.6166666666666,6044.383333333333,361,1003,376,1046,1567,4451,1603,4361,1364,1422,6018,5964,0.4895908111988514,0.5022533800701051,-1.266256887125372,0.2565742714996446,0.2643387314439946,-0.7764459944349988,0.7273386511965192,0.735216385860588,-0.7877734664068825,83077,362663
203932,Aaron Gordon,2020-21,2020-21,1,2,"DEN,ORL",2,72,1383.8,2087.2,364,1053,304,998,541,1613,448,1679,1417,1302,2154,2127,0.5211474806914307,0.5031534688156972,1.7994011875733462,0.26725403817914833,0.2436936936936937,2.356034448545463,0.7759764185703758,0.7826297913634158,-0.6653372793040013,83028,125232
1628976,Wendell Carter Jr.,2020-21,2020-21,1,2,"CHI,ORL",2,71,1375.35,2057.65,357,1059,349,1076,500,1576,512,1567,1416,1425,2076,2079,0.498416050686378,0.4996389891696751,-0.12229384832970758,0.24912770411723656,0.24189646831156264,0.7231235805673919,0.7521306818181818,0.7547892720306514,-0.26585902124696137,82521,123459
2669,Linton Johnson,2003-04,2008-09,4,6,"CHA,CHI,NJN,NOK,PHX,TOR",10,183,1374.95,7469.05,434,926,361,998,2011,5030,2022,5134,1360,1359,7041,7156,0.5001838911364472,0.4959498485595548,0.4234042576892416,0.30307262569832405,0.2814555633310007,2.1617062367323356,0.7195027195027195,0.7132728304027226,0.6229889099996888,82497,448143
2042,Courtney Alexander,2000-01,2000-01,1,2,"DAL,WAS",2,82,1373.8333333333333,2582.1666666666665,390,891,416,909,685,1745,802,1761,1281,1325,2430,2563,0.4915579432079816,0.48668135389545364,0.48765893125279347,0.3002309468822171,0.2800490596892886,2.018188719292846,0.6817138485080336,0.685119748723989,-0.34059002159553264,82430,154930
202954,Brad Wanamaker,2020-21,2021-22,2,4,"CHA,GSW,IND,WAS",4,113,1372.85,4081.15,346,1024,350,1086,988,3132,1107,3145,1370,1436,4120,4252,0.48823948681397006,0.4921165790731008,-0.38770922591307433,0.24162011173184358,0.23905153641422697,0.2568575317616617,0.745269286754003,0.7388535031847133,0.6415783569289624,82371,244869
201596,Mario Chalmers,2015-16,2015-16,1,2,"MEM,MIA",2,64,1372.7333333333333,1724.2666666666667,350,949,372,960,403,1189,424,1227,1299,1332,1592,1651,0.49372862029646525,0.49090348442799875,0.28251358684664996,0.26717557251908397,0.24723926380368097,1.9936308715403,0.7183951551854656,0.7371357718536887,-1.8740616668223131,82364,103456
1630631,Jose Alvarado,2025-26,2025-26,1,2,"NOP,NYK",2,84,1370.25,2691.75,402,984,439,969,830,1881,741,1924,1386,1408,2711,2665,0.49606299212598426,0.5042782738095238,-0.8215281683539577,0.29321663019693656,0.30137981118373275,-0.8163180986796192,0.691496837666901,0.717391304347826,-2.58944666809251,82215,161505
203895,Jordan McRae,2015-16,2019-20,3,5,"CLE,DEN,DET,PHX,WAS",6,154,1364.0,6073.0,308,972,382,1068,1630,4456,1588,4402,1280,1450,6086,5990,0.46886446886446886,0.503974826101358,-3.5110357236889156,0.2238372093023256,0.2702254641909814,-4.638825488865583,0.7178729689807977,0.7372600926538716,-1.9387123673073936,81840,364380
422,Avery Johnson,2001-02,2001-02,1,2,"DAL,DEN",2,78,1353.4833333333333,2420.516666666667,406,857,464,913,768,1667,687,1742,1263,1377,2435,2429,0.4784090909090909,0.5006167763157895,-2.2207685406698596,0.3078089461713419,0.30597609561752986,0.18328505538120488,0.6487509462528388,0.7081563296516568,-5.940538339881796,81209,145231
1628972,Troy Brown Jr.,2020-21,2023-24,2,4,"CHI,DET,MIN,WAS",4,154,1349.8833333333334,6062.116666666667,321,991,343,991,1464,4642,1502,4559,1312,1334,6106,6061,0.4958427815570673,0.5018492644037149,-0.600648284664762,0.24466463414634146,0.24306823841939232,0.15963957269491402,0.7428785607196402,0.7555338541666666,-1.2655293447026428,80993,363727
1631222,Jake LaRavia,2024-25,2024-25,1,2,"MEM,SAC",2,82,1349.3166666666666,2601.6833333333334,456,979,387,919,789,1991,725,1793,1435,1306,2780,2518,0.5235315578256111,0.5247263118157796,-0.11947539901684401,0.3316363636363636,0.3055770720371805,2.605929159918313,0.7166910688140556,0.7330633284241531,-1.6372259610097473,80959,156101
203992,Bogdan Bogdanović,2024-25,2024-25,1,2,"ATL,LAC",2,82,1347.65,2618.35,359,1014,326,1003,719,1877,683,1879,1373,1329,2596,2562,0.5081421169504071,0.5032958511050795,0.48462658453276575,0.263582966226138,0.27675134719014627,-1.3168380964008242,0.7567164179104477,0.733203125,2.351329291044779,80859,157101
1629002,Chimezie Metu,2020-21,2023-24,2,3,"DET,PHX,SAC",3,137,1346.9166666666667,5244.083333333333,287,933,361,972,1302,3816,1450,3786,1220,1333,5118,5236,0.47786917352134745,0.49430171914236043,-1.6432545621012984,0.22795869737887212,0.25589622641509435,-2.7937529036222237,0.7210200927357032,0.7246486897075579,-0.3628596971854692,80815,314645
203894,Shabazz Napier,2019-20,2019-20,1,2,"MIN,WAS",2,73,1344.4833333333333,2204.516666666667,351,978,321,1096,597,1669,583,1793,1329,1417,2266,2376,0.4839766933721777,0.4881516587677725,-0.41749653955948096,0.2425708362128542,0.2497907949790795,-0.7219958766225304,0.7528868360277137,0.7411190053285968,1.176783069911691,80669,132271
1629636,Darius Garland,2025-26,2025-26,1,2,"CLE,LAC",2,84,1344.3,2702.7,356,975,426,982,793,1913,802,1936,1331,1408,2706,2738,0.4859437751004016,0.497060984570169,-1.1117209469767408,0.26606875934230195,0.2905826310003664,-2.4513871658064454,0.69593147751606,0.7046040515653775,-0.8672574049317539,80658,162162
1629014,Anfernee Simons,2025-26,2025-26,1,2,"BOS,CHI",2,81,1339.95,2563.05,445,925,401,990,787,1957,814,1856,1370,1391,2744,2670,0.4961970300615719,0.5068341337273735,-1.0637103665801617,0.31010452961672474,0.2977676882330685,1.233684138365626,0.6975867269984917,0.7062432334897149,-0.8656506491223181,80397,153783
980,Zydrunas Ilgauskas,2009-10,2009-10,1,1,CLE,2,65,1338.7166666666667,1791.2833333333333,358,966,346,835,384,1283,454,1149,1324,1181,1667,1603,0.5285429141716567,0.5097859327217126,1.8756981449944088,0.3000838222967309,0.25048923679060664,4.959458550612428,0.7362804878048781,0.7386298215313759,-0.23493337264978154,80323,107477
1627812,Yogi Ferrell,2016-17,2020-21,2,4,"BKN,CLE,DAL,LAC",4,67,1333.8666666666666,1907.1333333333334,261,921,325,1052,444,1408,463,1447,1182,1377,1852,1910,0.4618991793669402,0.49229133439659756,-3.039215502965736,0.19878141660319879,0.23479640401903754,-3.601498741583875,0.7391653290529695,0.7525387493319081,-1.337342027893862,80032,114428
203930,Sean Kilpatrick,2014-15,2017-18,3,6,"BKN,CHI,DEN,LAC,MIL,MIN",8,117,1327.6166666666666,4328.383333333333,363,919,332,1008,1067,3186,1135,3177,1282,1340,4253,4312,0.4889397406559878,0.4965557501459428,-0.7616009489955,0.2647702407002188,0.25141376060320453,1.335648009701429,0.7346123101518784,0.7373293219162231,-0.271701176434469,79657,259703
201947,Earl Clark,2010-11,2014-15,3,5,"BKN,CLE,NYK,ORL,PHX",5,159,1325.2333333333333,6406.766666666666,379,949,348,950,1842,4433,1717,4431,1328,1298,6275,6148,0.5057121096725057,0.505111486758432,0.06006229140737007,0.28517682468021066,0.2936394069823051,-0.8462582302094457,0.7316885119506553,0.7208130081300813,1.0875503820574006,79514,384406
1630538,Bones Hyland,2022-23,2024-25,2,3,"DEN,LAC,MIN",4,154,1324.3,6117.7,354,900,346,935,1515,4584,1547,4206,1254,1281,6099,5753,0.49467455621301776,0.5145966925413432,-1.9922136328325457,0.2746314972847168,0.264813843733613,0.9817653551103811,0.7223113964686998,0.7476757462077964,-2.5364349739096625,79458,367062
203187,Chris Johnson,2012-13,2014-15,3,5,"BOS,MEM,MIL,PHI,UTA",7,114,1324.0166666666667,4182.983333333334,438,913,329,910,1259,2803,1047,2875,1351,1239,4062,3922,0.5216216216216216,0.5087675350701403,1.2854086551481347,0.3249258160237389,0.3045476536042574,2.037816241948148,0.7351046698872786,0.7280519480519481,0.7052721835330567,79441,250979
202343,Elliot Williams,2013-14,2015-16,3,4,"MEM,NOP,PHI,UTA",4,95,1320.9333333333334,3269.0666666666666,375,883,392,1036,965,2276,932,2401,1258,1428,3241,3333,0.46835443037974683,0.4930027380590204,-2.4648307679273564,0.2657689581856839,0.2866904337492573,-2.0921475563573377,0.6925490196078431,0.7094763092269327,-1.6927289619089625,79256,196144
2412,Jiri Welsch,2004-05,2004-05,1,2,"BOS,CLE",2,85,1320.35,2789.65,338,842,404,880,882,1849,868,1846,1180,1284,2731,2714,0.4788961038961039,0.5015610651974288,-2.266496130132495,0.277504105090312,0.32331378299120234,-4.580967790089035,0.6757624398073836,0.68052999631947,-0.47675565120863794,79221,167379
2038,Joel Przybilla,2003-04,2011-12,3,4,"ATL,CHA,MIL,POR",5,194,1313.95,8068.05,352,841,383,917,2337,5178,2247,5426,1193,1300,7515,7673,0.47853991175290816,0.49479852515143535,-1.6258613398527189,0.2773837667454689,0.3010434110524282,-2.3659644306959327,0.6870915032679739,0.6973737373737374,-1.0282234105763566,78837,484083
203798,PJ Hairston,2015-16,2015-16,1,2,"CHA,MEM",2,82,1313.1,2662.9,312,927,308,1077,764,1971,632,1958,1239,1385,2735,2590,0.4721798780487805,0.5136150234741784,-4.143514542539794,0.22462203023758098,0.28067597354886115,-5.605394331128016,0.7506072874493928,0.7572032270457165,-0.6595939596323763,78786,159774
101236,Chuck Hayes,2005-06,2015-16,3,3,"HOU,SAC,TOR",4,133,1312.3666666666666,5141.633333333333,405,917,306,906,1328,3567,1396,3538,1322,1212,4895,4934,0.5217048145224941,0.4980160748804558,2.368873964203827,0.30892448512585813,0.2729140978216194,3.6010387304238725,0.749795584627964,0.7187185170259923,3.107706760197171,78742,308498
905,Dale Davis,2004-05,2004-05,1,2,"GSW,IND",2,79,1307.35,2524.65,373,886,385,903,724,1651,688,1883,1259,1288,2375,2571,0.49430702787593245,0.48018600889607765,1.4121018979854794,0.29231974921630094,0.2777138473341005,1.4605901882200456,0.6970889063729347,0.7058572039333049,-0.876829756037012,78441,151479
1628984,Devonte' Graham,2022-23,2022-23,1,2,"NOP,SAS",2,82,1305.4666666666667,2680.5333333333333,362,916,295,1008,767,2009,732,1913,1278,1303,2776,2645,0.4951569159240604,0.5120826415790445,-1.692572565498407,0.26423357664233577,0.28619402985074627,-2.1960453208410504,0.7563996696944674,0.7329441809558556,2.3455488738611807,78328,160832
1626171,Bobby Portis,2018-19,2018-19,1,2,"CHI,WAS",2,81,1298.2166666666667,2609.7833333333333,312,945,331,978,600,1980,717,2089,1257,1309,2580,2806,0.4898674980514419,0.4790196806535462,1.0847817397895698,0.24186046511627907,0.22313127556712534,1.8729189549153729,0.7405956112852664,0.7341490545050056,0.6446556780260848,77893,156587
101106,Andrew Bogut,2011-12,2018-19,4,5,"CLE,DAL,GSW,LAL,MIL",5,160,1297.7666666666667,6442.233333333334,294,966,323,1011,1635,4494,1739,4827,1260,1334,6129,6566,0.48573631457208943,0.48278849940921625,0.29478151628731797,0.22528735632183908,0.2530176415970288,-2.77302852751897,0.7494181536074477,0.7210011230547088,2.841703055273892,77866,386534
202327,Ekpe Udoh,2011-12,2011-12,1,2,"GSW,MIL",2,63,1290.0666666666666,1743.9333333333334,347,912,385,910,443,1173,552,1246,1259,1295,1616,1798,0.49295223179326547,0.47334504979496195,1.9607181998303524,0.2760540970564837,0.26228537596210777,1.3768721094375935,0.7031611410948342,0.68,2.3161141094834137,77404,104636
203960,JaKarr Sampson,2015-16,2018-19,2,3,"CHI,DEN,PHI",3,83,1286.7833333333333,2732.2166666666667,347,978,345,979,717,1933,703,2082,1325,1324,2650,2785,0.5001887504718762,0.48758049678012877,1.2608253691747395,0.2616892911010558,0.25616291532690244,0.552637577415338,0.7392290249433107,0.7333080424886191,0.5920982454691526,77207,163933
1629010,Jerome Robinson,2019-20,2020-21,2,2,"LAC,WAS",3,124,1284.0666666666666,4682.933333333333,336,987,357,1059,1202,3662,1229,3653,1323,1416,4864,4882,0.4830230010952902,0.4990765442232711,-1.6053543127980852,0.24086021505376345,0.24757981462409887,-0.671959957033541,0.734375,0.748722142711102,-1.4347142711102046,77044,280976
2366,Mike Wilks,2002-03,2009-10,4,7,"ATL,CLE,DEN,MIN,OKC,SEA,WAS",9,176,1283.95,7214.05,346,859,352,828,2017,4965,2070,4828,1205,1180,6982,6898,0.5052410901467506,0.5030259365994236,0.22151535473269313,0.29471890971039183,0.2946676406135866,0.0051269096805250935,0.7093311312964492,0.7057569296375267,0.3574201658922527,77037,432843
1628396,Tony Bradley,2020-21,2025-26,4,5,"ATL,CHI,IND,OKC,PHI",8,207,1280.7666666666667,8735.233333333334,413,946,303,949,2156,6601,2295,6643,1359,1252,8757,8938,0.5204902336269629,0.4948855608929076,2.560467273405531,0.30323054331864907,0.24502784407319014,5.820269924545893,0.7574059247397918,0.7420188848920863,1.5387039847705508,76846,524114
1626161,Willie Cauley-Stein,2019-20,2021-22,2,3,"DAL,GSW,PHI",4,125,1280.3166666666666,4774.683333333333,298,978,338,1047,1210,3636,1164,3696,1276,1385,4846,4860,0.4795189778278843,0.499278796620647,-1.975981879276273,0.22156133828996283,0.24663677130044842,-2.5075433010485595,0.743161094224924,0.7575,-1.4338905775075905,76819,286481
203991,Clint Capela,2019-20,2019-20,1,1,HOU,1,50,1279.35,1130.65,386,1026,351,1014,277,882,333,936,1412,1365,1159,1269,0.5084623694634498,0.4773476112026359,3.111475826081389,0.2757142857142857,0.22835943940643033,4.735484630785535,0.7450980392156863,0.725925925925926,1.9172113289760317,76761,67839
203093,Terrence Jones,2016-17,2018-19,2,3,"HOU,MIL,NOP",3,84,1275.9,2796.1,268,990,347,1059,625,2077,727,2137,1258,1406,2702,2864,0.4722222222222222,0.4854473589651455,-1.3225136742923305,0.20195930670685758,0.22628530050687906,-2.4325993800021486,0.7404637247569185,0.7407275320970043,-0.026380734008579765,76554,167766
208,Sam Cassell,2007-08,2007-08,1,2,"BOS,LAC",2,79,1273.4,2533.6,301,874,365,906,630,1808,663,1701,1175,1271,2438,2364,0.4803761242845462,0.5077051228654728,-2.732899858092658,0.24937862468931235,0.2702702702702703,-2.0891645580957934,0.705407586763519,0.7316875758802105,-2.6279989116691493,76404,152016
101120,Antoine Wright,2007-08,2010-11,2,3,"DAL,NJN,SAC",3,97,1262.4166666666667,3418.5833333333335,334,866,338,859,1014,2360,884,2298,1200,1197,3374,3182,0.5006257822277848,0.5146430750457596,-1.4017292817974814,0.2799664710813076,0.3061594202898551,-2.619294920854748,0.7192691029900332,0.7274969173859432,-0.8227814395910027,75745,205115
922,Elden Campbell,2002-03,2004-05,2,4,"DET,NJN,NOH,SEA",5,166,1260.95,6822.05,309,846,346,834,2100,4528,1831,4507,1155,1180,6628,6338,0.49464668094218417,0.5111830942464908,-1.6536413304306607,0.27034120734908135,0.31784471015589527,-4.750350280681392,0.709731543624161,0.7120616449127222,-0.23301012885611483,75657,409323
1983,Jermaine Jackson,2001-02,2005-06,4,4,"ATL,MIL,NYK,TOR",5,196,1259.1666666666667,8223.833333333334,313,814,365,874,2318,5398,2250,5470,1127,1239,7716,7720,0.47633136094674555,0.49987043275459964,-2.3539071807854084,0.2636899747262005,0.29763739085772983,-3.3947416131529353,0.6904156064461408,0.705805439330544,-1.538983288440321,75550,493430
1626144,Emmanuel Mudiay,2017-18,2021-22,2,3,"DEN,NYK,SAC",3,85,1255.15,2844.85,366,917,331,966,775,2076,659,2020,1283,1297,2851,2679,0.4972868217054264,0.5155515370705244,-1.8264715365097994,0.2747747747747748,0.2772808586762075,-0.25060839014326985,0.7347756410256411,0.7590493601462522,-2.427371912061116,75309,170691
2427,Roger Mason Jr.,2003-04,2013-14,3,4,"CHI,MIA,TOR,WAS",4,194,1254.1333333333334,8137.866666666667,316,805,360,894,1980,5398,2424,5616,1121,1254,7378,8040,0.472,0.47853158645738747,-0.6531586457387495,0.2611570247933884,0.26066350710900477,0.04935176843836597,0.6909871244635193,0.6901048325236513,0.08822919398679963,75248,488272
369,Charlie Ward,2003-04,2003-04,1,2,"NYK,SAS",2,82,1252.7,2703.3,350,899,330,882,761,1906,727,1733,1249,1212,2667,2460,0.5075172694026818,0.5201872440023405,-1.2669974599658684,0.2840909090909091,0.30513231756214915,-2.104140847124003,0.7314890154597233,0.7238890998860615,0.7599915573661797,75162,162198
1629632,Coby White,2025-26,2025-26,1,2,"CHA,CHI",2,82,1249.8166666666666,2696.1833333333334,350,949,377,901,833,2047,716,1955,1299,1278,2880,2671,0.5040745052386496,0.5188254368582238,-1.4750931619574192,0.2797761790567546,0.29878048780487804,-1.9004308748123422,0.7156862745098039,0.7408613825551936,-2.5175108045389694,74989,161771
202330,Gordon Hayward,2023-24,2023-24,1,2,"CHA,OKC",2,81,1245.3,2657.7,330,886,333,910,629,1874,663,2026,1216,1243,2503,2689,0.494509963399756,0.4820878274268105,1.2422135972945503,0.2661290322580645,0.23691148775894538,2.921754449911912,0.726825266611977,0.7386677177769019,-1.1842451164924883,74718,159462
2405,Amar'e Stoudemire,2014-15,2014-15,1,2,"DAL,NYK",2,80,1244.35,2620.65,342,807,340,837,657,1776,747,1966,1149,1177,2433,2713,0.4939810834049871,0.4727944034201321,2.1186679984854964,0.2900763358778626,0.2504765535646207,3.9599782313241905,0.7035745422842197,0.703923900118906,-0.034935783468637016,74661,157239
1630322,Lindy Waters III,2021-22,2024-25,2,3,"DET,GSW,OKC",3,110,1243.5666666666666,4061.4333333333334,382,902,330,968,1183,3063,1136,3069,1284,1298,4246,4205,0.4972889233152595,0.5024257484321382,-0.5136825116878685,0.28296296296296297,0.2782220131702728,0.47409497926901856,0.7321428571428571,0.72945939509407,0.2683462048787111,74614,243686
203457,Nerlens Noel,2016-17,2022-23,2,4,"BKN,DAL,DET,PHI",4,148,1235.5833333333333,5918.416666666667,278,835,333,950,1558,4252,1583,4473,1113,1283,5810,6056,0.4645242070116861,0.4896342491151188,-2.5110042103432706,0.2263843648208469,0.2583319515834853,-3.1947586762638425,0.7148972602739726,0.7287060839760069,-1.380882370203429,74135,355105
1628977,Hamidou Diallo,2020-21,2023-24,2,3,"DET,OKC,WAS",3,76,1230.8333333333333,2432.1666666666665,299,979,325,953,514,1845,627,1942,1278,1278,2359,2569,0.5,0.4786931818181818,2.1306818181818175,0.2388178913738019,0.20928338762214985,2.9534503751652066,0.7507668711656442,0.7463592233009708,0.4407647864673403,73850,145930
201973,Jonas Jerebko,2014-15,2014-15,1,2,"BOS,DET",2,85,1230.0166666666667,2879.983333333333,382,880,299,891,880,2041,783,2207,1262,1190,2921,2990,0.5146818923327896,0.49416342412451364,2.0518468208275964,0.30007855459544386,0.2850664075153871,1.501214708005677,0.7463952502120441,0.7227337110481586,2.366153916388547,73801,172799
101128,Francisco Garcia,2012-13,2014-15,2,2,"HOU,SAC",3,106,1229.6166666666666,3898.383333333333,334,835,378,900,1195,2623,1123,2692,1169,1278,3818,3815,0.47772782999591334,0.5001965151316652,-2.2468685135751842,0.2706645056726094,0.30743503987651144,-3.6770534203902026,0.6883759274525969,0.700213561131874,-1.1837633679277149,73777,233903
1628998,Cody Martin,2024-25,2025-26,2,3,"CHA,IND,PHX",3,85,1228.4,2881.6,399,925,361,931,836,2032,746,2116,1324,1292,2868,2862,0.5061162079510704,0.5005235602094241,0.5592647741646251,0.3,0.28319783197831977,1.680216802168022,0.7192846034214619,0.7314614830813535,-1.217687965989156,73704,172896
200748,Tyrus Thomas,2009-10,2014-15,2,3,"CHA,CHI,MEM",3,88,1226.75,3042.25,339,903,333,854,885,2162,867,2029,1242,1187,3047,2896,0.5113215314944421,0.5127040215379438,-0.13824900435016607,0.28415758591785417,0.30370624571036375,-1.9548659792509582,0.7305825242718447,0.7137669197755034,1.681560449634123,73605,182535
1628964,Mo Bamba,2022-23,2025-26,3,6,"LAC,LAL,NOP,ORL,TOR,UTA",6,149,1225.7166666666667,5951.283333333334,308,943,340,878,1625,4443,1518,4257,1251,1218,6068,5775,0.5066828675577156,0.5123701764755552,-0.5687308917839529,0.2596964586846543,0.27626657599455967,-1.6570117309905374,0.734996102883866,0.7453447408152994,-1.034863793143348,73543,357077
1631115,Orlando Robinson,2022-23,2025-26,3,4,"MIA,ORL,SAC,TOR",5,190,1219.75,7965.25,446,870,325,916,2156,5677,2042,5793,1316,1241,7833,7835,0.5146656237778647,0.499936175644626,1.4729448133238732,0.3274596182085169,0.27122908541954965,5.623053278896722,0.7280334728033473,0.7354579608757611,-0.7424488072413804,73185,477915
2137,Ime Udoka,2003-04,2010-11,4,4,"LAL,NYK,SAC,SAS",4,115,1216.2333333333333,4348.766666666666,388,844,332,793,1172,2947,1163,3035,1232,1125,4119,4198,0.5226983453542638,0.4952506913550559,2.7447653999207953,0.3285351397121084,0.27858331352507726,4.995182618703114,0.717687074829932,0.7170316301703163,0.06554446596156449,72974,260926
673,Alan Henderson,2004-05,2006-07,2,2,"DAL,PHI",3,89,1215.6833333333334,3071.3166666666666,381,825,390,831,850,2126,933,1996,1206,1221,2976,2929,0.4969097651421508,0.5039796782387806,-0.7069913096629854,0.31435643564356436,0.2986647926914968,1.5691642952067542,0.6790123456790124,0.6949983654789147,-1.598601979990233,72941,184279
203092,Tyler Zeller,2017-18,2019-20,3,5,"ATL,BKN,MEM,MIL,SAS",5,101,1204.9,3683.1,330,962,290,939,914,2756,1005,2799,1292,1229,3670,3804,0.5124950416501388,0.491035590045491,2.1459451604647795,0.26004728132387706,0.24616213304605442,1.3885148277822639,0.768370607028754,0.732783834086679,3.558677294207502,72294,220986
1629680,Matisse Thybulle,2022-23,2022-23,1,2,"PHI,POR",2,80,1200.3,2664.7,274,827,317,934,584,1841,693,1915,1101,1251,2425,2608,0.46811224489795916,0.4818199880786807,-1.3707743180721543,0.22682119205298013,0.2336934773909564,-0.6872285337976264,0.7229020979020979,0.7265193370165746,-0.36172391144766447,72018,159882
1629661,Cameron Johnson,2022-23,2022-23,1,2,"BKN,PHX",2,84,1199.7666666666667,2857.233333333333,278,881,358,886,849,1997,753,2091,1159,1244,2846,2844,0.4823137744486059,0.5001757469244288,-1.7861972475822885,0.23883161512027493,0.28877551020408165,-4.994389508380673,0.7110573042776432,0.7261818181818182,-1.5124513904174908,71986,171434
201567,Kevin Love,2022-23,2022-23,1,2,"CLE,MIA",2,82,1197.5,2778.5,278,853,270,836,645,1915,687,1855,1131,1106,2560,2542,0.5055878408582923,0.5017640141121129,0.3823826746179426,0.2495511669658887,0.258,-0.8448833034111314,0.7595725734639359,0.7359723289777095,2.360024448622644,71850,166710
203143,Pablo Prigioni,2014-15,2014-15,1,2,"HOU,NYK",2,82,1196.6333333333334,2759.366666666667,317,817,320,846,749,1887,839,1984,1134,1166,2636,2823,0.4930434782608696,0.4828723209379007,1.017115732296886,0.2725709372312984,0.27405781192828393,-0.14868746969855517,0.7185576077396658,0.6922230374174615,2.633457032220432,71798,165562
2437,Lonny Baxter,2003-04,2005-06,3,6,"CHA,CHI,HOU,NOH,TOR,WAS",6,171,1196.2166666666667,7106.783333333334,336,777,369,808,1937,4725,2034,5002,1113,1177,6662,7036,0.48602620087336246,0.48634837202511316,-0.03221711517507053,0.2937062937062937,0.27914685113128695,1.4559442575006742,0.6780104712041884,0.6990679094540613,-2.105743824987283,71773,426407
204028,Tarik Black,2014-15,2014-15,1,2,"HOU,LAL",2,80,1195.3333333333333,2699.6666666666665,364,835,262,857,747,1988,732,2007,1199,1119,2735,2739,0.5172562553925798,0.499634636463281,1.762161892929881,0.29811629811629814,0.27124183006535946,2.6874468050938685,0.7611668185961714,0.7308823529411764,3.0284465654994985,71720,161980
1626246,Boban Marjanovic,2017-18,2022-23,3,4,"DET,HOU,LAC,PHI",6,245,1189.5833333333333,10615.416666666666,353,996,281,813,3066,7916,2765,7810,1349,1094,10982,10575,0.5521899304134261,0.5094400890661966,4.274984134722947,0.3027444253859348,0.2819051121735932,2.0839313212341617,0.7799530148786218,0.7411291077614456,3.8823907117176204,71375,636925
202337,Luke Babbitt,2013-14,2017-18,2,3,"ATL,MIA,NOP",3,117,1188.0666666666666,4487.933333333333,275,832,300,849,1157,3121,1218,3263,1107,1149,4278,4481,0.49069148936170215,0.4884119191688549,0.22795701928472467,0.24466192170818504,0.26176470588235295,-1.710278417416791,0.734982332155477,0.7192901590228163,1.5692173132660692,71284,269276
203524,Solomon Hill,2019-20,2021-22,2,3,"ATL,MEM,MIA",3,113,1186.9666666666667,4247.033333333334,281,896,327,883,1047,3305,1048,3258,1177,1210,4352,4306,0.4930875576036866,0.5026565026565026,-0.9568945052816025,0.24140893470790378,0.243205574912892,-0.1796640204988209,0.7326246933769419,0.7592464966689639,-2.6621803292022017,71218,254822
1628997,Caleb Martin,2024-25,2024-25,1,2,"DAL,PHI",2,79,1182.0333333333333,2634.9666666666667,289,790,328,902,607,1769,740,1952,1079,1230,2376,2692,0.46730186227804243,0.46882399368587213,-0.15221314078296966,0.24265323257766583,0.2372020320437671,0.545120053389872,0.7066189624329159,0.7050617776006377,0.155718483227818,70922,158098
203998,Bruno Caboclo,2017-18,2020-21,4,4,"HOU,MEM,SAC,TOR",6,199,1181.6166666666666,8430.383333333333,327,902,300,922,2030,6304,2254,6416,1229,1222,8334,8670,0.5014279885760914,0.4901199717713479,1.130801680474347,0.2618094475580464,0.24035046175704475,2.145898580100167,0.7504159733777038,0.7366207057723767,1.3795267605327122,70897,505823
201604,Chris Douglas-Roberts,2012-13,2014-15,3,3,"CHA,DAL,LAC",3,107,1181.05,4019.95,286,855,287,871,879,2943,989,2924,1141,1158,3822,3913,0.4963027403218791,0.49411764705882355,0.21850932630555486,0.24719101123595505,0.23113331580331317,1.6057695432641879,0.7486865148861647,0.7484740590030519,0.02124558831128054,70863,241197
1627780,Gary Payton II,2016-17,2022-23,6,5,"GSW,LAL,MIL,POR,WAS",10,218,1177.0166666666667,9326.983333333334,326,807,350,849,2273,6857,2389,6863,1133,1199,9130,9252,0.4858490566037736,0.49668153628549666,-1.0832479681723073,0.2774468085106383,0.24879597197898423,2.8650836531654065,0.6974935177182369,0.7416179969716634,-4.412447925342655,70621,559619
1627786,Troy Williams,2016-17,2018-19,3,4,"HOU,MEM,NYK,SAC",5,228,1175.6833333333334,9833.316666666668,306,854,319,910,2586,7389,2481,7550,1160,1229,9975,10031,0.48555881121808286,0.4986004198740378,-1.304160865595494,0.25164473684210525,0.255130228887135,-0.34854920450297366,0.7280477408354646,0.7486322188449848,-2.0584478009520124,70541,589999
201941,Jordan Hill,2009-10,2011-12,2,3,"HOU,LAL,NYK",4,149,1175.3666666666666,6056.633333333333,377,768,310,804,1619,4153,1649,4233,1145,1114,5772,5882,0.5068614431164232,0.49528059035524286,1.1580852761180371,0.31922099915325997,0.27665755297334244,4.256344617991753,0.712430426716141,0.7157876594277836,-0.3357232711642566,70522,363398
1000,Shandon Anderson,2004-05,2004-05,1,2,"MIA,NYK",2,79,1172.6833333333334,2679.3166666666666,279,840,341,769,705,1894,746,1743,1119,1110,2599,2489,0.5020188425302826,0.5108097484276729,-0.8790905897390289,0.26622137404580154,0.28799019607843135,-2.1768822032629807,0.7112616426756986,0.7174242424242424,-0.6162599748543829,70361,160759
1630678,Terry Taylor,2021-22,2024-25,4,3,"CHI,IND,SAC",5,213,1171.1333333333334,9157.866666666667,380,820,287,825,2454,6455,2467,6675,1200,1112,8909,9142,0.5190311418685121,0.4935460639299762,2.548507793853588,0.3153526970954357,0.26881367071968454,4.653902637575113,0.7407407407407407,0.7234924904729881,1.7248250267752563,70268,549472
201948,Austin Daye,2012-13,2014-15,3,5,"ATL,DET,MEM,SAS,TOR",6,223,1167.55,9636.45,320,832,294,819,2683,6723,2584,6604,1152,1113,9406,9188,0.5086092715231788,0.5058621060557169,0.27471654674618984,0.28094820017559263,0.28889846021320126,-0.7950260037608625,0.738898756660746,0.7223595143440421,1.6539242316703895,70053,578187
1642272,Jared McCain,2025-26,2025-26,1,2,"OKC,PHI",2,80,1159.6833333333334,2730.3166666666666,337,859,366,859,828,1947,855,1974,1196,1225,2775,2829,0.4940107393638992,0.49518201284796576,-0.11712734840665373,0.2817725752508361,0.2955032119914347,-1.37306367405986,0.7012244897959183,0.6948608137044968,0.6363676091421522,69581,163819
1630214,Xavier Tillman,2023-24,2025-26,2,3,"BOS,CHA,MEM",4,163,1158.3833333333334,6690.616666666667,335,789,308,887,2046,4929,1881,4739,1124,1195,6975,6620,0.4846916774471755,0.5130562706877528,-2.836459324057733,0.2741407528641571,0.30154753131908624,-2.7406778454929115,0.7192342752962625,0.7237885462555066,-0.45542709592441,69503,401437
202344,Trevor Booker,2017-18,2017-18,1,3,"BKN,IND,PHI",3,80,1158.1166666666666,2706.883333333333,320,861,275,860,688,2072,717,2011,1181,1135,2760,2728,0.5099309153713298,0.5029154518950437,0.7015463476286121,0.2711864406779661,0.2549092256391256,1.6277215038840498,0.7579225352112676,0.7429186088203658,1.5003926390901867,69487,162413
201944,Terrence Williams,2010-11,2012-13,3,4,"BOS,HOU,NJN,SAC",5,174,1157.85,7289.15,315,768,372,827,1969,4973,2042,5011,1083,1199,6942,7053,0.47458369851007887,0.4960342979635584,-2.1450599453479544,0.27583187390542907,0.28209169054441263,-0.6259816638983562,0.6736842105263158,0.7089094796863863,-3.5225269160070516,69471,437349
201162,Jared Dudley,2008-09,2008-09,1,2,"CHA,PHX",2,81,1155.6666666666667,2747.3333333333335,379,709,345,728,710,1881,780,1801,1088,1073,2591,2581,0.5034706154558075,0.5009667440061871,0.25038714496203873,0.34236675700090335,0.2827558741537236,5.961088284717975,0.6726755218216319,0.7068771138669673,-3.420159204533535,69340,164840
1594,Rick Brunson,2000-01,2005-06,4,7,"BOS,CHI,HOU,NYK,POR,SEA,TOR",7,282,1149.4666666666667,12526.533333333333,354,756,327,780,3564,8276,3380,8349,1110,1107,11840,11729,0.5006765899864682,0.5023547880690737,-0.16781980826054976,0.31216931216931215,0.29916897506925205,1.30003371000601,0.6980609418282548,0.7100205902539465,-1.1959648425691638,68968,751592
201563,Michael Beasley,2014-15,2018-19,3,3,"HOU,LAL,MIA",3,102,1144.8166666666666,3776.1833333333334,295,836,364,846,1040,2915,1099,2770,1131,1210,3955,3869,0.48312686885946177,0.5054959100204499,-2.2369041160988146,0.25854513584574934,0.27296587926509186,-1.4420743419342519,0.6966666666666667,0.7262082710513204,-2.9541604384653697,68689,226571
203156,Henry Sims,2012-13,2015-16,3,4,"BKN,CLE,NOH,PHI",4,102,1142.6166666666666,3798.383333333333,346,767,324,895,1190,2575,1003,2747,1113,1219,3765,3750,0.4772727272727273,0.500998003992016,-2.37252767192887,0.27880741337630943,0.30226060452120906,-2.345319114489963,0.7030247479376719,0.7196757965343767,-1.6651048596704854,68557,227903
202355,Hassan Whiteside,2014-15,2014-15,1,1,MIA,1,68,1142.3833333333334,2131.616666666667,322,818,312,745,477,1381,616,1463,1140,1057,1858,2079,0.5188893946290396,0.47193294386588774,4.695645076315186,0.30178069353327086,0.2458762886597938,5.590440487347706,0.7238938053097345,0.6915373059589384,3.2356499350796097,68543,127897
2557,Luke Ridnour,2013-14,2013-14,1,2,"CHA,MIL",2,81,1140.4833333333333,2807.516666666667,286,729,322,807,809,1977,763,2022,1015,1129,2786,2785,0.47341417910447764,0.5000897504936277,-2.6675571389150052,0.2616651418115279,0.2857647474390675,-2.4099605627539598,0.6936251189343482,0.7215328467153285,-2.7907727780980274,68429,168451
101107,Marvin Williams,2019-20,2019-20,1,2,"CHA,MIL",2,73,1128.8833333333334,2405.116666666667,288,827,291,856,633,1850,603,1907,1115,1147,2483,2510,0.49292661361626877,0.49729621470058083,-0.4369601084312058,0.2517482517482518,0.24921259842519686,0.2535653323054915,0.7397137745974955,0.7541785568691398,-1.4464782271644272,67733,144307
1626159,Justise Winslow,2019-20,2021-22,2,3,"LAC,MIA,POR",3,133,1126.8833333333334,5312.116666666667,305,890,312,869,1236,3997,1457,4001,1195,1181,5233,5458,0.5029461279461279,0.4894771302965111,1.3468997649616843,0.25979557069846676,0.23601298453312966,2.37825861653371,0.740432612312812,0.7328566189952329,0.7575993317579077,67613,318727
2572,Josh Howard,2009-10,2012-13,2,3,"DAL,MIN,WAS",3,100,1125.0166666666667,3719.983333333333,273,771,306,745,1079,2503,1007,2503,1044,1051,3582,3510,0.4983293556085919,0.5050761421319797,-0.6746786523387838,0.2681728880157171,0.3012283640424344,-3.3055476026717323,0.7158774373259053,0.7131054131054131,0.2772024220492164,67501,223199
204060,Joe Ingles,2021-22,2021-22,1,1,UTA,1,55,1122.1,1517.9,310,902,263,809,388,1198,425,1071,1212,1072,1586,1496,0.5306479859894921,0.5146009085009734,1.6047077488518746,0.2770330652368186,0.26593557230980125,1.1097492927017338,0.7742489270386266,0.738139248305607,3.6109678733019623,67326,91074
2679,Matt Carroll,2003-04,2012-13,4,4,"CHA,DAL,POR,SAS",6,166,1120.3666666666666,6902.633333333333,309,766,291,814,1937,4529,1866,4487,1075,1105,6466,6353,0.49311926605504586,0.5044075200873703,-1.1288254032324474,0.27515583259127335,0.3015255292652553,-2.6369696673981924,0.7246925260170294,0.708209538702111,1.6482987314918374,67222,414158
1630215,Jared Butler,2022-23,2024-25,2,3,"OKC,PHI,WAS",3,102,1120.2166666666667,3785.7833333333333,319,817,368,870,1077,2656,1115,2952,1136,1238,3733,4067,0.4785172704296546,0.4785897435897436,-0.007247316008901494,0.2682926829268293,0.2673119880863738,0.09806948404554872,0.6894514767932489,0.7043224608857067,-1.4870984092457795,67213,227147
1627732,Ben Simmons,2024-25,2024-25,1,2,"BKN,LAC",2,82,1119.6166666666666,2846.383333333333,248,763,266,814,773,1976,724,2017,1011,1080,2749,2741,0.4835007173601148,0.5007285974499089,-1.7227880089794145,0.2335216572504708,0.2770609318996416,-4.353927464917079,0.7414965986394558,0.7318518518518519,0.9644746787603964,67177,170783
202407,Elijah Millsap,2014-15,2016-17,3,2,"PHX,UTA",3,83,1119.45,2884.55,352,843,318,739,863,2000,702,1959,1195,1057,2863,2661,0.5306394316163411,0.5182838522809559,1.2355579335385225,0.3226397800183318,0.3058114812189936,1.6828298799338226,0.7260981912144703,0.7401924500370096,-1.409425882253934,67167,173073
1641707,Taylor Hendricks,2025-26,2025-26,1,2,"MEM,UTA",2,85,1118.4666666666667,2991.5333333333333,323,727,357,858,842,2043,953,2259,1050,1215,2885,3212,0.46357615894039733,0.4731835328850254,-0.9607373944628073,0.2734970364098222,0.27152531441470495,0.19717219951172482,0.6706642066420664,0.681909212283044,-1.1245005640977634,67108,179492
2567,Brian Cook,2007-08,2011-12,4,5,"HOU,LAC,LAL,ORL,WAS",7,280,1115.65,12414.35,263,776,314,825,3325,8786,3385,8365,1039,1139,12111,11750,0.4770431588613407,0.5075646452369976,-3.0521486375656934,0.2417279411764706,0.2844311377245509,-4.270319654808033,0.7119266055045872,0.7218798783994742,-0.9953272894887011,66939,744861
1629723,John Konchar,2025-26,2025-26,1,2,"MEM,UTA",2,79,1114.6833333333334,2687.3166666666666,367,836,331,868,842,1940,827,1989,1203,1199,2782,2816,0.5008326394671108,0.4969632011432655,0.3869438323845287,0.297165991902834,0.2974214058636524,-0.025541396081840695,0.7163667523564696,0.7011203469461511,1.524640541031852,66881,161239
685,Cherokee Parks,2000-01,2003-04,2,3,"GSW,LAC,WAS",3,102,1112.1166666666666,3853.883333333333,281,727,307,774,1069,2660,1166,2581,1008,1081,3729,3747,0.48252752513164193,0.49879614767255215,-1.6268622540910216,0.2663507109004739,0.2928767123287671,-2.65260014282932,0.7030947775628626,0.6952430737062206,0.7851703856642023,66727,231233
2403,Nene,2011-12,2011-12,1,2,"DEN,WAS",2,67,1109.8333333333333,2146.1666666666665,250,793,255,761,651,1479,617,1444,1043,1016,2130,2061,0.5065565808644973,0.5082319255547602,-0.167534469026287,0.24727992087042533,0.3107398568019093,-6.345993593148397,0.7566793893129771,0.7056297709923665,5.104961832061061,66590,128770
1630625,Dalano Banton,2023-24,2025-26,2,3,"BOS,LAC,POR",5,91,1108.5166666666667,3294.483333333333,377,790,309,798,918,2565,892,2382,1167,1107,3483,3274,0.5131926121372031,0.5154654432440432,-0.22728311068400675,0.32085106382978723,0.2781818181818182,4.266924564796904,0.718835304822566,0.7419728087937518,-2.3137503971185858,66511,197669
2761,Jackson Vroman,2004-05,2005-06,2,3,"NOH,NOK,PHX",3,155,1105.6833333333334,6364.316666666667,337,694,287,725,1793,4215,1862,4362,1031,1012,6008,6224,0.504650024473813,0.49117069980379335,1.3479324670019666,0.3173258003766478,0.29130787977254263,2.601792060410518,0.7074413863404689,0.6935988152048709,1.3842571135598059,66341,381859
2693,Keith McLeod,2003-04,2006-07,2,3,"GSW,IND,MIN",3,116,1103.0833333333333,4494.916666666667,275,738,329,748,1249,3052,1343,3100,1013,1077,4301,4443,0.484688995215311,0.49188014638609334,-0.719115117078234,0.26881720430107525,0.2871924580363302,-1.8375253735254948,0.6916588566073102,0.6944254835039818,-0.276662689667162,66185,269695
1631172,Ousmane Dieng,2025-26,2025-26,1,2,"MIL,OKC",2,85,1099.4833333333333,3005.516666666667,272,792,295,832,718,2244,937,2198,1064,1127,2962,3135,0.48562300319488816,0.48581269476791866,-0.018969157303050377,0.2463768115942029,0.24622770919067216,0.014910240353074866,0.7286108555657773,0.7054385413392015,2.317231422657584,65969,180331
201627,Anthony Morrow,2012-13,2016-17,2,4,"ATL,CHI,DAL,OKC",4,162,1097.05,6748.95,347,751,285,792,1733,4953,1791,4837,1098,1077,6686,6628,0.5048275862068966,0.5021781583295779,0.26494278773186997,0.30465320456540823,0.26377473363774734,4.087847092766089,0.724903474903475,0.7344306049822064,-0.9527130078731405,65823,404937
1642358,AJ Johnson,2024-25,2025-26,2,3,"DAL,MIL,WAS",4,162,1091.8333333333333,6714.166666666667,340,795,336,843,1722,4988,2073,5169,1135,1179,6710,7242,0.4904926534140017,0.48093463302752293,0.9558020386478794,0.2874049027895182,0.2498911623857205,3.751374040379768,0.7029177718832891,0.7064155218807534,-0.3497749997464328,65510,402850
201601,Luc Mbah a Moute,2013-14,2019-20,3,4,"HOU,LAC,MIN,SAC",4,168,1088.5333333333333,7035.466666666666,364,764,286,780,1845,5271,1907,5291,1128,1066,7116,7198,0.5141294439380127,0.49713567137068604,1.6993772567326704,0.3181818181818182,0.2585482062780269,5.963361190379129,0.7276190476190476,0.7343271106157704,-0.6708062996722775,65312,422128
1627820,Tyrone Wallace,2017-18,2021-22,3,3,"ATL,LAC,NOP",3,81,1086.4666666666667,2816.5333333333333,304,804,299,806,785,2079,761,2042,1108,1105,2864,2803,0.5006778129236331,0.5053820363508029,-0.4704223427169807,0.27387387387387385,0.2776795189246551,-0.38056450507812367,0.728921124206709,0.7320422535211267,-0.312112931441777,65188,168992
101189,James Singleton,2009-10,2011-12,2,2,"DAL,WAS",3,89,1085.8,3226.2,354,680,295,732,783,2198,890,2159,1034,1027,2981,3049,0.5016982047549733,0.4943615257048093,0.7336679050163997,0.3259668508287293,0.26614547926580556,5.982137156292372,0.6974358974358974,0.7117875647668394,-1.4351667330941953,65148,193572
101129,Luther Head,2008-09,2010-11,2,3,"HOU,MIA,SAC",3,148,1082.8333333333333,6101.166666666667,306,694,286,721,1784,4187,1620,4114,1000,1007,5971,5734,0.4982561036372696,0.510123878684323,-1.1867775047053386,0.29795520934761444,0.3024754153950492,-0.45202060474347494,0.7081632653061225,0.7210263475116239,-1.2863082205501364,64970,366070
1629056,Terence Davis,2020-21,2024-25,2,2,"SAC,TOR",3,74,1081.9,2470.1,248,762,280,854,555,1754,678,1901,1010,1134,2309,2579,0.4710820895522388,0.4723813420621931,-0.12992525099543295,0.2250453720508167,0.2259771986970684,-0.09318266462516878,0.7312859884836852,0.7212171052631579,1.0068883220527347,64914,148206
203506,Victor Oladipo,2020-21,2020-21,1,3,"HOU,IND,MIA",3,71,1080.1,2332.9,215,782,277,914,548,1668,527,1796,997,1191,2216,2323,0.4556672760511883,0.4882132628332232,-3.254598678203491,0.1904340124003543,0.23378839590443687,-4.335438350408258,0.7384324834749764,0.7599088838268793,-2.1476400351902902,64806,139974
1630557,Corey Kispert,2025-26,2025-26,1,2,"ATL,WAS",2,79,1079.5666666666666,2727.4333333333334,313,799,342,873,841,1988,844,1995,1112,1215,2829,2839,0.47786850021486893,0.4991178546224418,-2.1249354407572865,0.2639123102866779,0.2965444287729196,-3.26321184862417,0.7002629272567923,0.7019774011299436,-0.17144738731512676,64774,163646
203914,Gary Harris,2020-21,2020-21,1,2,"DEN,ORL",2,72,1075.2166666666667,2415.7833333333333,293,796,276,800,630,1785,608,1827,1089,1076,2415,2435,0.5030023094688222,0.4979381443298969,0.506416513892527,0.26806953339432754,0.2564102564102564,1.1659276984071154,0.7425373134328358,0.7459256163811115,-0.33883029482757454,64513,144947
101119,Rashad McCants,2008-09,2008-09,1,2,"MIN,SAC",2,79,1073.7666666666667,2753.233333333333,308,682,299,808,836,1846,710,1841,990,1107,2682,2551,0.4721030042918455,0.5125167208102427,-4.04137165183972,0.27598566308243727,0.3122898767276802,-3.6304213645242944,0.6952089704383282,0.7222222222222222,-2.701325178389402,64426,165194
1641712,Rayan Rupert,2025-26,2025-26,1,2,"MEM,POR",2,84,1072.5833333333333,2969.4166666666665,350,692,366,839,1022,2048,955,2136,1042,1205,3070,3091,0.46372941700044507,0.4982957312124655,-3.4566314212020446,0.2943650126156434,0.3236225459151362,-2.9257533299492766,0.6540642722117203,0.681984681984682,-2.792040977296173,64355,178165
202730,Lavoy Allen,2013-14,2013-14,1,2,"IND,PHI",2,83,1071.3833333333334,2952.616666666667,371,763,269,820,792,2120,901,2189,1134,1089,2912,3090,0.5101214574898786,0.4851716094635122,2.4949848026366404,0.31150293870696893,0.2656826568265683,4.582028188040066,0.7393410852713178,0.7017543859649122,3.758669930640557,64283,177157
201970,Sam Young,2011-12,2012-13,2,3,"IND,MEM,PHI",4,135,1067.35,5457.65,314,789,306,761,1643,3823,1495,3657,1103,1067,5466,5152,0.5082949308755761,0.5147862120926728,-0.6491281217096745,0.29209302325581393,0.31,-1.7906976744186065,0.7205479452054795,0.7188792779240316,0.16686672814478776,64041,327459
203613,Jonathon Simmons,2018-19,2018-19,1,2,"ORL,PHI",2,83,1064.1666666666667,2934.8333333333335,260,809,259,829,758,2311,712,2280,1069,1088,3069,2992,0.4955957348168753,0.5063520871143375,-1.0756352297462246,0.23875114784205692,0.24950625411454905,-1.0755106272492125,0.7574906367041199,0.7644723784320212,-0.6981741727901336,63850,176090
203463,Ben McLemore,2018-19,2020-21,2,3,"HOU,LAL,SAC",3,124,1062.3166666666666,4909.683333333333,281,786,280,890,1251,3618,1335,3905,1067,1170,4869,5240,0.4769780956638355,0.4816500148382629,-0.46719191744274413,0.23996584116140052,0.24262994569433669,-0.2664104532936168,0.7373358348968105,0.7304663840096911,0.6869450887119433,63739,294581
2454,Junior Harrington,2004-05,2006-07,2,2,"MEM,NOH",3,75,1060.5333333333333,2594.4666666666667,282,684,292,693,803,1628,743,1757,966,985,2431,2500,0.49513070220399796,0.49300344757655645,0.21272546274415105,0.28923076923076924,0.313671875,-2.4441105769230753,0.7008196721311475,0.6866301138760017,1.4189558255145784,63632,155668
2457,Jannero Pargo,2003-04,2014-15,3,6,"ATL,CHA,CHI,LAL,TOR,WAS",8,138,1057.8,5636.2,264,677,279,767,1533,4038,1483,4131,941,1046,5571,5614,0.4735782586814293,0.49807778274474745,-2.4499524063318177,0.2560620756547042,0.2706567796610169,-1.4594704006312742,0.7081589958158996,0.7313892410795145,-2.3230245263614946,63468,338172
200769,Shannon Brown,2007-08,2014-15,4,7,"CHA,CHI,CLE,LAL,MIA,NYK,SAS",7,214,1057.1333333333334,9299.866666666667,276,658,309,699,2603,6269,2495,6295,934,1008,8872,8790,0.48094747682801237,0.5023213679085041,-2.1373891080491756,0.28307692307692306,0.2925376489098674,-0.9460725832944328,0.6804550155118925,0.7153126426289366,-3.48576271170441,63428,557992
1628432,Davon Reed,2018-19,2022-23,3,3,"DEN,IND,LAL",6,222,1057.1166666666666,9643.883333333333,253,805,231,769,2403,7263,2477,6790,1058,1000,9666,9267,0.5140913508260447,0.5105371573443195,0.3554193481725254,0.24755381604696672,0.26139453932339823,-1.3840723276431515,0.777027027027027,0.745687885010267,3.1339142016760024,63427,578633
1498,Antonio Daniels,2008-09,2010-11,2,3,"NOH,PHI,WAS",3,88,1056.1,3187.9,250,636,254,727,804,2154,851,2156,886,981,2958,3007,0.47455811462238884,0.49589270746018443,-2.1334592837795596,0.25588536335721596,0.2716216216216216,-1.5736258264405667,0.7146067415730337,0.7168053244592346,-0.2198582886200895,63366,191274
2417,Qyntel Woods,2004-05,2005-06,2,2,"MIA,NYK",2,105,1051.75,4053.25,295,670,256,654,1136,2756,1066,2514,965,910,3892,3580,0.5146666666666667,0.5208779443254818,-0.6211277658815129,0.3108535300316122,0.31123287671232874,-0.03793466807165413,0.7235421166306696,0.7210884353741497,0.24536812565199018,63105,243195
43,Chris Whitney,2002-03,2002-03,1,2,"DEN,ORL",2,82,1050.1166666666666,2905.883333333333,312,660,288,760,952,1889,757,1954,972,1048,2841,2711,0.48118811881188117,0.5117074927953891,-3.0519373983507903,0.291044776119403,0.32759807295251203,-3.655329683310904,0.6962025316455697,0.7139077853363568,-1.7705253690787126,63007,174353
1627748,Thon Maker,2018-19,2020-21,2,3,"CLE,DET,MIL",3,94,1048.6833333333334,3488.3166666666666,270,828,297,835,882,2789,856,2629,1098,1132,3671,3485,0.4923766816143498,0.5129960871995528,-2.0619405585203032,0.24434389140271492,0.2512104813443463,-0.686658994163139,0.736,0.7651577503429355,-2.915775034293555,62921,209299
200771,Sergio Rodriguez,2009-10,2009-10,1,2,"NYK,SAC",2,83,1047.65,2976.35,265,708,298,709,868,1998,817,2096,973,1007,2866,2913,0.4914141414141414,0.49593355251773663,-0.45194111035952167,0.2720739219712526,0.29284750337381915,-2.0773581402566577,0.7037773359840954,0.7097690941385435,-0.5991758154448079,62859,178581
203485,Lorenzo Brown,2013-14,2018-19,4,4,"MIN,PHI,PHX,TOR",5,159,1045.1333333333334,6636.866666666667,280,706,284,754,1875,4670,1936,4970,986,1038,6545,6906,0.4871541501976285,0.48658092335142367,0.05732268462048107,0.27079303675048355,0.2739225712198685,-0.31295344693849647,0.7131313131313132,0.7069330911292764,0.6198222002036791,62708,398212
283,Lindsey Hunter,2003-04,2009-10,3,2,"CHI,DET",4,212,1040.3333333333333,9240.666666666666,299,680,312,696,2738,6416,2680,6168,979,1008,9154,8848,0.49270256668344237,0.5084990556604821,-1.579648897703978,0.3005025125628141,0.3074331911071188,-0.6930678544304736,0.6854838709677419,0.7053649956024626,-1.9881124634720693,62420,554440
1641787,Tosan Evbuomwan,2023-24,2025-26,3,4,"BKN,DET,MEM,NYK",4,122,1039.2333333333333,4826.766666666666,322,728,256,775,1407,3429,1315,3620,1050,1031,4836,4935,0.5045651129264777,0.4949339883328216,0.963112459365606,0.2935278030993619,0.27988860155162126,1.363920154774062,0.7398373983739838,0.7228077571669477,1.7029641207036095,62354,289606
757,Damon Stoudamire,2007-08,2007-08,1,2,"MEM,SAS",2,82,1037.2666666666667,2923.733333333333,224,728,267,750,681,2087,752,1995,952,1017,2768,2747,0.4834941594718131,0.5019038984587488,-1.8409738986935709,0.2299794661190965,0.25448430493273544,-2.4504838813638936,0.7316582914572864,0.7351179992955266,-0.34597078382401225,62236,175424
2031,Stromile Swift,2007-08,2008-09,2,3,"MEM,NJN,PHX",4,163,1029.1,6859.9,265,722,304,722,1808,4660,1836,4718,987,1026,6468,6554,0.4903129657228018,0.4966978958685302,-0.6384930145728385,0.2684903748733536,0.2770456634998468,-0.8555288626493185,0.7037037037037037,0.7173645320197044,-1.3660828316000684,61746,411594
1627761,DeAndre' Bembry,2021-22,2021-22,1,2,"BKN,MIL",2,76,1025.9666666666667,2637.0333333333333,248,782,330,742,707,2056,668,1958,1030,1072,2763,2626,0.4900095147478592,0.5127110781221006,-2.2701563374241394,0.2505050505050505,0.2652908067542214,-1.478575624917089,0.7032374100719424,0.7547723935389133,-5.153498346697094,61558,158222
1720,Michael Doleac,2003-04,2003-04,1,2,"DEN,NYK",2,81,1024.6666666666667,2888.3333333333335,290,704,291,733,791,2016,822,1897,994,1024,2807,2719,0.49256689791873143,0.5079623597538907,-1.5395461835159274,0.28347996089931576,0.2942708333333333,-1.079087243401755,0.7075376884422111,0.7103594080338267,-0.282171959161559,61480,173300
2208,Kedrick Brown,2003-04,2004-05,2,3,"BOS,CLE,PHI",3,137,1023.2333333333333,5602.766666666666,305,710,300,682,1684,3853,1630,3929,1015,982,5537,5559,0.5082623935903856,0.4990086517664023,0.9253741823983308,0.3090172239108409,0.3000178157847853,0.8999408126055597,0.7029702970297029,0.7027174904249498,0.025280660475313077,61394,336166
1627745,Damian Jones,2020-21,2022-23,2,4,"LAL,PHX,SAC,UTA",6,139,1023.0166666666667,5713.983333333334,259,765,289,808,1371,4390,1497,4173,1024,1097,5761,5670,0.4827911362564828,0.5039804041641152,-2.118926790763237,0.24273664479850046,0.2472943722943723,-0.4557727495871827,0.7258064516129032,0.7457108883981655,-1.9904436785262214,61381,342839
1628988,Aaron Holiday,2021-22,2021-22,1,2,"PHX,WAS",2,81,1020.6666666666666,2892.3333333333335,265,782,257,765,647,2207,778,2170,1047,1022,2854,2948,0.5060415659739005,0.49189934505342986,1.4142220920470627,0.25728155339805825,0.2296769613063543,2.760459209170396,0.7526467757459095,0.7393634840871022,1.3283291658807372,61240,173540
101139,CJ Miles,2018-19,2021-22,3,4,"BOS,MEM,TOR,WAS",4,126,1019.4666666666667,5073.533333333334,264,767,278,840,1376,3757,1398,3811,1031,1118,5133,5209,0.47975802698929737,0.49632566234770836,-1.6567635358410993,0.2391304347826087,0.26527858106805474,-2.614814628544604,0.7339712918660287,0.7288069835111542,0.516430835487447,61168,304412
1924,Lee Nailon,2003-04,2005-06,2,4,"ATL,CLE,ORL,PHI",4,118,1015.9833333333333,4713.016666666666,333,632,292,672,1315,3215,1412,3197,965,964,4530,4609,0.5002592016588906,0.49567786409891673,0.45813375599738637,0.33134328358208953,0.29144503546099293,3.98982481210966,0.683982683982684,0.6948346660903393,-1.0851982107655256,60959,282781
1629308,Juan Toscano-Anderson,2019-20,2023-24,3,4,"GSW,LAL,SAC,UTA",5,110,1013.0,4327.0,287,764,265,772,1093,3311,1149,3179,1051,1037,4404,4328,0.5033524904214559,0.5043518094365552,-0.09993190150993092,0.27101038715769593,0.25585205992509363,1.5158327232602298,0.7424684159378037,0.7423766816143498,0.009173432345388477,60780,259620
1918,Obinna Ekezie,2000-01,2004-05,2,3,"ATL,DAL,WAS",4,132,1011.3166666666667,5354.683333333333,320,670,266,624,1565,3536,1523,3708,990,890,5101,5231,0.526595744680851,0.49370886566008515,3.288687902076587,0.3389830508474576,0.2967949933624123,4.218805748504534,0.7158119658119658,0.6989523621269026,1.685960368506323,60679,321281
201880,Greg Stiemsma,2013-14,2013-14,1,1,NOP,1,81,1006.5,2916.5,260,647,271,709,817,1955,784,1963,907,980,2772,2747,0.48065712771595126,0.502264903062149,-2.1607775346197733,0.26831785345717235,0.29388489208633095,-2.5567038629158603,0.7047930283224401,0.7137641474990872,-0.8971119176647169,60390,174990
1628978,Donte DiVincenzo,2021-22,2021-22,1,2,"MIL,SAC",2,82,1005.4,2950.6,222,741,268,780,740,2323,745,2262,963,1048,3063,3007,0.47886623570363,0.5046128500823723,-2.574661437874232,0.2215568862275449,0.24650233177881412,-2.4945445551269207,0.734390485629336,0.7571707953063885,-2.278030967705258,60324,177036
1751,Jahidi White,2003-04,2004-05,2,3,"CHA,PHX,WAS",3,135,1000.8666666666667,5524.133333333333,307,673,332,682,1675,3546,1642,3891,980,1014,5221,5533,0.49147442326980945,0.4854937697600893,0.5980653509720157,0.3104145601617796,0.30093424362199067,0.9480316539788924,0.6696517412935323,0.6835003855050116,-1.3848644211479244,60052,331448
203898,Tyler Ennis,2014-15,2016-17,2,4,"HOU,LAL,MIL,PHX",4,166,999.4833333333333,7043.516666666666,275,695,230,730,1876,5024,1967,5129,970,960,6900,7096,0.5025906735751295,0.4929979994284081,0.9592674146721436,0.2736318407960199,0.26780870806566737,0.5823132730352509,0.7513513513513513,0.718638249177514,3.2713102173837383,59969,422611
201988,Patty Mills,2011-12,2024-25,3,5,"ATL,LAC,MIA,SAS,UTA",5,183,996.5833333333334,7842.416666666667,276,717,261,751,2215,5701,2043,5535,993,1012,7916,7578,0.4952618453865337,0.5109074480444042,-1.5645602657870572,0.26874391431353456,0.28580645161290325,-1.7062537299368685,0.7331288343558282,0.7361828512396694,-0.3054016883841215,59795,470545
1642261,Dalton Knecht,2024-25,2024-25,1,1,LAL,1,49,994.0,1363.0,226,692,297,675,312,1019,374,1003,918,972,1331,1377,0.4857142857142857,0.491506646971935,-0.5792361257649314,0.25083240843507215,0.23726235741444868,1.3570051020623475,0.6996966632962589,0.7315147164393395,-3.1818053143080616,59640,81780
2770,Justin Reed,2005-06,2005-06,1,2,"BOS,MIN",2,83,990.9,3038.1,245,636,302,675,783,2021,908,1926,881,977,2804,2834,0.47416576964477936,0.49733948208584605,-2.3173712441066696,0.266304347826087,0.28903654485049834,-2.2732197024411374,0.6780383795309168,0.6899965858654831,-1.1958206334566235,59454,182286
1630544,Tre Mann,2023-24,2023-24,1,2,"CHA,OKC",2,82,987.1333333333333,2968.866666666667,170,671,284,722,669,2164,914,2157,841,1006,2833,3071,0.45533297238765563,0.4798441734417344,-2.451120105407878,0.1905829596412556,0.2367303609341826,-4.6147401292926995,0.7026178010471205,0.7030539311241065,-0.04361300769860632,59228,178132
353,Darrell Armstrong,2004-05,2004-05,1,2,"DAL,NOH",2,79,986.7666666666667,2820.233333333333,318,656,286,667,791,1904,831,1845,974,953,2695,2676,0.5054488842760768,0.5017687581455967,0.3680126130480077,0.32284263959390863,0.30007587253414264,2.276676705976599,0.6963906581740976,0.6961608775137111,0.02297806603864805,59206,169214
202130,Reggie Williams,2009-10,2016-17,4,4,"GSW,NOP,OKC,SAS",6,87,982.6,3213.4,221,656,304,776,748,2390,864,2315,877,1080,3138,3179,0.4481349003576903,0.49675478866550576,-4.861988830781544,0.22166499498495487,0.24420502775057135,-2.2540032765616473,0.6833333333333333,0.734480639213276,-5.114730587994265,58956,192804
203530,Joffrey Lauvergne,2016-17,2016-17,1,2,"CHI,OKC",2,82,980.1,2985.9,290,717,247,716,901,2285,769,2183,1007,963,3186,2952,0.5111675126903553,0.5190615835777126,-0.7894070887357274,0.2882703777335984,0.2921530479896239,-0.38826702560254556,0.7437759336099585,0.7481990831696136,-0.44231495596550596,58806,179154
1626145,Tyus Jones,2025-26,2025-26,1,3,"DAL,DEN,ORL",3,77,978.5833333333334,2747.4166666666665,305,703,274,790,783,2046,737,1905,1008,1064,2829,2642,0.4864864864864865,0.5170901114969841,-3.0603625010497626,0.2785388127853881,0.29129464285714285,-1.2755830071754737,0.7195496417604913,0.7351778656126482,-1.5628223852156897,58715,164845
1628380,Zach Collins,2024-25,2024-25,1,2,"CHI,SAS",2,79,977.1166666666667,2834.883333333333,295,742,282,755,722,2202,848,2102,1037,1037,2924,2950,0.5,0.4977868573374191,0.22131426625808803,0.28095238095238095,0.2556657223796034,2.5286658572777565,0.724609375,0.7219672131147541,0.26421618852459083,58627,170093
1627824,Guerschon Yabusele,2025-26,2025-26,1,2,"CHI,NYK",2,81,973.8333333333334,2929.1666666666665,270,714,295,745,948,2189,844,2108,984,1040,3137,2952,0.48616600790513836,0.5151913286253901,-2.9025320720251715,0.2660098522167488,0.3102094240837696,-4.419957186702083,0.707631318136769,0.7217276623804814,-1.409634424371231,58430,175750
101180,Sarunas Jasikevicius,2006-07,2006-07,1,2,"GSW,IND",2,81,972.4666666666667,2935.5333333333333,296,640,289,682,833,1965,872,2087,936,971,2798,2959,0.4908232826428946,0.48601702275490705,0.4806259887987552,0.30265848670756645,0.28527397260273973,1.738451410482672,0.6889128094725512,0.6926330630948184,-0.37202536222672444,58348,176132
201937,Ricky Rubio,2021-22,2021-22,1,1,CLE,1,54,970.25,1621.75,273,765,244,723,400,1235,463,1156,1038,967,1635,1619,0.5177057356608479,0.5024585125998771,1.5247223060970816,0.2740963855421687,0.2570694087403599,1.7026976801808813,0.7581764122893955,0.7273262661955241,3.085014609387138,58215,97305
1642265,Rob Dillingham,2025-26,2025-26,1,2,"CHI,MIN",2,82,969.95,2986.05,301,714,336,738,853,2247,872,2180,1015,1074,3100,3052,0.4858784107228339,0.5039011703511054,-1.802275962827149,0.2897016361886429,0.28123969666996373,0.8461939518679185,0.68,0.7204232125681308,-4.042321256813075,58197,179163
1641998,Trey Jemison,2023-24,2024-25,2,4,"LAL,MEM,NOP,WAS",4,124,966.0666666666667,5005.933333333333,321,676,267,654,1372,3551,1456,3742,997,921,4923,5198,0.5198123044838373,0.48641438593024405,3.3397918553593255,0.3292307692307692,0.268283144309738,6.094762492103123,0.7168610816542949,0.7092071100459357,0.7653971608359122,57964,300356
1641738,Kobe Brown,2025-26,2025-26,1,2,"IND,LAC",2,81,962.3833333333333,2945.616666666667,250,655,305,675,703,2105,883,2090,905,980,2808,2973,0.48010610079575594,0.485729112610275,-0.5623011814519074,0.2702702702702703,0.25170068027210885,1.856958999816144,0.6822916666666666,0.7044846050870147,-2.2192938420348085,57743,176737
1629216,Gabe Vincent,2019-20,2025-26,2,3,"ATL,LAL,MIA",3,115,961.85,4578.15,258,699,287,687,1177,3378,1167,3238,957,974,4555,4405,0.4955981356809943,0.5083705357142857,-1.2772400033291387,0.273015873015873,0.2665911664779162,0.6424706537956792,0.7089249492900609,0.7432343234323432,-3.43093741422823,57711,274689
201151,Acie Law,2009-10,2010-11,2,4,"CHA,CHI,GSW,MEM",5,160,959.45,6795.55,242,596,318,674,1804,4554,1900,4621,838,992,6358,6521,0.45792349726775955,0.49367186893392345,-3.5748371666163905,0.26419213973799127,0.28077821011673154,-1.658607037874027,0.6520787746170679,0.7056089246978617,-5.353015008079387,57567,407733
708,Kevin Garnett,2014-15,2014-15,1,2,"BKN,MIN",2,81,952.4833333333333,2980.516666666667,213,671,234,670,796,2034,908,2118,884,904,2830,3026,0.49440715883668906,0.4832650273224044,1.114213151428467,0.24122310305775765,0.2731640356897735,-3.1940932632015833,0.7414364640883978,0.6913664174031271,5.00700466852707,57149,178831
2033,Marcus Fizer,2004-05,2005-06,2,2,"MIL,NOK",2,93,942.8333333333334,3556.1666666666665,215,577,244,633,1110,2359,996,2320,792,877,3469,3316,0.4745356500898742,0.5112748710390568,-3.6739220949182583,0.2535377358490566,0.3236151603498542,-7.007742450079762,0.702801461632156,0.7031296572280179,-0.032819559586194647,56570,213370
1630695,Micah Potter,2021-22,2025-26,2,2,"DET,IND",2,57,939.2166666666667,1806.7833333333333,215,667,256,750,422,1309,533,1392,882,1006,1731,1925,0.4671610169491525,0.47346827133479213,-0.6307254385639616,0.22279792746113988,0.2326350606394708,-0.9837133178330904,0.7226435536294691,0.7106406080347448,1.2002945594724257,56353,108407
2605,Marquis Daniels,2010-11,2010-11,1,1,BOS,1,56,938.2166666666667,1764.7833333333333,190,602,248,611,354,1249,452,1117,792,859,1603,1569,0.47970926711084194,0.505359394703657,-2.565012759281504,0.23720349563046192,0.2406526172671652,-0.3449121636703273,0.7082352941176471,0.7342739564961788,-2.6038662378531696,56293,105887
203087,Jeremy Lamb,2021-22,2021-22,1,2,"IND,SAC",2,82,935.4333333333333,3040.5666666666666,271,693,233,678,765,2210,748,2277,964,911,2975,3025,0.5141333333333333,0.49583333333333335,1.8299999999999983,0.285563751317176,0.2514792899408284,3.4084461376347575,0.7483801295896328,0.7471264367816092,0.12536928080236764,56126,182434
2064,Khalid El-Amin,2000-01,2000-01,1,1,CHI,1,66,935.3166666666667,2257.6833333333334,291,583,263,691,620,1423,653,1552,874,954,2043,2205,0.47811816192560175,0.4809322033898305,-0.2814041464228756,0.29633401221995925,0.285451197053407,1.0882815166552262,0.6891252955082743,0.6854527938342967,0.36725016739775906,56119,135461
2648,Ronald Dupree,2003-04,2010-11,3,4,"CHI,DET,SEA,TOR",4,84,935.3166666666667,3131.6833333333334,301,625,294,686,891,2155,883,2219,926,980,3046,3102,0.4858342077649528,0.49544567338972023,-0.9611465624767446,0.3049645390070922,0.2864951768488746,1.8469362158217595,0.6800870511425462,0.7093482554312047,-2.9261204288658527,56119,187901
202388,Donald Sloan,2011-12,2012-13,2,3,"ATL,CLE,NOH",6,89,932.6333333333333,3389.366666666667,298,606,271,693,1062,2261,888,2306,904,964,3323,3194,0.48394004282655245,0.5098971919594906,-2.5957149132938118,0.3007063572149344,0.3153206650831354,-1.4614307868201004,0.6909920182440137,0.7180057161003494,-2.7013697856335672,55958,203362
1630164,James Wiseman,2022-23,2025-26,3,3,"DET,GSW,IND",5,139,930.35,5796.65,233,630,256,703,1447,4266,1597,4314,863,959,5713,5911,0.47365532381997805,0.4914831383344804,-1.7827814514502327,0.24893162393162394,0.2511716715847943,-0.2240047653170374,0.7110609480812641,0.727613849565069,-1.655290148380495,55821,347799
1626203,Treveon Graham,2019-20,2019-20,1,2,"ATL,MIN",2,66,929.45,2298.55,262,713,275,743,634,1744,594,1841,975,1018,2378,2435,0.4892122428499749,0.49407853729482654,-0.4866294444851649,0.2606965174129353,0.25616161616161615,0.4534901251319168,0.72165991902834,0.7459366980325064,-2.427677900416636,55767,137913
1629134,Kendrick Nunn,2022-23,2022-23,1,2,"LAL,WAS",2,81,928.3666666666667,2989.633333333333,229,689,298,679,719,2265,783,2167,918,977,2984,2950,0.48443271767810026,0.5028648466464443,-1.8432128968344008,0.2522026431718062,0.24913374913374914,0.3068894038057046,0.6980749746707193,0.7431102362204725,-4.5035261549753125,55702,179378
219,Vinny Del Negro,2000-01,2001-02,2,2,"GSW,PHX",3,94,924.5833333333334,3607.4166666666665,297,594,260,640,1168,2471,991,2521,891,900,3639,3512,0.49748743718592964,0.508879876940288,-1.1392439754358386,0.31696905016008536,0.3166169693683925,0.03520807916928548,0.6955503512880562,0.7137492778740613,-1.8198926586005082,55475,216445
1630188,Jalen Smith,2021-22,2021-22,1,2,"IND,PHX",2,81,924.2166666666667,2978.7833333333333,320,690,235,662,736,2240,806,2161,1010,897,2976,2967,0.529627687467226,0.5007571933366987,2.8870494130527335,0.3258655804480652,0.2540559199171557,7.180966053090948,0.745945945945946,0.7353906762967827,1.0555269649163312,55453,178727
1628455,Mike James,2017-18,2020-21,2,3,"BKN,NOP,PHX",3,62,922.4833333333333,2088.516666666667,245,724,256,735,513,1615,591,1598,969,991,2128,2189,0.4943877551020408,0.492934908501274,0.14528466007667773,0.25,0.24301279014684984,0.6987209853150156,0.7387755102040816,0.7320942883046238,0.6681221899457856,55349,125311
1630201,Malachi Flynn,2023-24,2024-25,2,4,"CHA,DET,NYK,TOR",4,89,920.6,3361.4,270,614,279,691,959,2562,795,2471,884,970,3521,3266,0.47680690399137,0.5187859142478267,-4.197901025645673,0.2809573361082206,0.2795918367346939,0.13654993735267018,0.6875699888017918,0.7631814119749777,-7.561142317318592,55236,201684
200756,Hilton Armstrong,2009-10,2013-14,3,6,"ATL,GSW,HOU,NOH,SAC,WAS",8,186,920.55,8082.45,260,607,264,671,2254,5472,2213,5667,867,935,7726,7880,0.4811320754716981,0.4950660002563117,-1.3933924784613583,0.27926960257787325,0.2845600302992046,-0.529042772133137,0.6969001148105626,0.7120364346128822,-1.5136319802319664,55233,484947
1709,Michael Olowokandi,2005-06,2005-06,1,2,"BOS,MIN",2,80,918.3666666666667,2951.633333333333,189,592,237,616,732,1976,786,1927,781,853,2708,2713,0.47796817625459,0.49953883047408226,-2.157065421949228,0.23478260869565218,0.2752914629559985,-4.050885426034631,0.7141133896260555,0.7154236060825488,-0.13102164564933183,55102,177098
1728,Roshown McLeod,2000-01,2000-01,1,2,"ATL,PHI",2,81,917.7833333333333,2975.2166666666667,286,649,249,613,924,2084,833,1960,935,862,3008,2793,0.5203116304952699,0.5185312877090157,0.17803427862541632,0.3181312569521691,0.32038834951456313,-0.22570925623940363,0.72271714922049,0.7144326362701405,0.8284512950349487,55067,178513
201978,Chase Budinger,2015-16,2015-16,1,2,"IND,PHX",2,81,915.25,3007.75,273,682,220,696,839,2246,845,2254,955,916,3085,3099,0.5104222340994121,0.4988680465717982,1.1554187527613946,0.28173374613003094,0.2712576786291626,1.0476067500868325,0.7560975609756098,0.72662568747978,2.9471873495829803,54915,180465
2624,Quinton Ross,2009-10,2010-11,2,3,"DAL,NJN,WAS",3,158,915.1166666666667,6773.883333333333,251,635,274,642,1810,4538,1789,4555,886,916,6348,6344,0.4916759156492786,0.5001575795776867,-0.8481663928408101,0.2810750279955207,0.28436763550667715,-0.32926075111564534,0.6985698569856986,0.7172435593488226,-1.8673702363123934,54907,406433
1630543,Isaiah Jackson,2025-26,2025-26,1,2,"IND,LAC",2,83,908.3333333333334,3090.6666666666665,282,610,304,635,759,2221,875,2399,892,939,2980,3274,0.4871654833424358,0.4764950431723697,1.067044017006613,0.3075245365321701,0.24034198860037997,6.718254793179012,0.6673960612691466,0.7173772609819121,-4.998119971276549,54500,185440
203107,Tomas Satoransky,2021-22,2021-22,1,3,"NOP,SAS,WAS",3,82,905.95,3050.05,229,674,204,676,810,2259,718,2256,903,880,3069,2974,0.5064498037016265,0.5078603342710574,-0.14105305694308568,0.25303867403314917,0.26418786692759294,-1.1149192894443771,0.7676537585421412,0.7588176016123614,0.8836156929779793,54357,183003
1627752,Taurean Prince,2020-21,2020-21,1,2,"BKN,CLE",2,73,905.25,2623.75,224,665,247,662,693,1917,632,1937,889,909,2610,2569,0.4944382647385984,0.5039582931067774,-0.9520028368179001,0.2528216704288939,0.2634980988593156,-1.0676428430421658,0.7291666666666666,0.7520596312279325,-2.2892964561265883,54315,157425
1630200,Tre Jones,2024-25,2024-25,1,2,"CHI,SAS",2,79,904.9666666666667,2907.0333333333333,248,680,279,699,769,2264,851,2158,928,978,3033,3009,0.48688352570828963,0.5019860973187686,-1.510257161047901,0.26187961985216474,0.26272634096344377,-0.08467211112790363,0.7090719499478624,0.7268057784911718,-1.7733828543309405,54298,174422
711,Jerry Stackhouse,2009-10,2010-11,2,2,"MIA,MIL",2,58,904.4166666666666,1914.5833333333333,261,632,232,605,499,1316,478,1334,893,837,1815,1812,0.5161849710982659,0.5004135649296939,1.5771406168571978,0.30138568129330257,0.2722313147845063,2.9154366508796272,0.7314814814814815,0.7335562987736901,-0.20748172922085972,54265,114875
1627739,Kris Dunn,2021-22,2022-23,2,2,"POR,UTA",2,38,903.8833333333333,935.1166666666667,238,655,255,668,292,689,270,698,893,923,981,968,0.4917400881057269,0.5033350436121088,-1.1594955506381899,0.26269315673289184,0.29494949494949496,-3.225633821660312,0.7197802197802198,0.7184567257559958,0.13234940242239368,54233,56107
924,Anthony Goldwire,2000-01,2005-06,5,8,"DEN,DET,LAC,MIL,MIN,NJN,SAS,WAS",9,131,903.1333333333333,5419.866666666667,264,575,272,617,1586,3745,1548,3580,839,889,5331,5128,0.4855324074074074,0.5097045606654556,-2.4172153258048166,0.2996594778660613,0.3070073557878436,-0.734787792178232,0.6788665879574971,0.7075382580767051,-2.8671670119208015,54188,325192
101135,David Lee,2015-16,2015-16,1,2,"BOS,DAL",2,81,902.9666666666667,3020.0333333333333,225,687,230,682,850,2222,863,2310,912,912,3072,3173,0.5,0.4919135308246597,0.8086469175340283,0.24807056229327454,0.2689873417721519,-2.091677947887735,0.7491821155943293,0.7202593192868719,2.892279630745742,54178,181202
203584,Troy Daniels,2014-15,2019-20,2,5,"CHA,DEN,HOU,LAL,MIN",5,152,901.2,6444.8,278,661,249,703,1766,4731,1688,4645,939,952,6497,6333,0.4965626652564781,0.5063912704598597,-0.982860520338158,0.28338430173292556,0.2754640461706442,0.7920255562281375,0.7263736263736263,0.7370306901386509,-1.065706376502451,54072,386688
2198,Kwame Brown,2007-08,2011-12,2,3,"GSW,LAL,MEM",3,120,900.5166666666667,4879.483333333334,222,641,273,647,1270,3436,1433,3518,863,920,4706,4951,0.48401570386988224,0.4873149011080046,-0.3299197238122331,0.2554660529344074,0.2652464494569758,-0.9780396522568402,0.7013129102844639,0.7056890531936743,-0.4376142909210401,54031,292769
962,Walter McCarty,2004-05,2004-05,1,2,"BOS,PHX",2,81,900.2,3017.8,212,596,277,646,850,2154,1019,2023,808,923,3004,3042,0.4667822068168689,0.49685742639761826,-3.007521958074938,0.24708624708624707,0.2958579881656805,-4.8771741079433415,0.6827033218785796,0.6788528206744406,0.38505012041389897,54012,181068
956,Erick Dampier,2010-11,2011-12,2,2,"ATL,MIA",2,108,898.1,4340.9,213,661,239,568,1047,3047,1151,2855,874,807,4094,4006,0.5199286139202856,0.505432098765432,1.4496515154853507,0.2727272727272727,0.2683239364428498,0.44033362844229096,0.7344444444444445,0.7258218199142449,0.8622624530199574,53886,260454
1630702,Jaden Hardy,2025-26,2025-26,1,2,"DAL,WAS",2,83,898.0833333333334,3115.9166666666665,243,629,266,644,826,2296,993,2438,872,910,3122,3431,0.489337822671156,0.4764230123607508,1.29148103104052,0.27395715896279593,0.25306372549019607,2.0893433472599865,0.7027932960893855,0.6980845241714807,0.47087719179047527,53885,186955
202684,Tristan Thompson,2021-22,2021-22,1,3,"CHI,IND,SAC",3,83,896.2166666666667,3107.7833333333333,292,623,213,638,749,2256,855,2414,915,851,3005,3269,0.5181200453001132,0.47896079056423335,3.915925473587989,0.3139784946236559,0.23680050584887766,7.717798877477825,0.7452153110047847,0.7251687560270009,2.0046554977783737,53773,186467
202705,MarShon Brooks,2013-14,2018-19,3,4,"BOS,GSW,LAL,MEM",5,127,895.9,5220.1,226,579,265,662,1240,3687,1445,3929,805,927,4927,5374,0.4647806004618938,0.47830307737112904,-1.3522476909235248,0.2545045045045045,0.23989166183014124,1.4612842674363273,0.6860189573459715,0.7184333593141076,-3.2414401968136053,53754,313206
1922,Francisco Elson,2007-08,2011-12,3,4,"MIL,PHI,SAS,SEA",6,180,895.6166666666667,7809.383333333333,220,620,221,656,2131,5324,1926,5526,840,877,7455,7452,0.48922539312754804,0.5001006238679815,-1.087523074043345,0.2511415525114155,0.27830743110878936,-2.716587859737385,0.737217598097503,0.7343448275862069,0.28727705112960855,53737,468563
123,Robert Pack,2001-02,2003-04,3,3,"MIN,NJN,NOH",4,91,886.7833333333333,3496.2166666666667,267,597,267,594,1075,2443,901,2260,864,861,3518,3161,0.5008695652173913,0.5267255577182213,-2.5855992500829927,0.31010452961672474,0.32233883058470764,-1.2234300967982892,0.6909722222222222,0.7305622009569378,-3.958997873471559,53207,209773
1629016,Omari Spellman,2019-20,2019-20,1,1,GSW,1,52,886.0,1635.0,258,655,234,714,378,1198,428,1326,913,948,1576,1754,0.4905964535196131,0.4732732732732733,1.732318024633983,0.2654320987654321,0.22183098591549297,4.3601112849939145,0.7367829021372329,0.7367773677736777,0.0005534363555104171,53160,98100
200776,Mardy Collins,2008-09,2008-09,1,2,"LAC,NYK",2,81,884.1833333333333,3038.8166666666666,257,599,250,603,741,1987,867,2244,856,853,2728,3111,0.5008777062609713,0.4672032882342867,3.3674418026684583,0.2988372093023256,0.24824120603015076,5.059600327217484,0.7055359246171967,0.6962158374211633,0.9320087196033389,53051,182329
2109,Eddie Gill,2000-01,2008-09,5,5,"MEM,MIL,NJN,POR,SEA",6,100,882.6833333333333,3952.3166666666666,243,530,251,615,1145,2591,1169,2566,773,866,3736,3735,0.47162904209884077,0.5000669254450542,-2.8437883346213386,0.28321678321678323,0.308542171921315,-2.532538870453177,0.678617157490397,0.6890957446808511,-1.0478587190454136,52961,237139
1629726,Garrison Mathews,2022-23,2025-26,2,3,"ATL,HOU,IND",4,97,882.35,3793.65,288,662,266,667,1175,2734,955,2684,950,933,3909,3639,0.5045140732873075,0.5178855325914149,-1.3371459304107436,0.30157068062827225,0.30448302669085253,-0.29123460625802844,0.7133620689655172,0.7411222553537544,-2.7760186388237185,52941,227619
1630560,Cam Thomas,2025-26,2025-26,1,2,"BKN,MIL",2,71,880.5333333333333,2542.4666666666667,263,555,261,609,676,1746,690,1897,818,870,2422,2587,0.48459715639810425,0.4835296466360551,0.1067509762049168,0.30160550458715596,0.26272833268558105,3.8877171901574914,0.6801470588235294,0.7167487684729064,-3.6601709649376923,52832,152548
2199,Tyson Chandler,2018-19,2018-19,1,2,"LAL,PHX",2,81,874.9333333333333,3028.0666666666666,243,746,240,717,778,2365,815,2306,989,957,3143,3121,0.5082219938335046,0.5017560664112388,0.6465927422265816,0.253125,0.2522697795071336,0.08552204928664042,0.7565922920892495,0.7437106918238994,1.2881600265350124,52496,181684
221,Clar. Weatherspoon,2003-04,2003-04,1,2,"HOU,NYK",2,85,872.4333333333333,3257.5666666666666,226,620,212,553,791,2336,865,2106,846,765,3127,2971,0.5251396648044693,0.5127910790423089,1.2348585762160358,0.2901155327342747,0.27304107697618224,1.7074455758092466,0.7451923076923077,0.7297719462667916,1.542036142551606,52346,195454
1630531,Jaden Springer,2023-24,2024-25,2,3,"BOS,PHI,UTA",4,161,872.1,6900.9,263,604,233,621,1889,5136,1953,5103,867,854,7025,7056,0.5037768739105172,0.4988992259072509,0.48776480032662883,0.29751131221719457,0.2701659038901602,2.734540832703436,0.7216248506571087,0.724502750740584,-0.28779000834753266,52326,414054
1631123,Jamaree Bouyea,2022-23,2025-26,4,6,"MIA,MIL,PHX,POR,SAS,WAS",6,131,871.2,5466.8,267,593,254,626,1549,3851,1501,3958,860,880,5400,5459,0.4942528735632184,0.49728335942536145,-0.3030485862143051,0.2989921612541993,0.2812783729798438,1.771378827435549,0.7001180637544274,0.7195440956651719,-1.9426031910744435,52272,328008
200770,Jordan Farmar,2014-15,2016-17,3,3,"LAC,MEM,SAC",3,55,855.85,1789.15,218,550,222,646,465,1267,438,1250,768,868,1732,1688,0.46943765281173594,0.5064327485380117,-3.6995095726275737,0.2523148148148148,0.27113702623906705,-1.8822211424252222,0.7124352331606217,0.743108504398827,-3.067327123820529,51351,107349
202333,Xavier Henry,2011-12,2014-15,2,2,"LAL,NOH",2,91,844.55,3558.45,239,563,234,528,954,2365,972,2478,802,762,3319,3450,0.5127877237851662,0.49032353375683263,2.2464190028333606,0.3116036505867014,0.27797202797202797,3.363162261467345,0.7063989962358845,0.7087204075516932,-0.23214113158086525,50673,213507
1631169,Josh Minott,2025-26,2025-26,1,2,"BKN,BOS",2,83,833.7166666666667,3160.2833333333333,244,575,266,605,960,2205,918,2283,819,871,3165,3201,0.4846153846153846,0.49717247879359094,-1.255709417820633,0.287396937573616,0.2960222016651249,-0.8625264091508877,0.6837098692033293,0.7060518731988472,-2.234200399551789,50023,189617
1630228,Jonathan Kuminga,2025-26,2025-26,1,2,"ATL,GSW",2,81,830.5,3072.5,251,613,216,613,940,2208,919,2238,864,829,3148,3157,0.5103366804489072,0.4992862807295797,1.105039971932753,0.29050925925925924,0.29578351164254246,-0.5274252383283218,0.7394451145958987,0.706108090821874,3.33370237740247,49830,184350
1628367,Josh Jackson,2021-22,2021-22,1,2,"DET,SAC",2,80,829.9,3030.1,191,555,226,641,778,2184,769,2466,746,867,2962,3235,0.4624922504649721,0.47797321284492494,-1.5480962379952834,0.22956730769230768,0.23982737361282366,-1.0260065920515982,0.7106274007682458,0.7395868608195056,-2.895946005125982,49794,181806
2863,Damien Wilkins,2010-11,2017-18,2,2,"ATL,IND",3,102,828.6,4082.4,217,537,226,532,931,2853,1003,2851,754,758,3784,3854,0.49867724867724866,0.4954176485991097,0.3259600078138969,0.2897196261682243,0.2461660497091486,4.355357645907568,0.7038007863695938,0.7398858921161826,-3.6085105746588853,49716,244944
203098,John Jenkins,2015-16,2018-19,3,4,"DAL,NYK,PHX,WAS",5,151,826.3333333333334,6496.666666666667,187,668,224,678,1728,4834,1659,4957,855,902,6562,6616,0.48662492885600456,0.49795113067233265,-1.1326201816328096,0.2161849710982659,0.25848915482423335,-4.230418372596745,0.7488789237668162,0.7444940705375019,0.4384853229314256,49580,389800
1628392,Isaiah Hartenstein,2019-20,2020-21,2,3,"CLE,DEN,HOU",3,136,824.9166666666666,5753.083333333333,230,614,229,589,1473,4328,1477,4413,844,818,5801,5890,0.5078219013237064,0.49619365323753317,1.1628248086173243,0.28083028083028083,0.2502548419979613,3.057543883231956,0.7283511269276394,0.7455641688199828,-1.7213041892343406,49495,345185
201975,Jodie Meeks,2009-10,2018-19,2,3,"MIL,PHI,TOR",4,93,822.7333333333333,3686.266666666667,214,550,200,594,999,2534,888,2702,764,794,3533,3590,0.49037227214377405,0.49599887687772004,-0.5626604733945995,0.26485148514851486,0.2699270467441232,-0.5075561595608347,0.7333333333333333,0.7405026300409118,-0.7169296707578487,49364,221176
1631246,Vince Williams Jr.,2025-26,2025-26,1,2,"MEM,UTA",2,62,819.4,2166.6,266,655,276,604,701,1555,642,1608,921,880,2256,2250,0.5113825652415325,0.5006657789613849,1.0716786280147605,0.3057471264367816,0.3035946297098311,0.21524967269505035,0.7035445757250268,0.7077833409194356,-0.42387651944088,49164,129996
203503,Tony Snell,2021-22,2021-22,1,2,"NOP,POR",2,82,817.4833333333333,3128.516666666667,210,589,202,648,890,2293,754,2287,799,850,3183,3041,0.4845360824742268,0.5114074550128535,-2.687137253862665,0.24475524475524477,0.2801384954359459,-3.5383250680701113,0.7446270543615676,0.752543485395471,-0.7916431033903382,49049,187711
203521,Matthew Dellavedova,2018-19,2018-19,1,2,"CLE,MIL",2,81,812.1833333333333,3100.8166666666666,212,628,219,639,801,2324,727,2368,840,858,3125,3095,0.49469964664310956,0.502411575562701,-0.7711928919591438,0.2491186839012926,0.25276112338277057,-0.3642439481477966,0.7414403778040142,0.7617174696820714,-2.0277091878057263,48731,186049
203933,T.J. Warren,2022-23,2023-24,2,3,"BKN,MIN,PHX",4,100,811.4333333333333,3998.5666666666666,204,620,212,596,879,2887,1158,2862,824,808,3766,4020,0.5049019607843137,0.4836886719753404,2.121328880897333,0.255,0.23496391339214115,2.0036086607858854,0.7451923076923077,0.7137206427688504,3.147166492345732,48686,239914
2250,Bobby Simmons,2002-03,2011-12,3,3,"LAC,SAS,WAS",4,90,807.3333333333334,3552.6666666666665,266,507,200,522,952,2328,1053,2393,773,722,3280,3446,0.517056856187291,0.487659827534939,2.9397028652351995,0.33756345177664976,0.28460388639760836,5.295956537904139,0.7171145685997171,0.6885536823425022,2.856088625721487,48440,213160
1628035,Alfonzo McKinnie,2019-20,2021-22,2,2,"CHI,CLE",6,94,799.7666666666667,3737.233333333333,236,546,193,570,963,2788,897,2709,782,763,3751,3606,0.5061488673139158,0.5098545602827239,-0.3705692968808072,0.29280397022332505,0.2622549019607843,3.054906826254072,0.7388362652232747,0.7565807327001357,-1.7744467476860981,47986,224234
1853,Anthony Carter,2003-04,2011-12,4,4,"DEN,NYK,SAS,TOR",5,147,796.9333333333333,6289.066666666667,209,549,242,558,1609,4371,1738,4377,758,800,5980,6115,0.4865211810012837,0.4944191814799504,-0.7898000478666678,0.27249022164276404,0.26879385232208486,0.36963693206791826,0.6940581542351454,0.715501718775577,-2.1443564540431614,47816,377344
2853,Earl Barron,2009-10,2014-15,5,6,"GSW,MIL,NYK,PHX,POR,WAS",8,96,795.25,3867.75,251,511,170,572,984,2680,1124,2814,762,742,3664,3938,0.5066489361702128,0.48197842672980795,2.467050944040483,0.30498177399756987,0.25908372827804105,4.589804571952882,0.750367107195301,0.704521556256572,4.5845550938729,47715,232065
1627746,Skal Labissiere,2018-19,2025-26,4,3,"POR,SAC,WAS",5,146,792.85,6250.15,211,638,252,614,1766,4760,1776,4820,849,866,6526,6596,0.49504373177842564,0.4973327236701722,-0.22889918917465835,0.25575757575757574,0.26814454904342544,-1.23869732858497,0.7168539325842697,0.7282741738066095,-1.1420241222339866,47571,375009
763,Tony Massenburg,2002-03,2002-03,1,1,UTA,1,59,789.8666666666667,2062.133333333333,211,475,226,484,634,1369,615,1191,686,710,2003,1806,0.49140401146131807,0.5258598057232869,-3.4455794261968875,0.3035971223021583,0.3473972602739726,-4.380013797181431,0.6776034236804565,0.6900201612903226,-1.2416737609866169,47392,123728
1626155,Sam Dekker,2018-19,2021-22,2,3,"CLE,TOR,WAS",3,92,789.4666666666667,3666.5333333333333,222,549,212,583,1003,2668,941,2800,771,795,3671,3741,0.49233716475095785,0.4952779276848354,-0.2940762933877572,0.27577639751552796,0.2637391533000263,1.2037244215501675,0.721419185282523,0.7392629537267942,-1.7843768444271157,47368,219992
203089,John Henson,2018-19,2019-20,2,3,"CLE,DET,MIL",3,89,788.6,3513.4,207,631,193,586,962,2625,847,2606,838,779,3587,3453,0.518243661100804,0.5095170454545455,0.872661564625854,0.2610340479192938,0.26961883408071746,-0.8584786161423663,0.7657766990291263,0.7560483870967742,0.9728311932352018,47316,210804
201936,Tyreke Evans,2016-17,2016-17,1,2,"NOP,SAC",2,82,788.05,3192.95,173,584,195,637,662,2447,887,2500,757,832,3109,3387,0.4764002517306482,0.47860221674876846,-0.22019650181202555,0.21358024691358024,0.20936116382036685,0.4219083093213394,0.7496790757381258,0.7339532093581284,1.57258663799974,47283,191577
203120,Justin Hamilton,2013-14,2014-15,2,3,"CHA,MIA,MIN",4,99,784.7333333333333,3992.266666666667,175,460,253,551,906,2613,1068,2625,635,804,3519,3693,0.4412786657400973,0.48793677204658903,-4.665810630649175,0.24104683195592286,0.25658453695836875,-1.553770500244589,0.6451612903225806,0.7098614506927465,-6.47001603701659,47084,239536
2857,Andre Barrett,2004-05,2007-08,3,5,"HOU,LAC,ORL,PHX,TOR",5,108,784.3666666666667,4464.633333333333,265,547,204,543,1159,3019,1199,2979,812,747,4178,4178,0.5208466966003849,0.5,2.084669660038485,0.327970297029703,0.28008699855002417,4.788329847967882,0.7283621837549934,0.715742057847321,1.2620125907672364,47062,267878
365,Derrick McKey,2001-02,2001-02,1,1,PHI,1,46,783.0333333333333,1434.9666666666667,240,491,220,476,473,1017,400,909,731,696,1490,1309,0.5122634898388227,0.5323329760628795,-2.00694862240568,0.33519553072625696,0.3422575976845152,-0.7062066958258228,0.6905766526019691,0.7177134791813691,-2.7136826579399975,46982,86098
201805,Chris Hunter,2009-10,2009-10,1,1,GSW,1,71,782.9333333333333,2635.0666666666666,205,505,230,589,591,1728,858,2014,710,819,2319,2872,0.4643557880967953,0.4467347331920632,1.7621054904732092,0.25818639798488663,0.22687140115163149,3.131499683325514,0.6870748299319728,0.6682134570765661,1.8861372855406677,46976,158104
203940,Adreian Payne,2014-15,2017-18,2,3,"ATL,MIN,ORL",3,131,782.1833333333333,5535.816666666667,207,474,223,562,1308,3995,1588,4016,681,785,5303,5604,0.4645293315143247,0.48620152195837535,-2.1672190444050665,0.26918075422626786,0.24567993989481593,2.350081433145193,0.6800573888091822,0.7155651083646785,-3.5507719555496253,46931,332149
239,Darrick Martin,2001-02,2007-08,5,4,"DAL,LAC,MIN,TOR",6,180,778.6,7946.4,212,533,201,508,1946,5205,2030,5430,745,709,7151,7460,0.5123796423658872,0.48942577510095137,2.2953867264935814,0.29444444444444445,0.2638286334056399,3.0615811038804566,0.726158038147139,0.7194194885970975,0.6738549550041495,46716,476784
1631213,Tyrese Martin,2025-26,2025-26,1,2,"BKN,PHI",2,78,776.6166666666667,2982.383333333333,238,513,200,579,849,2093,873,2213,751,779,2942,3086,0.49084967320261436,0.4880557398805574,0.2793933322056963,0.2913096695226438,0.27726975832789025,1.4039911194753563,0.7194950911640954,0.7056641942009441,1.3830896963151318,46597,178943
202686,Jan Vesely,2013-14,2013-14,1,2,"DEN,WAS",2,83,776.3166666666667,3262.6833333333334,249,520,158,584,873,2293,849,2370,769,742,3166,3219,0.5089344804765056,0.4958496476115897,1.3084832864915907,0.29891956782713086,0.26919518963922295,2.972437818790791,0.7669616519174042,0.7297899427116487,3.717170920575552,46579,195761
2239,Trenton Hassell,2007-08,2007-08,1,2,"DAL,NJN",2,82,773.2166666666667,3177.7833333333333,188,521,198,543,806,2227,859,2086,709,741,3033,2945,0.4889655172413793,0.5073603211776514,-1.8394803936272075,0.25718194254445964,0.27869986168741356,-2.1517919142953925,0.7246175243393602,0.721646143875567,0.2971380463793194,46393,190667
2072,Michael Redd,2011-12,2011-12,1,1,PHX,1,64,770.1,2301.9,213,495,208,565,621,1626,702,1563,708,773,2247,2265,0.47805536799459825,0.49800531914893614,-1.9949951154337897,0.2737789203084833,0.28434065934065933,-1.0561739032176054,0.7041251778093883,0.6984536082474226,0.5671569561965684,46206,138114
1629647,Darius Bazley,2022-23,2023-24,2,4,"OKC,PHI,PHX,UTA",4,101,767.9666666666667,4110.033333333334,206,559,234,581,1170,2950,1163,3045,765,815,4120,4208,0.48417721518987344,0.494716618635927,-1.053940344605353,0.2617534942820839,0.2775800711743772,-1.5826576892293331,0.7049180327868853,0.7172380257719426,-1.231999298505737,46078,246602
203144,Alexey Shved,2014-15,2014-15,1,3,"HOU,NYK,PHI",3,82,767.2166666666667,3203.7833333333333,219,536,233,611,900,2180,877,2361,755,844,3080,3238,0.4721701063164478,0.4874960430515986,-1.5325936735150814,0.26385542168674697,0.27598896044158233,-1.213353875483536,0.6970091027308193,0.7131174353941773,-1.6108332663357983,46033,192227
2745,Kirk Snyder,2007-08,2007-08,1,2,"HOU,MIN",2,83,760.9333333333333,3243.0666666666666,199,512,190,514,943,2239,853,2173,711,704,3182,3026,0.5024734982332155,0.5125644329896907,-1.0090934756475156,0.2791023842917251,0.3026315789473684,-2.3529194655643293,0.7293447293447294,0.7241267787839586,0.521795056077079,45656,194584
1630553,Keon Johnson,2021-22,2023-24,2,3,"BKN,LAC,POR",3,162,757.6166666666667,7058.383333333333,216,480,239,602,1869,5205,1959,5411,696,841,7074,7370,0.4528301886792453,0.48975353087787316,-3.6923342198627864,0.26405867970660146,0.2567307692307692,0.7327910475832256,0.6675938803894298,0.7265494137353434,-5.895553334591364,45457,423503
1629650,Moses Brown,2021-22,2024-25,3,5,"BKN,CLE,DAL,IND,LAC",8,159,757.0333333333333,6914.966666666666,243,601,211,570,1632,5063,1706,5114,844,781,6695,6820,0.5193846153846153,0.4953755086940437,2.4009106690571658,0.2988929889298893,0.24192113845241625,5.697185047747305,0.7401477832512315,0.7479686807504802,-0.7820897499248636,45422,414898
1630314,Brandon Williams,2021-22,2023-24,2,2,"DAL,POR",3,78,752.55,3001.45,234,512,216,628,707,2175,816,2246,746,844,2882,3062,0.4691823899371069,0.4848586810228802,-1.5676291085773286,0.271461716937355,0.23941754148323738,3.2044175454117614,0.7032967032967034,0.7271815446339017,-2.388484133719837,45153,180087
203138,Hollis Thompson,2016-17,2016-17,1,2,"NOP,PHI",2,43,752.1166666666667,1341.8833333333334,171,572,217,580,355,991,359,999,743,797,1346,1358,0.4824675324675325,0.4977810650887574,-1.5313532621224923,0.22769640479360853,0.2621861152141802,-3.4489710420571695,0.7249683143219265,0.7340740740740741,-0.9105759752147558,45127,80513
1629641,Romeo Langford,2021-22,2021-22,1,2,"BOS,SAS",2,82,747.85,3238.15,230,589,216,584,841,2484,867,2406,819,800,3325,3273,0.5058678196417542,0.5039405880569869,0.19272315847672639,0.28255528255528256,0.25900831536803204,2.3546967187250525,0.7316770186335404,0.7412712623097583,-0.9594243676217862,44871,194289
120,Steven Smith,2004-05,2004-05,1,2,"CHA,MIA",2,77,745.0666666666667,2995.9333333333334,253,449,198,527,943,1982,832,2010,702,725,2925,2842,0.49194113524877364,0.5071961158314549,-1.525498058268121,0.3243589743589744,0.31933626820182864,0.5022706157145729,0.6939721792890263,0.7043354655294953,-1.0363286240469005,44704,179756
1628402,Frank Jackson,2020-21,2022-23,2,2,"DET,UTA",2,74,743.2666666666667,2833.733333333333,179,572,189,545,749,2032,744,2144,751,734,2781,2888,0.5057239057239057,0.49056270947257014,1.5161196251335551,0.2472375690607735,0.25890079502246804,-1.1663225961694557,0.7516425755584757,0.7319884726224783,1.9654102935997342,44596,170024
1631367,Jacob Gilyard,2022-23,2023-24,2,2,"BKN,MEM",3,81,739.2666666666667,3168.733333333333,196,469,215,601,850,2296,828,2404,665,816,3146,3232,0.4490209318028359,0.4932580746315459,-4.423714282871,0.24592220828105396,0.26121696373693915,-1.5294755455885185,0.685672514619883,0.734955185659411,-4.928267103952799,44356,190124
202970,Gustavo Ayon,2012-13,2012-13,1,2,"MIL,ORL",2,83,734.65,3279.35,203,529,203,490,933,2290,895,2396,732,693,3223,3291,0.5136842105263157,0.4947804728277556,1.890373769856013,0.29292929292929293,0.28026434364674074,1.2664949282552185,0.7226775956284153,0.7189952904238619,0.3682305204553371,44079,196761
2470,Smush Parker,2004-05,2007-08,2,4,"DET,LAC,MIA,PHX",4,123,731.9333333333333,5237.066666666667,192,503,218,521,1338,3435,1405,3569,695,739,4773,4974,0.48465829846582986,0.489689135118498,-0.5030836652668125,0.26928471248246844,0.27267169349908293,-0.33869810166144987,0.6976421636615812,0.7097107438016529,-1.2068580140071727,43916,314224
2566,Travis Outlaw,2009-10,2009-10,1,2,"LAC,POR",2,85,729.9833333333333,3375.016666666667,223,524,186,501,875,2201,871,2146,747,687,3076,3017,0.5209205020920502,0.5048416215329066,1.6078880559143638,0.3080110497237569,0.2896391923204237,1.8371857403333247,0.7380281690140845,0.7164713541666666,2.1556814847417893,43799,202501
202322,John Wall,2022-23,2022-23,1,1,LAC,1,57,728.4166666666666,2022.5833333333333,172,541,212,571,531,1517,468,1435,713,783,2048,1903,0.4766042780748663,0.5183497848645913,-4.174550678972494,0.23149394347240915,0.27009155645981686,-3.8597612987407715,0.7184594953519257,0.7642317380352645,-4.577224268333879,43705,121355
202702,Kenneth Faried,2018-19,2018-19,1,2,"BKN,HOU",2,84,728.2,3343.8,201,510,205,569,870,2523,920,2558,711,774,3393,3478,0.47878787878787876,0.4938145830301266,-1.5026704242247835,0.261038961038961,0.25379229871645276,0.7246662322508257,0.7132867132867133,0.732791170490851,-1.9504457204137626,43692,200628
1628366,Lonzo Ball,2025-26,2025-26,1,1,CLE,1,52,727.7333333333333,1778.2666666666667,207,528,215,577,565,1295,541,1268,735,792,1860,1809,0.481335952848723,0.5069501226492232,-2.561416980050024,0.26403061224489793,0.3082378614293508,-4.420724918445284,0.7106325706594886,0.7053376906318083,0.5294880027680304,43664,106696
271,Johnny Newman,2001-02,2001-02,1,1,DAL,1,68,724.7666666666667,2579.233333333333,166,508,237,532,707,1802,781,1776,674,769,2509,2557,0.4670824670824671,0.495262534544019,-2.8180067461551883,0.23782234957020057,0.28473620620217477,-4.69138566319742,0.6818791946308724,0.6976384049554781,-1.57592103246057,43486,154754
1629021,Moritz Wagner,2020-21,2020-21,1,3,"BOS,ORL,WAS",3,67,721.8666666666667,2504.133333333333,170,560,223,595,609,1936,647,1985,730,818,2545,2632,0.4715762273901809,0.4915974502607688,-2.0021222870587883,0.2222222222222222,0.23477255204317657,-1.255032982095436,0.7151979565772669,0.7495160665892373,-3.431811001197038,43312,150248
1631159,Leonard Miller,2025-26,2025-26,1,2,"CHI,MIN",2,82,718.65,3237.35,204,558,234,519,950,2403,974,2399,762,753,3353,3373,0.502970297029703,0.49851323223312516,0.44570647965778143,0.2821576763485477,0.2836667661988653,-0.1509089850317613,0.7045454545454546,0.7115783239561742,-0.7032869410719567,43119,194241
101187,Alan Anderson,2006-07,2011-12,2,2,"CHA,TOR",3,47,716.2666666666667,1564.7333333333333,174,516,156,489,399,1010,477,1061,690,645,1409,1538,0.5168539325842697,0.4781133355955209,3.8740596988748823,0.26244343891402716,0.2732876712328767,-1.0844232318849567,0.7678571428571429,0.6792199058507061,8.863723700643678,42976,93884
1630205,Lamar Stevens,2023-24,2024-25,2,2,"BOS,MEM",3,109,714.4333333333333,4557.566666666667,240,539,242,507,1280,3462,1231,3398,779,749,4742,4629,0.5098167539267016,0.5060292391420339,0.3787514784667656,0.321285140562249,0.2736212056434374,4.766393491881161,0.6901408450704225,0.7376944385254635,-4.755359345504095,42866,273454
201149,Joakim Noah,2018-19,2019-20,2,2,"LAC,MEM",2,68,713.7,2570.3,204,546,174,550,565,1881,641,1950,750,724,2446,2591,0.508819538670285,0.48560651181258685,2.3213026857698105,0.27055702917771884,0.22465208747514911,4.590494170256973,0.7583333333333333,0.7458366375892149,1.249669574411838,42822,154218
2226,Will Solomon,2008-09,2008-09,1,2,"SAC,TOR",2,78,711.8333333333334,3057.1666666666665,148,468,169,489,699,2070,867,2132,616,658,2769,2999,0.4835164835164835,0.4800624133148405,0.34540702016430114,0.23233908948194662,0.24690921935711763,-1.4570129875171007,0.7346938775510204,0.7048008171603677,2.989306039065276,42710,183430
200747,Adam Morrison,2008-09,2008-09,1,2,"CHA,LAL",2,82,710.9,3265.1,178,419,220,454,939,2200,862,2166,597,674,3139,3028,0.4697088906372935,0.5089995135398087,-3.929062290251517,0.28164556962025317,0.30241545893719807,-2.07698893169449,0.6557120500782473,0.7184846505551927,-6.2772600476945435,42654,195906
714,Michael Finley,2009-10,2009-10,1,2,"BOS,SAS",2,80,708.9333333333333,3151.0666666666666,157,476,185,483,835,2168,804,2088,633,668,3003,2892,0.4865488086087625,0.50941475826972,-2.2865949660957563,0.2453125,0.2856654122476907,-4.035291224769072,0.7201210287443268,0.7294751009421265,-0.9354072197799712,42536,189064
1628416,Tyler Dorsey,2018-19,2022-23,2,3,"ATL,DAL,MEM",3,113,706.0666666666667,4757.933333333333,200,548,174,538,1227,3441,1260,3599,748,712,4668,4859,0.5123287671232877,0.4899758580875407,2.2352909035746995,0.27100271002710025,0.25424782428512227,1.6754885741977976,0.7590027700831025,0.7319719208679004,2.7030849215202046,42364,285476
1562,Gerard King,2000-01,2000-01,1,1,WAS,1,55,704.6666666666666,1935.3333333333333,232,460,163,476,573,1261,576,1321,692,639,1834,1897,0.5199098422238918,0.4915572232645403,2.8352618959351483,0.327683615819209,0.30253431890179516,2.5149296917413855,0.7383627608346709,0.6864452912357104,5.191746959896049,42280,116120
1628981,Bruno Fernando,2021-22,2024-25,3,4,"ATL,BOS,HOU,TOR",5,199,704.3166666666667,8932.683333333332,272,555,181,494,2581,6561,2423,6507,827,675,9142,8930,0.5505992010652463,0.5058654271801682,4.473377388507805,0.35509138381201044,0.2840008802816901,7.109050353032032,0.7540760869565217,0.7302983081032948,2.377777885322696,42259,535961
297,Alonzo Mourning,2004-05,2004-05,1,2,"MIA,NJN",2,46,703.7166666666667,1534.2833333333333,197,511,205,436,416,1052,409,980,708,641,1468,1389,0.5248332097850259,0.5138256912845642,1.1007518500461666,0.31121642969984203,0.2979942693409742,1.3222160358867807,0.7136871508379888,0.7200547570157426,-0.6367606177753782,42223,92057
202951,Jeremy Pargo,2012-13,2019-20,2,3,"CLE,GSW,PHI",3,72,699.3666666666667,2766.633333333333,225,455,187,518,861,1799,748,1936,680,705,2660,2684,0.49097472924187724,0.4977544910179641,-0.6779761776086857,0.3028263795423957,0.30782981766178047,-0.5003438119384751,0.7087227414330218,0.7063211621515508,0.24015792814710002,41962,165998
201155,Rodney Stuckey,2016-17,2016-17,1,1,IND,1,75,696.1166666666667,2928.883333333333,175,512,184,495,631,2103,804,2169,687,679,2734,2973,0.5029282576866764,0.4790608025232171,2.386745516345928,0.26119402985074625,0.22535714285714287,3.583688699360338,0.735632183908046,0.7234262125902993,1.22059713177467,41767,175733
1630526,Jeremiah Robinson-Earl,2023-24,2025-26,2,3,"DAL,IND,NOP",3,101,694.8833333333333,4158.116666666667,236,500,205,506,1041,3082,1088,2990,736,711,4123,4078,0.5086385625431928,0.5027435678575783,0.5894994685614496,0.31805929919137466,0.2582485735549491,5.981072563642553,0.7092198581560284,0.7390887290167866,-2.986887086075818,41693,249487
1985,Zendon Hamilton,2002-03,2005-06,4,4,"CLE,MIL,PHI,TOR",7,161,691.2166666666667,7086.783333333334,208,427,200,439,2037,4779,1970,4679,635,639,6816,6649,0.49843014128728413,0.5062012625324916,-0.7771121245207513,0.321483771251932,0.30330553901131624,1.8178232240615766,0.6810207336523126,0.708104904430286,-2.7084170777973315,41473,425207
902,Bimbo Coles,2002-03,2002-03,1,2,"BOS,CLE",2,78,689.8,3084.2,206,462,191,504,942,2120,848,2193,668,695,3062,3041,0.4900953778429934,0.5017204653449123,-1.162508750191893,0.29014084507042254,0.3004784688995215,-1.0337623829098974,0.7075038284839203,0.7142857142857143,-0.6781885801793952,41388,185052
201960,DeMarre Carroll,2010-11,2019-20,3,5,"DEN,HOU,MEM,SAS,UTA",6,219,687.8333333333334,9984.166666666666,202,478,174,464,2661,7084,2715,7067,680,638,9745,9782,0.5159332321699545,0.4990525938444205,1.6880638325533937,0.3033033033033033,0.2735402960526316,2.9763007250671714,0.7331288343558282,0.7229309113174813,1.0197923038346879,41270,599050
101235,Kelenna Azubuike,2006-07,2011-12,2,2,"DAL,GSW",2,68,687.1,2621.9,193,469,230,527,686,1800,739,1922,662,757,2486,2661,0.4665257223396758,0.4829998057120653,-1.647408337238948,0.26805555555555555,0.2630368098159509,0.5018745739604646,0.670958512160229,0.7089405277668374,-3.798201560660841,41226,157314
201591,DJ White,2010-11,2010-11,1,2,"CHA,OKC",2,81,684.5666666666667,3253.4333333333334,170,463,176,448,821,2189,861,2163,633,624,3010,3024,0.5035799522673031,0.4988399071925754,0.47400450747276945,0.2750809061488673,0.27513404825737264,-0.005314210850532186,0.7245696400625978,0.7177049180327869,0.6864722029810921,41074,195206
201579,Roy Hibbert,2016-17,2016-17,1,2,"CHA,DEN",2,75,682.3166666666667,2932.6833333333334,161,581,176,526,716,2257,696,2180,742,702,2973,2876,0.5138504155124654,0.5082920157291845,0.5558399783280876,0.23435225618631733,0.2472375690607735,-1.2885312874456156,0.7675033025099075,0.7643074839146631,0.3195818595244426,40939,175961
203935,Marcus Smart,2024-25,2024-25,1,2,"MEM,WAS",2,83,680.2833333333333,3308.7166666666667,201,524,232,529,1049,2492,1050,2380,725,761,3541,3430,0.4878869448183042,0.5079615550136279,-2.007461019532375,0.27534246575342464,0.30592009332166814,-3.05776275682435,0.6931216931216931,0.7035573122529645,-1.0435619131271334,40817,198523
202700,Donatas Motiejunas,2015-16,2018-19,3,3,"HOU,NOP,SAS",3,103,679.8,4304.2,153,494,185,520,1091,3148,1186,3271,647,705,4239,4457,0.47855029585798814,0.4874655013799448,-0.8915205521956682,0.22734026745913818,0.25011462631820264,-2.277435885906445,0.727540500736377,0.72634979233964,0.11907083967369614,40788,258252
146,Jud Buechler,2001-02,2001-02,1,2,"ORL,PHX",2,82,678.4,3277.6,198,436,201,482,879,2209,993,2347,634,683,3088,3340,0.48139711465451784,0.48039825762289984,0.09988570316180057,0.2911764705882353,0.27247365158090514,1.8702819007330174,0.6844583987441131,0.6898813241723922,-0.5422925428279157,40704,196656
2206,Rodney White,2004-05,2004-05,1,2,"DEN,GSW",2,81,677.5,3235.5,201,426,216,500,967,2202,1005,2207,627,716,3169,3212,0.46686522710349965,0.49663062215953613,-2.976539505603648,0.2867332382310984,0.3046628859483302,-1.7929647717231767,0.6635514018691588,0.686623012160898,-2.307161029173921,40650,194130
1629117,Wenyen Gabriel,2019-20,2023-24,3,6,"BKN,LAC,LAL,MEM,POR,SAC",7,113,674.7,4799.3,218,487,170,501,1151,3512,1275,3610,705,671,4663,4885,0.5123546511627907,0.48837452869710934,2.3980122465681317,0.3031988873435327,0.2417559336273892,6.144295371614347,0.741248097412481,0.7336536452893253,0.7594452123155682,40482,287958
200746,LaMarcus Aldridge,2020-21,2020-21,1,2,"BKN,SAS",2,56,674.45,2023.55,122,500,161,558,509,1584,514,1578,622,719,2093,2092,0.4638329604772558,0.5001194743130227,-3.628651383576692,0.17941176470588235,0.24389075227599424,-6.447898757011189,0.75642965204236,0.7550047664442326,0.14248855981273678,40467,121413
1503,Tracy McGrady,2009-10,2009-10,1,2,"HOU,NYK",2,82,672.4666666666667,3308.5333333333333,160,423,200,474,941,2219,857,2340,583,674,3160,3197,0.4638027048528242,0.4970898222431965,-3.3287117390372267,0.25236593059936907,0.28680280402316366,-3.4436873423794587,0.6789727126805778,0.7213914174252276,-4.2418704744649816,40348,198512
1631093,Jaden Ivey,2025-26,2025-26,1,2,"CHI,DET",2,73,670.2333333333333,2848.766666666667,218,472,206,473,923,2125,863,2026,690,679,3048,2889,0.504017531044558,0.5133906013137949,-0.9373070269236838,0.3154848046309696,0.3129874533740251,0.24973512569445022,0.696165191740413,0.7111780455153949,-1.501285377498185,40214,170926
1628021,David Nwaba,2016-17,2019-20,2,2,"BKN,LAL",3,55,665.7333333333333,1999.2666666666667,177,552,174,498,565,1524,569,1572,729,672,2089,2141,0.5203426124197003,0.4938534278959811,2.648918452371918,0.26222222222222225,0.26438933083762284,-0.21671086154005925,0.7603305785123967,0.7281414237935977,3.218915471879902,39944,119956
201189,Aaron Gray,2009-10,2013-14,2,4,"CHI,NOH,SAC,TOR",4,163,665.2666666666667,7223.733333333334,209,460,167,449,2094,5061,1868,4979,669,616,7155,6847,0.5206225680933853,0.5109984287958863,0.9624139297498946,0.31762917933130697,0.29605542202742824,2.157375730387873,0.733652312599681,0.7304084283446385,0.32438842550425173,39916,433424
1630647,Eugene Omoruyi,2021-22,2022-23,2,3,"DAL,DET,OKC",3,111,663.2333333333333,4709.766666666666,199,426,195,476,1280,3415,1318,3598,625,671,4695,4916,0.48225308641975306,0.48850275725730935,-0.6249670837556287,0.2948148148148148,0.26240262402624026,3.241219078857455,0.6859903381642513,0.7215296851890978,-3.5539347024846513,39794,282586
1629052,Oshae Brissett,2020-21,2024-25,2,2,"IND,PHI",2,33,661.35,937.65,155,481,212,528,237,693,320,727,636,740,930,1047,0.4622093023255814,0.47040971168437024,-0.8200409358788852,0.22693997071742314,0.245850622406639,-1.8910651689215852,0.6940836940836941,0.684106614017769,0.9977080065925126,39681,56259
1629646,Charles Bassey,2022-23,2025-26,2,5,"BOS,GSW,MEM,PHI,SAS",5,109,660.5666666666667,4601.433333333333,219,463,166,463,1357,3228,1248,3433,682,629,4585,4681,0.5202135774218154,0.4948197712065616,2.539380621525378,0.32111436950146627,0.28329853862212945,3.781583087933682,0.7360890302066773,0.7211796246648794,1.490940554179787,39634,276086
137,Vernon Maxwell,2000-01,2000-01,1,2,"DAL,PHI",2,50,660.3666666666667,1749.6333333333334,167,465,217,454,477,1291,548,1206,632,671,1768,1754,0.48503453568687643,0.5019875070982396,-1.695297141136315,0.2689210950080515,0.28342245989304815,-1.4501364884996648,0.6818181818181818,0.7020119630233823,-2.0193781205200545,39622,104978
1630679,Ethan Thompson,2025-26,2025-26,1,1,IND,1,62,653.2166666666667,2327.7833333333333,159,480,170,513,532,1641,688,1808,639,683,2173,2496,0.4833585476550681,0.46541015206682373,1.7948395588244348,0.23660714285714285,0.22735042735042735,0.9256715506715502,0.7384615384615385,0.7045942464577072,3.3867292003831317,39193,139667
203459,Allen Crabbe,2019-20,2019-20,1,2,"ATL,MIN",2,59,653.0166666666667,2198.983333333333,173,466,184,588,571,1611,584,1715,639,772,2182,2299,0.4528703047484054,0.48694487837536266,-3.407457362695726,0.22733245729303547,0.24978127734033245,-2.244882004729698,0.7169230769230769,0.7339407744874715,-1.701769756439464,39181,131939
376,Eric Montross,2000-01,2000-01,1,2,"DET,TOR",2,82,648.8166666666667,3322.1833333333334,222,442,188,467,1061,2331,962,2342,664,655,3392,3304,0.5034116755117514,0.5065710872162486,-0.31594117044971837,0.32220609579100146,0.31178372024684103,1.0422375544160423,0.7015873015873015,0.7078651685393258,-0.6277866952024258,38929,199331
1519,John Thomas,2004-05,2005-06,2,4,"ATL,MEM,MIN,NJN",4,83,647.6333333333333,3346.366666666667,185,432,185,385,923,2248,996,2227,617,570,3171,3223,0.5197978096040438,0.4959336878323428,2.386412177170094,0.32456140350877194,0.293015873015873,3.154553049289893,0.700162074554295,0.6929716399506781,0.7190434603616902,38858,200782
1628365,Markelle Fultz,2018-19,2025-26,3,3,"PHI,SAC,TOR",3,89,646.65,3660.35,157,531,167,496,986,2747,933,2569,688,663,3733,3502,0.5092524056254626,0.5159640635798203,-0.6711657954357686,0.24042879019908117,0.2773558368495077,-3.692704665042654,0.7607449856733525,0.7464673913043478,1.4277594369004665,38799,219621
101179,Ronnie Price,2012-13,2016-17,2,2,"PHX,POR",3,90,643.95,3716.05,186,432,164,453,1078,2630,1010,2699,618,617,3708,3709,0.5004048582995951,0.49993258729944723,0.04722710001479058,0.29107981220657275,0.28541170240931957,0.5668109797253185,0.7248322147651006,0.7225274725274725,0.23047422376281101,38637,222963
101153,Mickael Gelabale,2012-13,2012-13,1,1,MIN,1,46,643.9,1569.1,178,437,168,434,400,984,420,1145,615,602,1384,1565,0.5053410024650781,0.46931163106137674,3.6029371403701327,0.2908496732026144,0.2588996763754045,3.194999682720989,0.7223140495867768,0.7008547008547008,2.1459348732076,38634,94146
202376,Luke Harangody,2010-11,2010-11,1,2,"BOS,CLE",2,81,640.5833333333334,3267.4166666666665,152,418,201,470,731,2244,827,2114,570,671,2975,2941,0.45930701047542305,0.5028735632183908,-4.356655274296778,0.24437299035369775,0.2569420035149385,-1.256901316124076,0.6752827140549273,0.7307066102246825,-5.542389616975518,38435,196045
1628467,Maxi Kleber,2024-25,2024-25,1,1,DAL,1,50,636.7666666666667,1768.2333333333333,151,468,184,464,512,1348,549,1271,619,648,1860,1820,0.48855564325177586,0.5054347826086957,-1.6879139356919814,0.24552845528455283,0.2871564778463264,-4.1628022561773586,0.7177914110429447,0.7105956773853452,0.7195733657599512,38206,106094
1631113,Kennedy Chandler,2022-23,2025-26,2,2,"MEM,UTA",3,92,636.7166666666667,3799.2833333333333,208,443,197,482,1131,2924,1089,2867,651,679,4055,3956,0.48947368421052634,0.5061790038696792,-1.670531965915284,0.30144927536231886,0.28289144572286146,1.8557829639457402,0.6921875,0.7286319461749314,-3.6444446174931477,38203,227957
200745,Andrea Bargnani,2015-16,2015-16,1,1,BKN,1,55,633.5833333333334,2016.4166666666667,158,409,153,491,513,1474,504,1441,567,644,1987,1945,0.4682080924855491,0.5053407934893184,-3.713270100376925,0.24345146379044685,0.2625383828045036,-1.9086919014056736,0.7277580071174378,0.7451971688574317,-1.7439161739993936,38015,120985
2573,Maciej Lampe,2003-04,2005-06,3,4,"HOU,NOH,NOK,PHX",5,213,631.9166666666666,9632.083333333334,188,425,236,438,2665,6435,2761,6530,613,674,9100,9291,0.4763014763014763,0.4948072426730466,-1.850576637157031,0.3003194888178914,0.28983143012506796,1.0488058692823432,0.642965204236006,0.6997607655502392,-5.6795561314233245,37915,577925
1683,Larry Robinson,2000-01,2000-01,1,2,"ATL,CLE",3,35,631.9,1048.1,177,415,176,410,315,748,310,702,592,586,1063,1012,0.5025466893039049,0.512289156626506,-0.9742467322601089,0.30153321976149916,0.30973451327433627,-0.8201293512837105,0.7021996615905245,0.7069943289224953,-0.4794667331970759,37914,62886
1630579,Jericho Sims,2024-25,2024-25,1,2,"MIL,NYK",2,84,631.2,3420.8,178,472,157,427,821,2529,923,2413,650,584,3350,3336,0.526742301458671,0.5010469638049656,2.5695337653705352,0.29421487603305785,0.253865182436611,4.034969359644686,0.7503974562798092,0.7326187717265353,1.7778684553273916,37872,205248
216,Brian Shaw,2001-02,2001-02,1,1,LAL,2,80,628.0333333333333,3231.9666666666667,203,459,176,466,940,2305,1009,2254,662,642,3245,3263,0.5076687116564417,0.49861708666256915,0.905162499387252,0.3034379671150972,0.2943018159048215,0.9136151210275667,0.7228346456692913,0.6955340977670489,2.7300547902242456,37682,193918
1630572,Sandro Mamukelashvili,2022-23,2022-23,1,2,"MIL,SAS",2,80,626.3833333333333,3248.616666666667,205,444,165,491,912,2667,842,2474,649,656,3579,3316,0.49731800766283524,0.5190717911530094,-2.1753783490174152,0.29454022988505746,0.26934435912581217,2.5195870759245285,0.729064039408867,0.7600455970361927,-3.0981557627325684,37583,194917
1629006,Josh Okogie,2024-25,2024-25,1,2,"CHA,PHX",2,84,624.9166666666666,3417.0833333333335,224,441,176,440,878,2522,997,2578,665,616,3400,3575,0.5191256830601093,0.4874551971326165,3.167048592749283,0.3373493975903614,0.25405092592592593,8.32984716644355,0.7147487844408428,0.7166808752486502,-0.19320908078074295,37495,205025
145,Tracy Murray,2000-01,2003-04,2,3,"DEN,POR,TOR",3,95,623.4166666666666,3996.5833333333335,204,412,173,456,1261,2763,1152,2772,616,629,4024,3924,0.4947791164658635,0.5062908907901359,-1.1511774324272417,0.3090909090909091,0.3126704686337714,-0.35795595428623206,0.7042735042735043,0.7057471264367816,-0.14736221632772883,37405,239795
2760,Anderson Varejao,2015-16,2020-21,3,2,"CLE,GSW",4,137,623.3833333333333,6017.616666666667,196,466,155,477,1491,4663,1563,4245,662,632,6154,5808,0.5115919629057187,0.5144624644708243,-0.2870501565105599,0.2912332838038633,0.25993723849372385,3.129604531013946,0.750402576489533,0.748955991005461,0.14465854840720604,37403,361057
1630219,Skylar Mays,2022-23,2023-24,2,2,"LAL,POR",3,85,622.0333333333333,3497.9666666666667,172,394,164,495,871,2542,967,2539,566,659,3413,3506,0.4620408163265306,0.49327937563231683,-3.123855930578623,0.25787106446776614,0.255425219941349,0.24458445264171624,0.7060931899641577,0.7244229125106868,-1.8329722546529092,37322,209878
1628411,Wes Iwundu,2020-21,2021-22,2,3,"ATL,DAL,NOP",3,75,621.0833333333334,3003.9166666666665,172,469,166,491,725,2350,707,2282,641,657,3075,2989,0.4938366718027735,0.5070910290237467,-1.3254357220973179,0.2594268476621418,0.2411040904556036,1.8322757206538198,0.7385826771653543,0.7687275106313379,-3.0144833465983623,37265,180235
202721,Darius Morris,2013-14,2014-15,2,4,"BKN,LAC,MEM,PHI",4,91,611.8,3806.2,188,415,152,453,964,2722,1059,2708,603,605,3686,3767,0.4991721854304636,0.4945659465986851,0.46062388317785197,0.29329173166926675,0.2625272331154684,3.076449855379837,0.7319223985890653,0.7199153663052102,1.2007032283855024,36708,228372
1627362,Briante Weber,2015-16,2017-18,3,5,"CHA,GSW,HOU,MEM,MIA",6,84,610.1166666666667,3446.883333333333,207,382,133,471,797,2567,809,2570,589,604,3364,3379,0.49371332774518023,0.4988877354293341,-0.5174407684153892,0.3053097345132743,0.23670923670923671,6.8600497804037595,0.7417475728155339,0.7603672985781991,-1.861972576266513,36607,206813
1629610,DaQuan Jeffries,2020-21,2025-26,4,4,"HOU,MEM,NYK,SAC",8,135,607.45,5887.55,170,460,143,490,1697,4208,1525,4259,630,633,5905,5784,0.498812351543943,0.5051758063136282,-0.6363454769685251,0.25757575757575757,0.2849227669576897,-2.734700938193213,0.7628524046434494,0.7339961625675911,2.885624207585824,36447,353253
203957,Dante Exum,2019-20,2020-21,2,2,"CLE,UTA",3,78,601.75,3172.25,182,460,143,443,790,2399,779,2339,642,586,3189,3118,0.5228013029315961,0.5056286665609641,1.7172636370632044,0.2912,0.2524768296580377,3.8723170341962323,0.7628524046434494,0.7548772813089993,0.7975123334450052,36105,190335
202690,Jimmer Fredette,2013-14,2018-19,3,5,"CHI,NOP,NYK,PHX,SAC",5,101,600.8666666666667,4287.133333333333,171,426,170,446,1162,3017,1163,3006,597,616,4179,4169,0.4921681780708986,0.5005989458552946,-0.8430767784396054,0.2771474878444084,0.2787907869481766,-0.16432991037682032,0.714765100671141,0.7217703349282296,-0.7005234257088655,36052,257228
202419,Chris Johnson,2010-11,2012-13,3,4,"BOS,MIN,NOH,POR",6,131,598.5,5714.5,173,383,203,402,1487,3754,1515,3863,556,605,5241,5378,0.4788975021533161,0.4935492984273472,-1.465179627403107,0.3008695652173913,0.27794392523364486,2.2925639983746415,0.6535836177474402,0.712469159233251,-5.888554148581083,35910,342870
202336,Larry Sanders,2014-15,2016-17,2,2,"CLE,MIL",2,71,598.3166666666667,2859.6833333333334,157,431,180,437,658,2006,823,1964,588,617,2664,2787,0.4879668049792531,0.4887176664832141,-0.07508615039609756,0.26430976430976433,0.2509534706331045,1.3356293676659803,0.7054009819967266,0.7090844821491693,-0.3683500152442676,35899,171581
202357,Nemanja Bjelica,2020-21,2020-21,1,2,"MIA,SAC",2,72,595.1333333333333,2865.866666666667,129,412,135,439,685,2050,707,2111,541,574,2735,2818,0.4852017937219731,0.49252656221862057,-0.7324768496647482,0.22711267605633803,0.2449928469241774,-1.7880170867839356,0.753199268738574,0.7435618425825172,0.9637426156056783,35708,171952
1627742,Brandon Ingram,2024-25,2024-25,1,1,NOP,1,51,595.0166666666667,1862.9833333333333,181,412,171,431,573,1262,583,1447,593,602,1835,2030,0.49623430962343096,0.47477360931435963,2.1460700309071323,0.2957516339869281,0.28366336633663364,1.208826765029447,0.7066895368782161,0.6840108401084011,2.2678696769815043,35701,111779
201623,Semih Erden,2010-11,2010-11,1,2,"BOS,CLE",2,81,594.9666666666667,3313.0333333333333,126,385,159,387,757,2277,869,2197,511,546,3034,3066,0.48344370860927155,0.4973770491803279,-1.393334057105633,0.24561403508771928,0.25626269465132023,-1.0648659563600948,0.7077205882352942,0.7237762237762237,-1.6055635540929591,35698,198782
1630639,A.J. Lawson,2022-23,2024-25,2,3,"DAL,MIN,TOR",3,114,594.6333333333333,4912.366666666667,198,431,170,486,1161,3469,1367,3689,629,656,4630,5056,0.4894941634241245,0.47800949824488953,1.1484665179234965,0.2894736842105263,0.23938144329896907,5.009224091155725,0.7171381031613977,0.717328370554177,-0.01902673927792753,35678,294742
201991,Lester Hudson,2009-10,2014-15,4,5,"BOS,CLE,LAC,MEM,WAS",8,127,593.9833333333333,5562.016666666666,172,395,152,408,1587,3716,1537,3690,567,560,5303,5227,0.5031055900621118,0.5036087369420703,-0.05031468799585603,0.296551724137931,0.3007390562819784,-0.4187332144047373,0.7221206581352834,0.707405292213973,1.4715365921310397,35639,333721
200809,Chris Quinn,2009-10,2012-13,3,3,"CLE,NJN,SAS",3,140,593.65,6166.35,148,386,172,405,1591,4204,1632,4269,534,577,5795,5901,0.48064806480648065,0.49546853625171,-1.4820471445229355,0.26763110307414106,0.2715017064846416,-0.38706034105005505,0.6917562724014337,0.7203564084989719,-2.86001360975382,35619,369981
2101,Paul McPherson,2000-01,2000-01,1,2,"GSW,PHX",2,80,593.2166666666667,3271.7833333333333,247,359,184,389,1129,2215,939,2460,606,573,3344,3399,0.5139949109414759,0.49592169657422513,1.8073214367250734,0.38836477987421386,0.3145723042630259,7.379247561118795,0.6611418047882136,0.702282815472416,-4.11410106842024,35593,196307
201576,Anthony Randolph,2010-11,2010-11,1,2,"MIN,NYK",2,79,589.5833333333334,3222.4166666666665,165,404,161,442,857,2195,944,2307,569,603,3052,3251,0.4854948805460751,0.48421386641281927,0.128101413325582,0.27182866556836904,0.27085967130214916,0.09689942662198803,0.7150442477876107,0.6992672825740682,1.5776965213542438,35375,193345
2224,Jamaal Tinsley,2009-10,2009-10,1,1,MEM,1,73,588.65,2955.35,214,387,190,353,942,1979,747,1927,601,543,2921,2674,0.5253496503496503,0.5220732797140304,0.32763706356199185,0.37742504409171074,0.3283373997908679,4.908764430084283,0.6707105719237435,0.7259721203228173,-5.526154839907383,35319,177321
203518,Alex Abrines,2018-19,2018-19,1,1,OKC,1,55,588.2,2066.8,181,460,175,474,637,1607,514,1616,641,649,2244,2130,0.4968992248062015,0.5130315500685871,-1.6132325262385616,0.27633587786259545,0.28273413226808697,-0.6398254405491521,0.7244094488188977,0.7576614804337577,-3.325203161486001,35292,124008
399,Sean Rooks,2003-04,2003-04,1,2,"NOH,ORL",2,80,587.85,3282.15,179,360,192,409,1074,2174,958,2307,539,601,3248,3265,0.4728070175438597,0.4986949178565945,-2.58879003127348,0.304421768707483,0.31765749778172137,-1.3235729074238367,0.6521739130434783,0.6941251596424011,-4.195124659892279,35271,196929
203099,Jared Cunningham,2013-14,2015-16,3,5,"ATL,CLE,LAC,MIL,SAC",5,158,579.3166666666667,7059.683333333333,135,403,150,413,1739,5096,1815,5008,538,563,6835,6823,0.48864668483197093,0.5004393029726167,-1.1792618140645805,0.24635036496350365,0.2577441825996739,-1.1393817636170256,0.72875226039783,0.7373751989581826,-0.8622938560352567,34759,423581
203117,Doron Lamb,2012-13,2012-13,1,2,"MIL,ORL",2,81,577.6833333333333,3330.3166666666666,179,394,159,398,1019,2280,1035,2466,573,557,3299,3501,0.5070796460176992,0.48514705882352943,2.193258719416974,0.31022530329289427,0.29239598278335727,1.7829320509537006,0.7124773960216998,0.6877828054298643,2.469459059183554,34661,199819
1631109,Mark Williams,2024-25,2024-25,1,1,CHA,1,48,575.35,1743.65,178,430,156,484,584,1256,460,1271,608,640,1840,1731,0.48717948717948717,0.5152618314197703,-2.808234424028316,0.2688821752265861,0.3148247978436658,-4.594262261707971,0.7337883959044369,0.7319347319347319,0.18536639697049884,34521,104619
201974,Derrick Brown,2010-11,2010-11,1,2,"CHA,NYK",2,82,575.2833333333333,3385.7166666666667,160,380,149,357,895,2257,891,2309,540,506,3152,3200,0.5162523900573613,0.49622166246851385,2.0030727588847497,0.30947775628626695,0.2793383270911361,3.0139429195130854,0.718336483931947,0.7169631512071156,0.1373332724831422,34517,203143
1630846,Olivier Sarr,2021-22,2025-26,3,2,"CLE,OKC",5,79,573.9333333333333,3233.0666666666666,172,450,154,415,851,2340,879,2461,622,569,3191,3340,0.5222502099076406,0.4885928647986526,3.365734510898799,0.293015332197615,0.2569444444444444,3.6070887753170577,0.7450331125827815,0.7269338303821062,1.8099282200675249,34436,193984
203469,Cody Zeller,2021-22,2022-23,2,2,"MIA,POR",2,78,571.1666666666666,3182.8333333333335,182,413,122,404,748,2295,774,2394,595,526,3043,3168,0.5307760927743087,0.4899372081790372,4.083888459527152,0.310580204778157,0.2380649267982177,7.251527797993932,0.77196261682243,0.7478005865102639,2.4162030312166016,34270,190970
1891,Jason Terry,2013-14,2013-14,1,1,BKN,1,52,570.25,1950.75,153,346,153,404,427,1304,546,1351,499,557,1731,1897,0.4725378787878788,0.477122381477398,-0.458450268951921,0.2746858168761221,0.24015748031496062,3.4528336561161472,0.6933867735470942,0.7048648648648649,-1.1478091317770667,34215,117045
2056,Primoz Brezec,2007-08,2009-10,2,5,"CHA,DET,MIL,PHI,TOR",5,164,569.9333333333333,7367.066666666667,170,355,158,391,2016,4862,1879,4949,525,549,6878,6828,0.4888268156424581,0.5018240186779512,-1.2997203035493121,0.30303030303030304,0.2894472361809045,1.3583066849398528,0.6920077972709552,0.7212579735944222,-2.9250176323467048,34196,442024
203913,Jabari Brown,2014-15,2014-15,1,1,LAL,1,20,568.35,401.65,170,390,129,422,119,296,80,287,560,551,415,367,0.504050405040504,0.530690537084399,-2.6640132043894926,0.28716216216216217,0.29310344827586204,-0.5941286113699873,0.7514450867052023,0.7872340425531915,-3.5788955847989246,34101,24099
1626208,Keifer Sykes,2021-22,2021-22,1,1,IND,1,46,566.3333333333334,1666.6666666666667,144,369,155,423,534,1182,422,1170,513,578,1716,1592,0.4702108157653529,0.5187424425634825,-4.8531626798129555,0.25396825396825395,0.31338028169014087,-5.941202772188692,0.7041984732824428,0.7369077306733167,-3.2709257390873936,33980,100000
1629740,Nicolo Melli,2020-21,2020-21,1,2,"DAL,NOP",2,73,566.15,2947.85,184,420,122,440,804,2220,699,2075,604,562,3024,2774,0.5180102915951973,0.5215591583304587,-0.35488667352614467,0.2948717948717949,0.2792636332059743,1.5608161665820575,0.7749077490774908,0.7605344295991778,1.4373319478312996,33969,176871
2782,Matt Freije,2004-05,2006-07,2,2,"ATL,NOH",2,56,565.85,2177.15,162,364,148,395,693,1335,665,1458,526,543,2028,2123,0.4920486435921422,0.48855697422307875,0.34916693690634215,0.29084380610412924,0.32217573221757323,-3.1331926113443984,0.7109375,0.6675,4.343750000000002,33951,130629
1628515,Isaiah Briscoe,2018-19,2018-19,1,1,ORL,1,79,559.2333333333333,3252.766666666667,132,458,145,462,837,2498,744,2523,590,607,3335,3267,0.4928989139515455,0.5051499545592245,-1.225104060767901,0.2222222222222222,0.24910714285714286,-2.688492063492065,0.7595356550580431,0.770512029611351,-1.097637455330791,33554,195166
1629658,Jaylen Hoard,2020-21,2021-22,2,1,OKC,3,34,559.15,1072.85,162,414,156,433,332,814,266,893,576,589,1146,1159,0.4944206008583691,0.49718004338394794,-0.2759442525578859,0.2722689075630252,0.2710204081632653,0.12484993997599059,0.7263157894736842,0.7537037037037037,-2.7387914230019406,33549,64371
1601,Rusty LaRue,2001-02,2003-04,2,2,"GSW,UTA",3,42,558.9,1457.1,197,353,169,345,470,942,363,921,550,514,1412,1284,0.5169172932330827,0.5237388724035609,-0.6821579170478209,0.3634686346863469,0.3378864126527678,2.558222203357907,0.6762452107279694,0.7218390804597701,-4.559386973180068,33534,87426
101130,Johan Petro,2008-09,2008-09,1,2,"DEN,OKC",2,81,558.7333333333333,3334.266666666667,151,371,144,426,958,2293,982,2216,522,570,3251,3198,0.47802197802197804,0.5041091642115056,-2.60871861895276,0.2616984402079723,0.3018273471959672,-4.012890698799493,0.7203883495145631,0.7001526717557252,2.0235677758837944,33524,200056
1629164,Brandon Goodwin,2018-19,2021-22,2,2,"CLE,DEN",3,107,558.6166666666667,4592.383333333333,156,386,132,395,1270,3456,1164,3324,542,527,4726,4488,0.5070159027128157,0.5129151291512916,-0.5899226438475846,0.2831215970961887,0.2764475402699173,0.6674056826271424,0.7451737451737451,0.7480519480519481,-0.2878202878202951,33517,275543
1631111,Wendell Moore Jr.,2024-25,2025-26,2,2,"CHA,DET",3,153,558.4833333333333,6830.516666666666,173,388,150,431,2155,4997,1932,4750,561,581,7152,6682,0.4912434325744308,0.5169871331502096,-2.5743700575778794,0.28642384105960267,0.3120926864590876,-2.566884539948494,0.7211895910780669,0.7211718862750758,0.0017704802991125312,33509,409831
76,Cedric Ceballos,2000-01,2000-01,1,2,"DET,MIA",2,83,557.0,3462.0,171,379,166,356,841,2366,949,2374,550,522,3207,3323,0.5130597014925373,0.4911179173047473,2.1941784187790025,0.32447817836812143,0.26158631415241057,6.2891864215710855,0.6954128440366972,0.7137254901960784,-1.8312646159381218,33420,207720
1626158,Richaun Holmes,2023-24,2023-24,1,2,"DAL,WAS",2,84,554.15,3487.85,170,397,149,440,819,2491,995,2727,567,589,3310,3722,0.49048442906574397,0.4707053469852105,1.9779082080533472,0.2786885245901639,0.23096446700507614,4.772405758508777,0.7271062271062271,0.7145725760183591,1.253365108786797,33249,209271
699,Brent Barry,2007-08,2007-08,1,1,SAS,2,64,554.0833333333334,2527.9166666666665,144,387,118,382,560,1776,591,1699,531,500,2336,2290,0.5150339476236664,0.5049718979680069,1.0062049655659489,0.2737642585551331,0.2478972996901284,2.58669588650047,0.7663366336633664,0.7503168567807351,1.6019776882631231,33245,151675
1629140,Johnathan Williams,2018-19,2019-20,2,2,"LAL,WAS",3,121,551.4333333333333,5286.566666666667,196,415,147,401,1340,4083,1455,4136,611,548,5423,5591,0.5271786022433133,0.49237334301797714,3.4805259225336114,0.32830820770519265,0.24470416362308253,8.36040440821101,0.7384341637010676,0.7372697724810401,0.11643912200275386,33086,317194
1631207,Dalen Terry,2025-26,2025-26,1,2,"CHI,PHI",2,81,551.0333333333333,3346.9666666666667,170,412,186,453,899,2572,956,2517,582,639,3471,3473,0.47665847665847666,0.49985599078341014,-2.319751412493348,0.27287319422150885,0.2631733021077283,0.9699892113780528,0.6889632107023411,0.7290249433106576,-4.0061732608316465,33062,200818
919,Loy Vaught,2000-01,2000-01,1,2,"DAL,WAS",2,82,548.3833333333333,3407.616666666667,153,353,153,375,922,2283,1065,2295,506,528,3205,3360,0.48936170212765956,0.4881949733434882,0.11667287841713447,0.2897727272727273,0.2866024246192104,0.31703026535168655,0.6976284584980237,0.681899641577061,1.572881692096273,32903,204457
2044,Jason Collier,2003-04,2003-04,1,1,ATL,1,20,546.4833333333333,428.51666666666665,161,379,157,360,138,267,124,295,540,517,405,419,0.510879848628193,0.49150485436893204,1.937499425926098,0.30902111324376197,0.3187066974595843,-0.9685584215822329,0.707089552238806,0.6828644501278772,2.4225102110928765,32789,25711
386,Elliot Perry,2000-01,2001-02,2,3,"MEM,ORL,PHX",4,80,546.05,3323.95,153,369,159,371,1001,2250,923,2323,522,530,3251,3246,0.49619771863117873,0.5003847929813761,-0.41870743501973284,0.2919847328244275,0.30114320096269553,-0.9158468138268039,0.6988636363636364,0.7091080995902931,-1.024446322665673,32763,199437
2223,Samuel Dalembert,2014-15,2014-15,1,1,NYK,1,37,543.5833333333334,1247.4166666666667,144,347,169,377,338,795,342,859,491,546,1133,1201,0.4734811957569913,0.48543273350471294,-1.195153774772162,0.2763915547024952,0.28237259816207183,-0.5981043459576618,0.6724806201550387,0.6992084432717678,-2.6727823116729055,32615,74845
1628420,Monte Morris,2023-24,2025-26,2,3,"DET,IND,MIN",3,89,540.6666666666666,3756.3333333333335,136,410,123,424,1012,2675,1019,2716,546,547,3687,3735,0.49954254345837146,0.4967663702506063,0.27761732077651313,0.24285714285714285,0.27145922746781115,-2.8602084610668292,0.7692307692307693,0.7241472658364916,4.5083503394277695,32440,225380
323,Greg Foster,2002-03,2002-03,1,1,TOR,1,31,539.0166666666667,958.9833333333333,159,322,144,398,287,597,269,670,481,542,884,939,0.4701857282502444,0.48491497531541417,-1.472924706516976,0.28545780969479356,0.2998955067920585,-1.4437697097264945,0.6909871244635193,0.6893764434180139,0.16106810455054354,32341,57539
281,Scott Williams,2003-04,2003-04,1,2,"DAL,PHX",2,83,535.2666666666667,3458.733333333333,151,356,141,378,1027,2342,1031,2381,507,519,3369,3412,0.49415204678362573,0.49682937619820083,-0.26773294145751025,0.28544423440453687,0.30134976525821594,-1.5905530853679073,0.716297786720322,0.6943373851171064,2.196040160321555,32116,207524
203128,Furkan Aldemir,2014-15,2014-15,1,1,PHI,1,58,534.8333333333334,2264.1666666666665,212,360,147,386,640,1592,681,1787,572,533,2232,2468,0.5176470588235295,0.4748936170212766,4.275344180225288,0.35451505016722407,0.26370004120313145,9.081500896409262,0.7100591715976331,0.7003959524857017,0.9663219111931354,32090,135850
202325,Wesley Johnson,2018-19,2018-19,1,2,"NOP,WAS",2,81,533.9333333333333,3364.0666666666666,155,416,146,425,913,2621,908,2502,571,571,3534,3410,0.5,0.5089285714285714,-0.8928571428571397,0.2672413793103448,0.26734992679355785,-0.010854748321303953,0.7402135231316725,0.7427033153867951,-0.24897922551225804,32036,201844
200784,Bobby Jones,2007-08,2007-08,1,5,"DEN,HOU,MEM,MIA,SAS",6,65,530.35,2609.65,121,368,148,379,706,1946,775,1867,489,527,2652,2642,0.4812992125984252,0.5009444654325652,-1.9645252834140037,0.242,0.274387874076953,-3.2387874076952983,0.7131782945736435,0.715178243292907,-0.19999487192635668,31821,156579
201632,Hamed Haddadi,2011-12,2012-13,2,2,"MEM,PHX",3,134,527.4833333333333,5954.516666666666,187,382,169,365,1891,3873,1582,3930,569,534,5764,5512,0.5158658204895739,0.5111741752394466,0.4691645250127219,0.338768115942029,0.3248582717746092,1.3909844167419805,0.6932849364791288,0.7099908340971586,-1.6705897618029764,31649,357271
1627855,Okaro White,2016-17,2018-19,3,2,"MIA,WAS",3,109,527.1666666666666,4729.833333333333,154,371,130,364,1136,3456,1152,3503,525,494,4592,4655,0.5152109911678115,0.49659348978046935,1.8617501387342195,0.2972972972972973,0.24488036214701445,5.241693515028286,0.7405189620758483,0.75,-0.948103792415167,31630,283790
1630590,Scotty Pippen Jr.,2023-24,2023-24,1,1,MEM,1,42,526.8666666666667,1499.1333333333334,139,363,140,413,458,1031,401,1141,502,553,1489,1542,0.4758293838862559,0.49125701088749585,-1.5427627001239952,0.25181159420289856,0.2864290181363352,-3.4617423933436644,0.7216699801192843,0.7199720670391061,0.16979130801781928,31612,89948
1630175,Cole Anthony,2025-26,2025-26,1,1,MIL,1,49,526.6166666666667,1840.3833333333334,128,383,158,404,421,1327,546,1352,511,562,1748,1898,0.4762348555452004,0.4794295117937466,-0.31946562485462016,0.24060150375939848,0.23745064861816131,0.3150855141237169,0.7079482439926063,0.7084890549919914,-0.05408109993851884,31597,110423
2873,Billy Thomas,2004-05,2007-08,3,3,"CLE,NJN,WAS",5,93,523.0666666666667,3960.9333333333334,136,329,151,361,1179,2550,1046,2664,465,512,3729,3710,0.4759467758444217,0.501277053367388,-2.533027752296635,0.27364185110663986,0.30679156908665106,-3.3149717980011206,0.6854166666666667,0.7091212458286985,-2.3704579162031836,31384,237656
1641732,Colby Jones,2024-25,2025-26,2,3,"DET,SAC,WAS",3,94,521.4166666666666,4025.5833333333335,144,362,170,397,1143,2990,1177,3005,506,567,4133,4182,0.47157502329916123,0.49705351773902584,-2.5478494439864607,0.266173752310536,0.27555448408871747,-0.9380731778181439,0.6804511278195489,0.7175425965922726,-3.7091468772723735,31285,241535
988,Randy Livingston,2000-01,2006-07,7,6,"CHI,GSW,LAC,NOH,SEA,UTA",7,80,520.5,3329.5,173,339,146,355,990,2170,961,2148,512,501,3160,3109,0.5054294175715696,0.50406763439145,0.13617831801195912,0.32765151515151514,0.3154875717017208,1.2163943449794323,0.6989690721649484,0.693069306930693,0.5899765234255394,31230,199770
1628463,Tyler Cavanaugh,2017-18,2017-18,1,1,ATL,1,73,518.45,2990.55,148,350,119,386,721,2176,804,2250,498,505,2897,3054,0.4965104685942173,0.48680893967400435,0.9701528920212976,0.27715355805243447,0.24267923258162236,3.447432547081211,0.746268656716418,0.7302013422818792,1.6067314434538793,31107,179433
202178,Sundiata Gaines,2009-10,2010-11,2,4,"MIN,NJN,TOR,UTA",4,105,517.5333333333333,4567.466666666666,172,350,148,346,1272,3118,1225,3039,522,494,4390,4264,0.5137795275590551,0.5072798705800786,0.6499656978976476,0.33204633204633205,0.2950591510090466,3.6987181037285435,0.7028112449799196,0.7179369099700668,-1.5125664990147114,31052,274048
203104,Marquis Teague,2013-14,2017-18,2,3,"BKN,CHI,MEM",3,89,516.1166666666667,3810.883333333333,147,342,146,367,974,2558,1042,2590,489,513,3532,3632,0.4880239520958084,0.49302065884980456,-0.49967067539961607,0.28599221789883267,0.2732884399551066,1.270377794372607,0.7008196721311475,0.7105555555555556,-0.973588342440812,30967,228653
101115,Andrew Bynum,2013-14,2013-14,1,2,"CLE,IND",2,71,515.5333333333333,2942.4666666666667,160,364,156,390,820,2128,783,2059,524,546,2948,2842,0.4897196261682243,0.509153713298791,-1.9434087130566713,0.2909090909090909,0.2848211184439041,0.6087972465186775,0.7,0.7310202679491584,-3.1020267949158464,30932,176548
1629033,Theo Pinson,2019-20,2021-22,2,2,"BKN,DAL",3,117,513.5833333333334,5147.416666666667,133,414,161,423,1337,4068,1337,3871,547,584,5405,5208,0.48364279398762156,0.5092810703853764,-2.5638276397754844,0.2392086330935252,0.2567204301075269,-1.7511797014001684,0.72,0.7526364477335801,-3.26364477335801,30815,308845
201934,Hasheem Thabeet,2010-11,2011-12,2,3,"HOU,MEM,POR",4,149,511.93333333333334,6720.066666666667,162,299,174,348,1934,4467,1872,4524,461,522,6401,6396,0.46897253306205494,0.5001953582870985,-3.1222825225043547,0.3176470588235294,0.2994735212139981,1.8173537609531276,0.6321353065539113,0.7046852815901562,-7.2549975036244945,30716,403204
1630273,Freddie Gillespie,2020-21,2021-22,2,2,"ORL,TOR",2,31,510.5833333333333,987.4166666666666,128,360,141,406,234,721,239,769,488,547,955,1008,0.4714975845410628,0.48650025471217523,-1.5002670171112453,0.2397003745318352,0.2333000997008973,0.6400274830937913,0.718562874251497,0.7510416666666667,-3.247879241516971,30635,59245
2499,Richie Frahm,2005-06,2007-08,2,3,"HOU,LAC,MIN",3,91,505.5,3887.5,138,330,143,343,957,2592,1074,2568,468,486,3549,3642,0.49056603773584906,0.49353358364622446,-0.2967545910375402,0.2869022869022869,0.2714893617021277,1.5412925200159244,0.6976744186046512,0.707037643207856,-0.9363224603204823,30330,233250
932,Oliver Miller,2003-04,2003-04,1,1,MIN,1,60,504.8833333333333,2375.116666666667,109,356,153,341,666,1748,702,1542,465,494,2414,2244,0.4848800834202294,0.5182481751824818,-3.336809176225236,0.24222222222222223,0.3016304347826087,-5.940821256038648,0.6994106090373281,0.713469387755102,-1.4058778717773945,30293,142507
101194,Anthony Roberson,2006-07,2008-09,2,3,"CHI,GSW,NYK",3,114,502.31666666666666,4994.683333333333,129,328,160,416,1379,3405,1492,3539,457,576,4784,5031,0.44240077444336884,0.48741721854304637,-4.501644409967753,0.23669724770642203,0.28039853599023995,-4.370128828381792,0.6721311475409836,0.6953236675515622,-2.319252001057859,30139,299681
2261,Kenny Satterfield,2002-03,2002-03,1,2,"DEN,PHI",2,57,498.5833333333333,2252.4166666666665,194,294,123,358,709,1464,591,1486,488,481,2173,2077,0.5036119711042312,0.5112941176470588,-0.7682146542827617,0.35144927536231885,0.32300683371298405,2.844244164933479,0.7050359712230215,0.7124087591240876,-0.7372787901066102,29915,135145
201603,Sonny Weems,2015-16,2015-16,1,2,"PHI,PHX",2,73,498.35,3010.65,152,349,110,401,815,2156,805,2305,501,511,2971,3110,0.4950592885375494,0.4885709587238941,0.6488329813655269,0.27486437613019893,0.26121794871794873,1.3646427412250195,0.7603485838779956,0.7281323877068558,3.22161961711398,29901,180639
1631218,Trayce Jackson-Davis,2025-26,2025-26,1,2,"GSW,TOR",2,81,496.01666666666665,3401.983333333333,187,351,140,341,912,2382,1012,2470,538,481,3294,3482,0.5279685966633955,0.48612750885478156,4.18410878086139,0.3541666666666667,0.2696629213483146,8.450374531835209,0.714867617107943,0.7018267530936948,1.30408640142482,29761,204119
200839,Mike Harris,2007-08,2013-14,4,3,"HOU,UTA,WAS",6,95,495.6333333333333,4094.366666666667,187,357,153,358,1149,2747,1077,2862,544,511,3896,3939,0.5156398104265403,0.49725590299936184,1.8383907427178436,0.3431192660550459,0.28646222887060585,5.665703718444004,0.7,0.7183577405857741,-1.8357740585774107,29738,245662
1628391,D.J. Wilson,2020-21,2023-24,3,4,"HOU,MIL,PHI,TOR",6,92,495.28333333333336,3925.7166666666667,118,389,136,404,1095,2995,983,2974,507,540,4090,3957,0.48424068767908307,0.508263949297875,-2.4023261618791922,0.2260536398467433,0.26910788891619564,-4.305424906945235,0.7409523809523809,0.7528908999497235,-1.193851899734255,29717,235543
1626195,Willy Hernangomez,2017-18,2017-18,1,2,"CHA,NYK",2,84,494.35,3572.65,137,381,101,386,914,2695,895,2575,518,487,3609,3470,0.5154228855721393,0.5098177708715921,0.5605114700547253,0.26195028680688337,0.26196617942103756,-0.00158926141541893,0.7904564315352697,0.7506963788300836,3.976005270518612,29661,214359
201986,Nando De Colo,2013-14,2013-14,1,2,"SAS,TOR",2,83,494.31666666666666,3534.6833333333334,139,338,125,325,818,2556,943,2398,477,450,3374,3341,0.5145631067961165,0.5024571854058079,1.2105921390308638,0.2995689655172414,0.2543532338308458,4.521573168639559,0.7300215982721382,0.7304944269791369,-0.047282870699871804,29659,212081
203111,Orlando Johnson,2013-14,2015-16,2,4,"IND,NOP,PHX,SAC",4,74,493.98333333333335,3083.016666666667,154,351,142,373,839,2390,758,2075,505,515,3229,2833,0.4950980392156863,0.5326624876278456,-3.7564448412159335,0.2922201138519924,0.287920384351407,0.42997295005854363,0.7119675456389453,0.7592121982210928,-4.7244652582147495,29639,184981
1643016,Bez Mbeng,2025-26,2025-26,1,1,UTA,2,16,492.18333333333334,275.81666666666666,153,337,153,391,74,201,71,223,490,544,275,294,0.4738878143133462,0.4833040421792619,-0.9416227865915672,0.28125,0.24915824915824916,3.209175084175084,0.6877551020408164,0.7389705882352942,-5.12154861944778,29531,16549
1629644,KZ Okpala,2021-22,2022-23,2,2,"MIA,SAC",2,114,491.9,5030.1,127,372,128,363,1256,3647,1219,3549,499,491,4903,4768,0.5040404040404041,0.5069796298211147,-0.2939225780710597,0.25918367346938775,0.2613943808532778,-0.22107073838900648,0.744,0.7494862309905467,-0.5486230990546681,29514,301806
1629599,Amir Coffey,2025-26,2025-26,1,2,"MIL,PHX",2,79,490.5,3326.5,135,340,158,347,907,2337,952,2472,475,505,3244,3424,0.4846938775510204,0.486502699460108,-0.1808821909087599,0.2800829875518672,0.2684226102397159,1.1660377312151304,0.6827309236947792,0.7105503192459715,-2.7819395551192283,29430,199590
3,Grant Long,2002-03,2002-03,1,1,BOS,1,44,489.6666666666667,1632.3333333333333,119,345,127,343,402,1074,460,1227,464,470,1476,1687,0.49678800856531047,0.466645589630098,3.0142418935212465,0.25757575757575757,0.24677716390423574,1.0798593671521832,0.7309322033898306,0.7001303780964798,3.0801825293350737,29380,97940
1631166,Drew Timme,2024-25,2025-26,2,2,"BKN,LAL",2,75,488.96666666666664,3116.0333333333333,113,348,140,371,776,2192,859,2154,461,511,2968,3013,0.4742798353909465,0.4962380872763752,-2.1958251885428712,0.2334710743801653,0.26484641638225254,-3.1375342002087248,0.7131147540983607,0.7184529662405769,-0.5338212142216192,29338,186962
1629676,Isaiah Roby,2019-20,2022-23,2,2,"OKC,SAS",2,88,485.01666666666665,3763.983333333333,139,343,120,383,1044,2672,1027,2804,482,503,3716,3831,0.48934010152284263,0.49238107857426794,-0.30409770514253087,0.2662835249042146,0.2713097713097713,-0.5026246405556711,0.7408207343412527,0.7223573938902406,1.8463340451012167,29101,225839
201574,Jason Thompson,2015-16,2015-16,1,2,"GSW,TOR",2,78,482.21666666666664,3291.7833333333333,129,364,124,357,852,2625,936,2305,493,481,3477,3241,0.5061601642710473,0.5175647514141113,-1.1404587143064027,0.2654320987654321,0.2698764649984162,-0.44443662329841094,0.7459016393442623,0.7371524852569503,0.8749154087312028,28933,197507
201966,Jermaine Taylor,2010-11,2010-11,1,2,"HOU,SAC",2,83,482.1333333333333,3546.866666666667,150,323,118,330,1072,2431,970,2431,473,448,3503,3401,0.5135722041259501,0.5073870220162224,0.6185182109727627,0.3125,0.306023408506994,0.6476591493006001,0.7324263038548753,0.7147897677153778,1.763653613949745,28928,212812
1627858,Kyle Collinsworth,2017-18,2017-18,1,1,DAL,4,49,479.51666666666665,1892.4833333333333,146,351,103,377,355,1369,452,1524,497,480,1724,1976,0.5087001023541453,0.46594594594594596,4.275415640819935,0.27915869980879543,0.18893028206492815,9.022841774386729,0.7731277533039648,0.7517847336628226,2.134301964114216,28771,113549
200779,Steve Novak,2010-11,2016-17,4,5,"DAL,MIL,OKC,SAS,UTA",7,273,478.2,12680.8,134,307,158,342,3487,9176,3379,8568,441,500,12663,11947,0.46865037194473963,0.5145469321414059,-4.589656019666627,0.2815126050420168,0.2892575694732476,-0.7744964431230794,0.6602150537634408,0.7308641975308642,-7.064914376742337,28692,760848
1629022,Lonnie Walker IV,2024-25,2024-25,1,1,PHI,1,27,476.71666666666664,824.2833333333333,148,332,149,356,233,534,270,625,480,505,767,895,0.4873096446700508,0.4614921780986763,2.5817466571374457,0.29365079365079366,0.2715617715617716,2.208902208902208,0.6902286902286903,0.664179104477612,2.6049585751078297,28603,49457
2429,Dan Gadzuric,2010-11,2011-12,2,3,"GSW,NJN,NYK",3,85,475.8333333333333,3649.1666666666665,175,299,127,345,988,2323,1084,2563,474,472,3311,3647,0.5010570824524313,0.47585513078470826,2.5201951667723046,0.33653846153846156,0.278231484088989,5.830697744947255,0.7018779342723005,0.6818315233343117,2.0046410937988757,28550,218950
2560,Zarko Cabarkapa,2004-05,2004-05,1,2,"GSW,PHX",2,81,475.45,3442.55,153,317,134,334,1060,2358,1214,2457,470,468,3418,3671,0.5010660980810234,0.4821554521089011,1.891064597212233,0.3141683778234086,0.3013932328689224,1.2775144954486228,0.7028824833702882,0.6601343784994401,4.274810487084812,28527,206553
1629076,Tyler Cook,2019-20,2020-21,2,4,"BKN,CLE,DEN,DET",6,90,475.1666666666667,3874.8333333333335,112,353,121,352,1045,2843,952,2842,465,473,3888,3794,0.4957356076759062,0.506118198385837,-1.0382590709930861,0.2413793103448276,0.26884486750707487,-2.7465557162247274,0.7447257383966245,0.7491436100131752,-0.4417871616550717,28510,232490
203492,Ray McCallum,2015-16,2015-16,1,2,"MEM,SAS",2,69,474.31666666666666,2837.6833333333334,139,343,119,343,701,2137,664,1918,482,462,2838,2582,0.510593220338983,0.5236162361623616,-1.3023015823378614,0.2883817427385892,0.26765941198930887,2.0722330749280315,0.7424242424242424,0.7629418064976794,-2.0517564073436967,28459,170261
1630587,Isaiah Livers,2023-24,2023-24,1,1,DET,1,39,469.3833333333333,1412.6166666666666,125,310,131,357,404,1020,354,1021,435,488,1424,1375,0.4712892741061755,0.5087531261164702,-3.7463852010294674,0.25933609958506226,0.28350877192982454,-2.417267234476228,0.7029478458049887,0.74235807860262,-3.941023279763134,28163,84757
1641736,Reece Beekman,2024-25,2024-25,1,2,"BKN,GSW",2,82,469.3,3481.7,149,299,107,369,1073,2511,954,2613,448,476,3584,3567,0.48484848484848486,0.501188644944763,-1.6340160096278145,0.2876447876447876,0.29110146500271294,-0.34566773579253196,0.7364532019704434,0.7246753246753247,1.17778772951187,28158,208902
203148,Brian Roberts,2015-16,2015-16,1,2,"CHA,POR",2,80,468.8666666666667,3416.133333333333,126,350,102,380,820,2631,856,2617,476,482,3451,3473,0.4968684759916493,0.4984113229347198,-0.15428469430704972,0.2490118577075099,0.23858015711376201,1.0431700593747872,0.7743362831858407,0.7545167765987956,1.9819506587045121,28132,204968
1629678,Admiral Schofield,2021-22,2021-22,1,1,ORL,1,53,468.76666666666665,2095.233333333333,105,353,130,391,470,1638,527,1681,458,521,2108,2208,0.46782431052093976,0.48841519925857274,-2.059088873763298,0.21169354838709678,0.21850302185030218,-0.6809473463205401,0.7308488612836439,0.7565819861431871,-2.5733124859543155,28126,125714
1631110,Jeremy Sochan,2025-26,2025-26,1,2,"NYK,SAS",2,81,468.56666666666666,3424.4333333333334,150,320,131,329,1002,2622,907,2402,470,460,3624,3309,0.5053763440860215,0.5227174383383817,-1.734109425236019,0.31315240083507306,0.29435957696827264,1.8792823866800423,0.7095343680709535,0.742986681779541,-3.3452313708587478,28114,205466
1630539,Kai Jones,2024-25,2024-25,1,2,"DAL,LAC",2,80,468.3666666666667,3386.633333333333,104,355,133,333,847,2471,864,2445,459,466,3318,3309,0.4962162162162162,0.5006790402897239,-0.44628240735076763,0.2379862700228833,0.25729040097205347,-1.9304130949170162,0.7274590163934426,0.7409295352323838,-1.3470518838941237,28102,203198
1052,Ben Handlogten,2003-04,2004-05,2,1,UTA,2,77,466.15,3244.85,144,256,117,255,1046,2040,859,1962,400,372,3086,2821,0.5181347150259067,0.5224310140511258,-0.4296299025219108,0.3609022556390977,0.34773936170212766,1.3162893936970066,0.6863270777479893,0.7036909279061745,-1.7363850158185201,27969,194691
1628403,Caleb Swanigan,2018-19,2019-20,2,2,"POR,SAC",4,154,466.15,6980.85,119,349,131,353,1897,5332,1774,5298,468,484,7229,7072,0.49159663865546216,0.5054891266345011,-1.3892487979038914,0.2521186440677966,0.2636553161917999,-1.1536672124003278,0.7270833333333333,0.7503518153672952,-2.3268482033961924,27969,418851
1629139,Yuta Watanabe,2023-24,2023-24,1,2,"MEM,PHX",2,82,464.35,3496.65,134,330,152,328,953,2537,969,2424,464,480,3490,3393,0.4915254237288136,0.5070463460700276,-1.552092234121405,0.29004329004329005,0.2822031388806633,0.7840151162626763,0.6846473029045643,0.7236166571591557,-3.896935425459136,27861,209799
101182,Donell Taylor,2005-06,2005-06,1,1,WAS,1,78,461.15,3312.85,130,276,130,300,1039,2147,918,2241,406,430,3186,3159,0.48564593301435405,0.502127659574468,-1.6481726560113985,0.3023255813953488,0.31676829268292683,-1.4442711287578014,0.6798029556650246,0.700489396411093,-2.06864407460684,27669,198771
2449,Luis Scola,2016-17,2016-17,1,1,BKN,1,58,460.93333333333334,2338.0666666666666,121,332,123,358,524,1819,688,1855,453,481,2343,2543,0.48501070663811563,0.4795333606221858,0.5477346015929807,0.25260960334029225,0.22026061370323666,3.2348989637055596,0.7296703296703296,0.7255684084563223,0.410192121400732,27656,140284
203948,Johnny O'Bryant III,2016-17,2017-18,2,2,"CHA,DEN",4,90,459.6666666666667,3880.3333333333335,121,331,102,391,1047,2881,817,2867,452,493,3928,3684,0.4783068783068783,0.5160273252758802,-3.7720446969001955,0.236328125,0.26750127746550845,-3.1173152465508447,0.7644341801385681,0.7790697674418605,-1.4635587303292397,27580,232820
101142,Ronny Turiaf,2005-06,2014-15,3,4,"LAL,MIA,MIN,WAS",4,132,459.6166666666667,5911.383333333333,110,291,122,318,1735,3948,1619,4121,401,440,5683,5740,0.4768133174791914,0.4975050337039307,-2.0691716224739256,0.2570093457943925,0.2962773224043716,-3.9267976609979103,0.7046004842615012,0.7091790910723909,-0.45786068108896183,27577,354683
702,Voshon Lenard,2005-06,2005-06,1,2,"DEN,POR",2,84,457.73333333333335,3614.266666666667,124,274,139,315,922,2363,1047,2472,398,454,3285,3519,0.4671361502347418,0.4828042328042328,-1.5668082569490982,0.2824601366742597,0.27165586328815555,1.0804273386104124,0.6634382566585957,0.6929618768328446,-2.952362017424892,27464,216856
1629048,Goga Bitadze,2022-23,2022-23,1,2,"IND,ORL",2,80,456.8,3393.2,174,331,107,310,907,2402,950,2562,505,417,3309,3512,0.5477223427331888,0.4851194839466354,6.260285878655337,0.359504132231405,0.26145863361199195,9.804549861941304,0.7557077625570776,0.7165871121718377,3.912065038523993,27408,203592
200818,Justin Williams,2006-07,2007-08,2,2,"HOU,SAC",3,108,456.03333333333336,4752.966666666666,132,304,116,320,1140,3173,1323,3346,436,436,4313,4669,0.5,0.48018258739701625,1.9817412602983753,0.2920353982300885,0.2541239411502452,3.7911457079843283,0.7238095238095238,0.7057384341637011,1.8071089645822713,27362,285178
1628408,P.J. Dozier,2021-22,2024-25,3,3,"DEN,MIN,SAC",4,106,454.7,4658.3,108,316,114,351,1152,3469,1161,3372,424,465,4621,4533,0.4769403824521935,0.5048066419051781,-2.78662594529846,0.23529411764705882,0.2546419098143236,-1.9347792167264788,0.7348837209302326,0.749244060475162,-1.4360339544929435,27282,279498
2246,Mehmet Okur,2011-12,2011-12,1,1,NJN,1,44,453.71666666666664,1663.2833333333333,140,268,113,305,497,1065,504,1120,408,418,1562,1624,0.4939467312348668,0.49026993094789706,0.36768002869697614,0.3146067415730337,0.30735930735930733,0.7247434213726367,0.7034120734908137,0.6787762906309751,2.4635782859838584,27223,99797
1628436,Luke Kornet,2020-21,2021-22,2,4,"BOS,CHI,CLE,MIL",5,106,450.78333333333336,4672.216666666666,94,370,94,346,1183,3599,1177,3382,464,440,4782,4559,0.5132743362831859,0.5119366234878493,0.13377127953365653,0.21363636363636362,0.25914567360350493,-4.550930996714131,0.7974137931034483,0.7535594639865997,4.385432911684861,27047,280333
1629103,Kelan Martin,2021-22,2021-22,1,2,"BOS,IND",2,48,449.6166666666667,1869.3833333333334,128,318,117,337,511,1402,464,1347,446,454,1913,1811,0.4955555555555556,0.5136949516648764,-1.813939610932086,0.2752688172043011,0.27502691065662,0.02419065476810811,0.7310344827586207,0.7513397642015005,-2.0305281442879797,26977,112163
2370,Mengke Bateer,2001-02,2003-04,2,2,"DEN,TOR",2,60,446.73333333333335,2468.266666666667,141,281,121,309,678,1627,706,1657,422,430,2305,2363,0.4953051643192488,0.49378748928877464,0.15176750304741748,0.31333333333333335,0.2903640256959315,2.2969307637401846,0.6990049751243781,0.6973853407629661,0.16196343614119924,26804,148096
1628539,Mychal Mulder,2019-20,2021-22,2,3,"GSW,MIA,ORL",4,51,443.25,2009.75,101,336,115,362,501,1487,523,1506,437,477,1988,2029,0.47811816192560175,0.49489668907144635,-1.6778527145844602,0.21814254859611232,0.24962630792227206,-3.148375932615974,0.7450110864745011,0.7398009950248756,0.5210091449625476,26595,120585
1628394,Anzejs Pasecniks,2019-20,2020-21,2,1,WAS,2,58,443.2,2355.8,130,314,108,352,594,1711,620,1878,444,460,2305,2498,0.4911504424778761,0.4799083905892151,1.1242051888661009,0.2697095435684647,0.24029126213592233,2.941828143254238,0.7440758293838863,0.734019734019734,1.0056095364152307,26592,141348
1505,Tariq Abdul-Wahad,2001-02,2001-02,1,2,"DAL,DEN",2,78,442.3833333333333,3331.616666666667,154,279,129,322,1020,2245,1022,2333,433,451,3265,3355,0.48981900452488686,0.493202416918429,-0.3383412393542118,0.3235294117647059,0.3042051893826424,1.9324222382063494,0.6838235294117647,0.687174778083869,-0.33512486721042345,26543,199897
201633,Rob Kurz,2008-09,2008-09,1,1,GSW,1,79,441.85,3385.15,148,309,147,357,906,2271,1166,2420,457,504,3177,3586,0.4755463059313215,0.46976193996747007,0.5784365963851457,0.29306930693069305,0.2723992784125075,2.0670028518185557,0.6776315789473685,0.6607506546406751,1.6880924306693412,26511,203109
201785,Othyus Jeffers,2009-10,2013-14,3,4,"MIN,SAS,UTA,WAS",5,54,441.56666666666666,2185.4333333333334,166,297,129,247,617,1484,600,1508,463,376,2101,2108,0.5518474374255066,0.49916844856260395,5.267898886290262,0.4019370460048426,0.2903529411764706,11.1584104828372,0.6971830985915493,0.7120921305182342,-1.4909031926684913,26494,131126
201161,Daequan Cook,2012-13,2012-13,1,2,"CHI,HOU",2,83,440.65,3583.35,136,291,111,322,1060,2531,934,2457,427,433,3591,3391,0.4965116279069767,0.5143225436837582,-1.7810915776781455,0.29694323144104806,0.3013932328689224,-0.44500014278743283,0.7238805970149254,0.7304473304473305,-0.6566733432405103,26439,215001
202724,Charles Jenkins,2012-13,2012-13,1,2,"GSW,PHI",2,84,440.65,3611.35,128,322,131,336,971,2571,1020,2512,450,467,3542,3532,0.49073064340239914,0.5007068136839129,-0.9976170281513763,0.27586206896551724,0.27878265862761986,-0.2920589662102624,0.7108167770419426,0.7159565580618212,-0.5139781019878664,26439,216681
1629620,Justin Robinson,2019-20,2021-22,3,5,"DET,MIL,OKC,SAC,WAS",5,77,440.0833333333333,3270.9166666666665,117,315,134,357,885,2459,910,2582,432,491,3344,3492,0.46803900325027087,0.489174956114687,-2.113595286441611,0.2468354430379747,0.2552639169310643,-0.8428473893089622,0.7015590200445434,0.7298901751261502,-2.8331155081606774,26405,196255
1628417,Jaron Blossomgame,2018-19,2018-19,1,1,CLE,1,60,439.15,2455.85,112,316,122,344,646,1723,587,1882,428,466,2369,2469,0.47874720357941836,0.48966515088879703,-1.0917947309378673,0.24561403508771928,0.2555379746835443,-0.9923939595824993,0.7214611872146118,0.7458874458874459,-2.44262586728341,26349,147351
2452,J.R. Bremer,2003-04,2003-04,1,2,"CLE,GSW",3,79,438.23333333333335,3388.766666666667,163,308,119,306,1088,2441,1011,2298,471,425,3529,3309,0.5256696428571429,0.5160865750219362,0.9583067835206682,0.34754797441364604,0.32132309509746015,2.622487931618589,0.7213114754098361,0.7071263035921205,1.4185171817715614,26294,203326
200822,Pops Mensah-Bonsu,2008-09,2010-11,3,4,"HOU,NOH,SAS,TOR",5,94,437.4166666666667,4099.583333333333,175,308,103,300,1035,2780,1096,2737,483,403,3815,3833,0.5451467268623025,0.4988232217573222,4.6323505104980285,0.3684210526315789,0.27439024390243905,9.403080872913987,0.7493917274939172,0.717234262125903,3.2157465368014226,26245,245975
1630190,Elijah Hughes,2021-22,2021-22,1,2,"POR,UTA",2,81,434.45,3458.55,110,303,129,336,933,2629,924,2531,413,465,3562,3455,0.47038724373576307,0.5076243408864187,-3.7237097150655654,0.24663677130044842,0.2693418013856813,-2.2705030085232893,0.7013888888888888,0.739938080495356,-3.8549191606467192,26067,207513
202329,Al-Farouq Aminu,2020-21,2020-21,1,2,"CHI,ORL",2,73,434.1333333333333,3074.866666666667,86,346,91,350,807,2378,659,2412,432,441,3185,3071,0.4948453608247423,0.509111253196931,-1.426589237218867,0.19724770642201836,0.2506989748369059,-5.345126841488754,0.7917620137299771,0.7830095488969377,0.8752464833039375,26048,184492
2415,Ryan Humphrey,2002-03,2002-03,1,2,"MEM,ORL",2,84,434.1,3617.9,158,299,123,314,955,2368,1084,2578,457,437,3323,3662,0.5111856823266219,0.47573371510379386,3.5451967222828005,0.3347457627118644,0.27030851967166714,6.443724304019726,0.7085308056872038,0.6859791425260718,2.2551663161131996,26046,217074
1629185,Chris Chiozza,2018-19,2019-20,2,3,"BKN,HOU,WAS",4,78,433.53333333333336,3330.4666666666667,116,334,112,388,871,2552,857,2576,450,500,3423,3433,0.47368421052631576,0.4992707117852975,-2.5586501258981764,0.23015873015873015,0.2526834928923702,-2.252476273364004,0.7488789237668162,0.7486066295101202,0.027229425669594853,26012,199828
201585,Kosta Koufos,2010-11,2010-11,1,2,"DEN,MIN",2,81,433.48333333333335,3474.516666666667,161,316,114,299,1073,2477,924,2387,477,413,3550,3311,0.5359550561797752,0.5174172861098966,1.8537770069878667,0.35,0.3101156069364162,3.9884393063583765,0.7348837209302326,0.7283152014113496,0.6568519518882932,26009,208471
1641778,Leaky Black,2025-26,2025-26,1,1,WAS,1,27,433.06666666666666,867.9333333333333,134,300,120,321,194,540,294,684,434,441,734,978,0.496,0.4287383177570093,6.726168224299068,0.2945054945054945,0.22095671981776766,7.354877468772686,0.7142857142857143,0.6474820143884892,6.680369989722513,25984,52076
1630658,Colin Castleton,2024-25,2024-25,1,3,"MEM,PHI,TOR",4,51,431.93333333333334,2016.0666666666666,183,333,136,317,685,1595,616,1436,516,453,2280,2052,0.5325077399380805,0.5263157894736842,0.6191950464396356,0.366,0.32296086751532294,4.303913248467706,0.7100213219616205,0.7213930348258707,-1.1371712864250205,25916,120964
359,Chucky Brown,2000-01,2001-02,2,3,"CLE,GSW,SAC",4,76,431.85,3231.15,131,307,121,305,975,2195,966,2158,438,426,3170,3124,0.5069444444444444,0.503654273911662,0.3290170532782466,0.30045871559633025,0.3112033195020747,-1.0744603905744443,0.7172897196261683,0.6944005061689339,2.288921345723438,25911,193869
1627775,Patrick McCaw,2018-19,2020-21,2,2,"CLE,TOR",3,94,430.6,4106.4,98,296,115,322,979,3070,1088,3190,394,437,4049,4278,0.4741275571600481,0.48624954965773987,-1.2121992497691747,0.23333333333333334,0.23482849604221637,-0.149516270888303,0.7201946472019465,0.7383357383357383,-1.814109113379181,25836,246384
203186,Willie Reed,2017-18,2017-18,1,2,"DET,LAC",2,54,427.8,2169.2,104,292,111,320,566,1624,591,1587,396,431,2190,2178,0.4788391777509069,0.5013736263736264,-2.253444862271947,0.24528301886792453,0.2628889921040409,-1.7605973236116346,0.7245657568238213,0.7331828442437923,-0.8617087419971026,25668,130152
1641763,Julian Phillips,2025-26,2025-26,1,2,"CHI,MIN",2,82,427.01666666666665,3523.983333333333,107,317,163,316,966,2662,1026,2626,424,479,3628,3652,0.4695459579180509,0.49835164835164836,-2.880569043359743,0.25295508274231676,0.26893095768374164,-1.5975874941424884,0.6604166666666667,0.7218004338394793,-6.138376717281268,25621,211439
1627781,Malachi Richardson,2017-18,2018-19,2,2,"SAC,TOR",3,136,426.68333333333334,6151.316666666667,111,306,113,340,1524,4508,1579,4523,417,453,6032,6102,0.4793103448275862,0.4971155431020274,-1.7805198274441159,0.24611973392461198,0.2520257979163221,-0.5906063991710148,0.7303102625298329,0.7405947100377854,-1.0284447507952543,25601,369079
1631197,Jared Rhoden,2022-23,2024-25,2,3,"CHA,DET,TOR",4,93,424.01666666666665,4074.983333333333,163,309,122,297,1263,2864,1112,3076,472,419,4127,4188,0.5297418630751964,0.4963319302465424,3.3409932828654068,0.35434782608695653,0.29108089421525696,6.326693187169957,0.7169373549883991,0.7203219315895373,-0.3384576601138223,25441,244499
203561,Brandon Davies,2014-15,2014-15,1,2,"BKN,PHI",2,35,422.9166666666667,1267.0833333333333,125,246,126,319,324,926,330,966,371,445,1250,1296,0.45465686274509803,0.49096622152395913,-3.63093587788611,0.28153153153153154,0.25116279069767444,3.03687408338571,0.6612903225806451,0.7372611464968153,-7.5970823916170165,25375,76025
1630237,Anthony Lamb,2020-21,2021-22,2,2,"HOU,SAS",2,44,422.8666666666667,1694.1333333333334,121,311,77,371,426,1236,465,1357,432,448,1662,1822,0.4909090909090909,0.4770378874856487,1.3871203423442224,0.2459349593495935,0.23892316320807627,0.7011796141517229,0.8015463917525774,0.7266313932980599,7.491499845451743,25372,101648
1630688,Ish Wainright,2021-22,2023-24,2,2,"PHX,POR",3,136,421.0833333333333,6136.916666666667,147,334,89,326,1597,4567,1677,4469,481,415,6164,6146,0.5368303571428571,0.5007311129163282,3.609924422652888,0.3107822410147992,0.2632706890867128,4.751155192808637,0.789598108747045,0.7314221652786675,5.8175943468377405,25265,368215
724,Cory Alexander,2000-01,2004-05,2,2,"CHA,ORL",3,69,421.0,2911.0,122,282,111,323,881,1950,932,2029,404,434,2831,2961,0.4821002386634845,0.48877762430939226,-0.6677385645907752,0.27415730337078653,0.30274914089347077,-2.859183752268424,0.7175572519083969,0.6766134628730048,4.094378903539209,25260,174660
203268,Jorge Gutierrez,2013-14,2015-16,3,3,"BKN,CHA,MIL",6,80,419.93333333333334,3445.0666666666666,104,309,111,298,759,2456,921,2493,413,409,3215,3414,0.5024330900243309,0.4849901945994871,1.7442895424843785,0.25870646766169153,0.2333948339483395,2.5311633713352046,0.7357142857142858,0.7272727272727273,0.8441558441558472,25196,206704
1628980,Jacob Evans,2019-20,2019-20,1,2,"GSW,MIN",2,66,418.15,2774.85,123,304,99,350,683,2034,726,2250,427,449,2717,2976,0.4874429223744292,0.47725276655541893,1.0190155819010283,0.26004228329809725,0.2328673712921923,2.7174912005904965,0.7543424317617866,0.7369565217391304,1.7385910022656215,25089,166491
2738,Andre Iguodala,2019-20,2019-20,1,1,MIA,1,22,418.0833333333333,642.9166666666666,86,328,115,325,142,473,128,481,414,440,615,609,0.4847775175644028,0.5024509803921569,-1.767346282775406,0.20924574209245742,0.22792937399678972,-1.868363190433231,0.7404063205417607,0.7870216306156406,-4.661531007387987,25085,38575
203498,Shabazz Muhammad,2017-18,2017-18,1,2,"MIL,MIN",2,86,417.95,3740.05,98,270,117,306,943,2609,933,2592,368,423,3552,3525,0.46523388116308473,0.5019075879610004,-3.6673706797915706,0.24257425742574257,0.26676096181046677,-2.41867043847242,0.6976744186046512,0.7365894974590627,-3.891507885441148,25077,224403
201938,Jonny Flynn,2011-12,2011-12,1,2,"HOU,POR",2,67,416.1166666666667,2829.883333333333,114,264,135,286,799,1861,772,1925,378,421,2660,2697,0.47309136420525655,0.49654657457532203,-2.3455210370065482,0.285,0.2933186490455213,-0.831864904552132,0.6616541353383458,0.7067983289023927,-4.514419356404686,24967,169793
1626163,Frank Kaminsky,2021-22,2022-23,2,3,"ATL,HOU,PHX",3,163,415.81666666666666,7448.183333333333,66,306,108,343,2054,5588,1993,5442,372,451,7642,7435,0.4520048602673147,0.5068647608940771,-5.485990062676239,0.16136919315403422,0.2740128068303095,-11.264361367627526,0.7391304347826086,0.7371059227014906,0.20245120811180906,24949,446891
1628443,Kadeem Allen,2018-19,2018-19,1,1,NYK,1,39,415.55,1456.45,97,314,101,313,351,1141,418,1197,411,414,1492,1615,0.49818181818181817,0.48020598648213714,1.7975831699681033,0.23658536585365852,0.22674418604651161,0.984117980714691,0.7566265060240964,0.731879409878127,2.474709614596937,24933,87387
201957,Byron Mullens,2013-14,2013-14,1,2,"LAC,PHI",2,83,414.4,3584.6,118,268,117,313,952,2519,1062,2567,386,430,3471,3629,0.4730392156862745,0.4888732394366197,-1.5834023750345205,0.2737819025522042,0.27053140096618356,0.32505015860206377,0.6961038961038961,0.7034347947500698,-0.7330898646173645,24864,215076
1626253,Axel Toupane,2015-16,2020-21,3,3,"DEN,MIL,NOP",5,64,414.06666666666666,2677.9333333333334,92,291,117,295,704,2094,638,2009,383,412,2798,2647,0.4817610062893082,0.5138659320477502,-3.2104925758442038,0.23772609819121446,0.2594913380022116,-2.176523981099712,0.7132352941176471,0.7664714494875549,-5.323615536990777,24844,160676
1630222,Mason Jones,2020-21,2023-24,3,4,"HOU,LAL,PHI,SAC",5,144,412.75,6539.25,122,314,96,348,1644,4787,1641,5068,436,444,6431,6709,0.4954545454545455,0.48942161339421614,0.6032932060329343,0.25957446808510637,0.24493444576877235,1.4640022316334016,0.7658536585365854,0.7447106409458618,2.1143017590723567,24765,392355
101214,Jawad Williams,2008-09,2010-11,2,1,CLE,4,79,411.3,3395.7,119,253,93,299,868,2375,879,2302,372,392,3243,3181,0.4869109947643979,0.5048256537982565,-1.7914659033858582,0.284688995215311,0.27381703470031543,1.087196051499556,0.7312138728323699,0.7298709280885064,0.1342944743863539,24678,203742
2128,David Vanterpool,2000-01,2000-01,1,1,WAS,1,22,410.1,645.9,130,261,117,261,189,428,212,389,391,378,617,601,0.5084525357607282,0.506568144499179,0.18843912615492675,0.33248081841432225,0.32698961937716264,0.5491199037159611,0.6904761904761905,0.66875,2.172619047619051,24606,38754
1631157,Ryan Rollins,2023-24,2024-25,2,2,"MIL,WAS",3,85,409.98333333333335,3690.016666666667,78,292,127,287,806,2690,1052,2832,370,414,3496,3884,0.4719387755102041,0.4737127371273713,-0.17739616171671968,0.2136986301369863,0.22155030236393622,-0.7851672226949907,0.6968973747016707,0.7188669160876536,-2.196954138598295,24599,221401
101183,Shavlik Randolph,2009-10,2014-15,4,4,"BOS,MIA,PHX,POR",8,146,409.78333333333336,6658.216666666666,129,287,103,293,1657,4597,1900,4676,416,396,6254,6576,0.5123152709359606,0.4874512860483242,2.4863984887636414,0.3056872037914692,0.2616453497552503,4.404185403621891,0.735897435897436,0.7075573341542251,2.834010174321089,24587,399493
1628400,Semi Ojeleye,2021-22,2021-22,1,2,"LAC,MIL",2,75,405.81666666666666,3209.1833333333334,110,278,131,352,822,2572,824,2400,388,483,3394,3224,0.4454649827784156,0.5128437594439408,-6.737877666552516,0.23809523809523808,0.25512104283054005,-1.7025804735301964,0.6797066014669927,0.7573616018845701,-7.765500041757745,24349,192551
1630197,Aleksej Pokusevski,2023-24,2023-24,1,2,"CHA,OKC",2,79,405.3833333333333,3406.616666666667,87,287,118,309,720,2432,1040,2449,374,427,3152,3489,0.46691635455680397,0.474627315163379,-0.7710960606575057,0.2196969696969697,0.2272010097822657,-0.750404008529601,0.7086419753086419,0.7004608294930875,0.8181145815554403,24323,204397
1627814,Damion Lee,2017-18,2017-18,1,1,ATL,1,15,404.4,315.6,103,339,93,340,68,252,75,246,442,433,320,321,0.5051428571428571,0.49921996879875197,0.5922888344105148,0.2325056433408578,0.21656050955414013,1.5945133786717665,0.7847222222222222,0.7706422018348624,1.4080020387359782,24264,18936
200780,Solomon Jones,2011-12,2013-14,3,4,"LAC,NOH,NYK,ORL",5,65,403.48333333333335,2751.516666666667,126,260,102,291,711,1964,770,1931,386,393,2675,2701,0.49550706033376124,0.49758184523809523,-0.20747849043339928,0.302158273381295,0.269114307342922,3.3043966038372954,0.7182320441988951,0.7183613752743233,-0.012933107542822952,24209,165091
1642882,Julian Reese,2025-26,2025-26,1,1,WAS,1,24,401.5,755.5,127,263,106,275,174,472,248,602,390,381,646,850,0.5058365758754864,0.4318181818181818,7.4018394057304535,0.31592039800995025,0.22422680412371135,9.16935938862389,0.7127371273712737,0.6555555555555556,5.718157181571815,24090,45330
202341,James Anderson,2012-13,2012-13,1,2,"HOU,SAS",2,67,401.18333333333334,2839.8166666666666,130,303,116,242,747,2047,783,1953,433,358,2794,2736,0.5474083438685209,0.5052441229656419,4.216422090287897,0.34946236559139787,0.27666666666666667,7.27956989247312,0.7231503579952268,0.723321554770318,-0.017119677509125353,24071,170389
1630271,Brodric Thomas,2020-21,2020-21,1,2,"CLE,HOU",2,65,399.25,2735.75,119,298,107,300,646,2026,685,2115,417,407,2672,2800,0.5060679611650486,0.48830409356725146,1.7763867597797134,0.2840095465393795,0.2339731981166244,5.003634842275509,0.7358024691358025,0.7473257100700849,-1.1523240934282364,23955,164145
1626257,Salah Mejri,2018-19,2018-19,1,1,DAL,2,81,399.1166666666667,3508.883333333333,106,311,117,325,914,2719,894,2678,417,442,3633,3572,0.48544819557625146,0.5042331714087439,-1.8784975832492445,0.2459396751740139,0.2544543429844098,-0.8514667810395865,0.7266355140186916,0.7525601992803764,-2.592468526168479,23947,210533
101249,John Lucas III,2005-06,2016-17,4,4,"CHI,DET,HOU,MIN",5,168,399.03333333333336,7729.966666666666,95,262,97,300,2191,5362,1998,5244,357,397,7553,7242,0.473474801061008,0.5105103075363299,-3.7035506475321887,0.24050632911392406,0.29468728984532616,-5.418096073140211,0.7298050139275766,0.7285326086956522,0.12724052319244006,23942,463798
202363,Jarvis Varnado,2012-13,2013-14,2,4,"BOS,CHI,MIA,PHI",4,86,397.5833333333333,3755.4166666666665,90,270,129,311,903,2488,1031,2451,360,440,3391,3482,0.45,0.49337989233231483,-4.337989233231482,0.22443890274314215,0.2692307692307692,-4.479186648762706,0.6766917293233082,0.7070190394998579,-3.032731017654966,23855,225325
1627883,Jalen Jones,2017-18,2018-19,2,3,"CLE,DAL,NOP",3,101,395.45,4487.55,116,276,82,295,947,3316,1163,3440,392,377,4263,4603,0.5097529258777633,0.4808256259869163,2.8927299890847022,0.2822384428223844,0.21586505584682014,6.6373386975564275,0.770949720670391,0.7403438267470418,3.0605893923349226,23727,269253
1626174,Christian Wood,2015-16,2018-19,2,3,"MIL,NOP,PHI",5,127,395.06666666666666,5725.933333333333,100,311,122,343,1407,4589,1510,4497,411,465,5996,6007,0.4691780821917808,0.49954178122136134,-3.036369902958053,0.22573363431151242,0.2383130081300813,-1.2579373818568884,0.7182448036951501,0.7524184292506968,-3.4173625555546705,23704,343556
1630613,Duane Washington Jr.,2022-23,2022-23,1,1,PHX,1,53,393.85,2170.15,162,289,105,291,608,1527,577,1548,451,396,2135,2125,0.5324675324675324,0.5011737089201878,3.129382354734467,0.3576158940397351,0.2820037105751391,7.561218346459597,0.733502538071066,0.7257604562737643,0.7742081797301736,23631,130209
1762,Tremaine Fowlkes,2001-02,2004-05,2,2,"IND,LAC",2,35,391.8333333333333,1293.1666666666667,145,252,99,254,363,791,387,813,397,353,1154,1200,0.5293333333333333,0.49022939677145283,3.9103936561880492,0.3634085213032581,0.3086734693877551,5.473505191550304,0.717948717948718,0.6714770797962648,4.647163815245314,23510,77590
2054,Jake Tsakalidis,2006-07,2006-07,1,2,"HOU,MEM",2,84,389.45,3697.55,114,251,110,258,895,2451,996,2535,365,368,3346,3531,0.4979536152796726,0.4865493674567399,1.14042478229327,0.3064516129032258,0.260932944606414,4.551866829681184,0.6952908587257618,0.7110530896431679,-1.576223091740614,23367,221853
202332,Cole Aldrich,2012-13,2012-13,1,2,"HOU,SAC",2,83,387.6666666666667,3621.3333333333335,105,274,124,283,993,2561,950,2512,379,407,3554,3462,0.4821882951653944,0.5065564424173318,-2.4368147251937367,0.2706185567010309,0.2833095577746077,-1.269100107357679,0.6884422110552764,0.7294218171461122,-4.097960609083584,23260,217280
2043,Mateen Cleaves,2003-04,2005-06,3,2,"CLE,SEA",4,128,385.98333333333335,5793.016666666666,120,243,110,266,1863,3618,1623,3607,363,376,5481,5230,0.4912043301759134,0.511716926524134,-2.0512596348220615,0.31088082901554404,0.34058500914076784,-2.97041801252238,0.6883852691218131,0.6903262736119061,-0.19410044900930457,23159,347581
1630556,Kessler Edwards,2022-23,2022-23,1,2,"BKN,SAC",2,83,385.75,3623.25,130,251,100,259,721,2641,1033,2584,381,359,3362,3617,0.5148648648648648,0.4817309070067345,3.3133957858130336,0.3341902313624679,0.21815431164901664,11.603591971345125,0.7150997150997151,0.7188350571584105,-0.3735342058695301,23145,217395
1628993,Alize Johnson,2020-21,2022-23,3,5,"BKN,CHI,NOP,SAS,WAS",5,81,385.4166666666667,3507.5833333333335,149,286,103,266,809,2698,935,2602,435,369,3507,3537,0.5410447761194029,0.497870528109029,4.3174248010373955,0.35903614457831323,0.23717384931105248,12.186229526726075,0.7352185089974294,0.7426369391687311,-0.7418430171301726,23125,210455
1629027,Trae Young,2025-26,2025-26,1,2,"ATL,WAS",2,85,383.75,3711.25,103,253,125,315,1004,2579,1133,2833,356,440,3583,3966,0.4472361809045226,0.4746324016426017,-2.739622073807907,0.24641148325358853,0.2616627573625228,-1.5251274108934287,0.6693121693121693,0.6947737068965517,-2.546153758438241,23025,222675
1629669,Jaylen Nowell,2023-24,2024-25,2,3,"DET,MEM,NOP",3,26,381.8333333333333,866.1666666666666,108,262,110,292,225,575,248,648,370,402,800,896,0.4792746113989637,0.4716981132075472,0.7576498191416536,0.27,0.25773195876288657,1.2268041237113447,0.7043010752688172,0.6986634264884569,0.5637648780360327,22910,51970
1760,Derrick Dial,2001-02,2003-04,2,3,"NJN,ORL,TOR",4,53,381.35,2187.65,128,266,114,276,676,1501,679,1484,394,390,2177,2163,0.5025510204081632,0.5016129032258064,0.09381171823568124,0.31683168316831684,0.31296296296296294,0.38687202053538927,0.7,0.6885321100917431,1.1467889908256867,22881,131259
1630610,DeJon Jarreau,2021-22,2025-26,3,2,"IND,MEM",3,50,381.1333333333333,2038.8666666666666,121,253,109,315,543,1470,555,1504,374,424,2013,2059,0.46867167919799496,0.4943516699410609,-2.567999074306593,0.2775229357798165,0.265266243282853,1.225669249696354,0.6988950276243094,0.725925925925926,-2.7030898301616535,22868,122332
2055,Mamadou N'diaye,2000-01,2003-04,2,3,"ATL,DAL,TOR",4,83,380.15,3688.85,133,238,135,264,1164,2508,1024,2574,371,399,3672,3598,0.4818181818181818,0.5050894085281981,-2.3271226710016246,0.3350125944584383,0.3113964686998395,2.361612575859878,0.6380697050938338,0.710079275198188,-7.2009570104354275,22809,221331
1627988,Myke Henry,2017-18,2017-18,1,1,MEM,1,41,378.06666666666666,1589.9333333333334,105,244,88,275,417,1119,391,1167,349,363,1536,1558,0.4901685393258427,0.4964447317388494,-0.6276192413006698,0.27631578947368424,0.26325757575757575,1.305821371610849,0.7349397590361446,0.7410596026490066,-0.6119843612861997,22684,95396
200794,Paul Millsap,2021-22,2021-22,1,2,"BKN,PHI",2,83,375.6666666666667,3623.3333333333335,127,290,108,289,859,2726,995,2640,417,397,3585,3635,0.5122850122850123,0.49653739612188363,1.5747616163128697,0.30528846153846156,0.24549871391826236,5.97897476201992,0.7286432160804021,0.7325987637731792,-0.39555476927771727,22540,217400
2639,Britton Johnsen,2003-04,2004-05,2,2,"IND,ORL",3,33,375.43333333333334,1218.5666666666666,125,214,117,287,360,763,389,835,339,404,1123,1224,0.45625841184387617,0.47848317000426077,-2.2224758160384606,0.30339805825242716,0.301255230125523,0.21428281269041394,0.6465256797583081,0.6623263888888888,-1.5800709130580737,22526,73114
1630240,Saben Lee,2022-23,2022-23,1,2,"PHI,PHX",3,55,373.53333333333336,2291.4666666666667,127,289,93,294,590,1668,631,1621,416,387,2258,2252,0.5180572851805728,0.5006651884700665,1.7392096710506344,0.3016627078384798,0.2668475802804161,3.4815127558063708,0.756544502617801,0.7255328403653762,3.10116622524248,22412,137488
200835,Walter Herrmann,2007-08,2007-08,1,2,"CHA,DET",2,80,372.85,3482.15,120,259,109,251,1012,2256,904,2249,379,360,3268,3153,0.5128552097428958,0.5089549914343561,0.39002183085397046,0.32345013477088946,0.3103342532965348,1.3115881474354663,0.7038043478260869,0.7139240506329114,-1.0119702806824504,22371,208929
2431,David Andersen,2010-11,2010-11,1,2,"NOH,TOR",2,84,372.45,3689.55,105,241,89,237,954,2418,868,2433,346,326,3372,3301,0.5148809523809523,0.5053199460512513,0.9561006329701027,0.30701754385964913,0.2816651904340124,2.5352353425636744,0.7303030303030303,0.7358490566037735,-0.554602630074319,22347,221373
2694,Josh Powell,2006-07,2013-14,2,3,"GSW,HOU,IND",3,82,372.26666666666665,3583.733333333333,108,262,139,283,1036,2372,1035,2521,370,422,3408,3556,0.4671717171717172,0.4893739230327398,-2.2202205861022617,0.27621483375959077,0.2912566769749789,-1.504184321538815,0.6533665835411472,0.6962136777223363,-4.284709418118915,22336,215024
1630346,Matt Ryan,2021-22,2024-25,3,4,"BOS,LAL,MIN,NYK",5,148,371.25,6787.75,91,283,106,280,1686,4967,1875,4822,374,386,6653,6697,0.4921052631578947,0.4983520599250936,-0.6246796767198914,0.24528301886792453,0.2590657652120467,-1.3782746344122188,0.7275064267352185,0.7259573224203449,0.15491043148735395,22275,407265
1641878,Damion Baugh,2024-25,2024-25,1,1,CHA,1,31,370.46666666666664,1117.5333333333333,132,244,109,281,316,848,323,874,376,390,1164,1197,0.4908616187989556,0.49301143583227447,-0.2149817033318846,0.3196125907990315,0.26554621848739496,5.406637231163653,0.6912181303116147,0.7241673783091375,-3.2949247997522746,22228,67052
202386,Ben Uzoh,2011-12,2011-12,1,2,"CLE,TOR",2,22,369.65,691.35,98,285,93,249,191,474,188,457,383,342,665,645,0.5282758620689655,0.5076335877862596,2.064227428270593,0.2824207492795389,0.29475308641975306,-1.2332337140214145,0.753968253968254,0.716012084592145,3.7956169376108906,22179,41481
1628990,Chandler Hutchison,2020-21,2021-22,2,3,"CHI,PHX,WAS",3,109,368.1166666666667,4908.883333333333,107,286,100,274,1198,3896,1243,3637,393,374,5094,4880,0.5123859191655802,0.5107278925205534,0.1658026645026789,0.28083989501312334,0.24777662874870734,3.3063266264416,0.7409326424870466,0.7581241486670558,-1.7191506180009197,22087,294533
201228,C.J. Watson,2007-08,2007-08,1,1,GSW,1,47,367.8,1893.2,117,261,123,275,562,1297,557,1437,378,398,1859,1994,0.48711340206185566,0.48248118349338176,0.46322185684739003,0.29846938775510207,0.28114057028514255,1.7328817469959512,0.6796875,0.6995685005393744,-1.988100053937436,22068,113592
1631466,Jeenathan Williams,2022-23,2025-26,2,2,"GSW,POR",2,32,365.73333333333335,1185.2666666666667,115,230,113,276,352,794,334,868,345,389,1146,1202,0.47002724795640327,0.48807495741056217,-1.80477094541589,0.29411764705882354,0.28852459016393445,0.5593056894889092,0.6705539358600583,0.7039007092198581,-3.3346773359799853,21944,71116
2739,Luke Jackson,2006-07,2007-08,2,3,"LAC,MIA,TOR",3,45,365.6,1814.4,69,238,89,280,448,1190,472,1255,307,369,1638,1727,0.4541420118343195,0.48677563150074293,-3.263361966642342,0.1977077363896848,0.2630651790957134,-6.535744270602861,0.72782874617737,0.7160048134777377,1.1823932699632334,21936,108864
2575,Luke Walton,2011-12,2011-12,1,2,"CLE,LAL",2,68,363.6,2945.4,98,250,94,241,851,2117,835,1993,348,335,2968,2828,0.5095168374816984,0.5120772946859904,-0.2560457204291988,0.2890855457227139,0.2992264416315049,-1.0140895908791026,0.7267441860465116,0.717140921409214,0.9603264637297548,21816,176724
202962,Greg Smith,2011-12,2015-16,3,2,"HOU,MIN",3,141,361.3333333333333,6481.666666666667,106,251,89,268,1723,4619,1898,4368,357,357,6342,6266,0.5,0.5030139593908629,-0.3013959390862908,0.28342245989304815,0.28287637497947793,0.05460849135702217,0.7382352941176471,0.7087617001687894,2.9473593948857735,21680,388900
201202,Joel Anthony,2013-14,2016-17,3,4,"BOS,DET,MIA,SAS",4,173,360.1333333333333,8023.866666666667,97,266,83,280,2245,5591,1986,5707,363,363,7836,7693,0.5,0.5046042887500805,-0.4604288750080454,0.2572944297082228,0.28231891348088534,-2.502448377266253,0.7621776504297995,0.7378909858783159,2.428666455148354,21608,481432
1629007,Jontay Porter,2023-24,2023-24,1,1,TOR,1,60,359.73333333333335,2535.266666666667,82,255,98,279,666,1719,743,1885,337,377,2385,2628,0.47198879551820727,0.4757630161579892,-0.37742206397819444,0.22714681440443213,0.26107408859270875,-3.392727418827662,0.7223796033994334,0.69821283509342,2.4166768306013386,21584,152116
1641869,Malachi Smith,2025-26,2025-26,1,1,BKN,2,16,358.81666666666666,409.18333333333334,79,220,91,285,94,263,112,332,299,376,357,444,0.44296296296296295,0.44569288389513106,-0.2729920932168117,0.21703296703296704,0.22065727699530516,-0.3624309962338118,0.707395498392283,0.7013333333333334,0.6062165058949631,21529,24551
201041,Walker Russell,2011-12,2011-12,1,1,DET,1,51,357.21666666666664,2115.7833333333333,106,240,89,240,613,1362,558,1414,346,329,1975,1972,0.5125925925925926,0.5003800354699772,1.2212557122615375,0.3063583815028902,0.3024173655648742,0.39410159380159904,0.729483282674772,0.709375,2.010828267477205,21433,126947
1631132,Christian Koloko,2025-26,2025-26,1,3,"ATL,LAL,MEM",4,67,356.68333333333334,2869.3166666666666,101,285,112,277,891,2105,803,2025,386,389,2996,2828,0.49806451612903224,0.5144230769230769,-1.635856079404463,0.2671957671957672,0.3055555555555556,-3.835978835978837,0.7178841309823678,0.7238651994497937,-0.5981068467425854,21401,172159
1628476,Derrick Walton Jr.,2019-20,2021-22,2,2,"DET,LAC",3,59,356.5,2485.5,108,269,96,280,709,2001,682,1896,377,376,2710,2578,0.50066401062417,0.512481089258699,-1.1817078634528966,0.27835051546391754,0.27216890595009596,0.6181609513821573,0.736986301369863,0.7458069325382035,-0.8820631168340531,21390,149130
1626143,Jahlil Okafor,2017-18,2024-25,2,3,"BKN,IND,PHI",3,85,356.23333333333335,3763.766666666667,74,258,77,286,978,2909,1014,2894,332,363,3887,3908,0.4776978417266187,0.4986529826812059,-2.095514095458717,0.20555555555555555,0.25258264462809915,-4.70270890725436,0.7701492537313432,0.7415243436145806,2.8624910116762603,21374,225826
958,Vitaly Potapenko,2005-06,2005-06,1,2,"SAC,SEA",2,82,352.76666666666665,3613.233333333333,111,195,72,220,1120,2226,1054,2342,306,292,3346,3396,0.5117056856187291,0.4962919015129042,1.541378410582489,0.33534743202416917,0.32351242056614676,1.1835011458022404,0.7303370786516854,0.6786585365853659,5.16785420663195,21166,216794
1630699,MarJon Beauchamp,2024-25,2025-26,2,4,"LAC,MIL,NYK,PHI",4,133,352.3666666666667,6076.633333333333,106,278,102,268,1571,4401,1759,4476,384,370,5972,6235,0.5092838196286472,0.4892274924223806,2.00563272062666,0.28342245989304815,0.25979824706466015,2.3624212828388003,0.7315789473684211,0.7144480519480519,1.7130895420369163,21142,364598
203461,Anthony Bennett,2015-16,2016-17,2,2,"BKN,TOR",2,94,348.3833333333333,4183.616666666667,97,259,89,266,1048,3114,1096,3047,356,355,4162,4143,0.5007032348804501,0.5011438892233594,-0.044065434290929684,0.26721763085399447,0.2559218559218559,1.129577493213857,0.7442528735632183,0.7396674584323041,0.4585415130914261,20903,251017
1643052,Chaney Johnson,2025-26,2025-26,1,1,BKN,1,54,347.5833333333333,2259.4166666666665,81,210,94,253,611,1466,608,1690,291,347,2077,2298,0.4561128526645768,0.47474285714285713,-1.8630004478280338,0.24251497005988024,0.2655367231638418,-2.302175310396157,0.6907894736842105,0.7068466730954677,-1.6057199411257161,20855,135565
1626188,Quinn Cook,2016-17,2020-21,2,4,"CLE,DAL,LAL,NOP",4,62,344.85,2656.15,82,221,113,256,616,2014,649,2009,303,369,2630,2658,0.45089285714285715,0.4973524962178517,-4.645963907499456,0.24260355029585798,0.23466666666666666,0.7936883629191316,0.6616766467065869,0.7562898986105896,-9.461325190400272,20691,159369
2752,Sergei Monia,2005-06,2005-06,1,2,"POR,SAC",2,80,342.96666666666664,3507.0333333333333,100,202,97,230,987,2227,1034,2303,302,327,3214,3337,0.48012718600953896,0.4906121202869791,-1.0484934277440128,0.30303030303030304,0.3,0.303030303030305,0.6755852842809364,0.682919349892671,-0.7334065611734553,20578,210422
203094,Andrew Nicholson,2016-17,2016-17,1,2,"BKN,WAS",2,81,342.0,3571.0,73,228,109,251,875,2674,945,2607,301,360,3549,3552,0.45537065052950076,0.49978876214617657,-4.44181116166758,0.22530864197530864,0.2512923607122344,-2.598371873692573,0.6765578635014837,0.7388781431334622,-6.232027963197851,20520,214260
103,Todd Day,2000-01,2000-01,1,1,MIN,1,57,340.65,2415.35,94,221,95,222,700,1621,677,1632,315,317,2321,2309,0.49841772151898733,0.5012958963282937,-0.2878174809306411,0.2974683544303797,0.30017152658662094,-0.2703172156241218,0.6993670886075949,0.7053959965187119,-0.6028907911116987,20439,144921
1628395,Jordan Bell,2019-20,2021-22,3,5,"CHI,GSW,MEM,MIN,WAS",6,77,340.3333333333333,3400.6666666666665,104,260,94,268,943,2674,860,2736,364,362,3617,3596,0.5013774104683195,0.5014557049771247,-0.007829450880514344,0.27956989247311825,0.2563196520793694,2.3250240393748847,0.7344632768361582,0.756649688737974,-2.2186411901815806,20420,204040
201582,Alexis Ajinca,2010-11,2010-11,1,2,"DAL,TOR",2,80,339.75,3520.25,78,235,93,236,883,2350,947,2362,313,329,3233,3309,0.48753894080996885,0.4941913787832467,-0.6652437973277858,0.2484076433121019,0.2721109399075501,-2.370329659544818,0.7164634146341463,0.7127691841067637,0.36942305273826026,20385,211215
101211,Stephen Graham,2005-06,2006-07,2,4,"CHI,CLE,HOU,POR",5,82,339.43333333333334,3646.5666666666666,91,221,76,223,1000,2430,908,2374,312,299,3430,3282,0.5106382978723404,0.5110250297973778,-0.038673192503746456,0.2898089171974522,0.2963841138114997,-0.6575196614047485,0.7441077441077442,0.7279808268424206,1.612691726532356,20366,218794
202346,Dominique Jones,2012-13,2012-13,1,1,DAL,1,60,337.5833333333333,2592.4166666666665,89,228,119,247,590,1866,703,1886,317,366,2456,2589,0.46412884333821375,0.48681863230921707,-2.2689788971003324,0.2648809523809524,0.2382875605815832,2.6593391799369175,0.6570605187319885,0.7263526664071623,-6.929214767517388,20255,155545
2408,Melvin Ely,2006-07,2013-14,2,3,"CHA,NOP,SAS",3,83,335.98333333333335,3693.016666666667,88,226,90,257,966,2500,987,2467,314,347,3466,3454,0.4750378214826021,0.5008670520231214,-2.5829230540519332,0.25507246376811593,0.2813865423827556,-2.631407861463969,0.7151898734177216,0.7169486664754804,-0.1758793057758834,20159,221581
1630285,Zavier Simpson,2021-22,2023-24,2,2,"MEM,OKC",2,13,335.46666666666664,288.53333333333336,116,226,89,273,89,198,71,217,342,362,287,288,0.48579545454545453,0.4991304347826087,-1.3334980237154181,0.2982005141388175,0.2908496732026144,0.7350840936203085,0.7174603174603175,0.7360594795539034,-1.859916209358592,20128,17312
201583,Ryan Anderson,2018-19,2019-20,2,3,"HOU,MIA,PHX",3,100,335.28333333333336,4499.716666666666,79,254,79,247,1117,3268,1283,3485,333,326,4385,4768,0.5053110773899848,0.479077897956954,2.623317943303083,0.24233128834355827,0.24272055627987832,-0.0389267936320048,0.7627627627627628,0.7180839375961328,4.467882516663002,20117,269983
200760,Rodney Carney,2010-11,2010-11,1,2,"GSW,MEM",2,39,335.23333333333335,1541.7666666666667,94,218,90,252,480,984,505,1068,312,342,1464,1573,0.47706422018348627,0.48205465920316104,-0.4990439019674775,0.27167630057803466,0.31007751937984496,-3.84012188018103,0.7077922077922078,0.6608462055070518,4.6946002285156,20114,92506
201157,Sean Williams,2009-10,2011-12,2,3,"BOS,DAL,NJN",3,87,334.5,3856.5,91,230,87,251,991,2634,1038,2811,321,338,3625,3849,0.48710166919575115,0.48501471768798504,0.20869515077661105,0.26608187134502925,0.26065228826933196,0.5429583075697297,0.7255520504731862,0.7173202614379085,0.8231789035277659,20070,231390
1509,Kelvin Cato,2005-06,2005-06,1,2,"DET,ORL",2,82,333.23333333333335,3632.766666666667,93,232,72,215,1024,2353,981,2329,325,287,3377,3310,0.5310457516339869,0.5050097203529236,2.6036031281063354,0.30194805194805197,0.3053981509096332,-0.3450098961581216,0.7631578947368421,0.705758848230354,5.739904650648819,19994,217966
1631232,Keion Brooks Jr.,2024-25,2024-25,1,1,NOP,1,44,331.81666666666666,1790.1833333333334,89,248,89,260,532,1283,545,1322,337,349,1815,1867,0.4912536443148688,0.49293862031504615,-0.16849760001773628,0.25501432664756446,0.28694714131607335,-3.1932814668508893,0.7359050445103857,0.7018599562363238,3.404508827406194,19909,107411
1629718,Charlie Brown Jr.,2020-21,2021-22,2,3,"DAL,OKC,PHI",3,64,329.43333333333334,2752.5666666666666,111,253,90,266,631,2050,659,2009,364,356,2681,2668,0.5055555555555555,0.5012151804075529,0.4340375148002673,0.29442970822281167,0.2390151515151515,5.541455670766016,0.7376093294460642,0.7567368032484312,-1.9127473802367012,19766,165154
202952,Malcolm Thomas,2011-12,2014-15,4,5,"CHI,GSW,PHI,SAS,UTA",7,154,328.85,7098.15,93,233,96,234,1817,5015,1827,5053,326,330,6832,6880,0.4969512195121951,0.4982497082847141,-0.12984887725189798,0.28440366972477066,0.26448326055312954,1.9920409171641118,0.7082066869300911,0.7329728149663841,-2.4766128036292967,19731,425889
200796,Leon Powe,2010-11,2010-11,1,2,"CLE,MEM",2,76,327.75,3330.25,87,198,72,236,908,2225,891,2358,285,308,3133,3249,0.4806070826306914,0.490911939830774,-1.0304857200082618,0.2693498452012384,0.27801592161665645,-0.8666076415418056,0.7333333333333333,0.7140564826700898,1.9276850663243472,19665,199815
1641721,Maxwell Lewis,2024-25,2024-25,1,2,"BKN,LAL",2,81,327.7,3575.3,93,223,76,252,977,2481,984,2664,316,328,3458,3648,0.4906832298136646,0.48663101604278075,0.4052213770883828,0.26956521739130435,0.2683328755836309,0.12323418076734538,0.745819397993311,0.716017316017316,2.9802081975994987,19662,214518
200781,Paul Davis,2008-09,2009-10,2,2,"LAC,WAS",2,41,327.5833333333333,1670.4166666666667,108,208,108,232,462,1152,480,1220,316,340,1614,1700,0.4817073170731707,0.48702474351237174,-0.5317426439201023,0.3176470588235294,0.2746730083234245,4.297405050010489,0.6582278481012658,0.7058823529411765,-4.765450483991074,19655,100225
2441,Jamal Sampson,2004-05,2004-05,1,1,CHA,1,45,327.26666666666665,1867.7333333333333,109,218,79,242,648,1139,538,1311,327,321,1787,1849,0.5046296296296297,0.4914741474147415,1.315548221488816,0.31054131054131057,0.33078101071975496,-2.02397001784444,0.734006734006734,0.6791890280262374,5.481770598049662,19636,112064
1629744,Matt Thomas,2020-21,2020-21,1,2,"TOR,UTA",2,73,326.5833333333333,3187.4166666666665,72,238,84,269,785,2444,807,2401,310,353,3229,3208,0.4675716440422323,0.5016311946558956,-3.405955061366328,0.21114369501466276,0.24639045825486502,-3.524676324020226,0.7391304347826086,0.7517686865579821,-1.2638251775373477,19595,191245
2788,DJ Mbenga,2007-08,2007-08,1,2,"GSW,LAL",2,71,325.6333333333333,3107.366666666667,89,218,104,255,895,2209,931,2150,307,359,3104,3081,0.46096096096096095,0.5018593371059014,-4.089837614494041,0.25872093023255816,0.2939244663382594,-3.520353610570126,0.6770186335403726,0.7035031847133758,-2.648455117300319,19538,186442
2767,Royal Ivey,2009-10,2013-14,2,3,"MIL,OKC,PHI",3,89,323.85,3993.15,90,218,89,224,1130,2655,1045,2649,308,313,3785,3694,0.49597423510466987,0.5060837010295494,-1.010946592487949,0.28662420382165604,0.2990209050013231,-1.239670117966707,0.7100977198697068,0.7175675675675676,-0.7469847697860743,19431,239589
201985,AJ Price,2014-15,2014-15,1,3,"CLE,IND,PHX",4,40,323.43333333333334,1601.5666666666666,110,221,76,242,451,1124,409,1124,331,318,1575,1533,0.5100154083204931,0.5067567567567568,0.3258651563736281,0.3125,0.28634920634920635,2.6150793650793647,0.7441077441077442,0.7332028701891715,1.0904873918572644,19406,96094
1630577,Julian Champagnie,2022-23,2022-23,1,2,"PHI,SAS",2,78,320.1333333333333,3458.866666666667,106,250,91,252,791,2456,893,2516,356,343,3247,3409,0.5092989985693849,0.48783052884615385,2.146846972323102,0.29608938547486036,0.2391895978228001,5.689978765206025,0.7331378299120235,0.7333532397730665,-0.02154098610430699,19208,207532
1630204,Ashton Hagans,2020-21,2023-24,2,2,"MIN,POR",3,58,319.6333333333333,2484.366666666667,118,208,89,225,754,1758,655,1930,326,314,2512,2585,0.509375,0.4928389248577595,1.6536075142240536,0.34402332361516036,0.2809239940387481,6.309932957641223,0.7003367003367004,0.728553667633651,-2.821696729695067,19178,149062
1628502,Nigel Hayes,2017-18,2025-26,2,4,"LAL,PHX,SAC,TOR",4,75,317.3833333333333,3297.616666666667,109,223,81,226,1012,2313,965,2356,332,307,3325,3321,0.5195618153364632,0.5003009328919651,1.9260882444498084,0.3253731343283582,0.3004750593824228,2.4898074945935376,0.7335526315789473,0.7056131787675411,2.7939452811406196,19043,197857
203158,Kevin Jones,2012-13,2012-13,1,1,CLE,1,66,317.05,2860.95,113,220,71,212,870,1840,816,2033,333,283,2710,2849,0.5405844155844156,0.48749775139413565,5.308666419027997,0.3476923076923077,0.29968997588701346,4.800233180529423,0.7560137457044673,0.6927710843373494,6.324266136711798,19023,171657
1641720,Jalen Hood-Schifino,2024-25,2024-25,1,2,"LAL,PHI",2,71,314.6666666666667,3103.3333333333335,88,210,95,246,765,2196,933,2243,298,341,2961,3176,0.46635367762128327,0.4824832980283526,-1.6129620407069334,0.2634730538922156,0.2543218085106383,0.91512453815773,0.6885245901639344,0.7018216682646213,-1.329707810068692,18880,186200
1629162,Jordan McLaughlin,2024-25,2024-25,1,2,"SAC,SAS",2,84,314.23333333333335,3742.766666666667,75,224,91,199,1021,2693,1045,2833,299,290,3714,3878,0.5076400679117148,0.4891991570073762,1.844091090433858,0.2737226277372263,0.26491956408925793,0.8803063647968346,0.7111111111111111,0.7204387372926698,-0.932762618155869,18854,224566
2401,Nikoloz Tskitishvili,2004-05,2005-06,2,4,"DEN,GSW,MIN,PHX",4,161,313.3333333333333,7454.666666666667,96,217,126,251,1969,5038,2210,5082,313,377,7007,7292,0.45362318840579713,0.4900342681306385,-3.6411079724841366,0.276657060518732,0.2792511700468019,-0.25941095280698767,0.6326530612244898,0.6950883002207505,-6.243523899626069,18800,447280
1627740,Henry Ellenson,2018-19,2020-21,3,4,"BKN,DET,NYK,TOR",4,117,312.6,5353.4,77,263,78,264,1467,4164,1375,4209,340,342,5631,5584,0.49853372434017595,0.5020954079358003,-0.35616835956243653,0.22580645161290322,0.2584566596194503,-3.265020800654708,0.7712609970674487,0.7517602455316844,1.950075153576425,18756,321204
1629743,Donta Hall,2019-20,2020-21,2,3,"BKN,DET,ORL",4,31,312.3333333333333,1175.6666666666667,78,232,80,253,302,833,312,951,310,333,1135,1263,0.4821150855365474,0.4733110925771476,0.880399295939982,0.23564954682779457,0.24102154828411812,-0.537200145632355,0.7435897435897436,0.7275109170305677,1.6078826559175918,18740,70540
2810,Andre Brown,2006-07,2008-09,2,2,"CHA,SEA",2,54,312.21666666666664,2294.7833333333333,94,221,98,184,643,1447,610,1506,315,282,2090,2116,0.5276381909547738,0.4969091773656681,3.0729013589105736,0.3381294964028777,0.2992089343880875,3.8920562014790216,0.6927899686520376,0.7034516285853184,-1.0661659933280832,18733,137687
2035,DerMarr Johnson,2003-04,2007-08,2,2,"NYK,SAS",3,42,310.8333333333333,1730.1666666666667,93,198,90,199,498,1171,479,1163,291,289,1669,1642,0.5017241379310344,0.5040773180308064,-0.23531800997719232,0.3184931506849315,0.29981938591210117,1.8673764772830337,0.6875,0.7096969696969697,-2.2196969696969715,18650,103810
1641771,Jalen Slawson,2025-26,2025-26,1,1,IND,1,22,310.55,745.45,82,231,103,239,160,520,225,559,313,342,680,784,0.4778625954198473,0.4644808743169399,1.3381721102907418,0.2554517133956386,0.22253129346314326,3.2920419932495335,0.6916167664670658,0.697986577181208,-0.6369810714142221,18633,44727
2074,Jabari Smith,2001-02,2003-04,2,2,"PHI,SAC",3,127,307.4166666666667,5813.583333333333,93,219,114,238,1682,4044,1698,3900,312,352,5726,5598,0.46987951807228917,0.5056517131755563,-3.577219510326718,0.2809667673716012,0.30132568971694734,-2.0358922345346144,0.6576576576576577,0.7042842215256009,-4.662656386794318,18445,348815
1631174,Tyler Burton,2025-26,2025-26,1,1,MEM,2,12,306.75,269.25,76,184,114,265,72,156,108,194,260,379,228,302,0.40688575899843504,0.43018867924528303,-2.330292024684799,0.22287390029325513,0.2706766917293233,-4.780279143606816,0.6174496644295302,0.5909090909090909,2.654057352043926,18405,16155
1641877,Nathan Mensah,2023-24,2023-24,1,1,CHA,1,38,306.65,1522.35,68,201,74,253,359,1056,362,1189,269,327,1415,1551,0.4513422818791946,0.47707349966284557,-2.573121778365095,0.2118380062305296,0.23191214470284238,-2.007413847231279,0.730909090909091,0.7447108603667136,-1.3801769457622681,18399,91341
1134,Ike Austin,2001-02,2001-02,1,1,MEM,1,57,306.48333333333335,2449.516666666667,66,209,88,244,728,1592,791,1711,275,332,2320,2502,0.45304777594728174,0.4811281625881377,-2.8080386640855934,0.2129032258064516,0.2984829848298483,-8.55797590233967,0.7037037037037037,0.668065463701217,3.563824000248672,18389,146971
2867,Kasib Powell,2007-08,2007-08,1,1,MIA,2,11,304.2,228.8,66,190,105,221,58,151,81,166,256,326,209,247,0.43986254295532645,0.4583333333333333,-1.8470790378006863,0.22996515679442509,0.25892857142857145,-2.896341463414637,0.6440677966101694,0.6508620689655172,-0.6794272355347797,18252,13728
201186,Stephane Lasme,2007-08,2007-08,1,2,"GSW,MIA",2,22,303.28333333333336,757.7166666666667,75,191,112,209,174,473,222,581,266,321,647,803,0.45315161839863716,0.44620689655172413,0.6944721846913027,0.2640845070422535,0.2304635761589404,3.362093088331311,0.6303630363036303,0.6805755395683454,-5.021250326471504,18197,45463
201606,Sean Singletary,2008-09,2008-09,1,2,"CHA,PHX",2,83,302.95,3731.05,81,189,88,191,952,2478,1003,2302,270,279,3430,3305,0.4918032786885246,0.5092798812175204,-1.7476602528995855,0.2977941176470588,0.29256299938537184,0.5231118261686984,0.6823104693140795,0.711864406779661,-2.955393746558155,18177,223863
200763,Quincy Douby,2008-09,2008-09,1,2,"SAC,TOR",2,67,300.6166666666667,2955.383333333333,93,211,80,200,773,1890,861,2032,304,280,2663,2893,0.5205479452054794,0.4793016558675306,4.124628933794883,0.3174061433447099,0.27557932263814616,4.182682070656374,0.7250859106529209,0.6870229007633588,3.8063009889562127,18037,177323
1629730,Rayjon Tucker,2019-20,2021-22,3,4,"DEN,MIL,PHI,UTA",4,106,300.3666666666667,4827.633333333333,86,209,62,235,1203,3681,1172,3430,295,297,4884,4602,0.4983108108108108,0.5148640101201771,-1.6553199309366329,0.26791277258566976,0.25965896827109863,0.8253804314571123,0.7712177121771218,0.7584998969709458,1.2717815206175986,18022,289658
1627788,Furkan Korkmaz,2023-24,2023-24,1,1,PHI,1,50,299.98333333333335,2110.016666666667,83,197,91,218,589,1507,592,1523,280,309,2096,2115,0.47538200339558573,0.49774400379957257,-2.2362000403986837,0.2757475083056478,0.27888257575757575,-0.3135067451927931,0.6840277777777778,0.7179609337779895,-3.393315600021174,17999,126601
1629244,Cameron Reynolds,2018-19,2020-21,2,3,"HOU,MIN,SAS",3,29,299.9166666666667,1122.0833333333333,78,217,79,252,300,825,304,859,295,331,1125,1163,0.4712460063897764,0.4916958041958042,-2.0449797806027847,0.23636363636363636,0.25884383088869717,-2.248019452506081,0.7331081081081081,0.7307351638618246,0.2372944246283537,17995,67325
1642502,Malevy Leons,2024-25,2025-26,2,2,"GSW,OKC",2,66,297.45,2890.55,115,168,100,187,809,2019,836,2148,283,287,2828,2984,0.4964912280701754,0.4865794907088782,0.9911737361297246,0.38079470198675497,0.2735880960432871,10.720660594346787,0.6268656716417911,0.7071803852889668,-8.031471364717568,17847,173433
1626192,Pat Connaughton,2025-26,2025-26,1,1,CHA,2,80,296.51666666666665,3558.483333333333,102,222,73,212,1206,2638,937,2377,324,285,3844,3314,0.5320197044334976,0.5370215143894943,-0.500180995599675,0.3248407643312102,0.33658945018141223,-1.1748685850202056,0.752542372881356,0.7379020979020979,1.4640274979258017,17791,213509
1715,Jason Williams,2010-11,2010-11,1,2,"MEM,ORL",2,76,295.0833333333333,3367.9166666666665,81,211,77,204,907,2319,857,2182,292,281,3226,3039,0.5095986038394416,0.5149241819632882,-0.5325578123846597,0.28421052631578947,0.29362253156361284,-0.9412005247823374,0.7326388888888888,0.7301637279596978,0.24751609291910892,17705,202075
203123,Kostas Papanikolaou,2015-16,2015-16,1,1,DEN,1,32,293.96666666666664,1252.0333333333333,84,215,81,200,386,884,296,932,299,281,1270,1228,0.5155172413793103,0.5084067253803043,0.7110515999006028,0.29577464788732394,0.2928679817905918,0.29066660967321245,0.7263513513513513,0.7491525423728813,-2.280119102153,17638,75122
1627853,Ryan Arcidiacono,2021-22,2023-24,3,2,"NYK,POR",6,166,293.71666666666664,7724.283333333334,65,224,74,248,2353,5702,1972,5560,289,322,8055,7532,0.47299509001636664,0.5167768011804709,-4.378171116410423,0.20766773162939298,0.29735877669657523,-8.969104506718226,0.7516778523489933,0.743028407610112,0.8649444738881296,17623,463457
1629623,Lindell Wigginton,2021-22,2023-24,3,1,MIL,3,93,293.3333333333333,4190.666666666667,65,218,86,219,1046,3339,1098,3092,283,305,4385,4190,0.4812925170068027,0.5113702623906705,-3.0077745383867818,0.22887323943661972,0.2527791203479942,-2.3905880911374493,0.7171052631578947,0.7525354969574036,-3.5430233799508937,17600,251440
1886,Jonathan Bender,2009-10,2009-10,1,1,NYK,1,59,292.45,2559.55,77,201,79,215,618,1683,713,1834,278,294,2301,2547,0.486013986013986,0.4746287128712871,1.1385273142698882,0.2636986301369863,0.25203915171288743,1.1659478424098868,0.7178571428571429,0.7024207011686143,1.5436441688528535,17547,153573
1643018,LJ Cryer,2025-26,2025-26,1,1,GSW,1,61,292.1333333333333,2655.866666666667,83,197,86,198,801,1825,773,1943,280,284,2626,2716,0.49645390070921985,0.4915761886933733,0.48777120158465803,0.29537366548042704,0.29190962099125367,0.3464044489173368,0.696113074204947,0.7024634334103156,-0.6350359205368639,17528,159352
202220,Zabian Dowdell,2010-11,2010-11,1,1,PHX,1,48,291.6333333333333,2052.366666666667,82,191,89,214,499,1443,565,1448,273,303,1942,2013,0.4739583333333333,0.49102402022756003,-1.7065686894226717,0.27702702702702703,0.25629173086800205,2.0735296159024976,0.6821428571428572,0.7186254980079682,-3.6482640865110993,17498,123142
1628383,Justin Patton,2018-19,2020-21,3,3,"HOU,OKC,PHI",3,129,291.6,5930.4,85,210,79,259,1459,4581,1519,4446,295,338,6040,5965,0.4660347551342812,0.5031236984589754,-3.70889433246942,0.24709302325581395,0.2470787468247248,0.0014276431089144115,0.726643598615917,0.7509836065573771,-2.4340007941460073,17496,355824
1565,Michael Stewart,2003-04,2004-05,2,3,"ATL,BOS,CLE",3,110,290.45,5034.55,89,192,61,206,1383,3373,1529,3430,281,267,4756,4959,0.5127737226277372,0.48955223880597015,2.3221483821767084,0.3016949152542373,0.2873467691668398,1.4348146087397484,0.758893280632411,0.6880864953080376,7.080678532437346,17427,302073
1628681,Rodney Purvis,2017-18,2017-18,1,1,ORL,1,17,289.56666666666666,526.4333333333333,71,220,77,254,136,401,136,428,291,331,537,564,0.4678456591639871,0.4877384196185286,-1.989276045454147,0.21846153846153846,0.24113475177304963,-2.2673213311511176,0.7407407407407407,0.7467411545623837,-0.6000413821642958,17374,31586
1630696,Dru Smith,2022-23,2023-24,2,2,"BKN,MIA",4,123,289.3,5634.7,70,205,94,239,1316,4044,1454,4172,275,333,5360,5626,0.45230263157894735,0.4878936828691061,-3.559105129015877,0.22653721682847897,0.23979591836734693,-1.3258701538867963,0.68561872909699,0.7355401964350673,-4.9921467338077345,17358,338082
203580,Larry Drew II,2014-15,2017-18,2,2,"NOP,PHI",4,28,289.1333333333333,1054.8666666666666,74,183,80,213,254,813,323,767,257,293,1067,1090,0.4672727272727273,0.4946685210941122,-2.7395793821384906,0.2578397212543554,0.24877571008814886,0.9064011166206531,0.6958174904942965,0.715669014084507,-1.9851523590210474,17348,63292
2048,Jamaal Magloire,2007-08,2007-08,1,2,"DAL,NJN",2,80,285.8666666666667,3584.133333333333,64,214,74,179,1010,2486,937,2424,278,253,3496,3361,0.5235404896421846,0.5098439550823975,1.3696534559787032,0.26337448559670784,0.29411764705882354,-3.0743161462115696,0.7430555555555556,0.7262635115395851,1.6792044015970453,17152,215048
1627733,Dragan Bender,2019-20,2019-20,1,2,"GSW,MIL",3,62,285.56666666666666,2695.4333333333334,49,239,64,213,667,2447,676,2164,288,277,3114,2840,0.5097345132743363,0.5230097413503527,-1.3275228076016443,0.18702290076335878,0.23560579300600495,-4.858289224264617,0.7887788778877888,0.7835414665385847,0.523741134920408,17134,161726
1642396,Blake Hinson,2025-26,2025-26,1,1,UTA,1,29,285.43333333333334,1106.5666666666666,99,222,79,206,321,755,341,878,321,285,1076,1219,0.5297029702970297,0.4688453159041394,6.085765439289031,0.32459016393442625,0.2677231025854879,5.686706134893832,0.7375415282392026,0.6888686131386861,4.867291510051652,17126,66394
383,Kendall Gill,2004-05,2004-05,1,1,MIL,1,15,283.51666666666665,436.48333333333335,86,171,72,211,140,290,117,291,257,283,430,408,0.4759259259259259,0.513126491646778,-3.7200565720852117,0.2895622895622896,0.3248259860788863,-3.526369651659672,0.7037037037037037,0.7125307125307125,-0.882700882700882,17011,26189
203515,Phil Pressey,2015-16,2015-16,1,2,"PHI,PHX",2,27,283.4166666666667,1012.5833333333334,73,205,81,237,264,764,274,804,278,318,1028,1078,0.4664429530201342,0.4881291547958215,-2.1686201775687253,0.23548387096774193,0.24719101123595505,-1.1707140268213123,0.7167832167832168,0.7360308285163777,-1.9247611733160919,17005,60755
2245,Damone Brown,2002-03,2004-05,3,3,"NJN,TOR,WAS",3,52,282.3,2213.7,98,207,85,199,631,1462,617,1501,305,284,2093,2118,0.5178268251273345,0.49703158394680597,2.0795241180528503,0.32996632996632996,0.2959662288930582,3.4000101073271782,0.708904109589041,0.7032227032227032,0.5681406366337849,16938,132822
2073,Brian Cardinal,2002-03,2009-10,2,2,"MIN,WAS",3,123,281.45,5662.55,82,194,68,188,1598,3795,1561,3902,276,256,5393,5463,0.518796992481203,0.49677597641857035,2.202101606263268,0.3037037037037037,0.29054545454545455,1.3158249158249147,0.7404580152671756,0.7085511575802838,3.190685768689183,16887,339753
203077,Michael Kidd-Gilchrist,2019-20,2019-20,1,2,"CHA,DAL",2,73,280.6,3263.4,83,222,81,221,867,2382,835,2530,305,302,3249,3365,0.5024711696869851,0.4912307227094043,1.124044697758081,0.2730263157894737,0.2552251987047395,1.7801117084734197,0.7326732673267327,0.7404414050357476,-0.7768137709014966,16836,195804
1629662,Mfiondu Kabengele,2020-21,2020-21,1,2,"CLE,LAC",3,65,279.95,2845.05,70,225,85,231,689,2107,633,2013,295,316,2796,2646,0.4828150572831424,0.5137816979051819,-3.096664062203952,0.23255813953488372,0.25499629903774984,-2.243815950286612,0.7258064516129032,0.768978102189781,-4.317165057687777,16797,170703
1735,Vladimir Stepania,2000-01,2000-01,1,1,NJN,1,60,279.18333333333334,2610.8166666666666,94,221,55,216,712,1650,814,1859,315,271,2362,2673,0.537542662116041,0.469116186693148,6.842647542289298,0.3032258064516129,0.27693504472967717,2.6290761721935727,0.8007246376811594,0.6696428571428571,13.108178053830233,16751,156649
2732,Ben Gordon,2013-14,2013-14,1,1,CHA,1,59,278.7,2573.3,81,210,74,228,607,1888,646,1917,291,302,2495,2563,0.49072512647554806,0.4932779754843812,-0.25528490088331246,0.2621359223300971,0.24049128367670364,2.1644638653393447,0.7394366197183099,0.745067087608524,-0.5630467890214153,16722,154398
1919,Laron Profit,2005-06,2005-06,1,1,LAL,1,38,278.68333333333334,1565.3166666666666,74,189,76,199,477,1053,448,1027,263,275,1530,1475,0.4888475836431227,0.5091514143094842,-2.0303830666361486,0.27106227106227104,0.3171542553191489,-4.609198425687788,0.7132075471698113,0.7015323117921386,1.1675235377672677,16721,93919
1626214,Bryce Dejean-Jones,2015-16,2015-16,1,1,NOP,3,40,278.5833333333333,1646.4166666666667,88,200,52,229,405,1197,332,1265,288,281,1602,1597,0.5061511423550088,0.5007814942169428,0.5369648138065952,0.277602523659306,0.24251497005988024,3.508755359942575,0.7936507936507936,0.7828646173969915,1.0786176253802071,16715,98785
2774,Bernard Robinson,2006-07,2006-07,1,2,"CHA,NJN",2,82,278.1,3717.9,69,193,77,200,956,2499,995,2588,262,277,3455,3583,0.48608534322820035,0.49090650753054843,-0.482116430234808,0.25650557620817843,0.2697516930022573,-1.3246116794078888,0.7148148148148148,0.7152261018889525,-0.04112870741377339,16686,223074
2562,Sasha Pavlovic,2010-11,2010-11,1,3,"BOS,DAL,NOH",3,33,277.28333333333336,1316.7166666666667,63,191,71,200,239,875,342,862,254,271,1114,1204,0.4838095238095238,0.48058671268334774,0.32228111261760617,0.23954372623574144,0.21707538601271573,2.246834022302571,0.7290076335877863,0.7189811010682005,1.0026532519585851,16637,79003
1642484,RayJ Dennis,2024-25,2025-26,2,3,"ATL,IND,LAC",4,123,276.6166666666667,5667.383333333333,106,221,85,229,1540,4124,1609,4254,327,314,5664,5863,0.5101404056162246,0.491368092305023,1.877231331120166,0.3164179104477612,0.2657921988263721,5.062571162138907,0.7222222222222222,0.7193441479155764,0.28780743066457726,16597,340043
1629875,Xavier Moon,2021-22,2023-24,3,1,LAC,4,113,276.18333333333334,5157.816666666667,83,212,97,218,1251,3792,1482,3592,295,315,5043,5074,0.48360655737704916,0.4984679252742908,-1.4861367897241629,0.2757475083056478,0.2583109642783399,1.7436544027307932,0.686084142394822,0.7189988623435722,-3.291471994875028,16571,309469
1631103,Malaki Branham,2025-26,2025-26,1,1,WAS,1,50,275.5,2134.5,99,186,85,207,616,1536,724,1628,285,292,2152,2352,0.49393414211438474,0.477797513321492,1.6136628792892738,0.3235294117647059,0.27450980392156865,4.901960784313725,0.6863468634686347,0.679646017699115,0.6700845769519681,16530,128070
203966,Jamil Wilson,2017-18,2017-18,1,1,LAC,1,38,273.75,1555.25,75,213,71,214,424,1116,422,1121,288,285,1540,1543,0.5026178010471204,0.4995134609146935,0.3104340132426886,0.25951557093425603,0.2744336569579288,-1.4918086023672783,0.75,0.7256176853055917,2.4382314694408325,16425,93315
2754,Tony Allen,2017-18,2017-18,1,1,NOP,1,50,272.43333333333334,2162.5666666666666,64,206,76,198,430,1635,553,1569,270,274,2065,2122,0.4963235294117647,0.4931932171005493,0.3130312311215411,0.24427480916030533,0.21510755377688845,2.9167255383416886,0.7304964539007093,0.7472577696526508,-1.6761315751941508,16346,129754
1629312,Haywood Highsmith,2018-19,2025-26,3,3,"MIA,PHI,PHX",5,94,272.18333333333334,4259.816666666667,82,191,60,212,1206,3193,1103,3083,273,272,4399,4186,0.5009174311926605,0.5124053581828771,-1.1487926990216613,0.2789115646258503,0.28118442527395665,-0.2272860648106334,0.7609561752988048,0.7432495344506518,1.7706640848152988,16331,255589
1626780,Jonathan Gibson,2016-17,2017-18,2,2,"BOS,DAL",2,26,271.1333333333333,976.8666666666667,54,178,56,216,211,653,208,745,232,272,864,953,0.4603174603174603,0.4755090809025867,-1.5191620585126409,0.2,0.22071129707112971,-2.0711297071129704,0.7606837606837606,0.7584204413472706,0.2263319336490044,16268,58612
1642504,Cormac Ryan,2025-26,2025-26,1,1,MIL,1,25,270.68333333333334,929.3166666666667,75,179,71,170,219,635,260,725,254,241,854,985,0.5131313131313131,0.46438281674823273,4.874849638308038,0.30612244897959184,0.2319915254237288,7.413092355586304,0.716,0.7094972067039106,0.6502793296089382,16241,55759
203116,Tyshawn Taylor,2013-14,2013-14,1,1,BKN,1,40,270.1166666666667,1674.8833333333334,71,160,81,203,397,1135,457,1146,231,284,1532,1603,0.44854368932038835,0.4886762360446571,-4.013254672426875,0.2591240875912409,0.2572909915748542,0.18330960163867038,0.6639004149377593,0.7129396984924623,-4.903928355470299,16207,100493
1442,Zeljko Rebraca,2003-04,2003-04,1,2,"ATL,DET",2,84,269.8666666666667,3812.133333333333,93,157,92,167,1187,2582,1113,2552,250,259,3769,3665,0.4911591355599214,0.5069948883508205,-1.5835752790899105,0.3576923076923077,0.3174645627173041,4.022774497500359,0.6305220883534136,0.6987821380243573,-6.826004967094368,16192,228728
1630551,Justin Champagnie,2022-23,2023-24,2,3,"BOS,TOR,WAS",3,65,269.1166666666667,2870.883333333333,82,183,80,222,798,1982,728,2173,265,302,2780,2901,0.4673721340388007,0.4893504664671713,-2.197833242837061,0.26973684210526316,0.26859643217771795,0.11404099275452162,0.6958174904942965,0.7313653136531365,-3.5547823158839975,16147,172253
2574,Jason Kapono,2011-12,2011-12,1,1,LAL,1,43,269.01666666666665,1824.9833333333333,67,200,83,159,501,1381,510,1202,267,242,1882,1712,0.5245579567779961,0.523650528658876,0.09074281191201461,0.29646017699115046,0.29418672930123313,0.22734476899173295,0.7067137809187279,0.7303014278159704,-2.3587646897242465,16141,109499
201174,Nick Fazekas,2007-08,2007-08,1,2,"DAL,LAC",2,81,268.9166666666667,3639.0833333333335,78,195,82,188,913,2485,940,2429,273,270,3398,3369,0.5027624309392266,0.5021427515885917,0.06196793506348941,0.2932330827067669,0.2731897067624177,2.0043375944349187,0.703971119133574,0.7255474452554744,-2.1576326121900413,16135,218345
1738,Ansu Sesay,2001-02,2004-05,2,2,"GSW,SEA",2,41,268.9,1719.1,87,156,95,177,499,1130,471,1293,243,272,1629,1764,0.47184466019417476,0.48010610079575594,-0.8261440601581183,0.32954545454545453,0.27845982142857145,5.108563311688307,0.6215139442231076,0.7058088694565896,-8.429492523348204,16134,103146
203263,James Nunnally,2013-14,2020-21,3,5,"ATL,HOU,MIN,NOP,PHI",5,78,268.51666666666665,3510.483333333333,70,187,77,233,1005,2618,989,2696,257,310,3623,3685,0.4532627865961199,0.49575807334428024,-4.249528674816033,0.23102310231023102,0.27154823020805186,-4.052512789782084,0.7083333333333334,0.7258109232048794,-1.7477589871546018,16111,210629
1630466,Gabriel Deck,2020-21,2021-22,2,1,OKC,2,56,267.2,2420.8,72,189,73,219,679,1921,617,2017,261,292,2600,2634,0.4719710669077758,0.4967520061138708,-2.478093920609503,0.24742268041237114,0.2518545994065282,-0.4431918994157069,0.7213740458015268,0.7568951930654059,-3.5521147263879116,16032,145248
101195,Luke Schenscher,2005-06,2006-07,2,2,"CHI,POR",2,42,266.6,1764.4,68,173,79,200,469,1202,469,1211,241,279,1671,1680,0.4634615384615385,0.4986571172784244,-3.5195578816885895,0.2537313432835821,0.2791666666666667,-2.5435323383084576,0.6865079365079365,0.7193297426690605,-3.2821806161123956,15996,105864
1631209,Isaiah Wong,2024-25,2024-25,1,1,CHA,1,32,265.46666666666664,1275.5333333333333,80,186,61,184,399,952,367,992,266,245,1351,1359,0.5205479452054794,0.4985239852398524,2.2023959965627005,0.30303030303030304,0.286843997124371,1.6186305905932064,0.7530364372469636,0.7217589082638363,3.12775289831273,15928,76532
203489,Nate Wolters,2014-15,2017-18,2,3,"MIL,NOP,UTA",3,82,265.4166666666667,3700.5833333333335,79,192,73,188,908,2605,945,2579,271,261,3513,3524,0.5093984962406015,0.4992184169390365,1.0180079301565004,0.2958801498127341,0.26039575566389445,3.5484394148839637,0.7245283018867924,0.7338028169014085,-0.9274515014616069,15925,222035
204098,Xavier Munford,2015-16,2017-18,2,2,"MEM,MIL",4,59,265.0,2587.0,95,169,57,185,663,1764,682,1852,264,242,2427,2534,0.5217391304347826,0.48921588389437615,3.2523246540406445,0.3392857142857143,0.2636182902584493,7.566742402726501,0.7477876106194691,0.7211774325429272,2.661017807654187,15900,155220
1630184,Kira Lewis Jr.,2023-24,2023-24,1,3,"NOP,TOR,UTA",3,81,264.23333333333335,3638.766666666667,70,201,94,217,1012,2596,998,2557,271,311,3608,3555,0.46563573883161513,0.5036995672204384,-3.8063828388823273,0.24390243902439024,0.28355281591482207,-3.9650376890431827,0.6813559322033899,0.7223149693934335,-4.095903719004368,15854,218326
200793,Dee Brown,2008-09,2008-09,1,2,"PHX,WAS",2,23,261.2,847.8,75,162,80,187,236,574,221,559,237,267,810,780,0.47023809523809523,0.5094339622641509,-3.919586702605571,0.2862595419847328,0.2968553459119497,-1.0595803927216874,0.6694214876033058,0.7220125786163522,-5.259109101304638,15672,50868
779,Glen Rice,2003-04,2003-04,1,1,LAC,1,36,260.43333333333334,1482.5666666666666,93,192,74,157,528,1016,435,979,285,231,1544,1414,0.5523255813953488,0.521974306964165,3.0351274431183795,0.372,0.35036496350364965,2.1635036496350346,0.7218045112781954,0.7002067539627843,2.1597757315411137,15626,88954
1641871,Duop Reath,2025-26,2025-26,1,1,POR,1,50,258.18333333333334,2151.8166666666666,77,190,100,192,812,1537,659,1525,267,292,2349,2184,0.4776386404293381,0.5181998676373263,-4.056122720798816,0.2862453531598513,0.34745400085579803,-6.120864769594675,0.6551724137931034,0.6999089253187614,-4.473651152565794,15491,129109
201238,Mario West,2009-10,2010-11,2,2,"ATL,NJN",2,53,257.9166666666667,2306.0833333333335,71,168,69,167,663,1471,656,1528,239,236,2134,2184,0.5031578947368421,0.49421028253821214,0.8947612198629995,0.29831932773109243,0.30260155180282977,-0.42822240717373394,0.7088607594936709,0.69158439116126,1.7276368332410863,15475,138365
1642354,KJ Simpson,2025-26,2025-26,1,2,"CHA,DEN",2,79,257.6166666666667,3569.383333333333,87,187,63,169,1107,2753,926,2456,274,232,3860,3382,0.541501976284585,0.5330019331676332,0.8500043116951739,0.33984375,0.3106932360370474,2.91505139629526,0.748,0.7483011687958684,-0.03011687958683895,15457,214163
1630186,Jahmi'us Ramsey,2021-22,2023-24,2,2,"SAC,TOR",2,67,254.98333333333332,2981.016666666667,68,178,82,194,781,2165,834,2312,246,276,2946,3146,0.47126436781609193,0.4835850295469468,-1.2320661730854887,0.2595419847328244,0.25250565793727775,0.7036326795546666,0.6846153846153846,0.7219073024341447,-3.7291917818760068,15299,178861
200753,Patrick O'Bryant,2008-09,2008-09,1,2,"BOS,TOR",2,82,254.95,3716.05,79,195,64,175,1003,2607,914,2333,274,239,3610,3247,0.5341130604288499,0.5264693014437801,0.7643758985069748,0.3110236220472441,0.30065947242206237,1.0364149625181729,0.752895752895753,0.7404146549275774,1.2481097968175536,15297,222963
1627395,Julian Washburn,2018-19,2018-19,1,1,MEM,1,39,253.86666666666667,1638.1333333333334,78,184,65,203,409,1212,415,1245,262,268,1621,1660,0.49433962264150944,0.49405669003352637,0.02829326079830663,0.2775800711743772,0.24727932285368803,3.0300748320689186,0.7389558232931727,0.7449293177627535,-0.5973494469580842,15232,98288
1642967,John Poulakidas,2025-26,2025-26,1,1,DAL,1,23,253.43333333333334,860.5666666666667,80,202,63,215,244,622,253,680,282,278,866,933,0.5035714285714286,0.481378543635353,2.219288493607557,0.2711864406779661,0.26406926406926406,0.7117176608702036,0.7622641509433963,0.7108571428571429,5.1407008086253425,15206,51634
1630542,Marcus Bagley,2024-25,2024-25,1,1,PHI,2,11,253.13333333333333,274.8666666666667,83,172,92,205,73,199,79,201,255,297,272,280,0.46195652173913043,0.4927536231884058,-3.079710144927539,0.2881944444444444,0.2664233576642336,2.1771086780210833,0.6515151515151515,0.7158273381294964,-6.431218661434491,15188,16492
2425,Robert Archibald,2003-04,2003-04,1,3,"ORL,PHX,TOR",3,83,252.41666666666666,3771.5833333333335,77,167,70,190,954,2471,1135,2741,244,260,3425,3876,0.48412698412698413,0.4691138200246542,1.5013164102329946,0.2883895131086142,0.25818673883626525,3.0202774272348965,0.7046413502109705,0.6852468108707709,1.9394539340199635,15145,226295
1628414,Sindarius Thornwell,2019-20,2020-21,2,2,"NOP,ORL",5,56,252.31666666666666,2445.6833333333334,72,191,56,185,714,1845,581,1764,263,241,2559,2345,0.5218253968253969,0.5218189233278956,0.0006473497501269243,0.2801556420233463,0.288135593220339,-0.7979951196992685,0.7732793522267206,0.7605111294311624,1.2768222795558226,15139,146741
688,Michael Curry,2004-05,2004-05,1,1,IND,1,38,252.18333333333334,1586.8166666666666,57,162,69,184,411,1034,450,1041,219,253,1445,1491,0.4639830508474576,0.49216621253405995,-2.8183161686602345,0.23651452282157676,0.2830578512396694,-4.654332841809267,0.7012987012987013,0.6967654986522911,0.4533202646410217,15131,95209
202148,Mickell Gladness,2011-12,2011-12,1,2,"GSW,MIA",4,58,252.01666666666668,2556.983333333333,64,185,103,194,625,1755,744,1674,249,297,2380,2418,0.45604395604395603,0.496040016673614,-3.9996060629657992,0.24806201550387597,0.27185732927359724,-2.3795313769721274,0.6423611111111112,0.7022809123649459,-5.991980125383478,15121,153419
202350,Daniel Orton,2013-14,2013-14,1,1,PHI,1,35,250.83333333333334,1464.1666666666667,82,178,57,181,431,1071,451,1120,260,238,1502,1571,0.5220883534136547,0.4887731858119102,3.3315167601744466,0.311787072243346,0.27788523533204385,3.3901836911302166,0.7574468085106383,0.7036793692509855,5.376743925965277,15050,87850
1630288,Jeff Dowtin,2021-22,2023-24,2,4,"GSW,MIL,ORL,PHI",4,68,250.05,3033.95,75,180,67,195,763,2343,817,2236,255,262,3106,3053,0.4932301740812379,0.5043026465335282,-1.107247245229026,0.2777777777777778,0.25441813937979324,2.3359638397984552,0.728744939271255,0.7414556962025316,-1.2710756931276546,15003,182037
1626151,Aaron Harrison,2016-17,2017-18,2,2,"CHA,DAL",2,46,249.8,1978.2,63,176,55,220,476,1570,473,1534,239,275,2046,2007,0.4649805447470817,0.5048112509252406,-3.983070617815887,0.2226148409893993,0.23681592039800994,-1.420107940861065,0.7619047619047619,0.7684777288301518,-0.6572966925389889,14988,118692
1035,Shawnelle Scott,2001-02,2001-02,1,1,DEN,1,31,249.31666666666666,1248.6833333333334,117,181,73,186,416,816,392,879,298,259,1232,1271,0.5350089766606823,0.4922093487814622,4.2799627879220035,0.38613861386138615,0.32123552123552124,6.490309262586491,0.7125984251968503,0.6754966887417219,3.7101736455128487,14959,74921
1630550,JT Thor,2024-25,2024-25,1,2,"CLE,WAS",2,82,249.28333333333333,3686.7166666666667,68,183,87,203,994,2762,1141,2700,251,290,3756,3841,0.46395563770794823,0.4944056864551797,-3.045004874723145,0.25092250922509224,0.26908500270709257,-1.816249348200033,0.6777777777777778,0.7076607737637715,-2.9882995985993643,14957,221203
1629649,Ignas Brazdeikis,2020-21,2020-21,1,3,"NYK,ORL,PHI",3,59,248.8,2588.2,71,192,65,192,699,2014,612,1960,263,257,2713,2572,0.5057692307692307,0.5133396404919583,-0.75704097227276,0.26996197718631176,0.26288078224896577,0.7081194937345991,0.7470817120622568,0.766945925361767,-1.9864213299510158,14928,155292
201980,Danny Green,2010-11,2023-24,3,4,"CLE,MEM,PHI,SAS",5,98,248.65,4475.35,58,162,76,174,1306,3273,1244,3219,220,250,4579,4463,0.46808510638297873,0.5064145100641451,-3.832940368116633,0.25,0.28861878453038675,-3.861878453038675,0.680672268907563,0.7245959707770644,-4.392370186950134,14919,268521
1642382,Branden Carlson,2024-25,2024-25,1,1,OKC,4,66,246.38333333333333,2926.616666666667,71,197,79,187,798,2208,840,2152,268,266,3006,2992,0.50187265917603,0.5011670556852285,0.07056034908015096,0.2751937984496124,0.2705084745762712,0.4685323873341196,0.7137681159420289,0.7244094488188977,-1.0641332876868748,14783,175597
760,Jerome Kersey,2000-01,2000-01,1,1,MIL,1,72,245.23333333333332,3230.766666666667,73,164,50,176,900,2255,985,2192,237,226,3155,3177,0.5118790496760259,0.49826279216677194,1.3616257509253993,0.2931726907630522,0.2910737386804657,0.20989520825864805,0.7663551401869159,0.6959876543209876,7.0367485865928225,14714,193846
1627884,Derrick Jones Jr.,2017-18,2017-18,1,2,"MIA,PHX",2,73,245.15,3308.85,76,201,52,185,873,2510,836,2522,277,237,3383,3358,0.5389105058365758,0.5018543242842308,3.7056181552345024,0.29118773946360155,0.2571428571428571,3.404488232074443,0.7944664031620553,0.7501494321578004,4.431697100425492,14709,198531
200978,Jeremy Richardson,2006-07,2008-09,3,5,"ATL,MEM,ORL,POR,SAS",7,145,244.18333333333334,6735.816666666667,77,163,64,187,1742,4783,1840,4556,240,251,6525,6396,0.48879837067209775,0.5049918736939866,-1.6193503021888822,0.2916666666666667,0.2765957446808511,1.507092198581561,0.7180616740088106,0.7221802808394987,-0.41186068306880985,14651,404149
203495,Ricky Ledo,2014-15,2014-15,1,2,"DAL,NYK",2,70,244.01666666666668,3150.983333333333,74,164,59,173,811,2167,945,2275,238,232,2978,3220,0.5063829787234042,0.4804775734107777,2.590540531262653,0.29959514170040485,0.262799740764744,3.679540093566086,0.7354260089686099,0.6963367609254498,3.908924804316005,14641,189059
2876,Jared Reiner,2006-07,2006-07,1,1,MIL,1,33,243.45,1370.55,63,143,79,173,351,839,433,889,206,252,1190,1322,0.4497816593886463,0.4737261146496815,-2.3944455261035227,0.2669491525423729,0.2830645161290323,-1.6115363586659381,0.6441441441441441,0.6595911949685535,-1.5447050824409336,14607,82233
1631098,Johnny Davis,2024-25,2024-25,1,1,WAS,1,50,241.6,2163.4,78,182,78,197,601,1588,636,1737,260,275,2189,2373,0.48598130841121495,0.47983340640070143,0.6147902010513517,0.28363636363636363,0.2570573139435415,2.6579049692822156,0.7,0.7140287769784173,-1.4028776978417312,14496,129804
1642380,Adama Bal,2025-26,2025-26,1,1,MEM,1,9,241.31666666666666,190.68333333333334,48,142,91,216,59,116,71,149,190,307,175,220,0.3822937625754527,0.4430379746835443,-6.074421210809156,0.18181818181818182,0.28365384615384615,-10.183566433566432,0.6094420600858369,0.6203208556149733,-1.0878795529136398,14479,11441
203121,Darius Miller,2014-15,2020-21,2,2,"NOP,OKC",2,67,240.18333333333334,2990.8166666666666,41,187,60,172,741,2272,767,2388,228,232,3013,3155,0.4956521739130435,0.4884889753566796,0.7163198556363881,0.19248826291079812,0.236816874400767,-4.4328611489968885,0.757085020242915,0.7476143468246134,0.9470673418301656,14411,179449
2063,Jake Voskuhl,2008-09,2008-09,1,1,TOR,1,60,239.76666666666668,2655.233333333333,70,175,65,150,671,1814,655,1836,245,215,2485,2491,0.532608695652174,0.49939710610932475,3.3211589542849196,0.3181818181818182,0.2676505783805345,5.053123980128365,0.7291666666666666,0.734710409072499,-0.554374240583233,14386,159314
1628439,Isaiah Hicks,2017-18,2017-18,1,1,NYK,1,81,239.43333333333334,3678.5666666666666,48,176,77,183,1007,2737,927,2649,224,260,3744,3576,0.4628099173553719,0.5114754098360655,-4.866549248069363,0.2077922077922078,0.27543763676148797,-6.764542896928017,0.6956521739130435,0.7469978165938864,-5.134564268084296,14366,220714
2809,Gerald Fitch,2005-06,2005-06,1,1,MIA,1,46,239.36666666666667,1973.6333333333334,66,183,63,170,503,1418,492,1292,249,233,1921,1784,0.516597510373444,0.5184885290148448,-0.18910186414007324,0.2796610169491525,0.28022284122562674,-0.056182427647422095,0.7439024390243902,0.7424083769633508,0.1494062061039414,14362,118418
201592,J.R. Giddens,2009-10,2009-10,1,2,"BOS,NYK",2,81,239.0,3674.0,77,157,67,158,812,2469,1000,2458,234,225,3281,3458,0.5098039215686274,0.48686748775782757,2.2936433810799848,0.3276595744680851,0.24831804281345565,7.934153165462943,0.7008928571428571,0.7117324877486307,-1.0839630605773642,14340,220440
1641798,Jaylen Martin,2024-25,2024-25,1,2,"BKN,WAS",2,64,238.63333333333333,2848.366666666667,68,156,71,200,708,1985,839,2137,224,271,2693,2976,0.45252525252525255,0.47503968953960135,-2.25144370143488,0.2537313432835821,0.24885764499121266,0.4873698292369444,0.6872246696035242,0.7029036827195467,-1.5679013116022489,14318,170902
1626273,Marcelo Huertas,2016-17,2016-17,1,1,LAL,1,58,236.55,2547.45,56,157,55,193,736,1840,663,1921,213,248,2576,2584,0.46203904555314534,0.4992248062015504,-3.7185760648405064,0.2248995983935743,0.27700414000752727,-5.2104541613952975,0.7405660377358491,0.7351178585697163,0.5448179166132716,14193,152847
203939,Dwight Powell,2014-15,2014-15,1,2,"BOS,DAL",2,78,236.33333333333334,3547.6666666666665,74,153,62,176,894,2555,1043,2672,227,238,3449,3715,0.4881720430107527,0.4814349525404802,0.6737090470272489,0.296,0.250701065619742,4.5298934380258,0.7116279069767442,0.7101167315175098,0.1511175459234404,14180,212860
1627848,Shawn Long,2016-17,2016-17,1,1,PHI,1,20,233.6,736.4,79,163,68,159,174,529,214,568,242,227,703,782,0.5159914712153518,0.4734006734006734,4.259079781467845,0.3319327731092437,0.23450134770889489,9.74314254003488,0.7056277056277056,0.7119784656796769,-0.6350760051971327,14016,44184
1909,Scott Padgett,2006-07,2006-07,1,2,"HOU,MEM",2,74,230.78333333333333,3361.2166666666667,56,156,67,162,904,2370,857,2276,212,229,3274,3133,0.48072562358276644,0.5110035898236304,-3.0277966240863927,0.25688073394495414,0.2842767295597484,-2.7395995614794275,0.6995515695067265,0.734428261543229,-3.4876692036502566,13847,201673
101198,Will Bynum,2005-06,2014-15,2,2,"GSW,WAS",2,28,228.95,1150.05,76,149,72,164,348,859,318,805,225,236,1207,1123,0.4880694143167028,0.5180257510729613,-2.995633675625853,0.31666666666666665,0.3018213356461405,1.4845331020526153,0.6742081447963801,0.72982158028887,-5.561343549248987,13737,69003
1609,Art Long,2000-01,2002-03,2,3,"PHI,SAC,TOR",3,68,228.18333333333334,3085.8166666666666,82,168,63,161,908,2214,910,2121,250,224,3122,3031,0.5274261603375527,0.5073947667804323,2.003139355712047,0.3374485596707819,0.29976890062726974,3.7679659043512173,0.7272727272727273,0.7087067861715749,1.8565941101152394,13691,185149
204037,Travis Wear,2017-18,2017-18,1,1,LAL,2,21,227.76666666666668,790.2333333333333,50,180,46,177,192,623,201,596,230,223,815,797,0.5077262693156733,0.5055831265508685,0.2143142764804873,0.22026431718061673,0.2436548223350254,-2.339050515440866,0.7964601769911505,0.7560679611650486,4.039221582610186,13666,47414
101108,Chris Paul,2025-26,2025-26,1,1,LAC,1,50,227.53333333333333,2187.4666666666667,64,147,67,167,552,1553,670,1453,211,234,2105,2123,0.47415730337078654,0.4978713339640492,-2.3714030593262656,0.27705627705627706,0.2753117206982544,0.17445563580226753,0.6869158878504673,0.6986054880791723,-1.1689600228705022,13652,131248
201336,Blake Ahearn,2007-08,2011-12,3,3,"MIA,SAS,UTA",3,39,226.28333333333333,1680.7166666666667,52,140,81,161,407,1158,418,1124,192,242,1565,1542,0.4423963133640553,0.5037013196009011,-6.130500623684582,0.24413145539906103,0.26583932070542127,-2.1707865306360237,0.6334841628959276,0.7347715736040609,-10.12874107081333,13577,100843
1630641,Ibou Badji,2023-24,2023-24,1,1,POR,1,68,225.85,3068.15,69,155,64,177,991,2073,812,2240,224,241,3064,3052,0.4817204301075269,0.5009810333551341,-1.92606032476072,0.2804878048780488,0.3067161869390282,-2.6228382060979385,0.7077625570776256,0.7185441941074523,-1.0781637029826707,13551,184089
1882,Elton Brand,2015-16,2015-16,1,1,PHI,1,46,224.71666666666667,2008.2833333333333,39,175,64,218,470,1355,612,1581,214,282,1825,2193,0.4314516129032258,0.45420607267297164,-2.2754459769745825,0.1517509727626459,0.22915650901999024,-7.740553625734433,0.7322175732217573,0.6888662938485003,4.3351279373257,13483,120497
1631351,Lucas Williamson,2025-26,2025-26,1,1,MEM,1,7,223.73333333333332,112.26666666666667,53,136,75,209,31,63,45,84,189,284,94,129,0.39957716701902746,0.42152466367713004,-2.1947496658102583,0.20229007633587787,0.26956521739130435,-6.727514105542648,0.6445497630331753,0.5833333333333334,6.121642969984197,13424,6736
201181,Chris Richard,2009-10,2009-10,1,1,CHI,2,28,223.68333333333334,1130.3166666666666,55,153,57,178,283,831,290,776,208,235,1114,1066,0.46952595936794583,0.5110091743119266,-4.148321494398077,0.23605150214592274,0.267233238904627,-3.118173675870428,0.7285714285714285,0.7413024085637824,-1.2730979992353841,13421,67819
202412,Manny Harris,2011-12,2016-17,3,3,"CLE,DAL,LAL",3,69,223.13333333333333,3093.866666666667,61,150,70,189,747,2235,951,2394,211,259,2982,3345,0.44893617021276594,0.47131341868183974,-2.23772484690738,0.244,0.23782234957020057,0.6177650429799425,0.6818181818181818,0.7015065913370998,-1.9688409518918037,13388,185632
1627756,Denzel Valentine,2021-22,2021-22,1,2,"CLE,UTA",2,42,221.96666666666667,1794.0333333333333,49,166,46,169,456,1410,474,1315,215,215,1866,1789,0.5,0.5105335157318741,-1.053351573187411,0.22477064220183487,0.2574816487859966,-3.2711006584161733,0.7830188679245284,0.7484076433121019,3.4611224612426494,13318,107642
1630792,Malcolm Hill,2021-22,2022-23,2,2,"ATL,CHI",3,108,221.21666666666667,4997.783333333334,50,170,45,165,1106,3691,1192,3672,220,210,4797,4864,0.5116279069767442,0.4965324500569299,1.5095456919814287,0.23255813953488372,0.23147760569275846,0.1080533842125253,0.7906976744186046,0.7558877739094819,3.4809900509122693,13273,299867
1631219,John Butler Jr.,2022-23,2022-23,1,1,POR,1,81,221.11666666666667,3676.883333333333,52,151,60,200,895,2554,965,2635,203,260,3449,3600,0.43844492440604754,0.48928926088806923,-5.084433648202169,0.20634920634920634,0.2535410764872521,-4.719187013804577,0.7156398104265402,0.7257743677181018,-1.0134557291561541,13267,220613
2839,James Thomas,2004-05,2005-06,2,4,"ATL,CHI,PHI,POR",4,37,219.05,1581.95,70,141,69,140,442,1006,492,1080,211,209,1448,1572,0.5023809523809524,0.4794701986754967,2.29107537054557,0.3333333333333333,0.290407358738502,4.292597459483133,0.6714285714285714,0.671562082777036,-0.01335113484646211,13143,94917
1629962,Devin Cannady,2020-21,2021-22,2,1,ORL,2,20,218.88333333333333,741.1166666666667,55,169,59,194,173,547,194,607,224,253,720,801,0.469601677148847,0.47337278106508873,-0.3771103916241747,0.22088353413654618,0.22179487179487178,-0.09113376583256005,0.7412280701754386,0.738191632928475,0.30364372469635637,13133,44467
201971,DeJuan Blair,2015-16,2015-16,1,1,WAS,1,51,218.01666666666668,2229.983333333333,59,146,56,176,480,1565,549,1694,205,232,2045,2243,0.4691075514874142,0.4769123134328358,-0.7804761945421623,0.251063829787234,0.22079116835326587,3.0272661433968144,0.7227722772277227,0.740302743614002,-1.7530466386279198,13081,133799
1629663,Louis King,2020-21,2022-23,3,2,"PHI,SAC",3,120,217.68333333333334,5577.316666666667,67,160,63,181,1365,4046,1467,4023,227,244,5411,5490,0.4819532908704883,0.4963764792220897,-1.442318835160139,0.2701612903225806,0.25334075723830735,1.6820533084273281,0.7174887892376681,0.7339016869218211,-1.6412897684152994,13061,334639
204067,Jarell Eddie,2015-16,2017-18,3,4,"BOS,CHI,PHX,WAS",4,75,217.61666666666667,3397.383333333333,61,186,54,201,856,2494,868,2582,247,255,3350,3450,0.49203187250996017,0.49264705882352944,-0.061518631356927145,0.23282442748091603,0.24898196625945318,-1.615753877853715,0.775,0.7418203450327187,3.317965496728137,13057,203843
1643253,Toby Okani,2025-26,2025-26,1,1,MEM,1,6,217.08333333333334,70.91666666666667,59,143,81,204,16,38,17,59,202,285,54,76,0.41478439425051333,0.4153846153846154,-0.06002211341020747,0.22433460076045628,0.21333333333333335,1.100126742712293,0.6383928571428571,0.6909090909090909,-5.251623376623382,13025,4255
1630296,Braxton Key,2021-22,2024-25,3,3,"DET,GSW,PHI",4,70,217.06666666666666,3162.9333333333334,66,148,64,176,888,2237,819,2320,214,240,3125,3139,0.4713656387665198,0.49888250319284805,-2.7516864426328222,0.2727272727272727,0.27680798004987534,-0.4080707322602628,0.6981132075471698,0.7320026178010471,-3.3889410253877372,13024,189776
1642024,Alex Reese,2024-25,2024-25,1,2,"OKC,PHI",2,31,216.05,1276.95,53,164,65,160,379,862,428,989,217,225,1241,1417,0.49095022624434387,0.46689240030097817,2.4057825943365696,0.24882629107981222,0.277046783625731,-2.8220492545918767,0.7161572052401747,0.6682170542635659,4.794015097660875,12963,76617
1628778,Paul Watson,2019-20,2021-22,2,3,"ATL,OKC,TOR",3,91,215.93333333333334,4162.066666666667,67,158,68,186,1035,3289,1122,3347,225,254,4324,4469,0.4697286012526096,0.4917548049584897,-2.2026203705880096,0.2648221343873518,0.23619351894112278,2.862861544622902,0.6991150442477876,0.7456359102244389,-4.652086597665129,12956,249724
201969,DaJuan Summers,2011-12,2012-13,2,2,"LAC,NOH",2,41,215.13333333333333,1762.8666666666666,55,135,53,145,483,1197,429,1149,190,198,1680,1578,0.4896907216494845,0.5156537753222836,-2.5963053672799106,0.275,0.2959558823529412,-2.095588235294116,0.7180851063829787,0.7361623616236163,-1.8077255240637524,12908,105772
1629102,Brandon Sampson,2018-19,2018-19,1,1,CHI,1,48,214.3,2119.7,43,156,46,174,533,1576,518,1638,199,220,2109,2156,0.47494033412887826,0.4944900351699883,-1.9549701041110035,0.19815668202764977,0.24550898203592814,-4.735230000827836,0.7722772277227723,0.7526265520534862,1.9650675669286133,12858,127182
203462,Archie Goodwin,2016-17,2016-17,1,2,"BKN,NOP",2,24,214.08333333333334,942.9166666666666,36,164,58,154,232,769,254,767,200,212,1001,1021,0.4854368932038835,0.4950544015825915,-0.9617508378708006,0.18947368421052632,0.23223223223223224,-4.275854802170592,0.7387387387387387,0.7517106549364614,-1.2971916197722644,12845,56575
202082,Larry Owens,2010-11,2011-12,2,3,"NJN,SAS,WAS",3,19,213.65,708.35,64,148,46,148,208,467,183,461,212,194,675,644,0.5221674876847291,0.511751326762699,1.0416160922030127,0.3018867924528302,0.3109118086696562,-0.9025016216825998,0.7628865979381443,0.7184615384615385,4.44250594766058,12819,42501
2214,Michael Bradley,2003-04,2004-05,2,5,"ATL,ORL,PHI,SAC,TOR",5,163,213.5,7690.5,52,144,69,142,2074,5219,2313,5394,196,211,7293,7707,0.48157248157248156,0.4862,-0.4627518427518462,0.26804123711340205,0.27771826459560794,-0.9677027482205891,0.676056338028169,0.6929102496016994,-1.6853911573530445,12810,461430
1630686,Georgios Kalaitzakis,2021-22,2021-22,1,2,"MIL,OKC",2,27,213.45,1087.55,56,137,59,177,276,894,299,857,193,236,1170,1156,0.44988344988344986,0.5030094582975064,-5.312600841405657,0.24034334763948498,0.2436010591350397,-0.32577114955547326,0.6989795918367347,0.7493713327745181,-5.039174093778332,12807,65253
1641790,PJ Hall,2025-26,2025-26,1,2,"CHA,MEM",2,66,213.38333333333333,2954.616666666667,65,160,69,153,1013,2204,775,2010,225,222,3217,2785,0.5033557046979866,0.5359880039986671,-3.2632299300680456,0.2981651376146789,0.3350975851802845,-3.69324475656056,0.6986899563318777,0.739845585767036,-4.115562943515827,12803,177277
1630177,Theo Maledon,2023-24,2023-24,1,2,"CHA,PHX",2,58,213.18333333333334,2575.8166666666666,75,157,53,159,645,1909,748,1786,232,212,2554,2534,0.5225225225225225,0.5019654088050315,2.0557113717491027,0.32051282051282054,0.2653229123817359,5.5189908131084655,0.7476190476190476,0.7184794881445239,2.9139559474523735,12791,154549
1629603,Mamadi Diakite,2021-22,2023-24,2,3,"NYK,OKC,SAS",4,60,212.13333333333333,2687.866666666667,63,164,56,164,752,1910,712,1982,227,220,2662,2694,0.5078299776286354,0.49701269604182224,1.081728158681311,0.2775330396475771,0.27505486466715434,0.24781749804227426,0.7454545454545455,0.7284515636918383,1.7002981762707203,12728,161272
1626173,Rashad Vaughn,2017-18,2017-18,1,3,"BKN,MIL,ORL",3,64,211.88333333333333,2875.116666666667,45,147,61,144,561,1999,689,2092,192,205,2560,2781,0.4836272040302267,0.4793109904512264,0.43162135790003053,0.23809523809523808,0.2114587259705993,2.6636512124638774,0.7067307692307693,0.7436755952380952,-3.694482600732596,12713,172507
1520,Charles Smith,2005-06,2005-06,1,2,"DEN,POR",2,56,209.91666666666666,2493.0833333333335,48,129,62,159,722,1548,759,1618,177,221,2270,2377,0.44472361809045224,0.4884871960404562,-4.376357795000397,0.2318840579710145,0.30854700854700856,-7.666295057599407,0.675392670157068,0.6710013003901171,0.4391369766950981,12595,149585
1631116,Patrick Baldwin Jr.,2024-25,2025-26,2,4,"LAC,PHI,SAC,WAS",5,106,209.2,4898.8,78,150,53,173,1304,3563,1358,3606,228,226,4867,4964,0.5022026431718062,0.4950666259790459,0.7136017192760302,0.3107569721115538,0.2655804480651731,4.517652404638067,0.7389162561576355,0.7240398293029872,1.4876426854648295,12552,293928
203540,Gigi Datome,2014-15,2014-15,1,2,"BOS,DET",2,85,209.2,3900.8,65,158,62,155,1197,2763,1020,2943,223,217,3960,3963,0.5068181818181818,0.49981067777357063,0.7007504044611201,0.29545454545454547,0.2891304347826087,0.6324110671936778,0.7181818181818181,0.7303727200634417,-1.2190901881623528,12552,234048
136,P.J. Brown,2007-08,2007-08,1,1,BOS,1,27,209.11666666666667,1091.8833333333334,74,141,68,138,286,817,299,660,215,206,1103,959,0.5106888361045131,0.534917555771096,-2.422871966658291,0.3490566037735849,0.3023255813953488,4.673102237823606,0.6746411483253588,0.732078853046595,-5.743770472123622,12547,65513
1628510,Andrew White III,2017-18,2017-18,1,1,ATL,1,40,209.1,1710.9,52,166,55,184,401,1300,426,1324,218,239,1701,1750,0.47702407002188185,0.49290060851926976,-1.5876538497387904,0.22033898305084745,0.23246376811594202,-1.2124785065094568,0.751131221719457,0.7531865585168018,-0.205533679734482,12546,102654
1642530,Yuki Kawamura,2025-26,2025-26,1,1,CHI,1,46,209.03333333333333,2003.9666666666667,75,144,75,145,541,1538,586,1558,219,220,2079,2144,0.4988610478359909,0.4923040492540848,0.6556998581906115,0.3409090909090909,0.25774178180085755,8.316730910823333,0.6575342465753424,0.724105461393597,-6.657121481825456,12542,120238
1752,Sean Marks,2010-11,2010-11,1,1,POR,1,51,208.43333333333334,2254.5666666666666,53,124,67,153,672,1369,577,1437,177,220,2041,2014,0.44584382871536526,0.5033292231812577,-5.748539446589246,0.25728155339805825,0.3186344238975818,-6.135287049952353,0.6492146596858639,0.7034943473792394,-5.4279687693375545,12506,135274
1600,Kornel David,2000-01,2000-01,1,2,"DET,TOR",2,82,208.4,3782.6,64,155,64,159,1303,2692,1096,2673,219,223,3995,3769,0.49547511312217196,0.514554353426069,-1.9079240303897071,0.28699551569506726,0.32771629778672035,-4.0720782091653085,0.7077625570776256,0.7106652587117213,-0.29027016340956724,12504,226956
1630585,Marcus Garrett,2021-22,2024-25,2,2,"CHA,MIA",2,49,207.63333333333333,2154.366666666667,55,149,67,144,585,1606,517,1532,204,211,2191,2049,0.491566265060241,0.5167452830188679,-2.5179017958626924,0.27638190954773867,0.27633443552196507,0.004747402577359727,0.6898148148148148,0.7564766839378239,-6.666186912300908,12458,129262
1627772,Daniel Hamilton,2018-19,2018-19,1,1,ATL,1,54,204.13333333333333,2392.866666666667,70,162,61,155,691,1772,658,1829,232,216,2463,2487,0.5178571428571429,0.49757575757575756,2.0281385281385345,0.3111111111111111,0.27420634920634923,3.6904761904761885,0.726457399103139,0.7292181069958847,-0.27607078927457396,12248,143572
1913,Michael Ruffin,2001-02,2008-09,2,2,"PHI,POR",2,47,204.0,2062.0,81,144,56,128,628,1416,518,1297,225,184,2044,1815,0.5501222493887531,0.5296708991966831,2.0451350192070006,0.3875598086124402,0.3262337662337662,6.132604237867401,0.72,0.7321613236814891,-1.2161323681489145,12240,123720
201146,Yi Jianlian,2011-12,2011-12,1,1,DAL,1,58,203.08333333333334,2625.9166666666665,55,151,56,160,642,1890,697,1866,206,216,2532,2563,0.4881516587677725,0.49695780176643767,-0.8806142998665167,0.2558139534883721,0.25598086124401914,-0.016690775564703886,0.7294685990338164,0.73057595670661,-0.11073576727935741,12185,157555
1627215,Walter Lemon Jr.,2017-18,2018-19,2,2,"CHI,NOP",3,16,202.25,575.75,49,151,48,164,146,473,159,469,200,212,619,628,0.4854368932038835,0.4963913392141139,-1.0954446010230379,0.2300469483568075,0.23739837398373984,-0.7351425626932334,0.7587939698492462,0.7484177215189873,1.0376248330258853,12135,34545
95,Mark Bryant,2000-01,2002-03,2,4,"BOS,DAL,DEN,PHI",4,150,202.15,7047.85,53,136,51,140,1892,4784,2007,4904,189,191,6676,6911,0.49736842105263157,0.49135202767351144,0.6016393379120133,0.27461139896373055,0.27839905826957034,-0.37876593058397967,0.7272727272727273,0.7044617876601384,2.2810939612588843,12129,422871
203146,Maalik Wayns,2012-13,2013-14,2,2,"LAC,PHI",4,93,201.9,4292.1,62,131,50,142,1122,2983,1178,3017,193,192,4105,4195,0.5012987012987012,0.49457831325301205,0.6720388045689196,0.30392156862745096,0.2710799710074897,3.2841597619961247,0.7237569060773481,0.7168949771689498,0.6861928908398318,12114,257526
1631311,Lester Quinones,2022-23,2024-25,2,3,"GSW,NOP,PHI",4,59,201.48333333333332,2650.516666666667,53,161,57,155,769,1849,735,1906,214,212,2618,2641,0.5023474178403756,0.49781327248526336,0.45341453551122624,0.2548076923076923,0.2874766355140187,-3.2668943206326406,0.7385321100917431,0.7155572755417957,2.297483454994742,12089,159031
1630644,Mac McClung,2021-22,2025-26,3,4,"CHI,IND,LAL,PHI",5,71,200.61666666666667,3232.383333333333,66,148,48,150,834,2391,893,2334,214,198,3225,3227,0.5194174757281553,0.49984500929944203,1.9572466428713298,0.3055555555555556,0.26325757575757575,4.229797979797984,0.7551020408163265,0.7280755176613886,2.702652315493792,12037,193943
1630606,Javonte Smart,2021-22,2023-24,2,3,"MIA,MIL,PHI",3,76,200.46666666666667,3467.5333333333333,61,150,48,162,876,2632,871,2466,211,210,3508,3337,0.501187648456057,0.512490869247626,-1.130322079156898,0.273542600896861,0.2621184919210054,1.1424108975855607,0.7575757575757576,0.7513559805880674,0.6219776987690162,12028,208052
101165,Alex Acker,2008-09,2008-09,1,2,"DET,LAC",2,80,199.48333333333332,3665.516666666667,45,137,56,155,923,2397,936,2524,182,211,3320,3460,0.4631043256997455,0.4896755162241888,-2.6571190524443287,0.225,0.2677690745575863,-4.27690745575863,0.7098445595854922,0.7191719171917191,-0.9327357606226938,11969,219931
200841,Cedric Bozeman,2006-07,2006-07,1,1,ATL,1,29,198.88333333333333,1213.1166666666666,81,137,62,126,348,745,353,801,218,188,1093,1154,0.5369458128078818,0.4864263462394304,5.051946656845141,0.391304347826087,0.3028720626631854,8.843228516290157,0.6884422110552764,0.6785063752276868,0.9935835827589612,11933,72787
1631254,Kenneth Lofton Jr.,2023-24,2023-24,1,3,"MEM,PHI,UTA",3,74,198.3,3363.7,61,140,70,147,946,2333,941,2554,201,217,3279,3495,0.48086124401913877,0.4840566873339238,-0.31954433147850514,0.2932692307692308,0.2702857142857143,2.2983516483516486,0.6666666666666666,0.7125839951130116,-4.5917328446345,11898,201822
203955,Bryce Cotton,2014-15,2015-16,2,3,"MEM,PHX,UTA",3,58,198.1,2595.9,59,131,48,144,747,1828,669,1834,190,192,2575,2503,0.4973821989528796,0.5070894052776683,-0.970720632478872,0.29064039408866993,0.289422704378148,0.12176897105219409,0.7318435754189944,0.7320784941930316,-0.02349187740372516,11886,155754
2423,Chris Jefferies,2003-04,2003-04,1,2,"CHI,TOR",2,81,197.58333333333334,3730.4166666666665,53,135,57,146,1139,2512,1105,2690,188,203,3651,3795,0.48081841432225064,0.4903303787268332,-0.9511964404582574,0.2663316582914573,0.29746670148863935,-3.1135043197182077,0.703125,0.6944982029306055,0.862679706939451,11855,223825
1629643,Chuma Okeke,2024-25,2024-25,1,2,"CLE,PHI",3,16,196.68333333333334,586.3166666666667,65,122,55,146,156,416,186,443,187,201,572,629,0.48195876288659795,0.47626977518734387,0.5688987699254078,0.3080568720379147,0.2604340567612688,4.762281527664591,0.6892655367231638,0.6910299003322259,-0.17643636090620696,11801,35179
1629168,BJ Johnson,2018-19,2021-22,3,3,"ATL,ORL,SAC",5,88,196.46666666666667,4057.5333333333333,45,137,62,157,1076,3067,966,3179,182,219,4143,4145,0.4538653366583541,0.4998793436293436,-4.601400697098951,0.22277227722772278,0.2528789659224442,-3.0106688694721413,0.6884422110552764,0.7604760724026779,-7.203386134740153,11788,243452
1629648,Jordan Bone,2020-21,2020-21,1,1,ORL,1,22,195.85,865.15,53,148,46,166,253,661,195,686,201,212,914,881,0.48668280871670705,0.509192200557103,-2.2509391840395967,0.2420091324200913,0.26943556975505856,-2.742643733496725,0.7628865979381443,0.772196261682243,-0.9309663744098695,11751,51909
202396,Samardo Samuels,2012-13,2012-13,1,1,CLE,1,35,195.51666666666668,1494.4833333333333,58,126,40,150,524,969,390,1037,184,190,1493,1427,0.4919786096256685,0.5113013698630137,-1.9322760237345193,0.27884615384615385,0.33568225496476617,-5.683610111861231,0.7590361445783133,0.7130242825607064,4.6011862017606875,11731,89669
1629061,Deng Adel,2018-19,2018-19,1,1,CLE,1,38,194.16666666666666,1644.8333333333333,56,137,40,151,449,1159,376,1267,193,191,1608,1643,0.5026041666666666,0.4946170409104891,0.7987125756177549,0.27053140096618356,0.26165501165501165,0.8876389311171906,0.7740112994350282,0.7550488599348534,1.8962439500174844,11650,98690
200772,Maurice Ager,2007-08,2010-11,2,3,"DAL,MIN,NJN",3,91,193.98333333333332,4189.016666666666,43,125,57,152,1129,2939,1121,2807,168,209,4068,3928,0.44562334217506633,0.5087543771885943,-6.313103501352796,0.2205128205128205,0.28683943089430897,-6.632661038148846,0.6868131868131868,0.7238916256157636,-3.7078438802576774,11639,251341
1630286,Trevon Scott,2021-22,2025-26,2,2,"BKN,CLE",2,11,193.6,334.4,37,126,44,162,85,248,84,253,163,206,333,337,0.44173441734417346,0.49701492537313435,-5.5280508028960895,0.18592964824120603,0.2514792899408284,-6.554964169962238,0.7411764705882353,0.7469879518072289,-0.5811481218993553,11616,20064
223,Bill Curley,2000-01,2000-01,1,2,"DAL,GSW",3,41,192.33333333333334,1780.6666666666667,74,121,56,121,559,1142,536,1249,195,177,1701,1785,0.5241935483870968,0.4879518072289157,3.624174115818107,0.37948717948717947,0.30918141592920356,7.03057635579759,0.6836158192090396,0.6805721096543504,0.30437095546891335,11540,106840
203546,Ian Clark,2014-15,2014-15,1,2,"DEN,UTA",2,80,192.18333333333334,3662.8166666666666,59,126,57,137,1101,2573,962,2413,185,194,3674,3375,0.48812664907651715,0.5212086820825649,-3.308203300604773,0.3010204081632653,0.313318155947638,-1.2297747784372703,0.6885245901639344,0.7278642149929279,-3.9339624828993447,11531,219769
2242,Terence Morris,2005-06,2005-06,1,1,ORL,1,51,191.8,2286.2,66,128,42,107,635,1495,618,1396,194,149,2130,2014,0.565597667638484,0.513996138996139,5.16015286423449,0.3815028901734104,0.3126538650910881,6.884902508232226,0.7529411764705882,0.7075248461902508,4.5416330280337425,11508,137172
201160,Jason Smith,2018-19,2018-19,1,3,"MIL,NOP,WAS",3,73,190.51666666666668,3333.483333333333,47,153,51,158,822,2627,959,2649,200,209,3449,3608,0.4889975550122249,0.4887345897690237,0.02629652432012408,0.22926829268292684,0.23681936041486604,-0.7551067731939198,0.75,0.7325711098717234,1.7428890128276642,11431,200009
1073,Reggie Slater,2001-02,2002-03,2,3,"ATL,MIN,NJN",3,56,189.68333333333334,2518.3166666666666,78,128,53,135,747,1811,777,1825,206,188,2558,2602,0.5228426395939086,0.49573643410852714,2.7106205485381505,0.36619718309859156,0.2904354587869362,7.576172431165534,0.7071823204419889,0.6997681607418856,0.7414159700103284,11381,151099
1629617,Reggie Perry,2021-22,2021-22,1,2,"IND,POR",3,16,187.26666666666668,580.7333333333333,44,124,67,154,184,370,148,427,168,221,554,575,0.4318766066838046,0.49069973427812225,-5.882312759431763,0.2222222222222222,0.3011456628477905,-7.892344062556828,0.6492146596858639,0.7142857142857143,-6.507105459985041,11236,34844
1629735,Chris Silva,2020-21,2022-23,3,4,"DAL,MIA,MIN,SAC",6,94,186.53333333333333,4365.466666666666,48,142,37,139,960,3169,1146,3218,190,176,4129,4364,0.5191256830601093,0.48616507712233603,3.296060593777328,0.25668449197860965,0.22977501196744854,2.6909480011161113,0.7932960893854749,0.7344148319814601,5.888125740401485,11192,261928
202720,Jon Leuer,2012-13,2012-13,1,2,"CLE,MEM",2,85,186.43333333333334,3908.5666666666666,44,120,40,149,1255,2559,1036,2633,164,189,3814,3669,0.46458923512747874,0.5096886275557931,-4.5099392428314395,0.22797927461139897,0.3227880658436214,-9.480879123222245,0.75,0.7118219749652295,3.8178025034770524,11186,234514
2357,Tierre Brown,2002-03,2003-04,2,2,"CLE,NOH",3,23,186.03333333333333,922.9666666666667,56,134,55,121,317,644,277,638,190,176,961,915,0.5191256830601093,0.5122601279317697,0.686555512833964,0.3163841807909605,0.3319371727748691,-1.5552991983908637,0.708994708994709,0.6992399565689468,0.9754752425762181,11162,55378
1626150,Andrew Harrison,2018-19,2018-19,1,3,"CLE,MEM,NOP",3,33,185.76666666666668,1398.2333333333333,46,133,50,137,382,1047,360,1045,179,187,1429,1405,0.4890710382513661,0.5042342978122795,-1.5163259560913356,0.25136612021857924,0.26769446391030133,-1.6328343691722091,0.726775956284153,0.744136460554371,-1.7360504270217958,11146,83894
1629657,Kyle Guy,2021-22,2021-22,1,1,MIA,2,39,185.7,1711.3,50,138,42,144,406,1256,430,1188,188,186,1662,1618,0.5026737967914439,0.5067073170731707,-0.40335202817268767,0.25773195876288657,0.2547051442910916,0.3026814471794981,0.7666666666666667,0.7449584816132859,2.170818505338079,11142,102678
1642959,Chris Youngblood,2025-26,2025-26,1,2,"OKC,POR",2,72,185.1,3300.9,32,149,63,146,902,2496,1010,2378,181,209,3398,3388,0.4641025641025641,0.5007368110816387,-3.663424697907458,0.1797752808988764,0.275,-9.522471910112362,0.7028301886792453,0.7119224187107815,-0.9092230031536253,11106,198054
203925,Joe Harris,2015-16,2023-24,2,2,"CLE,DET",2,87,185.06666666666666,4025.9333333333334,52,118,59,133,1093,2947,966,2903,170,192,4040,3869,0.4696132596685083,0.5108104690858516,-4.119720941734329,0.2810810810810811,0.27352352352352355,0.7557557557557548,0.6666666666666666,0.7531305903398927,-8.646392367322608,11104,241556
1641727,Dariq Whitehead,2025-26,2025-26,1,1,MEM,1,6,182.81666666666666,105.18333333333334,52,115,66,171,23,66,32,92,167,237,89,124,0.41336633663366334,0.41784037558685444,-0.4474038953191095,0.23318385650224216,0.2,3.318385650224215,0.6353591160220995,0.673469387755102,-3.811027173300252,10969,6311
201600,Omer Asik,2017-18,2017-18,1,2,"CHI,NOP",2,81,182.16666666666666,3740.8333333333335,32,136,39,129,867,2827,901,2833,168,168,3694,3734,0.5,0.4973074851911686,0.26925148088314255,0.19875776397515527,0.23432432432432432,-3.556656034916905,0.7771428571428571,0.7583154506437768,1.8827406499080324,10930,224450
1864,Steve Goodrich,2000-01,2001-02,2,2,"CHI,NJN",2,30,181.26666666666668,1273.7333333333333,59,118,51,114,346,818,380,880,177,165,1164,1260,0.5175438596491229,0.4801980198019802,3.734583984714268,0.34104046242774566,0.2822185970636215,5.882186536412415,0.6982248520710059,0.6828046744574291,1.5420177613576835,10876,76424
1051,Dean Garrett,2001-02,2001-02,1,2,"GSW,MIN",2,85,180.63333333333333,3929.366666666667,72,133,76,142,1298,2762,1207,2609,205,218,4060,3816,0.4846335697399527,0.5154900964956831,-3.0856526755730416,0.3364485981308411,0.3322242129511134,0.422438517972773,0.6363636363636364,0.6958931720836483,-5.952953572001196,10838,235762
1629151,Ryan Broekhoff,2019-20,2019-20,1,1,DAL,1,54,180.1,2426.9,49,138,47,143,668,1916,640,1841,187,190,2584,2481,0.4960212201591512,0.5101678183613031,-1.4146598202151917,0.2552083333333333,0.26624153049023513,-1.103319715690182,0.745945945945946,0.7496087636932708,-0.3662817747324798,10806,145614
2558,Reece Gaines,2004-05,2004-05,1,2,"HOU,MIL",2,85,179.93333333333334,3940.0666666666666,38,132,53,152,1065,2689,1056,2568,170,205,3754,3624,0.4533333333333333,0.5088099756031444,-5.547664226981114,0.2,0.2931461601981833,-9.314616019818327,0.7135135135135136,0.7180240320427236,-0.4510518529210028,10796,236404
2249,Jamison Brewer,2004-05,2004-05,1,1,NYK,1,55,179.88333333333333,2480.116666666667,65,103,52,108,695,1605,691,1680,168,160,2300,2371,0.5121951219512195,0.4923999143652323,1.979520758598724,0.37572254335260113,0.2926315789473684,8.309096440523273,0.6645161290322581,0.6990418118466899,-3.45256828144318,10793,148807
180,John Crotty,2002-03,2002-03,1,1,DEN,2,17,179.51666666666668,636.4833333333333,50,117,71,121,192,399,140,398,167,192,591,538,0.46518105849582175,0.5234720992028343,-5.829104070701257,0.29239766081871343,0.3254237288135593,-3.3026067994845865,0.6223404255319149,0.7402597402597403,-11.791931472782535,10771,38189
2065,Mike Smith,2000-01,2000-01,1,1,WAS,2,79,179.45,3612.55,61,102,53,121,1100,2366,1037,2390,163,174,3466,3427,0.4836795252225519,0.50282895691281,-1.9149431690258123,0.33516483516483514,0.3151862464183381,1.997858874649705,0.6580645161290323,0.6952688803996474,-3.720436427061513,10767,216753
200764,Renaldo Balkman,2010-11,2011-12,2,2,"DEN,NYK",3,117,178.03333333333333,5452.966666666666,46,122,52,127,1406,3748,1462,3810,168,179,5154,5272,0.484149855907781,0.4943410704009208,-1.019121449313981,0.2658959537572254,0.2695552147239264,-0.36592609667009945,0.7011494252873564,0.7193857965451056,-1.823637125774924,10682,327178
1629725,Jeremiah Martin,2019-20,2020-21,2,2,"BKN,CLE",2,44,174.25,1957.75,46,126,49,150,568,1542,489,1495,172,199,2110,1984,0.4636118598382749,0.5153883732291158,-5.177651339084088,0.23469387755102042,0.27532719340765877,-4.063331585663835,0.72,0.7592319054652881,-3.9231905465288097,10455,117465
1627735,Wade Baldwin IV,2017-18,2018-19,2,1,POR,2,133,174.11666666666667,6244.883333333333,41,134,45,138,1733,4898,1552,4610,175,183,6631,6162,0.4888268156424581,0.5183303369029938,-2.950352126053568,0.22905027932960895,0.27321456723947657,-4.416428790986762,0.7486033519553073,0.7593798449612403,-1.0776493005933085,10447,374693
1627879,Nicolas Laprovittola,2016-17,2016-17,1,1,SAS,1,31,173.91666666666666,1314.0833333333333,40,129,42,132,321,970,325,890,169,174,1291,1215,0.49271137026239065,0.5151636073423783,-2.245223707998767,0.23255813953488372,0.26507018992568127,-3.2512050390797547,0.7543859649122807,0.749034749034749,0.5351215877531734,10435,78845
375,Isaiah Rider,2001-02,2001-02,1,1,DEN,1,11,173.65,359.35,55,125,48,108,140,226,103,254,180,156,366,357,0.5357142857142857,0.5062240663900415,2.9490219324244227,0.3374233128834356,0.3553299492385787,-1.7906636355143113,0.7225433526011561,0.6869300911854104,3.5613261415745723,10419,21561
1765,Torraye Braggs,2003-04,2004-05,2,2,"HOU,WAS",3,39,172.05,1709.95,59,107,53,104,497,1220,476,1156,166,157,1717,1632,0.5139318885448917,0.5126903553299492,0.12415332149424696,0.3619631901840491,0.30066545674531153,6.129773343873756,0.66875,0.7193396226415094,-5.058962264150946,10323,102597
200759,Cedric Simmons,2007-08,2008-09,2,3,"CHI,CLE,SAC",4,164,171.53333333333333,7780.466666666666,56,113,60,134,2269,5222,2176,5357,169,194,7491,7533,0.465564738292011,0.49860223642172524,-3.303749812971424,0.29473684210526313,0.2975347495410438,-0.27979074357806777,0.653179190751445,0.7058664503919978,-5.268725964055276,10292,466828
1629755,Hassani Gravett,2021-22,2021-22,1,1,ORL,1,10,171.08333333333334,313.9166666666667,32,116,56,125,80,235,86,244,148,181,315,330,0.44984802431610943,0.4883720930232558,-3.8524068707146366,0.20382165605095542,0.24691358024691357,-4.3091924195958144,0.6744186046511628,0.7320872274143302,-5.766862276316742,10265,18835
201634,DeMarcus Nelson,2008-09,2008-09,1,1,GSW,1,36,170.66666666666666,1572.3333333333333,56,123,55,140,482,1024,542,1140,179,195,1506,1682,0.4786096256684492,0.472396486825596,0.6213138842853239,0.2857142857142857,0.2971639950678175,-1.144970935353179,0.6910112359550562,0.6538952745849298,3.7115961370126405,10240,94340
201203,Mustafa Shakur,2010-11,2013-14,2,2,"OKC,WAS",2,47,170.53333333333333,2130.4666666666667,46,107,45,114,662,1404,640,1533,153,159,2066,2173,0.49038461538461536,0.487379098844067,0.30055165405483697,0.2875,0.30159453302961275,-1.4094533029612777,0.7039473684210527,0.6868884540117417,1.7058914409310955,10232,127828
201234,Trey Johnson,2008-09,2011-12,3,4,"CLE,LAL,NOH,TOR",5,42,169.81666666666666,1861.1833333333334,52,110,49,112,530,1243,459,1261,162,161,1773,1720,0.5015479876160991,0.5075866017749785,-0.6038614158879407,0.3170731707317073,0.29592406476828587,2.1149105963421455,0.6918238993710691,0.7303172737955347,-3.8493374424465543,10189,111671
1631306,Cole Swider,2024-25,2024-25,1,2,"DET,TOR",2,43,169.5,1914.5,55,128,53,128,549,1397,481,1403,183,181,1946,1884,0.5027472527472527,0.5080939947780679,-0.5346742030815199,0.3005464480874317,0.28125,1.9296448087431695,0.7071823204419889,0.7438764643237487,-3.6694143881759733,10170,114870
2668,Josh Davis,2003-04,2011-12,3,5,"ATL,HOU,MEM,MIL,PHX",6,53,169.48333333333332,2399.516666666667,60,105,51,122,720,1627,654,1656,165,173,2347,2310,0.4881656804733728,0.5039725144943097,-1.580683402093691,0.32967032967032966,0.30303030303030304,2.6640026640026626,0.6730769230769231,0.7132836475230162,-4.020672444609308,10169,143971
201208,Darryl Watkins,2007-08,2011-12,2,2,"NOH,SAC",2,25,168.8,1046.2,43,105,51,114,269,704,297,710,148,165,973,1007,0.4728434504792332,0.4914141414141414,-1.8570690934908207,0.27388535031847133,0.27477017364657813,-0.08848233281067985,0.6730769230769231,0.7032967032967034,-3.0219780219780223,10128,62772
1643158,Andersson Garcia,2025-26,2025-26,1,1,UTA,1,5,168.75,71.25,61,116,48,126,16,43,21,45,177,174,59,66,0.5042735042735043,0.472,3.2273504273504283,0.32620320855614976,0.26229508196721313,6.390812658893664,0.7073170731707317,0.671875,3.544207317073167,10125,4275
1627784,Jarrod Uthoff,2016-17,2019-20,2,3,"DAL,MEM,WAS",3,33,167.88333333333333,1416.1166666666666,57,111,46,134,326,1066,337,1120,168,180,1392,1457,0.4827586206896552,0.4885924885924886,-0.5833867902833412,0.29842931937172773,0.22544951590594745,7.297980346578028,0.7070063694267515,0.759800427655025,-5.279405822827343,10073,84967
2260,Jarron Collins,2010-11,2010-11,1,2,"LAC,POR",3,44,167.03333333333333,1959.9666666666667,47,116,32,122,605,1313,509,1258,163,154,1918,1767,0.5141955835962145,0.5204884667571235,-0.6292883160908924,0.2781065088757396,0.3247450348899624,-4.66385260142228,0.7837837837837838,0.7206366630076838,6.314712077609997,10022,117598
1629541,Dairis Bertans,2018-19,2018-19,1,1,NOP,1,19,167.01666666666668,759.9833333333333,35,147,44,143,220,586,215,606,182,187,806,821,0.4932249322493225,0.4953902888752305,-0.21653566259079993,0.19662921348314608,0.26634382566585957,-6.971461218271349,0.7696335078534031,0.731585518102372,3.8047989751031075,10021,45599
1629034,Ray Spalding,2018-19,2020-21,2,3,"DAL,HOU,PHX",3,76,166.3,3501.7,49,129,65,132,898,2650,965,2658,178,197,3548,3623,0.4746666666666667,0.49477060382094545,-2.0103937154278775,0.27071823204419887,0.2525309336332958,1.8187298410903052,0.6649484536082474,0.7330567081604425,-6.810825455219516,9978,210102
1630698,Kevin Pangos,2021-22,2021-22,1,1,CLE,1,58,166.0,2618.0,36,117,38,118,676,2015,724,1889,153,156,2691,2613,0.49514563106796117,0.5073529411764706,-1.2207310108509395,0.23376623376623376,0.26354775828460036,-2.97815245183666,0.7548387096774194,0.7356699525374224,1.9168757139996995,9960,157080
1641890,Tyler Smith,2025-26,2025-26,1,1,DAL,1,23,165.58333333333334,948.4166666666666,68,126,43,135,256,698,273,760,194,178,954,1033,0.521505376344086,0.48012078510317063,4.138459124091537,0.33497536945812806,0.25196850393700787,8.300686552112019,0.7455621301775148,0.7188465499485067,2.6715580229008107,9935,56905
1631250,Pete Nance,2023-24,2024-25,2,3,"CLE,MIL,PHI",5,86,165.51666666666668,3992.483333333333,36,117,42,122,866,2827,1016,2912,153,164,3693,3928,0.48264984227129337,0.48458207584306523,-0.19322335717718575,0.22784810126582278,0.22922181048173637,-0.13737092159135933,0.7358490566037735,0.7356232110330471,0.022584557072646838,9931,239549
1629752,Juwan Morgan,2019-20,2021-22,2,3,"BOS,TOR,UTA",4,67,165.43333333333334,3070.5666666666666,55,129,46,119,740,2379,737,2192,184,165,3119,2929,0.5272206303724928,0.515707671957672,1.1512958414820806,0.3160919540229885,0.252387448840382,6.37045051826065,0.7371428571428571,0.7634788189987163,-2.633596185585918,9926,184234
1631338,Mouhamadou Gueye,2023-24,2025-26,2,2,"CHI,TOR",3,28,165.4,1183.6,45,114,70,140,310,814,324,903,159,210,1124,1227,0.43089430894308944,0.47809442790302,-4.7200118959930535,0.24324324324324326,0.25556471558120364,-1.2321472337960382,0.6195652173913043,0.7152899824253075,-9.572476503400317,9924,71016
1641816,Hunter Tyson,2025-26,2025-26,1,1,DEN,1,52,161.9,2364.1,38,135,46,127,586,1736,703,1618,173,173,2322,2321,0.5,0.5001076889941848,-0.010768899418478473,0.23030303030303031,0.2658802177858439,-3.5577187482813604,0.7458563535911602,0.7117671176711767,3.4089235919983474,9714,141846
1629677,Luka Samanic,2022-23,2022-23,1,1,UTA,1,7,160.81666666666666,180.18333333333334,25,133,52,119,57,147,36,140,158,171,204,176,0.48024316109422494,0.5368421052631579,-5.659894416893296,0.1736111111111111,0.2893401015228426,-11.572899041173152,0.7189189189189189,0.8032786885245902,-8.435976960567126,9649,10811
694,Sam Mack,2001-02,2001-02,1,1,MIA,1,20,160.58333333333334,814.4166666666666,37,103,59,113,212,545,217,570,140,172,757,787,0.44871794871794873,0.49028497409326427,-4.156702537531554,0.24666666666666667,0.2710997442455243,-2.4433077578857625,0.6358024691358025,0.7152230971128609,-7.94206279770584,9635,48865
953,Lorenzen Wright,2007-08,2007-08,1,2,"ATL,SAC",2,81,160.53333333333333,3777.4666666666667,33,122,54,117,1058,2485,1056,2457,155,171,3543,3513,0.4754601226993865,0.502125850340136,-2.666572764074954,0.22,0.30099573257467993,-8.099573257467993,0.6931818181818182,0.7017791584298221,-0.8597340248003849,9632,226648
203141,Mirza Teletovic,2017-18,2017-18,1,1,MIL,1,66,159.16666666666666,3028.8333333333335,23,112,38,117,631,2104,759,2163,135,155,2735,2922,0.46551724137931033,0.4834718048435567,-1.7954563464246343,0.16428571428571428,0.22584108804581246,-6.155537376009818,0.7466666666666667,0.734893468389801,1.1773198276865737,9550,181730
1626148,Anthony Brown,2016-17,2016-17,1,2,"NOP,ORL",2,14,159.01666666666668,527.9833333333333,47,126,43,126,102,408,128,429,173,169,510,557,0.5058479532163743,0.47797563261480785,2.787232060156647,0.27167630057803466,0.192090395480226,7.9585905097808665,0.7455621301775148,0.7611940298507462,-1.563189967323142,9541,31679
299,Glenn Robinson,2004-05,2004-05,1,1,SAS,1,9,158.0,294.0,50,105,56,109,94,175,91,206,155,165,269,297,0.484375,0.4752650176678445,0.9109982332155486,0.31446540880503143,0.31333333333333335,0.11320754716980796,0.6521739130434783,0.6578947368421053,-0.5720823798627039,9480,17640
955,Samaki Walker,2004-05,2005-06,2,2,"IND,WAS",2,93,157.88333333333333,4326.116666666667,40,106,39,114,1362,2886,1318,2988,146,153,4248,4306,0.4882943143812709,0.4966097732055179,-0.8315458824247002,0.2597402597402597,0.31310344827586206,-5.336318853560234,0.7310344827586207,0.686489058039962,4.454542471865874,9473,259567
1629203,Jemerrio Jones,2018-19,2021-22,2,1,LAL,2,11,157.83333333333334,370.1666666666667,65,140,41,108,107,287,92,302,205,149,394,394,0.5790960451977402,0.5,7.909604519774016,0.37572254335260113,0.2616136919315403,11.41088514210608,0.7734806629834254,0.7572559366754618,1.6224726307963677,9470,22210
203108,Bernard James,2014-15,2014-15,1,1,DAL,1,28,157.66666666666666,1196.3333333333333,52,116,44,109,274,838,353,922,168,153,1112,1275,0.5233644859813084,0.46585672392124006,5.75077620600683,0.32298136645962733,0.22909698996655517,9.388437649307216,0.725,0.7036104114189756,2.1389588581024355,9460,71780
1627816,Alex Poythress,2016-17,2016-17,1,1,PHI,1,6,156.83333333333334,131.16666666666666,50,103,41,112,32,79,27,104,153,153,111,131,0.5,0.45867768595041325,4.1322314049586755,0.30864197530864196,0.23529411764705882,7.334785766158314,0.7152777777777778,0.7452830188679245,-3.0005241090146684,9410,7870
2241,Omar Cook,2003-04,2004-05,2,2,"POR,TOR",3,41,156.68333333333334,1841.3166666666666,51,89,54,99,474,1186,562,1157,140,153,1660,1719,0.4778156996587031,0.4912696063924238,-1.345390673372071,0.34,0.29061925199264255,4.938074800735748,0.6223776223776224,0.6784897025171625,-5.6112080139540055,9401,110479
203142,Chris Copeland,2015-16,2015-16,1,1,MIL,1,56,155.91666666666666,2557.0833333333335,44,91,48,115,677,1787,746,1760,135,163,2464,2506,0.45302013422818793,0.49577464788732395,-4.275451365913602,0.27672955974842767,0.2778005744768158,-0.10710147283881088,0.6546762589928058,0.705487564153178,-5.081130516037224,9355,153425
203949,James Michael McAdoo,2014-15,2017-18,2,2,"GSW,PHI",4,82,155.08333333333334,3805.9166666666665,36,118,41,119,1030,2967,1050,2762,154,160,3997,3812,0.49044585987261147,0.5118453066974005,-2.1399446824789004,0.23225806451612904,0.27162447257383965,-3.9366408057710607,0.7421383647798742,0.7386109036594474,0.3527461120426789,9305,228355
201612,Malik Hairston,2008-09,2008-09,1,1,SAS,1,52,155.01666666666668,2360.983333333333,49,110,41,120,488,1651,541,1618,159,161,2139,2159,0.496875,0.4976733364355514,-0.07983364355513833,0.28994082840236685,0.23171889838556506,5.822193001680179,0.7284768211920529,0.7531934306569343,-2.471660946488141,9301,141659
1630199,Cassius Stanley,2021-22,2021-22,1,1,DET,3,14,154.98333333333332,522.0166666666667,48,111,53,124,132,370,144,420,159,177,502,564,0.4732142857142857,0.4709193245778612,0.22949611364245226,0.27906976744186046,0.2391304347826087,3.993933265925176,0.676829268292683,0.7198443579766537,-4.301508968397072,9299,31321
203129,Tornike Shengelia,2013-14,2013-14,1,2,"BKN,CHI",2,81,154.73333333333332,3763.266666666667,43,97,39,111,962,2605,1014,2543,140,150,3567,3557,0.4827586206896552,0.5007018528916339,-1.7943232201978743,0.2792207792207792,0.2744650499286733,0.47557292921058814,0.7132352941176471,0.7198121027908262,-0.6576808673179113,9284,225796
101144,Von Wafer,2006-07,2007-08,2,3,"DEN,LAC,POR",3,84,154.7,3907.3,38,120,52,110,1123,2758,1134,2750,158,162,3881,3884,0.49375,0.4998068254990341,-0.605682549903408,0.25675675675675674,0.28995610637748515,-3.31993496207284,0.6976744186046512,0.7086330935251799,-1.095867492052871,9282,234438
2343,Joe Crispin,2001-02,2001-02,1,2,"LAL,PHX",2,60,154.41666666666666,2750.5833333333335,44,108,47,111,851,1847,861,1859,152,158,2698,2720,0.49032258064516127,0.4979697305278701,-0.7647149882708815,0.2838709677419355,0.31402214022140224,-3.015117247946675,0.6967741935483871,0.6820531757754801,1.472101777290702,9265,165035
1629017,Khyri Thomas,2020-21,2020-21,1,1,HOU,1,6,152.93333333333334,135.06666666666666,29,111,37,117,34,91,32,124,140,154,125,156,0.47619047619047616,0.44483985765124556,3.13506185392306,0.19863013698630136,0.21518987341772153,-1.655973643142017,0.75,0.7398373983739838,1.0162601626016232,9176,8104
1629716,Marques Bolden,2019-20,2023-24,3,3,"CHA,CLE,MIL",5,100,152.71666666666667,4682.283333333334,28,116,46,117,1175,3383,1260,3455,144,163,4558,4715,0.46905537459283386,0.4915345627089399,-2.2479188116106052,0.19310344827586207,0.25377969762419006,-6.067624934832799,0.7160493827160493,0.7286237346543183,-1.2574351938268946,9163,280937
1627758,Ron Baker,2018-19,2018-19,1,2,"NYK,WAS",2,36,151.96666666666667,1596.0333333333333,38,108,33,128,478,1176,446,1229,146,161,1654,1675,0.4755700325732899,0.49684589966957043,-2.127586709628054,0.2289156626506024,0.28002343292325715,-5.110777027265476,0.7659574468085106,0.7250308261405672,4.09266206679434,9118,95762
1630623,Tyson Etienne,2024-25,2024-25,1,1,BKN,1,22,151.08333333333334,909.9166666666666,34,99,30,132,245,633,254,694,133,162,878,948,0.45084745762711864,0.48083242059145676,-2.998496296433811,0.20481927710843373,0.26091586794462196,-5.609659083618823,0.7674418604651163,0.713641488162345,5.380037230277135,9065,54595
1736,Corey Benjamin,2002-03,2002-03,1,1,ATL,1,10,150.46666666666667,344.53333333333336,57,105,52,104,77,255,99,226,162,156,332,325,0.5094339622641509,0.5053272450532724,0.4106717210878519,0.35403726708074534,0.25412541254125415,9.99118545394912,0.6687898089171974,0.7203389830508474,-5.154917413365001,9028,20672
1628462,Milos Teodosic,2018-19,2018-19,1,1,LAC,1,56,150.0,2563.0,34,119,34,105,651,1992,734,1929,153,139,2643,2663,0.523972602739726,0.49811534112325667,2.5857261616469343,0.2446043165467626,0.25232558139534883,-0.7721264848586235,0.7777777777777778,0.7307410124724871,4.703676530529066,9000,153780
1631262,Jules Bernard,2023-24,2023-24,1,1,WAS,1,62,149.26666666666668,2836.733333333333,61,101,48,110,673,2040,853,2290,162,158,2713,3143,0.50625,0.46328551912568305,4.296448087431692,0.3567251461988304,0.2271346608167398,12.959048538209059,0.6778523489932886,0.7051503629450397,-2.729801395175113,8956,170204
2409,Marcus Haislip,2004-05,2009-10,2,2,"IND,SAS",2,52,149.23333333333332,2366.766666666667,37,93,48,106,607,1648,638,1549,130,154,2255,2187,0.45774647887323944,0.5076542098153984,-4.9907730942159,0.25874125874125875,0.2815398886827458,-2.279862994148707,0.6595744680851063,0.7209098862642169,-6.133541817911059,8954,142006
1612,Chris Garner,2000-01,2000-01,1,1,GSW,1,8,148.5,235.5,70,86,50,99,125,130,65,174,156,149,255,239,0.5114754098360655,0.5161943319838057,-0.47189221477401677,0.41420118343195267,0.4180602006688963,-0.38590172369436515,0.6323529411764706,0.6666666666666666,-3.4313725490196068,8910,14130
2143,Pepe Sanchez,2000-01,2000-01,1,2,"ATL,PHI",3,83,148.43333333333334,3870.5666666666666,37,114,36,103,1220,2685,1128,2536,151,139,3905,3664,0.5206896551724138,0.5159202008191307,0.4769454353283131,0.2642857142857143,0.3248136315228967,-6.052791723718243,0.76,0.7041699449252558,5.583005507474425,8906,232234
200778,James White,2006-07,2008-09,2,2,"HOU,SAS",2,103,147.75,4826.25,38,102,38,105,1140,3386,1247,3124,140,143,4526,4371,0.49469964664310956,0.5087108013937283,-1.4011154750618704,0.26573426573426573,0.2673545966228893,-0.16203308886235668,0.7285714285714285,0.7308439456075977,-0.22725170361691527,8865,289575
200827,Darius Washington,2007-08,2007-08,1,1,SAS,1,28,146.03333333333333,1197.9666666666667,29,95,34,97,309,841,266,804,124,131,1150,1070,0.48627450980392156,0.5180180180180181,-3.174350821409649,0.23015873015873015,0.2776280323450135,-4.746930218628334,0.7364341085271318,0.7597109304426377,-2.327682191550595,8762,71878
101204,Dwayne Jones,2005-06,2009-10,3,3,"BOS,CHA,PHX",3,56,145.86666666666667,2562.133333333333,41,99,31,85,612,1696,671,1687,140,116,2308,2358,0.546875,0.49464209172738965,5.223290827261034,0.3253968253968254,0.2662026968247064,5.919412857211903,0.7615384615384615,0.7165188001689903,4.5019661369471216,8752,153728
2682,Alex Garcia,2004-05,2004-05,1,1,NOH,1,26,145.6,1132.4,46,79,31,94,369,692,320,788,125,125,1061,1108,0.5,0.4891655140617796,1.0834485938220395,0.32857142857142857,0.31892826274848746,0.9643165822941113,0.7181818181818181,0.6837944664031621,3.438735177865604,8736,67944
1627846,Abdel Nader,2021-22,2021-22,1,1,PHX,1,55,145.2,2499.8,34,122,34,112,641,1964,685,1833,156,146,2605,2518,0.5165562913907285,0.5084911184852625,0.8065172905465934,0.2328767123287671,0.25909458367016974,-2.621787134140263,0.782051282051282,0.7414118535296338,4.063942852164826,8712,149988
1631245,Quenton Jackson,2022-23,2023-24,2,2,"IND,WAS",2,48,145.11666666666667,2168.883333333333,34,106,38,113,535,1576,603,1514,140,151,2111,2117,0.48109965635738833,0.4992904446546831,-1.8190788297294758,0.23129251700680273,0.26110297706198143,-2.9810460055178707,0.7361111111111112,0.7232675539238183,1.2843557187292909,8707,130133
1630243,Trevelin Queen,2021-22,2022-23,2,2,"HOU,IND",2,129,144.43333333333334,6072.566666666667,61,99,31,108,1581,4211,1773,4587,160,139,5792,6360,0.5351170568561873,0.47662936142198814,5.8487695434199125,0.3609467455621302,0.25632295719844356,10.462378836368663,0.7615384615384615,0.7037098930481284,5.782856849033314,8666,364354
203100,Tony Wroten,2015-16,2015-16,1,1,PHI,1,31,144.3,1343.7,40,110,35,119,338,953,359,1044,150,154,1291,1403,0.4934210526315789,0.47921306607275427,1.420798655882466,0.25157232704402516,0.24457308248914617,0.6999244554878992,0.7586206896551724,0.7263719512195121,3.224873843566023,8658,80622
202689,Kemba Walker,2022-23,2022-23,1,1,DAL,1,20,143.9,831.1,26,109,31,120,177,584,209,635,135,151,761,844,0.47202797202797203,0.47414330218068534,-0.21153301527133128,0.1780821917808219,0.21798029556650247,-3.9898103785680568,0.7785714285714286,0.7364438839848676,4.212754458656098,8634,49866
1114,Jaren Jackson,2001-02,2001-02,1,1,ORL,1,9,143.88333333333333,293.1166666666667,32,93,36,101,70,201,86,244,125,137,271,330,0.4770992366412214,0.4509151414309484,2.6184095210272984,0.24060150375939848,0.2229299363057325,1.7671567453665993,0.7209302325581395,0.7003484320557491,2.0581800502390335,8633,17587
203086,Meyers Leonard,2020-21,2022-23,2,2,"MIA,MIL",2,65,143.13333333333333,2996.866666666667,37,107,33,106,651,2361,805,2235,144,139,3012,3040,0.508833922261484,0.4976867151354924,1.1147207125991654,0.25874125874125875,0.22557172557172558,3.3169533169533167,0.7642857142857142,0.7457359444093493,1.8549769876364919,8588,179812
1628537,Jaylen Morris,2017-18,2021-22,3,3,"ATL,MIL,SAS",4,69,143.01666666666668,3188.983333333333,48,122,38,117,785,2639,817,2477,170,155,3424,3294,0.5230769230769231,0.5096754986603156,1.3401424416607521,0.2909090909090909,0.24064990803188227,5.025918287720862,0.7625,0.7635995370370371,-0.10995370370371349,8581,191339
203382,Aron Baynes,2012-13,2012-13,1,1,SAS,1,38,141.33333333333334,1697.6666666666667,28,103,40,112,336,1238,454,1183,131,152,1574,1637,0.4628975265017668,0.4901899719713485,-2.7292445469581708,0.2,0.22119815668202766,-2.119815668202765,0.7202797202797203,0.7316784869976359,-1.139876671791562,8480,101860
1629751,Dakota Mathias,2020-21,2021-22,2,2,"MEM,PHI",3,24,139.66666666666666,1017.3333333333334,47,110,48,123,311,832,274,739,157,171,1143,1013,0.47865853658536583,0.5301484230055659,-5.148988642020003,0.27647058823529413,0.29619047619047617,-1.9719887955182036,0.6962025316455697,0.7522603978300181,-5.605786618444841,8380,61040
1627770,Kay Felder,2017-18,2017-18,1,2,"CHI,DET",2,70,139.51666666666668,3255.483333333333,33,104,29,123,812,2480,747,2580,137,152,3292,3327,0.4740484429065744,0.4973560960870222,-2.3307653180447807,0.21153846153846154,0.23938679245283018,-2.784833091436864,0.7819548872180451,0.7685156492097924,1.343923800825264,8371,195329
1629653,Devon Dotson,2021-22,2022-23,2,2,"CHI,WAS",2,70,138.28333333333333,3221.7166666666667,43,92,29,101,756,2404,850,2382,135,130,3160,3232,0.5094339622641509,0.49436795994993743,1.5066002314213511,0.2986111111111111,0.24091778202676864,5.769332908434246,0.7603305785123967,0.7387830362630609,2.154754224933586,8297,193303
1641989,Elijah Harkless,2024-25,2024-25,1,1,UTA,1,51,138.0,2335.0,53,99,27,99,703,1769,698,1766,152,126,2472,2464,0.5467625899280576,0.5008103727714749,4.595221715658271,0.34868421052631576,0.28473066018631027,6.395355034000549,0.7857142857142857,0.7170652614511552,6.864902426313046,8280,140100
202227,Terrel Harris,2012-13,2012-13,1,2,"MIA,NOH",2,51,137.1,2325.9,38,98,29,83,591,1538,626,1490,136,112,2129,2116,0.5483870967741935,0.5015312131919906,4.6855883582202935,0.3140495867768595,0.28399807784718883,3.005150892967068,0.7716535433070866,0.710720887245841,6.093265606124554,8226,139554
1629633,Jarrett Culver,2022-23,2022-23,1,1,ATL,1,43,136.91666666666666,1952.0833333333333,45,94,32,106,505,1430,564,1513,139,138,1935,2077,0.5018050541516246,0.4823030907278166,1.9501963423808,0.2980132450331126,0.2502477700693756,4.776547496373701,0.746031746031746,0.7171514543630892,2.88802916686568,8215,117125
200823,Robert Hite,2006-07,2006-07,1,1,MIA,1,46,135.68333333333334,2097.3166666666666,45,98,31,106,496,1433,563,1398,143,137,1929,1961,0.5107142857142857,0.49588688946015425,1.482739625413143,0.2980132450331126,0.26187961985216474,3.613362518094787,0.7596899224806202,0.7179358717434869,4.175405073713323,8141,125839
1642939,Miles Kelly,2025-26,2025-26,1,1,DAL,1,59,133.71666666666667,2723.2833333333333,49,112,38,106,727,2090,843,2057,161,144,2817,2900,0.5278688524590164,0.4927409480496764,3.5127904409339994,0.3161290322580645,0.26113505747126436,5.499397478680013,0.7466666666666667,0.7125809751108081,3.408569155585861,8023,163397
203505,Vander Blue,2013-14,2017-18,3,2,"BOS,LAL",3,91,133.3,4269.7,48,101,27,92,1219,3101,1176,3171,149,119,4320,4347,0.5559701492537313,0.4984423676012461,5.7527781652485235,0.34285714285714286,0.27767653758542143,6.518060527172143,0.7890625,0.7250409165302782,6.4021583469721755,7998,256182
203569,Chris Babb,2013-14,2013-14,1,1,BOS,1,23,132.31666666666666,976.6833333333333,39,88,39,103,304,625,234,666,127,142,929,900,0.4721189591078067,0.5079278294149808,-3.5808870307174114,0.2746478873239437,0.3134020618556701,-3.8754174531726413,0.6929133858267716,0.7275902211874272,-3.467683536065558,7939,58601
1741,Jelani McCoy,2003-04,2007-08,3,3,"ATL,CLE,DEN",4,34,132.25,1509.75,32,91,49,83,413,1014,390,1057,123,132,1427,1447,0.4823529411764706,0.4965205288796103,-1.4167587703139695,0.2782608695652174,0.28095238095238095,-0.2691511387163559,0.65,0.7222222222222222,-7.222222222222219,7935,90585
203893,Russ Smith,2014-15,2015-16,2,2,"MEM,NOP",3,116,131.2,5451.8,41,99,36,96,1479,3818,1382,3874,140,132,5297,5256,0.5147058823529411,0.5019425755709277,1.2763306782013428,0.29927007299270075,0.2762936671025593,2.2976405890141436,0.7333333333333333,0.7342307692307692,-0.08974358974359609,7872,327108
1628419,Cameron Oliver,2020-21,2021-22,2,2,"ATL,HOU",2,9,130.68333333333334,301.31666666666666,31,91,24,106,76,219,72,235,122,130,295,307,0.48412698412698413,0.4900332225913621,-0.5906238464377989,0.22627737226277372,0.24437299035369775,-1.8095618090924026,0.7913043478260869,0.7525773195876289,3.8727028238458083,7841,18079
1631210,Jacob Toppin,2023-24,2025-26,3,2,"ATL,NYK",5,188,130.15,8933.85,33,94,29,94,2655,6403,2399,6201,127,123,9058,8600,0.508,0.5129686261184732,-0.49686261184731517,0.25984251968503935,0.2997967479674797,-3.995422828244033,0.7642276422764228,0.7274483072029084,3.6779335073514385,7809,536031
1629712,Didi Louzada,2021-22,2021-22,1,2,"NOP,POR",2,81,129.36666666666667,3773.633333333333,27,75,50,117,1080,2725,916,2847,102,167,3805,3763,0.379182156133829,0.5027748414376322,-12.35926853038032,0.1875,0.2750190985485103,-8.75190985485103,0.6,0.7484207635265037,-14.842076352650368,7762,226418
202620,Arinze Onuaku,2013-14,2016-17,3,4,"CLE,MIN,NOP,ORL",4,61,126.71666666666667,2811.2833333333333,39,83,36,81,766,1997,739,2112,122,117,2763,2851,0.5104602510460251,0.49216245101531886,1.8297800030706246,0.325,0.2661570535093815,5.88429464906185,0.6974789915966386,0.7298976608187134,-3.2418669222074814,7603,168677
1630283,Kylor Kelley,2024-25,2024-25,1,2,"DAL,NOP",2,21,126.0,887.0,43,102,37,106,228,632,280,667,145,143,860,947,0.5034722222222222,0.4759269507470946,2.754527147512759,0.28859060402684567,0.2547486033519553,3.3842000674890347,0.7338129496402878,0.6929824561403509,4.083049349993684,7560,53220
1641645,Xavier Cooks,2022-23,2022-23,1,1,WAS,1,13,125.78333333333333,498.21666666666664,37,104,38,104,111,343,115,375,141,142,454,490,0.49823321554770317,0.4809322033898305,1.7301012157872664,0.2624113475177305,0.22839506172839505,3.401628578933544,0.7323943661971831,0.7489082969432315,-1.6513930746048344,7547,29893
202874,Chris Wright,2013-14,2013-14,1,1,MIL,2,12,125.46666666666667,455.53333333333336,31,81,42,77,142,283,94,312,112,119,425,406,0.48484848484848486,0.5114320096269555,-2.658352477847059,0.28703703703703703,0.31277533039647576,-2.5738293359438726,0.6585365853658537,0.7506631299734748,-9.212654460762115,7528,27332
1641851,Timmy Allen,2023-24,2023-24,1,1,MEM,1,5,125.45,114.55,50,85,28,107,34,69,34,84,135,135,103,118,0.5,0.4660633484162896,3.3936651583710398,0.3184713375796178,0.288135593220339,3.033574435927883,0.7522123893805309,0.6699029126213593,8.230947675917166,7527,6873
1631214,Alondes Williams,2022-23,2025-26,4,4,"BKN,DET,MIA,WAS",4,110,125.33333333333333,5189.666666666667,25,88,36,86,1191,3827,1409,3713,113,122,5018,5122,0.4808510638297872,0.4948717948717949,-1.4020731042007684,0.22522522522522523,0.24286296900489396,-1.763774377966873,0.7096774193548387,0.7309014514896868,-2.1224032134848025,7520,311380
681,Donny Marshall,2001-02,2002-03,2,1,NJN,2,68,124.78333333333333,3144.2166666666667,43,82,54,97,921,2150,896,2069,125,151,3071,2965,0.4528985507246377,0.5087806494367131,-5.588209871207539,0.30714285714285716,0.3080267558528428,-0.08838987099856199,0.6029411764705882,0.7058437294812869,-10.290255301069873,7487,188653
1628495,Milton Doyle,2017-18,2017-18,1,1,BKN,1,53,124.51666666666667,2454.483333333333,32,92,27,106,590,1858,656,1920,124,133,2448,2576,0.48249027237354086,0.4872611464968153,-0.4770874123274427,0.2318840579710145,0.2350597609561753,-0.31757029851608165,0.773109243697479,0.7390612569610183,3.40479867364607,7471,147269
202356,Armon Johnson,2011-12,2011-12,1,2,"NJN,POR",2,42,124.3,1911.7,37,94,30,103,495,1308,519,1356,131,133,1803,1875,0.4962121212121212,0.4902120717781403,0.6000049433980914,0.2642857142857143,0.26742301458670986,-0.31373003009955713,0.7580645161290323,0.715927750410509,4.213676571852321,7458,114702
2735,Josh Childress,2012-13,2013-14,2,2,"BKN,NOP",2,51,123.9,2359.1,49,76,36,92,728,1527,629,1563,125,128,2255,2192,0.49407114624505927,0.5070834270294581,-1.301228078439881,0.3475177304964539,0.31776516804888694,2.9752562447566966,0.6785714285714286,0.7082560296846011,-2.9684601113172504,7434,141546
202779,Dwight Buycks,2014-15,2014-15,1,1,LAL,1,6,122.7,165.3,30,91,24,89,38,110,30,137,121,113,148,167,0.5170940170940171,0.46984126984126984,4.725274725274731,0.25210084033613445,0.21714285714285714,3.495798319327731,0.7913043478260869,0.7857142857142857,0.5590062111801242,7362,9918
1628499,Antonius Cleveland,2017-18,2017-18,1,2,"ATL,DAL",2,39,122.5,1754.5,29,95,32,105,365,1379,409,1415,124,137,1744,1824,0.47509578544061304,0.48878923766816146,-1.369345222754842,0.21641791044776118,0.2050561797752809,1.136173067248028,0.7480314960629921,0.7712527964205816,-2.3221300357589514,7350,105270
201616,Darnell Jackson,2009-10,2009-10,1,2,"CLE,MIL",2,83,122.31666666666666,3891.6833333333334,21,92,36,88,978,2763,993,2501,113,124,3741,3494,0.4767932489451477,0.517069799585349,-4.027655064020136,0.1926605504587156,0.2811152630066111,-8.84547125478955,0.71875,0.7356230031948882,-1.6873003194888159,7339,233501
1641970,Maozinha Pereira,2023-24,2023-24,1,1,MEM,1,9,121.63333333333334,310.3666666666667,46,102,23,91,102,208,87,237,148,114,310,324,0.5648854961832062,0.4889589905362776,7.592650564692854,0.3357664233576642,0.3008849557522124,3.48814676054518,0.816,0.7050847457627119,11.09152542372881,7298,18622
1627834,Georgios Papagiannis,2017-18,2017-18,1,2,"POR,SAC",2,71,121.61666666666666,3291.383333333333,33,81,28,88,828,2332,781,2480,114,116,3160,3261,0.4956521739130435,0.4921351814359134,0.351699247713011,0.2727272727272727,0.2503022974607013,2.242497526657139,0.7431192660550459,0.7491166077738516,-0.5997341718805727,7297,197483
1629001,De'Anthony Melton,2024-25,2024-25,1,1,GSW,1,25,120.98333333333333,1084.0166666666667,38,96,33,91,349,843,303,834,134,124,1192,1137,0.5193798449612403,0.5118076427651352,0.7572202196105104,0.29457364341085274,0.29501267962806427,-0.04390362172115303,0.7441860465116279,0.7356020942408377,0.8583952270790229,7259,65041
1627821,James Webb III,2017-18,2017-18,1,1,BKN,1,39,119.93333333333334,1772.0666666666666,28,87,28,102,402,1323,490,1398,115,130,1725,1888,0.46938775510204084,0.4774425685026294,-0.8054813400588556,0.2153846153846154,0.22333333333333333,-0.7948717948717932,0.7565217391304347,0.7297297297297297,2.679200940070503,7196,106324
203113,Quincy Miller,2014-15,2014-15,1,2,"DET,SAC",3,37,119.71666666666667,1671.2833333333333,43,101,34,91,501,1172,449,1224,144,125,1673,1673,0.5353159851301115,0.5,3.531598513011147,0.3208955223880597,0.29043478260869565,3.046073977936403,0.7481481481481481,0.7230104873534855,2.513766079466262,7183,100277
1628982,Melvin Frazier Jr.,2021-22,2021-22,1,1,OKC,1,3,119.56666666666666,24.433333333333334,35,77,32,116,4,9,9,14,112,148,13,23,0.4307692307692308,0.3611111111111111,6.965811965811969,0.23178807947019867,0.2222222222222222,0.9565857247976456,0.7064220183486238,0.5,20.642201834862384,7174,1466
1641723,Kobe Bufkin,2025-26,2025-26,1,1,LAL,2,36,119.48333333333333,1613.5166666666667,19,77,41,100,394,1144,459,1104,96,141,1538,1563,0.4050632911392405,0.4959690422444373,-9.090575110519678,0.15966386554621848,0.2630173564753004,-10.335349092908192,0.652542372881356,0.7136618839675608,-6.111951108620484,7169,96811
1627743,Demetrius Jackson,2017-18,2018-19,2,2,"HOU,PHI",3,124,119.4,5867.6,28,94,26,99,1486,4678,1449,4322,122,125,6164,5771,0.4939271255060729,0.51646418098031,-2.253705547423712,0.2204724409448819,0.2558539944903581,-3.538155354547623,0.7833333333333333,0.7635057940264404,1.982753930689296,7164,352056
2321,Paul Shirley,2002-03,2004-05,3,3,"ATL,CHI,PHX",4,69,119.33333333333333,3212.6666666666665,40,81,29,84,899,2357,1085,2302,121,113,3256,3387,0.5170940170940171,0.49013999698931204,2.6954020104705103,0.3225806451612903,0.2808497344579819,4.173091070330842,0.7363636363636363,0.6847762928529925,5.158734351064387,7160,192760
201291,Carldell Johnson,2011-12,2011-12,1,1,NOH,1,25,118.76666666666667,1086.2333333333333,25,88,23,78,303,716,260,723,113,101,1019,983,0.5280373831775701,0.508991008991009,1.9046374186561077,0.24271844660194175,0.2953216374269006,-5.260319082495885,0.7927927927927928,0.7336065573770492,5.918623541574364,7126,65174
1627738,Deyonta Davis,2018-19,2018-19,1,1,ATL,1,11,118.43333333333334,414.56666666666666,32,93,40,122,119,314,116,340,125,162,433,456,0.4355400696864111,0.4870641169853768,-5.1524047298965705,0.2077922077922078,0.25925925925925924,-5.146705146705144,0.6992481203007519,0.7302325581395349,-3.098443783878302,7106,24874
101223,Aaron Miles,2005-06,2005-06,1,1,GSW,1,33,118.05,1475.95,40,80,21,72,377,981,454,1104,120,93,1358,1558,0.5633802816901409,0.4657064471879287,9.767383450221217,0.35714285714285715,0.25455773126266035,10.25851258801968,0.7920792079207921,0.6836236933797909,10.845551454100121,7083,88557
1628504,Xavier Rathan-Mayes,2017-18,2017-18,1,1,MEM,1,5,117.8,122.2,25,63,29,100,21,88,24,96,88,129,109,120,0.4055299539170507,0.4759825327510917,-7.0452578834040995,0.2,0.1794871794871795,2.0512820512820524,0.6847826086956522,0.7857142857142857,-10.093167701863347,7068,7332
203096,Jared Sullinger,2016-17,2016-17,1,1,TOR,1,57,117.75,2633.25,33,81,24,107,698,1849,717,1851,114,131,2547,2568,0.46530612244897956,0.4979472140762463,-3.264109162726675,0.2357142857142857,0.2738328756375049,-3.8118589923219206,0.7714285714285715,0.720576773187841,5.08517982407305,7065,157995
895,Tyrone Corbin,2000-01,2000-01,1,1,TOR,1,54,116.96666666666667,2510.0333333333333,45,73,32,87,847,1736,660,1726,118,119,2583,2386,0.4978902953586498,0.5198229019923526,-2.193260663370278,0.3409090909090909,0.3291877186164011,1.172137229268977,0.6952380952380952,0.7245409015025042,-2.9302806264408954,7018,150602
1630241,Sam Merrill,2021-22,2022-23,2,2,"CLE,MEM",3,54,116.35,2490.65,39,79,29,97,754,1789,664,1822,118,126,2543,2486,0.48360655737704916,0.5056671306422748,-2.206057326522559,0.2867647058823529,0.29270186335403725,-0.5937157471684329,0.7314814814814815,0.729311047696698,0.2170433784783543,6981,149439
2040,Jerome Moiso,2004-05,2004-05,1,3,"CLE,NJN,TOR",4,46,115.2,2107.8,40,75,33,80,608,1363,624,1536,115,113,1971,2160,0.5043859649122807,0.477124183006536,2.7261781905744744,0.3333333333333333,0.2835820895522388,4.975124378109452,0.6944444444444444,0.6859587317564168,0.8485712688027669,6912,126468
1630643,Jay Huff,2021-22,2022-23,2,2,"LAL,WAS",2,63,115.18333333333334,2953.8166666666666,28,91,31,95,725,2247,807,2223,119,126,2972,3030,0.4857142857142857,0.4951682772409197,-0.9453991526634009,0.22764227642276422,0.2459294436906377,-1.8287167267873494,0.7459016393442623,0.7357563850687623,1.014525427550006,6911,177229
2731,Emeka Okafor,2017-18,2017-18,1,1,NOP,2,9,115.18333333333334,336.81666666666666,35,98,43,87,91,266,83,284,133,130,357,367,0.5057034220532319,0.4930939226519337,1.260949940129824,0.28688524590163933,0.24266666666666667,4.421857923497266,0.6950354609929078,0.7621776504297995,-6.714218943689165,6911,20209
2891,Mark Jones,2004-05,2004-05,1,1,ORL,2,13,115.11666666666666,508.8833333333333,63,79,37,74,152,322,148,354,142,111,474,502,0.5612648221343873,0.48565573770491804,7.560908442946928,0.45985401459854014,0.30039525691699603,15.94587576815441,0.6810344827586207,0.6851063829787234,-0.4071900220102731,6907,30533
1631321,Sidy Cissoko,2024-25,2024-25,1,2,"POR,SAS",2,77,114.43333333333334,3606.5666666666666,31,97,31,85,1120,2653,1064,2676,128,116,3773,3740,0.5245901639344263,0.5021961932650073,2.239397066941895,0.2672413793103448,0.2950474183350896,-2.7806039024744766,0.7578125,0.7137476459510358,4.40648540489642,6866,216394
1630562,Matt Hurt,2023-24,2023-24,1,1,MEM,2,11,113.23333333333333,419.76666666666665,40,77,38,83,117,297,114,321,117,121,414,435,0.49159663865546216,0.4876325088339223,0.39641298215398746,0.3252032520325203,0.2671232876712329,5.807996436128743,0.6695652173913044,0.7226277372262774,-5.306251983497301,6794,25186
201207,Coby Karl,2009-10,2009-10,1,2,"CLE,GSW",2,43,113.23333333333333,1960.7666666666667,29,70,35,90,462,1386,501,1252,99,125,1848,1753,0.4419642857142857,0.5131907803387947,-7.122649462450903,0.24369747899159663,0.26954492415402564,-2.584744516242901,0.6666666666666666,0.7344992050874404,-6.783253842077375,6794,117646
2684,Melvin Sanders,2005-06,2005-06,1,1,SAS,3,30,112.91666666666667,1327.0833333333333,31,77,29,64,362,913,337,863,108,93,1275,1200,0.5373134328358209,0.5151515151515151,2.2161917684305754,0.3263157894736842,0.29551020408163264,3.080558539205158,0.7264150943396226,0.7304,-0.3984905660377458,6775,79625
1631301,Jaylen Sims,2024-25,2024-25,1,1,CHA,1,6,111.8,176.2,36,79,35,83,42,132,52,149,115,118,174,201,0.49356223175965663,0.464,2.956223175965661,0.3025210084033613,0.2198952879581152,8.262572044524614,0.6929824561403509,0.717391304347826,-2.440884820747513,6708,10572
201176,Jermareo Davidson,2008-09,2008-09,1,1,GSW,1,47,111.03333333333333,2169.9666666666667,36,81,40,98,544,1477,728,1533,117,138,2021,2261,0.4588235294117647,0.47197571228397944,-1.3152182872214757,0.26865671641791045,0.261916225324988,0.6740491092922463,0.6694214876033058,0.6698412698412698,-0.041978223796401704,6662,130198
202068,Marcus Landry,2009-10,2009-10,1,2,"BOS,NYK",2,80,110.65,3764.35,36,69,38,79,902,2475,997,2650,105,117,3377,3647,0.47297297297297297,0.48078018223234625,-0.7807209259373282,0.3130434782608696,0.25394144144144143,5.910203681942816,0.6448598130841121,0.7128456221198156,-6.79858090357035,6639,225861
203527,Ryan Kelly,2016-17,2016-17,1,1,ATL,2,60,110.13333333333334,2784.866666666667,21,87,28,90,774,2079,759,2052,108,118,2853,2811,0.4778761061946903,0.503707627118644,-2.583152092395374,0.1891891891891892,0.27388535031847133,-8.469616112928213,0.7565217391304347,0.7325581395348837,2.3963599595551055,6608,167092
2451,Corsley Edwards,2004-05,2004-05,1,1,NOH,2,20,110.03333333333333,869.9666666666667,35,60,37,82,273,519,262,612,95,119,792,874,0.4439252336448598,0.47539015606242496,-3.1464922417565155,0.29914529914529914,0.30847457627118646,-0.9329277125887325,0.6185567010309279,0.6645326504481434,-4.59759494172155,6602,52198
2492,Adam Harrington,2002-03,2002-03,1,2,"DAL,DEN",2,45,109.56666666666666,2050.4333333333334,36,61,31,81,602,1476,629,1513,97,112,2078,2142,0.46411483253588515,0.4924170616113744,-2.830222907548924,0.3076923076923077,0.28463356973995274,2.305873795235497,0.6630434782608695,0.701187648456057,-3.8144170195187455,6574,123026
2466,Maurice Carter,2003-04,2003-04,1,2,"LAL,NOH",2,21,108.98333333333333,904.0166666666667,38,83,26,72,268,581,236,615,121,98,849,851,0.5525114155251142,0.49941176470588233,5.309965081923185,0.34545454545454546,0.3035107587768969,4.194378667764854,0.7614678899082569,0.7111383108935129,5.0329579014744,6539,54241
1629685,Dylan Windler,2023-24,2023-24,1,3,"ATL,LAL,NYK",3,70,108.4,3281.6,21,84,32,78,911,2378,834,2359,105,110,3289,3193,0.4883720930232558,0.5074051218759642,-1.9033028852708411,0.21212121212121213,0.27859327217125385,-6.647206005004172,0.7241379310344828,0.7403486924034869,-1.6210761369004123,6504,196896
203912,CJ Wilcox,2016-17,2016-17,1,1,ORL,1,77,107.71666666666667,3613.2833333333333,42,70,29,91,941,2653,912,2809,112,120,3594,3721,0.4827586206896552,0.49131920710868077,-0.8560586419025573,0.3157894736842105,0.25093333333333334,6.485614035087717,0.7070707070707071,0.744179523141655,-3.710881607094796,6463,216797
101215,Will Conroy,2006-07,2012-13,3,4,"HOU,LAC,MEM,MIN",6,34,107.68333333333334,1544.3166666666666,37,73,30,83,475,1059,399,1006,110,113,1534,1405,0.49327354260089684,0.5219462402177611,-2.8672697616864307,0.30833333333333335,0.32072923700202566,-1.239590366869231,0.7087378640776699,0.7263374485596708,-1.759958448200083,6461,92659
1626178,Rondae Hollis-Jefferson,2020-21,2020-21,1,1,POR,1,21,107.3,900.7,42,81,23,95,230,709,222,676,123,118,939,898,0.5103734439834025,0.5111594991834513,-0.07860552000488186,0.30656934306569344,0.25386313465783666,5.2706208407856785,0.7788461538461539,0.761546723952739,1.729942989341482,6438,54042
201595,Joey Dorsey,2009-10,2009-10,1,2,"HOU,SAC",2,73,106.71666666666667,3442.2833333333333,44,82,22,58,987,2326,923,2452,126,80,3313,3375,0.6116504854368932,0.49536483253588515,11.6285652901008,0.43137254901960786,0.2870020354754289,14.437051354417896,0.7884615384615384,0.7159125884887658,7.254894997277262,6403,206537
201965,Jeff Ayres,2015-16,2015-16,1,1,LAC,2,26,106.58333333333333,1156.4166666666667,14,76,38,83,241,844,360,861,90,121,1085,1221,0.4265402843601896,0.4705117085862966,-4.397142422610701,0.14432989690721648,0.21869328493647913,-7.436338802926265,0.6666666666666666,0.7009966777408638,-3.4330011074197198,6395,69385
1642013,Malik Williams,2023-24,2023-24,1,1,TOR,1,7,106.51666666666667,229.48333333333332,33,85,25,83,64,157,64,175,118,108,221,239,0.5221238938053098,0.48043478260869565,4.168911119661411,0.28448275862068967,0.26778242677824265,1.6700331842447014,0.7727272727272727,0.7104072398190046,6.232003290826816,6391,13769
1917,Wang Zhi-zhi,2003-04,2003-04,1,1,MIA,1,65,105.21666666666667,3024.7833333333333,28,83,39,67,841,2040,806,2064,111,106,2881,2870,0.511520737327189,0.5009563554164493,1.0564381910739606,0.29473684210526313,0.2895008605851979,0.5235981520065214,0.680327868852459,0.7167955024595924,-3.6467633607133454,6313,181487
2751,Viktor Khryapa,2007-08,2007-08,1,1,CHI,1,49,104.66666666666667,2267.3333333333335,35,78,20,72,762,1504,614,1616,113,92,2266,2230,0.551219512195122,0.5040035587188612,4.721595347626084,0.32710280373831774,0.32043734230445753,0.6665461433860209,0.7959183673469388,0.7101038715769594,8.581449576997935,6280,136040
1910,Leon Smith,2001-02,2003-04,2,2,"ATL,SEA",3,36,104.26666666666667,1633.7333333333333,34,66,27,70,481,1062,453,1091,100,97,1543,1544,0.5076142131979695,0.49983803045027536,0.7776182747694149,0.3269230769230769,0.3059796437659033,2.094343315717362,0.7096774193548387,0.700990099009901,0.8687320344937799,6256,98024
1766,Maceo Baston,2002-03,2002-03,1,1,TOR,1,34,104.1,1537.9,19,78,36,82,483,991,443,1051,97,118,1474,1494,0.4511627906976744,0.49663072776280326,-4.5467937065128865,0.18811881188118812,0.31486310299869624,-12.674429111750813,0.6842105263157895,0.6910739191073919,-0.6863392791602418,6246,92274
1630209,Omer Yurtseven,2025-26,2025-26,1,1,GSW,1,11,103.95,429.05,34,62,37,61,119,287,102,300,96,98,406,402,0.4948453608247423,0.5024752475247525,-0.7629886700010191,0.35789473684210527,0.2840095465393795,7.388519030272578,0.6262626262626263,0.7377892030848329,-11.152657682220656,6237,25743
2351,Oscar Torres,2002-03,2002-03,1,1,GSW,1,28,103.9,1245.1,36,66,41,51,488,871,423,811,102,92,1359,1234,0.5257731958762887,0.524103355187042,0.16698406892466933,0.41379310344827586,0.3756735950731332,3.8119508375142663,0.616822429906542,0.6731066460587326,-5.628421615219059,6234,74706
1630602,Chaundee Brown Jr.,2021-22,2021-22,1,2,"ATL,LAL",3,23,103.65,1025.35,25,82,26,88,240,797,270,783,107,114,1037,1053,0.4841628959276018,0.49617224880382776,-1.2009352876225954,0.22123893805309736,0.23460410557184752,-1.3365167518750165,0.7592592592592593,0.746954076850984,1.2305182408275273,6219,61521
1630563,Joshua Primo,2022-23,2023-24,2,2,"LAC,SAS",2,87,103.61666666666666,4077.383333333333,33,78,32,78,1023,2949,1139,2801,111,110,3972,3940,0.502262443438914,0.5020222446916077,0.02401987473062972,0.2972972972972973,0.26752092050209203,2.9776376795205284,0.7090909090909091,0.7213796477495108,-1.2288738658601694,6217,244643
1629066,Rodions Kurucs,2020-21,2020-21,1,3,"BKN,HOU,MIL",3,72,103.23333333333333,3362.766666666667,33,77,28,76,811,2635,867,2690,110,104,3446,3557,0.514018691588785,0.49207482507496786,2.1943866513817136,0.30275229357798167,0.23164810054270207,7.1104193035279595,0.7333333333333333,0.7524271844660194,-1.9093851132686135,6194,201766
1631247,Luke Travers,2025-26,2025-26,1,1,CLE,1,51,103.1,2354.9,41,75,36,90,715,1716,709,1719,116,126,2431,2428,0.4793388429752066,0.5003087054949578,-2.096986251975114,0.31297709923664124,0.29375513557929334,1.9221963657347907,0.6756756756756757,0.7076288659793815,-3.1953190303705803,6186,141294
1074,Matt Maloney,2002-03,2002-03,1,1,ATL,1,20,102.86666666666666,877.1333333333333,34,63,29,58,252,594,276,584,97,87,846,860,0.5271739130434783,0.4958968347010551,3.127707834242316,0.3695652173913043,0.3014354066985646,6.812981069273971,0.6847826086956522,0.6827586206896552,0.20239880059970128,6172,52628
201963,Christian Eyenga,2011-12,2011-12,1,2,"CLE,LAL",2,64,102.5,2994.5,36,73,30,76,957,2087,828,2040,109,106,3044,2868,0.5069767441860465,0.5148849797023004,-0.7908235516253859,0.32142857142857145,0.31931931931931934,0.21092521092521133,0.7087378640776699,0.7159519725557462,-0.7214108478076242,6150,179670
203658,Norvel Pelle,2020-21,2021-22,2,4,"BKN,NYK,SAC,UTA",4,44,102.31666666666666,2034.6833333333334,23,73,31,75,434,1527,525,1483,96,106,1961,2008,0.4752475247524752,0.4940791131267322,-1.883158837425697,0.23469387755102042,0.22639540949400105,0.8298468057019365,0.7019230769230769,0.7441520467836257,-4.222896986054881,6139,122081
1629606,Robert Franks,2020-21,2020-21,1,1,ORL,1,11,100.71666666666667,427.28333333333336,26,64,31,85,102,314,119,353,90,116,416,472,0.4368932038834951,0.46846846846846846,-3.157526458497334,0.23423423423423423,0.22417582417582418,1.0058410058410043,0.6736842105263158,0.7251732101616628,-5.148899963534703,6043,25637
200838,Kevinn Pinkney,2006-07,2006-07,1,1,BOS,1,6,99.95,188.05,39,55,23,66,53,100,42,131,94,89,153,173,0.5136612021857924,0.46932515337423314,4.433604881155922,0.37142857142857144,0.28804347826086957,8.338509316770187,0.7051282051282052,0.704225352112676,0.09028530155291703,5997,11283
1506,Austin Croshere,2008-09,2008-09,1,2,"MIL,SAS",2,42,99.93333333333334,1931.0666666666666,38,74,17,85,571,1303,458,1304,112,102,1874,1762,0.5233644859813084,0.5154015401540154,0.7962945827292955,0.3089430894308943,0.3045333333333333,0.4409756097561002,0.8131868131868132,0.7399204997160704,7.326631347074275,5996,115864
1628385,Harry Giles III,2023-24,2023-24,1,2,"BKN,LAL",2,72,99.91666666666667,3381.0833333333335,47,64,35,67,891,2535,881,2517,111,102,3426,3398,0.5211267605633803,0.5020515826494725,1.9075177913907782,0.41228070175438597,0.261443661971831,15.083703978255498,0.6464646464646465,0.742096018735363,-9.56313722707165,5995,202865
1631205,Buddy Boeheim,2023-24,2025-26,2,2,"DET,OKC",2,37,99.01666666666667,1681.9833333333333,34,78,30,73,426,1243,440,1272,112,103,1669,1712,0.5209302325581395,0.49364093463472347,2.7289297923416056,0.3177570093457944,0.2508833922261484,6.687361711964596,0.7222222222222222,0.738562091503268,-1.6339869281045805,5941,100919
1629045,Bonzie Colson,2018-19,2018-19,1,1,MIL,1,40,98.45,1831.55,36,91,28,86,413,1628,484,1465,127,114,2041,1949,0.5269709543568465,0.5115288220551378,1.5442132301708655,0.29508196721311475,0.21991480298189564,7.516716423121911,0.7647058823529411,0.7708333333333334,-0.6127450980392246,5907,109893
1627744,Brice Johnson,2017-18,2017-18,1,2,"LAC,MEM",2,69,97.95,3219.05,38,71,25,71,828,2324,848,2398,109,96,3152,3246,0.5317073170731708,0.4926539543607377,3.9053362712433035,0.3486238532110092,0.25666460012399256,9.195925308701664,0.7395833333333334,0.7326607818411097,0.692255149222365,5877,193143
2347,Tang Hamilton,2001-02,2001-02,1,1,MIA,1,15,97.93333333333334,632.0666666666667,27,62,32,71,148,423,180,453,89,103,571,633,0.4635416666666667,0.4742524916943522,-1.07108250276855,0.2755102040816326,0.24625623960066556,2.9253964480967065,0.6595744680851063,0.7014925373134329,-4.191806922832653,5876,37924
1628424,Kobi Simmons,2018-19,2023-24,3,3,"CHA,CLE,TOR",3,13,97.01666666666667,526.9833333333333,21,65,33,74,133,368,130,390,86,107,501,520,0.44559585492227977,0.49069539666993145,-4.509954174765168,0.22105263157894736,0.25430210325047803,-3.324947167153067,0.6632653061224489,0.7389558232931727,-7.569051717072373,5821,31619
101146,Roko Ukic,2009-10,2009-10,1,1,MIL,1,31,96.9,1421.1,24,59,23,64,427,950,311,1102,83,87,1377,1413,0.48823529411764705,0.4935483870967742,-0.5313092979127132,0.2727272727272727,0.27926749509483323,-0.6540222367560522,0.7195121951219512,0.753370340999207,-3.3858145877255774,5814,85266
2244,Jeff Trepagnier,2002-03,2002-03,1,1,DEN,1,12,96.75,479.25,41,61,35,73,182,318,126,348,102,108,500,474,0.4857142857142857,0.5133470225872689,-2.763273687298323,0.35964912280701755,0.3433962264150943,1.6252896391923233,0.6354166666666666,0.7162162162162162,-8.07995495495496,5805,28755
202406,Jerome Dyson,2011-12,2011-12,1,1,NOH,1,6,96.13333333333334,196.86666666666667,27,78,33,58,43,128,50,114,105,91,171,164,0.5357142857142857,0.5104477611940299,2.5266524520255795,0.3176470588235294,0.27388535031847133,4.376170850505806,0.7027027027027027,0.7191011235955056,-1.6398420892802856,5768,11812
200814,Tarence Kinsey,2007-08,2007-08,1,1,MEM,1,24,96.05,1065.95,28,79,26,65,243,739,300,750,107,91,982,1050,0.5404040404040404,0.48326771653543305,5.7136323868607395,0.3010752688172043,0.24471299093655588,5.6362277880648435,0.7523809523809524,0.7112608277189605,4.112012466199189,5763,63957
201169,Alando Tucker,2009-10,2009-10,1,2,"MIN,PHX",2,71,95.48333333333333,3332.516666666667,31,56,45,67,918,2317,960,2266,87,112,3235,3226,0.4371859296482412,0.5006964866119795,-6.35105569637383,0.3163265306122449,0.28831658291457285,2.8009947697672066,0.5544554455445545,0.7070491303021056,-15.259368475755108,5729,199951
202622,Courtney Fortson,2011-12,2011-12,1,2,"HOU,LAC",2,29,95.16666666666667,1316.8333333333333,37,68,22,72,388,892,385,903,105,94,1280,1288,0.5276381909547738,0.4984423676012461,2.9195823353527715,0.3394495412844037,0.3005422153369481,3.8907325947455607,0.7555555555555555,0.6985121378230227,5.704341773253285,5710,79010
202458,Justin Dentmon,2011-12,2012-13,2,3,"DAL,SAS,TOR",3,17,95.08333333333333,725.9166666666666,17,75,25,79,185,511,175,478,92,104,696,653,0.46938775510204084,0.5159377316530763,-4.654997655103549,0.17708333333333334,0.2790346907993967,-10.195135746606335,0.75,0.7448979591836735,0.5102040816326481,5705,43555
202814,Mychel Thompson,2011-12,2011-12,1,1,CLE,1,22,94.75,966.25,40,64,19,68,308,648,249,671,104,87,956,920,0.5445026178010471,0.509594882729211,3.490773507183609,0.37037037037037035,0.3146067415730337,5.576362879733665,0.7710843373493976,0.7224080267558528,4.8676310593544825,5685,57975
2352,Dean Oliver,2002-03,2002-03,1,1,GSW,1,19,94.16666666666667,822.8333333333334,36,63,35,62,324,573,290,522,99,97,897,812,0.5051020408163265,0.5248683440608543,-1.9766303244527772,0.3673469387755102,0.3829787234042553,-1.5631784628745093,0.6428571428571429,0.6639629200463499,-2.110577718920703,5650,49370
1628449,Chris Boucher,2025-26,2025-26,1,1,BOS,1,51,94.13333333333334,2363.866666666667,29,59,45,73,790,1731,711,1654,88,118,2521,2365,0.42718446601941745,0.515963978714695,-8.877951269527756,0.28431372549019607,0.323240589198036,-3.892686370783993,0.5673076923076923,0.7088452088452089,-14.153751653751655,5648,141832
1626210,Alan Williams,2015-16,2018-19,2,2,"BKN,PHX",3,97,93.68333333333334,4622.316666666667,42,81,23,77,1356,3582,1244,3568,123,100,4938,4812,0.5515695067264574,0.5064615384615384,4.510796826491903,0.35294117647058826,0.27538586515028435,7.7555311320303915,0.7788461538461539,0.7422295897223373,3.661656412381653,5621,277339
1631451,Javonte Cooke,2025-26,2025-26,1,1,POR,1,62,93.66666666666667,2892.3333333333335,38,69,22,82,1059,2054,899,2046,107,104,3113,2945,0.5071090047393365,0.5138659623638164,-0.675695762447992,0.31666666666666665,0.34106280193236715,-2.4396135265700503,0.7582417582417582,0.6955638333897731,6.267792485198509,5620,173540
1607,Troy Hudson,2007-08,2007-08,1,1,GSW,1,45,93.28333333333333,2081.7166666666667,35,60,30,75,605,1414,674,1571,95,105,2019,2245,0.475,0.47349906191369606,0.15009380863039157,0.3181818181818182,0.2780330882352941,4.014872994652407,0.6666666666666666,0.6772030651340997,-1.053639846743304,5597,124903
1630535,Greg Brown III,2022-23,2022-23,1,1,POR,1,55,93.06666666666666,2556.9333333333334,26,76,20,80,642,1802,668,1762,102,100,2444,2430,0.504950495049505,0.5014361920393927,0.3514303010112241,0.24528301886792453,0.2670549084858569,-2.1771889617932363,0.7916666666666666,0.7295546558704453,6.21120107962213,5584,153416
2204,Eddie Griffin,2006-07,2006-07,1,1,MIN,1,63,91.56666666666666,2982.4333333333334,27,47,38,69,741,2031,789,1890,74,107,2772,2679,0.4088397790055249,0.5085305448541552,-9.969076584863029,0.28125,0.28164196123147095,-0.039196123147094974,0.5529411764705883,0.7202127659574468,-16.72715894868585,5494,178946
2541,Antoine Rigaudeau,2002-03,2002-03,1,1,DAL,1,45,89.38333333333334,2090.616666666667,26,55,28,74,538,1400,639,1492,81,102,1938,2131,0.4426229508196721,0.47628409928729415,-3.3661148467622026,0.26,0.2650246305418719,-0.5024630541871911,0.6626506024096386,0.6866110838646395,-2.396048145500096,5363,125437
1631303,Justin Minaya,2022-23,2022-23,1,1,POR,1,4,88.85,103.15,23,60,27,74,22,72,30,90,83,101,94,120,0.45108695652173914,0.4392523364485981,1.1834620073141011,0.23711340206185566,0.19642857142857142,4.068483063328424,0.6896551724137931,0.7058823529411765,-1.6227180527383367,5331,6189
1630211,Karim Mane,2020-21,2020-21,1,1,ORL,1,54,88.31666666666666,2513.6833333333334,27,64,21,75,650,1938,578,2073,91,96,2588,2651,0.48663101604278075,0.4939874021759878,-0.7356386133207049,0.2647058823529412,0.23870730811604848,2.5998574236892695,0.7529411764705882,0.7702702702702703,-1.732909379968206,5299,150821
203810,Casper Ware,2013-14,2013-14,1,1,PHI,1,10,88.15,391.85,18,61,24,71,103,256,115,300,79,95,359,415,0.4540229885057471,0.46382428940568476,-0.9801300899937637,0.20224719101123595,0.2555831265508685,-5.333593553963256,0.7176470588235294,0.6900269541778976,2.7620104645631804,5289,23511
1631102,TyTy Washington Jr.,2025-26,2025-26,1,1,LAC,1,52,88.13333333333334,2417.866666666667,19,44,26,58,607,1716,749,1656,63,84,2323,2405,0.42857142857142855,0.4913282571912014,-6.275682861977283,0.24675324675324675,0.2682280159080866,-2.147476915483984,0.6285714285714286,0.6961460446247465,-6.757461605331794,5288,145072
330,Danny Manning,2002-03,2002-03,1,1,DET,1,35,87.96666666666667,1607.0333333333333,25,60,18,71,434,1061,416,1088,85,89,1495,1504,0.4885057471264368,0.49849949983327774,-0.9993752706840942,0.2604166666666667,0.2851511169513798,-2.4734450284713105,0.7692307692307693,0.7183480027081923,5.088276652257695,5278,96422
1630548,Johnny Juzang,2025-26,2025-26,1,1,MIN,1,56,87.68333333333334,2615.3166666666666,29,70,23,62,770,1932,788,1872,99,85,2702,2660,0.5380434782608695,0.5039164490861618,3.412702917470767,0.31868131868131866,0.29144587433762303,2.7235444343695625,0.7526881720430108,0.7102941176470589,4.23940543959519,5261,156919
2098,Slava Medvedenko,2005-06,2006-07,2,2,"ATL,LAL",2,114,87.41666666666667,5434.583333333333,23,48,23,52,1577,3545,1506,3567,71,75,5122,5073,0.4863013698630137,0.5024031387935263,-1.6101768930512572,0.30666666666666664,0.30657076205287714,0.009590461378949922,0.676056338028169,0.7018412195604831,-2.5784881532314063,5245,326075
204022,Jack Cooley,2014-15,2014-15,1,1,UTA,2,22,87.15,973.85,32,60,18,67,292,706,259,642,92,85,998,901,0.519774011299435,0.5255397577672459,-0.5765746467810917,0.32323232323232326,0.31263383297644537,1.059849025587789,0.7692307692307693,0.7316062176165803,3.7624551614188984,5229,58431
1641809,Drew Peterson,2023-24,2025-26,2,2,"BOS,CHA",2,90,86.95,4268.05,31,55,23,62,1212,3249,1168,3015,86,85,4461,4183,0.5029239766081871,0.5160805182785747,-1.31565416703876,0.3333333333333333,0.2867281760113556,4.660515732197773,0.7051282051282052,0.7355671270092823,-3.043892188107711,5217,256083
1630270,Xavier Sneed,2021-22,2022-23,2,3,"CHA,MEM,UTA",3,36,86.91666666666667,1651.0833333333333,15,68,29,76,505,1248,408,1130,83,105,1753,1538,0.44148936170212766,0.5326648435126101,-9.117548181048246,0.16483516483516483,0.308868501529052,-14.403333669388715,0.7010309278350515,0.7536231884057971,-5.259226057074562,5215,99065
1627982,Josh Gray,2017-18,2017-18,1,1,PHX,1,9,86.43333333333334,345.56666666666666,25,57,14,89,88,261,102,285,82,103,349,387,0.44324324324324327,0.4741847826086957,-3.094153936545241,0.21929824561403508,0.2359249329758713,-1.662668736183623,0.8028169014084507,0.71900826446281,8.380863694564077,5186,20734
2667,Desmond Penigar,2003-04,2003-04,1,1,ORL,1,11,86.33333333333333,451.6666666666667,29,57,23,57,135,320,150,346,86,80,455,496,0.5180722891566265,0.4784437434279706,3.962854572865593,0.3372093023255814,0.2806652806652807,5.654402166030071,0.7125,0.6808510638297872,3.1648936170212805,5180,27100
2824,Desmon Farmer,2006-07,2008-09,2,2,"SAS,SEA",2,43,85.71666666666667,2003.2833333333333,20,62,23,61,502,1240,572,1336,82,84,1742,1908,0.4939759036144578,0.47726027397260273,1.6715629641855079,0.24691358024691357,0.2731229597388466,-2.6209379491933027,0.7294117647058823,0.6843267108167771,4.508505388910522,5143,120197
1642400,Tristan Enaruna,2025-26,2025-26,1,1,CLE,1,34,85.13333333333334,1551.8666666666666,33,65,16,37,427,1126,455,1076,98,53,1553,1531,0.6490066225165563,0.5035667963683528,14.54398261482035,0.4714285714285714,0.28409846972721225,18.733010170135916,0.8024691358024691,0.7122074636306135,9.026167217185566,5108,93112
270,Horace Grant,2002-03,2002-03,1,1,ORL,1,23,85.08333333333333,1023.9166666666666,19,57,17,62,295,691,299,727,76,79,986,1026,0.49032258064516127,0.4900596421471173,0.026293849804398528,0.2345679012345679,0.28864970645792565,-5.408180522335776,0.7702702702702703,0.697979797979798,7.229047229047225,5105,61435
203510,Pierre Jackson,2016-17,2016-17,1,1,DAL,2,16,84.38333333333334,688.6166666666667,25,61,20,70,122,482,161,506,86,90,604,667,0.48863636363636365,0.4752163650668765,1.3419998569487168,0.2631578947368421,0.1942675159235669,6.8890378813275195,0.7530864197530864,0.749611197511664,0.3475222241422382,5063,41317
200971,Dontell Jefferson,2008-09,2008-09,1,1,CHA,1,19,83.78333333333333,838.2166666666667,20,59,31,61,247,533,208,500,79,92,780,708,0.4619883040935672,0.5241935483870968,-6.2205244293529525,0.24691358024691357,0.33065595716198126,-8.374237691506769,0.6555555555555556,0.7192982456140351,-6.374269005847955,5027,50293
1631160,Jordan Hall,2022-23,2022-23,1,1,SAS,2,18,82.66666666666667,786.3333333333334,23,53,15,66,237,514,204,609,76,81,751,813,0.4840764331210191,0.48017902813299235,0.38974049880267647,0.25842696629213485,0.2801418439716312,-2.171487767949637,0.7794117647058824,0.7158774373259053,6.353432737997711,4960,47180
1642490,Josh Oduro,2025-26,2025-26,1,1,NOP,1,19,81.76666666666667,830.2333333333333,35,60,25,58,239,601,271,609,95,83,840,880,0.5337078651685393,0.4883720930232558,4.53357721452835,0.3763440860215054,0.2818396226415094,9.450446337999596,0.7058823529411765,0.6892201834862385,1.6662169454938036,4906,49814
2039,Keyon Dooling,2012-13,2012-13,1,1,MEM,1,8,81.65,302.35,28,53,25,59,77,221,87,206,81,84,298,293,0.4909090909090909,0.5042301184433164,-1.3321027534225538,0.3218390804597701,0.27208480565371024,4.975427480605987,0.6794871794871795,0.7175324675324676,-3.804528804528806,4899,18141
101230,Noel Felix,2005-06,2005-06,1,1,SEA,2,25,81.6,1118.4,28,53,20,51,313,726,339,717,81,71,1039,1056,0.5328947368421053,0.49594272076372314,3.6952016078382166,0.35443037974683544,0.30388349514563107,5.054688460120438,0.726027397260274,0.6816901408450704,4.4337256415203585,4896,67104
1630547,James Bouknight,2023-24,2023-24,1,1,CHA,1,50,80.9,2329.1,15,47,21,64,608,1587,580,1780,62,85,2195,2360,0.4217687074829932,0.4818880351262349,-6.011932764324168,0.189873417721519,0.254606365159129,-6.473294743760999,0.6911764705882353,0.732348869404707,-4.117239881647173,4854,139746
1629626,Bol Bol,2021-22,2021-22,1,1,DEN,1,43,80.83333333333333,1993.1666666666667,21,61,15,56,462,1511,467,1480,82,71,1973,1947,0.5359477124183006,0.5033163265306122,3.2631385887688436,0.2727272727272727,0.23789907312049433,3.4828199606778383,0.8026315789473685,0.7639029322548029,3.8728646692565594,4850,119590
2601,Andreas Glyniadakis,2006-07,2006-07,1,1,SEA,1,32,80.56666666666666,1470.4333333333334,18,52,19,57,386,900,440,963,70,76,1286,1403,0.4794520547945205,0.47824470063220526,0.12073541623152662,0.24,0.2861378799110452,-4.613787991104523,0.7323943661971831,0.6716417910447762,6.075257515240695,4834,88226
1626191,Chris McCullough,2016-17,2016-17,1,2,"BKN,WAS",2,83,80.46666666666667,3928.5333333333333,23,63,23,54,948,2921,1081,3016,86,77,3869,4097,0.5276073619631901,0.4856891790107959,4.1918182952394245,0.2987012987012987,0.2391523713420787,5.954892735921999,0.7325581395348837,0.7298850574712644,0.267308206361927,4828,235712
1626170,Jerian Grant,2019-20,2019-20,1,1,WAS,1,8,80.33333333333333,303.6666666666667,22,55,13,67,88,232,76,244,77,80,320,320,0.49044585987261147,0.5,-0.9554140127388533,0.24719101123595505,0.26506024096385544,-1.7869229727900393,0.8088235294117647,0.7532467532467533,5.557677616501144,4820,18220
176,Antonio Harvey,2001-02,2002-03,2,2,"ATL,SEA",2,38,80.23333333333333,1768.7666666666667,31,48,40,48,537,1146,565,1136,79,88,1683,1701,0.47305389221556887,0.4973404255319149,-2.4286533316346004,0.3924050632911392,0.32098027495517034,7.142478833596888,0.5454545454545454,0.6697837521917007,-12.43292067371553,4814,106126
1626154,RJ Hunter,2016-17,2018-19,3,3,"BOS,CHI,HOU",3,115,79.9,5445.1,27,79,26,69,1417,4111,1420,4063,106,95,5528,5483,0.527363184079602,0.5020434111343203,2.531977294528176,0.28125,0.25857664233576644,2.267335766423356,0.7523809523809524,0.7432652323268848,0.9115720054067578,4794,326706
1628412,Frank Mason,2020-21,2020-21,1,1,ORL,1,6,79.28333333333333,208.71666666666667,24,69,16,63,56,156,48,180,93,79,212,228,0.5406976744186046,0.4818181818181818,5.88794926004228,0.27586206896551724,0.23728813559322035,3.857393337229689,0.8117647058823529,0.7647058823529411,4.705882352941182,4757,12523
2079,Kaniel Dickens,2003-04,2007-08,3,3,"CLE,NJN,POR",4,39,79.26666666666667,1812.7333333333333,19,48,18,46,509,1194,465,1216,67,64,1703,1681,0.5114503816793893,0.5032505910165485,0.8199790662840822,0.2923076923076923,0.29507246376811597,-0.2764771460423643,0.7272727272727273,0.7197106690777577,0.7562058194969579,4756,108764
1630637,Carlik Jones,2021-22,2022-23,2,3,"CHI,DAL,DEN",3,65,79.23333333333333,3070.766666666667,21,65,20,63,646,2306,762,2187,86,83,2952,2949,0.5088757396449705,0.5002541942043721,0.8621545440598344,0.25,0.2280268266854924,2.19731733145076,0.7647058823529411,0.7516297262059974,1.3076156146943685,4754,184246
1629035,Carsen Edwards,2021-22,2021-22,1,1,DET,1,4,79.16666666666667,112.83333333333333,30,55,29,60,28,76,24,93,85,89,104,117,0.4885057471264368,0.47058823529411764,1.7917511832319155,0.3333333333333333,0.23140495867768596,10.192837465564736,0.6547619047619048,0.76,-10.523809523809524,4750,6770
201281,Andre Ingram,2017-18,2018-19,2,1,LAL,2,7,78.73333333333333,257.26666666666665,14,67,18,61,63,187,70,210,81,79,250,280,0.50625,0.4716981132075472,3.45518867924528,0.18666666666666668,0.23076923076923078,-4.410256410256411,0.788235294117647,0.7276264591439688,6.060883497367819,4724,15436
1630311,Pat Spencer,2023-24,2024-25,2,1,GSW,2,50,78.63333333333334,2326.366666666667,29,52,18,52,668,1740,610,1643,81,70,2408,2253,0.5364238410596026,0.5166273331903025,1.9796507869300095,0.35802469135802467,0.2890523582864561,6.897233307156858,0.7428571428571429,0.7404255319148936,0.2431610942249307,4718,139582
1572,Nate Huffman,2002-03,2002-03,1,1,TOR,1,39,78.11666666666666,1808.8833333333334,26,44,20,49,540,1155,514,1297,70,69,1695,1811,0.5035971223021583,0.4834569309754706,2.014019132668765,0.3466666666666667,0.2939575394665215,5.27091272001452,0.6875,0.6920311563810665,-0.45311563810664923,4687,108533
380,Tony Smith,2000-01,2000-01,1,1,ATL,1,6,77.63333333333334,210.36666666666667,22,47,21,45,64,152,78,148,69,66,216,226,0.5111111111111111,0.48868778280542985,2.242332830568122,0.3283582089552239,0.3018867924528302,2.6471416502393708,0.6911764705882353,0.6608695652173913,3.0306905370844017,4658,12622
202380,Hamady Ndiaye,2011-12,2013-14,2,2,"SAC,WAS",2,57,77.13333333333334,2678.866666666667,22,52,17,69,787,1802,777,1927,74,86,2589,2704,0.4625,0.4891365955034952,-2.6636595503495175,0.24175824175824176,0.2899778924097273,-4.821965065148556,0.7536231884057971,0.6987204342768515,5.4902754128945634,4628,160732
1628221,Gabe York,2021-22,2022-23,2,1,IND,2,7,77.1,258.9,9,53,24,51,82,167,85,194,62,75,249,279,0.45255474452554745,0.4715909090909091,-1.9036164565361668,0.15,0.2971014492753623,-14.71014492753623,0.6883116883116883,0.6626984126984127,2.5613275613275643,4626,15534
2066,Soumaila Samake,2002-03,2002-03,1,1,LAL,1,21,77.0,951.0,30,50,22,50,300,675,281,700,80,72,975,981,0.5263157894736842,0.49846625766871167,2.7849531804972516,0.375,0.3,7.500000000000001,0.6944444444444444,0.7060669456066946,-1.1622501162250165,4620,57060
1724,Bryce Drew,2003-04,2003-04,1,1,NOH,1,60,76.01666666666667,2823.983333333333,18,44,21,60,927,1874,814,1947,62,81,2801,2761,0.43356643356643354,0.5035958288385473,-7.002939527211371,0.23076923076923078,0.32254697286012524,-9.177774209089446,0.676923076923077,0.6971726190476191,-2.024954212454211,4561,169439
1829,Ike Fontaine,2001-02,2001-02,1,1,MEM,1,6,76.0,212.0,19,44,22,57,64,143,58,142,63,79,207,200,0.44366197183098594,0.5085995085995086,-6.493753676852271,0.25,0.3106796116504854,-6.0679611650485406,0.6666666666666666,0.7114427860696517,-4.477611940298509,4560,12720
201964,Victor Claver,2014-15,2014-15,1,1,POR,1,53,75.98333333333333,2498.016666666667,12,57,17,62,687,1930,693,1840,69,79,2617,2533,0.46621621621621623,0.5081553398058253,-4.193912358960905,0.16216216216216217,0.27186387020182035,-10.970170803965818,0.7702702702702703,0.7357987037743042,3.4471566495966055,4559,149881
201168,Tiago Splitter,2016-17,2016-17,1,1,PHI,1,26,75.96666666666667,1182.0333333333333,35,55,12,53,296,848,348,880,90,65,1144,1228,0.5806451612903226,0.4822934232715008,9.83517380188218,0.3977272727272727,0.25170068027210885,14.602659245516387,0.8208955223880597,0.7090301003344481,11.18654220536116,4558,70922
200798,Cheikh Samb,2008-09,2008-09,1,3,"DEN,LAC,NYK",3,58,75.48333333333333,2718.516666666667,19,55,38,56,695,1800,769,1786,74,94,2495,2555,0.44047619047619047,0.49405940594059405,-5.358321546440359,0.25333333333333335,0.28012898024989924,-2.6795646916565885,0.5913978494623656,0.7006617360840794,-10.926388662171382,4529,163111
1631216,Caleb Houstan,2025-26,2025-26,1,1,ATL,1,78,75.46666666666667,3683.5333333333333,17,57,17,60,1060,2701,1076,2782,74,77,3761,3858,0.4900662251655629,0.4936343352145951,-0.35681100490321804,0.22077922077922077,0.275897969807392,-5.511874902817124,0.7702702702702703,0.7151178183743712,5.515245189589912,4528,221012
204054,Zoran Dragic,2014-15,2014-15,1,2,"MIA,PHX",2,84,75.21666666666667,3996.7833333333333,21,54,18,60,1029,2798,1171,2823,75,78,3827,3994,0.49019607843137253,0.4893236159058944,0.08724625254781238,0.25925925925925924,0.26713395638629284,-0.7874697127033592,0.75,0.7049634668682287,4.503653313177125,4513,239807
204179,Omari Johnson,2017-18,2017-18,1,1,MEM,1,4,75.1,116.9,20,47,17,44,31,77,45,91,67,61,108,136,0.5234375,0.4426229508196721,8.081454918032788,0.3125,0.2540983606557377,5.840163934426229,0.734375,0.6311475409836066,10.32274590163934,4506,7014
1138,Michael Hawkins,2000-01,2000-01,1,1,CLE,1,19,75.01666666666667,841.9833333333333,21,46,16,53,278,589,231,532,67,69,867,763,0.49264705882352944,0.5319018404907976,-3.9254781667268146,0.28378378378378377,0.3432098765432099,-5.942609275942612,0.7419354838709677,0.7182926829268292,2.364280094413851,4501,50519
202132,Cedric Jackson,2009-10,2009-10,1,3,"CLE,SAS,WAS",3,25,74.51666666666667,1125.4833333333333,22,57,18,53,282,815,276,681,79,71,1097,957,0.5266666666666666,0.5340798442064265,-0.7413177539759896,0.29333333333333333,0.29283489096573206,0.04984423676012706,0.76,0.7470210815765352,1.297891842346477,4471,67529
1630537,Chris Duarte,2024-25,2024-25,1,1,CHI,1,50,74.45,2330.55,26,61,28,56,583,1859,636,1845,87,84,2442,2481,0.5087719298245614,0.4960390006093845,1.2732929215176936,0.3170731707317073,0.2401153212520593,7.6957849479648015,0.6853932584269663,0.7450901803607214,-5.969692193375509,4467,139833
2784,Luis Flores,2004-05,2004-05,1,2,"DEN,GSW",2,82,74.31666666666666,3896.6833333333334,29,47,26,44,1129,2618,1164,2848,76,70,3747,4012,0.5205479452054794,0.48292305709498645,3.7624888110492973,0.3972602739726027,0.28388232335931607,11.337795061328665,0.6438356164383562,0.6922263352723427,-4.839071883398649,4459,233801
1628518,Amile Jefferson,2019-20,2019-20,1,1,ORL,1,52,74.3,2421.7,24,58,19,62,634,1829,583,1947,82,81,2463,2530,0.5030674846625767,0.4932906068495894,0.977687781298725,0.27906976744186046,0.2456412243316544,3.342854311020607,0.7532467532467533,0.7582918739635157,-0.5045120716762441,4458,145302
1630564,RaiQuan Gray,2022-23,2023-24,2,2,"BKN,SAS",2,23,74.11666666666666,1049.8833333333334,18,53,24,57,269,822,268,788,71,81,1091,1056,0.46710526315789475,0.5081509082440615,-4.104564508616676,0.24,0.25449385052034057,-1.4493850520340579,0.6883116883116883,0.7541284403669725,-6.5816752055284145,4447,62993
1642933,Keshon Gilbert,2025-26,2025-26,1,2,"ATL,WAS",2,23,73.78333333333333,1035.2166666666667,17,37,28,52,342,734,280,740,54,80,1076,1020,0.40298507462686567,0.5133587786259542,-11.037370399908857,0.2463768115942029,0.31608133086876156,-6.970451927455865,0.5692307692307692,0.7238658777120316,-15.463510848126239,4427,62113
201192,Taurean Green,2007-08,2007-08,1,2,"DEN,POR",2,83,73.76666666666667,3960.233333333333,22,52,22,52,989,2724,1199,2702,74,74,3713,3901,0.5,0.4876543209876543,1.2345679012345678,0.2972972972972973,0.2679490652939583,2.9348232003339025,0.7027027027027027,0.6943665562069844,0.8336146495718344,4426,237614
1630238,Malik Fitts,2020-21,2021-22,2,3,"BOS,LAC,UTA",3,70,73.56666666666666,3291.4333333333334,15,66,23,54,853,2585,849,2288,81,77,3438,3137,0.5126582278481012,0.5228897338403041,-1.0231505992202905,0.21739130434782608,0.27156956383317415,-5.417825948534808,0.7415730337078652,0.7527664531158998,-1.1193419408034644,4414,197486
1630758,Aleem Ford,2021-22,2021-22,1,1,ORL,1,5,73.51666666666667,166.48333333333332,17,45,36,50,42,134,48,127,62,86,176,175,0.4189189189189189,0.5014245014245015,-8.250558250558255,0.2537313432835821,0.2485207100591716,0.521063322441051,0.5555555555555556,0.7362637362637363,-18.070818070818074,4411,9989
1629683,Quinndary Weatherspoon,2021-22,2021-22,1,1,GSW,2,51,73.41666666666667,2379.5833333333335,8,51,14,57,583,1844,643,1750,59,71,2427,2393,0.45384615384615384,0.5035269709543568,-4.968081710820299,0.12307692307692308,0.2498928418345478,-12.681591875762471,0.7846153846153846,0.7414555689585847,4.315981565679994,4405,142775
2092,Ruben Garces,2000-01,2000-01,1,2,"GSW,PHX",2,56,73.28333333333333,2634.7166666666667,50,61,25,55,789,1806,740,1923,111,80,2595,2663,0.581151832460733,0.49353366298972995,8.761816947100304,0.47619047619047616,0.290929203539823,18.526127265065316,0.7093023255813954,0.7093479968578161,-0.004567127642074453,4397,158083
1630176,Vernon Carey Jr.,2021-22,2022-23,2,2,"CHA,WAS",3,145,72.61666666666666,6927.383333333333,31,54,17,60,1708,5154,1865,5183,85,77,6862,7048,0.5246913580246914,0.493314162473041,3.1377195551650363,0.34065934065934067,0.24785952691916993,9.279981374017074,0.7605633802816901,0.7342926342783872,2.6270746003302925,4357,415643
1627293,Alex Stepheson,2015-16,2015-16,1,2,"LAC,MEM",3,16,72.15,695.85,42,59,22,62,195,505,179,544,101,84,700,723,0.5459459459459459,0.49191848208011246,5.402746386583345,0.40384615384615385,0.2638700947225981,13.997605912355576,0.7283950617283951,0.7383040935672515,-0.9909031838856386,4329,41751
1554,Jamal Robinson,2000-01,2000-01,1,1,MIA,1,13,71.63333333333334,557.3666666666667,26,42,15,56,142,352,146,387,68,71,494,533,0.4892086330935252,0.4810126582278481,0.819597486567708,0.3170731707317073,0.2684310018903592,4.864216884134814,0.7368421052631579,0.7068273092369478,3.0014796026210044,4298,33442
1631342,Daeqwon Plowden,2024-25,2024-25,1,1,ATL,1,51,71.55,2386.45,15,60,14,55,688,1678,618,1774,75,69,2366,2392,0.5208333333333334,0.4972677595628415,2.3565573770491843,0.21428571428571427,0.2794476035743298,-6.516188928861552,0.8108108108108109,0.730836236933798,7.99745738770129,4293,143187
1641752,Bobi Klintman,2025-26,2025-26,1,1,DET,1,79,71.38333333333334,3745.616666666667,29,57,19,60,1267,2708,1114,2493,86,79,3975,3607,0.5212121212121212,0.5242680031653917,-0.3055881953270445,0.3258426966292135,0.336968085106383,-1.1125388477169484,0.75,0.7085295656724229,4.147043432757713,4283,224737
204079,Drew Gordon,2014-15,2014-15,1,1,PHI,1,12,71.18333333333334,504.81666666666666,22,49,16,60,152,343,126,406,71,76,495,532,0.48299319727891155,0.4819863680623174,0.10068292165941184,0.2682926829268293,0.2724014336917563,-0.4108750764927005,0.7538461538461538,0.7313432835820896,2.250287026406428,4271,30289
1630554,Jason Preston,2023-24,2023-24,1,1,UTA,1,45,71.13333333333334,2093.866666666667,22,58,23,51,624,1524,560,1451,80,74,2148,2011,0.5194805194805194,0.5164703053618658,0.30102141186536535,0.3013698630136986,0.3007228915662651,0.06469714474335309,0.7160493827160493,0.7312859884836852,-1.5236605767635858,4268,125632
1043,Amal McCaskill,2002-03,2002-03,1,1,ATL,1,20,69.78333333333333,910.2166666666667,24,46,27,51,288,640,325,548,70,78,928,873,0.47297297297297297,0.5152692948362021,-4.229632186322912,0.32,0.3444976076555024,-2.4497607655502405,0.6301369863013698,0.6632124352331606,-3.307544893179082,4187,54613
203805,Will Cherry,2014-15,2014-15,1,1,CLE,1,13,69.41666666666667,554.5833333333334,21,46,23,47,144,386,139,376,67,70,530,515,0.48905109489051096,0.507177033492823,-1.8125938602311986,0.3088235294117647,0.27692307692307694,3.190045248868778,0.6666666666666666,0.7352380952380952,-6.857142857142861,4165,33275
200790,Marcus Vinicius,2007-08,2007-08,1,1,NOH,1,52,69.1,2451.9,17,57,14,45,680,1671,594,1668,74,59,2351,2262,0.556390977443609,0.5096466507695643,4.674432667404471,0.27419354838709675,0.28960817717206133,-1.541462878496458,0.8028169014084507,0.7377483443708609,6.506855703758985,4146,147114
1630618,D.J. Carton,2023-24,2024-25,2,1,TOR,2,52,68.91666666666667,2447.0833333333335,18,52,31,52,735,1731,702,1797,70,83,2466,2499,0.45751633986928103,0.49667673716012084,-3.9160397290839812,0.2571428571428571,0.2902843601895735,-3.314150304671637,0.6265060240963856,0.7114673242909988,-8.496130019461322,4135,146825
1049,Shane Heal,2003-04,2003-04,1,1,SAS,1,11,68.85,469.15,30,52,26,46,143,361,156,348,82,72,504,504,0.5324675324675324,0.5,3.2467532467532423,0.39473684210526316,0.29124236252545826,10.34944795798049,0.6666666666666666,0.6982591876208898,-3.1592520954223158,4131,28149
1630195,Leandro Bolmaro,2022-23,2022-23,1,1,UTA,1,60,68.45,2826.55,24,52,22,54,840,2052,825,1986,76,76,2892,2811,0.5,0.507101525512888,-0.7101525512888007,0.3076923076923077,0.29723991507430997,1.045239261799774,0.7027027027027027,0.7132429614181439,-1.0540258715441175,4107,169593
2369,Norman Richardson,2001-02,2001-02,1,2,"CHI,IND",2,83,68.43333333333334,3960.5666666666666,17,49,19,50,1049,2724,1204,2745,66,69,3773,3949,0.4888888888888889,0.4886039886039886,0.028490028490024688,0.2537313432835821,0.2764891934633632,-2.2757850179781105,0.7205882352941176,0.6934826883910387,2.710554690307898,4106,237634
202719,Jeremy Tyler,2012-13,2012-13,1,2,"ATL,GSW",2,62,68.36666666666666,2927.633333333333,23,50,24,49,750,2141,844,2052,73,73,2891,2896,0.5,0.4995679972351823,0.043200276481769606,0.3194444444444444,0.2676659528907923,5.177849155365211,0.6756756756756757,0.717252931323283,-4.157725564760739,4102,175658
1626259,Malcolm Miller,2018-19,2018-19,1,1,TOR,1,26,67.1,1195.9,14,58,26,49,238,970,299,907,72,75,1208,1206,0.4897959183673469,0.5004142502071252,-1.0618331839778228,0.2222222222222222,0.20786026200873362,1.4361960213488594,0.6904761904761905,0.764381402679275,-7.390521220308455,4026,71754
1642955,Kadary Richmond,2025-26,2025-26,1,1,WAS,1,4,66.8,125.2,13,44,19,49,43,82,39,105,57,68,125,144,0.456,0.4646840148698885,-0.8684014869888457,0.20967741935483872,0.2905405405405405,-8.086312118570179,0.6984126984126984,0.6776859504132231,2.072674799947527,4008,7512
1642422,Armel Traoré,2024-25,2024-25,1,1,LAL,1,49,66.66666666666667,2290.3333333333335,16,41,14,60,522,1670,657,1618,57,74,2192,2275,0.4351145038167939,0.49070964853369153,-5.559514471689764,0.21052631578947367,0.24392523364485982,-3.339891785538615,0.7454545454545455,0.7176622260421143,2.779231941243121,4000,137420
201165,Morris Almond,2011-12,2011-12,1,1,WAS,1,6,66.58333333333333,221.41666666666666,25,45,6,42,57,164,74,153,70,48,221,227,0.5932203389830508,0.49330357142857145,9.991676755447937,0.373134328358209,0.2714285714285714,10.170575692963757,0.8823529411764706,0.6890756302521008,19.327731092436974,3995,13285
202712,Justin Harper,2015-16,2016-17,2,2,"DET,PHI",2,16,66.4,706.6,16,44,12,53,191,504,143,499,60,65,695,642,0.48,0.5198204936424832,-3.982049364248319,0.2318840579710145,0.2768115942028985,-4.492753623188403,0.7857142857142857,0.7789799072642968,0.673437844998892,3984,42396
101158,Orien Greene,2007-08,2010-11,2,2,"NJN,SAC",2,12,65.96666666666667,515.0333333333333,19,43,18,43,126,300,165,350,62,61,426,515,0.5040650406504065,0.4527098831030818,5.135515754732467,0.3064516129032258,0.2647058823529412,4.174573055028463,0.7049180327868853,0.6451612903225806,5.975674246430462,3958,30902
202395,Sherron Collins,2010-11,2010-11,1,1,CHA,1,57,65.86666666666666,2690.133333333333,15,38,21,41,720,1837,682,1776,53,62,2557,2458,0.4608695652173913,0.5098703888334996,-4.900082361610824,0.26785714285714285,0.28846153846153844,-2.0604395604395584,0.6440677966101694,0.7292576419213974,-8.518984531122797,3952,161408
244,Dee Brown,2001-02,2001-02,1,1,ORL,1,9,65.78333333333333,371.21666666666664,12,50,20,52,84,228,111,264,62,72,312,375,0.4626865671641791,0.45414847161572053,0.853809554845858,0.1875,0.2413793103448276,-5.38793103448276,0.7142857142857143,0.672566371681416,4.171934260429833,3947,22273
1628506,London Perrantes,2017-18,2017-18,1,1,CLE,1,81,65.5,3832.5,26,35,9,42,826,2850,968,2834,61,51,3676,3802,0.5446428571428571,0.49157528751002944,5.306756963282766,0.38235294117647056,0.22568306010928962,15.666988106718094,0.7954545454545454,0.7464641173389209,4.899042811562449,3930,229950
201577,Robin Lopez,2023-24,2023-24,1,1,MIL,1,52,64.7,2446.3,14,45,21,52,589,1877,659,1806,59,73,2466,2465,0.44696969696969696,0.5001013993104847,-5.313170234078774,0.21212121212121213,0.24592901878914405,-3.380780666793193,0.6818181818181818,0.7401419558359621,-5.832377401778032,3882,146778
1628393,Jawun Evans,2018-19,2018-19,1,2,"OKC,PHX",2,58,64.35,2749.65,9,41,22,53,738,1924,805,2113,50,75,2662,2918,0.4,0.47706093189964155,-7.706093189964153,0.14516129032258066,0.2588565415643634,-11.369525124178272,0.6507936507936508,0.7050201539025284,-5.4226503108877555,3861,164979
101125,Julius Hodge,2006-07,2006-07,1,2,"DEN,MIL",2,47,64.31666666666666,2191.6833333333334,23,45,30,47,711,1479,668,1521,68,77,2190,2189,0.4689655172413793,0.500114181319936,-3.114866407855671,0.32857142857142857,0.3185483870967742,1.0023041474654382,0.6,0.6888681881695389,-8.88681881695389,3859,131501
1628492,Gian Clavell,2017-18,2017-18,1,1,DAL,1,16,63.63333333333333,704.3666666666667,8,47,12,55,166,493,151,582,55,67,659,733,0.45081967213114754,0.4734195402298851,-2.2599868098737543,0.12698412698412698,0.22192513368983957,-9.49410067057126,0.7966101694915254,0.765527950310559,3.108221918096643,3818,42262
1631298,Jack White,2023-24,2023-24,1,1,MEM,1,4,63.63333333333333,128.36666666666667,24,41,16,58,43,82,36,99,65,74,125,135,0.4676258992805755,0.4807692307692308,-1.3143331488655263,0.2926829268292683,0.3028169014084507,-1.0133974579182414,0.7192982456140351,0.6949152542372882,2.438299137674693,3818,7702
1900,Quincy Lewis,2003-04,2003-04,1,1,MIN,1,26,63.45,1199.55,9,42,23,51,286,837,369,777,51,74,1123,1146,0.408,0.494931687968268,-8.6931687968268,0.15,0.26904985888993416,-11.904985888993416,0.6461538461538462,0.6940298507462687,-4.787600459242247,3807,71973
1628656,Billy Garrett,2018-19,2018-19,1,1,NYK,1,5,63.43333333333333,176.56666666666666,8,55,15,57,29,146,62,152,63,72,175,214,0.4666666666666667,0.4498714652956298,1.679520137103685,0.12307692307692308,0.16022099447513813,-3.7144071398215046,0.7857142857142857,0.7019230769230769,8.379120879120883,3806,10594
1641772,Nae'Qwan Tomlin,2024-25,2024-25,1,1,CLE,1,28,63.4,1295.6,27,65,14,50,398,964,403,910,92,64,1362,1313,0.5897435897435898,0.5091588785046729,8.058471123891685,0.35064935064935066,0.30428134556574926,4.636800508360139,0.8227848101265823,0.7051938551572787,11.75909549693036,3804,77736
1642362,Payton Sandfort,2025-26,2025-26,1,1,OKC,1,20,63.333333333333336,901.6666666666666,20,40,22,52,223,699,276,658,60,74,922,934,0.44776119402985076,0.49676724137931033,-4.900604734945957,0.2777777777777778,0.25312145289443816,2.465632488333963,0.6451612903225806,0.7169230769230769,-7.176178660049626,3800,54100
203460,Andre Roberson,2020-21,2020-21,1,1,BKN,2,7,62.93333333333333,278.06666666666666,15,44,13,51,59,215,62,191,59,64,274,253,0.4796747967479675,0.5199240986717267,-4.024930192375925,0.22727272727272727,0.236,-0.8727272727272722,0.7719298245614035,0.776173285198556,-0.42434606371525296,3776,16684
1630612,RJ Nembhard Jr.,2021-22,2021-22,1,1,CLE,2,81,62.733333333333334,3835.266666666667,16,52,19,55,969,2884,998,2737,68,74,3853,3735,0.4788732394366197,0.5077754348972061,-2.890219546058642,0.22535211267605634,0.26146788990825687,-3.6115777232200523,0.7323943661971831,0.7429160226687275,-1.052165647154435,3764,230116
1514,Paul Grant,2003-04,2003-04,1,1,UTA,2,7,62.483333333333334,273.51666666666665,19,34,21,45,91,156,88,154,53,66,247,242,0.44537815126050423,0.5051124744376279,-5.973432317712363,0.296875,0.37142857142857144,-7.455357142857144,0.6181818181818182,0.639344262295082,-2.1162444113263845,3749,16411
203513,Erik Murphy,2013-14,2013-14,1,1,CHI,1,75,62.083333333333336,3582.9166666666665,18,37,22,57,1045,2566,962,2385,55,79,3611,3347,0.41044776119402987,0.5189709686691578,-10.852320747512795,0.24,0.30466472303207,-6.4664723032069995,0.6271186440677966,0.7273242630385488,-10.02056189707522,3725,214975
1502,Adonal Foyle,2008-09,2008-09,1,2,"MEM,ORL",3,70,61.93333333333333,3308.0666666666666,16,48,19,54,825,2420,895,2341,64,73,3245,3236,0.46715328467153283,0.5006943372936276,-3.3541052622094725,0.22857142857142856,0.2605811749842072,-3.2009746412778624,0.7164179104477612,0.7300150829562594,-1.3597172508498234,3716,198484
1629724,Vic Law,2019-20,2019-20,1,1,ORL,1,34,61.88333333333333,1580.1166666666666,15,41,20,49,402,1175,346,1227,56,69,1577,1573,0.448,0.5006349206349207,-5.263492063492064,0.234375,0.24677716390423574,-1.2402163904235737,0.6721311475409836,0.7725180802103879,-10.038693266940435,3713,94807
2253,Sean Lampley,2003-04,2003-04,1,1,GSW,1,14,61.21666666666667,615.7833333333333,17,47,19,32,191,412,162,429,64,51,603,591,0.5565217391304348,0.5050251256281407,5.149661350229406,0.3469387755102041,0.30806451612903224,3.887425938117184,0.7121212121212122,0.7177700348432056,-0.5648822721993407,3673,36947
203923,James Young,2017-18,2017-18,1,1,PHI,1,36,61.1,1666.9,14,43,19,44,436,1330,422,1172,57,63,1766,1594,0.475,0.5255952380952381,-5.059523809523814,0.2413793103448276,0.27114427860696516,-2.9764968262137566,0.6935483870967742,0.7591324200913242,-6.558403299454996,3666,100014
1631386,Taze Moore,2023-24,2024-25,2,1,POR,3,60,60.18333333333333,2829.8166666666666,28,40,21,55,896,1948,833,2035,68,76,2844,2868,0.4722222222222222,0.49789915966386555,-2.5676937441643344,0.3373493975903614,0.305697714090754,3.16516834996074,0.6557377049180327,0.7004674577490112,-4.472975283097846,3611,169789
203139,Viacheslav Kravtsov,2013-14,2013-14,1,1,PHX,1,59,59.46666666666667,2787.5333333333333,17,36,15,50,784,1964,817,1944,53,65,2748,2761,0.4491525423728814,0.49882011254311126,-4.966757017022988,0.2537313432835821,0.2873900293255132,-3.365868604193112,0.7058823529411765,0.7062207838906868,-0.03384309495102489,3568,167252
202810,D.J. Kennedy,2011-12,2011-12,1,1,CLE,1,4,58.86666666666667,133.13333333333333,11,37,23,48,49,81,37,101,48,71,130,138,0.40336134453781514,0.48507462686567165,-8.171328232785651,0.1864406779661017,0.32666666666666666,-14.022598870056497,0.6166666666666667,0.6864406779661016,-6.977401129943495,3532,7988
202729,Josh Selby,2012-13,2012-13,1,1,MEM,1,40,58.833333333333336,1881.1666666666667,12,39,16,53,646,1247,503,1189,51,69,1893,1692,0.425,0.5280334728033472,-10.303347280334723,0.18461538461538463,0.3520435967302452,-16.74282121148606,0.7090909090909091,0.7125714285714285,-0.34805194805194173,3530,112870
1629605,Tacko Fall,2021-22,2021-22,1,1,CLE,1,40,58.766666666666666,1861.2333333333333,19,46,13,40,474,1449,510,1361,65,53,1923,1871,0.5508474576271186,0.5068529256721138,4.39945319550048,0.3220338983050847,0.25831062670299726,6.372327160208746,0.7796610169491526,0.7396630934150077,3.9997923534144886,3526,111674
201602,Kyle Weaver,2010-11,2010-11,1,1,UTA,1,4,58.7,133.3,19,42,14,45,41,79,37,86,61,59,120,123,0.5083333333333333,0.49382716049382713,1.450617283950617,0.296875,0.3228346456692913,-2.595964566929132,0.75,0.6810344827586207,6.896551724137934,3522,7998
201193,Demetris Nichols,2007-08,2008-09,2,3,"CHI,CLE,NYK",4,108,58.6,5165.4,15,45,20,53,1574,3466,1432,3639,60,73,5040,5071,0.45112781954887216,0.49846701612105626,-4.733919657218411,0.22058823529411764,0.3019374640322271,-8.134922873810947,0.6923076923076923,0.7076357697019191,-1.5328077394226813,3516,309924
2082,Dan McClintock,2000-01,2000-01,1,1,DEN,1,7,58.46666666666667,277.53333333333336,32,33,12,44,97,195,94,211,65,56,292,305,0.5371900826446281,0.48911222780569513,4.807785483893295,0.42105263157894735,0.31493506493506496,10.611756664388238,0.7333333333333333,0.6747404844290658,5.8592848904267525,3508,16652
202545,Luke Zeller,2012-13,2012-13,1,1,PHX,1,55,58.15,2596.85,14,44,17,68,742,1718,733,1812,58,85,2460,2545,0.40559440559440557,0.4915084915084915,-8.591408591408594,0.17073170731707318,0.29052466718872355,-11.979295987165036,0.7213114754098361,0.70093839249286,2.0373082916976037,3489,155811
1642434,Riley Minix,2025-26,2025-26,1,2,"CLE,SAS",2,51,58.083333333333336,2399.9166666666665,19,44,17,26,669,1764,660,1675,63,43,2433,2335,0.5943396226415094,0.5102768456375839,8.40627770039255,0.4222222222222222,0.2854095563139932,13.681266590822904,0.7213114754098361,0.7277227722772277,-0.6411296867391614,3485,143995
1641801,Emanuel Miller,2024-25,2025-26,2,1,CHI,2,101,57.78333333333333,4815.216666666666,19,39,14,43,1278,3807,1382,3673,58,57,5085,5055,0.5043478260869565,0.5014792899408284,0.2868536146128142,0.3064516129032258,0.2581296707735811,4.832194212964469,0.7358490566037735,0.7336673732896511,0.21816833141223846,3467,288913
1641857,Liam Robbins,2024-25,2024-25,1,1,MIL,1,58,56.96666666666667,2732.0333333333333,20,47,12,43,577,2142,761,2098,67,55,2719,2859,0.5491803278688525,0.4874506991753317,6.172962869352084,0.31746031746031744,0.21570093457943926,10.175938288087819,0.7966101694915254,0.7378573889080262,5.87527805834992,3418,163922
1641789,Jazian Gortman,2024-25,2024-25,1,1,DAL,1,46,56.583333333333336,2156.4166666666665,16,45,16,46,583,1623,659,1550,61,62,2206,2209,0.4959349593495935,0.4996602491506229,-0.372528980102943,0.25806451612903225,0.27332395686826066,-1.5259440739228414,0.7377049180327869,0.7112182296231376,2.6486688409649295,3395,129385
1628985,Devon Hall,2019-20,2019-20,1,1,OKC,2,31,56.46666666666667,1446.5333333333333,15,47,11,48,290,1109,381,1112,62,59,1399,1493,0.512396694214876,0.48374827109266944,2.864842312220656,0.23809523809523808,0.20684736091298145,3.1247877182256634,0.8103448275862069,0.7442953020134229,6.6049525572783985,3388,86792
1629353,Isaac Humphries,2018-19,2018-19,1,1,ATL,1,5,56.43333333333333,183.56666666666666,19,42,12,53,56,138,58,157,61,65,194,215,0.48412698412698413,0.4743276283618582,0.9799355765125917,0.2638888888888889,0.26291079812206575,0.09780907668231476,0.7777777777777778,0.7040816326530612,7.3696145124716566,3386,11014
1975,Jamel Thomas,2000-01,2000-01,1,1,NJN,1,5,56.4,183.6,19,35,13,44,48,105,53,131,54,57,153,184,0.4864864864864865,0.4540059347181009,3.24805517683856,0.30158730158730157,0.2681564245810056,3.343087700629599,0.7291666666666666,0.6645569620253164,6.460970464135018,3384,11016
101219,Anthony Grundy,2005-06,2005-06,1,1,ATL,1,6,56.083333333333336,231.91666666666666,16,48,17,37,63,135,76,157,64,54,198,233,0.5423728813559322,0.4593967517401392,8.297612961579299,0.3018867924528302,0.2863636363636364,1.5523156089193801,0.7384615384615385,0.6398104265402843,9.86511119212542,3365,13915
202726,Andrew Goudelock,2012-13,2015-16,2,2,"HOU,LAL",2,21,55.9,957.1,16,46,35,41,311,694,291,675,62,76,1005,966,0.4492753623188406,0.5098934550989346,-6.061809278009401,0.2807017543859649,0.3154158215010142,-3.471406711504932,0.5679012345679012,0.7045685279187818,-13.666729335088057,3354,57426
2591,James Lang,2006-07,2006-07,1,1,WAS,1,56,54.61666666666667,2653.383333333333,14,35,27,37,799,1690,785,1857,49,64,2489,2642,0.4336283185840708,0.4850906256090431,-5.1462307024972285,0.27450980392156865,0.30082831325301207,-2.631850933144342,0.5645161290322581,0.6828282828282828,-11.831215379602467,3277,159203
202718,Chandler Parsons,2019-20,2019-20,1,1,ATL,1,52,54.21666666666667,2456.7833333333333,13,33,14,54,657,1830,684,1935,46,68,2487,2619,0.40350877192982454,0.4870740305522914,-8.356525862246688,0.19402985074626866,0.2534722222222222,-5.944237147595355,0.7021276595744681,0.7279236276849642,-2.5795968110496115,3253,147407
1630267,Facundo Campazzo,2022-23,2022-23,1,1,DAL,1,18,52.15,821.85,8,40,8,43,177,552,213,591,48,51,729,804,0.48484848484848486,0.4755381604696673,0.9310324378817569,0.1568627450980392,0.23046875,-7.360600490196079,0.8333333333333334,0.7215686274509804,11.176470588235299,3129,49311
1629619,Myles Powell,2021-22,2021-22,1,1,PHI,1,52,52.05,2453.95,17,30,17,34,542,1828,613,1770,47,51,2370,2383,0.47959183673469385,0.4986324426677888,-1.9040605933094923,0.3333333333333333,0.23442906574394465,9.890426758938867,0.6382978723404256,0.7488734125358459,-11.057554019542037,3123,147237
1627819,Isaiah Taylor,2016-17,2016-17,1,1,HOU,1,22,52.0,1004.0,11,35,18,41,276,774,280,775,46,59,1050,1055,0.4380952380952381,0.498812351543943,-6.07171134487049,0.21153846153846154,0.2626070409134158,-5.106857937495427,0.660377358490566,0.7343453510436433,-7.396799255307728,3120,60240
202775,Edwin Ubiles,2011-12,2011-12,1,1,WAS,1,6,51.983333333333334,236.01666666666668,14,32,17,38,61,166,74,170,46,55,227,244,0.45544554455445546,0.4819532908704883,-2.6507746316032863,0.2692307692307692,0.26406926406926406,0.5161505161505153,0.6530612244897959,0.6916666666666667,-3.8605442176870786,3119,14161
1627850,Marshall Plumlee,2017-18,2017-18,1,1,MIL,1,40,51.733333333333334,1888.2666666666667,12,41,11,40,427,1319,530,1352,53,51,1746,1882,0.5096153846153846,0.48125689084895257,2.8358493766432016,0.23076923076923078,0.24002248454187747,-0.9253253772646686,0.7884615384615384,0.7133585722011898,7.5102966260348625,3104,113296
1642050,Jackson Rowe,2024-25,2024-25,1,1,GSW,1,37,51.733333333333334,1729.2666666666667,24,41,7,38,521,1218,459,1251,65,45,1739,1710,0.5909090909090909,0.5042041171354016,8.670497377368935,0.3870967741935484,0.29401805869074493,9.307871550280344,0.8541666666666666,0.7262969588550984,12.786970781156825,3104,103756
1630561,David Duke Jr.,2023-24,2023-24,1,1,SAS,1,59,51.35,2800.65,11,41,14,36,728,2090,737,2138,52,50,2818,2875,0.5098039215686274,0.49499385209906904,1.4810069469558373,0.23404255319148937,0.2540125610607118,-1.9970007869222428,0.7454545454545455,0.7392996108949417,0.6154934559603809,3081,168039
101143,Travis Diener,2009-10,2009-10,1,2,"IND,POR",2,78,51.2,3692.8,10,38,14,48,934,2608,1024,2741,48,62,3542,3765,0.43636363636363634,0.4847406596414397,-4.8377023277803355,0.1724137931034483,0.25414965986394555,-8.173586676049727,0.7307692307692307,0.7180616740088106,1.2707556760420124,3072,221568
203511,Grant Jerrett,2014-15,2014-15,1,2,"OKC,UTA",2,83,50.916666666666664,3958.0833333333335,15,32,13,47,1199,2986,1093,2747,47,60,4185,3840,0.4392523364485981,0.5214953271028038,-8.224299065420565,0.24193548387096775,0.3038520020273695,-6.191651815640176,0.7111111111111111,0.7320421671978427,-2.0931056086731514,3055,237485
1629607,Jared Harper,2019-20,2021-22,2,2,"NOP,PHX",3,81,50.766666666666666,3852.233333333333,16,23,17,32,1004,2830,912,2892,39,49,3834,3804,0.4431818181818182,0.5019638648860958,-5.8782046704277615,0.3333333333333333,0.25770020533880905,7.563312799452426,0.575,0.7562800641368252,-18.128006413682527,3046,231134
202345,Damion James,2012-13,2013-14,2,2,"BKN,SAS",2,12,50.71666666666667,525.2833333333333,14,40,9,39,151,370,132,373,54,48,521,505,0.5294117647058824,0.5077972709551657,2.161449375071667,0.2641509433962264,0.2881679389312977,-2.4016995535071306,0.8163265306122449,0.7370517928286853,7.927473778355965,3043,31517
1629682,Tremont Waters,2021-22,2021-22,1,2,"TOR,WAS",2,8,50.28333333333333,333.71666666666664,9,36,15,37,94,262,70,261,45,52,356,331,0.4639175257731959,0.5181950509461426,-5.427752517294671,0.1956521739130435,0.2647887323943662,-6.913655848132269,0.7058823529411765,0.7891566265060241,-8.327427356484762,3017,20023
101159,Dijon Thompson,2006-07,2006-07,1,1,ATL,1,11,50.166666666666664,477.8333333333333,7,32,9,34,144,285,150,307,39,43,429,457,0.47560975609756095,0.48419864559819414,-0.858888950063319,0.17073170731707318,0.31929046563192903,-14.855875831485585,0.7804878048780488,0.6551724137931034,12.531539108494538,3010,28670
203928,Cory Jefferson,2015-16,2015-16,1,1,PHX,2,43,50.05,2018.95,17,35,18,38,538,1443,492,1512,52,56,1981,2004,0.48148148148148145,0.49711417816813047,-1.5632696686649017,0.3090909090909091,0.2624390243902439,4.665188470066517,0.660377358490566,0.7457364341085271,-8.535907561796108,3003,121137
381,James Robinson,2000-01,2000-01,1,1,ORL,1,9,49.71666666666667,402.28333333333336,12,29,16,36,128,285,126,309,41,52,413,435,0.44086021505376344,0.48702830188679247,-4.616808683302903,0.25,0.2929061784897025,-4.290617848970252,0.6444444444444445,0.6934306569343066,-4.898621248986212,2983,24137
1630580,Joe Wieskamp,2022-23,2022-23,1,1,TOR,2,35,49.65,1640.35,21,44,14,43,513,1066,372,1167,65,57,1579,1539,0.5327868852459017,0.5064143681847338,2.6372517061167833,0.328125,0.3053571428571429,2.2767857142857117,0.7586206896551724,0.741307371349096,1.7313318306076408,2979,98421
934,Derrick Coleman,2004-05,2004-05,1,1,DET,1,30,49.333333333333336,1420.6666666666667,16,29,14,33,438,952,368,917,45,47,1390,1285,0.4891304347826087,0.5196261682242991,-3.049573344169038,0.32653061224489793,0.32324723247232473,0.3283379772573203,0.6744186046511628,0.7212121212121212,-4.679351656095843,2960,85240
1628390,Terrance Ferguson,2020-21,2020-21,1,1,PHI,1,45,49.31666666666667,2135.6833333333334,10,34,7,39,566,1685,537,1512,44,46,2251,2049,0.4888888888888889,0.5234883720930232,-3.459948320413436,0.20408163265306123,0.27237728585178056,-6.829565319871933,0.8292682926829268,0.7583258325832584,7.0942460099668425,2959,128141
1643133,Lawson Lovering,2025-26,2025-26,1,1,MEM,1,4,49.266666666666666,142.73333333333332,18,32,14,40,29,92,44,114,50,54,121,158,0.4807692307692308,0.4336917562724014,4.707747449682937,0.3103448275862069,0.20279720279720279,10.754762478900412,0.6956521739130435,0.6764705882352942,1.9181585677749302,2956,8564
1085,Ira Bowman,2000-01,2001-02,2,2,"ATL,PHI",2,10,48.36666666666667,431.6333333333333,11,31,15,30,141,311,139,292,42,45,452,431,0.4827586206896552,0.5118912797281994,-2.913265903854417,0.2682926829268293,0.325635103926097,-5.734242099926773,0.6739130434782609,0.6911111111111111,-1.7198067632850256,2902,25898
1627875,Marcus Georges-Hunt,2016-17,2016-17,1,1,ORL,1,5,47.516666666666666,192.48333333333332,13,42,12,37,40,141,46,157,55,49,181,203,0.5288461538461539,0.4713541666666667,5.749198717948717,0.26,0.20304568527918782,5.69543147208122,0.7777777777777778,0.7540106951871658,2.3767082590612,2851,11549
1628249,Mitchell Creek,2018-19,2018-19,1,2,"BKN,MIN",2,17,47.15,783.85,16,32,25,37,201,585,204,640,48,62,786,844,0.43636363636363634,0.4822085889570552,-4.584495259341886,0.3018867924528302,0.2390011890606421,6.288560339218807,0.5614035087719298,0.7414448669201521,-18.00413581482223,2829,47031
1628413,Jonah Bolden,2019-20,2019-20,1,2,"PHI,PHX",2,57,47.05,2698.95,10,30,11,36,711,2102,623,2005,40,47,2813,2628,0.45977011494252873,0.5170005513692336,-5.723043642670489,0.21739130434782608,0.2617820324005891,-4.439072805276304,0.7317073170731707,0.7713761467889908,-3.9668829715820086,2823,161937
200801,Hassan Adams,2008-09,2008-09,1,1,TOR,1,32,46.86666666666667,1499.1333333333334,11,27,11,39,332,1015,437,1049,38,50,1347,1486,0.4318181818181818,0.475467702082598,-4.364952026441616,0.22,0.24040550325850832,-2.0405503258508317,0.7105263157894737,0.6990358126721763,1.149050311729738,2812,89948
202918,Xavier Silas,2011-12,2017-18,2,2,"BOS,PHI",2,7,46.18333333333333,289.81666666666666,22,32,14,43,72,207,66,215,54,57,279,281,0.4864864864864865,0.4982142857142857,-1.1727799227799207,0.3384615384615385,0.2508710801393728,8.759045832216566,0.6956521739130435,0.7582417582417582,-6.258958432871475,2771,17389
1630787,Cameron McGriff,2021-22,2021-22,1,1,POR,1,4,45.96666666666667,146.03333333333333,27,30,12,33,38,95,32,115,57,45,133,147,0.5588235294117647,0.475,8.382352941176475,0.45,0.24836601307189543,20.163398692810457,0.7142857142857143,0.7480314960629921,-3.374578177727783,2758,8762
202536,Jerry Smith,2011-12,2011-12,1,1,NJN,1,7,45.95,290.05,11,28,13,37,101,186,72,218,39,50,287,290,0.43820224719101125,0.49740034662045063,-5.919809942943938,0.22916666666666666,0.3166144200626959,-8.744775339602926,0.6829268292682927,0.7209302325581395,-3.800340328984675,2757,17403
1642389,Zyon Pullin,2024-25,2025-26,2,2,"MEM,MIN",2,66,45.166666666666664,3132.8333333333335,9,35,26,25,968,2292,939,2274,44,51,3260,3213,0.4631578947368421,0.5036304650084968,-4.0472570271654735,0.2647058823529412,0.2985811227637261,-3.3875240410784935,0.5737704918032787,0.7093779015784587,-13.560740977518005,2710,187970
2765,Andre Emmett,2011-12,2011-12,1,1,NJN,1,6,44.85,243.15,8,29,20,22,82,162,95,169,37,42,244,264,0.46835443037974683,0.48031496062992124,-1.1960530250174406,0.26666666666666666,0.32669322709163345,-6.002656042496679,0.5918367346938775,0.6303501945525292,-3.851345985865162,2691,14589
201242,Thomas Gardner,2007-08,2007-08,1,1,CHI,1,17,44.733333333333334,776.2666666666667,16,33,12,36,277,523,189,568,49,48,800,757,0.5051546391752577,0.5138086062941555,-0.8653967118897765,0.3076923076923077,0.32781065088757394,-2.0118343195266233,0.7333333333333333,0.7345505617977528,-0.12172284644195175,2684,46576
2173,Sean Colson,2000-01,2000-01,1,2,"ATL,HOU",2,28,44.666666666666664,1314.3333333333333,14,25,17,39,341,929,378,857,39,56,1270,1235,0.4105263157894737,0.5069860279441117,-9.645971215463806,0.2641509433962264,0.2846410684474123,-2.0490125051185917,0.5952380952380952,0.7107880642693191,-11.554996903122383,2680,78860
2740,Andris Biedrins,2013-14,2013-14,1,1,UTA,1,76,44.583333333333336,3613.4166666666665,13,34,13,33,967,2419,913,2527,47,46,3386,3440,0.5053763440860215,0.4960445355991796,0.9331808486841897,0.2826086956521739,0.27676016027475675,0.5848535377417141,0.723404255319149,0.7259903961584634,-0.25861408393144103,2675,216805
1630762,Phillip Wheeler,2024-25,2024-25,1,1,PHI,1,6,44.38333333333333,243.61666666666667,14,36,10,42,62,161,80,169,50,52,223,249,0.49019607843137253,0.4724576271186441,1.7738451312728443,0.25,0.2683982683982684,-1.8398268398268414,0.782608695652174,0.6680497925311203,11.455890312105366,2663,14617
1630994,Gabriel Lundberg,2021-22,2021-22,1,1,PHX,1,16,44.2,728.8,16,29,12,33,178,546,190,528,45,45,724,718,0.5,0.5020804438280166,-0.20804438280166426,0.32653061224489793,0.2521246458923513,7.440596635254665,0.7073170731707317,0.7418478260869565,-3.453075291622487,2652,43728
1629671,Miye Oni,2021-22,2021-22,1,1,UTA,1,37,44.13333333333333,1731.8666666666666,8,38,11,32,486,1418,453,1213,46,43,1904,1666,0.5168539325842697,0.5333333333333333,-1.6479400749063622,0.2,0.28605061801059445,-8.605061801059444,0.7755102040816326,0.757883484767504,1.7626719314128625,2648,103912
201043,Randolph Morris,2006-07,2006-07,1,1,NYK,1,14,43.65,638.35,16,26,12,30,178,459,148,384,42,42,637,532,0.5,0.5449101796407185,-4.491017964071853,0.34782608695652173,0.3167259786476868,3.1100108308834917,0.6842105263157895,0.7561779242174629,-7.196739790167339,2619,38301
203539,Gal Mekel,2014-15,2014-15,1,1,NOP,1,9,43.46666666666667,393.53333333333336,10,33,10,26,106,282,96,259,43,36,388,355,0.5443037974683544,0.522207267833109,2.2096529635245443,0.2777777777777778,0.29041095890410956,-1.2633181126331772,0.7674418604651163,0.746031746031746,2.1410114433370264,2608,23612
203961,Eric Moreland,2018-19,2018-19,1,2,"PHX,TOR",3,19,43.21666666666667,898.7833333333333,10,35,11,25,232,652,247,648,45,36,884,895,0.5555555555555556,0.49690837549184935,5.864718006370623,0.2857142857142857,0.2636363636363636,2.2077922077922087,0.7608695652173914,0.7252502780867631,3.561928713062823,2593,53927
1627868,Patricio Garino,2016-17,2016-17,1,1,ORL,1,5,43.11666666666667,196.88333333333333,11,36,12,32,42,147,46,162,47,44,189,208,0.5164835164835165,0.4760705289672544,4.041298751626216,0.2558139534883721,0.20588235294117646,4.9931600547195645,0.75,0.7616580310880829,-1.1658031088082943,2587,11813
1628373,Frank Ntilikina,2023-24,2023-24,1,1,CHA,1,50,42.9,2367.1,10,34,10,37,613,1600,591,1807,44,47,2213,2398,0.4835164835164835,0.4799392756451963,0.35772078712872357,0.2127659574468085,0.25330578512396695,-4.053982767715844,0.7727272727272727,0.730260155180283,4.246711754698973,2574,142026
203318,Glen Rice,2014-15,2014-15,1,1,WAS,1,35,42.583333333333336,1652.4166666666667,15,24,13,28,429,1187,418,1118,39,41,1616,1536,0.4875,0.5126903553299492,-2.5190355329949234,0.3488372093023256,0.2773109243697479,7.152628493257768,0.6486486486486487,0.7395638629283489,-9.091521427970017,2555,99145
2673,Hiram Fuller,2003-04,2003-04,1,1,ATL,1,6,42.53333333333333,245.46666666666667,21,32,21,37,74,166,68,192,53,58,240,260,0.4774774774774775,0.48,-0.2522522522522497,0.3620689655172414,0.2781954887218045,8.387347679543689,0.6037735849056604,0.7094017094017094,-10.562812449604909,2552,14728
204065,David Stockton,2014-15,2017-18,2,2,"SAC,UTA",3,20,42.416666666666664,917.5833333333334,10,37,13,32,243,717,246,627,47,45,960,873,0.5108695652173914,0.5237315875613748,-1.2862022343983481,0.23809523809523808,0.2793103448275862,-4.121510673234813,0.74,0.7445482866043613,-0.4548286604361351,2545,55055
1630218,Robert Woodard II,2021-22,2021-22,1,1,SAC,1,57,42.18333333333333,2708.8166666666666,24,30,10,33,719,1993,758,2088,54,43,2712,2846,0.5567010309278351,0.4879453040662109,6.875572686162418,0.42105263157894735,0.2561453509084432,16.490728067050416,0.75,0.7244638313340603,2.5536168665939663,2531,162529
203475,Erick Green,2015-16,2015-16,1,2,"DEN,UTA",2,13,42.13333333333333,591.8666666666667,10,23,6,27,161,435,149,413,33,33,596,562,0.5,0.5146804835924007,-1.4680483592400706,0.2702702702702703,0.2804878048780488,-1.0217534607778522,0.7931034482758621,0.7448630136986302,4.824043457723192,2528,35512
2294,Charlie Bell,2001-02,2001-02,1,2,"DAL,PHX",2,42,41.95,1994.05,11,26,14,27,542,1393,615,1384,37,41,1935,1999,0.47435897435897434,0.4918657854600915,-1.7506811101117181,0.2894736842105263,0.2814122533748702,0.8061430835656136,0.65,0.6937250996015937,-4.372509960159365,2517,119643
200829,Ivan McFarlin,2006-07,2006-07,1,1,PHI,1,23,41.266666666666666,1067.7333333333333,14,23,9,30,281,652,307,715,37,39,933,1022,0.4868421052631579,0.47723785166240407,0.9604253600753843,0.3181818181818182,0.2821285140562249,3.6053304125593266,0.71875,0.6798748696558915,3.88751303441085,2476,64064
1641793,D'Moi Hodge,2023-24,2023-24,1,1,LAL,1,36,41.25,1696.75,11,24,14,30,378,1323,449,1262,35,44,1701,1711,0.4430379746835443,0.4985345838218054,-5.54966091382611,0.2682926829268293,0.2304878048780488,3.7804878048780495,0.631578947368421,0.7466139954853274,-11.503504811690634,2475,101805
1629150,Emanuel Terry,2018-19,2021-22,2,2,"MIA,PHX",3,14,40.95,631.05,21,22,11,26,166,428,182,447,43,37,594,629,0.5375,0.4856909239574816,5.180907604251839,0.44680851063829785,0.2707993474714519,17.600916316684597,0.6666666666666666,0.7016393442622951,-3.49726775956285,2457,37863
1906,Tim James,2001-02,2001-02,1,1,PHI,1,13,40.93333333333333,583.0666666666667,22,23,8,25,197,417,158,388,45,33,614,546,0.5769230769230769,0.5293103448275862,4.761273209549066,0.46808510638297873,0.3367521367521368,13.133296963084195,0.7419354838709677,0.7252173913043478,1.6718092566619935,2456,34984
1629668,Zach Norvell Jr.,2019-20,2019-20,1,2,"GSW,LAL",2,29,40.81666666666667,1356.1833333333334,6,17,12,31,350,1048,350,985,23,43,1398,1335,0.3484848484848485,0.5115257958287596,-16.304094734391107,0.16216216216216217,0.26217228464419473,-10.001012248203256,0.5862068965517241,0.7496423462088698,-16.343544965714575,2449,81371
203159,Scott Machado,2012-13,2018-19,2,2,"HOU,LAL",2,39,40.416666666666664,1846.5833333333333,9,29,10,31,500,1380,498,1331,38,41,1880,1829,0.4810126582278481,0.5068751685090321,-2.5862510281184026,0.225,0.2730748225013654,-4.807482250136538,0.7435897435897436,0.7348242811501597,0.8765462439583871,2425,110795
1643047,CJ Huntley,2025-26,2025-26,1,1,PHX,2,36,40.4,1692.6,17,29,8,20,555,1159,486,1196,46,28,1714,1682,0.6216216216216216,0.5047114252061249,11.691019641549671,0.4594594594594595,0.316961736150771,14.249772330868849,0.7837837837837838,0.7045592705167173,7.922451326706648,2424,101556
2228,Alton Ford,2003-04,2003-04,1,1,HOU,2,27,40.4,1270.6,14,25,14,27,359,932,377,838,39,41,1291,1215,0.4875,0.5151636073423783,-2.766360734237833,0.34146341463414637,0.29991645781119464,4.1546956822951735,0.6410256410256411,0.7119938884644768,-7.096824743883568,2424,76236
203934,Lamar Patterson,2016-17,2016-17,1,1,ATL,2,11,40.36666666666667,512.6333333333333,9,37,11,30,121,402,141,394,46,41,523,535,0.5287356321839081,0.4943289224952741,3.4406709688633965,0.23076923076923078,0.23495145631067962,-0.4182225541448842,0.7708333333333334,0.7403314917127072,3.050184162062619,2422,30758
1641788,Alex Fudge,2023-24,2023-24,1,2,"DAL,LAL",2,57,40.21666666666667,2710.7833333333333,14,24,10,32,613,2121,713,2030,38,42,2734,2743,0.475,0.4991783823260909,-2.417838232609093,0.30434782608695654,0.23193340900491866,7.241441708203789,0.7058823529411765,0.7484121383203952,-4.252978537921869,2413,162647
197,Scott Burrell,2000-01,2000-01,1,1,CHH,1,4,39.95,152.05,8,24,16,26,53,129,50,99,32,42,182,149,0.43243243243243246,0.5498489425981873,-11.741651016575483,0.23529411764705882,0.34868421052631576,-11.339009287925695,0.6,0.7206703910614525,-12.06703910614525,2397,9123
442,Pervis Ellison,2000-01,2000-01,1,1,SEA,1,25,39.916666666666664,1160.0833333333333,11,30,14,22,345,800,405,779,41,36,1145,1184,0.5324675324675324,0.49162730785744957,4.084022461008285,0.3333333333333333,0.3069395017793594,2.63938315539739,0.6818181818181818,0.6639004149377593,1.7917766880422459,2395,69605
462,J.R. Reid,2000-01,2000-01,1,1,CLE,1,29,39.9,1367.1,9,27,13,31,429,945,394,852,36,44,1374,1246,0.45,0.5244274809160305,-7.442748091603052,0.225,0.33489461358313816,-10.989461358313815,0.675,0.7057505601194921,-3.0750560119492065,2394,82026
201173,Marcus Williams,2007-08,2008-09,2,2,"LAC,SAS",3,18,39.416666666666664,829.5833333333334,19,27,9,37,219,586,222,561,46,46,805,783,0.5,0.506926952141058,-0.6926952141057985,0.3392857142857143,0.28076923076923077,5.851648351648353,0.75,0.7252475247524752,2.4752475247524774,2365,49775
1641794,Dillon Jones,2025-26,2025-26,1,1,NYK,1,39,39.38333333333333,1847.6166666666666,12,28,9,27,536,1361,467,1223,40,36,1897,1690,0.5263157894736842,0.5288541957067187,-0.25384062330344737,0.3076923076923077,0.30471859010801594,0.29737175842917685,0.7567567567567568,0.7445295404814004,1.222721627535639,2363,110857
1628605,Dusty Hannahs,2018-19,2019-20,2,1,MEM,2,10,39.35,445.65,11,31,11,36,134,337,112,363,42,47,471,475,0.47191011235955055,0.4978858350951374,-2.5975722735586846,0.23404255319148937,0.26961770623742454,-3.557515304593517,0.7380952380952381,0.7505567928730512,-1.2461554777813078,2361,26739
203481,Jeff Withey,2017-18,2017-18,1,1,DAL,1,31,39.3,1453.7,11,33,8,32,286,1070,309,1188,44,40,1356,1497,0.5238095238095238,0.47528916929547843,4.85203545140454,0.2558139534883721,0.19402985074626866,6.178410274210345,0.8048780487804879,0.7759245830311821,2.8953465749305796,2358,87222
201286,Eric Dawson,2011-12,2011-12,1,1,SAS,2,9,39.233333333333334,392.76666666666665,12,22,8,29,110,279,97,292,34,37,389,389,0.4788732394366197,0.5,-2.1126760563380307,0.2926829268292683,0.2736318407960199,1.9051086033248399,0.7333333333333333,0.7420212765957447,-0.8687943262411402,2354,23566
1629738,Vincent Poirier,2020-21,2020-21,1,1,PHI,1,45,39.13333333333333,2145.866666666667,10,29,7,36,566,1690,537,1515,39,43,2256,2052,0.47560975609756095,0.5236768802228412,-4.806712412528025,0.21739130434782608,0.2719846227775108,-5.459331842968471,0.8055555555555556,0.7588684328693309,4.668712268622466,2348,128752
202880,Jeff Foote,2011-12,2011-12,1,1,NOH,1,6,39.13333333333333,253.86666666666667,9,28,9,22,54,152,71,169,37,31,206,240,0.5441176470588235,0.4618834080717489,8.22342389870746,0.2903225806451613,0.242152466367713,4.81701142774483,0.7567567567567568,0.6816143497757847,7.514240698097208,2348,15232
1629714,Jarrell Brantley,2022-23,2022-23,1,1,UTA,1,6,38.95,249.05,16,38,15,31,65,188,50,183,54,46,253,233,0.54,0.5205761316872428,1.942386831275722,0.3404255319148936,0.2620967741935484,7.832875772134523,0.7169811320754716,0.7899159663865546,-7.293483431108294,2337,14943
202359,Darington Hobson,2011-12,2011-12,1,1,MIL,1,22,38.86666666666667,1017.1333333333333,15,27,8,24,287,685,301,733,42,32,972,1034,0.5675675675675675,0.48454636091724823,8.302120665031932,0.38461538461538464,0.28137254901960784,10.32428355957768,0.7714285714285715,0.6947261663286004,7.670240509997106,2332,61028
1627822,Petr Cornelie,2021-22,2021-22,1,1,DEN,1,38,37.95,1791.05,11,25,7,30,415,1355,426,1336,36,37,1770,1762,0.4931506849315068,0.5011325028312571,-0.7981817899750276,0.2682926829268293,0.23700742432895489,3.12852585978744,0.78125,0.7608085345311623,2.044146546883774,2277,107463
203705,Josh Magette,2019-20,2019-20,1,1,ORL,1,44,37.88333333333333,2074.116666666667,13,27,11,30,546,1603,501,1673,40,41,2149,2174,0.49382716049382713,0.4971084894749017,-0.32813289810745827,0.3023255813953488,0.24605678233438485,5.626879906096397,0.7105263157894737,0.7618821292775665,-5.135581348809282,2273,124447
1627762,Joel Bolomboy,2017-18,2017-18,1,1,MIL,1,37,37.65,1748.35,13,27,5,32,341,1192,424,1241,40,37,1533,1665,0.5194805194805194,0.4793621013133208,4.011841816719864,0.28888888888888886,0.21554993678887485,7.333895210001401,0.84375,0.7376237623762376,10.612623762376238,2259,104901
201954,Darren Collison,2021-22,2021-22,1,1,LAL,1,5,37.166666666666664,202.83333333333334,14,32,11,31,45,151,67,142,46,42,196,209,0.5227272727272727,0.4839506172839506,3.8776655443322094,0.3111111111111111,0.24064171122994651,7.04693998811646,0.7441860465116279,0.6926605504587156,5.1525496052912345,2230,12170
201182,Derrick Byars,2011-12,2011-12,1,1,SAS,1,2,36.86666666666667,59.13333333333333,22,25,8,32,12,45,16,39,47,40,57,55,0.5402298850574713,0.5089285714285714,3.1301313628899874,0.4074074074074074,0.23529411764705882,17.211328976034856,0.7575757575757576,0.7377049180327869,1.9870839542970642,2212,3548
1630648,Jordan Schakel,2021-22,2022-23,2,1,WAS,3,40,36.5,1893.5,8,27,5,29,421,1441,466,1404,35,34,1862,1870,0.5072463768115942,0.49892818863879956,0.8318188172794672,0.21621621621621623,0.23068493150684932,-1.4468715290633094,0.84375,0.7556371263765076,8.81128736234924,2190,113610
1905,Andrei Kirilenko,2014-15,2014-15,1,1,BKN,1,20,36.4,943.6,13,24,17,22,238,665,270,680,37,39,903,950,0.4868421052631579,0.4873178629249865,-0.0475757661828613,0.37142857142857144,0.25925925925925924,11.21693121693122,0.5853658536585366,0.7112299465240641,-12.586409286552758,2184,56616
202077,Jerel McNeal,2014-15,2014-15,1,1,PHX,1,7,36.333333333333336,299.6666666666667,7,24,9,31,74,206,88,238,31,40,280,326,0.43661971830985913,0.46204620462046203,-2.54264863106029,0.18421052631578946,0.23717948717948717,-5.29689608636977,0.7272727272727273,0.7006802721088435,2.6592455163883755,2180,17980
203519,Adonis Thomas,2013-14,2013-14,1,2,"ORL,PHI",2,10,36.1,443.9,11,28,8,23,115,296,124,313,39,31,411,437,0.5571428571428572,0.4846698113207547,7.247304582210246,0.3235294117647059,0.26869158878504673,5.4837822979659165,0.7777777777777778,0.7047619047619048,7.301587301587298,2166,26634
1642403,Isaac Jones,2025-26,2025-26,1,2,"DET,SAC",3,79,35.68333333333333,3781.3166666666666,12,21,13,26,1245,2719,1109,2520,33,39,3964,3629,0.4583333333333333,0.5220597919136046,-6.3726458580271315,0.3157894736842105,0.33067729083665337,-1.4887817152442862,0.6176470588235294,0.7102925809822361,-9.264552215870669,2141,226879
1628388,T.J. Leaf,2020-21,2020-21,1,1,POR,1,18,35.416666666666664,828.5833333333334,9,38,9,35,225,642,203,626,47,44,867,829,0.5164835164835165,0.5112028301886793,0.5280686294837245,0.20454545454545456,0.26439482961222094,-5.984937506676638,0.8085106382978723,0.7597633136094675,4.874732468840481,2125,49715
761,Matt Geiger,2001-02,2001-02,1,1,PHI,1,11,35.18333333333333,492.81666666666666,11,23,11,27,165,348,127,310,34,38,513,437,0.4722222222222222,0.54,-6.777777777777782,0.2894736842105263,0.3473684210526316,-5.789473684210527,0.6764705882352942,0.7326315789473684,-5.616099071207426,2111,29569
1641761,Grant Nelson,2025-26,2025-26,1,1,BKN,1,5,35.016666666666666,204.98333333333332,9,20,11,24,69,127,52,141,29,35,196,193,0.453125,0.5038560411311054,-5.0731041131105385,0.2727272727272727,0.32857142857142857,-5.584415584415586,0.6451612903225806,0.7094972067039106,-6.433591638132996,2101,12299
2061,Dan Langhi,2003-04,2003-04,1,2,"GSW,MIL",3,25,35.016666666666666,1174.9833333333333,8,25,5,23,332,825,352,825,33,28,1157,1177,0.5409836065573771,0.49571550985432733,4.526809670304976,0.25806451612903225,0.28694900605012963,-2.888448992109738,0.8333333333333334,0.7009345794392523,13.239875389408107,2101,70499
1641936,Miles Norris,2024-25,2024-25,1,1,BOS,1,21,34.916666666666664,978.0833333333334,13,26,13,28,297,747,267,676,39,41,1044,943,0.4875,0.5254151987921489,-3.791519879214894,0.3170731707317073,0.3052415210688592,1.183164966284811,0.6666666666666666,0.7366863905325444,-7.001972386587774,2095,58685
202354,Dexter Pittman,2012-13,2013-14,2,3,"ATL,MEM,MIA",3,82,34.78333333333333,3936.2166666666667,16,21,12,23,893,2642,1111,2563,37,35,3535,3674,0.5138888888888888,0.49035927313080874,2.3529615758080102,0.41025641025641024,0.2583912037037037,15.186520655270652,0.6363636363636364,0.7039701572075673,-6.760652084393093,2087,236173
1628935,Aaron Jackson,2017-18,2017-18,1,1,HOU,1,1,34.5,13.5,7,25,7,29,4,9,3,13,32,36,13,16,0.47058823529411764,0.4482758620689655,2.2312373225152116,0.19444444444444445,0.23529411764705882,-4.084967320261438,0.78125,0.75,3.125,2070,810
101155,Ryan Gomes,2013-14,2013-14,1,1,OKC,1,35,34.25,1655.75,9,29,6,25,438,1295,469,1118,38,31,1733,1587,0.5507246376811594,0.5219879518072289,2.8736685873930523,0.2647058823529412,0.2814910025706941,-1.6785120217752914,0.8285714285714286,0.7341269841269841,9.444444444444455,2055,99345
203126,Kris Joseph,2012-13,2012-13,1,2,"BKN,BOS",2,38,34.15,1819.85,10,22,9,28,386,1244,483,1228,32,37,1630,1711,0.463768115942029,0.4878778808739898,-2.410976493196082,0.2631578947368421,0.23915737298636927,2.400052175047282,0.7096774193548387,0.7203242617255357,-1.0646842370696907,2049,109191
177,Muggsy Bogues,2000-01,2000-01,1,1,TOR,1,54,33.63333333333333,2593.366666666667,11,20,8,25,881,1789,684,1788,31,33,2670,2472,0.484375,0.5192532088681447,-3.4878208868144744,0.3055555555555556,0.33008617459722744,-2.4530619041671864,0.7142857142857143,0.7234128588758593,-0.9127144590144964,2018,155602
1629147,Joe Chealey,2019-20,2019-20,1,1,CHA,2,10,33.45,456.55,8,24,9,30,123,310,118,345,32,39,433,463,0.4507042253521127,0.48325892857142855,-3.255470321931586,0.21052631578947367,0.26282051282051283,-5.229419703103916,0.7272727272727273,0.7242990654205608,0.29736618521665203,2007,27393
1628451,Jacob Wiley,2017-18,2017-18,1,1,BKN,1,44,33.25,2093.75,8,34,5,30,555,1626,533,1668,42,35,2181,2201,0.5454545454545454,0.4977179370150616,4.773660843948379,0.21052631578947367,0.2496626180836707,-3.913630229419704,0.8717948717948718,0.7531264474293654,11.86684243655064,1995,125625
201629,Othello Hunter,2009-10,2009-10,1,1,ATL,1,33,32.96666666666667,1566.0333333333333,14,18,18,29,446,1044,426,1049,32,47,1490,1475,0.4050632911392405,0.5025295109612141,-9.746621982197363,0.32558139534883723,0.2983277591973244,2.7253636151512826,0.5,0.710204081632653,-21.0204081632653,1978,93962
695,Eldridge Recasner,2001-02,2001-02,1,2,"CHH,LAC",3,30,32.88333333333333,1422.1166666666666,8,24,11,24,431,984,444,971,32,35,1415,1415,0.47761194029850745,0.5,-2.2388059701492544,0.25,0.3074179743223966,-5.741797432239659,0.6857142857142857,0.6890756302521008,-0.3361344537815114,1973,85327
202809,Cory Higgins,2012-13,2012-13,1,1,CHA,1,19,32.21666666666667,899.7833333333333,4,24,10,26,268,611,286,644,28,36,879,930,0.4375,0.4859038142620232,-4.840381426202322,0.13333333333333333,0.29385964912280704,-16.05263157894737,0.7058823529411765,0.6811594202898551,2.4722932651321416,1933,53987
1643141,Jahmyl Telfort,2025-26,2025-26,1,1,LAC,1,22,32.03333333333333,1033.9666666666667,8,23,10,22,269,723,313,709,31,32,992,1022,0.49206349206349204,0.4925521350546177,-0.04886429911256651,0.26666666666666666,0.27505112474437626,-0.83844580777096,0.696969696969697,0.6978764478764479,-0.09067509067508528,1922,62038
2583,Derrick Zimmerman,2005-06,2005-06,1,1,NJN,1,2,31.883333333333333,64.11666666666666,12,13,7,17,15,35,18,42,25,24,50,60,0.5102040816326531,0.45454545454545453,5.5658627087198544,0.41379310344827586,0.2631578947368421,15.063520871143377,0.65,0.660377358490566,-1.037735849056598,1913,3847
1629091,Elijah Bryant,2020-21,2020-21,1,1,MIL,1,3,31.583333333333332,112.41666666666667,6,21,9,24,27,101,27,86,27,33,128,113,0.45,0.5311203319502075,-8.112033195020746,0.2,0.23893805309734514,-3.893805309734513,0.7,0.7890625,-8.906250000000004,1895,6745
202715,Tyler Honeycutt,2012-13,2012-13,1,1,SAC,1,55,31.5,2628.5,16,22,8,26,773,1660,780,1844,38,34,2433,2624,0.5277777777777778,0.4811152857425351,4.66624920352427,0.38095238095238093,0.2953763851738632,8.557599577851771,0.7333333333333333,0.680327868852459,5.300546448087429,1890,157710
203900,Markel Brown,2017-18,2017-18,1,1,HOU,1,41,31.483333333333334,1941.5166666666667,4,25,13,28,431,1452,466,1444,29,41,1883,1910,0.4142857142857143,0.49644081202214607,-8.215509773643175,0.125,0.22986666666666666,-10.486666666666666,0.6578947368421053,0.7570385818561001,-9.914384501399475,1889,116491
1642951,Sean Pedulla,2025-26,2025-26,1,1,LAC,1,28,31.0,1318.0,9,18,5,29,326,920,402,911,27,34,1246,1313,0.4426229508196721,0.4869089488081282,-4.428599798845606,0.23684210526315788,0.2635408245755861,-2.6698719312428203,0.782608695652174,0.6959152798789713,8.669341577320267,1860,79080
1743,Bruno Sundov,2003-04,2003-04,1,2,"CLE,NYK",2,45,30.7,2149.3,10,26,6,24,666,1561,648,1457,36,30,2227,2105,0.5454545454545454,0.5140812557710065,3.137328968353892,0.29411764705882354,0.3137070183702308,-1.9589371311407255,0.8125,0.7066545948392938,10.584540516070618,1842,128958
202725,Josh Harrellson,2012-13,2012-13,1,1,MIA,2,37,30.666666666666668,1760.3333333333333,6,29,10,20,349,1204,523,1160,35,30,1553,1683,0.5384615384615384,0.4799134734239802,5.854806503755822,0.23076923076923078,0.23127899271040425,-0.050976194117346996,0.7435897435897436,0.6971627099015634,4.642703368818024,1840,105620
1627767,Cheick Diallo,2021-22,2021-22,1,1,DET,1,4,30.616666666666667,166.38333333333333,9,19,8,30,50,128,47,134,28,38,178,181,0.42424242424242425,0.4958217270194986,-7.157930277707436,0.23076923076923078,0.2717391304347826,-4.096989966555181,0.7037037037037037,0.7314285714285714,-2.772486772486771,1837,9983
1630206,Jay Scrubb,2022-23,2022-23,1,1,ORL,1,8,30.116666666666667,353.8833333333333,8,15,5,18,99,282,90,266,23,23,381,356,0.5,0.5169606512890095,-1.6960651289009476,0.3076923076923077,0.27123287671232876,3.6459430979978946,0.75,0.7580645161290323,-0.8064516129032251,1807,21233
203480,James Southerland,2013-14,2013-14,1,2,"CHA,NOP",2,26,29.933333333333334,1218.0666666666666,11,25,10,25,352,866,320,905,36,35,1218,1225,0.5070422535211268,0.498567335243553,0.847491827757374,0.3055555555555556,0.28003182179793157,2.552373375762401,0.7142857142857143,0.730185497470489,-1.5899783184774696,1796,73084
1630929,Henri Drell,2023-24,2023-24,1,1,CHI,1,56,29.916666666666668,2698.0833333333335,16,23,4,19,719,1967,687,1902,39,23,2686,2589,0.6290322580645161,0.5091943127962085,11.98379452683076,0.45714285714285713,0.2743227775658146,18.282007957704256,0.8518518518518519,0.741145440844009,11.070641100784284,1795,161885
1641926,Dexter Dennis,2023-24,2023-24,1,1,DAL,1,32,29.866666666666667,1506.1333333333334,6,27,10,34,401,1065,441,1168,33,44,1466,1609,0.42857142857142855,0.4767479674796748,-4.817653890824625,0.15,0.2555768005098789,-10.55768005098789,0.7297297297297297,0.7071713147410359,2.255841498869382,1792,90368
1642443,Jahmir Young,2024-25,2024-25,1,1,CHI,1,27,29.666666666666668,1276.3333333333333,6,26,9,18,337,1029,353,960,32,27,1366,1313,0.5423728813559322,0.5098917506532288,3.248113070270342,0.25,0.25983037779491136,-0.983037779491136,0.7428571428571429,0.7445730824891461,-0.17159396320032272,1780,76580
1628578,Amida Brimah,2020-21,2020-21,1,1,IND,1,14,29.283333333333335,647.7166666666667,7,29,11,19,139,505,216,514,36,30,644,730,0.5454545454545454,0.46870451237263466,7.675003308191075,0.2692307692307692,0.21286370597243492,5.63670632583343,0.725,0.7004160887656034,2.4583911234396627,1757,38863
2632,Kirk Penney,2003-04,2004-05,2,2,"LAC,MIA",2,8,29.2,354.8,8,23,8,26,89,245,96,229,31,34,334,325,0.47692307692307695,0.5068285280728376,-2.990545114976068,0.23529411764705882,0.279874213836478,-4.458009618941916,0.7419354838709677,0.718475073313783,2.346041055718473,1752,21288
2047,Quentin Richardson,2012-13,2012-13,1,1,NYK,1,1,28.916666666666668,19.083333333333332,13,23,12,28,4,12,6,11,36,40,16,17,0.47368421052631576,0.48484848484848486,-1.1164274322169099,0.3170731707317073,0.26666666666666666,5.040650406504065,0.6571428571428571,0.6666666666666666,-0.952380952380949,1735,1145
201570,Joe Alexander,2009-10,2009-10,1,1,CHI,1,29,28.883333333333333,1378.1166666666666,10,12,14,21,356,991,344,956,22,35,1347,1300,0.38596491228070173,0.5088779750661125,-12.29130627854108,0.3225806451612903,0.27134146341463417,5.123918174665615,0.46153846153846156,0.7423220973782771,-28.07836358398156,1733,82687
203565,Patrick Christopher,2014-15,2014-15,1,1,UTA,1,14,28.733333333333334,643.2666666666667,7,22,4,20,207,459,170,410,29,24,666,580,0.5471698113207547,0.5345104333868379,1.2659377933916804,0.25925925925925924,0.3354943273905997,-7.623506813134045,0.8461538461538461,0.7297297297297297,11.642411642411643,1724,38596
1641803,Tristen Newton,2024-25,2025-26,2,3,"HOU,IND,MIN",3,134,28.133333333333333,6448.866666666667,16,20,11,27,1936,4740,1823,4468,36,38,6676,6291,0.4864864864864865,0.5148453767255341,-2.8358890239047585,0.37209302325581395,0.3023110555902561,6.978196766555783,0.6451612903225806,0.7222306871857382,-7.706939686315762,1688,386932
200754,Mouhamed Sene,2008-09,2008-09,1,2,"NYK,OKC",2,57,28.116666666666667,2727.883333333333,14,25,9,18,800,1856,722,1845,39,27,2656,2567,0.5909090909090909,0.5085200076584339,8.238908325065708,0.4375,0.30245746691871456,13.504253308128543,0.7352941176470589,0.7199379363847944,1.5356181262264457,1687,163673
200848,Steven Smith,2006-07,2006-07,1,1,PHI,1,32,28.116666666666667,1512.8833333333334,8,21,4,22,397,925,425,1015,29,26,1322,1440,0.5272727272727272,0.4786386676321506,4.86340596405766,0.26666666666666666,0.2811614730878187,-1.4494806421152029,0.84,0.6851851851851852,15.481481481481474,1687,90773
204002,Edy Tavares,2016-17,2016-17,1,2,"ATL,CLE",2,4,27.6,164.4,8,24,6,21,47,126,42,123,32,27,173,165,0.5423728813559322,0.5118343195266272,3.0538561829305033,0.27586206896551724,0.27647058823529413,-0.06085192697768971,0.8,0.75,5.000000000000004,1656,9864
200970,Renaldo Major,2006-07,2006-07,1,1,GSW,1,5,27.383333333333333,217.61666666666667,9,22,6,20,53,150,65,174,31,26,203,239,0.543859649122807,0.4592760180995475,8.458363102325956,0.3103448275862069,0.23348017621145375,7.686465137475315,0.7857142857142857,0.6976744186046512,8.803986710963452,1643,13057
1630187,Daniel Oturu,2021-22,2021-22,1,1,TOR,1,4,27.283333333333335,164.71666666666667,5,19,7,21,60,120,31,118,24,28,180,149,0.46153846153846156,0.547112462006079,-8.557400046761742,0.19230769230769232,0.33707865168539325,-14.477095937770093,0.7307692307692307,0.7947019867549668,-6.393275598573611,1637,9883
2852,Awvee Storey,2004-05,2004-05,1,1,NJN,1,18,27.0,852.0,9,19,10,23,238,582,224,543,28,33,820,767,0.45901639344262296,0.516698172652804,-5.768177921018109,0.28125,0.3047375160051216,-2.348751600512161,0.6551724137931034,0.7220843672456576,-6.6911953452554185,1620,51120
1627866,Jameel Warney,2017-18,2017-18,1,1,DAL,1,5,26.85,218.15,12,20,5,17,53,149,53,170,32,22,202,223,0.5925925925925926,0.4752941176470588,11.729847494553375,0.41379310344827586,0.23766816143497757,17.612494201329827,0.8,0.7376237623762376,6.237623762376243,1611,13089
203951,Keith Appling,2015-16,2015-16,1,1,ORL,2,11,26.85,511.15,4,23,3,22,140,357,131,384,27,25,497,515,0.5192307692307693,0.49110671936758893,2.8124049863180343,0.15384615384615385,0.26717557251908397,-11.332941867293012,0.8846153846153846,0.7315573770491803,15.305800756620425,1611,30669
1629686,Deividas Sirvydis,2021-22,2021-22,1,1,DET,1,4,26.6,170.4,6,17,11,30,58,134,46,132,23,41,192,178,0.359375,0.518918918918919,-15.954391891891895,0.16666666666666666,0.30526315789473685,-13.859649122807019,0.6071428571428571,0.7444444444444445,-13.730158730158736,1596,10224
203816,Scotty Hopson,2017-18,2021-22,2,2,"DAL,OKC",2,10,26.1,458.9,9,17,9,22,106,357,130,388,26,31,463,518,0.45614035087719296,0.47196738022426094,-1.5827029347067978,0.2903225806451613,0.2145748987854251,7.574768185973621,0.6538461538461539,0.7330595482546202,-7.921339440846631,1566,27534
1641813,Mark Sears,2025-26,2025-26,1,1,MIL,1,37,26.083333333333332,1759.9166666666667,5,12,10,14,410,1260,523,1295,17,24,1670,1818,0.4146341463414634,0.47878440366972475,-6.415025732826135,0.2631578947368421,0.2404692082111437,2.2688686525698385,0.5454545454545454,0.7066741446999439,-16.12195992453985,1565,105595
1642282,Hunter Sallis,2025-26,2025-26,1,1,PHI,1,28,25.666666666666668,1338.3333333333333,7,18,10,23,444,976,423,983,25,33,1420,1406,0.43103448275862066,0.502476999292286,-7.1442516533665295,0.23333333333333334,0.31114225648213034,-7.780892314879701,0.6428571428571429,0.6976411722659042,-5.478402940876126,1540,80300
1627861,Mike Tobey,2016-17,2016-17,1,1,CHA,1,8,25.183333333333334,363.81666666666666,2,21,4,23,69,287,92,309,23,27,356,401,0.46,0.4702774108322325,-1.0277410832232492,0.08,0.18253968253968253,-10.253968253968253,0.84,0.7572559366754618,8.274406332453822,1511,21829
203950,Jarnell Stokes,2015-16,2016-17,2,3,"DEN,MEM,MIA",3,63,25.133333333333333,3018.866666666667,8,22,5,16,754,2233,753,2173,30,21,2987,2926,0.5882352941176471,0.5051581261626924,8.307716795495468,0.3333333333333333,0.25760163990433893,7.573169342899439,0.8148148148148148,0.7478231748158071,6.699163999900771,1508,181132
998,Mark Pope,2004-05,2004-05,1,1,DEN,2,62,24.983333333333334,2961.016666666667,8,21,6,23,841,2007,901,2001,29,29,2848,2902,0.5,0.49530434782608695,0.4695652173913045,0.25806451612903225,0.29591836734693877,-3.785385121790652,0.7777777777777778,0.6901650618982118,8.761271587956598,1499,177661
2257,Ruben Boumtje-Boumtje,2003-04,2003-04,1,1,POR,1,40,24.966666666666665,1920.0333333333333,8,11,6,20,619,1223,536,1195,19,26,1842,1731,0.4222222222222222,0.5155331654072208,-9.331094318499861,0.2857142857142857,0.3412348401323043,-5.552055441801862,0.6470588235294118,0.6952814098919841,-4.822258636257226,1498,115202
1643060,Hayden Gray,2025-26,2025-26,1,1,UTA,1,1,24.75,23.25,10,13,6,21,8,15,8,20,23,27,23,28,0.46,0.45098039215686275,0.9019607843137267,0.3225806451612903,0.2857142857142857,3.6866359447004617,0.6842105263157895,0.6521739130434783,3.203661327231122,1485,1395
2201,Eddy Curry,2012-13,2012-13,1,1,DAL,1,2,24.75,71.25,4,24,6,17,21,42,34,57,28,23,63,91,0.5490196078431373,0.4090909090909091,13.99286987522282,0.19047619047619047,0.2692307692307692,-7.875457875457875,0.8,0.5526315789473685,24.736842105263158,1485,4275
715,John Coker,2000-01,2000-01,1,1,GSW,1,6,24.583333333333332,263.4166666666667,9,12,7,12,92,175,84,186,21,19,267,270,0.525,0.4972067039106145,2.779329608938552,0.42857142857142855,0.33093525179856115,9.76361767728674,0.631578947368421,0.6756756756756757,-4.409672830725464,1475,15805
1628425,Sterling Brown,2022-23,2022-23,1,1,LAL,1,5,24.366666666666667,225.63333333333333,7,23,10,26,44,168,41,166,30,36,212,207,0.45454545454545453,0.5059665871121718,-5.142113256671727,0.21212121212121213,0.20952380952380953,0.2597402597402598,0.696969696969697,0.8038277511961722,-10.68580542264752,1462,13538
2091,Daniel Santiago,2001-02,2001-02,1,1,PHX,1,34,24.316666666666666,1617.6833333333334,6,18,8,25,508,1109,517,1117,24,33,1617,1634,0.42105263157894735,0.497385419870809,-7.633278829186163,0.1935483870967742,0.31261538461538463,-11.906699751861044,0.6923076923076923,0.6820418204182042,1.0265871889488132,1459,97061
891,Charles Oakley,2003-04,2003-04,1,1,HOU,1,12,23.7,567.3,8,14,11,13,134,411,139,367,22,24,545,506,0.4782608695652174,0.5185537583254044,-4.0292888760187,0.38095238095238093,0.26746506986027946,11.348731109210147,0.56,0.7472727272727273,-18.727272727272727,1422,34038
1641807,Norchad Omier,2025-26,2025-26,1,1,LAC,1,27,23.666666666666668,1277.3333333333333,10,10,4,20,317,887,393,881,20,24,1204,1274,0.45454545454545453,0.4858757062146893,-3.1330251669234754,0.3333333333333333,0.2646076794657763,6.872565386755703,0.7142857142857143,0.69296875,2.131696428571428,1420,76640
1631457,Alex Morales,2025-26,2025-26,1,1,ORL,1,29,23.583333333333332,1383.4166666666667,9,14,4,13,407,1033,375,998,23,17,1440,1373,0.575,0.5119089939566299,6.3091006043370035,0.4090909090909091,0.2896797153024911,11.941119378841803,0.7777777777777778,0.7336647727272727,4.411300505050509,1415,83005
2106,Ruben Wolkowyski,2002-03,2002-03,1,1,BOS,1,54,23.583333333333332,2588.4166666666665,1,12,7,27,664,1756,759,1927,13,34,2420,2686,0.2765957446808511,0.47395221308264784,-19.735646840179676,0.03571428571428571,0.25627170976456964,-22.055742405028393,0.631578947368421,0.6982107355864812,-6.6631788218060155,1415,155305
1631211,Trevor Keels,2022-23,2025-26,2,2,"MIA,NYK",3,104,22.966666666666665,5014.033333333334,6,24,7,24,1515,3737,1336,3580,30,31,5252,4916,0.4918032786885246,0.516522423288749,-2.4719144600224396,0.2,0.29735034347399414,-9.735034347399413,0.7741935483870968,0.7366449832446285,3.7548565142468293,1378,300842
2050,Morris Peterson,2010-11,2010-11,1,1,OKC,1,56,22.933333333333334,2710.0666666666666,6,18,3,16,709,1867,737,1789,24,19,2576,2526,0.5581395348837209,0.5049000392003136,5.323949568340735,0.2727272727272727,0.2838270616493195,-1.1099788922046772,0.8571428571428571,0.716973886328725,14.016897081413205,1376,162604
203545,Miroslav Raduljica,2014-15,2014-15,1,1,MIN,1,10,22.75,457.25,5,15,3,18,136,305,119,322,20,21,441,441,0.4878048780487805,0.5,-1.2195121951219523,0.21739130434782608,0.29694323144104806,-7.955192709322198,0.8333333333333334,0.7193396226415094,11.399371069182395,1365,27435
1643257,Jayson Kent,2025-26,2025-26,1,1,POR,1,20,22.466666666666665,942.5333333333333,5,15,5,13,339,694,274,636,20,18,1033,910,0.5263157894736842,0.5316520844055584,-0.5336294931874264,0.2777777777777778,0.3476923076923077,-6.99145299145299,0.75,0.7169421487603306,3.3057851239669422,1348,56552
1642449,Tolu Smith,2024-25,2024-25,1,1,DET,1,47,22.35,2238.65,14,17,2,17,649,1666,651,1602,31,19,2315,2253,0.62,0.5067863397548161,11.321366024518387,0.45161290322580644,0.2883163038649489,16.329659936085754,0.8947368421052632,0.7190332326283988,17.570360947686435,1341,134319
1641817,Anton Watson,2024-25,2024-25,1,1,NYK,1,22,22.166666666666668,1048.8333333333333,4,11,6,15,309,717,283,734,15,21,1026,1017,0.4166666666666667,0.5022026431718062,-8.55359765051395,0.21052631578947367,0.2962607861936721,-8.57344704041984,0.6470588235294118,0.717,-6.994117647058817,1330,62930
202862,Dennis Horner,2011-12,2011-12,1,1,NJN,2,21,22.1,990.9,4,15,2,18,324,619,285,664,19,20,943,949,0.48717948717948717,0.49841437632135305,-1.1234889141865878,0.18181818181818182,0.32793522267206476,-14.611704085388293,0.8823529411764706,0.6847345132743363,19.761842790213425,1326,59454
203958,Andre Dawkins,2014-15,2014-15,1,1,MIA,1,35,21.683333333333334,1658.3166666666666,4,18,10,16,356,1021,450,1086,22,26,1377,1536,0.4583333333333333,0.4727085478887745,-1.4375214555441163,0.2,0.24687933425797504,-4.687933425797502,0.6428571428571429,0.6940856560163154,-5.122851315917254,1301,99499
1629152,DeVaughn Akoon-Purcell,2018-19,2018-19,1,1,DEN,1,29,21.633333333333333,1380.3666666666666,9,15,4,14,419,1066,342,993,24,18,1485,1335,0.5714285714285714,0.526595744680851,4.483282674772038,0.391304347826087,0.29674220963172804,9.456213819435893,0.7894736842105263,0.7571022727272727,3.237141148325362,1298,82822
1444,Lawrence Funderburke,2004-05,2004-05,1,1,CHI,1,2,21.566666666666666,74.43333333333334,5,12,7,14,16,48,25,57,17,21,64,82,0.4473684210526316,0.4383561643835616,0.9012256669069962,0.2631578947368421,0.2191780821917808,4.397981254506128,0.631578947368421,0.6575342465753424,-2.595529920692141,1294,4466
201802,Oliver Lafayette,2009-10,2009-10,1,1,BOS,1,2,21.516666666666666,74.48333333333333,2,16,4,18,16,49,21,54,18,22,65,75,0.45,0.4642857142857143,-1.428571428571429,0.1,0.22857142857142856,-12.857142857142856,0.8,0.7,10.000000000000009,1291,4469
1641766,Adama Sanogo,2024-25,2024-25,1,1,CHI,1,55,21.483333333333334,2623.516666666667,6,14,4,16,662,2063,745,2074,20,20,2725,2819,0.5,0.4915223665223665,0.8477633477633473,0.2727272727272727,0.24195906432748537,3.0768208399787333,0.7777777777777778,0.7346866096866097,4.309116809116809,1289,157411
203474,DJ Stephens,2013-14,2018-19,2,2,"MEM,MIL",2,112,21.35,5414.65,14,13,7,17,1426,3612,1512,3896,27,24,5038,5408,0.5294117647058824,0.482289871721233,4.712189298464936,0.45161290322580644,0.2679443818113491,18.366852141445733,0.65,0.7049180327868853,-5.491803278688523,1281,324879
203130,Darius Johnson-Odom,2012-13,2013-14,2,2,"LAL,PHI",2,40,20.883333333333333,1904.1166666666666,7,20,9,25,612,1358,557,1330,27,34,1970,1887,0.4426229508196721,0.5107596577651025,-6.813670694543034,0.21875,0.31513903192584963,-9.638903192584964,0.6896551724137931,0.7091383812010443,-1.9483208787251183,1253,114247
1628435,Chance Comanche,2022-23,2022-23,1,1,POR,1,1,20.783333333333335,27.216666666666665,5,9,6,19,5,20,3,31,14,25,25,34,0.358974358974359,0.423728813559322,-6.475445458496304,0.20833333333333334,0.1388888888888889,6.944444444444445,0.6,0.8695652173913043,-26.956521739130434,1247,1633
1629760,Matt Mooney,2019-20,2021-22,2,2,"CLE,NYK",2,34,20.683333333333334,1626.3166666666666,10,14,4,19,462,1192,359,1186,24,23,1654,1545,0.5106382978723404,0.5170365739293529,-0.6398276057012486,0.3448275862068966,0.2803398058252427,6.448778038165387,0.7777777777777778,0.7685364281108962,0.9241349666881615,1241,97579
1631199,Ron Harper Jr.,2023-24,2024-25,2,2,"DET,TOR",2,69,20.65,3306.35,10,14,5,14,981,2453,929,2385,24,19,3434,3314,0.5581395348837209,0.508891523414345,4.924801146937597,0.4166666666666667,0.2914438502673797,12.5222816399287,0.7368421052631579,0.7253104671791839,1.153163808397395,1239,198381
1628422,Damyean Dotson,2021-22,2021-22,1,1,NYK,1,10,20.533333333333335,459.46666666666664,4,16,2,14,134,355,109,356,20,16,489,465,0.5555555555555556,0.5125786163522013,4.2976939203354325,0.2222222222222222,0.27346938775510204,-5.124716553287984,0.8888888888888888,0.7650862068965517,12.380268199233713,1232,27568
1630555,Joel Ayayi,2021-22,2021-22,1,1,WAS,1,63,20.216666666666665,3033.7833333333333,7,12,6,19,696,2295,800,2257,19,25,2991,3057,0.4318181818181818,0.4945436507936508,-6.272546897546899,0.2692307692307692,0.23569251608533695,3.3538253145432266,0.6666666666666666,0.7415185783521809,-7.485191168551431,1213,182027
1585,Brandon Williams,2002-03,2002-03,1,1,ATL,1,12,19.933333333333334,556.0666666666667,9,15,3,16,133,376,188,355,24,19,509,543,0.5581395348837209,0.4838403041825095,7.429923070121141,0.36,0.2725409836065574,8.745901639344261,0.8333333333333334,0.6666666666666666,16.666666666666675,1196,33364
1628994,George King,2021-22,2021-22,1,1,DAL,1,5,19.166666666666668,220.83333333333334,2,11,9,15,55,173,49,154,13,24,228,203,0.35135135135135137,0.5290023201856149,-17.765096883426352,0.11764705882352941,0.2631578947368421,-14.551083591331269,0.55,0.7792792792792793,-22.927927927927925,1150,13250
2486,Maurice Baker,2004-05,2004-05,1,2,"LAC,POR",2,12,19.166666666666668,556.8333333333334,6,18,2,11,169,373,152,361,24,13,542,513,0.6486486486486487,0.5137440758293839,13.490457281926481,0.35294117647058826,0.31886792452830187,3.4073251942286387,0.9,0.7104761904761905,18.952380952380953,1150,33410
201607,Patrick Ewing,2010-11,2010-11,1,1,NOH,1,9,19.15,412.85,6,10,5,13,111,243,87,270,16,18,354,357,0.47058823529411764,0.4978902953586498,-2.7302060064532174,0.3157894736842105,0.29133858267716534,2.445089100704517,0.6666666666666666,0.7363636363636363,-6.969696969696971,1149,24771
1628450,Eric Mika,2019-20,2019-20,1,1,SAC,1,5,19.05,220.95,4,14,5,13,50,156,59,175,18,18,206,234,0.5,0.4681818181818182,3.18181818181818,0.23529411764705882,0.2222222222222222,1.307189542483661,0.7368421052631579,0.7255813953488373,1.12607099143206,1143,13257
1628591,Craig Sword,2021-22,2021-22,1,1,WAS,1,5,18.983333333333334,221.01666666666668,5,12,5,12,50,183,55,168,17,17,233,223,0.5,0.5109649122807017,-1.0964912280701733,0.29411764705882354,0.22935779816513763,6.475984889368592,0.7058823529411765,0.7689075630252101,-6.302521008403361,1139,13261
202408,Marcus Cousin,2010-11,2010-11,1,1,UTA,1,4,18.3,173.7,3,11,4,15,52,107,60,101,14,19,159,161,0.42424242424242425,0.496875,-7.263257575757576,0.16666666666666666,0.33986928104575165,-17.3202614379085,0.7333333333333333,0.6407185628742516,9.261477045908173,1098,10422
203315,Toure' Murry,2014-15,2014-15,1,2,"UTA,WAS",2,43,18.116666666666667,2055.883333333333,3,16,6,13,565,1438,542,1384,19,19,2003,1926,0.5,0.5097989310257063,-0.9798931025706281,0.1875,0.2898922524371473,-10.239225243714728,0.7272727272727273,0.7262626262626263,0.10101010101010166,1087,123353
1629121,Jaylen Adams,2020-21,2020-21,1,1,MIL,1,36,18.1,1709.9,3,14,6,21,465,1389,431,1287,17,27,1854,1718,0.38636363636363635,0.5190369540873461,-13.267331772370971,0.125,0.2654109589041096,-14.04109589041096,0.7,0.7631868131868131,-6.318681318681318,1086,102594
200799,Guillermo Diaz,2007-08,2007-08,1,1,LAC,1,10,17.966666666666665,472.03333333333336,5,12,10,14,87,304,113,303,17,24,391,416,0.4146341463414634,0.48451053283767037,-6.987638649620697,0.2631578947368421,0.2230769230769231,4.0080971659919005,0.5454545454545454,0.7290167865707434,-18.356224111619802,1078,28322
1564,Etdrick Bohannon,2000-01,2000-01,1,1,CLE,1,10,17.883333333333333,462.1166666666667,8,9,8,7,135,312,133,334,17,15,447,467,0.53125,0.4890590809628009,4.219091903719913,0.5333333333333333,0.2878464818763326,24.548685145700073,0.5294117647058824,0.701123595505618,-17.171183079973563,1073,27727
1641753,Chris Livingston,2025-26,2025-26,1,1,CLE,1,43,17.433333333333334,2056.5666666666666,1,13,4,12,642,1504,619,1528,14,16,2146,2147,0.4666666666666667,0.4998835313300722,-3.3216864663405508,0.07692307692307693,0.295852534562212,-21.892945763913506,0.7647058823529411,0.7084314649081489,5.627441744479222,1046,123394
1630600,Isaiah Mobley,2024-25,2024-25,1,1,PHI,1,1,17.366666666666667,30.633333333333333,5,14,5,19,8,25,14,27,19,24,33,41,0.4418604651162791,0.44594594594594594,-0.40854808296668654,0.20833333333333334,0.22857142857142856,-2.023809523809522,0.7368421052631579,0.6410256410256411,9.581646423751678,1042,1838
2657,Yuta Tabuse,2004-05,2004-05,1,1,PHX,1,24,17.283333333333335,1139.7166666666667,9,14,6,14,337,830,445,767,23,20,1167,1212,0.5348837209302325,0.4905422446406053,4.43414762896272,0.391304347826087,0.3052536231884058,8.605072463768115,0.7,0.6509803921568628,4.901960784313719,1037,68383
202,Gary Grant,2000-01,2000-01,1,1,POR,1,60,17.15,2882.85,2,12,3,12,807,1979,777,1733,14,15,2786,2510,0.4827586206896552,0.5260574018126888,-4.329878112303359,0.14285714285714285,0.3177165354330709,-17.485939257592804,0.8,0.7180696661828737,8.193033381712633,1029,172971
1630565,Aaron Henry,2021-22,2021-22,1,1,PHI,1,39,16.983333333333334,1870.0166666666667,8,9,11,12,415,1382,502,1409,17,23,1797,1911,0.425,0.48462783171521034,-5.9627831715210355,0.4,0.2275219298245614,17.247807017543863,0.45,0.7335456475583864,-28.354564755838634,1019,112201
201178,Kyrylo Fesenko,2011-12,2011-12,1,1,IND,1,21,16.983333333333334,1006.0166666666667,6,14,3,13,321,703,299,646,20,16,1024,945,0.5555555555555556,0.5200609446419502,3.5494610913605396,0.3157894736842105,0.33195449844881075,-1.6165024764600244,0.8235294117647058,0.7015968063872255,12.19326053774803,1019,60361
2254,Loren Woods,2007-08,2007-08,1,1,HOU,1,14,16.9,655.1,4,15,2,10,204,452,177,447,19,12,656,624,0.6129032258064516,0.5125,10.040322580645167,0.2857142857142857,0.31336405529953915,-2.7649769585253448,0.8823529411764706,0.7186009538950715,16.375198728139907,1014,39306
1629309,Trayvon Palmer,2021-22,2021-22,1,1,DET,1,5,16.766666666666666,228.23333333333332,5,12,2,11,64,171,70,199,17,13,235,269,0.5666666666666667,0.4662698412698413,10.039682539682538,0.3125,0.24334600760456274,6.915399239543726,0.8571428571428571,0.7095435684647303,14.759928867812677,1006,13694
202385,Ryan Reid,2011-12,2011-12,1,1,OKC,1,47,16.65,2249.35,7,8,5,9,588,1635,695,1427,15,14,2223,2122,0.5172413793103449,0.5116225546605293,0.5618824649815557,0.4375,0.29181141439205954,14.568858560794046,0.6153846153846154,0.7017167381974249,-8.633212281280944,999,134961
1629635,Sekou Doumbouya,2021-22,2021-22,1,1,LAL,2,36,16.383333333333333,1731.6166666666666,6,20,2,12,422,1311,458,1359,26,14,1733,1817,0.65,0.488169014084507,16.1830985915493,0.3333333333333333,0.2369455362156092,9.638779711772411,0.9090909090909091,0.7410966647823629,16.799424430854614,983,103897
1641879,Yuri Collins,2024-25,2024-25,1,1,GSW,1,5,16.3,223.7,8,8,6,16,76,149,66,146,16,22,225,212,0.42105263157894735,0.5148741418764302,-9.382151029748286,0.3333333333333333,0.34234234234234234,-0.9009009009009028,0.5714285714285714,0.6930232558139535,-12.159468438538212,978,13422
2123,Garth Joseph,2000-01,2000-01,1,2,"DEN,TOR",2,44,15.7,2111.3,9,6,6,11,718,1510,590,1458,15,17,2228,2048,0.46875,0.5210477081384471,-5.2297708138447145,0.45,0.32996323529411764,12.003676470588237,0.5,0.719047619047619,-21.904761904761905,942,126678
1642368,N'Faly Dante,2025-26,2025-26,1,1,ATL,1,53,15.416666666666666,2538.5833333333335,9,11,4,9,676,1848,770,1970,20,13,2524,2740,0.6060606060606061,0.479483282674772,12.657732338583404,0.5,0.25547996976568405,24.452003023431594,0.7333333333333333,0.7058823529411765,2.7450980392156765,925,152315
1629745,Tariq Owens,2019-20,2019-20,1,1,PHX,1,33,15.4,1568.6,4,8,7,15,392,1175,370,1116,12,22,1567,1486,0.35294117647058826,0.5132656403537504,-16.032446388316217,0.21052631578947367,0.259946949602122,-4.942063381264833,0.5333333333333333,0.7605177993527508,-22.718446601941743,924,94116
2367,Geno Carlisle,2004-05,2004-05,1,1,POR,1,16,15.383333333333333,757.6166666666667,5,7,6,9,277,480,237,475,12,15,757,712,0.4444444444444444,0.5153165418652145,-7.087209742077006,0.35714285714285715,0.3683510638297872,-1.1208206686930067,0.5384615384615384,0.6694560669456067,-13.099452848406823,923,45457
1629742,Stanton Kidd,2019-20,2019-20,1,1,UTA,1,14,15.283333333333333,656.7166666666667,2,16,2,12,148,541,159,513,18,14,689,672,0.5625,0.5062454077883909,5.625459221160911,0.14285714285714285,0.22390317700453857,-8.104603414739572,0.8888888888888888,0.7728571428571429,11.603174603174594,917,39403
1628968,Brian Bowen II,2020-21,2020-21,1,1,IND,1,58,14.85,2799.15,9,11,8,14,665,2035,780,2175,20,22,2700,2955,0.47619047619047616,0.47745358090185674,-0.12631047113805804,0.391304347826087,0.23415492957746478,15.714941824862219,0.5789473684210527,0.7229129662522202,-14.396559783116757,891,167949
1630589,Moses Wright,2021-22,2021-22,1,2,"DAL,LAC",2,27,14.733333333333333,1281.2666666666667,4,12,2,8,294,949,343,927,16,10,1243,1270,0.6153846153846154,0.49462793473935535,12.075668064526008,0.3333333333333333,0.24078624078624078,9.254709254709253,0.8571428571428571,0.7345201238390093,12.262273330384776,884,76876
202079,Antonio Anderson,2009-10,2009-10,1,1,OKC,1,11,14.616666666666667,513.3833333333333,7,9,5,9,146,364,139,332,16,14,510,471,0.5333333333333333,0.5198776758409785,1.3455657492354778,0.4375,0.3054393305439331,13.206066945606693,0.6428571428571429,0.7236580516898609,-8.080090883271795,877,30803
1629133,Daryl Macon,2019-20,2019-20,1,1,MIA,1,37,14.1,1791.9,2,14,4,9,418,1427,432,1266,16,13,1845,1698,0.5517241379310345,0.5207451312447079,3.0979006686326582,0.18181818181818182,0.24821852731591448,-6.640034549773266,0.7777777777777778,0.7676169983862292,1.016077939154858,846,107514
1641745,Adam Flagler,2023-24,2023-24,1,1,OKC,1,30,14.016666666666667,1430.9833333333333,2,13,2,12,320,1084,380,1032,15,14,1404,1412,0.5172413793103449,0.49857954545454547,1.8661833855799392,0.14285714285714285,0.23668639053254437,-9.382924767540151,0.8666666666666667,0.7404371584699454,12.62295081967213,841,85859
203945,Alex Kirk,2014-15,2014-15,1,1,CLE,1,35,13.983333333333333,1671.0166666666667,1,10,2,10,476,1128,431,1147,11,12,1604,1578,0.4782608695652174,0.5040854808296669,-2.582461126444946,0.09090909090909091,0.2932840418977203,-20.237495098862937,0.8333333333333334,0.723540731237973,10.979260209536035,839,100261
1641847,Andrew Funk,2023-24,2023-24,1,1,CHI,1,26,13.4,1254.6,8,12,3,8,351,898,331,899,20,11,1249,1230,0.6451612903225806,0.5038321903993546,14.132909992322606,0.5,0.2808,21.92,0.8,0.7306753458096013,6.932465419039879,804,75276
101232,Roger Powell,2006-07,2006-07,1,1,UTA,1,32,13.3,1532.7,8,5,0,7,476,1058,383,925,13,7,1534,1308,0.65,0.5397607318789585,11.023926812104158,0.5333333333333333,0.3397573162027123,19.3576017130621,1.0,0.7342123525329632,26.578764746703676,798,91962
1629739,William Howard,2019-20,2019-20,1,1,HOU,1,41,13.266666666666667,1964.7333333333333,3,6,2,14,446,1486,599,1632,9,16,1932,2231,0.36,0.46408839779005523,-10.408839779005524,0.17647058823529413,0.21462945139557266,-3.8158863160278527,0.75,0.7127098321342926,3.729016786570738,796,117884
1630227,Daishen Nix,2024-25,2024-25,1,1,MIN,1,33,13.233333333333333,1580.7666666666667,3,9,0,9,410,1156,416,1142,12,9,1566,1558,0.5714285714285714,0.501280409731114,7.014816169745741,0.25,0.26417525773195877,-1.4175257731958768,1.0,0.7353689567430025,26.46310432569975,794,94846
203479,Jamaal Franklin,2014-15,2014-15,1,1,DEN,1,3,13.166666666666666,130.83333333333334,6,8,3,11,42,93,32,86,14,14,135,118,0.5,0.5335968379446641,-3.359683794466406,0.35294117647058826,0.328125,2.481617647058826,0.7272727272727273,0.744,-1.6727272727272702,790,7850
201235,Courtney Sims,2007-08,2008-09,2,3,"IND,NYK,PHX",5,39,13.116666666666667,1868.8833333333334,6,11,2,9,508,1346,485,1349,17,11,1854,1834,0.6071428571428571,0.5027114967462039,10.443136039665324,0.4,0.2735595045772752,12.644049542272484,0.8461538461538461,0.7351174221736756,11.103642398017055,787,112133
101213,Sharrod Ford,2005-06,2005-06,1,1,PHX,1,24,13.033333333333333,1138.9666666666667,5,8,9,4,291,849,358,848,13,13,1140,1206,0.5,0.4859335038363171,1.4066496163682884,0.5555555555555556,0.25548726953467954,30.006828602087605,0.47058823529411764,0.7033968516984258,-23.280861640430818,782,68338
1627760,Cat Barber,2021-22,2021-22,1,1,ATL,1,5,12.85,227.15,3,7,0,8,60,155,49,178,10,8,215,227,0.5555555555555556,0.48642533936651583,6.913021618903975,0.2727272727272727,0.25210084033613445,2.062643239113826,1.0,0.7598039215686274,24.01960784313726,771,13629
2456,Cezary Trybanski,2003-04,2003-04,1,2,"NYK,PHX",2,82,12.8,3953.2,3,7,2,13,1122,2669,1175,2720,10,15,3791,3895,0.4,0.49323445225084567,-9.323445225084564,0.1875,0.2920353982300885,-10.45353982300885,0.7777777777777778,0.6943288241415192,8.34489536362586,768,237192
200837,Mike Hall,2006-07,2006-07,1,1,WAS,1,27,12.766666666666667,1293.2333333333333,7,5,2,11,376,866,343,906,12,13,1242,1249,0.48,0.4985949417904456,-1.859494179044563,0.3888888888888889,0.29329173166926675,9.559715721962213,0.7142857142857143,0.7162944582299421,-0.20087439442277866,766,77594
1627817,Tim Quarterman,2017-18,2017-18,1,1,HOU,1,7,12.75,323.25,4,14,2,9,61,235,71,255,18,11,296,326,0.6206896551724138,0.4758842443729904,14.480541079942345,0.3076923076923077,0.1930379746835443,11.46543330087634,0.875,0.7679738562091504,10.702614379084963,765,19395
1629600,Jarron Cumberland,2021-22,2021-22,1,1,POR,1,4,12.316666666666666,179.68333333333334,8,8,3,9,57,117,41,139,16,12,174,180,0.5714285714285714,0.4915254237288136,7.9903147699757815,0.47058823529411764,0.29081632653061223,17.97719087635054,0.7272727272727273,0.740506329113924,-1.3233601841196707,739,10781
2121,Terrance Roberson,2000-01,2000-01,1,1,CHH,1,25,12.316666666666666,1197.6833333333334,6,10,5,7,356,826,355,775,16,12,1182,1130,0.5714285714285714,0.5112456747404844,6.018289668808697,0.46153846153846156,0.3147656940760389,14.677276746242269,0.6666666666666666,0.6994072819644369,-3.274061529777028,739,71861
202351,Lazar Hayward,2012-13,2012-13,1,1,MIN,1,3,12.216666666666667,131.78333333333333,2,8,6,10,61,93,38,89,10,16,154,127,0.38461538461538464,0.5480427046263345,-16.34273200109499,0.16666666666666666,0.4066666666666667,-24.000000000000004,0.5714285714285714,0.7099236641221374,-13.849509269356597,733,7907
1629665,Jalen Lecque,2020-21,2020-21,1,1,IND,1,43,12.133333333333333,2076.866666666667,11,10,5,12,473,1497,541,1587,21,17,1970,2128,0.5526315789473685,0.4807223035627135,7.1909275384654965,0.4782608695652174,0.22961165048543689,24.86492190797805,0.6666666666666666,0.7345436702649657,-6.787700359829907,728,124612
204222,Greg Whittington,2020-21,2020-21,1,1,DEN,1,52,12.016666666666667,2513.983333333333,2,14,2,11,673,1852,592,1727,16,13,2525,2319,0.5517241379310345,0.5212634186622626,3.046071926877192,0.15384615384615385,0.28041666666666665,-12.65705128205128,0.875,0.7577741407528642,11.72258592471358,721,150839
2800,Tony Bobbitt,2004-05,2004-05,1,1,LAL,1,65,11.933333333333334,3128.0666666666666,2,11,10,10,975,2126,924,2136,13,20,3101,3060,0.3939393939393939,0.5033273819185197,-10.938798797912575,0.16666666666666666,0.313404050144648,-14.673738347798135,0.5238095238095238,0.6970491803278689,-17.323965651834506,716,187684
2130,Mike Penberthy,2001-02,2001-02,1,1,LAL,1,5,11.883333333333333,228.11666666666667,3,9,5,7,51,166,66,159,12,12,217,225,0.5,0.49095022624434387,0.9049773755656132,0.3,0.24285714285714285,5.7142857142857135,0.6428571428571429,0.7155172413793104,-7.266009852216748,713,13687
200840,Chris McCray,2006-07,2006-07,1,1,MIL,1,32,11.766666666666667,1529.2333333333333,4,5,1,10,438,944,450,1017,9,11,1382,1467,0.45,0.4850824850824851,-3.5082485082485073,0.2857142857142857,0.30103092783505153,-1.5316642120765833,0.8333333333333334,0.6771879483500718,15.614538498326159,706,91754
202197,Shane Edwards,2013-14,2013-14,1,1,CLE,1,5,11.766666666666667,228.23333333333332,3,5,4,9,52,181,57,166,8,13,233,223,0.38095238095238093,0.5109649122807017,-13.00125313283208,0.25,0.23853211009174313,1.1467889908256867,0.5555555555555556,0.7605042016806722,-20.494864612511666,706,13694
203317,Tim Ohlbrecht,2012-13,2012-13,1,1,HOU,1,24,11.733333333333333,1145.2666666666667,2,8,3,6,331,835,315,793,10,9,1166,1108,0.5263157894736842,0.5127528583992964,1.3562931074387774,0.25,0.2944839857651246,-4.448398576512458,0.7272727272727273,0.7260869565217392,0.11857707509881354,704,68716
1631220,Dereon Seabron,2022-23,2022-23,1,1,NOP,2,81,11.6,3911.4,7,13,6,8,1046,2842,957,2758,20,14,3888,3715,0.5882352941176471,0.5113770879915823,7.685820612606475,0.4666666666666667,0.27497371188222924,19.169295478443743,0.6842105263157895,0.7480916030534351,-6.388107673764565,696,234684
292,Anthony Miller,2000-01,2000-01,1,3,"ATL,HOU,PHI",3,19,11.483333333333333,900.5166666666667,3,4,3,11,294,596,251,594,7,14,890,845,0.3333333333333333,0.5129682997118156,-17.963496637848227,0.21428571428571427,0.3310810810810811,-11.679536679536682,0.5714285714285714,0.7036599763872491,-13.223140495867769,689,54031
1628475,Matt Williams Jr.,2017-18,2017-18,1,1,MIA,1,36,11.4,1721.6,1,11,1,7,376,1246,403,1267,12,8,1622,1670,0.6,0.49270959902794653,10.729040097205345,0.125,0.2288496652465003,-10.38496652465003,0.9166666666666666,0.7556094602789569,16.105720638770972,684,103296
1629005,Malik Newman,2019-20,2021-22,2,1,CLE,2,9,11.366666666666667,420.6333333333333,4,8,5,9,121,321,111,301,12,14,442,412,0.46153846153846156,0.5175644028103045,-5.6025941271842905,0.3076923076923077,0.28672985781990523,2.0962449872402478,0.6153846153846154,0.7430555555555556,-12.767094017094017,682,25238
203564,Kalin Lucas,2014-15,2018-19,2,2,"DET,MEM",3,44,11.116666666666667,2110.883333333333,7,8,3,11,576,1534,506,1557,15,14,2110,2063,0.5172413793103449,0.5056314402108795,1.1609939099465394,0.3888888888888889,0.270042194092827,11.884669479606192,0.7272727272727273,0.7519607843137255,-2.468805704099819,667,126653
178,Olden Polynice,2003-04,2003-04,1,1,LAC,1,56,11.0,2692.0,1,9,3,8,974,1791,798,1716,10,11,2765,2514,0.47619047619047616,0.5237734419397613,-4.7582965749285115,0.1111111111111111,0.3620817843866171,-25.097067327550597,0.75,0.6917728852838934,5.822711471610664,660,161520
344,Dana Barros,2003-04,2003-04,1,1,BOS,1,1,10.916666666666666,37.083333333333336,3,5,5,10,15,23,12,18,8,15,38,30,0.34782608695652173,0.5588235294117647,-21.0997442455243,0.23076923076923078,0.45454545454545453,-22.377622377622373,0.5,0.6571428571428571,-15.714285714285714,655,2225
1630605,JaQuori McLaughlin,2021-22,2021-22,1,1,DAL,1,40,10.9,1919.1,3,7,3,5,460,1452,464,1485,10,8,1912,1949,0.5555555555555556,0.4952084952084952,6.034706034706039,0.375,0.2365038560411311,13.849614395886888,0.7,0.7578288100208769,-5.7828810020876915,654,115146
2825,Ibrahim Kutluay,2004-05,2004-05,1,1,SEA,1,43,10.9,2063.1,2,9,5,9,664,1293,609,1255,11,14,1957,1864,0.44,0.5121695891127978,-7.216958911279775,0.18181818181818182,0.3460135487232934,-16.419536690511155,0.6428571428571429,0.6798107255520505,-3.695358269490756,654,123786
1630306,Rob Edwards,2021-22,2021-22,1,1,OKC,1,5,10.85,229.15,2,7,6,13,60,186,65,201,9,19,246,266,0.32142857142857145,0.48046875,-15.904017857142854,0.13333333333333333,0.22988505747126436,-9.655172413793103,0.5384615384615384,0.7410358565737052,-20.257431811216676,651,13749
1629044,Shamorie Ponds,2019-20,2019-20,1,1,TOR,1,40,10.583333333333334,1929.4166666666667,4,4,2,6,488,1528,563,1491,8,8,2016,2054,0.5,0.49533169533169535,0.4668304668304646,0.4,0.24658918645780697,15.341081354219305,0.6666666666666666,0.7307508369201339,-6.408417025346724,635,115765
2450,Randy Holcomb,2005-06,2005-06,1,1,CHI,1,5,10.516666666666667,229.48333333333332,2,6,0,4,55,158,60,140,8,4,213,200,0.6666666666666666,0.5157384987893463,15.092816787732033,0.3333333333333333,0.28205128205128205,5.128205128205127,1.0,0.7247706422018348,27.522935779816514,631,13769
1642385,Cui Yongxi,2024-25,2024-25,1,1,BKN,1,25,10.316666666666666,1199.6833333333334,0,7,3,10,268,782,312,875,7,13,1050,1187,0.35,0.4693786320965579,-11.937863209655792,0.0,0.23447069116360456,-23.447069116360456,0.7,0.7148080438756855,-1.4808043875685573,619,71981
1642439,Quincy Olivari,2024-25,2024-25,1,1,LAL,1,38,10.3,1818.7,4,5,2,11,432,1285,511,1321,9,13,1717,1832,0.4090909090909091,0.48379825302902224,-7.470734393811313,0.26666666666666666,0.24643468339988592,2.0231983266780746,0.7142857142857143,0.715478841870824,-0.1193127585109699,618,109122
2724,Desmond Ferguson,2003-04,2003-04,1,1,POR,1,5,10.283333333333333,234.71666666666667,4,4,1,5,60,144,67,128,8,6,204,195,0.5714285714285714,0.5112781954887218,6.015037593984962,0.4444444444444444,0.3191489361702128,12.529550827423163,0.8,0.6824644549763034,11.753554502369667,617,14083
200984,Lance Allred,2007-08,2007-08,1,1,CLE,2,17,10.066666666666666,805.9333333333333,5,3,3,10,281,569,189,541,8,13,850,730,0.38095238095238093,0.5379746835443038,-15.702230259192284,0.3333333333333333,0.3418491484184915,-0.8515815085158196,0.5,0.7506596306068601,-25.065963060686013,604,48356
1627852,Nicolas Brussino,2017-18,2017-18,1,1,ATL,1,24,9.9,1147.1,3,13,2,6,281,786,325,869,16,8,1067,1194,0.6666666666666666,0.47191508182220254,19.47515848444641,0.3333333333333333,0.24434782608695652,8.89855072463768,0.8666666666666667,0.7074707470747075,15.919591959195923,594,68826
1627791,Ben Bentil,2016-17,2016-17,1,1,DAL,1,5,9.866666666666667,230.13333333333333,1,6,4,7,43,165,54,163,7,11,208,217,0.3888888888888889,0.4894117647058824,-10.052287581699348,0.125,0.2087378640776699,-8.373786407766989,0.6,0.7534246575342466,-15.342465753424662,592,13808
1744,Jerome James,2008-09,2008-09,1,1,NYK,1,52,9.833333333333334,2496.1666666666665,4,7,1,7,672,1743,688,1887,11,8,2415,2575,0.5789473684210527,0.48396793587174347,9.497943254930918,0.36363636363636365,0.26260257913247365,10.103378450389,0.875,0.7169888934594817,15.801110654051831,590,149770
1629783,Shaq Buchanan,2021-22,2021-22,1,1,MEM,1,5,9.816666666666666,230.18333333333334,5,4,2,6,95,185,57,157,9,8,280,214,0.5294117647058824,0.5668016194331984,-3.738985472731604,0.45454545454545453,0.376984126984127,7.7561327561327555,0.6666666666666666,0.7644628099173554,-9.779614325068875,589,13811
203183,Tony Mitchell,2013-14,2013-14,1,1,MIL,1,6,9.75,278.25,3,6,2,3,89,179,70,193,9,5,268,263,0.6428571428571429,0.504708097928437,13.814904492870594,0.5,0.31560283687943264,18.439716312056735,0.75,0.7188755020080321,3.1124497991967925,585,16695
1541,Alvin Williams,2006-07,2006-07,1,1,LAC,1,5,9.633333333333333,230.36666666666667,6,3,1,7,60,174,53,144,9,8,234,197,0.5294117647058824,0.54292343387471,-1.3511669168827622,0.46153846153846156,0.29411764705882354,16.742081447963802,0.75,0.7665198237885462,-1.6519823788546217,578,13822
101247,Keith Langford,2007-08,2007-08,1,1,SAS,1,6,9.6,283.4,4,12,2,10,78,190,66,205,16,12,268,271,0.5714285714285714,0.4972170686456401,7.421150278293132,0.2857142857142857,0.2756183745583039,1.0095911155981796,0.8571428571428571,0.7421875,11.49553571428571,576,17004
1630196,Filip Petrusev,2023-24,2023-24,1,2,"PHI,SAC",2,14,9.3,667.7,0,9,3,6,164,479,164,500,9,9,643,664,0.5,0.49196633511859217,0.8033664881407832,0.0,0.2469879518072289,-24.69879518072289,0.75,0.744945567651633,0.5054432348367,558,40062
1628500,Ben Moore,2017-18,2017-18,1,1,IND,1,41,9.283333333333333,1963.7166666666667,4,5,1,7,494,1412,497,1447,9,8,1906,1944,0.5294117647058824,0.49506493506493504,3.4346829640947316,0.36363636363636365,0.25450798557444615,10.91283780619175,0.8333333333333334,0.7396542692509167,9.367906408241666,557,117823
202728,Keith Benson,2011-12,2011-12,1,1,GSW,1,7,9.133333333333333,326.8666666666667,5,9,1,6,66,209,114,232,14,7,275,346,0.6666666666666666,0.4428341384863124,22.38325281803542,0.45454545454545453,0.2214765100671141,23.306894447834043,0.9,0.6470588235294118,25.294117647058822,548,19612
203091,Royce White,2013-14,2013-14,1,1,SAC,2,10,8.9,476.1,0,5,2,8,162,355,102,323,5,10,517,425,0.3333333333333333,0.5488322717622081,-21.549893842887474,0.0,0.334020618556701,-33.4020618556701,0.7142857142857143,0.7768052516411379,-6.25195373554236,534,28566
1629719,Devontae Cacok,2019-20,2019-20,1,1,LAL,1,46,8.866666666666667,2204.133333333333,5,7,2,7,602,1695,550,1652,12,9,2297,2202,0.5714285714285714,0.5105579017559457,6.087066967262567,0.4166666666666667,0.2670807453416149,14.958592132505178,0.7777777777777778,0.755011135857461,2.2766641920316744,532,132248
203006,Josh Akognon,2012-13,2012-13,1,1,DAL,1,8,8.7,380.3,1,4,3,6,96,275,135,264,5,9,371,399,0.35714285714285715,0.4818181818181818,-12.467532467532466,0.14285714285714285,0.26666666666666666,-12.380952380952381,0.5714285714285714,0.6707317073170732,-9.930313588850181,522,22818
1630649,Stanley Umude,2022-23,2025-26,2,2,"DET,SAS",2,34,8.683333333333334,1633.3166666666666,0,2,2,5,489,1307,467,1209,2,7,1796,1676,0.2222222222222222,0.5172811059907834,-29.505888376856117,0.0,0.2879858657243816,-28.79858657243816,0.5,0.7367531003382187,-23.675310033821873,521,97999
2062,A.J. Guyton,2002-03,2002-03,1,1,GSW,1,3,8.533333333333333,135.46666666666667,2,6,0,7,62,98,47,84,8,7,160,131,0.5333333333333333,0.5498281786941581,-1.6494845360824795,0.2222222222222222,0.4246575342465753,-20.24353120243531,1.0,0.6758620689655173,32.41379310344827,512,8128
1630640,MJ Walker,2021-22,2021-22,1,1,PHX,1,5,8.383333333333333,231.61666666666667,9,5,2,5,69,172,62,181,14,7,241,243,0.6666666666666666,0.49793388429752067,16.873278236914597,0.6428571428571429,0.276,36.68571428571429,0.7142857142857143,0.7350427350427351,-2.0757020757020794,503,13897
1630624,Feron Hunt,2021-22,2021-22,1,1,NYK,1,13,8.366666666666667,615.6333333333333,4,8,5,7,175,449,125,462,12,12,624,587,0.5,0.5152766308835673,-1.5276630883567344,0.36363636363636365,0.27472527472527475,8.891108891108889,0.6153846153846154,0.7822299651567944,-16.6845349772179,502,36938
1628769,Tahjere McCall,2018-19,2018-19,1,1,BKN,1,5,7.966666666666667,232.03333333333333,1,3,2,6,47,185,65,187,4,8,232,252,0.3333333333333333,0.4793388429752066,-14.600550964187331,0.14285714285714285,0.20085470085470086,-5.799755799755801,0.6,0.74,-14.000000000000002,478,13922
1626242,Luis Montero,2017-18,2017-18,1,1,DET,1,41,7.95,1960.05,1,9,0,8,519,1389,445,1470,10,8,1908,1915,0.5555555555555556,0.49908448862150145,5.647106693405412,0.1111111111111111,0.2609351432880845,-14.982403217697337,1.0,0.757360959651036,24.2639040348964,477,117603
1631320,Chima Moneke,2022-23,2022-23,1,1,SAC,1,37,7.916666666666667,1773.0833333333333,2,5,1,6,411,1293,425,1294,7,7,1704,1719,0.5,0.49780893952673094,0.21910604732690575,0.25,0.24105571847507332,0.8944281524926684,0.8333333333333334,0.7526193247962747,8.071400853705867,475,106385
1763,Ryan Bowen,2009-10,2009-10,1,1,OKC,1,15,7.9,717.1,7,9,4,3,185,485,186,482,16,7,670,668,0.6956521739130435,0.5007473841554559,19.49047897575875,0.7,0.2773613193403298,42.26386806596702,0.6923076923076923,0.7228017883755589,-3.049409606786657,474,43026
1630257,Jon Teske,2021-22,2021-22,1,1,MEM,1,6,7.733333333333333,280.26666666666665,3,7,0,8,106,239,82,198,10,8,345,280,0.5555555555555556,0.552,0.3555555555555534,0.2727272727272727,0.34868421052631576,-7.595693779904305,1.0,0.7445482866043613,25.545171339563865,464,16816
1628571,Erik McCree,2017-18,2017-18,1,1,UTA,1,49,7.5,2349.5,2,3,1,4,565,1849,519,1672,5,5,2414,2191,0.5,0.5242128121606949,-2.421281216069493,0.3333333333333333,0.25257040679481446,8.076292653851885,0.75,0.7808277027027027,-3.082770270270274,450,140970
1629232,Kaiser Gates,2023-24,2023-24,1,1,NOP,1,5,7.433333333333334,232.56666666666666,2,6,5,9,63,176,79,192,8,14,239,271,0.36363636363636365,0.46862745098039216,-10.499108734402851,0.18181818181818182,0.24705882352941178,-6.524064171122995,0.5454545454545454,0.6901960784313725,-14.474153297682712,446,13954
1626205,Vincent Hunter,2017-18,2017-18,1,1,MEM,1,41,7.4,1965.6,7,5,1,4,452,1364,491,1426,12,5,1816,1917,0.7058823529411765,0.48647200642914545,21.941034651203108,0.6363636363636364,0.24068157614483493,39.568206021880144,0.8333333333333334,0.7353099730458221,9.802336028751125,444,117936
1628238,Paris Bass,2021-22,2021-22,1,1,PHX,2,9,7.383333333333334,424.6166666666667,7,5,4,3,117,328,109,319,12,7,445,428,0.631578947368421,0.5097365406643757,12.184240670404535,0.7,0.268348623853211,43.1651376146789,0.5555555555555556,0.7505720823798627,-19.501652682430716,443,25477
204033,David Wear,2014-15,2014-15,1,1,SAC,1,5,6.966666666666667,233.03333333333333,8,3,0,3,76,160,74,170,11,3,236,244,0.7857142857142857,0.49166666666666664,29.404761904761905,0.7272727272727273,0.3089430894308943,41.8329637841833,1.0,0.6837606837606838,31.62393162393162,418,13982
2402,Dajuan Wagner,2006-07,2006-07,1,1,GSW,1,11,6.783333333333333,521.2166666666667,0,4,4,3,134,345,182,352,4,7,479,534,0.36363636363636365,0.472852912142152,-10.921654850578838,0.0,0.2757201646090535,-27.572016460905353,0.5,0.6546489563567363,-15.464895635673626,407,31273
1629873,Jaysean Paige,2021-22,2021-22,1,1,DET,1,5,6.616666666666666,238.38333333333333,2,6,4,10,68,183,70,199,8,14,251,269,0.36363636363636365,0.4826923076923077,-11.905594405594405,0.16666666666666666,0.2546816479400749,-8.801498127340826,0.6,0.7233201581027668,-12.332015810276687,397,14303
203687,Reggie Hearn,2017-18,2017-18,1,1,DET,1,41,6.616666666666666,1986.3833333333334,5,7,4,5,497,1514,484,1546,12,9,2011,2030,0.5714285714285714,0.49764909675822816,7.377947467034324,0.5,0.24326970141948115,25.673029858051887,0.6363636363636364,0.7577577577577578,-12.139412139412142,397,119183
1629126,Deonte Burton,2022-23,2022-23,1,1,SAC,1,6,6.483333333333333,286.51666666666665,1,3,1,4,60,187,71,215,4,5,247,286,0.4444444444444444,0.4634146341463415,-1.8970189701897067,0.2,0.21818181818181817,-1.8181818181818161,0.75,0.7248062015503876,2.519379844961245,389,17191
1626266,JJ O'Brien,2015-16,2015-16,1,1,UTA,1,5,6.266666666666667,248.73333333333332,0,3,2,4,70,175,59,158,3,6,245,217,0.3333333333333333,0.5303030303030303,-19.696969696969695,0.0,0.30701754385964913,-30.701754385964914,0.6,0.7478632478632479,-14.786324786324789,376,14924
203648,Thanasis Antetokounmpo,2015-16,2015-16,1,1,NYK,1,6,6.25,281.75,1,6,3,4,78,214,54,224,7,7,292,278,0.5,0.512280701754386,-1.2280701754386003,0.2,0.2582781456953642,-5.827814569536422,0.6666666666666666,0.7985074626865671,-13.184079601990051,375,16905
1628387,Ike Anigbogu,2018-19,2018-19,1,1,IND,1,55,6.15,2638.85,1,4,4,6,673,1978,675,1913,5,10,2651,2588,0.3333333333333333,0.5060125978240122,-17.26792644906789,0.14285714285714285,0.26024748646558393,-11.739034360844109,0.5,0.7455710516396532,-24.55710516396532,369,158331
1626643,Jacob Pullen,2017-18,2017-18,1,1,PHI,1,37,6.083333333333333,1789.9166666666667,1,6,3,6,499,1431,487,1297,7,9,1930,1784,0.4375,0.5196553581044696,-8.215535810446962,0.14285714285714285,0.27783964365256125,-13.49825007954184,0.6666666666666666,0.7460896767466111,-7.942301007994446,365,107395
753,Randy Brown,2001-02,2001-02,1,1,BOS,1,54,5.85,2616.15,4,4,4,6,711,1853,745,1993,8,10,2564,2738,0.4444444444444444,0.4835910976989815,-3.9146653254537087,0.4,0.2629437869822485,13.70562130177515,0.5,0.7132409545804465,-21.324095458044646,351,156969
1626262,Coty Clarke,2015-16,2015-16,1,1,BOS,1,9,5.8,426.2,2,4,0,3,130,320,145,317,6,3,450,462,0.6666666666666666,0.4934210526315789,17.32456140350877,0.4,0.29082774049217003,10.917225950783,1.0,0.6881720430107527,31.182795698924725,348,25572
1628979,Trevon Duval,2018-19,2018-19,1,1,MIL,1,74,5.583333333333333,3561.4166666666665,0,4,1,3,851,3092,925,2776,4,4,3943,3701,0.5,0.5158294086865516,-1.5829408686551583,0.0,0.23462917011304107,-23.462917011304107,0.8,0.7697286532237989,3.0271346776201136,335,213685
1641815,Isaiah Stevens,2024-25,2024-25,1,1,MIA,1,55,5.55,2669.45,1,7,2,6,623,1966,681,1949,8,8,2589,2630,0.5,0.4960720444529603,0.39279555470396743,0.14285714285714285,0.2422239502332815,-9.936680737613864,0.7777777777777778,0.7427276161692482,3.5050161608529584,333,160167
1642280,Trentyn Flowers,2025-26,2025-26,1,1,CHI,1,36,5.55,1732.45,5,3,0,5,462,1347,511,1313,8,5,1809,1824,0.6153846153846154,0.49793559042113955,11.744902496347587,0.5,0.26028169014084507,23.971830985915492,1.0,0.72497308934338,27.502691065662,333,103947
202379,Jeremy Evans,2017-18,2017-18,1,1,ATL,1,5,5.35,234.65,2,4,2,5,50,199,58,183,6,7,249,241,0.46153846153846156,0.5081632653061224,-4.662480376766087,0.2857142857142857,0.2145922746781116,7.11220110361741,0.6666666666666666,0.77431906614786,-10.765239948119332,321,14079
1629597,Zylan Cheatham,2021-22,2021-22,1,1,UTA,1,5,5.183333333333334,234.81666666666666,1,4,0,7,49,190,55,182,5,7,239,237,0.4166666666666667,0.5021008403361344,-8.543417366946777,0.125,0.21212121212121213,-8.712121212121213,1.0,0.7755102040816326,22.44897959183674,311,14089
201821,Trey Gilder,2009-10,2009-10,1,1,MEM,1,5,5.116666666666666,239.88333333333333,0,6,0,4,88,160,62,141,6,4,248,203,0.6,0.549889135254989,5.011086474501103,0.0,0.38427947598253276,-38.427947598253276,1.0,0.7207207207207207,27.927927927927932,307,14393
101184,Deng Gai,2005-06,2005-06,1,1,PHI,1,19,4.75,917.25,0,1,2,3,242,590,299,634,1,5,832,933,0.16666666666666666,0.47138810198300285,-30.472143531633623,0.0,0.2762557077625571,-27.62557077625571,0.3333333333333333,0.6636670416197975,-33.03337082864642,285,55035
2866,Jackie Butler,2004-05,2004-05,1,1,NYK,1,26,4.383333333333334,1263.6166666666666,0,2,3,1,351,821,350,824,2,4,1172,1174,0.3333333333333333,0.49957374254049447,-16.624040920716116,0.0,0.2987234042553191,-29.872340425531913,0.4,0.7011101622544833,-30.111016225448328,263,75817
203203,Chris Wright,2012-13,2012-13,1,1,DAL,1,6,4.366666666666666,283.6333333333333,2,3,0,5,56,191,70,192,5,5,247,262,0.5,0.48526522593320237,1.473477406679763,0.2857142857142857,0.22580645161290322,5.990783410138248,1.0,0.7318007662835249,26.819923371647512,262,17018
1631495,Donovan Williams,2022-23,2022-23,1,1,ATL,1,38,4.25,1829.75,3,5,0,2,555,1297,431,1260,8,2,1852,1691,0.8,0.5227208580299182,27.727914197008186,0.6,0.30578512396694213,29.421487603305785,1.0,0.7505787037037037,24.942129629629626,255,109785
1626296,Jordan Sibert,2018-19,2018-19,1,1,ATL,1,5,4.233333333333333,260.76666666666665,3,2,0,2,69,216,63,201,5,2,285,264,0.7142857142857143,0.5191256830601093,19.516003122560498,0.6,0.25555555555555554,34.44444444444444,1.0,0.7741935483870968,22.580645161290324,254,15646
1629155,Zach Lofton,2018-19,2018-19,1,1,DET,1,43,3.75,2090.25,0,2,0,3,619,1554,461,1633,2,3,2173,2094,0.4,0.5092570892898992,-10.92570892898992,0.0,0.27486678507992895,-27.486678507992895,1.0,0.7712158808933003,22.87841191066997,225,125415
1641806,Markquis Nowell,2023-24,2023-24,1,1,TOR,1,60,3.5166666666666666,2896.483333333333,2,3,0,2,806,2053,817,2133,5,2,2859,2950,0.7142857142857143,0.492167326562231,22.21183877234833,0.5,0.27424293977543385,22.575706022456615,1.0,0.7153310104529617,28.466898954703833,211,173789
101190,Matt Walsh,2005-06,2005-06,1,1,MIA,1,8,3.3833333333333333,380.6166666666667,0,2,0,4,107,278,109,225,2,4,385,334,0.3333333333333333,0.5354659248956884,-20.213259156235512,0.0,0.32228915662650603,-32.22891566265061,1.0,0.7183462532299741,28.165374677002585,203,22837
1631167,Izaiah Brockington,2023-24,2023-24,1,1,NOP,1,3,3.3833333333333333,140.61666666666667,5,3,3,3,28,126,37,97,8,6,154,134,0.5714285714285714,0.5347222222222222,3.6706349206349187,0.625,0.224,40.1,0.5,0.7730061349693251,-27.300613496932513,203,8437
1630266,Will Magnay,2020-21,2020-21,1,1,NOP,1,54,3.2666666666666666,2603.733333333333,2,1,0,2,762,1987,583,1838,3,2,2749,2421,0.6,0.5317214700193423,6.827852998065764,0.5,0.29307692307692307,20.692307692307693,1.0,0.7731517509727627,22.684824902723733,196,156224
2462,Guy Rucker,2002-03,2002-03,1,1,GSW,1,11,3.216666666666667,529.7833333333333,2,3,0,3,201,369,187,338,5,3,570,525,0.625,0.5205479452054794,10.445205479452058,0.4,0.37291280148423006,2.708719851576996,1.0,0.6636690647482014,33.63309352517986,193,31787
1630693,Jaime Echenique,2021-22,2021-22,1,1,WAS,1,5,3.066666666666667,236.93333333333334,1,1,1,4,50,190,55,179,2,5,240,234,0.2857142857142857,0.5063291139240507,-22.061482820976497,0.2,0.2183406113537118,-1.8340611353711789,0.5,0.7755102040816326,-27.55102040816326,184,14216
1630179,Tyrell Terry,2021-22,2021-22,1,1,MEM,1,49,3.05,2358.95,1,0,1,1,879,1834,655,1732,1,2,2713,2387,0.3333333333333333,0.5319607843137255,-19.86274509803922,0.5,0.3366526235158943,16.33473764841057,0.0,0.7368421052631579,-73.68421052631578,183,141537
1629602,Javin DeLaurier,2021-22,2021-22,1,1,MIL,1,5,2.8,237.2,0,1,3,1,57,200,50,167,1,4,257,217,0.2,0.5421940928270043,-34.219409282700425,0.0,0.2544642857142857,-25.44642857142857,0.25,0.8,-55.00000000000001,168,14232
2688,Brandin Knight,2004-05,2004-05,1,1,HOU,1,3,2.783333333333333,141.21666666666667,2,0,0,2,33,99,20,98,2,2,132,118,0.5,0.528,-2.8000000000000025,0.5,0.25190839694656486,24.809160305343514,,0.8319327731092437,,167,8473
54,Dickey Simpkins,2001-02,2001-02,1,1,ATL,1,3,2.7666666666666666,141.23333333333332,0,3,0,2,34,104,37,75,3,2,138,112,0.6,0.552,4.799999999999994,0.0,0.3119266055045872,-31.19266055045872,1.0,0.7375886524822695,26.241134751773053,166,8474
2582,Slavko Vranes,2003-04,2003-04,1,1,POR,1,6,2.75,295.25,3,1,2,1,98,184,90,182,4,3,282,272,0.5714285714285714,0.5090252707581228,6.240330067044864,0.75,0.35,40.0,0.3333333333333333,0.6715328467153284,-33.81995133819951,165,17715
203968,Jerrelle Benimon,2014-15,2014-15,1,1,UTA,1,5,2.716666666666667,237.28333333333333,1,4,1,0,68,184,65,148,5,1,252,213,0.8333333333333334,0.5419354838709678,29.139784946236556,1.0,0.3148148148148148,68.5185185185185,0.8,0.7389558232931727,6.1044176706827376,163,14237
204021,Sim Bhullar,2014-15,2014-15,1,1,SAC,1,5,2.683333333333333,237.31666666666666,0,1,2,2,58,168,81,167,1,4,226,248,0.2,0.4767932489451477,-27.679324894514767,0.0,0.2577777777777778,-25.77777777777778,0.3333333333333333,0.6746987951807228,-34.136546184738954,161,14239
1642468,Darius Brown,2025-26,2025-26,1,1,CLE,1,7,2.6666666666666665,338.3333333333333,1,1,0,2,97,225,108,226,2,2,322,334,0.5,0.49085365853658536,0.9146341463414642,0.3333333333333333,0.30030959752321984,3.3023735810113477,1.0,0.6756756756756757,32.432432432432435,160,20300
1630622,Jalen Crutcher,2023-24,2023-24,1,1,NOP,1,6,2.65,285.35,1,3,0,1,83,217,94,210,4,1,300,304,0.8,0.4966887417218543,30.331125827814574,0.5,0.2832764505119454,21.672354948805463,1.0,0.6977491961414791,30.22508038585209,159,17121
1630608,Malcolm Cazalon,2023-24,2023-24,1,1,DET,1,54,2.5833333333333335,2604.4166666666665,0,0,1,1,724,1872,644,1918,0,2,2596,2562,0.0,0.5032958511050795,-50.32958511050795,0.0,0.27403482210446634,-27.403482210446633,0.0,0.7440381558028617,-74.40381558028616,155,156265
935,Bryon Russell,2005-06,2005-06,1,1,DEN,1,55,2.566666666666667,2677.4333333333334,0,2,0,3,716,1803,795,1840,2,3,2519,2635,0.4,0.4887466045789678,-8.874660457896777,0.0,0.28012519561815336,-28.012519561815335,1.0,0.6939953810623557,30.60046189376443,154,160646
201631,Steven Hill,2008-09,2008-09,1,1,OKC,1,29,2.433333333333333,1389.5666666666666,4,2,0,1,389,938,369,985,6,1,1327,1354,0.8571428571428571,0.494964565460649,36.21782916822081,0.8,0.2831149927219796,51.688500727802044,1.0,0.7176740627390972,28.232593726090283,146,83374
1629055,Donte Grantham,2018-19,2018-19,1,1,OKC,1,49,2.4166666666666665,2384.5833333333335,0,1,2,2,739,1834,595,1950,1,4,2573,2545,0.2,0.5027354435326299,-30.273544353262988,0.0,0.2748233544068427,-27.48233544068427,0.3333333333333333,0.7550432276657061,-42.170989433237274,145,143075
1630207,Nate Hinton,2021-22,2021-22,1,1,IND,2,7,2.4166666666666665,333.5833333333333,2,1,0,0,79,209,85,247,3,0,288,332,1.0,0.4645161290322581,53.548387096774185,1.0,0.24233128834355827,75.76687116564418,1.0,0.7108843537414966,28.91156462585034,145,20015
1631376,Dmytro Skapintsev,2023-24,2023-24,1,1,NYK,1,6,2.1333333333333333,285.8666666666667,0,2,0,3,89,198,66,198,2,3,287,264,0.4,0.5208711433756806,-12.08711433756806,0.0,0.31010452961672474,-31.010452961672474,1.0,0.75,25.0,128,17152
202723,Malcolm Lee,2014-15,2014-15,1,1,PHI,1,3,2.0166666666666666,146.98333333333332,1,1,1,3,43,106,41,113,2,4,149,154,0.3333333333333333,0.49174917491749176,-15.841584158415845,0.25,0.27564102564102566,-2.564102564102566,0.5,0.7210884353741497,-22.10884353741497,121,8819
203147,Chris Smith,2013-14,2013-14,1,1,NYK,1,30,1.95,1453.05,0,0,0,1,378,903,364,1072,0,1,1281,1436,0.0,0.4714758925285241,-47.14758925285241,0.0,0.26068965517241377,-26.068965517241377,,0.712707182320442,,117,87183
1629788,Tyler Hall,2021-22,2021-22,1,1,NYK,1,4,1.9333333333333333,190.06666666666666,0,0,0,2,50,154,45,148,0,2,204,193,0.0,0.5138539042821159,-51.385390428211586,0.0,0.25252525252525254,-25.252525252525253,,0.7738693467336684,,116,11404
1627851,Mindaugas Kuzminskas,2017-18,2017-18,1,1,NYK,1,12,1.85,574.15,0,3,0,3,165,428,151,377,3,3,593,528,0.5,0.5289919714540589,-2.899197145405885,0.0,0.3044280442804428,-30.44280442804428,1.0,0.7392055267702936,26.07944732297064,111,34449
1630278,Ade Murkey,2021-22,2021-22,1,1,SAC,1,5,1.4666666666666666,238.53333333333333,0,1,0,2,56,172,63,188,1,2,228,251,0.3333333333333333,0.4759916492693111,-14.265831593597778,0.0,0.22950819672131148,-22.950819672131146,1.0,0.7319148936170212,26.80851063829788,88,14312
1629734,Kyle Alexander,2019-20,2019-20,1,1,MIA,1,33,1.3666666666666667,1597.6333333333334,1,1,0,1,338,1231,371,1204,2,1,1569,1575,0.6666666666666666,0.49904580152671757,16.762086513994905,0.5,0.2191958495460441,28.08041504539559,1.0,0.768414481897628,23.158551810237206,82,95858
203590,Trey McKinney-Jones,2017-18,2017-18,1,1,IND,1,4,1.2333333333333334,190.76666666666668,0,1,0,1,62,158,46,144,1,1,220,190,0.5,0.5365853658536586,-3.658536585365857,0.0,0.30097087378640774,-30.097087378640776,1.0,0.7745098039215687,22.549019607843135,74,11446
1630701,Michael Foster Jr.,2022-23,2022-23,1,1,PHI,1,18,1.0333333333333334,862.9666666666667,0,0,0,1,182,619,216,642,0,1,801,858,0.0,0.48282097649186256,-48.282097649186255,0.0,0.220873786407767,-22.0873786407767,,0.7413173652694611,,62,51778
1627753,Zhou Qi,2018-19,2018-19,1,1,HOU,1,29,0.95,1401.05,0,0,0,0,384,929,395,1021,0,0,1313,1416,,0.48112861854159034,,,0.2733096085409253,,,0.7016616314199395,,57,84063
1629093,Tyler Davis,2018-19,2018-19,1,1,OKC,1,33,0.9,1583.1,1,1,0,1,518,1236,408,1222,2,1,1754,1630,0.6666666666666666,0.5183215130023641,14.834515366430256,0.5,0.29770114942528736,20.229885057471265,1.0,0.7518248175182481,24.817518248175187,54,94986
1629958,Ahmad Caver,2021-22,2021-22,1,1,IND,1,5,0.8333333333333334,239.16666666666666,0,0,0,0,58,164,59,173,0,0,222,232,,0.4889867841409692,,,0.2510822510822511,,,0.7354260089686099,,50,14350
1627755,Tyler Ulis,2018-19,2018-19,1,1,CHI,1,34,0.8166666666666667,1636.1833333333334,0,1,0,1,340,1230,445,1320,1,1,1570,1765,0.5,0.4707646176911544,2.923538230884559,0.0,0.20481927710843373,-20.481927710843372,1.0,0.7343283582089553,26.567164179104473,49,98171
204066,John Holland,2018-19,2018-19,1,1,CLE,1,11,0.7333333333333333,527.2666666666667,0,0,0,1,159,361,130,390,0,1,520,520,0.0,0.5,-50.0,0.0,0.2896174863387978,-28.96174863387978,,0.7352342158859471,,44,31636
1629122,J.P. Macura,2019-20,2019-20,1,1,CLE,1,4,0.6166666666666667,191.38333333333333,0,1,0,0,61,142,48,134,1,0,203,182,1.0,0.5272727272727272,47.27272727272728,,0.3128205128205128,,1.0,0.7473684210526316,25.263157894736842,37,11483
1950,Andy Panko,2000-01,2000-01,1,1,ATL,1,4,0.55,191.45,0,1,1,0,53,131,67,117,1,1,184,184,0.5,0.5,0.0,,0.31176470588235294,,0.5,0.6616161616161617,-16.161616161616166,33,11487
1628513,Naz Mitrou-Long,2017-18,2017-18,1,1,UTA,2,18,0.5166666666666667,863.4833333333333,0,0,0,0,200,666,178,660,0,0,866,838,,0.5082159624413145,,,0.23255813953488372,,,0.7890995260663507,,31,51809
2637,Alex Scales,2005-06,2005-06,1,1,SAS,1,5,0.15,239.85,0,1,0,0,63,174,60,163,1,0,237,223,1.0,0.5152173913043478,48.47826086956522,,0.27876106194690264,,1.0,0.7435897435897436,25.64102564102564,9,14391
201191,JamesOn Curry,2009-10,2009-10,1,1,LAC,1,2,0.05,95.95,0,0,0,0,29,73,24,73,0,0,102,97,,0.5125628140703518,,,0.28431372549019607,,,0.7525773195876289,,3,5757
201621,Joe Crawford,2008-09,2008-09,1,1,NYK,1,6,0.0,288.0,0,0,0,0,67,195,83,202,0,0,262,285,,0.4789762340036563,,,0.24907063197026022,,,0.7014388489208633,,0,17280
