season,player_id,team_id,path,line,text
2004-05,2590,1610612749,team_trb_all_players/impact_database/roster_tenure/normalized_transactions.jsonl.gz,1461,"{""exact_date"": ""2003-09-16"", ""season"": ""2003-04"", ""event_type"": ""acquire"", ""player_id"": ""2590"", ""player_name"": ""Mo Williams"", ""source_player_ref"": null, ""source_team_id"": null, ""destination_team_id"": 1610612762, ""source_team_name"": null, ""destination_team_name"": ""Utah Jazz"", ""source_system"": ""RealGM league transaction history"", ""source_reference"": ""https://basketball.realgm.com/nba/transactions/league/2004"", ""identity_resolution"": ""realgm_name+core_team_context"", ""team_resolution"": ""realgm_historical_team_alias"", ""raw_text"": ""Mo Williams signed a contract with the Utah Jazz."", ""confidence"": ""high"", ""realgm_subtype"": ""signing""}"
2004-05,2590,1610612749,team_trb_all_players/impact_database/roster_tenure/normalized_transactions.jsonl.gz,1789,"{""exact_date"": ""2004-07-01"", ""season"": ""2004-05"", ""event_type"": ""depart"", ""player_id"": ""2590"", ""player_name"": ""Mo Williams"", ""source_player_ref"": null, ""source_team_id"": 1610612762, ""destination_team_id"": null, ""source_team_name"": ""Utah Jazz"", ""destination_team_name"": null, ""source_system"": ""RealGM league transaction history"", ""source_reference"": ""https://basketball.realgm.com/nba/transactions/league/2005"", ""identity_resolution"": ""realgm_name+core_team_context"", ""team_resolution"": ""realgm_historical_team_alias"", ""raw_text"": ""Mo Williams, previously with the Utah Jazz, became a free agent."", ""confidence"": ""high"", ""realgm_subtype"": ""free_agent""}"
2004-05,2590,1610612749,team_trb_all_players/impact_database/roster_tenure/normalized_transactions.jsonl.gz,1938,"{""exact_date"": ""2004-08-23"", ""season"": ""2004-05"", ""event_type"": ""acquire"", ""player_id"": ""2590"", ""player_name"": ""Mo Williams"", ""source_player_ref"": null, ""source_team_id"": null, ""destination_team_id"": 1610612749, ""source_team_name"": null, ""destination_team_name"": ""Milwaukee Bucks"", ""source_system"": ""RealGM league transaction history"", ""source_reference"": ""https://basketball.realgm.com/nba/transactions/league/2005"", ""identity_resolution"": ""realgm_name+core_team_context"", ""team_resolution"": ""realgm_historical_team_alias"", ""raw_text"": ""Mo Williams signed a multi-year contract with the Milwaukee Bucks."", ""confidence"": ""high"", ""realgm_subtype"": ""signing""}"
2004-05,2590,1610612749,team_trb_all_players/impact_database/roster_tenure/normalized_transactions.jsonl.gz,3249,"{""exact_date"": ""2007-07-01"", ""season"": ""2007-08"", ""event_type"": ""depart"", ""player_id"": ""2590"", ""player_name"": ""Mo Williams"", ""source_player_ref"": null, ""source_team_id"": 1610612749, ""destination_team_id"": null, ""source_team_name"": ""Milwaukee Bucks"", ""destination_team_name"": null, ""source_system"": ""RealGM league transaction history"", ""source_reference"": ""https://basketball.realgm.com/nba/transactions/league/2008"", ""identity_resolution"": ""realgm_name+core_team_context"", ""team_resolution"": ""realgm_historical_team_alias"", ""raw_text"": ""Mo Williams, previously with the Milwaukee Bucks, became a free agent."", ""confidence"": ""high"", ""realgm_subtype"": ""free_agent""}"
2004-05,2590,1610612749,team_trb_all_players/impact_database/roster_tenure/normalized_transactions.jsonl.gz,3348,"{""exact_date"": ""2007-07-24"", ""season"": ""2007-08"", ""event_type"": ""acquire"", ""player_id"": ""2590"", ""player_name"": ""Mo Williams"", ""source_player_ref"": null, ""source_team_id"": null, ""destination_team_id"": 1610612749, ""source_team_name"": null, ""destination_team_name"": ""Milwaukee Bucks"", ""source_system"": ""RealGM league transaction history"", ""source_reference"": ""https://basketball.realgm.com/nba/transactions/league/2008"", ""identity_resolution"": ""realgm_name+core_team_context"", ""team_resolution"": ""realgm_historical_team_alias"", ""raw_text"": ""Mo Williams signed a multi-year contract with the Milwaukee Bucks."", ""confidence"": ""high"", ""realgm_subtype"": ""signing""}"
2004-05,2590,1610612749,team_trb_all_players/impact_database/roster_tenure/normalized_transactions.jsonl.gz,5107,"{""exact_date"": ""2015-07-10"", ""season"": ""2015-16"", ""event_type"": ""acquire"", ""player_id"": ""2590"", ""player_name"": ""Mo Williams"", ""source_player_ref"": ""mo-williams"", ""source_team_id"": null, ""destination_team_id"": 1610612739, ""source_team_name"": null, ""destination_team_name"": null, ""source_system"": ""Official NBA Player Movement feed"", ""source_reference"": ""https://stats.nba.com/js/data/playermovement/NBA_Player_Movement.json#row-9643"", ""identity_resolution"": ""official_nba_player_id"", ""team_resolution"": ""official_team_id"", ""raw_text"": ""Cleveland Cavaliers signed guard Mo Williams to a Contract."", ""confidence"": ""high""}"
2004-05,2590,1610612749,team_trb_all_players/impact_database/roster_tenure/normalized_transactions.jsonl.gz,6264,"{""exact_date"": ""2017-01-07"", ""season"": ""2016-17"", ""event_type"": ""trade"", ""player_id"": ""2590"", ""player_name"": ""Mo Williams"", ""source_player_ref"": ""mo-williams"", ""source_team_id"": 1610612739, ""destination_team_id"": 1610612737, ""source_team_name"": null, ""destination_team_name"": null, ""source_system"": ""Official NBA Player Movement feed"", ""source_reference"": ""https://stats.nba.com/js/data/playermovement/NBA_Player_Movement.json#row-8503"", ""identity_resolution"": ""official_nba_player_id"", ""team_resolution"": ""official_team_id"", ""raw_text"": ""Atlanta Hawks received guard Mo Williams from Cleveland Cavaliers."", ""confidence"": ""high""}"
2004-05,2590,1610612749,team_trb_all_players/impact_database/roster_tenure/normalized_transactions.jsonl.gz,6274,"{""exact_date"": ""2017-01-18"", ""season"": ""2016-17"", ""event_type"": ""depart"", ""player_id"": ""2590"", ""player_name"": ""Mo Williams"", ""source_player_ref"": ""mo-williams"", ""source_team_id"": 1610612743, ""destination_team_id"": null, ""source_team_name"": null, ""destination_team_name"": null, ""source_system"": ""Official NBA Player Movement feed"", ""source_reference"": ""https://stats.nba.com/js/data/playermovement/NBA_Player_Movement.json#row-8496"", ""identity_resolution"": ""official_nba_player_id"", ""team_resolution"": ""official_team_id"", ""raw_text"": ""Denver Nuggets waived guard Mo Williams."", ""confidence"": ""high""}"
2004-05,2590,1610612749,team_trb_all_players/impact_database/roster_tenure/normalized_transactions.jsonl.gz,6275,"{""exact_date"": ""2017-01-18"", ""season"": ""2016-17"", ""event_type"": ""trade"", ""player_id"": ""2590"", ""player_name"": ""Mo Williams"", ""source_player_ref"": ""mo-williams"", ""source_team_id"": 1610612737, ""destination_team_id"": 1610612743, ""source_team_name"": null, ""destination_team_name"": null, ""source_system"": ""Official NBA Player Movement feed"", ""source_reference"": ""https://stats.nba.com/js/data/playermovement/NBA_Player_Movement.json#row-8495"", ""identity_resolution"": ""official_nba_player_id"", ""team_resolution"": ""official_team_id"", ""raw_text"": ""Denver Nuggets received guard Mo Williams from Atlanta Hawks."", ""confidence"": ""high""}"
2004-05,2590,1610612749,team_trb_all_players/impact_database/roster_tenure/normalized_transactions.jsonl.gz,6280,"{""exact_date"": ""2017-01-20"", ""season"": ""2016-17"", ""event_type"": ""claim"", ""player_id"": ""2590"", ""player_name"": ""Mo Williams"", ""source_player_ref"": ""mo-williams"", ""source_team_id"": null, ""destination_team_id"": 1610612755, ""source_team_name"": null, ""destination_team_name"": null, ""source_system"": ""Official NBA Player Movement feed"", ""source_reference"": ""https://stats.nba.com/js/data/playermovement/NBA_Player_Movement.json#row-8491"", ""identity_resolution"": ""official_nba_player_id"", ""team_resolution"": ""official_team_id"", ""raw_text"": ""Philadelphia 76ers claimed guard Mo Williams off waivers."", ""confidence"": ""high""}"
2004-05,2590,1610612749,team_trb_all_players/impact_database/roster_tenure/normalized_transactions.jsonl.gz,6281,"{""exact_date"": ""2017-01-21"", ""season"": ""2016-17"", ""event_type"": ""depart"", ""player_id"": ""2590"", ""player_name"": ""Mo Williams"", ""source_player_ref"": ""mo-williams"", ""source_team_id"": 1610612755, ""destination_team_id"": null, ""source_team_name"": null, ""destination_team_name"": null, ""source_system"": ""Official NBA Player Movement feed"", ""source_reference"": ""https://stats.nba.com/js/data/playermovement/NBA_Player_Movement.json#row-8490"", ""identity_resolution"": ""official_nba_player_id"", ""team_resolution"": ""official_team_id"", ""raw_text"": ""Philadelphia 76ers waived guard Mo Williams."", ""confidence"": ""high""}"
2004-05,2590,1610612749,team_trb_all_players/impact_database/roster_tenure/normalized_transactions.jsonl.gz,6284,"{""exact_date"": ""2017-01-23"", ""season"": ""2016-17"", ""event_type"": ""claim"", ""player_id"": ""2590"", ""player_name"": ""Mo Williams"", ""source_player_ref"": ""mo-williams"", ""source_team_id"": null, ""destination_team_id"": 1610612743, ""source_team_name"": null, ""destination_team_name"": null, ""source_system"": ""Official NBA Player Movement feed"", ""source_reference"": ""https://stats.nba.com/js/data/playermovement/NBA_Player_Movement.json#row-8487"", ""identity_resolution"": ""official_nba_player_id"", ""team_resolution"": ""official_team_id"", ""raw_text"": ""Denver Nuggets claimed guard Mo Williams off waivers."", ""confidence"": ""high""}"
2004-05,2590,1610612749,team_trb_all_players/impact_database/roster_tenure/normalized_transactions.jsonl.gz,6286,"{""exact_date"": ""2017-01-24"", ""season"": ""2016-17"", ""event_type"": ""depart"", ""player_id"": ""2590"", ""player_name"": ""Mo Williams"", ""source_player_ref"": ""mo-williams"", ""source_team_id"": 1610612743, ""destination_team_id"": null, ""source_team_name"": null, ""destination_team_name"": null, ""source_system"": ""Official NBA Player Movement feed"", ""source_reference"": ""https://stats.nba.com/js/data/playermovement/NBA_Player_Movement.json#row-8486"", ""identity_resolution"": ""official_nba_player_id"", ""team_resolution"": ""official_team_id"", ""raw_text"": ""Denver Nuggets waived guard Mo Williams."", ""confidence"": ""high""}"
2004-05,2590,1610612749,team_trb_all_players/impact_database/roster_tenure/normalized_transactions.jsonl.gz,15512,"{""exact_date"": ""August 13, 2008"", ""season"": ""2008-09"", ""event_type"": ""trade"", ""player_id"": ""1559"", ""player_name"": ""Adrian Griffin"", ""source_player_ref"": ""/players/g/griffad01.html"", ""source_team_id"": 1610612760, ""destination_team_id"": 1610612749, ""source_team_name"": ""Oklahoma City Thunder"", ""destination_team_name"": ""Milwaukee Bucks"", ""source_system"": ""Basketball-Reference via Internet Archive"", ""source_reference"": ""https://web.archive.org/web/20220519122233id_/https://www.basketball-reference.com/leagues/NBA_2009_transactions.html#row-62"", ""identity_resolution"": ""unique_core_name"", ""team_resolution"": ""source=unique_alias;destination=unique_alias"", ""raw_text"": ""In a 3-team trade, the Cleveland Cavaliers traded Damon Jones to the Milwaukee Bucks ; the Cleveland Cavaliers traded Joe Smith to the Oklahoma City Thunder ; the Milwaukee Bucks traded Mo Williams to the Cleveland Cavaliers ; the Milwaukee Bucks traded Desmond Mason to the Oklahoma City Thunder ; and  the Oklahoma City Thunder traded Adrian Griffin and Luke Ridnour to the Milwaukee Bucks ."", ""confidence"": ""high""}"
2004-05,2590,1610612749,team_trb_all_players/impact_database/roster_tenure/normalized_transactions.jsonl.gz,15513,"{""exact_date"": ""August 13, 2008"", ""season"": ""2008-09"", ""event_type"": ""trade"", ""player_id"": ""1800"", ""player_name"": ""Damon Jones"", ""source_player_ref"": ""/players/j/jonesda01.html"", ""source_team_id"": 1610612739, ""destination_team_id"": 1610612749, ""source_team_name"": ""Cleveland Cavaliers"", ""destination_team_name"": ""Milwaukee Bucks"", ""source_system"": ""Basketball-Reference via Internet Archive"", ""source_reference"": ""https://web.archive.org/web/20220519122233id_/https://www.basketball-reference.com/leagues/NBA_2009_transactions.html#row-62"", ""identity_resolution"": ""unique_core_name"", ""team_resolution"": ""source=unique_alias;destination=unique_alias"", ""raw_text"": ""In a 3-team trade, the Cleveland Cavaliers traded Damon Jones to the Milwaukee Bucks ; the Cleveland Cavaliers traded Joe Smith to the Oklahoma City Thunder ; the Milwaukee Bucks traded Mo Williams to the Cleveland Cavaliers ; the Milwaukee Bucks traded Desmond Mason to the Oklahoma City Thunder ; and  the Oklahoma City Thunder traded Adrian Griffin and Luke Ridnour to the Milwaukee Bucks ."", ""confidence"": ""high""}"
2004-05,2590,1610612749,team_trb_all_players/impact_database/roster_tenure/normalized_transactions.jsonl.gz,15514,"{""exact_date"": ""August 13, 2008"", ""season"": ""2008-09"", ""event_type"": ""trade"", ""player_id"": ""2046"", ""player_name"": ""Desmond Mason"", ""source_player_ref"": ""/players/m/masonde01.html"", ""source_team_id"": 1610612749, ""destination_team_id"": 1610612760, ""source_team_name"": ""Milwaukee Bucks"", ""destination_team_name"": ""Oklahoma City Thunder"", ""source_system"": ""Basketball-Reference via Internet Archive"", ""source_reference"": ""https://web.archive.org/web/20220519122233id_/https://www.basketball-reference.com/leagues/NBA_2009_transactions.html#row-62"", ""identity_resolution"": ""unique_core_name"", ""team_resolution"": ""source=unique_alias;destination=unique_alias"", ""raw_text"": ""In a 3-team trade, the Cleveland Cavaliers traded Damon Jones to the Milwaukee Bucks ; the Cleveland Cavaliers traded Joe Smith to the Oklahoma City Thunder ; the Milwaukee Bucks traded Mo Williams to the Cleveland Cavaliers ; the Milwaukee Bucks traded Desmond Mason to the Oklahoma City Thunder ; and  the Oklahoma City Thunder traded Adrian Griffin and Luke Ridnour to the Milwaukee Bucks ."", ""confidence"": ""high""}"
2004-05,2590,1610612749,team_trb_all_players/impact_database/roster_tenure/normalized_transactions.jsonl.gz,15516,"{""exact_date"": ""August 13, 2008"", ""season"": ""2008-09"", ""event_type"": ""trade"", ""player_id"": ""2557"", ""player_name"": ""Luke Ridnour"", ""source_player_ref"": ""/players/r/ridnolu01.html"", ""source_team_id"": 1610612760, ""destination_team_id"": 1610612749, ""source_team_name"": ""Oklahoma City Thunder"", ""destination_team_name"": ""Milwaukee Bucks"", ""source_system"": ""Basketball-Reference via Internet Archive"", ""source_reference"": ""https://web.archive.org/web/20220519122233id_/https://www.basketball-reference.com/leagues/NBA_2009_transactions.html#row-62"", ""identity_resolution"": ""unique_core_name"", ""team_resolution"": ""source=unique_alias;destination=unique_alias"", ""raw_text"": ""In a 3-team trade, the Cleveland Cavaliers traded Damon Jones to the Milwaukee Bucks ; the Cleveland Cavaliers traded Joe Smith to the Oklahoma City Thunder ; the Milwaukee Bucks traded Mo Williams to the Cleveland Cavaliers ; the Milwaukee Bucks traded Desmond Mason to the Oklahoma City Thunder ; and  the Oklahoma City Thunder traded Adrian Griffin and Luke Ridnour to the Milwaukee Bucks ."", ""confidence"": ""high""}"
2004-05,2590,1610612749,team_trb_all_players/impact_database/roster_tenure/normalized_transactions.jsonl.gz,15517,"{""exact_date"": ""August 13, 2008"", ""season"": ""2008-09"", ""event_type"": ""trade"", ""player_id"": ""2590"", ""player_name"": ""Mo Williams"", ""source_player_ref"": ""/players/w/willima01.html"", ""source_team_id"": 1610612749, ""destination_team_id"": 1610612739, ""source_team_name"": ""Milwaukee Bucks"", ""destination_team_name"": ""Cleveland Cavaliers"", ""source_system"": ""Basketball-Reference via Internet Archive"", ""source_reference"": ""https://web.archive.org/web/20220519122233id_/https://www.basketball-reference.com/leagues/NBA_2009_transactions.html#row-62"", ""identity_resolution"": ""unique_core_name"", ""team_resolution"": ""source=unique_alias;destination=unique_alias"", ""raw_text"": ""In a 3-team trade, the Cleveland Cavaliers traded Damon Jones to the Milwaukee Bucks ; the Cleveland Cavaliers traded Joe Smith to the Oklahoma City Thunder ; the Milwaukee Bucks traded Mo Williams to the Cleveland Cavaliers ; the Milwaukee Bucks traded Desmond Mason to the Oklahoma City Thunder ; and  the Oklahoma City Thunder traded Adrian Griffin and Luke Ridnour to the Milwaukee Bucks ."", ""confidence"": ""high""}"
2004-05,2590,1610612749,team_trb_all_players/impact_database/roster_tenure/normalized_transactions.jsonl.gz,15518,"{""exact_date"": ""August 13, 2008"", ""season"": ""2008-09"", ""event_type"": ""trade"", ""player_id"": ""693"", ""player_name"": ""Joe Smith"", ""source_player_ref"": ""/players/s/smithjo02.html"", ""source_team_id"": 1610612739, ""destination_team_id"": 1610612760, ""source_team_name"": ""Cleveland Cavaliers"", ""destination_team_name"": ""Oklahoma City Thunder"", ""source_system"": ""Basketball-Reference via Internet Archive"", ""source_reference"": ""https://web.archive.org/web/20220519122233id_/https://www.basketball-reference.com/leagues/NBA_2009_transactions.html#row-62"", ""identity_resolution"": ""unique_core_name"", ""team_resolution"": ""source=unique_alias;destination=unique_alias"", ""raw_text"": ""In a 3-team trade, the Cleveland Cavaliers traded Damon Jones to the Milwaukee Bucks ; the Cleveland Cavaliers traded Joe Smith to the Oklahoma City Thunder ; the Milwaukee Bucks traded Mo Williams to the Cleveland Cavaliers ; the Milwaukee Bucks traded Desmond Mason to the Oklahoma City Thunder ; and  the Oklahoma City Thunder traded Adrian Griffin and Luke Ridnour to the Milwaukee Bucks ."", ""confidence"": ""high""}"
2004-05,2590,1610612749,team_trb_all_players/impact_database/roster_tenure/normalized_transactions.jsonl.gz,15697,"{""exact_date"": ""August 21, 2004"", ""season"": ""2004-05"", ""event_type"": ""acquire"", ""player_id"": ""2590"", ""player_name"": ""Mo Williams"", ""source_player_ref"": ""/players/w/willima01.html"", ""source_team_id"": null, ""destination_team_id"": 1610612749, ""source_team_name"": null, ""destination_team_name"": ""Milwaukee Bucks"", ""source_system"": ""Basketball-Reference via Internet Archive"", ""source_reference"": ""https://web.archive.org/web/20221209192502id_/https://www.basketball-reference.com/leagues/NBA_2005_transactions.html#row-68"", ""identity_resolution"": ""unique_core_name"", ""team_resolution"": ""source=not_applicable;destination=unique_alias"", ""raw_text"": ""The Milwaukee Bucks signed Mo Williams as a free agent."", ""confidence"": ""high""}"
2004-05,2590,1610612749,team_trb_all_players/impact_database/roster_tenure/normalized_transactions.jsonl.gz,15982,"{""exact_date"": ""August 8, 2013"", ""season"": ""2013-14"", ""event_type"": ""acquire"", ""player_id"": ""2590"", ""player_name"": ""Mo Williams"", ""source_player_ref"": ""/players/w/willima01.html"", ""source_team_id"": null, ""destination_team_id"": 1610612757, ""source_team_name"": null, ""destination_team_name"": ""Portland Trail Blazers"", ""source_system"": ""Basketball-Reference via Internet Archive"", ""source_reference"": ""https://web.archive.org/web/20221209194421id_/https://www.basketball-reference.com/leagues/NBA_2014_transactions.html#row-161"", ""identity_resolution"": ""unique_core_name"", ""team_resolution"": ""source=not_applicable;destination=unique_alias"", ""raw_text"": ""The Portland Trail Blazers signed Mo Williams as a free agent."", ""confidence"": ""high""}"
2004-05,2590,1610612749,team_trb_all_players/impact_database/roster_tenure/normalized_transactions.jsonl.gz,16495,"{""exact_date"": ""February 10, 2015"", ""season"": ""2014-15"", ""event_type"": ""trade"", ""player_id"": ""202390"", ""player_name"": ""Gary Neal"", ""source_player_ref"": ""/players/n/nealga01.html"", ""source_team_id"": 1610612766, ""destination_team_id"": 1610612750, ""source_team_name"": ""Charlotte Hornets"", ""destination_team_name"": ""Minnesota Timberwolves"", ""source_system"": ""Basketball-Reference via Internet Archive"", ""source_reference"": ""https://web.archive.org/web/20221207203038id_/https://www.basketball-reference.com/leagues/NBA_2015_transactions.html#row-891"", ""identity_resolution"": ""unique_core_name"", ""team_resolution"": ""source=ambiguous_team_alias;destination=unique_alias;repair_applied"", ""raw_text"": ""The Charlotte Hornets traded Gary Neal and a 2019 2nd round draft pick ( Jaylen Nowell was later selected) to the Minnesota Timberwolves for Troy Daniels , Mo Williams and cash considerations. (2019 2nd-rd pick is from Miami)"", ""confidence"": ""high""}"
2004-05,2590,1610612749,team_trb_all_players/impact_database/roster_tenure/normalized_transactions.jsonl.gz,16496,"{""exact_date"": ""February 10, 2015"", ""season"": ""2014-15"", ""event_type"": ""trade"", ""player_id"": ""203584"", ""player_name"": ""Troy Daniels"", ""source_player_ref"": ""/players/d/danietr01.html"", ""source_team_id"": 1610612750, ""destination_team_id"": 1610612766, ""source_team_name"": ""Minnesota Timberwolves"", ""destination_team_name"": ""Charlotte Hornets"", ""source_system"": ""Basketball-Reference via Internet Archive"", ""source_reference"": ""https://web.archive.org/web/20221207203038id_/https://www.basketball-reference.com/leagues/NBA_2015_transactions.html#row-891"", ""identity_resolution"": ""unique_core_name"", ""team_resolution"": ""source=unique_alias;destination=ambiguous_team_alias;repair_applied"", ""raw_text"": ""The Charlotte Hornets traded Gary Neal and a 2019 2nd round draft pick ( Jaylen Nowell was later selected) to the Minnesota Timberwolves for Troy Daniels , Mo Williams and cash considerations. (2019 2nd-rd pick is from Miami)"", ""confidence"": ""high""}"
2004-05,2590,1610612749,team_trb_all_players/impact_database/roster_tenure/normalized_transactions.jsonl.gz,16498,"{""exact_date"": ""February 10, 2015"", ""season"": ""2014-15"", ""event_type"": ""trade"", ""player_id"": ""2590"", ""player_name"": ""Mo Williams"", ""source_player_ref"": ""/players/w/willima01.html"", ""source_team_id"": 1610612750, ""destination_team_id"": 1610612766, ""source_team_name"": ""Minnesota Timberwolves"", ""destination_team_name"": ""Charlotte Hornets"", ""source_system"": ""Basketball-Reference via Internet Archive"", ""source_reference"": ""https://web.archive.org/web/20221207203038id_/https://www.basketball-reference.com/leagues/NBA_2015_transactions.html#row-891"", ""identity_resolution"": ""unique_core_name"", ""team_resolution"": ""source=unique_alias;destination=ambiguous_team_alias;repair_applied"", ""raw_text"": ""The Charlotte Hornets traded Gary Neal and a 2019 2nd round draft pick ( Jaylen Nowell was later selected) to the Minnesota Timberwolves for Troy Daniels , Mo Williams and cash considerations. (2019 2nd-rd pick is from Miami)"", ""confidence"": ""high""}"
2004-05,2590,1610612749,team_trb_all_players/impact_database/roster_tenure/normalized_transactions.jsonl.gz,17015,"{""exact_date"": ""February 24, 2011"", ""season"": ""2010-11"", ""event_type"": ""trade"", ""player_id"": ""1884"", ""player_name"": ""Baron Davis"", ""source_player_ref"": ""/players/d/davisba01.html"", ""source_team_id"": 1610612746, ""destination_team_id"": 1610612739, ""source_team_name"": ""Los Angeles Clippers"", ""destination_team_name"": ""Cleveland Cavaliers"", ""source_system"": ""Basketball-Reference via Internet Archive"", ""source_reference"": ""https://web.archive.org/web/20220529055708id_/https://www.basketball-reference.com/leagues/NBA_2011_transactions.html#row-321"", ""identity_resolution"": ""unique_core_name"", ""team_resolution"": ""source=unique_alias;destination=unique_alias"", ""raw_text"": ""The Cleveland Cavaliers traded Jamario Moon and Mo Williams to the Los Angeles Clippers for Baron Davis and a 2011 1st round draft pick ( Kyrie Irving was later selected)."", ""confidence"": ""high""}"
2004-05,2590,1610612749,team_trb_all_players/impact_database/roster_tenure/normalized_transactions.jsonl.gz,17016,"{""exact_date"": ""February 24, 2011"", ""season"": ""2010-11"", ""event_type"": ""trade"", ""player_id"": ""200081"", ""player_name"": ""Jamario Moon"", ""source_player_ref"": ""/players/m/moonja01.html"", ""source_team_id"": 1610612739, ""destination_team_id"": 1610612746, ""source_team_name"": ""Cleveland Cavaliers"", ""destination_team_name"": ""Los Angeles Clippers"", ""source_system"": ""Basketball-Reference via Internet Archive"", ""source_reference"": ""https://web.archive.org/web/20220529055708id_/https://www.basketball-reference.com/leagues/NBA_2011_transactions.html#row-321"", ""identity_resolution"": ""unique_core_name"", ""team_resolution"": ""source=unique_alias;destination=unique_alias"", ""raw_text"": ""The Cleveland Cavaliers traded Jamario Moon and Mo Williams to the Los Angeles Clippers for Baron Davis and a 2011 1st round draft pick ( Kyrie Irving was later selected)."", ""confidence"": ""high""}"
2004-05,2590,1610612749,team_trb_all_players/impact_database/roster_tenure/normalized_transactions.jsonl.gz,17037,"{""exact_date"": ""February 24, 2011"", ""season"": ""2010-11"", ""event_type"": ""trade"", ""player_id"": ""2590"", ""player_name"": ""Mo Williams"", ""source_player_ref"": ""/players/w/willima01.html"", ""source_team_id"": 1610612739, ""destination_team_id"": 1610612746, ""source_team_name"": ""Cleveland Cavaliers"", ""destination_team_name"": ""Los Angeles Clippers"", ""source_system"": ""Basketball-Reference via Internet Archive"", ""source_reference"": ""https://web.archive.org/web/20220529055708id_/https://www.basketball-reference.com/leagues/NBA_2011_transactions.html#row-321"", ""identity_resolution"": ""unique_core_name"", ""team_resolution"": ""source=unique_alias;destination=unique_alias"", ""raw_text"": ""The Cleveland Cavaliers traded Jamario Moon and Mo Williams to the Los Angeles Clippers for Baron Davis and a 2011 1st round draft pick ( Kyrie Irving was later selected)."", ""confidence"": ""high""}"
2004-05,2590,1610612749,team_trb_all_players/impact_database/roster_tenure/normalized_transactions.jsonl.gz,18603,"{""exact_date"": ""July 30, 2014"", ""season"": ""2014-15"", ""event_type"": ""acquire"", ""player_id"": ""2590"", ""player_name"": ""Mo Williams"", ""source_player_ref"": ""/players/w/willima01.html"", ""source_team_id"": null, ""destination_team_id"": 1610612750, ""source_team_name"": null, ""destination_team_name"": ""Minnesota Timberwolves"", ""source_system"": ""Basketball-Reference via Internet Archive"", ""source_reference"": ""https://web.archive.org/web/20221207203038id_/https://www.basketball-reference.com/leagues/NBA_2015_transactions.html#row-160"", ""identity_resolution"": ""unique_core_name"", ""team_resolution"": ""source=not_applicable;destination=unique_alias"", ""raw_text"": ""The Minnesota Timberwolves signed Mo Williams ."", ""confidence"": ""high""}"
2004-05,2590,1610612749,team_trb_all_players/impact_database/roster_tenure/normalized_transactions.jsonl.gz,19156,"{""exact_date"": ""June 29, 2012"", ""season"": ""2011-12"", ""event_type"": ""trade"", ""player_id"": null, ""player_name"": ""Tadija Dragićević"", ""source_player_ref"": ""/players/d/dragita01.html"", ""source_team_id"": 1610612762, ""destination_team_id"": 1610612742, ""source_team_name"": ""Utah Jazz"", ""destination_team_name"": ""Dallas Mavericks"", ""source_system"": ""Basketball-Reference via Internet Archive"", ""source_reference"": ""https://web.archive.org/web/20221209193444id_/https://www.basketball-reference.com/leagues/NBA_2012_transactions.html#row-450"", ""identity_resolution"": ""not_in_core_identity"", ""team_resolution"": ""source=unique_alias;destination=unique_alias"", ""raw_text"": ""In a 4-team trade, the Dallas Mavericks traded Lamar Odom to the Los Angeles Clippers ; the Dallas Mavericks traded Shan Foster to the Utah Jazz ; the Houston Rockets traded cash to the Dallas Mavericks ; the Los Angeles Clippers traded Furkan Aldemir to the Houston Rockets ; the Los Angeles Clippers traded Mo Williams to the Utah Jazz ; and  the Utah Jazz traded Tadija Dragićević to the Dallas Mavericks ."", ""confidence"": ""review""}"
2004-05,2590,1610612749,team_trb_all_players/impact_database/roster_tenure/normalized_transactions.jsonl.gz,19158,"{""exact_date"": ""June 29, 2012"", ""season"": ""2011-12"", ""event_type"": ""trade"", ""player_id"": ""1885"", ""player_name"": ""Lamar Odom"", ""source_player_ref"": ""/players/o/odomla01.html"", ""source_team_id"": 1610612742, ""destination_team_id"": 1610612746, ""source_team_name"": ""Dallas Mavericks"", ""destination_team_name"": ""Los Angeles Clippers"", ""source_system"": ""Basketball-Reference via Internet Archive"", ""source_reference"": ""https://web.archive.org/web/20221209193444id_/https://www.basketball-reference.com/leagues/NBA_2012_transactions.html#row-450"", ""identity_resolution"": ""unique_core_name"", ""team_resolution"": ""source=unique_alias;destination=unique_alias"", ""raw_text"": ""In a 4-team trade, the Dallas Mavericks traded Lamar Odom to the Los Angeles Clippers ; the Dallas Mavericks traded Shan Foster to the Utah Jazz ; the Houston Rockets traded cash to the Dallas Mavericks ; the Los Angeles Clippers traded Furkan Aldemir to the Houston Rockets ; the Los Angeles Clippers traded Mo Williams to the Utah Jazz ; and  the Utah Jazz traded Tadija Dragićević to the Dallas Mavericks ."", ""confidence"": ""high""}"
2004-05,2590,1610612749,team_trb_all_players/impact_database/roster_tenure/normalized_transactions.jsonl.gz,19167,"{""exact_date"": ""June 29, 2012"", ""season"": ""2011-12"", ""event_type"": ""trade"", ""player_id"": ""203128"", ""player_name"": ""Furkan Aldemir"", ""source_player_ref"": ""/players/a/aldemfu01.html"", ""source_team_id"": 1610612746, ""destination_team_id"": 1610612745, ""source_team_name"": ""Los Angeles Clippers"", ""destination_team_name"": ""Houston Rockets"", ""source_system"": ""Basketball-Reference via Internet Archive"", ""source_reference"": ""https://web.archive.org/web/20221209193444id_/https://www.basketball-reference.com/leagues/NBA_2012_transactions.html#row-450"", ""identity_resolution"": ""unique_core_name"", ""team_resolution"": ""source=unique_alias;destination=unique_alias"", ""raw_text"": ""In a 4-team trade, the Dallas Mavericks traded Lamar Odom to the Los Angeles Clippers ; the Dallas Mavericks traded Shan Foster to the Utah Jazz ; the Houston Rockets traded cash to the Dallas Mavericks ; the Los Angeles Clippers traded Furkan Aldemir to the Houston Rockets ; the Los Angeles Clippers traded Mo Williams to the Utah Jazz ; and  the Utah Jazz traded Tadija Dragićević to the Dallas Mavericks ."", ""confidence"": ""high""}"
2004-05,2590,1610612749,team_trb_all_players/impact_database/roster_tenure/normalized_transactions.jsonl.gz,19170,"{""exact_date"": ""June 29, 2012"", ""season"": ""2011-12"", ""event_type"": ""trade"", ""player_id"": ""2590"", ""player_name"": ""Mo Williams"", ""source_player_ref"": ""/players/w/willima01.html"", ""source_team_id"": 1610612746, ""destination_team_id"": 1610612762, ""source_team_name"": ""Los Angeles Clippers"", ""destination_team_name"": ""Utah Jazz"", ""source_system"": ""Basketball-Reference via Internet Archive"", ""source_reference"": ""https://web.archive.org/web/20221209193444id_/https://www.basketball-reference.com/leagues/NBA_2012_transactions.html#row-450"", ""identity_resolution"": ""unique_core_name"", ""team_resolution"": ""source=unique_alias;destination=unique_alias"", ""raw_text"": ""In a 4-team trade, the Dallas Mavericks traded Lamar Odom to the Los Angeles Clippers ; the Dallas Mavericks traded Shan Foster to the Utah Jazz ; the Houston Rockets traded cash to the Dallas Mavericks ; the Los Angeles Clippers traded Furkan Aldemir to the Houston Rockets ; the Los Angeles Clippers traded Mo Williams to the Utah Jazz ; and  the Utah Jazz traded Tadija Dragićević to the Dallas Mavericks ."", ""confidence"": ""high""}"
2004-05,2590,1610612749,team_trb_all_players/impact_database/historical_transactions/wikipedia_transaction_rows.jsonl.gz,1311,"{""season"": ""2004-05"", ""start_year"": 2004, ""page_title"": ""List of 2004–05 NBA season transactions"", ""section"": ""Player movement"", ""subsection"": ""Free Agency"", ""table_index"": 4, ""table_classes"": [""wikitable"", ""sortable""], ""row_index"": 74, ""cells"": [""Mo Williams RFA"", ""August 21"", ""Milwaukee Bucks"", ""Utah Jazz (refused to match offer sheet)"", """"], ""links"": [{""text"": ""Mo Williams"", ""title"": ""Mo Williams"", ""href"": ""/wiki/Mo_Williams""}, {""text"": ""Milwaukee Bucks"", ""title"": ""Milwaukee Bucks"", ""href"": ""/wiki/Milwaukee_Bucks""}, {""text"": ""Utah Jazz"", ""title"": ""Utah Jazz"", ""href"": ""/wiki/Utah_Jazz""}], ""date_hint"": ""August 21""}"
2004-05,2590,1610612749,team_trb_all_players/impact_database/historical_transactions/wikipedia_transaction_rows.jsonl.gz,2592,"{""season"": ""2007-08"", ""start_year"": 2007, ""page_title"": ""List of 2007–08 NBA season transactions"", ""section"": ""Free Agency"", ""subsection"": null, ""table_index"": 3, ""table_classes"": [""wikitable"", ""sortable""], ""row_index"": 44, ""cells"": [""Mo Williams"", ""Milwaukee Bucks""], ""links"": [{""text"": ""Mo Williams"", ""title"": ""Mo Williams"", ""href"": ""/wiki/Mo_Williams""}, {""text"": ""Milwaukee Bucks"", ""title"": ""Milwaukee Bucks"", ""href"": ""/wiki/Milwaukee_Bucks""}], ""date_hint"": null}"
2004-05,2590,1610612749,team_trb_all_players/impact_database/historical_transactions/wikipedia_transaction_rows.jsonl.gz,3140,"{""season"": ""2008-09"", ""start_year"": 2008, ""page_title"": ""List of 2008–09 NBA season transactions"", ""section"": ""Player movements"", ""subsection"": ""Trades"", ""table_index"": 4, ""table_classes"": [""wikitable""], ""row_index"": 29, ""cells"": [""August 13"", ""To Cleveland Cavaliers Mo Williams"", ""To Milwaukee Bucks Damon Jones""], ""links"": [{""text"": ""Cleveland Cavaliers"", ""title"": ""Cleveland Cavaliers"", ""href"": ""/wiki/Cleveland_Cavaliers""}, {""text"": ""Mo Williams"", ""title"": ""Maurice Williams (basketball)"", ""href"": ""/wiki/Maurice_Williams_(basketball)""}, {""text"": ""Milwaukee Bucks"", ""title"": ""Milwaukee Bucks"", ""href"": ""/wiki/Milwaukee_Bucks""}, {""text"": ""Damon Jones"", ""title"": ""Damon Jones"", ""href"": ""/wiki/Damon_Jones""}], ""date_hint"": ""August 13""}"
2004-05,2590,1610612749,team_trb_all_players/impact_database/historical_transactions/wikipedia_transaction_rows.jsonl.gz,3874,"{""season"": ""2010-11"", ""start_year"": 2010, ""page_title"": ""List of 2010–11 NBA season transactions"", ""section"": ""Player movement"", ""subsection"": ""Trades"", ""table_index"": 5, ""table_classes"": [""wikitable""], ""row_index"": 66, ""cells"": [""February 24"", ""To Los Angeles Clippers Mo Williams Jamario Moon"", ""To Cleveland Cavaliers Baron Davis 2011 first-round pick"", ""[ 87 ]""], ""links"": [{""text"": ""Los Angeles Clippers"", ""title"": ""Los Angeles Clippers"", ""href"": ""/wiki/Los_Angeles_Clippers""}, {""text"": ""Mo Williams"", ""title"": ""Mo Williams"", ""href"": ""/wiki/Mo_Williams""}, {""text"": ""Jamario Moon"", ""title"": ""Jamario Moon"", ""href"": ""/wiki/Jamario_Moon""}, {""text"": ""Cleveland Cavaliers"", ""title"": ""Cleveland Cavaliers"", ""href"": ""/wiki/Cleveland_Cavaliers""}, {""text"": ""Baron Davis"", ""title"": ""Baron Davis"", ""href"": ""/wiki/Baron_Davis""}, {""text"": ""[ 87 ]"", ""title"": """", ""href"": ""#cite_note-87""}], ""date_hint"": ""February 24""}"
2004-05,2590,1610612749,team_trb_all_players/impact_database/historical_transactions/wikipedia_transaction_rows.jsonl.gz,5097,"{""season"": ""2012-13"", ""start_year"": 2012, ""page_title"": ""List of 2012–13 NBA season transactions"", ""section"": ""Player movement"", ""subsection"": ""Trades"", ""table_index"": 5, ""table_classes"": [""wikitable""], ""row_index"": 12, ""cells"": [""To Houston Rockets Draft rights to 53rd pick Furkan Aldemir (from L.A. Clippers)"", ""To Utah Jazz Mo Williams (from L.A. Clippers) Draft rights to Shan Foster (from Dallas)""], ""links"": [{""text"": ""Houston Rockets"", ""title"": ""Houston Rockets"", ""href"": ""/wiki/Houston_Rockets""}, {""text"": ""Furkan Aldemir"", ""title"": ""Furkan Aldemir"", ""href"": ""/wiki/Furkan_Aldemir""}, {""text"": ""Utah Jazz"", ""title"": ""Utah Jazz"", ""href"": ""/wiki/Utah_Jazz""}, {""text"": ""Mo Williams"", ""title"": ""Mo Williams"", ""href"": ""/wiki/Mo_Williams""}, {""text"": ""Shan Foster"", ""title"": ""Shan Foster"", ""href"": ""/wiki/Shan_Foster""}], ""date_hint"": null}"
2004-05,2590,1610612749,team_trb_all_players/impact_database/historical_transactions/wikipedia_transaction_rows.jsonl.gz,6104,"{""season"": ""2013-14"", ""start_year"": 2013, ""page_title"": ""List of 2013–14 NBA season transactions"", ""section"": ""Player movement"", ""subsection"": ""Free agency"", ""table_index"": 8, ""table_classes"": [""wikitable"", ""sortable""], ""row_index"": 117, ""cells"": [""Mo Williams"", ""Portland Trail Blazers"", ""Utah Jazz"", ""[ 200 ]""], ""links"": [{""text"": ""Mo Williams"", ""title"": ""Mo Williams"", ""href"": ""/wiki/Mo_Williams""}, {""text"": ""Portland Trail Blazers"", ""title"": ""Portland Trail Blazers"", ""href"": ""/wiki/Portland_Trail_Blazers""}, {""text"": ""Utah Jazz"", ""title"": ""Utah Jazz"", ""href"": ""/wiki/Utah_Jazz""}, {""text"": ""[ 200 ]"", ""title"": """", ""href"": ""#cite_note-203""}], ""date_hint"": null}"
2004-05,2590,1610612749,team_trb_all_players/impact_database/historical_transactions/wikipedia_transaction_rows.jsonl.gz,6760,"{""season"": ""2014-15"", ""start_year"": 2014, ""page_title"": ""List of 2014–15 NBA season transactions"", ""section"": ""Player movements"", ""subsection"": ""Trades"", ""table_index"": 5, ""table_classes"": [""wikitable""], ""row_index"": 75, ""cells"": [""February 10"", ""To Charlotte Hornets Mo Williams Troy Daniels Cash considerations"", ""To Minnesota Timberwolves Gary Neal 2019 Miami second-round pick"", ""[ 95 ]""], ""links"": [{""text"": ""Charlotte Hornets"", ""title"": ""Charlotte Hornets"", ""href"": ""/wiki/Charlotte_Hornets""}, {""text"": ""Mo Williams"", ""title"": ""Mo Williams"", ""href"": ""/wiki/Mo_Williams""}, {""text"": ""Troy Daniels"", ""title"": ""Troy Daniels"", ""href"": ""/wiki/Troy_Daniels""}, {""text"": ""Minnesota Timberwolves"", ""title"": ""Minnesota Timberwolves"", ""href"": ""/wiki/Minnesota_Timberwolves""}, {""text"": ""Gary Neal"", ""title"": ""Gary Neal"", ""href"": ""/wiki/Gary_Neal""}, {""text"": ""[ 95 ]"", ""title"": """", ""href"": ""#cite_note-williams-elliot-105""}], ""date_hint"": ""February 10""}"
2004-05,2590,1610612749,team_trb_all_players/impact_database/historical_transactions/wikipedia_transaction_rows.jsonl.gz,6875,"{""season"": ""2014-15"", ""start_year"": 2014, ""page_title"": ""List of 2014–15 NBA season transactions"", ""section"": ""Player movements"", ""subsection"": ""Free agency"", ""table_index"": 6, ""table_classes"": [""wikitable"", ""sortable""], ""row_index"": 95, ""cells"": [""Mo Williams"", ""Minnesota Timberwolves"", ""Portland Trail Blazers"", ""[ 192 ]""], ""links"": [{""text"": ""Mo Williams"", ""title"": ""Mo Williams"", ""href"": ""/wiki/Mo_Williams""}, {""text"": ""Minnesota Timberwolves"", ""title"": ""Minnesota Timberwolves"", ""href"": ""/wiki/Minnesota_Timberwolves""}, {""text"": ""Portland Trail Blazers"", ""title"": ""Portland Trail Blazers"", ""href"": ""/wiki/Portland_Trail_Blazers""}, {""text"": ""[ 192 ]"", ""title"": """", ""href"": ""#cite_note-204""}], ""date_hint"": null}"
2004-05,2590,1610612749,team_trb_all_players/impact_database/historical_transactions/wikipedia_transaction_rows.jsonl.gz,7658,"{""season"": ""2015-16"", ""start_year"": 2015, ""page_title"": ""List of 2015–16 NBA season transactions"", ""section"": ""Player movements"", ""subsection"": ""Free agency"", ""table_index"": 7, ""table_classes"": [""wikitable"", ""sortable""], ""row_index"": 52, ""cells"": [""Mo Williams"", ""Cleveland Cavaliers"", ""Charlotte Hornets"", ""[ 137 ]""], ""links"": [{""text"": ""Mo Williams"", ""title"": ""Mo Williams"", ""href"": ""/wiki/Mo_Williams""}, {""text"": ""Cleveland Cavaliers"", ""title"": ""Cleveland Cavaliers"", ""href"": ""/wiki/Cleveland_Cavaliers""}, {""text"": ""Charlotte Hornets"", ""title"": ""Charlotte Hornets"", ""href"": ""/wiki/Charlotte_Hornets""}, {""text"": ""[ 137 ]"", ""title"": """", ""href"": ""#cite_note-140""}], ""date_hint"": null}"
2004-05,2590,1610612749,team_trb_all_players/impact_database/roster_tenure/realgm_transactions_resilient/2010-11.txt.gz,2195,Mo Williams
2004-05,2590,1610612749,team_trb_all_players/impact_database/roster_tenure/realgm_transactions_resilient/2010-11.txt.gz,4215,Mo Williams
2004-05,2590,1610612749,team_trb_all_players/impact_database/roster_tenure/realgm_transactions_resilient/2004-05.txt.gz,1684,*   [Mo Williams](https://basketball.realgm.com/player/Mo-Williams/Summary/228) signed a multi-year contract with the [Milwaukee Bucks](https://basketball.realgm.com/nba/teams/Milwaukee-Bucks/16/home).
2004-05,2590,1610612749,team_trb_all_players/impact_database/roster_tenure/realgm_transactions_resilient/2004-05.txt.gz,1748,"*   [Mo Williams](https://basketball.realgm.com/player/Mo-Williams/Summary/228) signed a multi-year offer sheet with the [Milwaukee Bucks](https://basketball.realgm.com/nba/teams/Milwaukee-Bucks/16/home). Since he is a restricted free agent, the [Utah Jazz](https://basketball.realgm.com/nba/teams/Utah-Jazz/29/home) can match."
2004-05,2590,1610612749,team_trb_all_players/impact_database/roster_tenure/realgm_transactions_resilient/2004-05.txt.gz,2143,"*   [Mo Williams](https://basketball.realgm.com/player/Mo-Williams/Summary/228), previously with the [Utah Jazz](https://basketball.realgm.com/nba/teams/Utah-Jazz/29/home), became a free agent."
2004-05,2590,1610612749,team_trb_all_players/impact_database/roster_tenure/realgm_transactions_resilient/2004-05.txt.gz,2681,"Aug 23, 2004 [Mo Williams](https://basketball.realgm.com/player/Mo-Williams/Summary/228)"
2004-05,2590,1610612749,team_trb_all_players/impact_database/roster_tenure/realgm_transactions_resilient/2004-05.txt.gz,3753,"Jul 1, 2004 [Mo Williams](https://basketball.realgm.com/player/Mo-Williams/Summary/228)"
2004-05,2590,1610612749,team_trb_all_players/impact_database/roster_tenure/realgm_transactions_resilient/2004-05.txt.gz,3847,"Aug 6, 2004 [Mo Williams](https://basketball.realgm.com/player/Mo-Williams/Summary/228)"
2004-05,2590,1610612749,team_trb_all_players/impact_database/roster_tenure/realgm_transactions_resilient/2011-12.txt.gz,354,"*   [Lamar Odom](https://basketball.realgm.com/player/Lamar-Odom/Summary/542) was acquired by the Los Angeles Clippers in exchange for [Mo Williams](https://basketball.realgm.com/player/Mo-Williams/Summary/228) and the draft rights to [Furkan Aldemir](https://basketball.realgm.com/player/Furkan-Aldemir/Summary/24373). The draft rights to [Furkan Aldemir](https://basketball.realgm.com/player/Furkan-Aldemir/Summary/24373) was acquired by the Houston Rockets in exchange for cash. [Mo Williams](https://basketball.realgm.com/player/Mo-Williams/Summary/228) and the draft rights to [Shan Foster](https://basketball.realgm.com/player/Shan-Foster/Summary/826) were acquired by the Utah Jazz in exchange for the draft rights to [Tadija Dragicevic](https://basketball.realgm.com/player/Tadija-Dragicevic/Summary/821) and a TPE. The draft rights to [Tadija Dragicevic](https://basketball.realgm.com/player/Tadija-Dragicevic/Summary/821), cash and a TPE were acquired by the Dallas Mavericks in exchange for [Lamar Odom](https://basketball.realgm.com/player/Lamar-Odom/Summary/542) and the draft rights to [Shan Foster](https://basketball.realgm.com/player/Shan-Foster/Summary/826)."
2004-05,2590,1610612749,team_trb_all_players/impact_database/roster_tenure/realgm_transactions_resilient/2011-12.txt.gz,355,*   [Mo Williams](https://basketball.realgm.com/player/Mo-Williams/Summary/228) exercised a Player Option to extend his contract.
2004-05,2590,1610612749,team_trb_all_players/impact_database/roster_tenure/realgm_transactions_resilient/2011-12.txt.gz,4095,"Jun 29, 2012 [Mo Williams](https://basketball.realgm.com/player/Mo-Williams/Summary/228)"
2004-05,2590,1610612749,team_trb_all_players/impact_database/roster_tenure/realgm_transactions_resilient/2011-12.txt.gz,4345,"Jun 29, 2012 [Mo Williams](https://basketball.realgm.com/player/Mo-Williams/Summary/228)"
2004-05,2590,1610612749,team_trb_all_players/impact_database/roster_tenure/realgm_transactions_resilient/2003-04.txt.gz,333,*    The [Utah Jazz](https://basketball.realgm.com/nba/teams/Utah-Jazz/29/home) tendered a Qualifying Offer to make [Mo Williams](https://basketball.realgm.com/player/Mo-Williams/Summary/228) a Restricted FA.
2004-05,2590,1610612749,team_trb_all_players/impact_database/roster_tenure/realgm_transactions_resilient/2003-04.txt.gz,1709,*   [Mo Williams](https://basketball.realgm.com/player/Mo-Williams/Summary/228) signed a contract with the [Utah Jazz](https://basketball.realgm.com/nba/teams/Utah-Jazz/29/home).
2004-05,2590,1610612749,team_trb_all_players/impact_database/roster_tenure/realgm_transactions_resilient/2003-04.txt.gz,2748,"Sep 16, 2003 [Mo Williams](https://basketball.realgm.com/player/Mo-Williams/Summary/228)"
2004-05,2590,1610612749,team_trb_all_players/impact_database/roster_tenure/realgm_transactions_resilient/2003-04.txt.gz,4112,"Jun 30, 2004 [Mo Williams](https://basketball.realgm.com/player/Mo-Williams/Summary/228)"
2004-05,2590,1610612749,team_trb_all_players/impact_database/roster_tenure/realgm_transactions_resilient/2008-09.txt.gz,1826,"*   [Mo Williams](https://basketball.realgm.com/player/Mo-Williams/Summary/228) was acquired by the Cleveland Cavaliers in exchange for [Damon Jones](https://basketball.realgm.com/player/Damon-Jones/Summary/254) and [Joe Smith](https://basketball.realgm.com/player/Joe-Smith/Summary/257). [Desmond Mason](https://basketball.realgm.com/player/Desmond-Mason/Summary/229) and [Joe Smith](https://basketball.realgm.com/player/Joe-Smith/Summary/257) were acquired by the Oklahoma City Thunder in exchange for [Adrian Griffin](https://basketball.realgm.com/player/Adrian-Griffin/Summary/289) and [Luke Ridnour](https://basketball.realgm.com/player/Luke-Ridnour/Summary/284). [Adrian Griffin](https://basketball.realgm.com/player/Adrian-Griffin/Summary/289), [Damon Jones](https://basketball.realgm.com/player/Damon-Jones/Summary/254), [Luke Ridnour](https://basketball.realgm.com/player/Luke-Ridnour/Summary/284) and a TPE were acquired by the Milwaukee Bucks in exchange for [Desmond Mason](https://basketball.realgm.com/player/Desmond-Mason/Summary/229) and [Mo Williams](https://basketball.realgm.com/player/Mo-Williams/Summary/228)."
2004-05,2590,1610612749,team_trb_all_players/impact_database/roster_tenure/realgm_transactions_resilient/2008-09.txt.gz,4473,"Aug 13, 2008 [Mo Williams](https://basketball.realgm.com/player/Mo-Williams/Summary/228)"
2004-05,2590,1610612749,team_trb_all_players/impact_database/roster_tenure/realgm_transactions_resilient/2007-08.txt.gz,1971,*   [Mo Williams](https://basketball.realgm.com/player/Mo-Williams/Summary/228) signed a multi-year contract with the [Milwaukee Bucks](https://basketball.realgm.com/nba/teams/Milwaukee-Bucks/16/home).
2004-05,2590,1610612749,team_trb_all_players/impact_database/roster_tenure/realgm_transactions_resilient/2007-08.txt.gz,2289,"*   [Mo Williams](https://basketball.realgm.com/player/Mo-Williams/Summary/228), previously with the [Milwaukee Bucks](https://basketball.realgm.com/nba/teams/Milwaukee-Bucks/16/home), became a free agent."
2004-05,2590,1610612749,team_trb_all_players/impact_database/roster_tenure/realgm_transactions_resilient/2007-08.txt.gz,2815,"Jul 24, 2007 [Mo Williams](https://basketball.realgm.com/player/Mo-Williams/Summary/228)"
2004-05,2590,1610612749,team_trb_all_players/impact_database/roster_tenure/realgm_transactions_resilient/2007-08.txt.gz,4021,"Jul 1, 2007 [Mo Williams](https://basketball.realgm.com/player/Mo-Williams/Summary/228)"
2004-05,2590,1610612749,team_trb_all_players/impact_database/roster_tenure/realgm_transactions_resilient/2002-03.txt.gz,411,*    The [Utah Jazz](https://basketball.realgm.com/nba/teams/Utah-Jazz/29/home) selected [Mo Williams](https://basketball.realgm.com/player/Mo-Williams/Summary/228) in Round 2 with Pick 18 in the 2003 NBA Draft.
2004-05,2590,1610612749,team_trb_all_players/impact_database/roster_tenure/realgm_transactions_resilient/2002-03.txt.gz,2551,"Jun 26, 2003 [Mo Williams](https://basketball.realgm.com/player/Mo-Williams/Summary/228)"
2004-05,2590,1610612749,team_trb_all_players/impact_database/historical_transactions/season_rows/2012-13.jsonl.gz,43,"{""season"": ""2012-13"", ""start_year"": 2012, ""page_title"": ""List of 2012–13 NBA season transactions"", ""section"": ""Player movement"", ""subsection"": ""Trades"", ""table_index"": 5, ""table_classes"": [""wikitable""], ""row_index"": 12, ""cells"": [""To Houston Rockets Draft rights to 53rd pick Furkan Aldemir (from L.A. Clippers)"", ""To Utah Jazz Mo Williams (from L.A. Clippers) Draft rights to Shan Foster (from Dallas)""], ""links"": [{""text"": ""Houston Rockets"", ""title"": ""Houston Rockets"", ""href"": ""/wiki/Houston_Rockets""}, {""text"": ""Furkan Aldemir"", ""title"": ""Furkan Aldemir"", ""href"": ""/wiki/Furkan_Aldemir""}, {""text"": ""Utah Jazz"", ""title"": ""Utah Jazz"", ""href"": ""/wiki/Utah_Jazz""}, {""text"": ""Mo Williams"", ""title"": ""Mo Williams"", ""href"": ""/wiki/Mo_Williams""}, {""text"": ""Shan Foster"", ""title"": ""Shan Foster"", ""href"": ""/wiki/Shan_Foster""}], ""date_hint"": null}"
2004-05,2590,1610612749,team_trb_all_players/impact_database/historical_transactions/season_rows/2010-11.jsonl.gz,94,"{""season"": ""2010-11"", ""start_year"": 2010, ""page_title"": ""List of 2010–11 NBA season transactions"", ""section"": ""Player movement"", ""subsection"": ""Trades"", ""table_index"": 5, ""table_classes"": [""wikitable""], ""row_index"": 66, ""cells"": [""February 24"", ""To Los Angeles Clippers Mo Williams Jamario Moon"", ""To Cleveland Cavaliers Baron Davis 2011 first-round pick"", ""[ 87 ]""], ""links"": [{""text"": ""Los Angeles Clippers"", ""title"": ""Los Angeles Clippers"", ""href"": ""/wiki/Los_Angeles_Clippers""}, {""text"": ""Mo Williams"", ""title"": ""Mo Williams"", ""href"": ""/wiki/Mo_Williams""}, {""text"": ""Jamario Moon"", ""title"": ""Jamario Moon"", ""href"": ""/wiki/Jamario_Moon""}, {""text"": ""Cleveland Cavaliers"", ""title"": ""Cleveland Cavaliers"", ""href"": ""/wiki/Cleveland_Cavaliers""}, {""text"": ""Baron Davis"", ""title"": ""Baron Davis"", ""href"": ""/wiki/Baron_Davis""}, {""text"": ""[ 87 ]"", ""title"": """", ""href"": ""#cite_note-87""}], ""date_hint"": ""February 24""}"
2004-05,2590,1610612749,team_trb_all_players/impact_database/historical_transactions/season_rows/2004-05.jsonl.gz,232,"{""season"": ""2004-05"", ""start_year"": 2004, ""page_title"": ""List of 2004–05 NBA season transactions"", ""section"": ""Player movement"", ""subsection"": ""Free Agency"", ""table_index"": 4, ""table_classes"": [""wikitable"", ""sortable""], ""row_index"": 74, ""cells"": [""Mo Williams RFA"", ""August 21"", ""Milwaukee Bucks"", ""Utah Jazz (refused to match offer sheet)"", """"], ""links"": [{""text"": ""Mo Williams"", ""title"": ""Mo Williams"", ""href"": ""/wiki/Mo_Williams""}, {""text"": ""Milwaukee Bucks"", ""title"": ""Milwaukee Bucks"", ""href"": ""/wiki/Milwaukee_Bucks""}, {""text"": ""Utah Jazz"", ""title"": ""Utah Jazz"", ""href"": ""/wiki/Utah_Jazz""}], ""date_hint"": ""August 21""}"
2004-05,2590,1610612749,team_trb_all_players/impact_database/historical_transactions/season_rows/2014-15.jsonl.gz,114,"{""season"": ""2014-15"", ""start_year"": 2014, ""page_title"": ""List of 2014–15 NBA season transactions"", ""section"": ""Player movements"", ""subsection"": ""Trades"", ""table_index"": 5, ""table_classes"": [""wikitable""], ""row_index"": 75, ""cells"": [""February 10"", ""To Charlotte Hornets Mo Williams Troy Daniels Cash considerations"", ""To Minnesota Timberwolves Gary Neal 2019 Miami second-round pick"", ""[ 95 ]""], ""links"": [{""text"": ""Charlotte Hornets"", ""title"": ""Charlotte Hornets"", ""href"": ""/wiki/Charlotte_Hornets""}, {""text"": ""Mo Williams"", ""title"": ""Mo Williams"", ""href"": ""/wiki/Mo_Williams""}, {""text"": ""Troy Daniels"", ""title"": ""Troy Daniels"", ""href"": ""/wiki/Troy_Daniels""}, {""text"": ""Minnesota Timberwolves"", ""title"": ""Minnesota Timberwolves"", ""href"": ""/wiki/Minnesota_Timberwolves""}, {""text"": ""Gary Neal"", ""title"": ""Gary Neal"", ""href"": ""/wiki/Gary_Neal""}, {""text"": ""[ 95 ]"", ""title"": """", ""href"": ""#cite_note-williams-elliot-105""}], ""date_hint"": ""February 10""}"
2004-05,2590,1610612749,team_trb_all_players/impact_database/historical_transactions/season_rows/2014-15.jsonl.gz,229,"{""season"": ""2014-15"", ""start_year"": 2014, ""page_title"": ""List of 2014–15 NBA season transactions"", ""section"": ""Player movements"", ""subsection"": ""Free agency"", ""table_index"": 6, ""table_classes"": [""wikitable"", ""sortable""], ""row_index"": 95, ""cells"": [""Mo Williams"", ""Minnesota Timberwolves"", ""Portland Trail Blazers"", ""[ 192 ]""], ""links"": [{""text"": ""Mo Williams"", ""title"": ""Mo Williams"", ""href"": ""/wiki/Mo_Williams""}, {""text"": ""Minnesota Timberwolves"", ""title"": ""Minnesota Timberwolves"", ""href"": ""/wiki/Minnesota_Timberwolves""}, {""text"": ""Portland Trail Blazers"", ""title"": ""Portland Trail Blazers"", ""href"": ""/wiki/Portland_Trail_Blazers""}, {""text"": ""[ 192 ]"", ""title"": """", ""href"": ""#cite_note-204""}], ""date_hint"": null}"
2004-05,2590,1610612749,team_trb_all_players/impact_database/historical_transactions/season_rows/2007-08.jsonl.gz,98,"{""season"": ""2007-08"", ""start_year"": 2007, ""page_title"": ""List of 2007–08 NBA season transactions"", ""section"": ""Free Agency"", ""subsection"": null, ""table_index"": 3, ""table_classes"": [""wikitable"", ""sortable""], ""row_index"": 44, ""cells"": [""Mo Williams"", ""Milwaukee Bucks""], ""links"": [{""text"": ""Mo Williams"", ""title"": ""Mo Williams"", ""href"": ""/wiki/Mo_Williams""}, {""text"": ""Milwaukee Bucks"", ""title"": ""Milwaukee Bucks"", ""href"": ""/wiki/Milwaukee_Bucks""}], ""date_hint"": null}"
2004-05,2590,1610612749,team_trb_all_players/impact_database/historical_transactions/season_rows/2015-16.jsonl.gz,156,"{""season"": ""2015-16"", ""start_year"": 2015, ""page_title"": ""List of 2015–16 NBA season transactions"", ""section"": ""Player movements"", ""subsection"": ""Free agency"", ""table_index"": 7, ""table_classes"": [""wikitable"", ""sortable""], ""row_index"": 52, ""cells"": [""Mo Williams"", ""Cleveland Cavaliers"", ""Charlotte Hornets"", ""[ 137 ]""], ""links"": [{""text"": ""Mo Williams"", ""title"": ""Mo Williams"", ""href"": ""/wiki/Mo_Williams""}, {""text"": ""Cleveland Cavaliers"", ""title"": ""Cleveland Cavaliers"", ""href"": ""/wiki/Cleveland_Cavaliers""}, {""text"": ""Charlotte Hornets"", ""title"": ""Charlotte Hornets"", ""href"": ""/wiki/Charlotte_Hornets""}, {""text"": ""[ 137 ]"", ""title"": """", ""href"": ""#cite_note-140""}], ""date_hint"": null}"
2004-05,2590,1610612749,team_trb_all_players/impact_database/historical_transactions/season_rows/2008-09.jsonl.gz,63,"{""season"": ""2008-09"", ""start_year"": 2008, ""page_title"": ""List of 2008–09 NBA season transactions"", ""section"": ""Player movements"", ""subsection"": ""Trades"", ""table_index"": 4, ""table_classes"": [""wikitable""], ""row_index"": 29, ""cells"": [""August 13"", ""To Cleveland Cavaliers Mo Williams"", ""To Milwaukee Bucks Damon Jones""], ""links"": [{""text"": ""Cleveland Cavaliers"", ""title"": ""Cleveland Cavaliers"", ""href"": ""/wiki/Cleveland_Cavaliers""}, {""text"": ""Mo Williams"", ""title"": ""Maurice Williams (basketball)"", ""href"": ""/wiki/Maurice_Williams_(basketball)""}, {""text"": ""Milwaukee Bucks"", ""title"": ""Milwaukee Bucks"", ""href"": ""/wiki/Milwaukee_Bucks""}, {""text"": ""Damon Jones"", ""title"": ""Damon Jones"", ""href"": ""/wiki/Damon_Jones""}], ""date_hint"": ""August 13""}"
2004-05,2590,1610612749,team_trb_all_players/impact_database/historical_transactions/season_rows/2013-14.jsonl.gz,240,"{""season"": ""2013-14"", ""start_year"": 2013, ""page_title"": ""List of 2013–14 NBA season transactions"", ""section"": ""Player movement"", ""subsection"": ""Free agency"", ""table_index"": 8, ""table_classes"": [""wikitable"", ""sortable""], ""row_index"": 117, ""cells"": [""Mo Williams"", ""Portland Trail Blazers"", ""Utah Jazz"", ""[ 200 ]""], ""links"": [{""text"": ""Mo Williams"", ""title"": ""Mo Williams"", ""href"": ""/wiki/Mo_Williams""}, {""text"": ""Portland Trail Blazers"", ""title"": ""Portland Trail Blazers"", ""href"": ""/wiki/Portland_Trail_Blazers""}, {""text"": ""Utah Jazz"", ""title"": ""Utah Jazz"", ""href"": ""/wiki/Utah_Jazz""}, {""text"": ""[ 200 ]"", ""title"": """", ""href"": ""#cite_note-203""}], ""date_hint"": null}"
2004-05,2590,1610612749,team_trb_all_players/impact_database/historical_transactions/raw_pages/2004-05.html.gz,2161,"<td align=""left""><span data-sort-value=""Williams, Mo""><span class=""vcard""><span class=""fn""><a href=""/wiki/Mo_Williams"" title=""Mo Williams"">Mo Williams</a></span></span></span> RFA"
2004-05,2590,1610612749,team_trb_all_players/impact_database/historical_transactions/raw_pages/2008-09.html.gz,610,"<ul><li><a href=""/wiki/Maurice_Williams_(basketball)"" class=""mw-redirect"" title=""Maurice Williams (basketball)"">Mo Williams</a></li></ul>"
2004-05,2590,1610612749,team_trb_all_players/impact_database/historical_transactions/raw_pages/2012-13.html.gz,411,"<ul><li><a href=""/wiki/Mo_Williams"" title=""Mo Williams"">Mo Williams</a> (from L.A. Clippers)</li>"
2004-05,2590,1610612749,team_trb_all_players/impact_database/historical_transactions/raw_pages/2012-13.html.gz,7417,"<li id=""cite&#95;note-39""><span class=""mw-cite-backlink""><b><a href=""#cite_ref-39"">^</a></b></span> <span class=""reference-text""><link rel=""mw-deduplicated-inline-style"" href=""mw-data:TemplateStyles:r1333433106"" /><cite class=""citation web cs1""><a rel=""nofollow"" class=""external text"" href=""http://www.nba.com/jazz/news/20120629-trade-williams.html"">""Jazz Obtains Mo Williams in Four-Team Trade""</a>. <i>NBA.com</i>. Turner Sports Interactive, Inc. June 29, 2012<span class=""reference-accessdate"">. Retrieved <span class=""nowrap"">June 29,</span> 2012</span>.</cite><span title=""ctx&#95;ver=Z39.88-2004&amp;rft&#95;val&#95;fmt=info%3Aofi%2Ffmt%3Akev%3Amtx%3Ajournal&amp;rft.genre=unknown&amp;rft.jtitle=NBA.com&amp;rft.atitle=Jazz+Obtains+Mo+Williams+in+Four-Team+Trade&amp;rft.date=2012-06-29&amp;rft&#95;id=http%3A%2F%2Fwww.nba.com%2Fjazz%2Fnews%2F20120629-trade-williams.html&amp;rfr&#95;id=info%3Asid%2Fen.wikipedia.org%3AList+of+2012%E2%80%9313+NBA+season+transactions"" class=""Z3988""></span></span>"
2004-05,2590,1610612749,team_trb_all_players/impact_database/historical_transactions/raw_pages/2014-15.html.gz,1081,"<ul><li><a href=""/wiki/Mo_Williams"" title=""Mo Williams"">Mo Williams</a></li>"
2004-05,2590,1610612749,team_trb_all_players/impact_database/historical_transactions/raw_pages/2014-15.html.gz,2097,"<td align=""left""><span data-sort-value=""Williams, Mo""><span class=""vcard""><span class=""fn""><a href=""/wiki/Mo_Williams"" title=""Mo Williams"">Mo Williams</a></span></span></span>"
2004-05,2590,1610612749,team_trb_all_players/impact_database/historical_transactions/raw_pages/2014-15.html.gz,8524,"<li id=""cite&#95;note-williams-elliot-105""><span class=""mw-cite-backlink"">^ <a href=""#cite_ref-williams-elliot_105-0""><sup><i><b>a</b></i></sup></a> <a href=""#cite_ref-williams-elliot_105-1""><sup><i><b>b</b></i></sup></a></span> <span class=""reference-text""><link rel=""mw-deduplicated-inline-style"" href=""mw-data:TemplateStyles:r1333433106"" /><cite class=""citation web cs1""><a rel=""nofollow"" class=""external text"" href=""http://www.nba.com/hornets/hornets-acquire-guards-mo-williams-troy-daniels-minnesota"">""Hornets Acquire Guards Mo Williams, Troy Daniels from Minnesota""</a>. <i>NBA.com</i>. Turner Sports Interactive, Inc. February 10, 2015<span class=""reference-accessdate"">. Retrieved <span class=""nowrap"">February 10,</span> 2015</span>.</cite><span title=""ctx&#95;ver=Z39.88-2004&amp;rft&#95;val&#95;fmt=info%3Aofi%2Ffmt%3Akev%3Amtx%3Ajournal&amp;rft.genre=unknown&amp;rft.jtitle=NBA.com&amp;rft.atitle=Hornets+Acquire+Guards+Mo+Williams%2C+Troy+Daniels+from+Minnesota&amp;rft.date=2015-02-10&amp;rft&#95;id=http%3A%2F%2Fwww.nba.com%2Fhornets%2Fhornets-acquire-guards-mo-williams-troy-daniels-minnesota&amp;rfr&#95;id=info%3Asid%2Fen.wikipedia.org%3AList+of+2014%E2%80%9315+NBA+season+transactions"" class=""Z3988""></span></span>"
2004-05,2590,1610612749,team_trb_all_players/impact_database/historical_transactions/raw_pages/2014-15.html.gz,8718,"<li id=""cite&#95;note-204""><span class=""mw-cite-backlink""><b><a href=""#cite_ref-204"">^</a></b></span> <span class=""reference-text""><link rel=""mw-deduplicated-inline-style"" href=""mw-data:TemplateStyles:r1333433106"" /><cite class=""citation web cs1""><a rel=""nofollow"" class=""external text"" href=""http://www.nba.com/timberwolves/news/timberwolves-sign-guard-mo-williams"">""Timberwolves Sign Guard Mo Williams""</a>. <i>NBA.com</i>. Turner Sports Interactive, Inc. July 30, 2014<span class=""reference-accessdate"">. Retrieved <span class=""nowrap"">July 30,</span> 2014</span>.</cite><span title=""ctx&#95;ver=Z39.88-2004&amp;rft&#95;val&#95;fmt=info%3Aofi%2Ffmt%3Akev%3Amtx%3Ajournal&amp;rft.genre=unknown&amp;rft.jtitle=NBA.com&amp;rft.atitle=Timberwolves+Sign+Guard+Mo+Williams&amp;rft.date=2014-07-30&amp;rft&#95;id=http%3A%2F%2Fwww.nba.com%2Ftimberwolves%2Fnews%2Ftimberwolves-sign-guard-mo-williams&amp;rfr&#95;id=info%3Asid%2Fen.wikipedia.org%3AList+of+2014%E2%80%9315+NBA+season+transactions"" class=""Z3988""></span></span>"
2004-05,2590,1610612749,team_trb_all_players/impact_database/historical_transactions/raw_pages/2010-11.html.gz,968,"<ul><li><a href=""/wiki/Mo_Williams"" title=""Mo Williams"">Mo Williams</a></li>"
2004-05,2590,1610612749,team_trb_all_players/impact_database/historical_transactions/raw_pages/2013-14.html.gz,2168,"<td align=""left""><span data-sort-value=""Williams, Mo""><span class=""vcard""><span class=""fn""><a href=""/wiki/Mo_Williams"" title=""Mo Williams"">Mo Williams</a></span></span></span>"
2004-05,2590,1610612749,team_trb_all_players/impact_database/historical_transactions/raw_pages/2013-14.html.gz,7780,"<li id=""cite&#95;note-203""><span class=""mw-cite-backlink""><b><a href=""#cite_ref-203"">^</a></b></span> <span class=""reference-text""><link rel=""mw-deduplicated-inline-style"" href=""mw-data:TemplateStyles:r1333433106"" /><cite class=""citation web cs1 cs1-prop-unfit""><a rel=""nofollow"" class=""external text"" href=""https://web.archive.org/web/20130813054813/http://www.iamatrailblazersfan.com/PressReleaseDisplay/tabid/297/itemId/3875/Default.aspx"">""Trail Blazers Signs Mo Williams""</a>. <i>NBA.com</i>. Turner Sports Interactive, Inc. August 8, 2013. Archived from the original on August 13, 2013<span class=""reference-accessdate"">. Retrieved <span class=""nowrap"">August 8,</span> 2013</span>.</cite><span title=""ctx&#95;ver=Z39.88-2004&amp;rft&#95;val&#95;fmt=info%3Aofi%2Ffmt%3Akev%3Amtx%3Ajournal&amp;rft.genre=unknown&amp;rft.jtitle=NBA.com&amp;rft.atitle=Trail+Blazers+Signs+Mo+Williams&amp;rft.date=2013-08-08&amp;rft&#95;id=http%3A%2F%2Fwww.iamatrailblazersfan.com%2FPressReleaseDisplay%2Ftabid%2F297%2FitemId%2F3875%2FDefault.aspx&amp;rfr&#95;id=info%3Asid%2Fen.wikipedia.org%3AList+of+2013%E2%80%9314+NBA+season+transactions"" class=""Z3988""></span></span>"
2004-05,2590,1610612749,team_trb_all_players/impact_database/historical_transactions/raw_pages/2015-16.html.gz,1418,"<td align=""left""><span data-sort-value=""Williams, Mo""><span class=""vcard""><span class=""fn""><a href=""/wiki/Mo_Williams"" title=""Mo Williams"">Mo Williams</a></span></span></span>"
2004-05,2590,1610612749,team_trb_all_players/impact_database/historical_transactions/raw_pages/2015-16.html.gz,10113,"<li id=""cite&#95;note-140""><span class=""mw-cite-backlink""><b><a href=""#cite_ref-140"">^</a></b></span> <span class=""reference-text""><link rel=""mw-deduplicated-inline-style"" href=""mw-data:TemplateStyles:r1333433106"" /><cite class=""citation web cs1""><a rel=""nofollow"" class=""external text"" href=""http://www.nba.com/cavaliers/releases/williams-signing-150710"">""Cavs Sign guard Mo Williams""</a>. <i>NBA.com</i>. Turner Sports Interactive, Inc. July 10, 2015<span class=""reference-accessdate"">. Retrieved <span class=""nowrap"">July 10,</span> 2015</span>.</cite><span title=""ctx&#95;ver=Z39.88-2004&amp;rft&#95;val&#95;fmt=info%3Aofi%2Ffmt%3Akev%3Amtx%3Ajournal&amp;rft.genre=unknown&amp;rft.jtitle=NBA.com&amp;rft.atitle=Cavs+Sign+guard+Mo+Williams&amp;rft.date=2015-07-10&amp;rft&#95;id=http%3A%2F%2Fwww.nba.com%2Fcavaliers%2Freleases%2Fwilliams-signing-150710&amp;rfr&#95;id=info%3Asid%2Fen.wikipedia.org%3AList+of+2015%E2%80%9316+NBA+season+transactions"" class=""Z3988""></span></span>"
2004-05,2590,1610612749,team_trb_all_players/impact_database/historical_transactions/raw_pages/2007-08.html.gz,828,"<td align=""left""><span data-sort-value=""Williams, Mo""><span class=""vcard""><span class=""fn""><a href=""/wiki/Mo_Williams"" title=""Mo Williams"">Mo Williams</a></span></span></span>"
2004-05,2590,1610612749,team_trb_all_players/impact_database/historical_transactions/raw_api_responses/2010-11.json.gz,1,"{""warnings"": {""main"": {""warnings"": ""Subscribe to the mediawiki-api-announce mailing list at <https://lists.wikimedia.org/postorius/lists/mediawiki-api-announce.lists.wikimedia.org/> for notice of API deprecations and breaking changes. Use [[Special:ApiFeatureUsage]] to see usage of deprecated features by your application.""}, ""parse"": {""warnings"": ""\""prop=sections\"" has been deprecated. Please use \""prop=tocdata\"" instead.""}}, ""parse"": {""title"": ""List of 2010–11 NBA season transactions"", ""pageid"": 27088330, ""redirects"": [], ""text"": ""<div class=\""mw-content-ltr mw-parser-output\"" lang=\""en\"" dir=\""ltr\""><p class=\""mw-empty-elt\"">\n\n</p><p>This is a list of all personnel changes for the 2010 NBA off-season and <a href=\""/wiki/2010%E2%80%9311_NBA_season\"" title=\""2010–11 NBA season\"">2010–11 NBA season</a>.\n</p>\n<style data-mw-deduplicate=\""TemplateStyles:r886046785\"">.mw-parser-output .toclimit-2 .toclevel-1 ul,.mw-parser-output .toclimit-3 .toclevel-2 ul,.mw-parser-output .toclimit-4 .toclevel-3 ul,.mw-parser-output .toclimit-5 .toclevel-4 ul,.mw-parser-output .toclimit-6 .toclevel-5 ul,.mw-parser-output .toclimit-7 .toclevel-6 ul{display:none}</style><div class=\""toclimit-4\""><meta property=\""mw:PageProp/toc\"" /></div>\n<div class=\""mw-heading mw-heading2\""><h2 id=\""Retirement\"">Retirement</h2><span class=\""mw-editsection\""><span class=\""mw-editsection-bracket\"">[</span><a href=\""/w/index.php?title=List_of_2010%E2%80%9311_NBA_season_transactions&amp;action=edit&amp;section=1\"" title=\""Edit section: Retirement\""><span>edit</span></a><span class=\""mw-editsection-bracket\"">]</span></span></div>\n<table class=\""wikitable\"">\n\n<tbody><tr>\n<th style=\""width:100px\"">Date</th>\n<th style=\""width:180px\"">Name</th>\n<th style=\""width:250px\"">Team(s) played (years)</th>\n<th style=\""width:40px\"">Age</th>\n<th style=\""width:290px\"">Notes</th>\n<th style=\""width:40px\"">Ref.\n</th></tr>\n<tr>\n<td align=\""center\"">June 7</td>\n<td><a href=\""/wiki/Kevin_Ollie\"" title=\""Kevin Ollie\"">Kevin Ollie</a></td>\n<td><a href=\""/wiki/Dallas_Mavericks\"" title=\""Dallas Mavericks\"">Dallas Mavericks</a> <small>(1997)</small><br /><a href=\""/wiki/Orlando_Magic\"" title=\""Orlando Magic\"">Orlando Magic</a> <small>(1998, 1999)</small><br /><a href=\""/wiki/Sacramento_Kings\"" title=\""Sacramento Kings\"">Sacramento Kings</a> <small>(1999)</small><br /><a href=\""/wiki/Philadelphia_76ers\"" title=\""Philadelphia 76ers\"">Philadelphia 76ers</a> <small>(1999–2000, 2000–2001, 2004–2008)</small><br /><a href=\""/wiki/New_Jersey_Nets\"" class=\""mw-redirect\"" title=\""New Jersey Nets\"">New Jersey Nets</a> <small>(2000)</small><br /><a href=\""/wiki/Chicago_Bulls\"" title=\""Chicago Bulls\"">Chicago Bulls</a> <small>(2001–2002)</small><br /><a href=\""/wiki/Indiana_Pacers\"" title=\""Indiana Pacers\"">Indiana Pacers</a> <small>(2002)</small><br /><a href=\""/wiki/Milwaukee_Bucks\"" title=\""Milwaukee Bucks\"">Milwaukee Bucks</a> <small>(2002–2003)</small><br /><a href=\""/wiki/Seattle_SuperSonics\"" title=\""Seattle SuperSonics\"">Seattle SuperSonics</a>/<a href=\""/wiki/Oklahoma_City_Thunder\"" title=\""Oklahoma City Thunder\"">Oklahoma City Thunder</a> <small>(2003, 2009–2010)</small><br /><a href=\""/wiki/Cleveland_Cavaliers\"" title=\""Cleveland Cavaliers\"">Cleveland Cavaliers</a> <small>(2003–2004)</small><br /><a href=\""/wiki/Minnesota_Timberwolves\"" title=\""Minnesota Timberwolves\"">Minnesota Timberwolves</a> <small>(2008–2009)</small></td>\n<td align=\""center\"">37</td>\n<td>Hired as the <a href=\""/wiki/Connecticut_Huskies_men%27s_basketball\"" class=\""mw-redirect\"" title=\""Connecticut Huskies men&#39;s basketball\"">Connecticut Huskies</a> assistant coach</td>\n<td align=\""center\""><sup id=\""cite&#95;ref-1\"" class=\""reference\""><a href=\""#cite_note-1\""><span class=\""cite-bracket\"">&#91;</span>1<span class=\""cite-bracket\"">&#93;</span></a></sup><sup id=\""cite&#95;ref-2\"" class=\""reference\""><a href=\""#cite_note-2\""><span class=\""cite-bracket\"">&#91;</span>2<span class=\""cite-bracket\"">&#93;</s"
2004-05,2590,1610612749,team_trb_all_players/impact_database/historical_transactions/basketball_reference_uniform/season_rows/2010-11.jsonl.gz,322,"{""season"": ""2010-11"", ""start_year"": 2010, ""page_title"": ""2010-11 NBA Transactions | Basketball-Reference.com"", ""section"": ""Trades"", ""subsection"": ""February 24, 2011"", ""table_index"": null, ""table_classes"": [], ""row_index"": 321, ""cells"": [""February 24, 2011"", ""The Cleveland Cavaliers traded Jamario Moon and Mo Williams to the Los Angeles Clippers for Baron Davis and a 2011 1st round draft pick ( Kyrie Irving was later selected).""], ""links"": [{""text"": ""Cleveland Cavaliers"", ""title"": null, ""href"": ""/teams/CLE/2011.html""}, {""text"": ""Jamario Moon"", ""title"": null, ""href"": ""/players/m/moonja01.html""}, {""text"": ""Mo Williams"", ""title"": null, ""href"": ""/players/w/willima01.html""}, {""text"": ""Los Angeles Clippers"", ""title"": null, ""href"": ""/teams/LAC/2011.html""}, {""text"": ""Baron Davis"", ""title"": null, ""href"": ""/players/d/davisba01.html""}, {""text"": ""Kyrie Irving"", ""title"": null, ""href"": ""/players/i/irvinky01.html""}], ""date_hint"": ""February 24"", ""exact_date"": ""February 24, 2011"", ""source"": ""Basketball-Reference via Internet Archive"", ""source_url"": ""https://web.archive.org/web/20220529055708id_/https://www.basketball-reference.com/leagues/NBA_2011_transactions.html""}"
2004-05,2590,1610612749,team_trb_all_players/impact_database/historical_transactions/basketball_reference_uniform/season_rows/2004-05.jsonl.gz,69,"{""season"": ""2004-05"", ""start_year"": 2004, ""page_title"": ""2004-05 NBA Transactions | Basketball-Reference.com"", ""section"": ""Signings"", ""subsection"": ""August 21, 2004"", ""table_index"": null, ""table_classes"": [], ""row_index"": 68, ""cells"": [""August 21, 2004"", ""The Milwaukee Bucks signed Mo Williams as a free agent.""], ""links"": [{""text"": ""Milwaukee Bucks"", ""title"": null, ""href"": ""/teams/MIL/2005.html""}, {""text"": ""Mo Williams"", ""title"": null, ""href"": ""/players/w/willima01.html""}], ""date_hint"": ""August 21"", ""exact_date"": ""August 21, 2004"", ""source"": ""Basketball-Reference via Internet Archive"", ""source_url"": ""https://web.archive.org/web/20221209192502id_/https://www.basketball-reference.com/leagues/NBA_2005_transactions.html""}"
2004-05,2590,1610612749,team_trb_all_players/impact_database/historical_transactions/basketball_reference_uniform/season_rows/2011-12.jsonl.gz,451,"{""season"": ""2011-12"", ""start_year"": 2011, ""page_title"": ""2011-12 NBA Transactions | Basketball-Reference.com"", ""section"": ""Trades"", ""subsection"": ""June 29, 2012"", ""table_index"": null, ""table_classes"": [], ""row_index"": 450, ""cells"": [""June 29, 2012"", ""In a 4-team trade, the Dallas Mavericks traded Lamar Odom to the Los Angeles Clippers ; the Dallas Mavericks traded Shan Foster to the Utah Jazz ; the Houston Rockets traded cash to the Dallas Mavericks ; the Los Angeles Clippers traded Furkan Aldemir to the Houston Rockets ; the Los Angeles Clippers traded Mo Williams to the Utah Jazz ; and  the Utah Jazz traded Tadija Dragićević to the Dallas Mavericks .""], ""links"": [{""text"": ""Dallas Mavericks"", ""title"": null, ""href"": ""/teams/DAL/2012.html""}, {""text"": ""Lamar Odom"", ""title"": null, ""href"": ""/players/o/odomla01.html""}, {""text"": ""Los Angeles Clippers"", ""title"": null, ""href"": ""/teams/LAC/2012.html""}, {""text"": ""Dallas Mavericks"", ""title"": null, ""href"": ""/teams/DAL/2012.html""}, {""text"": ""Utah Jazz"", ""title"": null, ""href"": ""/teams/UTA/2012.html""}, {""text"": ""Houston Rockets"", ""title"": null, ""href"": ""/teams/HOU/2012.html""}, {""text"": ""Dallas Mavericks"", ""title"": null, ""href"": ""/teams/DAL/2012.html""}, {""text"": ""Los Angeles Clippers"", ""title"": null, ""href"": ""/teams/LAC/2012.html""}, {""text"": ""Furkan Aldemir"", ""title"": null, ""href"": ""/players/a/aldemfu01.html""}, {""text"": ""Houston Rockets"", ""title"": null, ""href"": ""/teams/HOU/2012.html""}, {""text"": ""Los Angeles Clippers"", ""title"": null, ""href"": ""/teams/LAC/2012.html""}, {""text"": ""Mo Williams"", ""title"": null, ""href"": ""/players/w/willima01.html""}, {""text"": ""Utah Jazz"", ""title"": null, ""href"": ""/teams/UTA/2012.html""}, {""text"": ""Utah Jazz"", ""title"": null, ""href"": ""/teams/UTA/2012.html""}, {""text"": ""Tadija Dragićević"", ""title"": null, ""href"": ""/players/d/dragita01.html""}, {""text"": ""Dallas Mavericks"", ""title"": null, ""href"": ""/teams/DAL/2012.html""}], ""date_hint"": ""June 29"", ""exact_date"": ""June 29, 2012"", ""source"": ""Basketball-Reference via Internet Archive"", ""source_url"": ""https://web.archive.org/web/20221209193444id_/https://www.basketball-reference.com/leagues/NBA_2012_transactions.html""}"
2004-05,2590,1610612749,team_trb_all_players/impact_database/historical_transactions/basketball_reference_uniform/season_rows/2014-15.jsonl.gz,161,"{""season"": ""2014-15"", ""start_year"": 2014, ""page_title"": ""2014-15 NBA Transactions | Basketball-Reference.com"", ""section"": ""Signings"", ""subsection"": ""July 30, 2014"", ""table_index"": null, ""table_classes"": [], ""row_index"": 160, ""cells"": [""July 30, 2014"", ""The Minnesota Timberwolves signed Mo Williams .""], ""links"": [{""text"": ""Minnesota Timberwolves"", ""title"": null, ""href"": ""/teams/MIN/2015.html""}, {""text"": ""Mo Williams"", ""title"": null, ""href"": ""/players/w/willima01.html""}], ""date_hint"": ""July 30"", ""exact_date"": ""July 30, 2014"", ""source"": ""Basketball-Reference via Internet Archive"", ""source_url"": ""https://web.archive.org/web/20221207203038id_/https://www.basketball-reference.com/leagues/NBA_2015_transactions.html""}"
2004-05,2590,1610612749,team_trb_all_players/impact_database/historical_transactions/basketball_reference_uniform/season_rows/2014-15.jsonl.gz,892,"{""season"": ""2014-15"", ""start_year"": 2014, ""page_title"": ""2014-15 NBA Transactions | Basketball-Reference.com"", ""section"": ""Trades"", ""subsection"": ""February 10, 2015"", ""table_index"": null, ""table_classes"": [], ""row_index"": 891, ""cells"": [""February 10, 2015"", ""The Charlotte Hornets traded Gary Neal and a 2019 2nd round draft pick ( Jaylen Nowell was later selected) to the Minnesota Timberwolves for Troy Daniels , Mo Williams and cash considerations. (2019 2nd-rd pick is from Miami)""], ""links"": [{""text"": ""Charlotte Hornets"", ""title"": null, ""href"": ""/teams/CHO/2015.html""}, {""text"": ""Gary Neal"", ""title"": null, ""href"": ""/players/n/nealga01.html""}, {""text"": ""Jaylen Nowell"", ""title"": null, ""href"": ""/players/n/nowelja01.html""}, {""text"": ""Minnesota Timberwolves"", ""title"": null, ""href"": ""/teams/MIN/2015.html""}, {""text"": ""Troy Daniels"", ""title"": null, ""href"": ""/players/d/danietr01.html""}, {""text"": ""Mo Williams"", ""title"": null, ""href"": ""/players/w/willima01.html""}], ""date_hint"": ""February 10"", ""exact_date"": ""February 10, 2015"", ""source"": ""Basketball-Reference via Internet Archive"", ""source_url"": ""https://web.archive.org/web/20221207203038id_/https://www.basketball-reference.com/leagues/NBA_2015_transactions.html""}"
2004-05,2590,1610612749,team_trb_all_players/impact_database/historical_transactions/basketball_reference_uniform/season_rows/2015-16.jsonl.gz,77,"{""season"": ""2015-16"", ""start_year"": 2015, ""page_title"": ""2015-16 NBA Transactions | Basketball-Reference.com"", ""section"": ""Signings"", ""subsection"": ""July 10, 2015"", ""table_index"": null, ""table_classes"": [], ""row_index"": 76, ""cells"": [""July 10, 2015"", ""The Cleveland Cavaliers signed Mo Williams to a multi-year contract.""], ""links"": [{""text"": ""Cleveland Cavaliers"", ""title"": null, ""href"": ""/teams/CLE/2016.html""}, {""text"": ""Mo Williams"", ""title"": null, ""href"": ""/players/w/willima01.html""}], ""date_hint"": ""July 10"", ""exact_date"": ""July 10, 2015"", ""source"": ""Basketball-Reference via Internet Archive"", ""source_url"": ""https://web.archive.org/web/20220629030608id_/https://www.basketball-reference.com/leagues/NBA_2016_transactions.html""}"
2004-05,2590,1610612749,team_trb_all_players/impact_database/historical_transactions/basketball_reference_uniform/season_rows/2008-09.jsonl.gz,63,"{""season"": ""2008-09"", ""start_year"": 2008, ""page_title"": ""2008-09 NBA Transactions | Basketball-Reference.com"", ""section"": ""Trades"", ""subsection"": ""August 13, 2008"", ""table_index"": null, ""table_classes"": [], ""row_index"": 62, ""cells"": [""August 13, 2008"", ""In a 3-team trade, the Cleveland Cavaliers traded Damon Jones to the Milwaukee Bucks ; the Cleveland Cavaliers traded Joe Smith to the Oklahoma City Thunder ; the Milwaukee Bucks traded Mo Williams to the Cleveland Cavaliers ; the Milwaukee Bucks traded Desmond Mason to the Oklahoma City Thunder ; and  the Oklahoma City Thunder traded Adrian Griffin and Luke Ridnour to the Milwaukee Bucks .""], ""links"": [{""text"": ""Cleveland Cavaliers"", ""title"": null, ""href"": ""/teams/CLE/2009.html""}, {""text"": ""Damon Jones"", ""title"": null, ""href"": ""/players/j/jonesda01.html""}, {""text"": ""Milwaukee Bucks"", ""title"": null, ""href"": ""/teams/MIL/2009.html""}, {""text"": ""Cleveland Cavaliers"", ""title"": null, ""href"": ""/teams/CLE/2009.html""}, {""text"": ""Joe Smith"", ""title"": null, ""href"": ""/players/s/smithjo02.html""}, {""text"": ""Oklahoma City Thunder"", ""title"": null, ""href"": ""/teams/OKC/2009.html""}, {""text"": ""Milwaukee Bucks"", ""title"": null, ""href"": ""/teams/MIL/2009.html""}, {""text"": ""Mo Williams"", ""title"": null, ""href"": ""/players/w/willima01.html""}, {""text"": ""Cleveland Cavaliers"", ""title"": null, ""href"": ""/teams/CLE/2009.html""}, {""text"": ""Milwaukee Bucks"", ""title"": null, ""href"": ""/teams/MIL/2009.html""}, {""text"": ""Desmond Mason"", ""title"": null, ""href"": ""/players/m/masonde01.html""}, {""text"": ""Oklahoma City Thunder"", ""title"": null, ""href"": ""/teams/OKC/2009.html""}, {""text"": ""Oklahoma City Thunder"", ""title"": null, ""href"": ""/teams/OKC/2009.html""}, {""text"": ""Adrian Griffin"", ""title"": null, ""href"": ""/players/g/griffad01.html""}, {""text"": ""Luke Ridnour"", ""title"": null, ""href"": ""/players/r/ridnolu01.html""}, {""text"": ""Milwaukee Bucks"", ""title"": null, ""href"": ""/teams/MIL/2009.html""}], ""date_hint"": ""August 13"", ""exact_date"": ""August 13, 2008"", ""source"": ""Basketball-Reference via Internet Archive"", ""source_url"": ""https://web.archive.org/web/20220519122233id_/https://www.basketball-reference.com/leagues/NBA_2009_transactions.html""}"
2004-05,2590,1610612749,team_trb_all_players/impact_database/historical_transactions/basketball_reference_uniform/season_rows/2013-14.jsonl.gz,162,"{""season"": ""2013-14"", ""start_year"": 2013, ""page_title"": ""2013-14 NBA Transactions | Basketball-Reference.com"", ""section"": ""Signings"", ""subsection"": ""August 8, 2013"", ""table_index"": null, ""table_classes"": [], ""row_index"": 161, ""cells"": [""August 8, 2013"", ""The Portland Trail Blazers signed Mo Williams as a free agent.""], ""links"": [{""text"": ""Portland Trail Blazers"", ""title"": null, ""href"": ""/teams/POR/2014.html""}, {""text"": ""Mo Williams"", ""title"": null, ""href"": ""/players/w/willima01.html""}], ""date_hint"": ""August 8"", ""exact_date"": ""August 8, 2013"", ""source"": ""Basketball-Reference via Internet Archive"", ""source_url"": ""https://web.archive.org/web/20221209194421id_/https://www.basketball-reference.com/leagues/NBA_2014_transactions.html""}"
2004-05,2590,1610612749,team_trb_all_players/impact_database/historical_transactions/basketball_reference_uniform/raw_pages/2004-05.html.gz,715,"<li><span>July 6, 2004</span><p>The <a data-attr-from=""NJN"" href=""/teams/NJN/2005.html"">New Jersey Nets</a> waived <a href=""/players/g/gilled01.html"">Eddie Gill</a>.</p></li><li><span>July 14, 2004</span><p>The <a data-attr-to=""TOR"" href=""/teams/TOR/2005.html"">Toronto Raptors</a> signed <a href=""/players/a/alstora01.html"">Rafer Alston</a> as a free agent.</p><p>The <a data-attr-from=""LAL"" href=""/teams/LAL/2005.html"">Los Angeles Lakers</a> traded <a href=""/players/o/onealsh01.html"">Shaquille O'Neal</a> to the <a data-attr-to=""MIA"" href=""/teams/MIA/2005.html"">Miami Heat</a> for <a href=""/players/b/butleca01.html"">Caron Butler</a>, <a href=""/players/g/grantbr01.html"">Brian Grant</a>, <a href=""/players/o/odomla01.html"">Lamar Odom</a>, a 2006 1st round draft pick (<a href=""/players/f/farmajo01.html"">Jordan Farmar</a> was later selected) and a 2007 2nd round draft pick (<a href=""/players/s/seibure01.html"">Renaldas Seibutis</a> was later selected).</p><p>The <a data-attr-to=""MEM"" href=""/teams/MEM/2005.html"">Memphis Grizzlies</a> signed <a href=""/players/c/cardibr01.html"">Brian Cardinal</a> as a free agent.</p><p>The <a data-attr-from=""CHA"" href=""/teams/CHA/2005.html"">Charlotte Bobcats</a> traded a 2005 2nd round draft pick (<a href=""/players/e/ewingda01.html"">Daniel Ewing</a> was later selected) and a 2006 2nd round draft pick (<a href=""/players/d/davispa01.html"">Paul Davis</a> was later selected) to the <a data-attr-to=""LAC"" href=""/teams/LAC/2005.html"">Los Angeles Clippers</a> for <a href=""/players/e/elyme01.html"">Melvin Ely</a> and <a href=""/players/h/houseed01.html"">Eddie House</a>.</p><p>The <a data-attr-to=""CHA"" href=""/teams/CHA/2005.html"">Charlotte Bobcats</a> signed <a href=""/players/h/hartja01.html"">Jason Hart</a> as a free agent.</p><p>The <a data-attr-to=""PHO"" href=""/teams/PHO/2005.html"">Phoenix Suns</a> signed <a href=""/players/n/nashst01.html"">Steve Nash</a> as a free agent.</p><p>The <a data-attr-to=""PHI"" href=""/teams/PHI/2005.html"">Philadelphia 76ers</a> signed <a href=""/players/s/skinnbr01.html"">Brian Skinner</a> as a free agent.</p><p>The <a data-attr-to=""ORL"" href=""/teams/ORL/2005.html"">Orlando Magic</a> signed <a href=""/players/t/turkohe01.html"">Hedo Türkoğlu</a> as a free agent.</p></li><li><span>July 15, 2004</span><p>The <a data-attr-to=""SAS"" href=""/teams/SAS/2005.html"">San Antonio Spurs</a> signed <a href=""/players/b/barrybr01.html"">Brent Barry</a> as a free agent.</p><p>The <a data-attr-to=""MIA"" href=""/teams/MIA/2005.html"">Miami Heat</a> signed <a href=""/players/d/doleami01.html"">Michael Doleac</a> as a free agent.</p><p>The <a data-attr-to=""POR"" href=""/teams/POR/2005.html"">Portland Trail Blazers</a> signed <a href=""/players/f/frahmri01.html"">Richie Frahm</a> as a free agent.</p><p>The <a data-attr-from=""ATL"" href=""/teams/ATL/2005.html"">Atlanta Hawks</a> traded <a href=""/players/j/jacksst02.html"">Stephen Jackson</a> to the <a data-attr-to=""IND"" href=""/teams/IND/2005.html"">Indiana Pacers</a> for <a href=""/players/h/harrial01.html"">Al Harrington</a>.</p><p>The <a data-attr-from=""DEN"" href=""/teams/DEN/2005.html"">Denver Nuggets</a> traded a 2005 1st round draft pick (<a href=""/players/g/grahajo01.html"">Joey Graham</a> was later selected), a 2006 1st round draft pick (<a href=""/players/b/balkmre01.html"">Renaldo Balkman</a> was later selected) and a 2006 1st round draft pick (<a href=""/players/w/willima03.html"">Marcus Williams</a> was later selected) to the <a data-attr-to=""NJN"" href=""/teams/NJN/2005.html"">New Jersey Nets</a> for <a href=""/players/m/martike01.html"">Kenyon Martin</a>.</p><p>The <a data-attr-to=""SAS"" href=""/teams/SAS/2005.html"">San Antonio Spurs</a> signed <a href=""/players/g/ginobma01.html"">Manu Ginóbili</a> to a multi-year contract.</p></li><li><span>July 16, 2004</span><p>The <a data-attr-to=""GSW"" href=""/teams/GSW/2005.html"">Golden State Warriors</a> signed <a href=""/players/f/fishede01.html"">Derek Fisher</a> as a free agent.</p><p>The <a data-attr-to=""DET"" href=""/teams/DET/2005.html"">Detroit Piston"
2004-05,2590,1610612749,team_trb_all_players/impact_database/historical_transactions/basketball_reference_uniform/raw_pages/2008-09.html.gz,690,"<li><span>July 3, 2008</span><p>The <a data-attr-to=""DAL"" href=""/teams/DAL/2009.html"">Dallas Mavericks</a> signed <a href=""/players/g/greenge01.html"">Gerald Green</a> as a free agent.</p></li><li><span>July 8, 2008</span><p>The <a data-attr-to=""TOR"" href=""/teams/TOR/2009.html"">Toronto Raptors</a> signed <a href=""/players/a/adamsha01.html"">Hassan Adams</a> as a free agent.</p></li><li><span>July 9, 2008</span><p>The <a data-attr-from=""IND"" href=""/teams/IND/2009.html"">Indiana Pacers</a> traded <a href=""/players/j/jawaina01.html"">Nathan Jawai</a> and <a href=""/players/o/onealje01.html"">Jermaine O'Neal</a> to the <a data-attr-to=""TOR"" href=""/teams/TOR/2009.html"">Toronto Raptors</a> for <a href=""/players/b/bastoma01.html"">Maceo Baston</a>, <a href=""/players/f/fordtj01.html"">T.J. Ford</a>, <a href=""/players/h/hibbero01.html"">Roy Hibbert</a> and <a href=""/players/n/nestera01.html"">Rasho Nesterović</a>.</p><p>The <a data-attr-from=""MIN"" href=""/teams/MIN/2009.html"">Minnesota Timberwolves</a> traded a 2010 2nd round draft pick to the <a data-attr-to=""PHI"" href=""/teams/PHI/2009.html"">Philadelphia 76ers</a> for <a href=""/players/b/boothca01.html"">Calvin Booth</a>, <a href=""/players/c/carnero01.html"">Rodney Carney</a>, cash and a 2010 1st round draft pick (<a href=""/players/b/booketr01.html"">Trevor Booker</a> was later selected). Philadelphia did not receive the 2nd round draft pick beacuse it was top 55 protected.</p><p>The <a data-attr-to=""PHI"" href=""/teams/PHI/2009.html"">Philadelphia 76ers</a> signed <a href=""/players/b/brandel01.html"">Elton Brand</a> as a free agent.</p><p>The <a data-attr-to=""LAC"" href=""/teams/LAC/2009.html"">Los Angeles Clippers</a> signed <a href=""/players/d/davisba01.html"">Baron Davis</a> as a free agent.</p><p>The <a data-attr-from=""IND"" href=""/teams/IND/2009.html"">Indiana Pacers</a> traded <a href=""/players/b/bayleje01.html"">Jerryd Bayless</a> and <a href=""/players/d/dioguik01.html"">Ike Diogu</a> to the <a data-attr-to=""POR"" href=""/teams/POR/2009.html"">Portland Trail Blazers</a> for <a href=""/players/j/jackja01.html"">Jarrett Jack</a>, <a href=""/players/m/mcrobjo01.html"">Josh McRoberts</a> and <a href=""/players/r/rushbr01.html"">Brandon Rush</a>.</p><p>The <a data-attr-to=""DAL"" href=""/teams/DAL/2009.html"">Dallas Mavericks</a> signed <a href=""/players/d/diopde01.html"">DeSagana Diop</a> as a free agent.</p><p>The <a data-attr-to=""NYK"" href=""/teams/NYK/2009.html"">New York Knicks</a> signed <a href=""/players/d/duhonch01.html"">Chris Duhon</a> as a free agent.</p><p>The <a data-attr-to=""MIA"" href=""/teams/MIA/2009.html"">Miami Heat</a> signed <a href=""/players/j/jonesja02.html"">James Jones</a> as a free agent.</p></li><li><span>July 10, 2008</span><p>The <a data-attr-to=""WAS"" href=""/teams/WAS/2009.html"">Washington Wizards</a> signed <a href=""/players/b/brownde03.html"">Dee Brown</a> as a free agent.</p><p>The <a data-attr-from=""LAC"" href=""/teams/LAC/2009.html"">Los Angeles Clippers</a> released <a href=""/players/l/livinsh01.html"">Shaun Livingston</a>.</p><p>The <a data-attr-to=""HOU"" href=""/teams/HOU/2009.html"">Houston Rockets</a> signed <a href=""/players/b/barrybr01.html"">Brent Barry</a> as a free agent.</p><p>The <a data-attr-to=""GSW"" href=""/teams/GSW/2009.html"">Golden State Warriors</a> signed <a href=""/players/m/maggeco01.html"">Corey Maggette</a> as a free agent.</p><p>The <a data-attr-to=""ORL"" href=""/teams/ORL/2009.html"">Orlando Magic</a> signed <a href=""/players/p/pietrmi01.html"">Mickaël Piétrus</a> as a free agent.</p><p>The <a data-attr-from=""LAC"" href=""/teams/LAC/2009.html"">Los Angeles Clippers</a> waived <a href=""/players/d/dickada01.html"">Dan Dickau</a>.</p></li><li><span>July 11, 2008</span><p>The <a data-attr-to=""DAL"" href=""/teams/DAL/2009.html"">Dallas Mavericks</a> signed <a href=""/players/s/singlja01.html"">James Singleton</a> as a free agent.</p><p>The <a data-attr-to=""SAS"" href=""/teams/SAS/2009.html"">San Antonio Spurs</a> signed <a href=""/players/m/masonro01.html"">Roger Mason</a> as a free agent.</p><p>The <a d"
2004-05,2590,1610612749,team_trb_all_players/impact_database/historical_transactions/basketball_reference_uniform/raw_pages/2014-15.html.gz,715,"<li><span>July 2, 2014</span><p>The <a data-attr-to=""BRK"" href=""/teams/BRK/2015.html"">Brooklyn Nets</a> hired <a href=""/coaches/hollili01c.html"">Lionel Hollins</a> as Head Coach.</p><p>The <a data-attr-from=""ORL"" href=""/teams/ORL/2015.html"">Orlando Magic</a> waived <a href=""/players/p/pricero01.html"">Ronnie Price</a>.</p><p>The <a data-attr-to=""ORL"" href=""/teams/ORL/2015.html"">Orlando Magic</a> signed <a href=""/players/p/paytoel01.html"">Elfrid Payton</a> to a multi-year contract.</p><p>The <a data-attr-to=""IND"" href=""/teams/IND/2015.html"">Indiana Pacers</a> signed <a href=""/players/w/whittsh01.html"">Shayne Whittington</a> to a multi-year contract.</p><p>The <a data-attr-to=""ORL"" href=""/teams/ORL/2015.html"">Orlando Magic</a> signed <a href=""/players/g/gordoaa01.html"">Aaron Gordon</a> to a multi-year contract.</p></li><li><span>July 3, 2014</span><p>The <a data-attr-to=""OKC"" href=""/teams/OKC/2015.html"">Oklahoma City Thunder</a> signed <a href=""/players/m/mcgarmi01.html"">Mitch McGary</a> to a multi-year contract.</p></li><li><span>July 4, 2014</span><p>The <a data-attr-from=""ORL"" href=""/teams/ORL/2015.html"">Orlando Magic</a> waived <a href=""/players/m/maxieja01.html"">Jason Maxiell</a>.</p></li><li><span>July 5, 2014</span><p>The <a data-attr-to=""BOS"" href=""/teams/BOS/2015.html"">Boston Celtics</a> signed <a href=""/players/s/smartma01.html"">Marcus Smart</a> to a multi-year contract.</p></li><li><span>July 6, 2014</span><p>The <a data-attr-to=""MEM"" href=""/teams/MEM/2015.html"">Memphis Grizzlies</a> signed <a href=""/players/a/adamsjo01.html"">Jordan Adams</a> to a multi-year contract.</p></li><li><span>July 7, 2014</span><p>The <a data-attr-to=""MEM"" href=""/teams/MEM/2015.html"">Memphis Grizzlies</a> signed <a href=""/players/r/randoza01.html"">Zach Randolph</a> to a contract extension.</p><p>The <a data-attr-to=""MIN"" href=""/teams/MIN/2015.html"">Minnesota Timberwolves</a> signed <a href=""/players/l/lavinza01.html"">Zach LaVine</a> to a multi-year contract.</p><p>The <a data-attr-to=""SAS"" href=""/teams/SAS/2015.html"">San Antonio Spurs</a> signed <a href=""/players/c/cottobr01.html"">Bryce Cotton</a> to a multi-year contract.</p><p>The <a data-attr-from=""TOR"" href=""/teams/TOR/2015.html"">Toronto Raptors</a> waived <a href=""/players/s/stoneju01.html"">Julyan Stone</a>.</p></li><li><span>July 8, 2014</span><p>The <a data-attr-to=""SAC"" href=""/teams/SAC/2015.html"">Sacramento Kings</a> signed <a href=""/players/s/stausni01.html"">Nik Stauskas</a> to a multi-year contract.</p><p>The <a data-attr-to=""MIL"" href=""/teams/MIL/2015.html"">Milwaukee Bucks</a> signed <a href=""/players/p/parkeja01.html"">Jabari Parker</a> to a multi-year contract.</p><p>The <a data-attr-to=""DEN"" href=""/teams/DEN/2015.html"">Denver Nuggets</a> signed <a href=""/players/h/harriga01.html"">Gary Harris</a> to a multi-year contract.</p><p>The <a data-attr-to=""TOR"" href=""/teams/TOR/2015.html"">Toronto Raptors</a> signed <a href=""/players/c/cabocbr01.html"">Bruno Caboclo</a> to a multi-year contract.</p></li><li><span>July 9, 2014</span><p>The <a data-attr-to=""TOR"" href=""/teams/TOR/2015.html"">Toronto Raptors</a> re-signed <a href=""/players/l/lowryky01.html"">Kyle Lowry</a>.</p></li><li><span>July 10, 2014</span><p>The <a data-attr-to=""ATL"" href=""/teams/ATL/2015.html"">Atlanta Hawks</a> signed <a href=""/players/s/sefolth01.html"">Thabo Sefolosha</a> to a multi-year contract.</p><p>The <a data-attr-to=""CLE"" href=""/teams/CLE/2015.html"">Cleveland Cavaliers</a> signed <a href=""/players/i/irvinky01.html"">Kyrie Irving</a> to a contract extension.</p><p>In a 3-team trade, the <a data-attr-from=""BRK"" href=""/teams/BRK/2015.html"">Brooklyn Nets</a> traded <a href=""/players/t/thornma01.html"">Marcus Thornton</a> to the <a data-attr-to=""BOS"" href=""/teams/BOS/2015.html"">Boston Celtics</a>; the <a data-attr-from=""BRK"" href=""/teams/BRK/2015.html"">Brooklyn Nets</a> traded <a href=""/players/b/bavcied01.html"">Edin Bavčić</a> and <a href=""/players/k/karamil01.html"">İlkan Karaman</a> to the <a data-attr-to=""CLE"" href=""/"
2004-05,2590,1610612749,team_trb_all_players/impact_database/historical_transactions/basketball_reference_uniform/raw_pages/2010-11.html.gz,707,"<li><span>July 1, 2010</span><p>The <a data-attr-from=""MEM"" href=""/teams/MEM/2011.html"">Memphis Grizzlies</a> waived <a href=""/players/h/hudsole01.html"">Lester Hudson</a>.</p><p>The <a data-attr-to=""NJN"" href=""/teams/NJN/2011.html"">New Jersey Nets</a> signed <a href=""/players/u/uzohbe01.html"">Ben Uzoh</a> as a free agent.</p></li><li><span>July 2, 2010</span><p>The <a data-attr-to=""CLE"" href=""/teams/CLE/2011.html"">Cleveland Cavaliers</a> hired <a href=""/coaches/scottby01c.html"">Byron Scott</a> as Head Coach.</p></li><li><span>July 7, 2010</span><p>The <a data-attr-to=""POR"" href=""/teams/POR/2011.html"">Portland Trail Blazers</a> signed <a href=""/players/w/williel01.html"">Elliot Williams</a> to a multi-year contract.</p></li><li><span>July 8, 2010</span><p>The <a data-attr-from=""CHI"" href=""/teams/CHI/2011.html"">Chicago Bulls</a> traded <a href=""/players/w/warriha01.html"">Hakim Warrick</a> to the <a data-attr-to=""PHO"" href=""/teams/PHO/2011.html"">Phoenix Suns</a> for a 2011 2nd round draft pick (<a href=""/players/j/jenkich01.html"">Charles Jenkins</a> was later selected).</p><p>The <a data-attr-to=""LAL"" href=""/teams/LAL/2011.html"">Los Angeles Lakers</a> signed <a href=""/players/b/blakest01.html"">Steve Blake</a> as a free agent.</p><p>The <a data-attr-to=""ORL"" href=""/teams/ORL/2011.html"">Orlando Magic</a> signed <a href=""/players/d/duhonch01.html"">Chris Duhon</a> as a free agent.</p><p>The <a data-attr-to=""LAC"" href=""/teams/LAC/2011.html"">Los Angeles Clippers</a> signed <a href=""/players/f/foyera01.html"">Randy Foye</a> as a free agent.</p><p>The <a data-attr-to=""LAC"" href=""/teams/LAC/2011.html"">Los Angeles Clippers</a> signed <a href=""/players/g/gomesry01.html"">Ryan Gomes</a> as a free agent.</p><p>The <a data-attr-to=""MIL"" href=""/teams/MIL/2011.html"">Milwaukee Bucks</a> signed <a href=""/players/g/goodedr01.html"">Drew Gooden</a> as a free agent.</p><p>The <a data-attr-to=""NJN"" href=""/teams/NJN/2011.html"">New Jersey Nets</a> signed <a href=""/players/o/outlatr01.html"">Travis Outlaw</a> as a free agent.</p><p>The <a data-attr-from=""NYK"" href=""/teams/NYK/2011.html"">New York Knicks</a> traded a 2012 2nd round draft pick to the <a data-attr-to=""PHO"" href=""/teams/PHO/2011.html"">Phoenix Suns</a> for <a href=""/players/s/stoudam01.html"">Amar'e Stoudemire</a>. Phoenix also received a trade exception from New York. Phoenix did not receive the 2nd round draft pick because it was top 55 protected.</p><p>The <a data-attr-from=""CHI"" href=""/teams/CHI/2011.html"">Chicago Bulls</a> traded <a href=""/players/a/austima01.html"">Mario Austin</a> to the <a data-attr-to=""UTA"" href=""/teams/UTA/2011.html"">Utah Jazz</a> for <a href=""/players/b/boozeca01.html"">Carlos Boozer</a> and a 2011 2nd round draft pick (<a href=""/players/l/leema01.html"">Malcolm Lee</a> was later selected).</p></li><li><span>July 9, 2010</span><p>The <a data-attr-from=""GSW"" href=""/teams/GSW/2011.html"">Golden State Warriors</a> traded <a href=""/players/a/azubuke01.html"">Kelenna Azubuike</a>, <a href=""/players/r/randoan01.html"">Anthony Randolph</a>, <a href=""/players/t/turiaro01.html"">Ronny Turiaf</a>, a 2012 2nd round draft pick (<a href=""/players/m/millequ01.html"">Quincy Miller</a> was later selected) and a 2013 2nd round draft pick (<a href=""/players/o/osbyro01.html"">Romero Osby</a> was later selected) to the <a data-attr-to=""NYK"" href=""/teams/NYK/2011.html"">New York Knicks</a> for <a href=""/players/l/leeda02.html"">David Lee</a>.</p><p>The <a data-attr-to=""LAC"" href=""/teams/LAC/2011.html"">Los Angeles Clippers</a> signed <a href=""/players/c/cookbr01.html"">Brian Cook</a> as a free agent.</p><p>The <a data-attr-to=""MIA"" href=""/teams/MIA/2011.html"">Miami Heat</a> signed <a href=""/players/w/wadedw01.html"">Dwyane Wade</a> to a multi-year contract.</p></li><li><span>July 10, 2010</span><p>The <a data-attr-from=""CLE"" href=""/teams/CLE/2011.html"">Cleveland Cavaliers</a> traded <a href=""/players/j/jamesle01.html"">LeBron James</a> to the <a data-attr-to=""MIA"" href=""/teams/MIA/2011.html"">Miami Heat</a> "
2004-05,2590,1610612749,team_trb_all_players/impact_database/historical_transactions/basketball_reference_uniform/raw_pages/2013-14.html.gz,715,"<li><span>July 3, 2013</span><p>The <a data-attr-to=""IND"" href=""/teams/IND/2014.html"">Indiana Pacers</a> signed <a href=""/players/s/sloando01.html"">Donald Sloan</a> as a free agent.</p><p>The <a data-attr-to=""BOS"" href=""/teams/BOS/2014.html"">Boston Celtics</a> hired <a href=""/coaches/stevebr99c.html"">Brad Stevens</a> as Head Coach.</p></li><li><span>July 6, 2013</span><p>The <a data-attr-to=""UTA"" href=""/teams/UTA/2014.html"">Utah Jazz</a> signed <a href=""/players/b/burketr01.html"">Trey Burke</a>.</p><p>The <a data-attr-to=""UTA"" href=""/teams/UTA/2014.html"">Utah Jazz</a> signed <a href=""/players/g/goberru01.html"">Rudy Gobert</a>.</p></li><li><span>July 7, 2013</span><p>The <a data-attr-from=""MIN"" href=""/teams/MIN/2014.html"">Minnesota Timberwolves</a> waived <a href=""/players/g/gelabmi01.html"">Mickaël Gelabale</a>.</p><p>The <a data-attr-from=""MIN"" href=""/teams/MIN/2014.html"">Minnesota Timberwolves</a> waived <a href=""/players/s/stiemgr01.html"">Greg Stiemsma</a>.</p><p>The <a data-attr-to=""BOS"" href=""/teams/BOS/2014.html"">Boston Celtics</a> signed <a href=""/players/o/olynyke01.html"">Kelly Olynyk</a>.</p></li><li><span>July 8, 2013</span><p>The <a data-attr-to=""OKC"" href=""/teams/OKC/2014.html"">Oklahoma City Thunder</a> signed <a href=""/players/r/roberan03.html"">Andre Roberson</a>.</p><p>The <a data-attr-to=""LAC"" href=""/teams/LAC/2014.html"">Los Angeles Clippers</a> signed <a href=""/players/b/bullore01.html"">Reggie Bullock</a>.</p><p>The <a data-attr-to=""NYK"" href=""/teams/NYK/2014.html"">New York Knicks</a> signed <a href=""/players/h/hardati02.html"">Tim Hardaway Jr.</a>.</p><p>The <a data-attr-to=""NYK"" href=""/teams/NYK/2014.html"">New York Knicks</a> signed <a href=""/players/l/leslicj01.html"">C.J. Leslie</a>.</p><p>The <a data-attr-to=""WAS"" href=""/teams/WAS/2014.html"">Washington Wizards</a> signed <a href=""/players/p/porteot01.html"">Otto Porter</a>.</p><p>The <a data-attr-to=""WAS"" href=""/teams/WAS/2014.html"">Washington Wizards</a> signed <a href=""/players/r/ricegl02.html"">Glen Rice Jr.</a>.</p></li><li><span>July 9, 2013</span><p>The <a data-attr-from=""LAC"" href=""/teams/LAC/2014.html"">Los Angeles Clippers</a> waived <a href=""/players/s/summeda01.html"">DaJuan Summers</a>.</p></li><li><span>July 10, 2013</span><p>The <a data-attr-to=""WAS"" href=""/teams/WAS/2014.html"">Washington Wizards</a> signed <a href=""/players/m/maynoer01.html"">Eric Maynor</a> as a free agent.</p><p>The <a data-attr-from=""NYK"" href=""/teams/NYK/2014.html"">New York Knicks</a> traded <a href=""/players/c/cambyma01.html"">Marcus Camby</a>, <a href=""/players/n/novakst01.html"">Steve Novak</a>, <a href=""/players/r/richaqu01.html"">Quentin Richardson</a>, a 2014 2nd round draft pick (<a href=""/players/t/thamexa01.html"">Xavier Thames</a> was later selected), a 2016 1st round draft pick (<a href=""/players/p/poeltja01.html"">Jakob Pöltl</a> was later selected) and a 2017 2nd round draft pick (<a href=""/players/b/boldejo01.html"">Jonah Bolden</a> was later selected) to the <a data-attr-to=""TOR"" href=""/teams/TOR/2014.html"">Toronto Raptors</a> for <a href=""/players/b/bargnan01.html"">Andrea Bargnani</a>.</p><p>The <a data-attr-to=""POR"" href=""/teams/POR/2014.html"">Portland Trail Blazers</a> signed <a href=""/players/w/wrighdo01.html"">Dorell Wright</a> as a free agent.</p><p>The <a data-attr-to=""NOP"" href=""/teams/NOP/2014.html"">New Orleans Pelicans</a> signed <a href=""/players/s/stiemgr01.html"">Greg Stiemsma</a> as a free agent.</p><p>The <a data-attr-from=""NOP"" href=""/teams/NOP/2014.html"">New Orleans Pelicans</a> waived <a href=""/players/t/thomala01.html"">Lance Thomas</a>.</p><p>In a 3-team trade, the <a data-attr-from=""LAC"" href=""/teams/LAC/2014.html"">Los Angeles Clippers</a> traded a 2016 2nd round draft pick (<a href=""/players/p/paigema01.html"">Marcus Paige</a> was later selected) to the <a data-attr-to=""MIL"" href=""/teams/MIL/2014.html"">Milwaukee Bucks</a>; the <a data-attr-from=""LAC"" href=""/teams/LAC/2014.html"">Los Angeles Clippers</a> traded <a href=""/players/b/bledser01.html"">Eric Bl"
2004-05,2590,1610612749,team_trb_all_players/impact_database/historical_transactions/basketball_reference_uniform/raw_pages/2015-16.html.gz,707,"<li><span>July 1, 2015</span><p>The <a data-attr-to=""BRK"" href=""/teams/BRK/2016.html"">Brooklyn Nets</a> signed <a href=""/players/m/mcculch01.html"">Chris McCullough</a> to a multi-year contract.</p></li><li><span>July 2, 2015</span><p>The <a data-attr-to=""BRK"" href=""/teams/BRK/2016.html"">Brooklyn Nets</a> signed <a href=""/players/b/boatrry01.html"">Ryan Boatright</a> to a multi-year contract.</p><p>The <a data-attr-to=""CHO"" href=""/teams/CHO/2016.html"">Charlotte Hornets</a> signed <a href=""/players/k/kaminfr01.html"">Frank Kaminsky</a> to a multi-year contract.</p></li><li><span>July 3, 2015</span><p>The <a data-attr-to=""TOR"" href=""/teams/TOR/2016.html"">Toronto Raptors</a> signed <a href=""/players/w/wrighde01.html"">Delon Wright</a> to a multi-year contract.</p><p>The <a data-attr-to=""MIA"" href=""/teams/MIA/2016.html"">Miami Heat</a> signed <a href=""/players/w/winslju01.html"">Justise Winslow</a> to a multi-year contract.</p></li><li><span>July 6, 2015</span><p>The <a data-attr-to=""BRK"" href=""/teams/BRK/2016.html"">Brooklyn Nets</a> signed <a href=""/players/h/holliro01.html"">Rondae Hollis-Jefferson</a> to a multi-year contract.</p><p>The <a data-attr-to=""PHI"" href=""/teams/PHI/2016.html"">Philadelphia 76ers</a> signed <a href=""/players/o/okafoja01.html"">Jahlil Okafor</a> to a multi-year contract.</p></li><li><span>July 7, 2015</span><p>The <a data-attr-to=""MIN"" href=""/teams/MIN/2016.html"">Minnesota Timberwolves</a> signed <a href=""/players/j/jonesty01.html"">Tyus Jones</a> to a multi-year contract.</p><p>The <a data-attr-to=""MIN"" href=""/teams/MIN/2016.html"">Minnesota Timberwolves</a> signed <a href=""/players/t/townska01.html"">Karl-Anthony Towns</a> to a multi-year contract.</p><p>The <a data-attr-to=""UTA"" href=""/teams/UTA/2016.html"">Utah Jazz</a> signed <a href=""/players/l/lylestr01.html"">Trey Lyles</a> to a multi-year contract.</p><p>The <a data-attr-to=""CHI"" href=""/teams/CHI/2016.html"">Chicago Bulls</a> signed <a href=""/players/p/portibo01.html"">Bobby Portis</a> to a multi-year contract.</p></li><li><span>July 8, 2015</span><p>The <a data-attr-to=""GSW"" href=""/teams/GSW/2016.html"">Golden State Warriors</a> signed <a href=""/players/l/looneke01.html"">Kevon Looney</a> to a multi-year contract.</p></li><li><span>July 9, 2015</span><p>The <a data-attr-to=""LAC"" href=""/teams/LAC/2016.html"">Los Angeles Clippers</a> signed <a href=""/players/j/johnswe01.html"">Wesley Johnson</a> to a multi-year contract.</p><p>The <a data-attr-from=""ATL"" href=""/teams/ATL/2016.html"">Atlanta Hawks</a> waived <a href=""/players/d/dayeau01.html"">Austin Daye</a>.</p><p>The <a data-attr-from=""TOR"" href=""/teams/TOR/2016.html"">Toronto Raptors</a> waived <a href=""/players/r/ridnolu01.html"">Luke Ridnour</a>.</p><p>The <a data-attr-to=""NYK"" href=""/teams/NYK/2016.html"">New York Knicks</a> signed <a href=""/players/a/afflaar01.html"">Arron Afflalo</a> to a multi-year contract.</p><p>The <a data-attr-to=""SAS"" href=""/teams/SAS/2016.html"">San Antonio Spurs</a> signed <a href=""/players/a/aldrila01.html"">LaMarcus Aldridge</a> to a multi-year contract.</p><p>The <a data-attr-to=""POR"" href=""/teams/POR/2016.html"">Portland Trail Blazers</a> signed <a href=""/players/a/aminual01.html"">Al-Farouq Aminu</a> to a multi-year contract.</p><p>The <a data-attr-to=""HOU"" href=""/teams/HOU/2016.html"">Houston Rockets</a> signed <a href=""/players/b/beverpa01.html"">Patrick Beverley</a> to a multi-year contract.</p><p>The <a data-attr-to=""LAL"" href=""/teams/LAL/2016.html"">Los Angeles Lakers</a> signed <a href=""/players/b/brownan02.html"">Anthony Brown</a> to a multi-year contract.</p><p>The <a data-attr-to=""CHI"" href=""/teams/CHI/2016.html"">Chicago Bulls</a> signed <a href=""/players/b/butleji01.html"">Jimmy Butler</a> to a multi-year contract.</p><p>The <a data-attr-to=""TOR"" href=""/teams/TOR/2016.html"">Toronto Raptors</a> signed <a href=""/players/c/carrode01.html"">DeMarre Carroll</a> to a multi-year contract.</p><p>The <a data-attr-to=""PHO"" href=""/teams/PHO/2016.html"">Phoenix Suns</a> signed <a href=""/players/c"
2004-05,2590,1610612749,team_trb_all_players/impact_database/historical_transactions/basketball_reference_uniform/raw_pages/2011-12.html.gz,715,"<li><span>September 12, 2011</span><p>The <a data-attr-to=""MIN"" href=""/teams/MIN/2012.html"">Minnesota Timberwolves</a> hired <a href=""/coaches/adelmri01c.html"">Rick Adelman</a> as Head Coach.</p></li><li><span>December 9, 2011</span><p>The <a data-attr-to=""ATL"" href=""/teams/ATL/2012.html"">Atlanta Hawks</a> signed <a href=""/players/m/mcgratr01.html"">Tracy McGrady</a> as a free agent.</p><p>The <a data-attr-to=""ATL"" href=""/teams/ATL/2012.html"">Atlanta Hawks</a> signed <a href=""/players/r/radmavl01.html"">Vladimir Radmanović</a> as a free agent.</p><p>The <a data-attr-to=""BOS"" href=""/teams/BOS/2012.html"">Boston Celtics</a> signed <a href=""/players/d/daniema01.html"">Marquis Daniels</a> as a free agent.</p><p>The <a data-attr-to=""BOS"" href=""/teams/BOS/2012.html"">Boston Celtics</a> signed <a href=""/players/w/wilcoch01.html"">Chris Wilcox</a> as a free agent.</p><p>The <a data-attr-from=""CLE"" href=""/teams/CLE/2012.html"">Cleveland Cavaliers</a> waived <a href=""/players/g/grahajo01.html"">Joey Graham</a>.</p><p>The <a data-attr-to=""CHA"" href=""/teams/CHA/2012.html"">Charlotte Bobcats</a> signed <a href=""/players/b/brownde04.html"">Derrick Brown</a> as a free agent.</p><p>The <a data-attr-to=""DAL"" href=""/teams/DAL/2012.html"">Dallas Mavericks</a> signed <a href=""/players/w/wrighbr03.html"">Brandan Wright</a> as a free agent.</p><p>The <a data-attr-from=""GSW"" href=""/teams/GSW/2012.html"">Golden State Warriors</a> waived <a href=""/players/l/linje01.html"">Jeremy Lin</a>.</p><p>The <a data-attr-to=""LAC"" href=""/teams/LAC/2012.html"">Los Angeles Clippers</a> signed <a href=""/players/b/butleca01.html"">Caron Butler</a> as a free agent.</p><p>The <a data-attr-to=""LAL"" href=""/teams/LAL/2012.html"">Los Angeles Lakers</a> signed <a href=""/players/k/kaponja01.html"">Jason Kapono</a> as a free agent.</p><p>The <a data-attr-to=""MIA"" href=""/teams/MIA/2012.html"">Miami Heat</a> signed <a href=""/players/b/battish01.html"">Shane Battier</a> as a free agent.</p><p>The <a data-attr-from=""BOS"" href=""/teams/BOS/2012.html"">Boston Celtics</a> traded <a href=""/players/m/miralal01.html"">Albert Miralles</a> to the <a data-attr-to=""MIL"" href=""/teams/MIL/2012.html"">Milwaukee Bucks</a> for <a href=""/players/d/doolike01.html"">Keyon Dooling</a> and a 2013 2nd round draft pick. Conditional 2013 2nd-rd pick did not convey</p><p>The <a data-attr-to=""NJN"" href=""/teams/NJN/2012.html"">New Jersey Nets</a> signed <a href=""/players/c/curryja01.html"">JamesOn Curry</a> as a free agent.</p><p>The <a data-attr-to=""NOH"" href=""/teams/NOH/2012.html"">New Orleans Hornets</a> signed <a href=""/players/j/johnstr01.html"">Trey Johnson</a> as a free agent.</p><p>The <a data-attr-to=""NOH"" href=""/teams/NOH/2012.html"">New Orleans Hornets</a> signed <a href=""/players/s/summeda01.html"">DaJuan Summers</a> as a free agent.</p><p>The <a data-attr-to=""NOH"" href=""/teams/NOH/2012.html"">New Orleans Hornets</a> signed <a href=""/players/t/thomala01.html"">Lance Thomas</a> as a free agent.</p><p>The <a data-attr-to=""ORL"" href=""/teams/ORL/2012.html"">Orlando Magic</a> signed <a href=""/players/h/hughela01.html"">Larry Hughes</a> as a free agent.</p><p>The <a data-attr-to=""ORL"" href=""/teams/ORL/2012.html"">Orlando Magic</a> signed <a href=""/players/p/pruitga01.html"">Gabe Pruitt</a> as a free agent.</p><p>The <a data-attr-from=""ORL"" href=""/teams/ORL/2012.html"">Orlando Magic</a> waived <a href=""/players/a/arenagi01.html"">Gilbert Arenas</a>.</p><p>The <a data-attr-to=""PHI"" href=""/teams/PHI/2012.html"">Philadelphia 76ers</a> signed <a href=""/players/a/anderan02.html"">Antonio Anderson</a> as a free agent.</p><p>The <a data-attr-to=""PHI"" href=""/teams/PHI/2012.html"">Philadelphia 76ers</a> signed <a href=""/players/j/jonesdw02.html"">Dwayne Jones</a> as a free agent.</p><p>The <a data-attr-from=""PHO"" href=""/teams/PHO/2012.html"">Phoenix Suns</a> waived <a href=""/players/c/cartevi01.html"">Vince Carter</a>.</p><p>The <a data-attr-from=""PHO"" href=""/teams/PHO/2012.html"">Phoenix Suns</a> waived <a href=""/players/l/lawalga01.html"">Gani Lawal</a>"
2004-05,2863,1610612760,team_trb_all_players/impact_database/roster_tenure/normalized_transactions.jsonl.gz,2008,"{""exact_date"": ""2004-10-04"", ""season"": ""2004-05"", ""event_type"": ""acquire"", ""player_id"": ""2863"", ""player_name"": ""Damien Wilkins"", ""source_player_ref"": null, ""source_team_id"": null, ""destination_team_id"": 1610612760, ""source_team_name"": null, ""destination_team_name"": ""Seattle SuperSonics"", ""source_system"": ""RealGM league transaction history"", ""source_reference"": ""https://basketball.realgm.com/nba/transactions/league/2005"", ""identity_resolution"": ""realgm_name+core_team_context"", ""team_resolution"": ""realgm_historical_team_alias"", ""raw_text"": ""Damien Wilkins signed a contract with the Seattle SuperSonics."", ""confidence"": ""high"", ""realgm_subtype"": ""signing""}"
2004-05,2863,1610612760,team_trb_all_players/impact_database/roster_tenure/normalized_transactions.jsonl.gz,2296,"{""exact_date"": ""2005-07-01"", ""season"": ""2005-06"", ""event_type"": ""depart"", ""player_id"": ""2863"", ""player_name"": ""Damien Wilkins"", ""source_player_ref"": null, ""source_team_id"": 1610612760, ""destination_team_id"": null, ""source_team_name"": ""Seattle SuperSonics"", ""destination_team_name"": null, ""source_system"": ""RealGM league transaction history"", ""source_reference"": ""https://basketball.realgm.com/nba/transactions/league/2006"", ""identity_resolution"": ""realgm_name+core_team_context"", ""team_resolution"": ""realgm_historical_team_alias"", ""raw_text"": ""Damien Wilkins, previously with the Seattle SuperSonics, became a free agent."", ""confidence"": ""high"", ""realgm_subtype"": ""free_agent""}"
2004-05,2863,1610612760,team_trb_all_players/impact_database/roster_tenure/normalized_transactions.jsonl.gz,2462,"{""exact_date"": ""2005-08-29"", ""season"": ""2005-06"", ""event_type"": ""acquire"", ""player_id"": ""2863"", ""player_name"": ""Damien Wilkins"", ""source_player_ref"": null, ""source_team_id"": null, ""destination_team_id"": 1610612760, ""source_team_name"": null, ""destination_team_name"": ""Seattle SuperSonics"", ""source_system"": ""RealGM league transaction history"", ""source_reference"": ""https://basketball.realgm.com/nba/transactions/league/2006"", ""identity_resolution"": ""realgm_name+core_team_context"", ""team_resolution"": ""realgm_historical_team_alias"", ""raw_text"": ""Damien Wilkins signed a multi-year contract with the Seattle SuperSonics."", ""confidence"": ""high"", ""realgm_subtype"": ""signing""}"
2004-05,2863,1610612760,team_trb_all_players/impact_database/roster_tenure/normalized_transactions.jsonl.gz,4625,"{""exact_date"": ""2011-07-01"", ""season"": ""2011-12"", ""event_type"": ""depart"", ""player_id"": ""2863"", ""player_name"": ""Damien Wilkins"", ""source_player_ref"": null, ""source_team_id"": 1610612737, ""destination_team_id"": null, ""source_team_name"": ""Atlanta Hawks"", ""destination_team_name"": null, ""source_system"": ""RealGM league transaction history"", ""source_reference"": ""https://basketball.realgm.com/nba/transactions/league/2012"", ""identity_resolution"": ""realgm_name+core_team_context"", ""team_resolution"": ""realgm_historical_team_alias"", ""raw_text"": ""Damien Wilkins, previously with the Atlanta Hawks, became a free agent."", ""confidence"": ""high"", ""realgm_subtype"": ""free_agent""}"
2004-05,2863,1610612760,team_trb_all_players/impact_database/roster_tenure/normalized_transactions.jsonl.gz,5405,"{""exact_date"": ""2015-10-23"", ""season"": ""2015-16"", ""event_type"": ""depart"", ""player_id"": ""2863"", ""player_name"": ""Damien Wilkins"", ""source_player_ref"": ""damien-wilkins"", ""source_team_id"": 1610612766, ""destination_team_id"": null, ""source_team_name"": null, ""destination_team_name"": null, ""source_system"": ""Official NBA Player Movement feed"", ""source_reference"": ""https://stats.nba.com/js/data/playermovement/NBA_Player_Movement.json#row-9338"", ""identity_resolution"": ""official_nba_player_id"", ""team_resolution"": ""official_team_id"", ""raw_text"": ""Charlotte Hornets waived guard Damien Wilkins."", ""confidence"": ""high""}"
2004-05,2863,1610612760,team_trb_all_players/impact_database/roster_tenure/normalized_transactions.jsonl.gz,6784,"{""exact_date"": ""2017-08-15"", ""season"": ""2017-18"", ""event_type"": ""acquire"", ""player_id"": ""2863"", ""player_name"": ""Damien Wilkins"", ""source_player_ref"": ""damien-wilkins"", ""source_team_id"": null, ""destination_team_id"": 1610612754, ""source_team_name"": null, ""destination_team_name"": null, ""source_system"": ""Official NBA Player Movement feed"", ""source_reference"": ""https://stats.nba.com/js/data/playermovement/NBA_Player_Movement.json#row-8023"", ""identity_resolution"": ""official_nba_player_id"", ""team_resolution"": ""official_team_id"", ""raw_text"": ""Indiana Pacers signed guard Damien Wilkins to a Contract."", ""confidence"": ""high""}"
2004-05,2863,1610612760,team_trb_all_players/impact_database/roster_tenure/normalized_transactions.jsonl.gz,7047,"{""exact_date"": ""2018-01-07"", ""season"": ""2017-18"", ""event_type"": ""depart"", ""player_id"": ""2863"", ""player_name"": ""Damien Wilkins"", ""source_player_ref"": ""damien-wilkins"", ""source_team_id"": 1610612754, ""destination_team_id"": null, ""source_team_name"": null, ""destination_team_name"": null, ""source_system"": ""Official NBA Player Movement feed"", ""source_reference"": ""https://stats.nba.com/js/data/playermovement/NBA_Player_Movement.json#row-7747"", ""identity_resolution"": ""official_nba_player_id"", ""team_resolution"": ""official_team_id"", ""raw_text"": ""Indiana Pacers waived guard Damien Wilkins."", ""confidence"": ""high""}"
2004-05,2863,1610612760,team_trb_all_players/impact_database/roster_tenure/normalized_transactions.jsonl.gz,16045,"{""exact_date"": ""December 10, 2011"", ""season"": ""2011-12"", ""event_type"": ""acquire"", ""player_id"": ""2863"", ""player_name"": ""Damien Wilkins"", ""source_player_ref"": ""/players/w/wilkida02.html"", ""source_team_id"": null, ""destination_team_id"": 1610612765, ""source_team_name"": null, ""destination_team_name"": ""Detroit Pistons"", ""source_system"": ""Basketball-Reference via Internet Archive"", ""source_reference"": ""https://web.archive.org/web/20221209193444id_/https://www.basketball-reference.com/leagues/NBA_2012_transactions.html#row-36"", ""identity_resolution"": ""unique_core_name"", ""team_resolution"": ""source=not_applicable;destination=unique_alias"", ""raw_text"": ""The Detroit Pistons signed Damien Wilkins as a free agent."", ""confidence"": ""high""}"
2004-05,2863,1610612760,team_trb_all_players/impact_database/roster_tenure/normalized_transactions.jsonl.gz,16385,"{""exact_date"": ""December 3, 2010"", ""season"": ""2010-11"", ""event_type"": ""acquire"", ""player_id"": ""2863"", ""player_name"": ""Damien Wilkins"", ""source_player_ref"": ""/players/w/wilkida02.html"", ""source_team_id"": null, ""destination_team_id"": 1610612737, ""source_team_name"": null, ""destination_team_name"": ""Atlanta Hawks"", ""source_system"": ""Basketball-Reference via Internet Archive"", ""source_reference"": ""https://web.archive.org/web/20220529055708id_/https://www.basketball-reference.com/leagues/NBA_2011_transactions.html#row-200"", ""identity_resolution"": ""unique_core_name"", ""team_resolution"": ""source=not_applicable;destination=unique_alias"", ""raw_text"": ""The Atlanta Hawks signed Damien Wilkins as a free agent."", ""confidence"": ""high""}"
2004-05,2863,1610612760,team_trb_all_players/impact_database/roster_tenure/normalized_transactions.jsonl.gz,17596,"{""exact_date"": ""January 5, 2011"", ""season"": ""2010-11"", ""event_type"": ""depart"", ""player_id"": ""2863"", ""player_name"": ""Damien Wilkins"", ""source_player_ref"": ""/players/w/wilkida02.html"", ""source_team_id"": 1610612737, ""destination_team_id"": null, ""source_team_name"": ""Atlanta Hawks"", ""destination_team_name"": null, ""source_system"": ""Basketball-Reference via Internet Archive"", ""source_reference"": ""https://web.archive.org/web/20220529055708id_/https://www.basketball-reference.com/leagues/NBA_2011_transactions.html#row-250"", ""identity_resolution"": ""unique_core_name"", ""team_resolution"": ""source=unique_alias;destination=not_applicable"", ""raw_text"": ""The Atlanta Hawks waived Damien Wilkins ."", ""confidence"": ""high""}"
2004-05,2863,1610612760,team_trb_all_players/impact_database/roster_tenure/normalized_transactions.jsonl.gz,17706,"{""exact_date"": ""January 8, 2011"", ""season"": ""2010-11"", ""event_type"": ""acquire"", ""player_id"": ""2863"", ""player_name"": ""Damien Wilkins"", ""source_player_ref"": ""/players/w/wilkida02.html"", ""source_team_id"": null, ""destination_team_id"": 1610612737, ""source_team_name"": null, ""destination_team_name"": ""Atlanta Hawks"", ""source_system"": ""Basketball-Reference via Internet Archive"", ""source_reference"": ""https://web.archive.org/web/20220529055708id_/https://www.basketball-reference.com/leagues/NBA_2011_transactions.html#row-260"", ""identity_resolution"": ""unique_core_name"", ""team_resolution"": ""source=not_applicable;destination=unique_alias"", ""raw_text"": ""The Atlanta Hawks signed Damien Wilkins to two 10-day contracts, then signed to a contract for the rest of the season."", ""confidence"": ""high""}"
2004-05,2863,1610612760,team_trb_all_players/impact_database/roster_tenure/normalized_transactions.jsonl.gz,18497,"{""exact_date"": ""July 27, 2009"", ""season"": ""2009-10"", ""event_type"": ""trade"", ""player_id"": ""1088"", ""player_name"": ""Chucky Atkins"", ""source_player_ref"": ""/players/a/atkinch01.html"", ""source_team_id"": 1610612760, ""destination_team_id"": 1610612750, ""source_team_name"": ""Oklahoma City Thunder"", ""destination_team_name"": ""Minnesota Timberwolves"", ""source_system"": ""Basketball-Reference via Internet Archive"", ""source_reference"": ""https://web.archive.org/web/20221209193233id_/https://www.basketball-reference.com/leagues/NBA_2010_transactions.html#row-30"", ""identity_resolution"": ""unique_core_name"", ""team_resolution"": ""source=unique_alias;destination=unique_alias"", ""raw_text"": ""The Minnesota Timberwolves traded Etan Thomas , a 2010 2nd round draft pick ( Dexter Pittman was later selected) and a 2010 2nd round draft pick (Magnum Rolle was later selected) to the Oklahoma City Thunder for Chucky Atkins and Damien Wilkins ."", ""confidence"": ""high""}"
2004-05,2863,1610612760,team_trb_all_players/impact_database/roster_tenure/normalized_transactions.jsonl.gz,18498,"{""exact_date"": ""July 27, 2009"", ""season"": ""2009-10"", ""event_type"": ""trade"", ""player_id"": ""2041"", ""player_name"": ""Etan Thomas"", ""source_player_ref"": ""/players/t/thomaet01.html"", ""source_team_id"": 1610612750, ""destination_team_id"": 1610612760, ""source_team_name"": ""Minnesota Timberwolves"", ""destination_team_name"": ""Oklahoma City Thunder"", ""source_system"": ""Basketball-Reference via Internet Archive"", ""source_reference"": ""https://web.archive.org/web/20221209193233id_/https://www.basketball-reference.com/leagues/NBA_2010_transactions.html#row-30"", ""identity_resolution"": ""unique_core_name"", ""team_resolution"": ""source=unique_alias;destination=unique_alias"", ""raw_text"": ""The Minnesota Timberwolves traded Etan Thomas , a 2010 2nd round draft pick ( Dexter Pittman was later selected) and a 2010 2nd round draft pick (Magnum Rolle was later selected) to the Oklahoma City Thunder for Chucky Atkins and Damien Wilkins ."", ""confidence"": ""high""}"
2004-05,2863,1610612760,team_trb_all_players/impact_database/roster_tenure/normalized_transactions.jsonl.gz,18499,"{""exact_date"": ""July 27, 2009"", ""season"": ""2009-10"", ""event_type"": ""trade"", ""player_id"": ""2863"", ""player_name"": ""Damien Wilkins"", ""source_player_ref"": ""/players/w/wilkida02.html"", ""source_team_id"": 1610612760, ""destination_team_id"": 1610612750, ""source_team_name"": ""Oklahoma City Thunder"", ""destination_team_name"": ""Minnesota Timberwolves"", ""source_system"": ""Basketball-Reference via Internet Archive"", ""source_reference"": ""https://web.archive.org/web/20221209193233id_/https://www.basketball-reference.com/leagues/NBA_2010_transactions.html#row-30"", ""identity_resolution"": ""unique_core_name"", ""team_resolution"": ""source=unique_alias;destination=unique_alias"", ""raw_text"": ""The Minnesota Timberwolves traded Etan Thomas , a 2010 2nd round draft pick ( Dexter Pittman was later selected) and a 2010 2nd round draft pick (Magnum Rolle was later selected) to the Oklahoma City Thunder for Chucky Atkins and Damien Wilkins ."", ""confidence"": ""high""}"
2004-05,2863,1610612760,team_trb_all_players/impact_database/roster_tenure/normalized_transactions.jsonl.gz,19822,"{""exact_date"": ""November 3, 2004"", ""season"": ""2004-05"", ""event_type"": ""acquire"", ""player_id"": ""2863"", ""player_name"": ""Damien Wilkins"", ""source_player_ref"": ""/players/w/wilkida02.html"", ""source_team_id"": null, ""destination_team_id"": 1610612760, ""source_team_name"": null, ""destination_team_name"": ""Seattle SuperSonics"", ""source_system"": ""Basketball-Reference via Internet Archive"", ""source_reference"": ""https://web.archive.org/web/20221209192502id_/https://www.basketball-reference.com/leagues/NBA_2005_transactions.html#row-173"", ""identity_resolution"": ""unique_core_name"", ""team_resolution"": ""source=not_applicable;destination=unique_alias"", ""raw_text"": ""The Seattle SuperSonics signed Damien Wilkins as a free agent."", ""confidence"": ""high""}"
2004-05,2863,1610612760,team_trb_all_players/impact_database/roster_tenure/normalized_transactions.jsonl.gz,20044,"{""exact_date"": ""October 16, 2015"", ""season"": ""2015-16"", ""event_type"": ""acquire"", ""player_id"": ""2863"", ""player_name"": ""Damien Wilkins"", ""source_player_ref"": ""/players/w/wilkida02.html"", ""source_team_id"": null, ""destination_team_id"": 1610612766, ""source_team_name"": null, ""destination_team_name"": ""Charlotte Hornets"", ""source_system"": ""Basketball-Reference via Internet Archive"", ""source_reference"": ""https://web.archive.org/web/20220629030608id_/https://www.basketball-reference.com/leagues/NBA_2016_transactions.html#row-394"", ""identity_resolution"": ""unique_core_name"", ""team_resolution"": ""source=not_applicable;destination=ambiguous_team_alias;repair_applied"", ""raw_text"": ""The Charlotte Hornets signed Damien Wilkins ."", ""confidence"": ""high""}"
2004-05,2863,1610612760,team_trb_all_players/impact_database/roster_tenure/normalized_transactions.jsonl.gz,20183,"{""exact_date"": ""October 21, 2010"", ""season"": ""2010-11"", ""event_type"": ""depart"", ""player_id"": ""2863"", ""player_name"": ""Damien Wilkins"", ""source_player_ref"": ""/players/w/wilkida02.html"", ""source_team_id"": 1610612763, ""destination_team_id"": null, ""source_team_name"": ""Memphis Grizzlies"", ""destination_team_name"": null, ""source_system"": ""Basketball-Reference via Internet Archive"", ""source_reference"": ""https://web.archive.org/web/20220529055708id_/https://www.basketball-reference.com/leagues/NBA_2011_transactions.html#row-153"", ""identity_resolution"": ""unique_core_name"", ""team_resolution"": ""source=unique_alias;destination=not_applicable"", ""raw_text"": ""The Memphis Grizzlies waived Damien Wilkins ."", ""confidence"": ""high""}"
2004-05,2863,1610612760,team_trb_all_players/impact_database/roster_tenure/normalized_transactions.jsonl.gz,20362,"{""exact_date"": ""October 24, 2015"", ""season"": ""2015-16"", ""event_type"": ""depart"", ""player_id"": ""2863"", ""player_name"": ""Damien Wilkins"", ""source_player_ref"": ""/players/w/wilkida02.html"", ""source_team_id"": 1610612766, ""destination_team_id"": null, ""source_team_name"": ""Charlotte Hornets"", ""destination_team_name"": null, ""source_system"": ""Basketball-Reference via Internet Archive"", ""source_reference"": ""https://web.archive.org/web/20220629030608id_/https://www.basketball-reference.com/leagues/NBA_2016_transactions.html#row-512"", ""identity_resolution"": ""unique_core_name"", ""team_resolution"": ""source=ambiguous_team_alias;destination=not_applicable;repair_applied"", ""raw_text"": ""The Charlotte Hornets waived Damien Wilkins ."", ""confidence"": ""high""}"
2004-05,2863,1610612760,team_trb_all_players/impact_database/roster_tenure/normalized_transactions.jsonl.gz,21206,"{""exact_date"": ""September 27, 2012"", ""season"": ""2012-13"", ""event_type"": ""acquire"", ""player_id"": ""2863"", ""player_name"": ""Damien Wilkins"", ""source_player_ref"": ""/players/w/wilkida02.html"", ""source_team_id"": null, ""destination_team_id"": 1610612755, ""source_team_name"": null, ""destination_team_name"": ""Philadelphia 76ers"", ""source_system"": ""Basketball-Reference via Internet Archive"", ""source_reference"": ""https://web.archive.org/web/20220516152307id_/https://www.basketball-reference.com/leagues/NBA_2013_transactions.html#row-151"", ""identity_resolution"": ""unique_core_name"", ""team_resolution"": ""source=not_applicable;destination=unique_alias"", ""raw_text"": ""The Philadelphia 76ers signed Damien Wilkins as a free agent."", ""confidence"": ""high""}"
2004-05,2863,1610612760,team_trb_all_players/impact_database/roster_tenure/normalized_transactions.jsonl.gz,21243,"{""exact_date"": ""September 28, 2010"", ""season"": ""2010-11"", ""event_type"": ""acquire"", ""player_id"": ""2863"", ""player_name"": ""Damien Wilkins"", ""source_player_ref"": ""/players/w/wilkida02.html"", ""source_team_id"": null, ""destination_team_id"": 1610612763, ""source_team_name"": null, ""destination_team_name"": ""Memphis Grizzlies"", ""source_system"": ""Basketball-Reference via Internet Archive"", ""source_reference"": ""https://web.archive.org/web/20220529055708id_/https://www.basketball-reference.com/leagues/NBA_2011_transactions.html#row-129"", ""identity_resolution"": ""unique_core_name"", ""team_resolution"": ""source=not_applicable;destination=unique_alias"", ""raw_text"": ""The Memphis Grizzlies signed Damien Wilkins as a free agent."", ""confidence"": ""high""}"
2004-05,2863,1610612760,team_trb_all_players/impact_database/historical_transactions/wikipedia_transaction_rows.jsonl.gz,1512,"{""season"": ""2004-05"", ""start_year"": 2004, ""page_title"": ""List of 2004–05 NBA season transactions"", ""section"": ""Draft"", ""subsection"": ""Signed Undrafted Players"", ""table_index"": 7, ""table_classes"": [""wikitable"", ""sortable""], ""row_index"": 9, ""cells"": [""November 3"", ""Damien Wilkins"", ""Seattle SuperSonics"", ""Georgia (Sr.)""], ""links"": [{""text"": ""Damien Wilkins"", ""title"": ""Damien Wilkins"", ""href"": ""/wiki/Damien_Wilkins""}, {""text"": ""Seattle SuperSonics"", ""title"": ""Seattle SuperSonics"", ""href"": ""/wiki/Seattle_SuperSonics""}, {""text"": ""Georgia"", ""title"": ""Georgia Bulldogs men's basketball"", ""href"": ""/wiki/Georgia_Bulldogs_men%27s_basketball""}], ""date_hint"": ""November 3""}"
2004-05,2863,1610612760,team_trb_all_players/impact_database/historical_transactions/wikipedia_transaction_rows.jsonl.gz,1888,"{""season"": ""2005-06"", ""start_year"": 2005, ""page_title"": ""List of 2005–06 NBA season transactions"", ""section"": ""Player movement"", ""subsection"": ""Free Agency"", ""table_index"": 4, ""table_classes"": [""wikitable"", ""sortable""], ""row_index"": 67, ""cells"": [""Damien Wilkins"", ""Seattle SuperSonics (matched offer sheet from Minnesota)"", """"], ""links"": [{""text"": ""Damien Wilkins"", ""title"": ""Damien Wilkins"", ""href"": ""/wiki/Damien_Wilkins""}, {""text"": ""Seattle SuperSonics"", ""title"": ""Seattle SuperSonics"", ""href"": ""/wiki/Seattle_SuperSonics""}], ""date_hint"": null}"
2004-05,2863,1610612760,team_trb_all_players/impact_database/historical_transactions/wikipedia_transaction_rows.jsonl.gz,3424,"{""season"": ""2009-10"", ""start_year"": 2009, ""page_title"": ""List of 2009–10 NBA season transactions"", ""section"": ""Player movement"", ""subsection"": ""Trades"", ""table_index"": 4, ""table_classes"": [], ""row_index"": 18, ""cells"": [""July 27, 2009"", ""To Minnesota Timberwolves Chucky Atkins Damien Wilkins"", ""To Oklahoma City Thunder Etan Thomas 2010 second-round pick 2010 conditional second-round pick""], ""links"": [{""text"": ""Minnesota Timberwolves"", ""title"": ""Minnesota Timberwolves"", ""href"": ""/wiki/Minnesota_Timberwolves""}, {""text"": ""Chucky Atkins"", ""title"": ""Chucky Atkins"", ""href"": ""/wiki/Chucky_Atkins""}, {""text"": ""Damien Wilkins"", ""title"": ""Damien Wilkins"", ""href"": ""/wiki/Damien_Wilkins""}, {""text"": ""Oklahoma City Thunder"", ""title"": ""Oklahoma City Thunder"", ""href"": ""/wiki/Oklahoma_City_Thunder""}, {""text"": ""Etan Thomas"", ""title"": ""Etan Thomas"", ""href"": ""/wiki/Etan_Thomas""}], ""date_hint"": ""July 27""}"
2004-05,2863,1610612760,team_trb_all_players/impact_database/historical_transactions/wikipedia_transaction_rows.jsonl.gz,4008,"{""season"": ""2010-11"", ""start_year"": 2010, ""page_title"": ""List of 2010–11 NBA season transactions"", ""section"": ""Player movement"", ""subsection"": ""Signed from free agency"", ""table_index"": 6, ""table_classes"": [""wikitable""], ""row_index"": 126, ""cells"": [""Damien Wilkins"", ""December 3"", ""Atlanta Hawks (waived on January 5)"", ""Minnesota Timberwolves""], ""links"": [{""text"": ""Damien Wilkins"", ""title"": ""Damien Wilkins"", ""href"": ""/wiki/Damien_Wilkins""}, {""text"": ""Atlanta Hawks"", ""title"": ""Atlanta Hawks"", ""href"": ""/wiki/Atlanta_Hawks""}, {""text"": ""Minnesota Timberwolves"", ""title"": ""Minnesota Timberwolves"", ""href"": ""/wiki/Minnesota_Timberwolves""}], ""date_hint"": ""December 3""}"
2004-05,2863,1610612760,team_trb_all_players/impact_database/historical_transactions/wikipedia_transaction_rows.jsonl.gz,4014,"{""season"": ""2010-11"", ""start_year"": 2010, ""page_title"": ""List of 2010–11 NBA season transactions"", ""section"": ""Player movement"", ""subsection"": ""Signed from free agency"", ""table_index"": 6, ""table_classes"": [""wikitable""], ""row_index"": 132, ""cells"": [""Damien Wilkins"", ""January 28"", ""Atlanta Hawks (previously signed two 10-day contracts)""], ""links"": [{""text"": ""Damien Wilkins"", ""title"": ""Damien Wilkins"", ""href"": ""/wiki/Damien_Wilkins""}, {""text"": ""Atlanta Hawks"", ""title"": ""Atlanta Hawks"", ""href"": ""/wiki/Atlanta_Hawks""}], ""date_hint"": ""January 28""}"
2004-05,2863,1610612760,team_trb_all_players/impact_database/historical_transactions/wikipedia_transaction_rows.jsonl.gz,4048,"{""season"": ""2010-11"", ""start_year"": 2010, ""page_title"": ""List of 2010–11 NBA season transactions"", ""section"": ""Player movement"", ""subsection"": ""10-day contracts"", ""table_index"": 7, ""table_classes"": [""wikitable""], ""row_index"": 2, ""cells"": [""January 8"", ""Atlanta Hawks"", ""-"", ""Damien Wilkins"", ""January 18*""], ""links"": [{""text"": ""Atlanta Hawks"", ""title"": ""Atlanta Hawks"", ""href"": ""/wiki/Atlanta_Hawks""}, {""text"": ""Damien Wilkins"", ""title"": ""Damien Wilkins"", ""href"": ""/wiki/Damien_Wilkins""}], ""date_hint"": ""January 8""}"
2004-05,2863,1610612760,team_trb_all_players/impact_database/historical_transactions/wikipedia_transaction_rows.jsonl.gz,4117,"{""season"": ""2010-11"", ""start_year"": 2010, ""page_title"": ""List of 2010–11 NBA season transactions"", ""section"": ""Player movement"", ""subsection"": ""Waived"", ""table_index"": 8, ""table_classes"": [""wikitable""], ""row_index"": 41, ""cells"": [""Damien Wilkins"", ""Atlanta Hawks""], ""links"": [{""text"": ""Damien Wilkins"", ""title"": ""Damien Wilkins"", ""href"": ""/wiki/Damien_Wilkins""}, {""text"": ""Atlanta Hawks"", ""title"": ""Atlanta Hawks"", ""href"": ""/wiki/Atlanta_Hawks""}], ""date_hint"": null}"
2004-05,2863,1610612760,team_trb_all_players/impact_database/historical_transactions/wikipedia_transaction_rows.jsonl.gz,4146,"{""season"": ""2010-11"", ""start_year"": 2010, ""page_title"": ""List of 2010–11 NBA season transactions"", ""section"": ""Player movement"", ""subsection"": ""Training camp cuts"", ""table_index"": 9, ""table_classes"": [""wikitable""], ""row_index"": 5, ""cells"": [""Lance Allred Magnum Rolle"", ""Marqus Blakely Stephen Dennis Jon Scheyer Jake Voskuhl"", ""Russell Hicks Trey Johnson Drew Naymick Anthony Roberson"", ""Josh Davis Luke Jackson Tre Kelley Kenny Thomas Damien Wilkins"", ""Patrick Beverley Da'Sean Butler Mickell Gladness Kenny Hasbrouck Anthony Mason, Jr Shavlik Randolph""], ""links"": [{""text"": ""Lance Allred"", ""title"": ""Lance Allred"", ""href"": ""/wiki/Lance_Allred""}, {""text"": ""Magnum Rolle"", ""title"": ""Magnum Rolle"", ""href"": ""/wiki/Magnum_Rolle""}, {""text"": ""Marqus Blakely"", ""title"": ""Marqus Blakely"", ""href"": ""/wiki/Marqus_Blakely""}, {""text"": ""Stephen Dennis"", ""title"": ""Stephen Dennis"", ""href"": ""/wiki/Stephen_Dennis""}, {""text"": ""Jon Scheyer"", ""title"": ""Jon Scheyer"", ""href"": ""/wiki/Jon_Scheyer""}, {""text"": ""Jake Voskuhl"", ""title"": ""Jake Voskuhl"", ""href"": ""/wiki/Jake_Voskuhl""}, {""text"": ""Russell Hicks"", ""title"": ""Russell Hicks (basketball) (page does not exist)"", ""href"": ""/w/index.php?title=Russell_Hicks_(basketball)&action=edit&redlink=1""}, {""text"": ""Trey Johnson"", ""title"": ""Trey Johnson"", ""href"": ""/wiki/Trey_Johnson""}, {""text"": ""Drew Naymick"", ""title"": ""Drew Naymick"", ""href"": ""/wiki/Drew_Naymick""}, {""text"": ""Anthony Roberson"", ""title"": ""Anthony Roberson"", ""href"": ""/wiki/Anthony_Roberson""}, {""text"": ""Josh Davis"", ""title"": ""Josh Davis (basketball, born 1980)"", ""href"": ""/wiki/Josh_Davis_(basketball,_born_1980)""}, {""text"": ""Luke Jackson"", ""title"": ""Luke Jackson (basketball, born 1981)"", ""href"": ""/wiki/Luke_Jackson_(basketball,_born_1981)""}, {""text"": ""Tre Kelley"", ""title"": ""Tre Kelley"", ""href"": ""/wiki/Tre_Kelley""}, {""text"": ""Kenny Thomas"", ""title"": ""Kenny Thomas (basketball)"", ""href"": ""/wiki/Kenny_Thomas_(basketball)""}, {""text"": ""Damien Wilkins"", ""title"": ""Damien Wilkins"", ""href"": ""/wiki/Damien_Wilkins""}, {""text"": ""Patrick Beverley"", ""title"": ""Patrick Beverley"", ""href"": ""/wiki/Patrick_Beverley""}, {""text"": ""Da'Sean Butler"", ""title"": ""Da'Sean Butler"", ""href"": ""/wiki/Da%27Sean_Butler""}, {""text"": ""Mickell Gladness"", ""title"": ""Mickell Gladness"", ""href"": ""/wiki/Mickell_Gladness""}, {""text"": ""Kenny Hasbrouck"", ""title"": ""Kenny Hasbrouck"", ""href"": ""/wiki/Kenny_Hasbrouck""}, {""text"": ""Anthony Mason, Jr"", ""title"": ""Anthony Mason, Jr"", ""href"": ""/wiki/Anthony_Mason,_Jr""}, {""text"": ""Shavlik Randolph"", ""title"": ""Shavlik Randolph"", ""href"": ""/wiki/Shavlik_Randolph""}], ""date_hint"": null}"
2004-05,2863,1610612760,team_trb_all_players/impact_database/historical_transactions/wikipedia_transaction_rows.jsonl.gz,4473,"{""season"": ""2011-12"", ""start_year"": 2011, ""page_title"": ""List of 2011–12 NBA season transactions"", ""section"": ""Player movement"", ""subsection"": ""Free agency"", ""table_index"": 7, ""table_classes"": [""wikitable"", ""sortable""], ""row_index"": 16, ""cells"": [""Damien Wilkins"", ""Detroit Pistons"", ""Atlanta Hawks"", ""[ 89 ]""], ""links"": [{""text"": ""Damien Wilkins"", ""title"": ""Damien Wilkins"", ""href"": ""/wiki/Damien_Wilkins""}, {""text"": ""Detroit Pistons"", ""title"": ""Detroit Pistons"", ""href"": ""/wiki/Detroit_Pistons""}, {""text"": ""Atlanta Hawks"", ""title"": ""Atlanta Hawks"", ""href"": ""/wiki/Atlanta_Hawks""}, {""text"": ""[ 89 ]"", ""title"": """", ""href"": ""#cite_note-94""}], ""date_hint"": null}"
2004-05,2863,1610612760,team_trb_all_players/impact_database/historical_transactions/wikipedia_transaction_rows.jsonl.gz,5352,"{""season"": ""2012-13"", ""start_year"": 2012, ""page_title"": ""List of 2012–13 NBA season transactions"", ""section"": ""Player movement"", ""subsection"": ""Free agency"", ""table_index"": 6, ""table_classes"": [""wikitable"", ""sortable""], ""row_index"": 202, ""cells"": [""Damien Wilkins"", ""Philadelphia 76ers"", ""Detroit Pistons"", """"], ""links"": [{""text"": ""Damien Wilkins"", ""title"": ""Damien Wilkins"", ""href"": ""/wiki/Damien_Wilkins""}, {""text"": ""Philadelphia 76ers"", ""title"": ""Philadelphia 76ers"", ""href"": ""/wiki/Philadelphia_76ers""}, {""text"": ""Detroit Pistons"", ""title"": ""Detroit Pistons"", ""href"": ""/wiki/Detroit_Pistons""}], ""date_hint"": null}"
2004-05,2863,1610612760,team_trb_all_players/impact_database/historical_transactions/wikipedia_transaction_rows.jsonl.gz,6233,"{""season"": ""2013-14"", ""start_year"": 2013, ""page_title"": ""List of 2013–14 NBA season transactions"", ""section"": ""Player movement"", ""subsection"": ""Free agency"", ""table_index"": 8, ""table_classes"": [""wikitable"", ""sortable""], ""row_index"": 246, ""cells"": [""Damien Wilkins"", ""Atlanta Hawks"", ""Philadelphia 76ers"", """"], ""links"": [{""text"": ""Damien Wilkins"", ""title"": ""Damien Wilkins"", ""href"": ""/wiki/Damien_Wilkins""}, {""text"": ""Atlanta Hawks"", ""title"": ""Atlanta Hawks"", ""href"": ""/wiki/Atlanta_Hawks""}, {""text"": ""Philadelphia 76ers"", ""title"": ""Philadelphia 76ers"", ""href"": ""/wiki/Philadelphia_76ers""}], ""date_hint"": null}"
2004-05,2863,1610612760,team_trb_all_players/impact_database/historical_transactions/wikipedia_transaction_rows.jsonl.gz,6527,"{""season"": ""2013-14"", ""start_year"": 2013, ""page_title"": ""List of 2013–14 NBA season transactions"", ""section"": ""Player movement"", ""subsection"": ""Training camp cuts"", ""table_index"": 12, ""table_classes"": [""wikitable""], ""row_index"": 1, ""cells"": [""Eric Dawson Royal Ivey James Johnson David Lighty Adonis Thomas Damien Wilkins"", ""Chris Babb Damen Bell-Holter DeShawn Sims Kammron Taylor"", ""Gary Forbes Jorge Guiterrez Marko Jarić Chris Johnson Adonis Thomas"", ""Troy Daniels Abdul Gaddy Patrick O'Bryant"", ""Patrick Christopher Dahntay Jones Kalin Lucas Dexter Pittman D. J. White""], ""links"": [{""text"": ""Eric Dawson"", ""title"": ""Eric Dawson"", ""href"": ""/wiki/Eric_Dawson""}, {""text"": ""Royal Ivey"", ""title"": ""Royal Ivey"", ""href"": ""/wiki/Royal_Ivey""}, {""text"": ""James Johnson"", ""title"": ""James Johnson (basketball, born 1987)"", ""href"": ""/wiki/James_Johnson_(basketball,_born_1987)""}, {""text"": ""David Lighty"", ""title"": ""David Lighty"", ""href"": ""/wiki/David_Lighty""}, {""text"": ""Adonis Thomas"", ""title"": ""Adonis Thomas"", ""href"": ""/wiki/Adonis_Thomas""}, {""text"": ""Damien Wilkins"", ""title"": ""Damien Wilkins"", ""href"": ""/wiki/Damien_Wilkins""}, {""text"": ""Chris Babb"", ""title"": ""Chris Babb"", ""href"": ""/wiki/Chris_Babb""}, {""text"": ""Damen Bell-Holter"", ""title"": ""Damen Bell-Holter"", ""href"": ""/wiki/Damen_Bell-Holter""}, {""text"": ""DeShawn Sims"", ""title"": ""DeShawn Sims"", ""href"": ""/wiki/DeShawn_Sims""}, {""text"": ""Kammron Taylor"", ""title"": ""Kammron Taylor"", ""href"": ""/wiki/Kammron_Taylor""}, {""text"": ""Gary Forbes"", ""title"": ""Gary Forbes"", ""href"": ""/wiki/Gary_Forbes""}, {""text"": ""Jorge Guiterrez"", ""title"": ""Jorge Gutierrez (basketball)"", ""href"": ""/wiki/Jorge_Gutierrez_(basketball)""}, {""text"": ""Marko Jarić"", ""title"": ""Marko Jarić"", ""href"": ""/wiki/Marko_Jari%C4%87""}, {""text"": ""Chris Johnson"", ""title"": ""Chris Johnson (basketball, born 1990)"", ""href"": ""/wiki/Chris_Johnson_(basketball,_born_1990)""}, {""text"": ""Adonis Thomas"", ""title"": ""Adonis Thomas"", ""href"": ""/wiki/Adonis_Thomas""}, {""text"": ""Troy Daniels"", ""title"": ""Troy Daniels"", ""href"": ""/wiki/Troy_Daniels""}, {""text"": ""Abdul Gaddy"", ""title"": ""Abdul Gaddy"", ""href"": ""/wiki/Abdul_Gaddy""}, {""text"": ""Patrick O'Bryant"", ""title"": ""Patrick O'Bryant"", ""href"": ""/wiki/Patrick_O%27Bryant""}, {""text"": ""Patrick Christopher"", ""title"": ""Patrick Christopher"", ""href"": ""/wiki/Patrick_Christopher""}, {""text"": ""Dahntay Jones"", ""title"": ""Dahntay Jones"", ""href"": ""/wiki/Dahntay_Jones""}, {""text"": ""Kalin Lucas"", ""title"": ""Kalin Lucas"", ""href"": ""/wiki/Kalin_Lucas""}, {""text"": ""Dexter Pittman"", ""title"": ""Dexter Pittman"", ""href"": ""/wiki/Dexter_Pittman""}, {""text"": ""D. J. White"", ""title"": ""D. J. White"", ""href"": ""/wiki/D._J._White""}], ""date_hint"": null}"
2004-05,2863,1610612760,team_trb_all_players/impact_database/historical_transactions/wikipedia_transaction_rows.jsonl.gz,7874,"{""season"": ""2015-16"", ""start_year"": 2015, ""page_title"": ""List of 2015–16 NBA season transactions"", ""section"": ""Player movements"", ""subsection"": ""Free agency"", ""table_index"": 7, ""table_classes"": [""wikitable"", ""sortable""], ""row_index"": 268, ""cells"": [""Damien Wilkins"", ""Charlotte Hornets"", ""Indios de Mayagüez ( Puerto Rico )"", ""[ 286 ]""], ""links"": [{""text"": ""Damien Wilkins"", ""title"": ""Damien Wilkins"", ""href"": ""/wiki/Damien_Wilkins""}, {""text"": ""Charlotte Hornets"", ""title"": ""Charlotte Hornets"", ""href"": ""/wiki/Charlotte_Hornets""}, {""text"": ""Indios de Mayagüez"", ""title"": ""Indios de Mayagüez (basketball)"", ""href"": ""/wiki/Indios_de_Mayag%C3%BCez_(basketball)""}, {""text"": ""Puerto Rico"", ""title"": ""Baloncesto Superior Nacional"", ""href"": ""/wiki/Baloncesto_Superior_Nacional""}, {""text"": ""[ 286 ]"", ""title"": """", ""href"": ""#cite_note-290""}], ""date_hint"": null}"
2004-05,2863,1610612760,team_trb_all_players/impact_database/historical_transactions/wikipedia_transaction_rows.jsonl.gz,8195,"{""season"": ""2015-16"", ""start_year"": 2015, ""page_title"": ""List of 2015–16 NBA season transactions"", ""section"": ""Player movements"", ""subsection"": ""Going overseas"", ""table_index"": 11, ""table_classes"": [""wikitable"", ""sortable""], ""row_index"": 41, ""cells"": [""Damien Wilkins"", ""October 25"", ""Guaros de Lara"", ""Venezuela"", ""Charlotte Hornets"", ""Unrestricted free agent"", ""[ 517 ]""], ""links"": [{""text"": ""Damien Wilkins"", ""title"": ""Damien Wilkins"", ""href"": ""/wiki/Damien_Wilkins""}, {""text"": ""Guaros de Lara"", ""title"": ""Guaros de Lara (basketball)"", ""href"": ""/wiki/Guaros_de_Lara_(basketball)""}, {""text"": ""Venezuela"", ""title"": ""Liga Profesional de Baloncesto"", ""href"": ""/wiki/Liga_Profesional_de_Baloncesto""}, {""text"": ""Charlotte Hornets"", ""title"": ""Charlotte Hornets"", ""href"": ""/wiki/Charlotte_Hornets""}, {""text"": ""[ 517 ]"", ""title"": """", ""href"": ""#cite_note-522""}], ""date_hint"": ""October 25""}"
2004-05,2863,1610612760,team_trb_all_players/impact_database/historical_transactions/wikipedia_transaction_rows.jsonl.gz,8313,"{""season"": ""2015-16"", ""start_year"": 2015, ""page_title"": ""List of 2015–16 NBA season transactions"", ""section"": ""Player movements"", ""subsection"": ""Training camp cuts"", ""table_index"": 13, ""table_classes"": [""wikitable""], ""row_index"": 1, ""cells"": [""Earl Barron DeQuan Jones Arsalan Kazemi Terran Petteway Édgar Sosa"", ""Coty Clarke Perry Jones Malcolm Miller Levi Randolph Corey Walden"", ""Ryan Boatright Chris Daniels Justin Harper Dahntay Jones Quincy Miller"", ""Sam Thompson Jason Washburn Damien Wilkins Elliot Williams"", ""Jake Anderson Jordan Crawford Stefhon Hannah Marcus Simmons""], ""links"": [{""text"": ""Earl Barron"", ""title"": ""Earl Barron"", ""href"": ""/wiki/Earl_Barron""}, {""text"": ""DeQuan Jones"", ""title"": ""DeQuan Jones"", ""href"": ""/wiki/DeQuan_Jones""}, {""text"": ""Arsalan Kazemi"", ""title"": ""Arsalan Kazemi"", ""href"": ""/wiki/Arsalan_Kazemi""}, {""text"": ""Terran Petteway"", ""title"": ""Terran Petteway"", ""href"": ""/wiki/Terran_Petteway""}, {""text"": ""Édgar Sosa"", ""title"": ""Édgar Sosa (basketball)"", ""href"": ""/wiki/%C3%89dgar_Sosa_(basketball)""}, {""text"": ""Coty Clarke"", ""title"": ""Coty Clarke"", ""href"": ""/wiki/Coty_Clarke""}, {""text"": ""Perry Jones"", ""title"": ""Perry Jones"", ""href"": ""/wiki/Perry_Jones""}, {""text"": ""Malcolm Miller"", ""title"": ""Malcolm Miller (basketball)"", ""href"": ""/wiki/Malcolm_Miller_(basketball)""}, {""text"": ""Levi Randolph"", ""title"": ""Levi Randolph"", ""href"": ""/wiki/Levi_Randolph""}, {""text"": ""Corey Walden"", ""title"": ""Corey Walden"", ""href"": ""/wiki/Corey_Walden""}, {""text"": ""Ryan Boatright"", ""title"": ""Ryan Boatright"", ""href"": ""/wiki/Ryan_Boatright""}, {""text"": ""Chris Daniels"", ""title"": ""Chris Daniels (basketball)"", ""href"": ""/wiki/Chris_Daniels_(basketball)""}, {""text"": ""Justin Harper"", ""title"": ""Justin Harper (basketball)"", ""href"": ""/wiki/Justin_Harper_(basketball)""}, {""text"": ""Dahntay Jones"", ""title"": ""Dahntay Jones"", ""href"": ""/wiki/Dahntay_Jones""}, {""text"": ""Quincy Miller"", ""title"": ""Quincy Miller"", ""href"": ""/wiki/Quincy_Miller""}, {""text"": ""Sam Thompson"", ""title"": ""Sam Thompson (basketball)"", ""href"": ""/wiki/Sam_Thompson_(basketball)""}, {""text"": ""Jason Washburn"", ""title"": ""Jason Washburn"", ""href"": ""/wiki/Jason_Washburn""}, {""text"": ""Damien Wilkins"", ""title"": ""Damien Wilkins"", ""href"": ""/wiki/Damien_Wilkins""}, {""text"": ""Elliot Williams"", ""title"": ""Elliot Williams"", ""href"": ""/wiki/Elliot_Williams""}, {""text"": ""Jake Anderson"", ""title"": ""Jake Anderson (basketball)"", ""href"": ""/wiki/Jake_Anderson_(basketball)""}, {""text"": ""Jordan Crawford"", ""title"": ""Jordan Crawford"", ""href"": ""/wiki/Jordan_Crawford""}, {""text"": ""Stefhon Hannah"", ""title"": ""Stefhon Hannah"", ""href"": ""/wiki/Stefhon_Hannah""}, {""text"": ""Marcus Simmons"", ""title"": ""Marcus Simmons (basketball)"", ""href"": ""/wiki/Marcus_Simmons_(basketball)""}], ""date_hint"": null}"
2004-05,2863,1610612760,team_trb_all_players/impact_database/roster_tenure/realgm_transactions_resilient/2009-10.txt.gz,1933,"*   [Etan Thomas](https://basketball.realgm.com/player/Etan-Thomas/Summary/220), a conditional 2010 2nd round pick (MIN own) and a Least Favorable 2010 2nd round pick were acquired by the Oklahoma City Thunder from the Minnesota Timberwolves in exchange for: [Chucky Atkins](https://basketball.realgm.com/player/Chucky-Atkins/Summary/832), [Damien Wilkins](https://basketball.realgm.com/player/Damien-Wilkins/Summary/295) and a TPE."
2004-05,2863,1610612760,team_trb_all_players/impact_database/roster_tenure/realgm_transactions_resilient/2009-10.txt.gz,4406,"Jul 27, 2009 [Damien Wilkins](https://basketball.realgm.com/player/Damien-Wilkins/Summary/295)"
2004-05,2863,1610612760,team_trb_all_players/impact_database/roster_tenure/realgm_transactions_resilient/2005-06.txt.gz,1805,*   [Damien Wilkins](https://basketball.realgm.com/player/Damien-Wilkins/Summary/295) signed a multi-year contract with the [Seattle SuperSonics](https://basketball.realgm.com/nba/teams/Seattle-SuperSonics/27/home).
2004-05,2863,1610612760,team_trb_all_players/impact_database/roster_tenure/realgm_transactions_resilient/2005-06.txt.gz,1832,*    The [Seattle SuperSonics](https://basketball.realgm.com/nba/teams/Seattle-SuperSonics/27/home) matched the offer sheet that [Damien Wilkins](https://basketball.realgm.com/player/Damien-Wilkins/Summary/295) signed with the [Minnesota Timberwolves](https://basketball.realgm.com/nba/teams/Minnesota-Timberwolves/17/home).
2004-05,2863,1610612760,team_trb_all_players/impact_database/roster_tenure/realgm_transactions_resilient/2005-06.txt.gz,1889,"*   [Damien Wilkins](https://basketball.realgm.com/player/Damien-Wilkins/Summary/295) signed a multi-year offer sheet with the [Minnesota Timberwolves](https://basketball.realgm.com/nba/teams/Minnesota-Timberwolves/17/home). Since he is a restricted free agent, the [Seattle SuperSonics](https://basketball.realgm.com/nba/teams/Seattle-SuperSonics/27/home) can match."
2004-05,2863,1610612760,team_trb_all_players/impact_database/roster_tenure/realgm_transactions_resilient/2005-06.txt.gz,2286,"*   [Damien Wilkins](https://basketball.realgm.com/player/Damien-Wilkins/Summary/295), previously with the [Seattle SuperSonics](https://basketball.realgm.com/nba/teams/Seattle-SuperSonics/27/home), became a free agent."
2004-05,2863,1610612760,team_trb_all_players/impact_database/roster_tenure/realgm_transactions_resilient/2005-06.txt.gz,2830,"Aug 29, 2005 [Damien Wilkins](https://basketball.realgm.com/player/Damien-Wilkins/Summary/295)"
2004-05,2863,1610612760,team_trb_all_players/impact_database/roster_tenure/realgm_transactions_resilient/2005-06.txt.gz,3446,"Aug 23, 2005 [Damien Wilkins](https://basketball.realgm.com/player/Damien-Wilkins/Summary/295)"
2004-05,2863,1610612760,team_trb_all_players/impact_database/roster_tenure/realgm_transactions_resilient/2005-06.txt.gz,3958,"Jul 1, 2005 [Damien Wilkins](https://basketball.realgm.com/player/Damien-Wilkins/Summary/295)"
2004-05,2863,1610612760,team_trb_all_players/impact_database/roster_tenure/realgm_transactions_resilient/2005-06.txt.gz,4220,"Aug 16, 2005 [Damien Wilkins](https://basketball.realgm.com/player/Damien-Wilkins/Summary/295)"
2004-05,2863,1610612760,team_trb_all_players/impact_database/roster_tenure/realgm_transactions_resilient/2010-11.txt.gz,563,Damien Wilkins
2004-05,2863,1610612760,team_trb_all_players/impact_database/roster_tenure/realgm_transactions_resilient/2010-11.txt.gz,593,Damien Wilkins
2004-05,2863,1610612760,team_trb_all_players/impact_database/roster_tenure/realgm_transactions_resilient/2010-11.txt.gz,611,Damien Wilkins
2004-05,2863,1610612760,team_trb_all_players/impact_database/roster_tenure/realgm_transactions_resilient/2010-11.txt.gz,632,Damien Wilkins
2004-05,2863,1610612760,team_trb_all_players/impact_database/roster_tenure/realgm_transactions_resilient/2010-11.txt.gz,722,Damien Wilkins
2004-05,2863,1610612760,team_trb_all_players/impact_database/roster_tenure/realgm_transactions_resilient/2010-11.txt.gz,2373,Damien Wilkins
2004-05,2863,1610612760,team_trb_all_players/impact_database/roster_tenure/realgm_transactions_resilient/2010-11.txt.gz,2400,Damien Wilkins
2004-05,2863,1610612760,team_trb_all_players/impact_database/roster_tenure/realgm_transactions_resilient/2010-11.txt.gz,2409,Damien Wilkins
2004-05,2863,1610612760,team_trb_all_players/impact_database/roster_tenure/realgm_transactions_resilient/2010-11.txt.gz,2529,Damien Wilkins
2004-05,2863,1610612760,team_trb_all_players/impact_database/roster_tenure/realgm_transactions_resilient/2010-11.txt.gz,2988,Damien Wilkins
2004-05,2863,1610612760,team_trb_all_players/impact_database/roster_tenure/realgm_transactions_resilient/2010-11.txt.gz,3541,Damien Wilkins
2004-05,2863,1610612760,team_trb_all_players/impact_database/roster_tenure/realgm_transactions_resilient/2010-11.txt.gz,4564,Damien Wilkins
2004-05,2863,1610612760,team_trb_all_players/impact_database/roster_tenure/realgm_transactions_resilient/2010-11.txt.gz,4684,Damien Wilkins
2004-05,2863,1610612760,team_trb_all_players/impact_database/roster_tenure/realgm_transactions_resilient/2004-05.txt.gz,333,*    The [Seattle SuperSonics](https://basketball.realgm.com/nba/teams/Seattle-SuperSonics/27/home) tendered a Qualifying Offer to make [Damien Wilkins](https://basketball.realgm.com/player/Damien-Wilkins/Summary/295) a Restricted FA.
2004-05,2863,1610612760,team_trb_all_players/impact_database/roster_tenure/realgm_transactions_resilient/2004-05.txt.gz,1432,*   [Damien Wilkins](https://basketball.realgm.com/player/Damien-Wilkins/Summary/295) signed a contract with the [Seattle SuperSonics](https://basketball.realgm.com/nba/teams/Seattle-SuperSonics/27/home).
2004-05,2863,1610612760,team_trb_all_players/impact_database/roster_tenure/realgm_transactions_resilient/2004-05.txt.gz,2429,"Oct 4, 2004 [Damien Wilkins](https://basketball.realgm.com/player/Damien-Wilkins/Summary/295)"
2004-05,2863,1610612760,team_trb_all_players/impact_database/roster_tenure/realgm_transactions_resilient/2004-05.txt.gz,3887,"Jun 30, 2005 [Damien Wilkins](https://basketball.realgm.com/player/Damien-Wilkins/Summary/295)"
2004-05,2863,1610612760,team_trb_all_players/impact_database/roster_tenure/realgm_transactions_resilient/2011-12.txt.gz,1758,*   [Damien Wilkins](https://basketball.realgm.com/player/Damien-Wilkins/Summary/295) signed a contract with the [Detroit Pistons](https://basketball.realgm.com/nba/teams/Detroit-Pistons/8/home).
2004-05,2863,1610612760,team_trb_all_players/impact_database/roster_tenure/realgm_transactions_resilient/2011-12.txt.gz,2077,"*   [Damien Wilkins](https://basketball.realgm.com/player/Damien-Wilkins/Summary/295), previously with the [Atlanta Hawks](https://basketball.realgm.com/nba/teams/Atlanta-Hawks/1/home), became a free agent."
2004-05,2863,1610612760,team_trb_all_players/impact_database/roster_tenure/realgm_transactions_resilient/2011-12.txt.gz,2581,"Dec 10, 2011 [Damien Wilkins](https://basketball.realgm.com/player/Damien-Wilkins/Summary/295)"
2004-05,2863,1610612760,team_trb_all_players/impact_database/roster_tenure/realgm_transactions_resilient/2011-12.txt.gz,3855,"Jul 1, 2011 [Damien Wilkins](https://basketball.realgm.com/player/Damien-Wilkins/Summary/295)"
2004-05,2863,1610612760,team_trb_all_players/impact_database/historical_transactions/season_rows/2012-13.jsonl.gz,298,"{""season"": ""2012-13"", ""start_year"": 2012, ""page_title"": ""List of 2012–13 NBA season transactions"", ""section"": ""Player movement"", ""subsection"": ""Free agency"", ""table_index"": 6, ""table_classes"": [""wikitable"", ""sortable""], ""row_index"": 202, ""cells"": [""Damien Wilkins"", ""Philadelphia 76ers"", ""Detroit Pistons"", """"], ""links"": [{""text"": ""Damien Wilkins"", ""title"": ""Damien Wilkins"", ""href"": ""/wiki/Damien_Wilkins""}, {""text"": ""Philadelphia 76ers"", ""title"": ""Philadelphia 76ers"", ""href"": ""/wiki/Philadelphia_76ers""}, {""text"": ""Detroit Pistons"", ""title"": ""Detroit Pistons"", ""href"": ""/wiki/Detroit_Pistons""}], ""date_hint"": null}"
2004-05,2863,1610612760,team_trb_all_players/impact_database/historical_transactions/season_rows/2010-11.jsonl.gz,228,"{""season"": ""2010-11"", ""start_year"": 2010, ""page_title"": ""List of 2010–11 NBA season transactions"", ""section"": ""Player movement"", ""subsection"": ""Signed from free agency"", ""table_index"": 6, ""table_classes"": [""wikitable""], ""row_index"": 126, ""cells"": [""Damien Wilkins"", ""December 3"", ""Atlanta Hawks (waived on January 5)"", ""Minnesota Timberwolves""], ""links"": [{""text"": ""Damien Wilkins"", ""title"": ""Damien Wilkins"", ""href"": ""/wiki/Damien_Wilkins""}, {""text"": ""Atlanta Hawks"", ""title"": ""Atlanta Hawks"", ""href"": ""/wiki/Atlanta_Hawks""}, {""text"": ""Minnesota Timberwolves"", ""title"": ""Minnesota Timberwolves"", ""href"": ""/wiki/Minnesota_Timberwolves""}], ""date_hint"": ""December 3""}"
2004-05,2863,1610612760,team_trb_all_players/impact_database/historical_transactions/season_rows/2010-11.jsonl.gz,234,"{""season"": ""2010-11"", ""start_year"": 2010, ""page_title"": ""List of 2010–11 NBA season transactions"", ""section"": ""Player movement"", ""subsection"": ""Signed from free agency"", ""table_index"": 6, ""table_classes"": [""wikitable""], ""row_index"": 132, ""cells"": [""Damien Wilkins"", ""January 28"", ""Atlanta Hawks (previously signed two 10-day contracts)""], ""links"": [{""text"": ""Damien Wilkins"", ""title"": ""Damien Wilkins"", ""href"": ""/wiki/Damien_Wilkins""}, {""text"": ""Atlanta Hawks"", ""title"": ""Atlanta Hawks"", ""href"": ""/wiki/Atlanta_Hawks""}], ""date_hint"": ""January 28""}"
2004-05,2863,1610612760,team_trb_all_players/impact_database/historical_transactions/season_rows/2010-11.jsonl.gz,268,"{""season"": ""2010-11"", ""start_year"": 2010, ""page_title"": ""List of 2010–11 NBA season transactions"", ""section"": ""Player movement"", ""subsection"": ""10-day contracts"", ""table_index"": 7, ""table_classes"": [""wikitable""], ""row_index"": 2, ""cells"": [""January 8"", ""Atlanta Hawks"", ""-"", ""Damien Wilkins"", ""January 18*""], ""links"": [{""text"": ""Atlanta Hawks"", ""title"": ""Atlanta Hawks"", ""href"": ""/wiki/Atlanta_Hawks""}, {""text"": ""Damien Wilkins"", ""title"": ""Damien Wilkins"", ""href"": ""/wiki/Damien_Wilkins""}], ""date_hint"": ""January 8""}"
2004-05,2863,1610612760,team_trb_all_players/impact_database/historical_transactions/season_rows/2010-11.jsonl.gz,337,"{""season"": ""2010-11"", ""start_year"": 2010, ""page_title"": ""List of 2010–11 NBA season transactions"", ""section"": ""Player movement"", ""subsection"": ""Waived"", ""table_index"": 8, ""table_classes"": [""wikitable""], ""row_index"": 41, ""cells"": [""Damien Wilkins"", ""Atlanta Hawks""], ""links"": [{""text"": ""Damien Wilkins"", ""title"": ""Damien Wilkins"", ""href"": ""/wiki/Damien_Wilkins""}, {""text"": ""Atlanta Hawks"", ""title"": ""Atlanta Hawks"", ""href"": ""/wiki/Atlanta_Hawks""}], ""date_hint"": null}"
2004-05,2863,1610612760,team_trb_all_players/impact_database/historical_transactions/season_rows/2010-11.jsonl.gz,366,"{""season"": ""2010-11"", ""start_year"": 2010, ""page_title"": ""List of 2010–11 NBA season transactions"", ""section"": ""Player movement"", ""subsection"": ""Training camp cuts"", ""table_index"": 9, ""table_classes"": [""wikitable""], ""row_index"": 5, ""cells"": [""Lance Allred Magnum Rolle"", ""Marqus Blakely Stephen Dennis Jon Scheyer Jake Voskuhl"", ""Russell Hicks Trey Johnson Drew Naymick Anthony Roberson"", ""Josh Davis Luke Jackson Tre Kelley Kenny Thomas Damien Wilkins"", ""Patrick Beverley Da'Sean Butler Mickell Gladness Kenny Hasbrouck Anthony Mason, Jr Shavlik Randolph""], ""links"": [{""text"": ""Lance Allred"", ""title"": ""Lance Allred"", ""href"": ""/wiki/Lance_Allred""}, {""text"": ""Magnum Rolle"", ""title"": ""Magnum Rolle"", ""href"": ""/wiki/Magnum_Rolle""}, {""text"": ""Marqus Blakely"", ""title"": ""Marqus Blakely"", ""href"": ""/wiki/Marqus_Blakely""}, {""text"": ""Stephen Dennis"", ""title"": ""Stephen Dennis"", ""href"": ""/wiki/Stephen_Dennis""}, {""text"": ""Jon Scheyer"", ""title"": ""Jon Scheyer"", ""href"": ""/wiki/Jon_Scheyer""}, {""text"": ""Jake Voskuhl"", ""title"": ""Jake Voskuhl"", ""href"": ""/wiki/Jake_Voskuhl""}, {""text"": ""Russell Hicks"", ""title"": ""Russell Hicks (basketball) (page does not exist)"", ""href"": ""/w/index.php?title=Russell_Hicks_(basketball)&action=edit&redlink=1""}, {""text"": ""Trey Johnson"", ""title"": ""Trey Johnson"", ""href"": ""/wiki/Trey_Johnson""}, {""text"": ""Drew Naymick"", ""title"": ""Drew Naymick"", ""href"": ""/wiki/Drew_Naymick""}, {""text"": ""Anthony Roberson"", ""title"": ""Anthony Roberson"", ""href"": ""/wiki/Anthony_Roberson""}, {""text"": ""Josh Davis"", ""title"": ""Josh Davis (basketball, born 1980)"", ""href"": ""/wiki/Josh_Davis_(basketball,_born_1980)""}, {""text"": ""Luke Jackson"", ""title"": ""Luke Jackson (basketball, born 1981)"", ""href"": ""/wiki/Luke_Jackson_(basketball,_born_1981)""}, {""text"": ""Tre Kelley"", ""title"": ""Tre Kelley"", ""href"": ""/wiki/Tre_Kelley""}, {""text"": ""Kenny Thomas"", ""title"": ""Kenny Thomas (basketball)"", ""href"": ""/wiki/Kenny_Thomas_(basketball)""}, {""text"": ""Damien Wilkins"", ""title"": ""Damien Wilkins"", ""href"": ""/wiki/Damien_Wilkins""}, {""text"": ""Patrick Beverley"", ""title"": ""Patrick Beverley"", ""href"": ""/wiki/Patrick_Beverley""}, {""text"": ""Da'Sean Butler"", ""title"": ""Da'Sean Butler"", ""href"": ""/wiki/Da%27Sean_Butler""}, {""text"": ""Mickell Gladness"", ""title"": ""Mickell Gladness"", ""href"": ""/wiki/Mickell_Gladness""}, {""text"": ""Kenny Hasbrouck"", ""title"": ""Kenny Hasbrouck"", ""href"": ""/wiki/Kenny_Hasbrouck""}, {""text"": ""Anthony Mason, Jr"", ""title"": ""Anthony Mason, Jr"", ""href"": ""/wiki/Anthony_Mason,_Jr""}, {""text"": ""Shavlik Randolph"", ""title"": ""Shavlik Randolph"", ""href"": ""/wiki/Shavlik_Randolph""}], ""date_hint"": null}"
2004-05,2863,1610612760,team_trb_all_players/impact_database/historical_transactions/season_rows/2004-05.jsonl.gz,433,"{""season"": ""2004-05"", ""start_year"": 2004, ""page_title"": ""List of 2004–05 NBA season transactions"", ""section"": ""Draft"", ""subsection"": ""Signed Undrafted Players"", ""table_index"": 7, ""table_classes"": [""wikitable"", ""sortable""], ""row_index"": 9, ""cells"": [""November 3"", ""Damien Wilkins"", ""Seattle SuperSonics"", ""Georgia (Sr.)""], ""links"": [{""text"": ""Damien Wilkins"", ""title"": ""Damien Wilkins"", ""href"": ""/wiki/Damien_Wilkins""}, {""text"": ""Seattle SuperSonics"", ""title"": ""Seattle SuperSonics"", ""href"": ""/wiki/Seattle_SuperSonics""}, {""text"": ""Georgia"", ""title"": ""Georgia Bulldogs men's basketball"", ""href"": ""/wiki/Georgia_Bulldogs_men%27s_basketball""}], ""date_hint"": ""November 3""}"
2004-05,2863,1610612760,team_trb_all_players/impact_database/historical_transactions/season_rows/2011-12.jsonl.gz,110,"{""season"": ""2011-12"", ""start_year"": 2011, ""page_title"": ""List of 2011–12 NBA season transactions"", ""section"": ""Player movement"", ""subsection"": ""Free agency"", ""table_index"": 7, ""table_classes"": [""wikitable"", ""sortable""], ""row_index"": 16, ""cells"": [""Damien Wilkins"", ""Detroit Pistons"", ""Atlanta Hawks"", ""[ 89 ]""], ""links"": [{""text"": ""Damien Wilkins"", ""title"": ""Damien Wilkins"", ""href"": ""/wiki/Damien_Wilkins""}, {""text"": ""Detroit Pistons"", ""title"": ""Detroit Pistons"", ""href"": ""/wiki/Detroit_Pistons""}, {""text"": ""Atlanta Hawks"", ""title"": ""Atlanta Hawks"", ""href"": ""/wiki/Atlanta_Hawks""}, {""text"": ""[ 89 ]"", ""title"": """", ""href"": ""#cite_note-94""}], ""date_hint"": null}"
2004-05,2863,1610612760,team_trb_all_players/impact_database/historical_transactions/season_rows/2015-16.jsonl.gz,372,"{""season"": ""2015-16"", ""start_year"": 2015, ""page_title"": ""List of 2015–16 NBA season transactions"", ""section"": ""Player movements"", ""subsection"": ""Free agency"", ""table_index"": 7, ""table_classes"": [""wikitable"", ""sortable""], ""row_index"": 268, ""cells"": [""Damien Wilkins"", ""Charlotte Hornets"", ""Indios de Mayagüez ( Puerto Rico )"", ""[ 286 ]""], ""links"": [{""text"": ""Damien Wilkins"", ""title"": ""Damien Wilkins"", ""href"": ""/wiki/Damien_Wilkins""}, {""text"": ""Charlotte Hornets"", ""title"": ""Charlotte Hornets"", ""href"": ""/wiki/Charlotte_Hornets""}, {""text"": ""Indios de Mayagüez"", ""title"": ""Indios de Mayagüez (basketball)"", ""href"": ""/wiki/Indios_de_Mayag%C3%BCez_(basketball)""}, {""text"": ""Puerto Rico"", ""title"": ""Baloncesto Superior Nacional"", ""href"": ""/wiki/Baloncesto_Superior_Nacional""}, {""text"": ""[ 286 ]"", ""title"": """", ""href"": ""#cite_note-290""}], ""date_hint"": null}"
2004-05,2863,1610612760,team_trb_all_players/impact_database/historical_transactions/season_rows/2015-16.jsonl.gz,693,"{""season"": ""2015-16"", ""start_year"": 2015, ""page_title"": ""List of 2015–16 NBA season transactions"", ""section"": ""Player movements"", ""subsection"": ""Going overseas"", ""table_index"": 11, ""table_classes"": [""wikitable"", ""sortable""], ""row_index"": 41, ""cells"": [""Damien Wilkins"", ""October 25"", ""Guaros de Lara"", ""Venezuela"", ""Charlotte Hornets"", ""Unrestricted free agent"", ""[ 517 ]""], ""links"": [{""text"": ""Damien Wilkins"", ""title"": ""Damien Wilkins"", ""href"": ""/wiki/Damien_Wilkins""}, {""text"": ""Guaros de Lara"", ""title"": ""Guaros de Lara (basketball)"", ""href"": ""/wiki/Guaros_de_Lara_(basketball)""}, {""text"": ""Venezuela"", ""title"": ""Liga Profesional de Baloncesto"", ""href"": ""/wiki/Liga_Profesional_de_Baloncesto""}, {""text"": ""Charlotte Hornets"", ""title"": ""Charlotte Hornets"", ""href"": ""/wiki/Charlotte_Hornets""}, {""text"": ""[ 517 ]"", ""title"": """", ""href"": ""#cite_note-522""}], ""date_hint"": ""October 25""}"
2004-05,2863,1610612760,team_trb_all_players/impact_database/historical_transactions/season_rows/2015-16.jsonl.gz,811,"{""season"": ""2015-16"", ""start_year"": 2015, ""page_title"": ""List of 2015–16 NBA season transactions"", ""section"": ""Player movements"", ""subsection"": ""Training camp cuts"", ""table_index"": 13, ""table_classes"": [""wikitable""], ""row_index"": 1, ""cells"": [""Earl Barron DeQuan Jones Arsalan Kazemi Terran Petteway Édgar Sosa"", ""Coty Clarke Perry Jones Malcolm Miller Levi Randolph Corey Walden"", ""Ryan Boatright Chris Daniels Justin Harper Dahntay Jones Quincy Miller"", ""Sam Thompson Jason Washburn Damien Wilkins Elliot Williams"", ""Jake Anderson Jordan Crawford Stefhon Hannah Marcus Simmons""], ""links"": [{""text"": ""Earl Barron"", ""title"": ""Earl Barron"", ""href"": ""/wiki/Earl_Barron""}, {""text"": ""DeQuan Jones"", ""title"": ""DeQuan Jones"", ""href"": ""/wiki/DeQuan_Jones""}, {""text"": ""Arsalan Kazemi"", ""title"": ""Arsalan Kazemi"", ""href"": ""/wiki/Arsalan_Kazemi""}, {""text"": ""Terran Petteway"", ""title"": ""Terran Petteway"", ""href"": ""/wiki/Terran_Petteway""}, {""text"": ""Édgar Sosa"", ""title"": ""Édgar Sosa (basketball)"", ""href"": ""/wiki/%C3%89dgar_Sosa_(basketball)""}, {""text"": ""Coty Clarke"", ""title"": ""Coty Clarke"", ""href"": ""/wiki/Coty_Clarke""}, {""text"": ""Perry Jones"", ""title"": ""Perry Jones"", ""href"": ""/wiki/Perry_Jones""}, {""text"": ""Malcolm Miller"", ""title"": ""Malcolm Miller (basketball)"", ""href"": ""/wiki/Malcolm_Miller_(basketball)""}, {""text"": ""Levi Randolph"", ""title"": ""Levi Randolph"", ""href"": ""/wiki/Levi_Randolph""}, {""text"": ""Corey Walden"", ""title"": ""Corey Walden"", ""href"": ""/wiki/Corey_Walden""}, {""text"": ""Ryan Boatright"", ""title"": ""Ryan Boatright"", ""href"": ""/wiki/Ryan_Boatright""}, {""text"": ""Chris Daniels"", ""title"": ""Chris Daniels (basketball)"", ""href"": ""/wiki/Chris_Daniels_(basketball)""}, {""text"": ""Justin Harper"", ""title"": ""Justin Harper (basketball)"", ""href"": ""/wiki/Justin_Harper_(basketball)""}, {""text"": ""Dahntay Jones"", ""title"": ""Dahntay Jones"", ""href"": ""/wiki/Dahntay_Jones""}, {""text"": ""Quincy Miller"", ""title"": ""Quincy Miller"", ""href"": ""/wiki/Quincy_Miller""}, {""text"": ""Sam Thompson"", ""title"": ""Sam Thompson (basketball)"", ""href"": ""/wiki/Sam_Thompson_(basketball)""}, {""text"": ""Jason Washburn"", ""title"": ""Jason Washburn"", ""href"": ""/wiki/Jason_Washburn""}, {""text"": ""Damien Wilkins"", ""title"": ""Damien Wilkins"", ""href"": ""/wiki/Damien_Wilkins""}, {""text"": ""Elliot Williams"", ""title"": ""Elliot Williams"", ""href"": ""/wiki/Elliot_Williams""}, {""text"": ""Jake Anderson"", ""title"": ""Jake Anderson (basketball)"", ""href"": ""/wiki/Jake_Anderson_(basketball)""}, {""text"": ""Jordan Crawford"", ""title"": ""Jordan Crawford"", ""href"": ""/wiki/Jordan_Crawford""}, {""text"": ""Stefhon Hannah"", ""title"": ""Stefhon Hannah"", ""href"": ""/wiki/Stefhon_Hannah""}, {""text"": ""Marcus Simmons"", ""title"": ""Marcus Simmons (basketball)"", ""href"": ""/wiki/Marcus_Simmons_(basketball)""}], ""date_hint"": null}"
2004-05,2863,1610612760,team_trb_all_players/impact_database/historical_transactions/season_rows/2013-14.jsonl.gz,369,"{""season"": ""2013-14"", ""start_year"": 2013, ""page_title"": ""List of 2013–14 NBA season transactions"", ""section"": ""Player movement"", ""subsection"": ""Free agency"", ""table_index"": 8, ""table_classes"": [""wikitable"", ""sortable""], ""row_index"": 246, ""cells"": [""Damien Wilkins"", ""Atlanta Hawks"", ""Philadelphia 76ers"", """"], ""links"": [{""text"": ""Damien Wilkins"", ""title"": ""Damien Wilkins"", ""href"": ""/wiki/Damien_Wilkins""}, {""text"": ""Atlanta Hawks"", ""title"": ""Atlanta Hawks"", ""href"": ""/wiki/Atlanta_Hawks""}, {""text"": ""Philadelphia 76ers"", ""title"": ""Philadelphia 76ers"", ""href"": ""/wiki/Philadelphia_76ers""}], ""date_hint"": null}"
2004-05,2863,1610612760,team_trb_all_players/impact_database/historical_transactions/season_rows/2013-14.jsonl.gz,663,"{""season"": ""2013-14"", ""start_year"": 2013, ""page_title"": ""List of 2013–14 NBA season transactions"", ""section"": ""Player movement"", ""subsection"": ""Training camp cuts"", ""table_index"": 12, ""table_classes"": [""wikitable""], ""row_index"": 1, ""cells"": [""Eric Dawson Royal Ivey James Johnson David Lighty Adonis Thomas Damien Wilkins"", ""Chris Babb Damen Bell-Holter DeShawn Sims Kammron Taylor"", ""Gary Forbes Jorge Guiterrez Marko Jarić Chris Johnson Adonis Thomas"", ""Troy Daniels Abdul Gaddy Patrick O'Bryant"", ""Patrick Christopher Dahntay Jones Kalin Lucas Dexter Pittman D. J. White""], ""links"": [{""text"": ""Eric Dawson"", ""title"": ""Eric Dawson"", ""href"": ""/wiki/Eric_Dawson""}, {""text"": ""Royal Ivey"", ""title"": ""Royal Ivey"", ""href"": ""/wiki/Royal_Ivey""}, {""text"": ""James Johnson"", ""title"": ""James Johnson (basketball, born 1987)"", ""href"": ""/wiki/James_Johnson_(basketball,_born_1987)""}, {""text"": ""David Lighty"", ""title"": ""David Lighty"", ""href"": ""/wiki/David_Lighty""}, {""text"": ""Adonis Thomas"", ""title"": ""Adonis Thomas"", ""href"": ""/wiki/Adonis_Thomas""}, {""text"": ""Damien Wilkins"", ""title"": ""Damien Wilkins"", ""href"": ""/wiki/Damien_Wilkins""}, {""text"": ""Chris Babb"", ""title"": ""Chris Babb"", ""href"": ""/wiki/Chris_Babb""}, {""text"": ""Damen Bell-Holter"", ""title"": ""Damen Bell-Holter"", ""href"": ""/wiki/Damen_Bell-Holter""}, {""text"": ""DeShawn Sims"", ""title"": ""DeShawn Sims"", ""href"": ""/wiki/DeShawn_Sims""}, {""text"": ""Kammron Taylor"", ""title"": ""Kammron Taylor"", ""href"": ""/wiki/Kammron_Taylor""}, {""text"": ""Gary Forbes"", ""title"": ""Gary Forbes"", ""href"": ""/wiki/Gary_Forbes""}, {""text"": ""Jorge Guiterrez"", ""title"": ""Jorge Gutierrez (basketball)"", ""href"": ""/wiki/Jorge_Gutierrez_(basketball)""}, {""text"": ""Marko Jarić"", ""title"": ""Marko Jarić"", ""href"": ""/wiki/Marko_Jari%C4%87""}, {""text"": ""Chris Johnson"", ""title"": ""Chris Johnson (basketball, born 1990)"", ""href"": ""/wiki/Chris_Johnson_(basketball,_born_1990)""}, {""text"": ""Adonis Thomas"", ""title"": ""Adonis Thomas"", ""href"": ""/wiki/Adonis_Thomas""}, {""text"": ""Troy Daniels"", ""title"": ""Troy Daniels"", ""href"": ""/wiki/Troy_Daniels""}, {""text"": ""Abdul Gaddy"", ""title"": ""Abdul Gaddy"", ""href"": ""/wiki/Abdul_Gaddy""}, {""text"": ""Patrick O'Bryant"", ""title"": ""Patrick O'Bryant"", ""href"": ""/wiki/Patrick_O%27Bryant""}, {""text"": ""Patrick Christopher"", ""title"": ""Patrick Christopher"", ""href"": ""/wiki/Patrick_Christopher""}, {""text"": ""Dahntay Jones"", ""title"": ""Dahntay Jones"", ""href"": ""/wiki/Dahntay_Jones""}, {""text"": ""Kalin Lucas"", ""title"": ""Kalin Lucas"", ""href"": ""/wiki/Kalin_Lucas""}, {""text"": ""Dexter Pittman"", ""title"": ""Dexter Pittman"", ""href"": ""/wiki/Dexter_Pittman""}, {""text"": ""D. J. White"", ""title"": ""D. J. White"", ""href"": ""/wiki/D._J._White""}], ""date_hint"": null}"
2004-05,2863,1610612760,team_trb_all_players/impact_database/historical_transactions/season_rows/2009-10.jsonl.gz,54,"{""season"": ""2009-10"", ""start_year"": 2009, ""page_title"": ""List of 2009–10 NBA season transactions"", ""section"": ""Player movement"", ""subsection"": ""Trades"", ""table_index"": 4, ""table_classes"": [], ""row_index"": 18, ""cells"": [""July 27, 2009"", ""To Minnesota Timberwolves Chucky Atkins Damien Wilkins"", ""To Oklahoma City Thunder Etan Thomas 2010 second-round pick 2010 conditional second-round pick""], ""links"": [{""text"": ""Minnesota Timberwolves"", ""title"": ""Minnesota Timberwolves"", ""href"": ""/wiki/Minnesota_Timberwolves""}, {""text"": ""Chucky Atkins"", ""title"": ""Chucky Atkins"", ""href"": ""/wiki/Chucky_Atkins""}, {""text"": ""Damien Wilkins"", ""title"": ""Damien Wilkins"", ""href"": ""/wiki/Damien_Wilkins""}, {""text"": ""Oklahoma City Thunder"", ""title"": ""Oklahoma City Thunder"", ""href"": ""/wiki/Oklahoma_City_Thunder""}, {""text"": ""Etan Thomas"", ""title"": ""Etan Thomas"", ""href"": ""/wiki/Etan_Thomas""}], ""date_hint"": ""July 27""}"
2004-05,2863,1610612760,team_trb_all_players/impact_database/historical_transactions/season_rows/2005-06.jsonl.gz,330,"{""season"": ""2005-06"", ""start_year"": 2005, ""page_title"": ""List of 2005–06 NBA season transactions"", ""section"": ""Player movement"", ""subsection"": ""Free Agency"", ""table_index"": 4, ""table_classes"": [""wikitable"", ""sortable""], ""row_index"": 67, ""cells"": [""Damien Wilkins"", ""Seattle SuperSonics (matched offer sheet from Minnesota)"", """"], ""links"": [{""text"": ""Damien Wilkins"", ""title"": ""Damien Wilkins"", ""href"": ""/wiki/Damien_Wilkins""}, {""text"": ""Seattle SuperSonics"", ""title"": ""Seattle SuperSonics"", ""href"": ""/wiki/Seattle_SuperSonics""}], ""date_hint"": null}"
2004-05,2863,1610612760,team_trb_all_players/impact_database/historical_transactions/raw_pages/2004-05.html.gz,4346,"<td><span data-sort-value=""Wilkins, Damien""><span class=""vcard""><span class=""fn""><a href=""/wiki/Damien_Wilkins"" title=""Damien Wilkins"">Damien Wilkins</a></span></span></span>"
2004-05,2863,1610612760,team_trb_all_players/impact_database/historical_transactions/raw_pages/2005-06.html.gz,2300,"<td align=""left""><span data-sort-value=""Wilkins, Damien""><span class=""vcard""><span class=""fn""><a href=""/wiki/Damien_Wilkins"" title=""Damien Wilkins"">Damien Wilkins</a></span></span></span>"
2004-05,2863,1610612760,team_trb_all_players/impact_database/historical_transactions/raw_pages/2012-13.html.gz,2729,"<td align=""left""><span data-sort-value=""Wilkins, Damien""><span class=""vcard""><span class=""fn""><a href=""/wiki/Damien_Wilkins"" title=""Damien Wilkins"">Damien Wilkins</a></span></span></span>"
2004-05,2863,1610612760,team_trb_all_players/impact_database/historical_transactions/raw_pages/2009-10.html.gz,451,"<li><a href=""/wiki/Damien_Wilkins"" title=""Damien Wilkins"">Damien Wilkins</a></li></ul>"
2004-05,2863,1610612760,team_trb_all_players/impact_database/historical_transactions/raw_pages/2010-11.html.gz,1708,"<td align=""left""><a href=""/wiki/Damien_Wilkins"" title=""Damien Wilkins"">Damien Wilkins</a></td>"
2004-05,2863,1610612760,team_trb_all_players/impact_database/historical_transactions/raw_pages/2010-11.html.gz,1743,"<td align=""left""><a href=""/wiki/Damien_Wilkins"" title=""Damien Wilkins"">Damien Wilkins</a></td>"
2004-05,2863,1610612760,team_trb_all_players/impact_database/historical_transactions/raw_pages/2010-11.html.gz,1941,"<td><a href=""/wiki/Damien_Wilkins"" title=""Damien Wilkins"">Damien Wilkins</a></td>"
2004-05,2863,1610612760,team_trb_all_players/impact_database/historical_transactions/raw_pages/2010-11.html.gz,2335,"<td><a href=""/wiki/Damien_Wilkins"" title=""Damien Wilkins"">Damien Wilkins</a></td>"
2004-05,2863,1610612760,team_trb_all_players/impact_database/historical_transactions/raw_pages/2010-11.html.gz,2565,"<li><a href=""/wiki/Damien_Wilkins"" title=""Damien Wilkins"">Damien Wilkins</a></li></ul>"
2004-05,2863,1610612760,team_trb_all_players/impact_database/historical_transactions/raw_pages/2013-14.html.gz,3369,"<td align=""left""><span data-sort-value=""Wilkins, Damien""><span class=""vcard""><span class=""fn""><a href=""/wiki/Damien_Wilkins"" title=""Damien Wilkins"">Damien Wilkins</a></span></span></span>"
2004-05,2863,1610612760,team_trb_all_players/impact_database/historical_transactions/raw_pages/2013-14.html.gz,6263,"<li><a href=""/wiki/Damien_Wilkins"" title=""Damien Wilkins"">Damien Wilkins</a></li></ul>"
2004-05,2863,1610612760,team_trb_all_players/impact_database/historical_transactions/raw_pages/2015-16.html.gz,3416,"<td align=""left""><span data-sort-value=""Wilkins, Damien""><span class=""vcard""><span class=""fn""><a href=""/wiki/Damien_Wilkins"" title=""Damien Wilkins"">Damien Wilkins</a></span></span></span>"
2004-05,2863,1610612760,team_trb_all_players/impact_database/historical_transactions/raw_pages/2015-16.html.gz,7287,"<td><span data-sort-value=""Wilkins, Damien""><span class=""vcard""><span class=""fn""><a href=""/wiki/Damien_Wilkins"" title=""Damien Wilkins"">Damien Wilkins</a></span></span></span>"
2004-05,2863,1610612760,team_trb_all_players/impact_database/historical_transactions/raw_pages/2015-16.html.gz,8561,"<li><a href=""/wiki/Damien_Wilkins"" title=""Damien Wilkins"">Damien Wilkins</a></li>"
2004-05,2863,1610612760,team_trb_all_players/impact_database/historical_transactions/raw_pages/2015-16.html.gz,10411,"<li id=""cite&#95;note-290""><span class=""mw-cite-backlink""><b><a href=""#cite_ref-290"">^</a></b></span> <span class=""reference-text""><link rel=""mw-deduplicated-inline-style"" href=""mw-data:TemplateStyles:r1333433106"" /><cite class=""citation web cs1""><a rel=""nofollow"" class=""external text"" href=""http://www.nba.com/hornets/hornets-sign-damien-wilkins"">""Hornets Sign Damien Wilkins""</a>. <i>NBA.com</i>. Turner Sports Interactive, Inc. October 16, 2015<span class=""reference-accessdate"">. Retrieved <span class=""nowrap"">October 16,</span> 2015</span>.</cite><span title=""ctx&#95;ver=Z39.88-2004&amp;rft&#95;val&#95;fmt=info%3Aofi%2Ffmt%3Akev%3Amtx%3Ajournal&amp;rft.genre=unknown&amp;rft.jtitle=NBA.com&amp;rft.atitle=Hornets+Sign+Damien+Wilkins&amp;rft.date=2015-10-16&amp;rft&#95;id=http%3A%2F%2Fwww.nba.com%2Fhornets%2Fhornets-sign-damien-wilkins&amp;rfr&#95;id=info%3Asid%2Fen.wikipedia.org%3AList+of+2015%E2%80%9316+NBA+season+transactions"" class=""Z3988""></span></span>"
2004-05,2863,1610612760,team_trb_all_players/impact_database/historical_transactions/raw_pages/2015-16.html.gz,10873,"<li id=""cite&#95;note-522""><span class=""mw-cite-backlink""><b><a href=""#cite_ref-522"">^</a></b></span> <span class=""reference-text""><link rel=""mw-deduplicated-inline-style"" href=""mw-data:TemplateStyles:r1333433106"" /><cite class=""citation web cs1""><a rel=""nofollow"" class=""external text"" href=""http://www.sportando.com/en/world/america/179871/damien-wilkins-signs-with-guaros-de-lara.html"">""Damien Wilkins signs with Guaros de Lara""</a>. <i>Sportando.com</i>. October 25, 2015<span class=""reference-accessdate"">. Retrieved <span class=""nowrap"">October 25,</span> 2015</span>.</cite><span title=""ctx&#95;ver=Z39.88-2004&amp;rft&#95;val&#95;fmt=info%3Aofi%2Ffmt%3Akev%3Amtx%3Ajournal&amp;rft.genre=unknown&amp;rft.jtitle=Sportando.com&amp;rft.atitle=Damien+Wilkins+signs+with+Guaros+de+Lara&amp;rft.date=2015-10-25&amp;rft&#95;id=http%3A%2F%2Fwww.sportando.com%2Fen%2Fworld%2Famerica%2F179871%2Fdamien-wilkins-signs-with-guaros-de-lara.html&amp;rfr&#95;id=info%3Asid%2Fen.wikipedia.org%3AList+of+2015%E2%80%9316+NBA+season+transactions"" class=""Z3988""></span></span>"
2004-05,2863,1610612760,team_trb_all_players/impact_database/historical_transactions/raw_pages/2011-12.html.gz,981,"<td align=""left""><span data-sort-value=""Wilkins, Damien""><span class=""vcard""><span class=""fn""><a href=""/wiki/Damien_Wilkins"" title=""Damien Wilkins"">Damien Wilkins</a></span></span></span>"
2004-05,2863,1610612760,team_trb_all_players/impact_database/historical_transactions/raw_pages/2011-12.html.gz,7184,"<li id=""cite&#95;note-94""><span class=""mw-cite-backlink""><b><a href=""#cite_ref-94"">^</a></b></span> <span class=""reference-text""><link rel=""mw-deduplicated-inline-style"" href=""mw-data:TemplateStyles:r1333433106"" /><cite class=""citation web cs1""><a rel=""nofollow"" class=""external text"" href=""http://www.nba.com/pistons/news/wilkins_signed_111212.html"">""Pistons Sign Guard-Forward Damien Wilkins""</a>. <i>NBA.com</i>. Turner Sports Interactive, Inc. December 9, 2011<span class=""reference-accessdate"">. Retrieved <span class=""nowrap"">December 13,</span> 2011</span>.</cite><span title=""ctx&#95;ver=Z39.88-2004&amp;rft&#95;val&#95;fmt=info%3Aofi%2Ffmt%3Akev%3Amtx%3Ajournal&amp;rft.genre=unknown&amp;rft.jtitle=NBA.com&amp;rft.atitle=Pistons+Sign+Guard-Forward+Damien+Wilkins&amp;rft.date=2011-12-09&amp;rft&#95;id=http%3A%2F%2Fwww.nba.com%2Fpistons%2Fnews%2Fwilkins&#95;signed&#95;111212.html&amp;rfr&#95;id=info%3Asid%2Fen.wikipedia.org%3AList+of+2011%E2%80%9312+NBA+season+transactions"" class=""Z3988""></span></span>"
2004-05,2863,1610612760,team_trb_all_players/impact_database/historical_transactions/raw_api_responses/2010-11.json.gz,1,"{""warnings"": {""main"": {""warnings"": ""Subscribe to the mediawiki-api-announce mailing list at <https://lists.wikimedia.org/postorius/lists/mediawiki-api-announce.lists.wikimedia.org/> for notice of API deprecations and breaking changes. Use [[Special:ApiFeatureUsage]] to see usage of deprecated features by your application.""}, ""parse"": {""warnings"": ""\""prop=sections\"" has been deprecated. Please use \""prop=tocdata\"" instead.""}}, ""parse"": {""title"": ""List of 2010–11 NBA season transactions"", ""pageid"": 27088330, ""redirects"": [], ""text"": ""<div class=\""mw-content-ltr mw-parser-output\"" lang=\""en\"" dir=\""ltr\""><p class=\""mw-empty-elt\"">\n\n</p><p>This is a list of all personnel changes for the 2010 NBA off-season and <a href=\""/wiki/2010%E2%80%9311_NBA_season\"" title=\""2010–11 NBA season\"">2010–11 NBA season</a>.\n</p>\n<style data-mw-deduplicate=\""TemplateStyles:r886046785\"">.mw-parser-output .toclimit-2 .toclevel-1 ul,.mw-parser-output .toclimit-3 .toclevel-2 ul,.mw-parser-output .toclimit-4 .toclevel-3 ul,.mw-parser-output .toclimit-5 .toclevel-4 ul,.mw-parser-output .toclimit-6 .toclevel-5 ul,.mw-parser-output .toclimit-7 .toclevel-6 ul{display:none}</style><div class=\""toclimit-4\""><meta property=\""mw:PageProp/toc\"" /></div>\n<div class=\""mw-heading mw-heading2\""><h2 id=\""Retirement\"">Retirement</h2><span class=\""mw-editsection\""><span class=\""mw-editsection-bracket\"">[</span><a href=\""/w/index.php?title=List_of_2010%E2%80%9311_NBA_season_transactions&amp;action=edit&amp;section=1\"" title=\""Edit section: Retirement\""><span>edit</span></a><span class=\""mw-editsection-bracket\"">]</span></span></div>\n<table class=\""wikitable\"">\n\n<tbody><tr>\n<th style=\""width:100px\"">Date</th>\n<th style=\""width:180px\"">Name</th>\n<th style=\""width:250px\"">Team(s) played (years)</th>\n<th style=\""width:40px\"">Age</th>\n<th style=\""width:290px\"">Notes</th>\n<th style=\""width:40px\"">Ref.\n</th></tr>\n<tr>\n<td align=\""center\"">June 7</td>\n<td><a href=\""/wiki/Kevin_Ollie\"" title=\""Kevin Ollie\"">Kevin Ollie</a></td>\n<td><a href=\""/wiki/Dallas_Mavericks\"" title=\""Dallas Mavericks\"">Dallas Mavericks</a> <small>(1997)</small><br /><a href=\""/wiki/Orlando_Magic\"" title=\""Orlando Magic\"">Orlando Magic</a> <small>(1998, 1999)</small><br /><a href=\""/wiki/Sacramento_Kings\"" title=\""Sacramento Kings\"">Sacramento Kings</a> <small>(1999)</small><br /><a href=\""/wiki/Philadelphia_76ers\"" title=\""Philadelphia 76ers\"">Philadelphia 76ers</a> <small>(1999–2000, 2000–2001, 2004–2008)</small><br /><a href=\""/wiki/New_Jersey_Nets\"" class=\""mw-redirect\"" title=\""New Jersey Nets\"">New Jersey Nets</a> <small>(2000)</small><br /><a href=\""/wiki/Chicago_Bulls\"" title=\""Chicago Bulls\"">Chicago Bulls</a> <small>(2001–2002)</small><br /><a href=\""/wiki/Indiana_Pacers\"" title=\""Indiana Pacers\"">Indiana Pacers</a> <small>(2002)</small><br /><a href=\""/wiki/Milwaukee_Bucks\"" title=\""Milwaukee Bucks\"">Milwaukee Bucks</a> <small>(2002–2003)</small><br /><a href=\""/wiki/Seattle_SuperSonics\"" title=\""Seattle SuperSonics\"">Seattle SuperSonics</a>/<a href=\""/wiki/Oklahoma_City_Thunder\"" title=\""Oklahoma City Thunder\"">Oklahoma City Thunder</a> <small>(2003, 2009–2010)</small><br /><a href=\""/wiki/Cleveland_Cavaliers\"" title=\""Cleveland Cavaliers\"">Cleveland Cavaliers</a> <small>(2003–2004)</small><br /><a href=\""/wiki/Minnesota_Timberwolves\"" title=\""Minnesota Timberwolves\"">Minnesota Timberwolves</a> <small>(2008–2009)</small></td>\n<td align=\""center\"">37</td>\n<td>Hired as the <a href=\""/wiki/Connecticut_Huskies_men%27s_basketball\"" class=\""mw-redirect\"" title=\""Connecticut Huskies men&#39;s basketball\"">Connecticut Huskies</a> assistant coach</td>\n<td align=\""center\""><sup id=\""cite&#95;ref-1\"" class=\""reference\""><a href=\""#cite_note-1\""><span class=\""cite-bracket\"">&#91;</span>1<span class=\""cite-bracket\"">&#93;</span></a></sup><sup id=\""cite&#95;ref-2\"" class=\""reference\""><a href=\""#cite_note-2\""><span class=\""cite-bracket\"">&#91;</span>2<span class=\""cite-bracket\"">&#93;</s"
2004-05,2863,1610612760,team_trb_all_players/impact_database/historical_transactions/basketball_reference_uniform/season_rows/2012-13.jsonl.gz,152,"{""season"": ""2012-13"", ""start_year"": 2012, ""page_title"": ""2012-13 NBA Transactions | Basketball-Reference.com"", ""section"": ""Signings"", ""subsection"": ""September 27, 2012"", ""table_index"": null, ""table_classes"": [], ""row_index"": 151, ""cells"": [""September 27, 2012"", ""The Philadelphia 76ers signed Damien Wilkins as a free agent.""], ""links"": [{""text"": ""Philadelphia 76ers"", ""title"": null, ""href"": ""/teams/PHI/2013.html""}, {""text"": ""Damien Wilkins"", ""title"": null, ""href"": ""/players/w/wilkida02.html""}], ""date_hint"": ""September 27"", ""exact_date"": ""September 27, 2012"", ""source"": ""Basketball-Reference via Internet Archive"", ""source_url"": ""https://web.archive.org/web/20220516152307id_/https://www.basketball-reference.com/leagues/NBA_2013_transactions.html""}"
2004-05,2863,1610612760,team_trb_all_players/impact_database/historical_transactions/basketball_reference_uniform/season_rows/2010-11.jsonl.gz,130,"{""season"": ""2010-11"", ""start_year"": 2010, ""page_title"": ""2010-11 NBA Transactions | Basketball-Reference.com"", ""section"": ""Signings"", ""subsection"": ""September 28, 2010"", ""table_index"": null, ""table_classes"": [], ""row_index"": 129, ""cells"": [""September 28, 2010"", ""The Memphis Grizzlies signed Damien Wilkins as a free agent.""], ""links"": [{""text"": ""Memphis Grizzlies"", ""title"": null, ""href"": ""/teams/MEM/2011.html""}, {""text"": ""Damien Wilkins"", ""title"": null, ""href"": ""/players/w/wilkida02.html""}], ""date_hint"": ""September 28"", ""exact_date"": ""September 28, 2010"", ""source"": ""Basketball-Reference via Internet Archive"", ""source_url"": ""https://web.archive.org/web/20220529055708id_/https://www.basketball-reference.com/leagues/NBA_2011_transactions.html""}"
2004-05,2863,1610612760,team_trb_all_players/impact_database/historical_transactions/basketball_reference_uniform/season_rows/2010-11.jsonl.gz,154,"{""season"": ""2010-11"", ""start_year"": 2010, ""page_title"": ""2010-11 NBA Transactions | Basketball-Reference.com"", ""section"": ""Waived"", ""subsection"": ""October 21, 2010"", ""table_index"": null, ""table_classes"": [], ""row_index"": 153, ""cells"": [""October 21, 2010"", ""The Memphis Grizzlies waived Damien Wilkins .""], ""links"": [{""text"": ""Memphis Grizzlies"", ""title"": null, ""href"": ""/teams/MEM/2011.html""}, {""text"": ""Damien Wilkins"", ""title"": null, ""href"": ""/players/w/wilkida02.html""}], ""date_hint"": ""October 21"", ""exact_date"": ""October 21, 2010"", ""source"": ""Basketball-Reference via Internet Archive"", ""source_url"": ""https://web.archive.org/web/20220529055708id_/https://www.basketball-reference.com/leagues/NBA_2011_transactions.html""}"
2004-05,2863,1610612760,team_trb_all_players/impact_database/historical_transactions/basketball_reference_uniform/season_rows/2010-11.jsonl.gz,201,"{""season"": ""2010-11"", ""start_year"": 2010, ""page_title"": ""2010-11 NBA Transactions | Basketball-Reference.com"", ""section"": ""Signings"", ""subsection"": ""December 3, 2010"", ""table_index"": null, ""table_classes"": [], ""row_index"": 200, ""cells"": [""December 3, 2010"", ""The Atlanta Hawks signed Damien Wilkins as a free agent.""], ""links"": [{""text"": ""Atlanta Hawks"", ""title"": null, ""href"": ""/teams/ATL/2011.html""}, {""text"": ""Damien Wilkins"", ""title"": null, ""href"": ""/players/w/wilkida02.html""}], ""date_hint"": ""December 3"", ""exact_date"": ""December 3, 2010"", ""source"": ""Basketball-Reference via Internet Archive"", ""source_url"": ""https://web.archive.org/web/20220529055708id_/https://www.basketball-reference.com/leagues/NBA_2011_transactions.html""}"
2004-05,2863,1610612760,team_trb_all_players/impact_database/historical_transactions/basketball_reference_uniform/season_rows/2010-11.jsonl.gz,251,"{""season"": ""2010-11"", ""start_year"": 2010, ""page_title"": ""2010-11 NBA Transactions | Basketball-Reference.com"", ""section"": ""Waived"", ""subsection"": ""January 5, 2011"", ""table_index"": null, ""table_classes"": [], ""row_index"": 250, ""cells"": [""January 5, 2011"", ""The Atlanta Hawks waived Damien Wilkins .""], ""links"": [{""text"": ""Atlanta Hawks"", ""title"": null, ""href"": ""/teams/ATL/2011.html""}, {""text"": ""Damien Wilkins"", ""title"": null, ""href"": ""/players/w/wilkida02.html""}], ""date_hint"": ""January 5"", ""exact_date"": ""January 5, 2011"", ""source"": ""Basketball-Reference via Internet Archive"", ""source_url"": ""https://web.archive.org/web/20220529055708id_/https://www.basketball-reference.com/leagues/NBA_2011_transactions.html""}"
2004-05,2863,1610612760,team_trb_all_players/impact_database/historical_transactions/basketball_reference_uniform/season_rows/2010-11.jsonl.gz,261,"{""season"": ""2010-11"", ""start_year"": 2010, ""page_title"": ""2010-11 NBA Transactions | Basketball-Reference.com"", ""section"": ""Signings"", ""subsection"": ""January 8, 2011"", ""table_index"": null, ""table_classes"": [], ""row_index"": 260, ""cells"": [""January 8, 2011"", ""The Atlanta Hawks signed Damien Wilkins to two 10-day contracts, then signed to a contract for the rest of the season.""], ""links"": [{""text"": ""Atlanta Hawks"", ""title"": null, ""href"": ""/teams/ATL/2011.html""}, {""text"": ""Damien Wilkins"", ""title"": null, ""href"": ""/players/w/wilkida02.html""}], ""date_hint"": ""January 8"", ""exact_date"": ""January 8, 2011"", ""source"": ""Basketball-Reference via Internet Archive"", ""source_url"": ""https://web.archive.org/web/20220529055708id_/https://www.basketball-reference.com/leagues/NBA_2011_transactions.html""}"
2004-05,2863,1610612760,team_trb_all_players/impact_database/historical_transactions/basketball_reference_uniform/season_rows/2004-05.jsonl.gz,174,"{""season"": ""2004-05"", ""start_year"": 2004, ""page_title"": ""2004-05 NBA Transactions | Basketball-Reference.com"", ""section"": ""Signings"", ""subsection"": ""November 3, 2004"", ""table_index"": null, ""table_classes"": [], ""row_index"": 173, ""cells"": [""November 3, 2004"", ""The Seattle SuperSonics signed Damien Wilkins as a free agent.""], ""links"": [{""text"": ""Seattle SuperSonics"", ""title"": null, ""href"": ""/teams/SEA/2005.html""}, {""text"": ""Damien Wilkins"", ""title"": null, ""href"": ""/players/w/wilkida02.html""}], ""date_hint"": ""November 3"", ""exact_date"": ""November 3, 2004"", ""source"": ""Basketball-Reference via Internet Archive"", ""source_url"": ""https://web.archive.org/web/20221209192502id_/https://www.basketball-reference.com/leagues/NBA_2005_transactions.html""}"
2004-05,2863,1610612760,team_trb_all_players/impact_database/historical_transactions/basketball_reference_uniform/season_rows/2011-12.jsonl.gz,37,"{""season"": ""2011-12"", ""start_year"": 2011, ""page_title"": ""2011-12 NBA Transactions | Basketball-Reference.com"", ""section"": ""Signings"", ""subsection"": ""December 10, 2011"", ""table_index"": null, ""table_classes"": [], ""row_index"": 36, ""cells"": [""December 10, 2011"", ""The Detroit Pistons signed Damien Wilkins as a free agent.""], ""links"": [{""text"": ""Detroit Pistons"", ""title"": null, ""href"": ""/teams/DET/2012.html""}, {""text"": ""Damien Wilkins"", ""title"": null, ""href"": ""/players/w/wilkida02.html""}], ""date_hint"": ""December 10"", ""exact_date"": ""December 10, 2011"", ""source"": ""Basketball-Reference via Internet Archive"", ""source_url"": ""https://web.archive.org/web/20221209193444id_/https://www.basketball-reference.com/leagues/NBA_2012_transactions.html""}"
2004-05,2863,1610612760,team_trb_all_players/impact_database/historical_transactions/basketball_reference_uniform/season_rows/2015-16.jsonl.gz,395,"{""season"": ""2015-16"", ""start_year"": 2015, ""page_title"": ""2015-16 NBA Transactions | Basketball-Reference.com"", ""section"": ""Signings"", ""subsection"": ""October 16, 2015"", ""table_index"": null, ""table_classes"": [], ""row_index"": 394, ""cells"": [""October 16, 2015"", ""The Charlotte Hornets signed Damien Wilkins .""], ""links"": [{""text"": ""Charlotte Hornets"", ""title"": null, ""href"": ""/teams/CHO/2016.html""}, {""text"": ""Damien Wilkins"", ""title"": null, ""href"": ""/players/w/wilkida02.html""}], ""date_hint"": ""October 16"", ""exact_date"": ""October 16, 2015"", ""source"": ""Basketball-Reference via Internet Archive"", ""source_url"": ""https://web.archive.org/web/20220629030608id_/https://www.basketball-reference.com/leagues/NBA_2016_transactions.html""}"
2004-05,2863,1610612760,team_trb_all_players/impact_database/historical_transactions/basketball_reference_uniform/season_rows/2015-16.jsonl.gz,513,"{""season"": ""2015-16"", ""start_year"": 2015, ""page_title"": ""2015-16 NBA Transactions | Basketball-Reference.com"", ""section"": ""Waived"", ""subsection"": ""October 24, 2015"", ""table_index"": null, ""table_classes"": [], ""row_index"": 512, ""cells"": [""October 24, 2015"", ""The Charlotte Hornets waived Damien Wilkins .""], ""links"": [{""text"": ""Charlotte Hornets"", ""title"": null, ""href"": ""/teams/CHO/2016.html""}, {""text"": ""Damien Wilkins"", ""title"": null, ""href"": ""/players/w/wilkida02.html""}], ""date_hint"": ""October 24"", ""exact_date"": ""October 24, 2015"", ""source"": ""Basketball-Reference via Internet Archive"", ""source_url"": ""https://web.archive.org/web/20220629030608id_/https://www.basketball-reference.com/leagues/NBA_2016_transactions.html""}"
2004-05,2863,1610612760,team_trb_all_players/impact_database/historical_transactions/basketball_reference_uniform/season_rows/2009-10.jsonl.gz,31,"{""season"": ""2009-10"", ""start_year"": 2009, ""page_title"": ""2009-10 NBA Transactions | Basketball-Reference.com"", ""section"": ""Trades"", ""subsection"": ""July 27, 2009"", ""table_index"": null, ""table_classes"": [], ""row_index"": 30, ""cells"": [""July 27, 2009"", ""The Minnesota Timberwolves traded Etan Thomas , a 2010 2nd round draft pick ( Dexter Pittman was later selected) and a 2010 2nd round draft pick (Magnum Rolle was later selected) to the Oklahoma City Thunder for Chucky Atkins and Damien Wilkins .""], ""links"": [{""text"": ""Minnesota Timberwolves"", ""title"": null, ""href"": ""/teams/MIN/2010.html""}, {""text"": ""Etan Thomas"", ""title"": null, ""href"": ""/players/t/thomaet01.html""}, {""text"": ""Dexter Pittman"", ""title"": null, ""href"": ""/players/p/pittmde01.html""}, {""text"": ""Oklahoma City Thunder"", ""title"": null, ""href"": ""/teams/OKC/2010.html""}, {""text"": ""Chucky Atkins"", ""title"": null, ""href"": ""/players/a/atkinch01.html""}, {""text"": ""Damien Wilkins"", ""title"": null, ""href"": ""/players/w/wilkida02.html""}], ""date_hint"": ""July 27"", ""exact_date"": ""July 27, 2009"", ""source"": ""Basketball-Reference via Internet Archive"", ""source_url"": ""https://web.archive.org/web/20221209193233id_/https://www.basketball-reference.com/leagues/NBA_2010_transactions.html""}"
2004-05,2863,1610612760,team_trb_all_players/impact_database/historical_transactions/basketball_reference_uniform/raw_pages/2004-05.html.gz,715,"<li><span>July 6, 2004</span><p>The <a data-attr-from=""NJN"" href=""/teams/NJN/2005.html"">New Jersey Nets</a> waived <a href=""/players/g/gilled01.html"">Eddie Gill</a>.</p></li><li><span>July 14, 2004</span><p>The <a data-attr-to=""TOR"" href=""/teams/TOR/2005.html"">Toronto Raptors</a> signed <a href=""/players/a/alstora01.html"">Rafer Alston</a> as a free agent.</p><p>The <a data-attr-from=""LAL"" href=""/teams/LAL/2005.html"">Los Angeles Lakers</a> traded <a href=""/players/o/onealsh01.html"">Shaquille O'Neal</a> to the <a data-attr-to=""MIA"" href=""/teams/MIA/2005.html"">Miami Heat</a> for <a href=""/players/b/butleca01.html"">Caron Butler</a>, <a href=""/players/g/grantbr01.html"">Brian Grant</a>, <a href=""/players/o/odomla01.html"">Lamar Odom</a>, a 2006 1st round draft pick (<a href=""/players/f/farmajo01.html"">Jordan Farmar</a> was later selected) and a 2007 2nd round draft pick (<a href=""/players/s/seibure01.html"">Renaldas Seibutis</a> was later selected).</p><p>The <a data-attr-to=""MEM"" href=""/teams/MEM/2005.html"">Memphis Grizzlies</a> signed <a href=""/players/c/cardibr01.html"">Brian Cardinal</a> as a free agent.</p><p>The <a data-attr-from=""CHA"" href=""/teams/CHA/2005.html"">Charlotte Bobcats</a> traded a 2005 2nd round draft pick (<a href=""/players/e/ewingda01.html"">Daniel Ewing</a> was later selected) and a 2006 2nd round draft pick (<a href=""/players/d/davispa01.html"">Paul Davis</a> was later selected) to the <a data-attr-to=""LAC"" href=""/teams/LAC/2005.html"">Los Angeles Clippers</a> for <a href=""/players/e/elyme01.html"">Melvin Ely</a> and <a href=""/players/h/houseed01.html"">Eddie House</a>.</p><p>The <a data-attr-to=""CHA"" href=""/teams/CHA/2005.html"">Charlotte Bobcats</a> signed <a href=""/players/h/hartja01.html"">Jason Hart</a> as a free agent.</p><p>The <a data-attr-to=""PHO"" href=""/teams/PHO/2005.html"">Phoenix Suns</a> signed <a href=""/players/n/nashst01.html"">Steve Nash</a> as a free agent.</p><p>The <a data-attr-to=""PHI"" href=""/teams/PHI/2005.html"">Philadelphia 76ers</a> signed <a href=""/players/s/skinnbr01.html"">Brian Skinner</a> as a free agent.</p><p>The <a data-attr-to=""ORL"" href=""/teams/ORL/2005.html"">Orlando Magic</a> signed <a href=""/players/t/turkohe01.html"">Hedo Türkoğlu</a> as a free agent.</p></li><li><span>July 15, 2004</span><p>The <a data-attr-to=""SAS"" href=""/teams/SAS/2005.html"">San Antonio Spurs</a> signed <a href=""/players/b/barrybr01.html"">Brent Barry</a> as a free agent.</p><p>The <a data-attr-to=""MIA"" href=""/teams/MIA/2005.html"">Miami Heat</a> signed <a href=""/players/d/doleami01.html"">Michael Doleac</a> as a free agent.</p><p>The <a data-attr-to=""POR"" href=""/teams/POR/2005.html"">Portland Trail Blazers</a> signed <a href=""/players/f/frahmri01.html"">Richie Frahm</a> as a free agent.</p><p>The <a data-attr-from=""ATL"" href=""/teams/ATL/2005.html"">Atlanta Hawks</a> traded <a href=""/players/j/jacksst02.html"">Stephen Jackson</a> to the <a data-attr-to=""IND"" href=""/teams/IND/2005.html"">Indiana Pacers</a> for <a href=""/players/h/harrial01.html"">Al Harrington</a>.</p><p>The <a data-attr-from=""DEN"" href=""/teams/DEN/2005.html"">Denver Nuggets</a> traded a 2005 1st round draft pick (<a href=""/players/g/grahajo01.html"">Joey Graham</a> was later selected), a 2006 1st round draft pick (<a href=""/players/b/balkmre01.html"">Renaldo Balkman</a> was later selected) and a 2006 1st round draft pick (<a href=""/players/w/willima03.html"">Marcus Williams</a> was later selected) to the <a data-attr-to=""NJN"" href=""/teams/NJN/2005.html"">New Jersey Nets</a> for <a href=""/players/m/martike01.html"">Kenyon Martin</a>.</p><p>The <a data-attr-to=""SAS"" href=""/teams/SAS/2005.html"">San Antonio Spurs</a> signed <a href=""/players/g/ginobma01.html"">Manu Ginóbili</a> to a multi-year contract.</p></li><li><span>July 16, 2004</span><p>The <a data-attr-to=""GSW"" href=""/teams/GSW/2005.html"">Golden State Warriors</a> signed <a href=""/players/f/fishede01.html"">Derek Fisher</a> as a free agent.</p><p>The <a data-attr-to=""DET"" href=""/teams/DET/2005.html"">Detroit Piston"
2004-05,2863,1610612760,team_trb_all_players/impact_database/historical_transactions/basketball_reference_uniform/raw_pages/2012-13.html.gz,690,"<li><span>July 1, 2012</span><p>The <a data-attr-from=""CLE"" href=""/teams/CLE/2013.html"">Cleveland Cavaliers</a> waived <a href=""/players/h/harrima01.html"">Manny Harris</a>.</p><p>The <a data-attr-from=""CHA"" href=""/teams/CHA/2013.html"">Charlotte Bobcats</a> waived <a href=""/players/m/moonja01.html"">Jamario Moon</a>.</p></li><li><span>July 10, 2012</span><p>The <a data-attr-to=""DET"" href=""/teams/DET/2013.html"">Detroit Pistons</a> signed <a href=""/players/d/drumman01.html"">Andre Drummond</a> to a multi-year contract.</p></li><li><span>July 11, 2012</span><p>The <a data-attr-from=""LAL"" href=""/teams/LAL/2013.html"">Los Angeles Lakers</a> traded a 2013 1st round draft pick (<a href=""/players/n/nedovne01.html"">Nemanja Nedović</a> was later selected), a 2013 2nd round draft pick (<a href=""/players/o/oriakal01.html"">Alex Oriakhi</a> was later selected), a 2014 2nd round draft pick (<a href=""/players/o/obryajo01.html"">Johnny O'Bryant</a> was later selected) and a 2018 1st round draft pick (<a href=""/players/b/bridgmi01.html"">Mikal Bridges</a> was later selected) to the <a data-attr-to=""PHO"" href=""/teams/PHO/2013.html"">Phoenix Suns</a> for <a href=""/players/n/nashst01.html"">Steve Nash</a>.</p><p>The <a data-attr-from=""HOU"" href=""/teams/HOU/2013.html"">Houston Rockets</a> traded <a href=""/players/l/lowryky01.html"">Kyle Lowry</a> to the <a data-attr-to=""TOR"" href=""/teams/TOR/2013.html"">Toronto Raptors</a> for <a href=""/players/f/forbega01.html"">Gary Forbes</a> and a 2013 1st round draft pick (<a href=""/players/a/adamsst01.html"">Steven Adams</a> was later selected).</p><p>The <a data-attr-to=""MIA"" href=""/teams/MIA/2013.html"">Miami Heat</a> signed <a href=""/players/a/allenra02.html"">Ray Allen</a> as a free agent.</p><p>The <a data-attr-to=""MIA"" href=""/teams/MIA/2013.html"">Miami Heat</a> signed <a href=""/players/l/lewisra02.html"">Rashard Lewis</a> as a free agent.</p><p>The <a data-attr-from=""NOH"" href=""/teams/NOH/2013.html"">New Orleans Hornets</a> traded <a href=""/players/a/ayongu01.html"">Gustavo Ayón</a> to the <a data-attr-to=""ORL"" href=""/teams/ORL/2013.html"">Orlando Magic</a> for <a href=""/players/a/anderry01.html"">Ryan Anderson</a>.</p><p>The <a data-attr-to=""NYK"" href=""/teams/NYK/2013.html"">New York Knicks</a> signed <a href=""/players/w/whiteja02.html"">James White</a> as a free agent.</p><p>The <a data-attr-to=""OKC"" href=""/teams/OKC/2013.html"">Oklahoma City Thunder</a> signed <a href=""/players/t/thabeha01.html"">Hasheem Thabeet</a> as a free agent.</p><p>The <a data-attr-from=""HOU"" href=""/teams/HOU/2013.html"">Houston Rockets</a> traded <a href=""/players/c/cambyma01.html"">Marcus Camby</a> to the <a data-attr-to=""NYK"" href=""/teams/NYK/2013.html"">New York Knicks</a> for <a href=""/players/d/douglto01.html"">Toney Douglas</a>, <a href=""/players/h/harrejo01.html"">Josh Harrellson</a>, <a href=""/players/j/jordaje01.html"">Jerome Jordan</a>, a 2014 2nd round draft pick (<a href=""/players/j/johnsni01.html"">Nick Johnson</a> was later selected) and a 2015 2nd round draft pick (<a href=""/players/h/harremo01.html"">Montrezl Harrell</a> was later selected).</p><p>The <a data-attr-from=""ATL"" href=""/teams/ATL/2013.html"">Atlanta Hawks</a> traded <a href=""/players/w/willima02.html"">Marvin Williams</a> to the <a data-attr-to=""UTA"" href=""/teams/UTA/2013.html"">Utah Jazz</a> for <a href=""/players/h/harride01.html"">Devin Harris</a>.</p><p>The <a data-attr-to=""LAC"" href=""/teams/LAC/2013.html"">Los Angeles Clippers</a> signed <a href=""/players/c/crawfja01.html"">Jamal Crawford</a> as a free agent.</p><p>The <a data-attr-from=""POR"" href=""/teams/POR/2013.html"">Portland Trail Blazers</a> waived <a href=""/players/w/willish03.html"">Shawne Williams</a>.</p><p>The <a data-attr-from=""ATL"" href=""/teams/ATL/2013.html"">Atlanta Hawks</a> traded <a href=""/players/j/johnsjo02.html"">Joe Johnson</a> to the <a data-attr-to=""BRK"" href=""/teams/BRK/2013.html"">Brooklyn Nets</a> for <a href=""/players/f/farmajo01.html"">Jordan Farmar</a>, <a href=""/players/m/morroan01.html"">Anthony Morrow</a>,"
2004-05,2863,1610612760,team_trb_all_players/impact_database/historical_transactions/basketball_reference_uniform/raw_pages/2009-10.html.gz,715,"<li><span>July 2, 2009</span><p>The <a data-attr-from=""DET"" href=""/teams/DET/2010.html"">Detroit Pistons</a> waived <a href=""/players/o/obertfa01.html"">Fabricio Oberto</a>.</p></li><li><span>July 8, 2009</span><p>The <a data-attr-to=""DET"" href=""/teams/DET/2010.html"">Detroit Pistons</a> signed <a href=""/players/g/gordobe01.html"">Ben Gordon</a> as a free agent.</p><p>The <a data-attr-to=""BOS"" href=""/teams/BOS/2010.html"">Boston Celtics</a> signed <a href=""/players/w/wallara01.html"">Rasheed Wallace</a> as a free agent.</p><p>The <a data-attr-to=""LAL"" href=""/teams/LAL/2010.html"">Los Angeles Lakers</a> signed <a href=""/players/a/artesro01.html"">Metta World Peace</a> as a free agent.</p><p>The <a data-attr-to=""HOU"" href=""/teams/HOU/2010.html"">Houston Rockets</a> signed <a href=""/players/a/arizatr01.html"">Trevor Ariza</a> as a free agent.</p><p>The <a data-attr-to=""DAL"" href=""/teams/DAL/2010.html"">Dallas Mavericks</a> signed <a href=""/players/r/rossqu01.html"">Quinton Ross</a> as a free agent.</p></li><li><span>July 9, 2009</span><p>The <a data-attr-to=""DET"" href=""/teams/DET/2010.html"">Detroit Pistons</a> signed <a href=""/players/v/villach01.html"">Charlie Villanueva</a> as a free agent.</p><p>In a 4-team trade, the <a data-attr-from=""DAL"" href=""/teams/DAL/2010.html"">Dallas Mavericks</a> traded <a href=""/players/s/stackje01.html"">Jerry Stackhouse</a> and cash to the <a data-attr-to=""MEM"" href=""/teams/MEM/2010.html"">Memphis Grizzlies</a>; the <a data-attr-from=""DAL"" href=""/teams/DAL/2010.html"">Dallas Mavericks</a> traded cash to the <a data-attr-to=""ORL"" href=""/teams/ORL/2010.html"">Orlando Magic</a>; the <a data-attr-from=""DAL"" href=""/teams/DAL/2010.html"">Dallas Mavericks</a> traded <a href=""/players/g/georgde01.html"">Devean George</a> and <a href=""/players/w/wrighan01.html"">Antoine Wright</a> to the <a data-attr-to=""TOR"" href=""/teams/TOR/2010.html"">Toronto Raptors</a>; the <a data-attr-from=""MEM"" href=""/teams/MEM/2010.html"">Memphis Grizzlies</a> traded <a href=""/players/b/buckngr01.html"">Greg Buckner</a> to the <a data-attr-to=""DAL"" href=""/teams/DAL/2010.html"">Dallas Mavericks</a>; the <a data-attr-from=""ORL"" href=""/teams/ORL/2010.html"">Orlando Magic</a> traded <a href=""/players/t/turkohe01.html"">Hedo Türkoğlu</a> to the <a data-attr-to=""TOR"" href=""/teams/TOR/2010.html"">Toronto Raptors</a>; the <a data-attr-from=""TOR"" href=""/teams/TOR/2010.html"">Toronto Raptors</a> traded <a href=""/players/h/humphkr01.html"">Kris Humphries</a>, <a href=""/players/j/jawaina01.html"">Nathan Jawai</a> and <a href=""/players/m/mariosh01.html"">Shawn Marion</a> to the <a data-attr-to=""DAL"" href=""/teams/DAL/2010.html"">Dallas Mavericks</a>; the <a data-attr-from=""TOR"" href=""/teams/TOR/2010.html"">Toronto Raptors</a> traded a 2016 2nd round draft pick (<a href=""/players/s/sheliwa01.html"">Wang Zhelin</a> was later selected) to the <a data-attr-to=""MEM"" href=""/teams/MEM/2010.html"">Memphis Grizzlies</a>; and  the <a data-attr-from=""TOR"" href=""/teams/TOR/2010.html"">Toronto Raptors</a> traded cash to the <a data-attr-to=""ORL"" href=""/teams/ORL/2010.html"">Orlando Magic</a>.</p></li><li><span>July 10, 2009</span><p>The <a data-attr-to=""ORL"" href=""/teams/ORL/2010.html"">Orlando Magic</a> signed <a href=""/players/b/bassbr01.html"">Brandon Bass</a> as a free agent.</p><p>The <a data-attr-to=""SAS"" href=""/teams/SAS/2010.html"">San Antonio Spurs</a> signed <a href=""/players/m/mcdyean01.html"">Antonio McDyess</a> as a free agent.</p><p>The <a data-attr-from=""MEM"" href=""/teams/MEM/2010.html"">Memphis Grizzlies</a> waived <a href=""/players/s/stackje01.html"">Jerry Stackhouse</a>.</p></li><li><span>July 13, 2009</span><p>The <a data-attr-to=""CHI"" href=""/teams/CHI/2010.html"">Chicago Bulls</a> signed <a href=""/players/p/pargoja01.html"">Jannero Pargo</a> as a free agent.</p><p>The <a data-attr-from=""PHO"" href=""/teams/PHO/2010.html"">Phoenix Suns</a> waived <a href=""/players/w/wallabe01.html"">Ben Wallace</a>.</p><p>The <a data-attr-to=""CLE"" href=""/teams/CLE/2010.html"">Cleveland Cavaliers</a> sign"
2004-05,2863,1610612760,team_trb_all_players/impact_database/historical_transactions/basketball_reference_uniform/raw_pages/2010-11.html.gz,707,"<li><span>July 1, 2010</span><p>The <a data-attr-from=""MEM"" href=""/teams/MEM/2011.html"">Memphis Grizzlies</a> waived <a href=""/players/h/hudsole01.html"">Lester Hudson</a>.</p><p>The <a data-attr-to=""NJN"" href=""/teams/NJN/2011.html"">New Jersey Nets</a> signed <a href=""/players/u/uzohbe01.html"">Ben Uzoh</a> as a free agent.</p></li><li><span>July 2, 2010</span><p>The <a data-attr-to=""CLE"" href=""/teams/CLE/2011.html"">Cleveland Cavaliers</a> hired <a href=""/coaches/scottby01c.html"">Byron Scott</a> as Head Coach.</p></li><li><span>July 7, 2010</span><p>The <a data-attr-to=""POR"" href=""/teams/POR/2011.html"">Portland Trail Blazers</a> signed <a href=""/players/w/williel01.html"">Elliot Williams</a> to a multi-year contract.</p></li><li><span>July 8, 2010</span><p>The <a data-attr-from=""CHI"" href=""/teams/CHI/2011.html"">Chicago Bulls</a> traded <a href=""/players/w/warriha01.html"">Hakim Warrick</a> to the <a data-attr-to=""PHO"" href=""/teams/PHO/2011.html"">Phoenix Suns</a> for a 2011 2nd round draft pick (<a href=""/players/j/jenkich01.html"">Charles Jenkins</a> was later selected).</p><p>The <a data-attr-to=""LAL"" href=""/teams/LAL/2011.html"">Los Angeles Lakers</a> signed <a href=""/players/b/blakest01.html"">Steve Blake</a> as a free agent.</p><p>The <a data-attr-to=""ORL"" href=""/teams/ORL/2011.html"">Orlando Magic</a> signed <a href=""/players/d/duhonch01.html"">Chris Duhon</a> as a free agent.</p><p>The <a data-attr-to=""LAC"" href=""/teams/LAC/2011.html"">Los Angeles Clippers</a> signed <a href=""/players/f/foyera01.html"">Randy Foye</a> as a free agent.</p><p>The <a data-attr-to=""LAC"" href=""/teams/LAC/2011.html"">Los Angeles Clippers</a> signed <a href=""/players/g/gomesry01.html"">Ryan Gomes</a> as a free agent.</p><p>The <a data-attr-to=""MIL"" href=""/teams/MIL/2011.html"">Milwaukee Bucks</a> signed <a href=""/players/g/goodedr01.html"">Drew Gooden</a> as a free agent.</p><p>The <a data-attr-to=""NJN"" href=""/teams/NJN/2011.html"">New Jersey Nets</a> signed <a href=""/players/o/outlatr01.html"">Travis Outlaw</a> as a free agent.</p><p>The <a data-attr-from=""NYK"" href=""/teams/NYK/2011.html"">New York Knicks</a> traded a 2012 2nd round draft pick to the <a data-attr-to=""PHO"" href=""/teams/PHO/2011.html"">Phoenix Suns</a> for <a href=""/players/s/stoudam01.html"">Amar'e Stoudemire</a>. Phoenix also received a trade exception from New York. Phoenix did not receive the 2nd round draft pick because it was top 55 protected.</p><p>The <a data-attr-from=""CHI"" href=""/teams/CHI/2011.html"">Chicago Bulls</a> traded <a href=""/players/a/austima01.html"">Mario Austin</a> to the <a data-attr-to=""UTA"" href=""/teams/UTA/2011.html"">Utah Jazz</a> for <a href=""/players/b/boozeca01.html"">Carlos Boozer</a> and a 2011 2nd round draft pick (<a href=""/players/l/leema01.html"">Malcolm Lee</a> was later selected).</p></li><li><span>July 9, 2010</span><p>The <a data-attr-from=""GSW"" href=""/teams/GSW/2011.html"">Golden State Warriors</a> traded <a href=""/players/a/azubuke01.html"">Kelenna Azubuike</a>, <a href=""/players/r/randoan01.html"">Anthony Randolph</a>, <a href=""/players/t/turiaro01.html"">Ronny Turiaf</a>, a 2012 2nd round draft pick (<a href=""/players/m/millequ01.html"">Quincy Miller</a> was later selected) and a 2013 2nd round draft pick (<a href=""/players/o/osbyro01.html"">Romero Osby</a> was later selected) to the <a data-attr-to=""NYK"" href=""/teams/NYK/2011.html"">New York Knicks</a> for <a href=""/players/l/leeda02.html"">David Lee</a>.</p><p>The <a data-attr-to=""LAC"" href=""/teams/LAC/2011.html"">Los Angeles Clippers</a> signed <a href=""/players/c/cookbr01.html"">Brian Cook</a> as a free agent.</p><p>The <a data-attr-to=""MIA"" href=""/teams/MIA/2011.html"">Miami Heat</a> signed <a href=""/players/w/wadedw01.html"">Dwyane Wade</a> to a multi-year contract.</p></li><li><span>July 10, 2010</span><p>The <a data-attr-from=""CLE"" href=""/teams/CLE/2011.html"">Cleveland Cavaliers</a> traded <a href=""/players/j/jamesle01.html"">LeBron James</a> to the <a data-attr-to=""MIA"" href=""/teams/MIA/2011.html"">Miami Heat</a> "
2004-05,2863,1610612760,team_trb_all_players/impact_database/historical_transactions/basketball_reference_uniform/raw_pages/2015-16.html.gz,707,"<li><span>July 1, 2015</span><p>The <a data-attr-to=""BRK"" href=""/teams/BRK/2016.html"">Brooklyn Nets</a> signed <a href=""/players/m/mcculch01.html"">Chris McCullough</a> to a multi-year contract.</p></li><li><span>July 2, 2015</span><p>The <a data-attr-to=""BRK"" href=""/teams/BRK/2016.html"">Brooklyn Nets</a> signed <a href=""/players/b/boatrry01.html"">Ryan Boatright</a> to a multi-year contract.</p><p>The <a data-attr-to=""CHO"" href=""/teams/CHO/2016.html"">Charlotte Hornets</a> signed <a href=""/players/k/kaminfr01.html"">Frank Kaminsky</a> to a multi-year contract.</p></li><li><span>July 3, 2015</span><p>The <a data-attr-to=""TOR"" href=""/teams/TOR/2016.html"">Toronto Raptors</a> signed <a href=""/players/w/wrighde01.html"">Delon Wright</a> to a multi-year contract.</p><p>The <a data-attr-to=""MIA"" href=""/teams/MIA/2016.html"">Miami Heat</a> signed <a href=""/players/w/winslju01.html"">Justise Winslow</a> to a multi-year contract.</p></li><li><span>July 6, 2015</span><p>The <a data-attr-to=""BRK"" href=""/teams/BRK/2016.html"">Brooklyn Nets</a> signed <a href=""/players/h/holliro01.html"">Rondae Hollis-Jefferson</a> to a multi-year contract.</p><p>The <a data-attr-to=""PHI"" href=""/teams/PHI/2016.html"">Philadelphia 76ers</a> signed <a href=""/players/o/okafoja01.html"">Jahlil Okafor</a> to a multi-year contract.</p></li><li><span>July 7, 2015</span><p>The <a data-attr-to=""MIN"" href=""/teams/MIN/2016.html"">Minnesota Timberwolves</a> signed <a href=""/players/j/jonesty01.html"">Tyus Jones</a> to a multi-year contract.</p><p>The <a data-attr-to=""MIN"" href=""/teams/MIN/2016.html"">Minnesota Timberwolves</a> signed <a href=""/players/t/townska01.html"">Karl-Anthony Towns</a> to a multi-year contract.</p><p>The <a data-attr-to=""UTA"" href=""/teams/UTA/2016.html"">Utah Jazz</a> signed <a href=""/players/l/lylestr01.html"">Trey Lyles</a> to a multi-year contract.</p><p>The <a data-attr-to=""CHI"" href=""/teams/CHI/2016.html"">Chicago Bulls</a> signed <a href=""/players/p/portibo01.html"">Bobby Portis</a> to a multi-year contract.</p></li><li><span>July 8, 2015</span><p>The <a data-attr-to=""GSW"" href=""/teams/GSW/2016.html"">Golden State Warriors</a> signed <a href=""/players/l/looneke01.html"">Kevon Looney</a> to a multi-year contract.</p></li><li><span>July 9, 2015</span><p>The <a data-attr-to=""LAC"" href=""/teams/LAC/2016.html"">Los Angeles Clippers</a> signed <a href=""/players/j/johnswe01.html"">Wesley Johnson</a> to a multi-year contract.</p><p>The <a data-attr-from=""ATL"" href=""/teams/ATL/2016.html"">Atlanta Hawks</a> waived <a href=""/players/d/dayeau01.html"">Austin Daye</a>.</p><p>The <a data-attr-from=""TOR"" href=""/teams/TOR/2016.html"">Toronto Raptors</a> waived <a href=""/players/r/ridnolu01.html"">Luke Ridnour</a>.</p><p>The <a data-attr-to=""NYK"" href=""/teams/NYK/2016.html"">New York Knicks</a> signed <a href=""/players/a/afflaar01.html"">Arron Afflalo</a> to a multi-year contract.</p><p>The <a data-attr-to=""SAS"" href=""/teams/SAS/2016.html"">San Antonio Spurs</a> signed <a href=""/players/a/aldrila01.html"">LaMarcus Aldridge</a> to a multi-year contract.</p><p>The <a data-attr-to=""POR"" href=""/teams/POR/2016.html"">Portland Trail Blazers</a> signed <a href=""/players/a/aminual01.html"">Al-Farouq Aminu</a> to a multi-year contract.</p><p>The <a data-attr-to=""HOU"" href=""/teams/HOU/2016.html"">Houston Rockets</a> signed <a href=""/players/b/beverpa01.html"">Patrick Beverley</a> to a multi-year contract.</p><p>The <a data-attr-to=""LAL"" href=""/teams/LAL/2016.html"">Los Angeles Lakers</a> signed <a href=""/players/b/brownan02.html"">Anthony Brown</a> to a multi-year contract.</p><p>The <a data-attr-to=""CHI"" href=""/teams/CHI/2016.html"">Chicago Bulls</a> signed <a href=""/players/b/butleji01.html"">Jimmy Butler</a> to a multi-year contract.</p><p>The <a data-attr-to=""TOR"" href=""/teams/TOR/2016.html"">Toronto Raptors</a> signed <a href=""/players/c/carrode01.html"">DeMarre Carroll</a> to a multi-year contract.</p><p>The <a data-attr-to=""PHO"" href=""/teams/PHO/2016.html"">Phoenix Suns</a> signed <a href=""/players/c"
2004-05,2863,1610612760,team_trb_all_players/impact_database/historical_transactions/basketball_reference_uniform/raw_pages/2011-12.html.gz,715,"<li><span>September 12, 2011</span><p>The <a data-attr-to=""MIN"" href=""/teams/MIN/2012.html"">Minnesota Timberwolves</a> hired <a href=""/coaches/adelmri01c.html"">Rick Adelman</a> as Head Coach.</p></li><li><span>December 9, 2011</span><p>The <a data-attr-to=""ATL"" href=""/teams/ATL/2012.html"">Atlanta Hawks</a> signed <a href=""/players/m/mcgratr01.html"">Tracy McGrady</a> as a free agent.</p><p>The <a data-attr-to=""ATL"" href=""/teams/ATL/2012.html"">Atlanta Hawks</a> signed <a href=""/players/r/radmavl01.html"">Vladimir Radmanović</a> as a free agent.</p><p>The <a data-attr-to=""BOS"" href=""/teams/BOS/2012.html"">Boston Celtics</a> signed <a href=""/players/d/daniema01.html"">Marquis Daniels</a> as a free agent.</p><p>The <a data-attr-to=""BOS"" href=""/teams/BOS/2012.html"">Boston Celtics</a> signed <a href=""/players/w/wilcoch01.html"">Chris Wilcox</a> as a free agent.</p><p>The <a data-attr-from=""CLE"" href=""/teams/CLE/2012.html"">Cleveland Cavaliers</a> waived <a href=""/players/g/grahajo01.html"">Joey Graham</a>.</p><p>The <a data-attr-to=""CHA"" href=""/teams/CHA/2012.html"">Charlotte Bobcats</a> signed <a href=""/players/b/brownde04.html"">Derrick Brown</a> as a free agent.</p><p>The <a data-attr-to=""DAL"" href=""/teams/DAL/2012.html"">Dallas Mavericks</a> signed <a href=""/players/w/wrighbr03.html"">Brandan Wright</a> as a free agent.</p><p>The <a data-attr-from=""GSW"" href=""/teams/GSW/2012.html"">Golden State Warriors</a> waived <a href=""/players/l/linje01.html"">Jeremy Lin</a>.</p><p>The <a data-attr-to=""LAC"" href=""/teams/LAC/2012.html"">Los Angeles Clippers</a> signed <a href=""/players/b/butleca01.html"">Caron Butler</a> as a free agent.</p><p>The <a data-attr-to=""LAL"" href=""/teams/LAL/2012.html"">Los Angeles Lakers</a> signed <a href=""/players/k/kaponja01.html"">Jason Kapono</a> as a free agent.</p><p>The <a data-attr-to=""MIA"" href=""/teams/MIA/2012.html"">Miami Heat</a> signed <a href=""/players/b/battish01.html"">Shane Battier</a> as a free agent.</p><p>The <a data-attr-from=""BOS"" href=""/teams/BOS/2012.html"">Boston Celtics</a> traded <a href=""/players/m/miralal01.html"">Albert Miralles</a> to the <a data-attr-to=""MIL"" href=""/teams/MIL/2012.html"">Milwaukee Bucks</a> for <a href=""/players/d/doolike01.html"">Keyon Dooling</a> and a 2013 2nd round draft pick. Conditional 2013 2nd-rd pick did not convey</p><p>The <a data-attr-to=""NJN"" href=""/teams/NJN/2012.html"">New Jersey Nets</a> signed <a href=""/players/c/curryja01.html"">JamesOn Curry</a> as a free agent.</p><p>The <a data-attr-to=""NOH"" href=""/teams/NOH/2012.html"">New Orleans Hornets</a> signed <a href=""/players/j/johnstr01.html"">Trey Johnson</a> as a free agent.</p><p>The <a data-attr-to=""NOH"" href=""/teams/NOH/2012.html"">New Orleans Hornets</a> signed <a href=""/players/s/summeda01.html"">DaJuan Summers</a> as a free agent.</p><p>The <a data-attr-to=""NOH"" href=""/teams/NOH/2012.html"">New Orleans Hornets</a> signed <a href=""/players/t/thomala01.html"">Lance Thomas</a> as a free agent.</p><p>The <a data-attr-to=""ORL"" href=""/teams/ORL/2012.html"">Orlando Magic</a> signed <a href=""/players/h/hughela01.html"">Larry Hughes</a> as a free agent.</p><p>The <a data-attr-to=""ORL"" href=""/teams/ORL/2012.html"">Orlando Magic</a> signed <a href=""/players/p/pruitga01.html"">Gabe Pruitt</a> as a free agent.</p><p>The <a data-attr-from=""ORL"" href=""/teams/ORL/2012.html"">Orlando Magic</a> waived <a href=""/players/a/arenagi01.html"">Gilbert Arenas</a>.</p><p>The <a data-attr-to=""PHI"" href=""/teams/PHI/2012.html"">Philadelphia 76ers</a> signed <a href=""/players/a/anderan02.html"">Antonio Anderson</a> as a free agent.</p><p>The <a data-attr-to=""PHI"" href=""/teams/PHI/2012.html"">Philadelphia 76ers</a> signed <a href=""/players/j/jonesdw02.html"">Dwayne Jones</a> as a free agent.</p><p>The <a data-attr-from=""PHO"" href=""/teams/PHO/2012.html"">Phoenix Suns</a> waived <a href=""/players/c/cartevi01.html"">Vince Carter</a>.</p><p>The <a data-attr-from=""PHO"" href=""/teams/PHO/2012.html"">Phoenix Suns</a> waived <a href=""/players/l/lawalga01.html"">Gani Lawal</a>"
2015-16,203082,1610612761,team_trb_all_players/impact_database/roster_tenure/normalized_transactions.jsonl.gz,5476,"{""exact_date"": ""2015-11-02"", ""season"": ""2015-16"", ""event_type"": ""acquire"", ""player_id"": ""203082"", ""player_name"": ""Terrence Ross"", ""source_player_ref"": ""terrence-ross"", ""source_team_id"": null, ""destination_team_id"": 1610612761, ""source_team_name"": null, ""destination_team_name"": null, ""source_system"": ""Official NBA Player Movement feed"", ""source_reference"": ""https://stats.nba.com/js/data/playermovement/NBA_Player_Movement.json#row-9265"", ""identity_resolution"": ""official_nba_player_id"", ""team_resolution"": ""official_team_id"", ""raw_text"": ""Toronto Raptors re-signed guard Terrence Ross to a Rookie Scale Extension."", ""confidence"": ""high""}"
2015-16,203082,1610612761,team_trb_all_players/impact_database/roster_tenure/normalized_transactions.jsonl.gz,6342,"{""exact_date"": ""2017-02-14"", ""season"": ""2016-17"", ""event_type"": ""trade"", ""player_id"": ""203082"", ""player_name"": ""Terrence Ross"", ""source_player_ref"": ""terrence-ross"", ""source_team_id"": 1610612761, ""destination_team_id"": 1610612753, ""source_team_name"": null, ""destination_team_name"": null, ""source_system"": ""Official NBA Player Movement feed"", ""source_reference"": ""https://stats.nba.com/js/data/playermovement/NBA_Player_Movement.json#row-8444"", ""identity_resolution"": ""official_nba_player_id"", ""team_resolution"": ""official_team_id"", ""raw_text"": ""Orlando Magic received guard Terrence Ross from Toronto Raptors."", ""confidence"": ""high""}"
2015-16,203082,1610612761,team_trb_all_players/impact_database/roster_tenure/normalized_transactions.jsonl.gz,8228,"{""exact_date"": ""2019-07-06"", ""season"": ""2019-20"", ""event_type"": ""acquire"", ""player_id"": ""203082"", ""player_name"": ""Terrence Ross"", ""source_player_ref"": ""terrence-ross"", ""source_team_id"": null, ""destination_team_id"": 1610612753, ""source_team_name"": null, ""destination_team_name"": null, ""source_system"": ""Official NBA Player Movement feed"", ""source_reference"": ""https://stats.nba.com/js/data/playermovement/NBA_Player_Movement.json#row-6585"", ""identity_resolution"": ""official_nba_player_id"", ""team_resolution"": ""official_team_id"", ""raw_text"": ""Orlando Magic re-signed guard Terrence Ross to a Contract."", ""confidence"": ""high""}"
2015-16,203082,1610612761,team_trb_all_players/impact_database/roster_tenure/normalized_transactions.jsonl.gz,11613,"{""exact_date"": ""2023-02-12"", ""season"": ""2022-23"", ""event_type"": ""depart"", ""player_id"": ""203082"", ""player_name"": ""Terrence Ross"", ""source_player_ref"": ""terrence-ross"", ""source_team_id"": 1610612753, ""destination_team_id"": null, ""source_team_name"": null, ""destination_team_name"": null, ""source_system"": ""Official NBA Player Movement feed"", ""source_reference"": ""https://stats.nba.com/js/data/playermovement/NBA_Player_Movement.json#row-3297"", ""identity_resolution"": ""official_nba_player_id"", ""team_resolution"": ""official_team_id"", ""raw_text"": ""Orlando Magic waived guard Terrence Ross."", ""confidence"": ""high""}"
2015-16,203082,1610612761,team_trb_all_players/impact_database/roster_tenure/normalized_transactions.jsonl.gz,11622,"{""exact_date"": ""2023-02-14"", ""season"": ""2022-23"", ""event_type"": ""acquire"", ""player_id"": ""203082"", ""player_name"": ""Terrence Ross"", ""source_player_ref"": ""terrence-ross"", ""source_team_id"": null, ""destination_team_id"": 1610612756, ""source_team_name"": null, ""destination_team_name"": null, ""source_system"": ""Official NBA Player Movement feed"", ""source_reference"": ""https://stats.nba.com/js/data/playermovement/NBA_Player_Movement.json#row-3285"", ""identity_resolution"": ""official_nba_player_id"", ""team_resolution"": ""official_team_id"", ""raw_text"": ""Phoenix Suns signed guard Terrence Ross to a Rest-of-Season Contract."", ""confidence"": ""high""}"
2015-16,203082,1610612761,team_trb_all_players/impact_database/historical_transactions/wikipedia_transaction_rows.jsonl.gz,5758,"{""season"": ""2012-13"", ""start_year"": 2012, ""page_title"": ""List of 2012–13 NBA season transactions"", ""section"": ""Draft"", ""subsection"": ""First round"", ""table_index"": 13, ""table_classes"": [""wikitable"", ""sortable""], ""row_index"": 8, ""cells"": [""8"", ""Terrence Ross"", ""July 10"", ""Toronto Raptors"", ""Washington ( So. )"", ""[ 405 ]""], ""links"": [{""text"": ""Terrence Ross"", ""title"": ""Terrence Ross"", ""href"": ""/wiki/Terrence_Ross""}, {""text"": ""Toronto Raptors"", ""title"": ""Toronto Raptors"", ""href"": ""/wiki/Toronto_Raptors""}, {""text"": ""Washington"", ""title"": ""Washington Huskies men's basketball"", ""href"": ""/wiki/Washington_Huskies_men%27s_basketball""}, {""text"": ""So."", ""title"": ""Sophomore year"", ""href"": ""/wiki/Sophomore_year""}, {""text"": ""[ 405 ]"", ""title"": """", ""href"": ""#cite_note-407""}], ""date_hint"": null}"
2015-16,203082,1610612761,team_trb_all_players/impact_database/roster_tenure/realgm_transactions_resilient/2011-12.txt.gz,377,*    The [Toronto Raptors](https://basketball.realgm.com/nba/teams/Toronto-Raptors/28/home) selected [Terrence Ross](https://basketball.realgm.com/player/Terrence-Ross/Summary/9339) in Round 1 with Pick 8 in the 2012 NBA Draft.
2015-16,203082,1610612761,team_trb_all_players/impact_database/roster_tenure/realgm_transactions_resilient/2011-12.txt.gz,3295,"Jun 28, 2012 [Terrence Ross](https://basketball.realgm.com/player/Terrence-Ross/Summary/9339)"
2015-16,203082,1610612761,team_trb_all_players/impact_database/historical_transactions/season_rows/2012-13.jsonl.gz,704,"{""season"": ""2012-13"", ""start_year"": 2012, ""page_title"": ""List of 2012–13 NBA season transactions"", ""section"": ""Draft"", ""subsection"": ""First round"", ""table_index"": 13, ""table_classes"": [""wikitable"", ""sortable""], ""row_index"": 8, ""cells"": [""8"", ""Terrence Ross"", ""July 10"", ""Toronto Raptors"", ""Washington ( So. )"", ""[ 405 ]""], ""links"": [{""text"": ""Terrence Ross"", ""title"": ""Terrence Ross"", ""href"": ""/wiki/Terrence_Ross""}, {""text"": ""Toronto Raptors"", ""title"": ""Toronto Raptors"", ""href"": ""/wiki/Toronto_Raptors""}, {""text"": ""Washington"", ""title"": ""Washington Huskies men's basketball"", ""href"": ""/wiki/Washington_Huskies_men%27s_basketball""}, {""text"": ""So."", ""title"": ""Sophomore year"", ""href"": ""/wiki/Sophomore_year""}, {""text"": ""[ 405 ]"", ""title"": """", ""href"": ""#cite_note-407""}], ""date_hint"": null}"
2015-16,203082,1610612761,team_trb_all_players/impact_database/historical_transactions/raw_pages/2012-13.html.gz,6491,"<td><span data-sort-value=""Ross, Terrence""><span class=""vcard""><span class=""fn""><a href=""/wiki/Terrence_Ross"" title=""Terrence Ross"">Terrence Ross</a></span></span></span>"
2015-16,203082,1610612761,team_trb_all_players/impact_database/historical_transactions/raw_pages/2012-13.html.gz,8149,"<li id=""cite&#95;note-407""><span class=""mw-cite-backlink""><b><a href=""#cite_ref-407"">^</a></b></span> <span class=""reference-text""><a rel=""nofollow"" class=""external text"" href=""http://blog.raptors.com/press-releases/raptors-sign-draft-pick-terrence-ross/"">""Raptors Sign Draft Pick Terrence Ross""</a> <a rel=""nofollow"" class=""external text"" href=""https://web.archive.org/web/20141023164110/http://blog.raptors.com/press-releases/raptors-sign-draft-pick-terrence-ross/"">Archived</a> 2014-10-23 at the <a href=""/wiki/Wayback_Machine"" title=""Wayback Machine"">Wayback Machine</a>. <i>NBA.com</i>. Turner Sports Interactive, Inc. July 10, 2012. Retrieved July 14, 2012.</span>"
2015-16,203082,1610612761,team_trb_all_players/impact_database/historical_transactions/basketball_reference_uniform/season_rows/2015-16.jsonl.gz,546,"{""season"": ""2015-16"", ""start_year"": 2015, ""page_title"": ""2015-16 NBA Transactions | Basketball-Reference.com"", ""section"": ""Signings"", ""subsection"": ""November 2, 2015"", ""table_index"": null, ""table_classes"": [], ""row_index"": 545, ""cells"": [""November 2, 2015"", ""The Toronto Raptors signed Terrence Ross to a contract extension.""], ""links"": [{""text"": ""Toronto Raptors"", ""title"": null, ""href"": ""/teams/TOR/2016.html""}, {""text"": ""Terrence Ross"", ""title"": null, ""href"": ""/players/r/rosste01.html""}], ""date_hint"": ""November 2"", ""exact_date"": ""November 2, 2015"", ""source"": ""Basketball-Reference via Internet Archive"", ""source_url"": ""https://web.archive.org/web/20220629030608id_/https://www.basketball-reference.com/leagues/NBA_2016_transactions.html""}"
2015-16,203082,1610612761,team_trb_all_players/impact_database/historical_transactions/basketball_reference_uniform/raw_pages/2015-16.html.gz,707,"<li><span>July 1, 2015</span><p>The <a data-attr-to=""BRK"" href=""/teams/BRK/2016.html"">Brooklyn Nets</a> signed <a href=""/players/m/mcculch01.html"">Chris McCullough</a> to a multi-year contract.</p></li><li><span>July 2, 2015</span><p>The <a data-attr-to=""BRK"" href=""/teams/BRK/2016.html"">Brooklyn Nets</a> signed <a href=""/players/b/boatrry01.html"">Ryan Boatright</a> to a multi-year contract.</p><p>The <a data-attr-to=""CHO"" href=""/teams/CHO/2016.html"">Charlotte Hornets</a> signed <a href=""/players/k/kaminfr01.html"">Frank Kaminsky</a> to a multi-year contract.</p></li><li><span>July 3, 2015</span><p>The <a data-attr-to=""TOR"" href=""/teams/TOR/2016.html"">Toronto Raptors</a> signed <a href=""/players/w/wrighde01.html"">Delon Wright</a> to a multi-year contract.</p><p>The <a data-attr-to=""MIA"" href=""/teams/MIA/2016.html"">Miami Heat</a> signed <a href=""/players/w/winslju01.html"">Justise Winslow</a> to a multi-year contract.</p></li><li><span>July 6, 2015</span><p>The <a data-attr-to=""BRK"" href=""/teams/BRK/2016.html"">Brooklyn Nets</a> signed <a href=""/players/h/holliro01.html"">Rondae Hollis-Jefferson</a> to a multi-year contract.</p><p>The <a data-attr-to=""PHI"" href=""/teams/PHI/2016.html"">Philadelphia 76ers</a> signed <a href=""/players/o/okafoja01.html"">Jahlil Okafor</a> to a multi-year contract.</p></li><li><span>July 7, 2015</span><p>The <a data-attr-to=""MIN"" href=""/teams/MIN/2016.html"">Minnesota Timberwolves</a> signed <a href=""/players/j/jonesty01.html"">Tyus Jones</a> to a multi-year contract.</p><p>The <a data-attr-to=""MIN"" href=""/teams/MIN/2016.html"">Minnesota Timberwolves</a> signed <a href=""/players/t/townska01.html"">Karl-Anthony Towns</a> to a multi-year contract.</p><p>The <a data-attr-to=""UTA"" href=""/teams/UTA/2016.html"">Utah Jazz</a> signed <a href=""/players/l/lylestr01.html"">Trey Lyles</a> to a multi-year contract.</p><p>The <a data-attr-to=""CHI"" href=""/teams/CHI/2016.html"">Chicago Bulls</a> signed <a href=""/players/p/portibo01.html"">Bobby Portis</a> to a multi-year contract.</p></li><li><span>July 8, 2015</span><p>The <a data-attr-to=""GSW"" href=""/teams/GSW/2016.html"">Golden State Warriors</a> signed <a href=""/players/l/looneke01.html"">Kevon Looney</a> to a multi-year contract.</p></li><li><span>July 9, 2015</span><p>The <a data-attr-to=""LAC"" href=""/teams/LAC/2016.html"">Los Angeles Clippers</a> signed <a href=""/players/j/johnswe01.html"">Wesley Johnson</a> to a multi-year contract.</p><p>The <a data-attr-from=""ATL"" href=""/teams/ATL/2016.html"">Atlanta Hawks</a> waived <a href=""/players/d/dayeau01.html"">Austin Daye</a>.</p><p>The <a data-attr-from=""TOR"" href=""/teams/TOR/2016.html"">Toronto Raptors</a> waived <a href=""/players/r/ridnolu01.html"">Luke Ridnour</a>.</p><p>The <a data-attr-to=""NYK"" href=""/teams/NYK/2016.html"">New York Knicks</a> signed <a href=""/players/a/afflaar01.html"">Arron Afflalo</a> to a multi-year contract.</p><p>The <a data-attr-to=""SAS"" href=""/teams/SAS/2016.html"">San Antonio Spurs</a> signed <a href=""/players/a/aldrila01.html"">LaMarcus Aldridge</a> to a multi-year contract.</p><p>The <a data-attr-to=""POR"" href=""/teams/POR/2016.html"">Portland Trail Blazers</a> signed <a href=""/players/a/aminual01.html"">Al-Farouq Aminu</a> to a multi-year contract.</p><p>The <a data-attr-to=""HOU"" href=""/teams/HOU/2016.html"">Houston Rockets</a> signed <a href=""/players/b/beverpa01.html"">Patrick Beverley</a> to a multi-year contract.</p><p>The <a data-attr-to=""LAL"" href=""/teams/LAL/2016.html"">Los Angeles Lakers</a> signed <a href=""/players/b/brownan02.html"">Anthony Brown</a> to a multi-year contract.</p><p>The <a data-attr-to=""CHI"" href=""/teams/CHI/2016.html"">Chicago Bulls</a> signed <a href=""/players/b/butleji01.html"">Jimmy Butler</a> to a multi-year contract.</p><p>The <a data-attr-to=""TOR"" href=""/teams/TOR/2016.html"">Toronto Raptors</a> signed <a href=""/players/c/carrode01.html"">DeMarre Carroll</a> to a multi-year contract.</p><p>The <a data-attr-to=""PHO"" href=""/teams/PHO/2016.html"">Phoenix Suns</a> signed <a href=""/players/c"
2017-18,1626188,1610612744,team_trb_all_players/impact_database/roster_tenure/normalized_transactions.jsonl.gz,5409,"{""exact_date"": ""2015-10-24"", ""season"": ""2015-16"", ""event_type"": ""depart"", ""player_id"": ""1626188"", ""player_name"": ""Quinn Cook"", ""source_player_ref"": ""quinn-cook"", ""source_team_id"": 1610612739, ""destination_team_id"": null, ""source_team_name"": null, ""destination_team_name"": null, ""source_system"": ""Official NBA Player Movement feed"", ""source_reference"": ""https://stats.nba.com/js/data/playermovement/NBA_Player_Movement.json#row-9294"", ""identity_resolution"": ""official_nba_player_id"", ""team_resolution"": ""official_team_id"", ""raw_text"": ""Cleveland Cavaliers waived guard Quinn Cook."", ""confidence"": ""high""}"
2017-18,1626188,1610612744,team_trb_all_players/impact_database/roster_tenure/normalized_transactions.jsonl.gz,6137,"{""exact_date"": ""2016-10-22"", ""season"": ""2016-17"", ""event_type"": ""depart"", ""player_id"": ""1626188"", ""player_name"": ""Quinn Cook"", ""source_player_ref"": ""quinn-cook"", ""source_team_id"": 1610612740, ""destination_team_id"": null, ""source_team_name"": null, ""destination_team_name"": null, ""source_system"": ""Official NBA Player Movement feed"", ""source_reference"": ""https://stats.nba.com/js/data/playermovement/NBA_Player_Movement.json#row-8613"", ""identity_resolution"": ""official_nba_player_id"", ""team_resolution"": ""official_team_id"", ""raw_text"": ""New Orleans Pelicans waived guard Quinn Cook."", ""confidence"": ""high""}"
2017-18,1626188,1610612744,team_trb_all_players/impact_database/roster_tenure/normalized_transactions.jsonl.gz,6400,"{""exact_date"": ""2017-02-26"", ""season"": ""2016-17"", ""event_type"": ""acquire"", ""player_id"": ""1626188"", ""player_name"": ""Quinn Cook"", ""source_player_ref"": ""quinn-cook"", ""source_team_id"": null, ""destination_team_id"": 1610612742, ""source_team_name"": null, ""destination_team_name"": null, ""source_system"": ""Official NBA Player Movement feed"", ""source_reference"": ""https://stats.nba.com/js/data/playermovement/NBA_Player_Movement.json#row-8385"", ""identity_resolution"": ""official_nba_player_id"", ""team_resolution"": ""official_team_id"", ""raw_text"": ""Dallas Mavericks signed guard Quinn Cook to a 10-Day Contract."", ""confidence"": ""high""}"
2017-18,1626188,1610612744,team_trb_all_players/impact_database/roster_tenure/normalized_transactions.jsonl.gz,6434,"{""exact_date"": ""2017-03-07"", ""season"": ""2016-17"", ""event_type"": ""depart"", ""player_id"": ""1626188"", ""player_name"": ""Quinn Cook"", ""source_player_ref"": ""quinn-cook"", ""source_team_id"": 1610612742, ""destination_team_id"": null, ""source_team_name"": null, ""destination_team_name"": null, ""source_system"": ""Official NBA Player Movement feed"", ""source_reference"": ""https://stats.nba.com/js/data/playermovement/NBA_Player_Movement.json#row-8385#derived-10day-expiry"", ""identity_resolution"": ""official_nba_player_id"", ""team_resolution"": ""official_team_id+deterministic_10day_expiry;v11_inclusive_10day_endpoint"", ""raw_text"": ""Derived natural expiration of 10-Day Contract signed 2017-02-26; endpoint is 10 calendar days after signing or the third scheduled regular-season game, whichever is later."", ""confidence"": ""high"", ""derived_boundary_type"": ""10_day_contract_natural_expiry"", ""derived_from_signing_date"": ""2017-02-26"", ""v11_corrected_10day_endpoint"": true}"
2017-18,1626188,1610612744,team_trb_all_players/impact_database/roster_tenure/normalized_transactions.jsonl.gz,6463,"{""exact_date"": ""2017-03-19"", ""season"": ""2016-17"", ""event_type"": ""acquire"", ""player_id"": ""1626188"", ""player_name"": ""Quinn Cook"", ""source_player_ref"": ""quinn-cook"", ""source_team_id"": null, ""destination_team_id"": 1610612740, ""source_team_name"": null, ""destination_team_name"": null, ""source_system"": ""Official NBA Player Movement feed"", ""source_reference"": ""https://stats.nba.com/js/data/playermovement/NBA_Player_Movement.json#row-8343"", ""identity_resolution"": ""official_nba_player_id"", ""team_resolution"": ""official_team_id"", ""raw_text"": ""New Orleans Pelicans signed guard Quinn Cook to a 10-Day Contract."", ""confidence"": ""high""}"
2017-18,1626188,1610612744,team_trb_all_players/impact_database/roster_tenure/normalized_transactions.jsonl.gz,6475,"{""exact_date"": ""2017-03-28"", ""season"": ""2016-17"", ""event_type"": ""depart"", ""player_id"": ""1626188"", ""player_name"": ""Quinn Cook"", ""source_player_ref"": ""quinn-cook"", ""source_team_id"": 1610612740, ""destination_team_id"": null, ""source_team_name"": null, ""destination_team_name"": null, ""source_system"": ""Official NBA Player Movement feed"", ""source_reference"": ""https://stats.nba.com/js/data/playermovement/NBA_Player_Movement.json#row-8343#derived-10day-expiry"", ""identity_resolution"": ""official_nba_player_id"", ""team_resolution"": ""official_team_id+deterministic_10day_expiry;v11_inclusive_10day_endpoint"", ""raw_text"": ""Derived natural expiration of 10-Day Contract signed 2017-03-19; endpoint is 10 calendar days after signing or the third scheduled regular-season game, whichever is later."", ""confidence"": ""high"", ""derived_boundary_type"": ""10_day_contract_natural_expiry"", ""derived_from_signing_date"": ""2017-03-19"", ""v11_corrected_10day_endpoint"": true}"
2017-18,1626188,1610612744,team_trb_all_players/impact_database/roster_tenure/normalized_transactions.jsonl.gz,6479,"{""exact_date"": ""2017-03-29"", ""season"": ""2016-17"", ""event_type"": ""acquire"", ""player_id"": ""1626188"", ""player_name"": ""Quinn Cook"", ""source_player_ref"": ""quinn-cook"", ""source_team_id"": null, ""destination_team_id"": 1610612740, ""source_team_name"": null, ""destination_team_name"": null, ""source_system"": ""Official NBA Player Movement feed"", ""source_reference"": ""https://stats.nba.com/js/data/playermovement/NBA_Player_Movement.json#row-8332"", ""identity_resolution"": ""official_nba_player_id"", ""team_resolution"": ""official_team_id"", ""raw_text"": ""New Orleans Pelicans signed guard Quinn Cook to a 10-Day Contract."", ""confidence"": ""high""}"
2017-18,1626188,1610612744,team_trb_all_players/impact_database/roster_tenure/normalized_transactions.jsonl.gz,6496,"{""exact_date"": ""2017-04-07"", ""season"": ""2016-17"", ""event_type"": ""depart"", ""player_id"": ""1626188"", ""player_name"": ""Quinn Cook"", ""source_player_ref"": ""quinn-cook"", ""source_team_id"": 1610612740, ""destination_team_id"": null, ""source_team_name"": null, ""destination_team_name"": null, ""source_system"": ""Official NBA Player Movement feed"", ""source_reference"": ""https://stats.nba.com/js/data/playermovement/NBA_Player_Movement.json#row-8332#derived-10day-expiry"", ""identity_resolution"": ""official_nba_player_id"", ""team_resolution"": ""official_team_id+deterministic_10day_expiry;v11_inclusive_10day_endpoint"", ""raw_text"": ""Derived natural expiration of 10-Day Contract signed 2017-03-29; endpoint is 10 calendar days after signing or the third scheduled regular-season game, whichever is later."", ""confidence"": ""high"", ""derived_boundary_type"": ""10_day_contract_natural_expiry"", ""derived_from_signing_date"": ""2017-03-29"", ""v11_corrected_10day_endpoint"": true}"
2017-18,1626188,1610612744,team_trb_all_players/impact_database/roster_tenure/normalized_transactions.jsonl.gz,6498,"{""exact_date"": ""2017-04-08"", ""season"": ""2016-17"", ""event_type"": ""acquire"", ""player_id"": ""1626188"", ""player_name"": ""Quinn Cook"", ""source_player_ref"": ""quinn-cook"", ""source_team_id"": null, ""destination_team_id"": 1610612740, ""source_team_name"": null, ""destination_team_name"": null, ""source_system"": ""Official NBA Player Movement feed"", ""source_reference"": ""https://stats.nba.com/js/data/playermovement/NBA_Player_Movement.json#row-8316"", ""identity_resolution"": ""official_nba_player_id"", ""team_resolution"": ""official_team_id"", ""raw_text"": ""New Orleans Pelicans signed guard Quinn Cook to a Rest-of-Season Contract."", ""confidence"": ""high""}"
2017-18,1626188,1610612744,team_trb_all_players/impact_database/roster_tenure/normalized_transactions.jsonl.gz,6728,"{""exact_date"": ""2017-07-24"", ""season"": ""2017-18"", ""event_type"": ""depart"", ""player_id"": ""1626188"", ""player_name"": ""Quinn Cook"", ""source_player_ref"": ""quinn-cook"", ""source_team_id"": 1610612740, ""destination_team_id"": null, ""source_team_name"": null, ""destination_team_name"": null, ""source_system"": ""Official NBA Player Movement feed"", ""source_reference"": ""https://stats.nba.com/js/data/playermovement/NBA_Player_Movement.json#row-8079"", ""identity_resolution"": ""official_nba_player_id"", ""team_resolution"": ""official_team_id"", ""raw_text"": ""New Orleans Pelicans waived guard Quinn Cook."", ""confidence"": ""high""}"
2017-18,1626188,1610612744,team_trb_all_players/impact_database/roster_tenure/normalized_transactions.jsonl.gz,6804,"{""exact_date"": ""2017-09-05"", ""season"": ""2017-18"", ""event_type"": ""acquire"", ""player_id"": ""1626188"", ""player_name"": ""Quinn Cook"", ""source_player_ref"": ""quinn-cook"", ""source_team_id"": null, ""destination_team_id"": 1610612737, ""source_team_name"": null, ""destination_team_name"": null, ""source_system"": ""Official NBA Player Movement feed"", ""source_reference"": ""https://stats.nba.com/js/data/playermovement/NBA_Player_Movement.json#row-8000"", ""identity_resolution"": ""official_nba_player_id"", ""team_resolution"": ""official_team_id"", ""raw_text"": ""Atlanta Hawks signed guard Quinn Cook to a Contract."", ""confidence"": ""high""}"
2017-18,1626188,1610612744,team_trb_all_players/impact_database/roster_tenure/normalized_transactions.jsonl.gz,6903,"{""exact_date"": ""2017-10-14"", ""season"": ""2017-18"", ""event_type"": ""depart"", ""player_id"": ""1626188"", ""player_name"": ""Quinn Cook"", ""source_player_ref"": ""quinn-cook"", ""source_team_id"": 1610612737, ""destination_team_id"": null, ""source_team_name"": null, ""destination_team_name"": null, ""source_system"": ""Official NBA Player Movement feed"", ""source_reference"": ""https://stats.nba.com/js/data/playermovement/NBA_Player_Movement.json#row-7832"", ""identity_resolution"": ""official_nba_player_id"", ""team_resolution"": ""official_team_id"", ""raw_text"": ""Atlanta Hawks waived guard Quinn Cook."", ""confidence"": ""high""}"
2017-18,1626188,1610612744,team_trb_all_players/impact_database/roster_tenure/normalized_transactions.jsonl.gz,6983,"{""exact_date"": ""2017-10-17"", ""season"": ""2017-18"", ""event_type"": ""acquire"", ""player_id"": ""1626188"", ""player_name"": ""Quinn Cook"", ""source_player_ref"": ""quinn-cook"", ""source_team_id"": null, ""destination_team_id"": 1610612744, ""source_team_name"": null, ""destination_team_name"": null, ""source_system"": ""Official NBA Player Movement feed"", ""source_reference"": ""https://stats.nba.com/js/data/playermovement/NBA_Player_Movement.json#row-7813"", ""identity_resolution"": ""official_nba_player_id"", ""team_resolution"": ""official_team_id"", ""raw_text"": ""Golden State Warriors signed guard Quinn Cook to a Two-Way Contract."", ""confidence"": ""high""}"
2017-18,1626188,1610612744,team_trb_all_players/impact_database/roster_tenure/normalized_transactions.jsonl.gz,7310,"{""exact_date"": ""2018-04-10"", ""season"": ""2017-18"", ""event_type"": ""acquire"", ""player_id"": ""1626188"", ""player_name"": ""Quinn Cook"", ""source_player_ref"": ""quinn-cook"", ""source_team_id"": null, ""destination_team_id"": 1610612744, ""source_team_name"": null, ""destination_team_name"": null, ""source_system"": ""Official NBA Player Movement feed"", ""source_reference"": ""https://stats.nba.com/js/data/playermovement/NBA_Player_Movement.json#row-7527"", ""identity_resolution"": ""official_nba_player_id"", ""team_resolution"": ""official_team_id"", ""raw_text"": ""Golden State Warriors re-signed guard Quinn Cook to a Rest-of-Season Contract."", ""confidence"": ""high""}"
2017-18,1626188,1610612744,team_trb_all_players/impact_database/roster_tenure/normalized_transactions.jsonl.gz,8183,"{""exact_date"": ""2019-07-06"", ""season"": ""2019-20"", ""event_type"": ""acquire"", ""player_id"": ""1626188"", ""player_name"": ""Quinn Cook"", ""source_player_ref"": ""quinn-cook"", ""source_team_id"": null, ""destination_team_id"": 1610612747, ""source_team_name"": null, ""destination_team_name"": null, ""source_system"": ""Official NBA Player Movement feed"", ""source_reference"": ""https://stats.nba.com/js/data/playermovement/NBA_Player_Movement.json#row-6599"", ""identity_resolution"": ""official_nba_player_id"", ""team_resolution"": ""official_team_id"", ""raw_text"": ""Los Angeles Lakers signed guard Quinn Cook to a Contract."", ""confidence"": ""high""}"
2017-18,1626188,1610612744,team_trb_all_players/impact_database/roster_tenure/normalized_transactions.jsonl.gz,8945,"{""exact_date"": ""2020-11-19"", ""season"": ""2020-21"", ""event_type"": ""depart"", ""player_id"": ""1626188"", ""player_name"": ""Quinn Cook"", ""source_player_ref"": ""quinn-cook"", ""source_team_id"": 1610612747, ""destination_team_id"": null, ""source_team_name"": null, ""destination_team_name"": null, ""source_system"": ""Official NBA Player Movement feed"", ""source_reference"": ""https://stats.nba.com/js/data/playermovement/NBA_Player_Movement.json#row-5864"", ""identity_resolution"": ""official_nba_player_id"", ""team_resolution"": ""official_team_id"", ""raw_text"": ""Los Angeles Lakers waived guard Quinn Cook."", ""confidence"": ""high""}"
2017-18,1626188,1610612744,team_trb_all_players/impact_database/roster_tenure/normalized_transactions.jsonl.gz,9425,"{""exact_date"": ""2021-02-24"", ""season"": ""2020-21"", ""event_type"": ""depart"", ""player_id"": ""1626188"", ""player_name"": ""Quinn Cook"", ""source_player_ref"": ""quinn-cook"", ""source_team_id"": 1610612747, ""destination_team_id"": null, ""source_team_name"": null, ""destination_team_name"": null, ""source_system"": ""Official NBA Player Movement feed"", ""source_reference"": ""https://stats.nba.com/js/data/playermovement/NBA_Player_Movement.json#row-5343"", ""identity_resolution"": ""official_nba_player_id"", ""team_resolution"": ""official_team_id"", ""raw_text"": ""Los Angeles Lakers waived guard Quinn Cook."", ""confidence"": ""high""}"
2017-18,1626188,1610612744,team_trb_all_players/impact_database/roster_tenure/normalized_transactions.jsonl.gz,9457,"{""exact_date"": ""2021-03-12"", ""season"": ""2020-21"", ""event_type"": ""acquire"", ""player_id"": ""1626188"", ""player_name"": ""Quinn Cook"", ""source_player_ref"": ""quinn-cook"", ""source_team_id"": null, ""destination_team_id"": 1610612739, ""source_team_name"": null, ""destination_team_name"": null, ""source_system"": ""Official NBA Player Movement feed"", ""source_reference"": ""https://stats.nba.com/js/data/playermovement/NBA_Player_Movement.json#row-5320"", ""identity_resolution"": ""official_nba_player_id"", ""team_resolution"": ""official_team_id"", ""raw_text"": ""Cleveland Cavaliers signed guard Quinn Cook to a 10-Day Contract."", ""confidence"": ""high""}"
2017-18,1626188,1610612744,team_trb_all_players/impact_database/roster_tenure/normalized_transactions.jsonl.gz,9473,"{""exact_date"": ""2021-03-21"", ""season"": ""2020-21"", ""event_type"": ""depart"", ""player_id"": ""1626188"", ""player_name"": ""Quinn Cook"", ""source_player_ref"": ""quinn-cook"", ""source_team_id"": 1610612739, ""destination_team_id"": null, ""source_team_name"": null, ""destination_team_name"": null, ""source_system"": ""Official NBA Player Movement feed"", ""source_reference"": ""https://stats.nba.com/js/data/playermovement/NBA_Player_Movement.json#row-5320#derived-10day-expiry"", ""identity_resolution"": ""official_nba_player_id"", ""team_resolution"": ""official_team_id+deterministic_10day_expiry;v11_inclusive_10day_endpoint"", ""raw_text"": ""Derived natural expiration of 10-Day Contract signed 2021-03-12; endpoint is 10 calendar days after signing or the third scheduled regular-season game, whichever is later."", ""confidence"": ""high"", ""derived_boundary_type"": ""10_day_contract_natural_expiry"", ""derived_from_signing_date"": ""2021-03-12"", ""v11_corrected_10day_endpoint"": true}"
2017-18,1626188,1610612744,team_trb_all_players/impact_database/roster_tenure/normalized_transactions.jsonl.gz,9474,"{""exact_date"": ""2021-03-22"", ""season"": ""2020-21"", ""event_type"": ""acquire"", ""player_id"": ""1626188"", ""player_name"": ""Quinn Cook"", ""source_player_ref"": ""quinn-cook"", ""source_team_id"": null, ""destination_team_id"": 1610612739, ""source_team_name"": null, ""destination_team_name"": null, ""source_system"": ""Official NBA Player Movement feed"", ""source_reference"": ""https://stats.nba.com/js/data/playermovement/NBA_Player_Movement.json#row-5300"", ""identity_resolution"": ""official_nba_player_id"", ""team_resolution"": ""official_team_id"", ""raw_text"": ""Cleveland Cavaliers signed guard Quinn Cook to a 10-Day Contract."", ""confidence"": ""high""}"
2017-18,1626188,1610612744,team_trb_all_players/impact_database/roster_tenure/normalized_transactions.jsonl.gz,9544,"{""exact_date"": ""2021-03-31"", ""season"": ""2020-21"", ""event_type"": ""depart"", ""player_id"": ""1626188"", ""player_name"": ""Quinn Cook"", ""source_player_ref"": ""quinn-cook"", ""source_team_id"": 1610612739, ""destination_team_id"": null, ""source_team_name"": null, ""destination_team_name"": null, ""source_system"": ""Official NBA Player Movement feed"", ""source_reference"": ""https://stats.nba.com/js/data/playermovement/NBA_Player_Movement.json#row-5300#derived-10day-expiry"", ""identity_resolution"": ""official_nba_player_id"", ""team_resolution"": ""official_team_id+deterministic_10day_expiry;v11_inclusive_10day_endpoint"", ""raw_text"": ""Derived natural expiration of 10-Day Contract signed 2021-03-22; endpoint is 10 calendar days after signing or the third scheduled regular-season game, whichever is later."", ""confidence"": ""high"", ""derived_boundary_type"": ""10_day_contract_natural_expiry"", ""derived_from_signing_date"": ""2021-03-22"", ""v11_corrected_10day_endpoint"": true}"
2017-18,1626188,1610612744,team_trb_all_players/impact_database/roster_tenure/normalized_transactions.jsonl.gz,10157,"{""exact_date"": ""2021-10-16"", ""season"": ""2021-22"", ""event_type"": ""depart"", ""player_id"": ""1626188"", ""player_name"": ""Quinn Cook"", ""source_player_ref"": ""quinn-cook"", ""source_team_id"": 1610612757, ""destination_team_id"": null, ""source_team_name"": null, ""destination_team_name"": null, ""source_system"": ""Official NBA Player Movement feed"", ""source_reference"": ""https://stats.nba.com/js/data/playermovement/NBA_Player_Movement.json#row-4619"", ""identity_resolution"": ""official_nba_player_id"", ""team_resolution"": ""official_team_id"", ""raw_text"": ""Portland Trail Blazers waived guard Quinn Cook."", ""confidence"": ""high""}"
2017-18,1626188,1610612744,team_trb_all_players/impact_database/roster_tenure/normalized_transactions.jsonl.gz,11318,"{""exact_date"": ""2022-10-13"", ""season"": ""2022-23"", ""event_type"": ""depart"", ""player_id"": ""1626188"", ""player_name"": ""Quinn Cook"", ""source_player_ref"": ""quinn-cook"", ""source_team_id"": 1610612758, ""destination_team_id"": null, ""source_team_name"": null, ""destination_team_name"": null, ""source_system"": ""Official NBA Player Movement feed"", ""source_reference"": ""https://stats.nba.com/js/data/playermovement/NBA_Player_Movement.json#row-3611"", ""identity_resolution"": ""official_nba_player_id"", ""team_resolution"": ""official_team_id"", ""raw_text"": ""Sacramento Kings waived guard Quinn Cook."", ""confidence"": ""high""}"
2017-18,1626188,1610612744,team_trb_all_players/impact_database/roster_tenure/normalized_transactions.jsonl.gz,21264,"{""exact_date"": ""September 28, 2015"", ""season"": ""2015-16"", ""event_type"": ""acquire"", ""player_id"": ""1626188"", ""player_name"": ""Quinn Cook"", ""source_player_ref"": ""/players/c/cookqu01.html"", ""source_team_id"": null, ""destination_team_id"": 1610612739, ""source_team_name"": null, ""destination_team_name"": ""Cleveland Cavaliers"", ""source_system"": ""Basketball-Reference via Internet Archive"", ""source_reference"": ""https://web.archive.org/web/20220629030608id_/https://www.basketball-reference.com/leagues/NBA_2016_transactions.html#row-339"", ""identity_resolution"": ""unique_core_name"", ""team_resolution"": ""source=not_applicable;destination=unique_alias"", ""raw_text"": ""The Cleveland Cavaliers signed Quinn Cook ."", ""confidence"": ""high""}"
2017-18,1626188,1610612744,team_trb_all_players/impact_database/historical_transactions/wikipedia_transaction_rows.jsonl.gz,7838,"{""season"": ""2015-16"", ""start_year"": 2015, ""page_title"": ""List of 2015–16 NBA season transactions"", ""section"": ""Player movements"", ""subsection"": ""Free agency"", ""table_index"": 7, ""table_classes"": [""wikitable"", ""sortable""], ""row_index"": 232, ""cells"": [""Quinn Cook"", ""Cleveland Cavaliers"", ""Duke (went undrafted in the 2015 draft )"", ""[ 268 ]""], ""links"": [{""text"": ""Quinn Cook"", ""title"": ""Quinn Cook"", ""href"": ""/wiki/Quinn_Cook""}, {""text"": ""Cleveland Cavaliers"", ""title"": ""Cleveland Cavaliers"", ""href"": ""/wiki/Cleveland_Cavaliers""}, {""text"": ""Duke"", ""title"": ""Duke Blue Devils men's basketball"", ""href"": ""/wiki/Duke_Blue_Devils_men%27s_basketball""}, {""text"": ""2015 draft"", ""title"": ""2015 NBA draft"", ""href"": ""/wiki/2015_NBA_draft""}, {""text"": ""[ 268 ]"", ""title"": """", ""href"": ""#cite_note-cavs-six-272""}], ""date_hint"": null}"
2017-18,1626188,1610612744,team_trb_all_players/impact_database/historical_transactions/wikipedia_transaction_rows.jsonl.gz,8014,"{""season"": ""2015-16"", ""start_year"": 2015, ""page_title"": ""List of 2015–16 NBA season transactions"", ""section"": ""Player movements"", ""subsection"": ""Going to other American leagues"", ""table_index"": 9, ""table_classes"": [""wikitable"", ""sortable""], ""row_index"": 5, ""cells"": [""Quinn Cook"", ""October 30"", ""Canton Charge"", ""D-League"", ""Cleveland Cavaliers"", ""Unrestricted free agent"", ""[ 411 ]""], ""links"": [{""text"": ""Quinn Cook"", ""title"": ""Quinn Cook"", ""href"": ""/wiki/Quinn_Cook""}, {""text"": ""Canton Charge"", ""title"": ""Canton Charge"", ""href"": ""/wiki/Canton_Charge""}, {""text"": ""D-League"", ""title"": ""NBA Development League"", ""href"": ""/wiki/NBA_Development_League""}, {""text"": ""Cleveland Cavaliers"", ""title"": ""Cleveland Cavaliers"", ""href"": ""/wiki/Cleveland_Cavaliers""}, {""text"": ""[ 411 ]"", ""title"": """", ""href"": ""#cite_note-Charge1030-415""}], ""date_hint"": ""October 30""}"
2017-18,1626188,1610612744,team_trb_all_players/impact_database/historical_transactions/wikipedia_transaction_rows.jsonl.gz,8315,"{""season"": ""2015-16"", ""start_year"": 2015, ""page_title"": ""List of 2015–16 NBA season transactions"", ""section"": ""Player movements"", ""subsection"": ""Training camp cuts"", ""table_index"": 13, ""table_classes"": [""wikitable""], ""row_index"": 3, ""cells"": [""Dionte Christmas Quinn Cook Jack Cooley Austin Daye Michael Dunigan Chris Johnson Nick Minnerath D. J. Stephens"", ""Brandon Ashley Samuel Dalembert Tu Holloway Jarrid Famous Jamil Wilson Maurice Ndour"", ""Matt Janning Nick Johnson Oleksiy Pecherov Devin Sweetney"", ""Jordan Bachynski Ryan Boatright Danny Granger Eric Griffin Cartier Martin Adonis Thomas"", ""Chris Babb Jarell Eddie Ben Gordon Xavier Henry Tony Mitchell Juwan Staten Chris Udofia""], ""links"": [{""text"": ""Dionte Christmas"", ""title"": ""Dionte Christmas"", ""href"": ""/wiki/Dionte_Christmas""}, {""text"": ""Quinn Cook"", ""title"": ""Quinn Cook"", ""href"": ""/wiki/Quinn_Cook""}, {""text"": ""Jack Cooley"", ""title"": ""Jack Cooley"", ""href"": ""/wiki/Jack_Cooley""}, {""text"": ""Austin Daye"", ""title"": ""Austin Daye"", ""href"": ""/wiki/Austin_Daye""}, {""text"": ""Michael Dunigan"", ""title"": ""Michael Dunigan"", ""href"": ""/wiki/Michael_Dunigan""}, {""text"": ""Chris Johnson"", ""title"": ""Chris Johnson (basketball, born 1985)"", ""href"": ""/wiki/Chris_Johnson_(basketball,_born_1985)""}, {""text"": ""Nick Minnerath"", ""title"": ""Nick Minnerath"", ""href"": ""/wiki/Nick_Minnerath""}, {""text"": ""D. J. Stephens"", ""title"": ""D. J. Stephens"", ""href"": ""/wiki/D._J._Stephens""}, {""text"": ""Brandon Ashley"", ""title"": ""Brandon Ashley"", ""href"": ""/wiki/Brandon_Ashley""}, {""text"": ""Samuel Dalembert"", ""title"": ""Samuel Dalembert"", ""href"": ""/wiki/Samuel_Dalembert""}, {""text"": ""Tu Holloway"", ""title"": ""Tu Holloway"", ""href"": ""/wiki/Tu_Holloway""}, {""text"": ""Jarrid Famous"", ""title"": ""Jarrid Famous"", ""href"": ""/wiki/Jarrid_Famous""}, {""text"": ""Jamil Wilson"", ""title"": ""Jamil Wilson"", ""href"": ""/wiki/Jamil_Wilson""}, {""text"": ""Maurice Ndour"", ""title"": ""Maurice Ndour"", ""href"": ""/wiki/Maurice_Ndour""}, {""text"": ""Matt Janning"", ""title"": ""Matt Janning"", ""href"": ""/wiki/Matt_Janning""}, {""text"": ""Nick Johnson"", ""title"": ""Nick Johnson (basketball)"", ""href"": ""/wiki/Nick_Johnson_(basketball)""}, {""text"": ""Oleksiy Pecherov"", ""title"": ""Oleksiy Pecherov"", ""href"": ""/wiki/Oleksiy_Pecherov""}, {""text"": ""Devin Sweetney"", ""title"": ""Devin Sweetney"", ""href"": ""/wiki/Devin_Sweetney""}, {""text"": ""Jordan Bachynski"", ""title"": ""Jordan Bachynski"", ""href"": ""/wiki/Jordan_Bachynski""}, {""text"": ""Ryan Boatright"", ""title"": ""Ryan Boatright"", ""href"": ""/wiki/Ryan_Boatright""}, {""text"": ""Danny Granger"", ""title"": ""Danny Granger"", ""href"": ""/wiki/Danny_Granger""}, {""text"": ""Eric Griffin"", ""title"": ""Eric Griffin (basketball)"", ""href"": ""/wiki/Eric_Griffin_(basketball)""}, {""text"": ""Cartier Martin"", ""title"": ""Cartier Martin"", ""href"": ""/wiki/Cartier_Martin""}, {""text"": ""Adonis Thomas"", ""title"": ""Adonis Thomas"", ""href"": ""/wiki/Adonis_Thomas""}, {""text"": ""Chris Babb"", ""title"": ""Chris Babb"", ""href"": ""/wiki/Chris_Babb""}, {""text"": ""Jarell Eddie"", ""title"": ""Jarell Eddie"", ""href"": ""/wiki/Jarell_Eddie""}, {""text"": ""Ben Gordon"", ""title"": ""Ben Gordon"", ""href"": ""/wiki/Ben_Gordon""}, {""text"": ""Xavier Henry"", ""title"": ""Xavier Henry"", ""href"": ""/wiki/Xavier_Henry""}, {""text"": ""Tony Mitchell"", ""title"": ""Tony Mitchell (basketball, born 1992)"", ""href"": ""/wiki/Tony_Mitchell_(basketball,_born_1992)""}, {""text"": ""Juwan Staten"", ""title"": ""Juwan Staten"", ""href"": ""/wiki/Juwan_Staten""}, {""text"": ""Chris Udofia"", ""title"": ""Chris Udofia"", ""href"": ""/wiki/Chris_Udofia""}], ""date_hint"": null}"
2017-18,1626188,1610612744,team_trb_all_players/impact_database/historical_transactions/season_rows/2015-16.jsonl.gz,336,"{""season"": ""2015-16"", ""start_year"": 2015, ""page_title"": ""List of 2015–16 NBA season transactions"", ""section"": ""Player movements"", ""subsection"": ""Free agency"", ""table_index"": 7, ""table_classes"": [""wikitable"", ""sortable""], ""row_index"": 232, ""cells"": [""Quinn Cook"", ""Cleveland Cavaliers"", ""Duke (went undrafted in the 2015 draft )"", ""[ 268 ]""], ""links"": [{""text"": ""Quinn Cook"", ""title"": ""Quinn Cook"", ""href"": ""/wiki/Quinn_Cook""}, {""text"": ""Cleveland Cavaliers"", ""title"": ""Cleveland Cavaliers"", ""href"": ""/wiki/Cleveland_Cavaliers""}, {""text"": ""Duke"", ""title"": ""Duke Blue Devils men's basketball"", ""href"": ""/wiki/Duke_Blue_Devils_men%27s_basketball""}, {""text"": ""2015 draft"", ""title"": ""2015 NBA draft"", ""href"": ""/wiki/2015_NBA_draft""}, {""text"": ""[ 268 ]"", ""title"": """", ""href"": ""#cite_note-cavs-six-272""}], ""date_hint"": null}"
2017-18,1626188,1610612744,team_trb_all_players/impact_database/historical_transactions/season_rows/2015-16.jsonl.gz,512,"{""season"": ""2015-16"", ""start_year"": 2015, ""page_title"": ""List of 2015–16 NBA season transactions"", ""section"": ""Player movements"", ""subsection"": ""Going to other American leagues"", ""table_index"": 9, ""table_classes"": [""wikitable"", ""sortable""], ""row_index"": 5, ""cells"": [""Quinn Cook"", ""October 30"", ""Canton Charge"", ""D-League"", ""Cleveland Cavaliers"", ""Unrestricted free agent"", ""[ 411 ]""], ""links"": [{""text"": ""Quinn Cook"", ""title"": ""Quinn Cook"", ""href"": ""/wiki/Quinn_Cook""}, {""text"": ""Canton Charge"", ""title"": ""Canton Charge"", ""href"": ""/wiki/Canton_Charge""}, {""text"": ""D-League"", ""title"": ""NBA Development League"", ""href"": ""/wiki/NBA_Development_League""}, {""text"": ""Cleveland Cavaliers"", ""title"": ""Cleveland Cavaliers"", ""href"": ""/wiki/Cleveland_Cavaliers""}, {""text"": ""[ 411 ]"", ""title"": """", ""href"": ""#cite_note-Charge1030-415""}], ""date_hint"": ""October 30""}"
2017-18,1626188,1610612744,team_trb_all_players/impact_database/historical_transactions/season_rows/2015-16.jsonl.gz,813,"{""season"": ""2015-16"", ""start_year"": 2015, ""page_title"": ""List of 2015–16 NBA season transactions"", ""section"": ""Player movements"", ""subsection"": ""Training camp cuts"", ""table_index"": 13, ""table_classes"": [""wikitable""], ""row_index"": 3, ""cells"": [""Dionte Christmas Quinn Cook Jack Cooley Austin Daye Michael Dunigan Chris Johnson Nick Minnerath D. J. Stephens"", ""Brandon Ashley Samuel Dalembert Tu Holloway Jarrid Famous Jamil Wilson Maurice Ndour"", ""Matt Janning Nick Johnson Oleksiy Pecherov Devin Sweetney"", ""Jordan Bachynski Ryan Boatright Danny Granger Eric Griffin Cartier Martin Adonis Thomas"", ""Chris Babb Jarell Eddie Ben Gordon Xavier Henry Tony Mitchell Juwan Staten Chris Udofia""], ""links"": [{""text"": ""Dionte Christmas"", ""title"": ""Dionte Christmas"", ""href"": ""/wiki/Dionte_Christmas""}, {""text"": ""Quinn Cook"", ""title"": ""Quinn Cook"", ""href"": ""/wiki/Quinn_Cook""}, {""text"": ""Jack Cooley"", ""title"": ""Jack Cooley"", ""href"": ""/wiki/Jack_Cooley""}, {""text"": ""Austin Daye"", ""title"": ""Austin Daye"", ""href"": ""/wiki/Austin_Daye""}, {""text"": ""Michael Dunigan"", ""title"": ""Michael Dunigan"", ""href"": ""/wiki/Michael_Dunigan""}, {""text"": ""Chris Johnson"", ""title"": ""Chris Johnson (basketball, born 1985)"", ""href"": ""/wiki/Chris_Johnson_(basketball,_born_1985)""}, {""text"": ""Nick Minnerath"", ""title"": ""Nick Minnerath"", ""href"": ""/wiki/Nick_Minnerath""}, {""text"": ""D. J. Stephens"", ""title"": ""D. J. Stephens"", ""href"": ""/wiki/D._J._Stephens""}, {""text"": ""Brandon Ashley"", ""title"": ""Brandon Ashley"", ""href"": ""/wiki/Brandon_Ashley""}, {""text"": ""Samuel Dalembert"", ""title"": ""Samuel Dalembert"", ""href"": ""/wiki/Samuel_Dalembert""}, {""text"": ""Tu Holloway"", ""title"": ""Tu Holloway"", ""href"": ""/wiki/Tu_Holloway""}, {""text"": ""Jarrid Famous"", ""title"": ""Jarrid Famous"", ""href"": ""/wiki/Jarrid_Famous""}, {""text"": ""Jamil Wilson"", ""title"": ""Jamil Wilson"", ""href"": ""/wiki/Jamil_Wilson""}, {""text"": ""Maurice Ndour"", ""title"": ""Maurice Ndour"", ""href"": ""/wiki/Maurice_Ndour""}, {""text"": ""Matt Janning"", ""title"": ""Matt Janning"", ""href"": ""/wiki/Matt_Janning""}, {""text"": ""Nick Johnson"", ""title"": ""Nick Johnson (basketball)"", ""href"": ""/wiki/Nick_Johnson_(basketball)""}, {""text"": ""Oleksiy Pecherov"", ""title"": ""Oleksiy Pecherov"", ""href"": ""/wiki/Oleksiy_Pecherov""}, {""text"": ""Devin Sweetney"", ""title"": ""Devin Sweetney"", ""href"": ""/wiki/Devin_Sweetney""}, {""text"": ""Jordan Bachynski"", ""title"": ""Jordan Bachynski"", ""href"": ""/wiki/Jordan_Bachynski""}, {""text"": ""Ryan Boatright"", ""title"": ""Ryan Boatright"", ""href"": ""/wiki/Ryan_Boatright""}, {""text"": ""Danny Granger"", ""title"": ""Danny Granger"", ""href"": ""/wiki/Danny_Granger""}, {""text"": ""Eric Griffin"", ""title"": ""Eric Griffin (basketball)"", ""href"": ""/wiki/Eric_Griffin_(basketball)""}, {""text"": ""Cartier Martin"", ""title"": ""Cartier Martin"", ""href"": ""/wiki/Cartier_Martin""}, {""text"": ""Adonis Thomas"", ""title"": ""Adonis Thomas"", ""href"": ""/wiki/Adonis_Thomas""}, {""text"": ""Chris Babb"", ""title"": ""Chris Babb"", ""href"": ""/wiki/Chris_Babb""}, {""text"": ""Jarell Eddie"", ""title"": ""Jarell Eddie"", ""href"": ""/wiki/Jarell_Eddie""}, {""text"": ""Ben Gordon"", ""title"": ""Ben Gordon"", ""href"": ""/wiki/Ben_Gordon""}, {""text"": ""Xavier Henry"", ""title"": ""Xavier Henry"", ""href"": ""/wiki/Xavier_Henry""}, {""text"": ""Tony Mitchell"", ""title"": ""Tony Mitchell (basketball, born 1992)"", ""href"": ""/wiki/Tony_Mitchell_(basketball,_born_1992)""}, {""text"": ""Juwan Staten"", ""title"": ""Juwan Staten"", ""href"": ""/wiki/Juwan_Staten""}, {""text"": ""Chris Udofia"", ""title"": ""Chris Udofia"", ""href"": ""/wiki/Chris_Udofia""}], ""date_hint"": null}"
2017-18,1626188,1610612744,team_trb_all_players/impact_database/historical_transactions/raw_pages/2015-16.html.gz,3070,"<td align=""left""><span data-sort-value=""Cook, Quinn""><span class=""vcard""><span class=""fn""><a href=""/wiki/Quinn_Cook"" title=""Quinn Cook"">Quinn Cook</a></span></span></span>"
2017-18,1626188,1610612744,team_trb_all_players/impact_database/historical_transactions/raw_pages/2015-16.html.gz,4779,"<td><span data-sort-value=""Cook, Quinn""><span class=""vcard""><span class=""fn""><a href=""/wiki/Quinn_Cook"" title=""Quinn Cook"">Quinn Cook</a></span></span></span>"
2017-18,1626188,1610612744,team_trb_all_players/impact_database/historical_transactions/raw_pages/2015-16.html.gz,8584,"<li><a href=""/wiki/Quinn_Cook"" title=""Quinn Cook"">Quinn Cook</a></li>"
2017-18,1626188,1610612744,team_trb_all_players/impact_database/historical_transactions/basketball_reference_uniform/season_rows/2015-16.jsonl.gz,340,"{""season"": ""2015-16"", ""start_year"": 2015, ""page_title"": ""2015-16 NBA Transactions | Basketball-Reference.com"", ""section"": ""Signings"", ""subsection"": ""September 28, 2015"", ""table_index"": null, ""table_classes"": [], ""row_index"": 339, ""cells"": [""September 28, 2015"", ""The Cleveland Cavaliers signed Quinn Cook .""], ""links"": [{""text"": ""Cleveland Cavaliers"", ""title"": null, ""href"": ""/teams/CLE/2016.html""}, {""text"": ""Quinn Cook"", ""title"": null, ""href"": ""/players/c/cookqu01.html""}], ""date_hint"": ""September 28"", ""exact_date"": ""September 28, 2015"", ""source"": ""Basketball-Reference via Internet Archive"", ""source_url"": ""https://web.archive.org/web/20220629030608id_/https://www.basketball-reference.com/leagues/NBA_2016_transactions.html""}"
2017-18,1626188,1610612744,team_trb_all_players/impact_database/historical_transactions/basketball_reference_uniform/season_rows/2015-16.jsonl.gz,474,"{""season"": ""2015-16"", ""start_year"": 2015, ""page_title"": ""2015-16 NBA Transactions | Basketball-Reference.com"", ""section"": ""Waived"", ""subsection"": ""October 24, 2015"", ""table_index"": null, ""table_classes"": [], ""row_index"": 473, ""cells"": [""October 24, 2015"", ""The Cleveland Cavaliers waived Quinn Cook .""], ""links"": [{""text"": ""Cleveland Cavaliers"", ""title"": null, ""href"": ""/teams/CLE/2016.html""}, {""text"": ""Quinn Cook"", ""title"": null, ""href"": ""/players/c/cookqu01.html""}], ""date_hint"": ""October 24"", ""exact_date"": ""October 24, 2015"", ""source"": ""Basketball-Reference via Internet Archive"", ""source_url"": ""https://web.archive.org/web/20220629030608id_/https://www.basketball-reference.com/leagues/NBA_2016_transactions.html""}"
2017-18,1626188,1610612744,team_trb_all_players/impact_database/historical_transactions/basketball_reference_uniform/raw_pages/2015-16.html.gz,707,"<li><span>July 1, 2015</span><p>The <a data-attr-to=""BRK"" href=""/teams/BRK/2016.html"">Brooklyn Nets</a> signed <a href=""/players/m/mcculch01.html"">Chris McCullough</a> to a multi-year contract.</p></li><li><span>July 2, 2015</span><p>The <a data-attr-to=""BRK"" href=""/teams/BRK/2016.html"">Brooklyn Nets</a> signed <a href=""/players/b/boatrry01.html"">Ryan Boatright</a> to a multi-year contract.</p><p>The <a data-attr-to=""CHO"" href=""/teams/CHO/2016.html"">Charlotte Hornets</a> signed <a href=""/players/k/kaminfr01.html"">Frank Kaminsky</a> to a multi-year contract.</p></li><li><span>July 3, 2015</span><p>The <a data-attr-to=""TOR"" href=""/teams/TOR/2016.html"">Toronto Raptors</a> signed <a href=""/players/w/wrighde01.html"">Delon Wright</a> to a multi-year contract.</p><p>The <a data-attr-to=""MIA"" href=""/teams/MIA/2016.html"">Miami Heat</a> signed <a href=""/players/w/winslju01.html"">Justise Winslow</a> to a multi-year contract.</p></li><li><span>July 6, 2015</span><p>The <a data-attr-to=""BRK"" href=""/teams/BRK/2016.html"">Brooklyn Nets</a> signed <a href=""/players/h/holliro01.html"">Rondae Hollis-Jefferson</a> to a multi-year contract.</p><p>The <a data-attr-to=""PHI"" href=""/teams/PHI/2016.html"">Philadelphia 76ers</a> signed <a href=""/players/o/okafoja01.html"">Jahlil Okafor</a> to a multi-year contract.</p></li><li><span>July 7, 2015</span><p>The <a data-attr-to=""MIN"" href=""/teams/MIN/2016.html"">Minnesota Timberwolves</a> signed <a href=""/players/j/jonesty01.html"">Tyus Jones</a> to a multi-year contract.</p><p>The <a data-attr-to=""MIN"" href=""/teams/MIN/2016.html"">Minnesota Timberwolves</a> signed <a href=""/players/t/townska01.html"">Karl-Anthony Towns</a> to a multi-year contract.</p><p>The <a data-attr-to=""UTA"" href=""/teams/UTA/2016.html"">Utah Jazz</a> signed <a href=""/players/l/lylestr01.html"">Trey Lyles</a> to a multi-year contract.</p><p>The <a data-attr-to=""CHI"" href=""/teams/CHI/2016.html"">Chicago Bulls</a> signed <a href=""/players/p/portibo01.html"">Bobby Portis</a> to a multi-year contract.</p></li><li><span>July 8, 2015</span><p>The <a data-attr-to=""GSW"" href=""/teams/GSW/2016.html"">Golden State Warriors</a> signed <a href=""/players/l/looneke01.html"">Kevon Looney</a> to a multi-year contract.</p></li><li><span>July 9, 2015</span><p>The <a data-attr-to=""LAC"" href=""/teams/LAC/2016.html"">Los Angeles Clippers</a> signed <a href=""/players/j/johnswe01.html"">Wesley Johnson</a> to a multi-year contract.</p><p>The <a data-attr-from=""ATL"" href=""/teams/ATL/2016.html"">Atlanta Hawks</a> waived <a href=""/players/d/dayeau01.html"">Austin Daye</a>.</p><p>The <a data-attr-from=""TOR"" href=""/teams/TOR/2016.html"">Toronto Raptors</a> waived <a href=""/players/r/ridnolu01.html"">Luke Ridnour</a>.</p><p>The <a data-attr-to=""NYK"" href=""/teams/NYK/2016.html"">New York Knicks</a> signed <a href=""/players/a/afflaar01.html"">Arron Afflalo</a> to a multi-year contract.</p><p>The <a data-attr-to=""SAS"" href=""/teams/SAS/2016.html"">San Antonio Spurs</a> signed <a href=""/players/a/aldrila01.html"">LaMarcus Aldridge</a> to a multi-year contract.</p><p>The <a data-attr-to=""POR"" href=""/teams/POR/2016.html"">Portland Trail Blazers</a> signed <a href=""/players/a/aminual01.html"">Al-Farouq Aminu</a> to a multi-year contract.</p><p>The <a data-attr-to=""HOU"" href=""/teams/HOU/2016.html"">Houston Rockets</a> signed <a href=""/players/b/beverpa01.html"">Patrick Beverley</a> to a multi-year contract.</p><p>The <a data-attr-to=""LAL"" href=""/teams/LAL/2016.html"">Los Angeles Lakers</a> signed <a href=""/players/b/brownan02.html"">Anthony Brown</a> to a multi-year contract.</p><p>The <a data-attr-to=""CHI"" href=""/teams/CHI/2016.html"">Chicago Bulls</a> signed <a href=""/players/b/butleji01.html"">Jimmy Butler</a> to a multi-year contract.</p><p>The <a data-attr-to=""TOR"" href=""/teams/TOR/2016.html"">Toronto Raptors</a> signed <a href=""/players/c/carrode01.html"">DeMarre Carroll</a> to a multi-year contract.</p><p>The <a data-attr-to=""PHO"" href=""/teams/PHO/2016.html"">Phoenix Suns</a> signed <a href=""/players/c"
2017-18,203496,1610612755,team_trb_all_players/impact_database/roster_tenure/normalized_transactions.jsonl.gz,7009,"{""exact_date"": ""2017-11-17"", ""season"": ""2017-18"", ""event_type"": ""acquire"", ""player_id"": ""203496"", ""player_name"": ""Robert Covington"", ""source_player_ref"": ""robert-covington"", ""source_team_id"": null, ""destination_team_id"": 1610612755, ""source_team_name"": null, ""destination_team_name"": null, ""source_system"": ""Official NBA Player Movement feed"", ""source_reference"": ""https://stats.nba.com/js/data/playermovement/NBA_Player_Movement.json#row-7787"", ""identity_resolution"": ""official_nba_player_id"", ""team_resolution"": ""official_team_id"", ""raw_text"": ""Philadelphia 76ers re-signed forward Robert Covington to a Veteran Extension."", ""confidence"": ""high""}"
2017-18,203496,1610612755,team_trb_all_players/impact_database/roster_tenure/normalized_transactions.jsonl.gz,7802,"{""exact_date"": ""2018-11-12"", ""season"": ""2018-19"", ""event_type"": ""trade"", ""player_id"": ""203496"", ""player_name"": ""Robert Covington"", ""source_player_ref"": ""robert-covington"", ""source_team_id"": 1610612755, ""destination_team_id"": 1610612750, ""source_team_name"": null, ""destination_team_name"": null, ""source_system"": ""Official NBA Player Movement feed"", ""source_reference"": ""https://stats.nba.com/js/data/playermovement/NBA_Player_Movement.json#row-7010"", ""identity_resolution"": ""official_nba_player_id"", ""team_resolution"": ""official_team_id"", ""raw_text"": ""Minnesota Timberwolves received forward Robert Covington from Philadelphia 76ers."", ""confidence"": ""high""}"
2017-18,203496,1610612755,team_trb_all_players/impact_database/roster_tenure/normalized_transactions.jsonl.gz,8781,"{""exact_date"": ""2020-02-05"", ""season"": ""2019-20"", ""event_type"": ""trade"", ""player_id"": ""203496"", ""player_name"": ""Robert Covington"", ""source_player_ref"": ""robert-covington"", ""source_team_id"": 1610612750, ""destination_team_id"": 1610612745, ""source_team_name"": null, ""destination_team_name"": null, ""source_system"": ""Official NBA Player Movement feed"", ""source_reference"": ""https://stats.nba.com/js/data/playermovement/NBA_Player_Movement.json#row-6025"", ""identity_resolution"": ""official_nba_player_id"", ""team_resolution"": ""official_team_id"", ""raw_text"": ""Houston Rockets received forward Robert Covington from Minnesota Timberwolves."", ""confidence"": ""high""}"
2017-18,203496,1610612755,team_trb_all_players/impact_database/roster_tenure/normalized_transactions.jsonl.gz,9005,"{""exact_date"": ""2020-11-22"", ""season"": ""2020-21"", ""event_type"": ""trade"", ""player_id"": ""203496"", ""player_name"": ""Robert Covington"", ""source_player_ref"": ""robert-covington"", ""source_team_id"": 1610612745, ""destination_team_id"": 1610612757, ""source_team_name"": null, ""destination_team_name"": null, ""source_system"": ""Official NBA Player Movement feed"", ""source_reference"": ""https://stats.nba.com/js/data/playermovement/NBA_Player_Movement.json#row-5814"", ""identity_resolution"": ""official_nba_player_id"", ""team_resolution"": ""official_team_id"", ""raw_text"": ""Portland Trail Blazers received forward Robert Covington from Houston Rockets."", ""confidence"": ""high""}"
2017-18,203496,1610612755,team_trb_all_players/impact_database/roster_tenure/normalized_transactions.jsonl.gz,10678,"{""exact_date"": ""2022-02-04"", ""season"": ""2021-22"", ""event_type"": ""trade"", ""player_id"": ""203496"", ""player_name"": ""Robert Covington"", ""source_player_ref"": ""robert-covington"", ""source_team_id"": 1610612757, ""destination_team_id"": 1610612746, ""source_team_name"": null, ""destination_team_name"": null, ""source_system"": ""Official NBA Player Movement feed"", ""source_reference"": ""https://stats.nba.com/js/data/playermovement/NBA_Player_Movement.json#row-4256"", ""identity_resolution"": ""official_nba_player_id"", ""team_resolution"": ""official_team_id"", ""raw_text"": ""LA Clippers received forward Robert Covington from Portland Trail Blazers."", ""confidence"": ""high""}"
2017-18,203496,1610612755,team_trb_all_players/impact_database/roster_tenure/normalized_transactions.jsonl.gz,10921,"{""exact_date"": ""2022-05-07"", ""season"": ""2021-22"", ""event_type"": ""acquire"", ""player_id"": ""203496"", ""player_name"": ""Robert Covington"", ""source_player_ref"": ""robert-covington"", ""source_team_id"": null, ""destination_team_id"": 1610612746, ""source_team_name"": null, ""destination_team_name"": null, ""source_system"": ""Official NBA Player Movement feed"", ""source_reference"": ""https://stats.nba.com/js/data/playermovement/NBA_Player_Movement.json#row-4032"", ""identity_resolution"": ""official_nba_player_id"", ""team_resolution"": ""official_team_id"", ""raw_text"": ""LA Clippers re-signed forward Robert Covington to a Veteran Extension."", ""confidence"": ""high""}"
2017-18,203496,1610612755,team_trb_all_players/impact_database/roster_tenure/normalized_transactions.jsonl.gz,12345,"{""exact_date"": ""2023-11-01"", ""season"": ""2023-24"", ""event_type"": ""trade"", ""player_id"": ""203496"", ""player_name"": ""Robert Covington"", ""source_player_ref"": ""robert-covington"", ""source_team_id"": 1610612746, ""destination_team_id"": 1610612755, ""source_team_name"": null, ""destination_team_name"": null, ""source_system"": ""Official NBA Player Movement feed"", ""source_reference"": ""https://stats.nba.com/js/data/playermovement/NBA_Player_Movement.json#row-2540"", ""identity_resolution"": ""official_nba_player_id"", ""team_resolution"": ""official_team_id"", ""raw_text"": ""Philadelphia 76ers received forward Robert Covington from LA Clippers."", ""confidence"": ""high""}"
2017-18,203496,1610612755,team_trb_all_players/impact_database/roster_tenure/normalized_transactions.jsonl.gz,12912,"{""exact_date"": ""2024-07-01"", ""season"": ""2024-25"", ""event_type"": ""depart"", ""player_id"": ""203496"", ""player_name"": ""Robert Covington"", ""source_player_ref"": null, ""source_team_id"": 1610612755, ""destination_team_id"": null, ""source_team_name"": ""Philadelphia Sixers"", ""destination_team_name"": null, ""source_system"": ""RealGM league transaction history"", ""source_reference"": ""https://basketball.realgm.com/nba/transactions/league/2025"", ""identity_resolution"": ""realgm_name+core_team_context"", ""team_resolution"": ""realgm_historical_team_alias"", ""raw_text"": ""Robert Covington, previously with the Philadelphia Sixers, became a free agent."", ""confidence"": ""high"", ""realgm_subtype"": ""free_agent""}"
2017-18,203496,1610612755,team_trb_all_players/impact_database/roster_tenure/normalized_transactions.jsonl.gz,17992,"{""exact_date"": ""July 13, 2013"", ""season"": ""2013-14"", ""event_type"": ""acquire"", ""player_id"": ""203496"", ""player_name"": ""Robert Covington"", ""source_player_ref"": ""/players/c/covinro01.html"", ""source_team_id"": null, ""destination_team_id"": 1610612745, ""source_team_name"": null, ""destination_team_name"": ""Houston Rockets"", ""source_system"": ""Basketball-Reference via Internet Archive"", ""source_reference"": ""https://web.archive.org/web/20221209194421id_/https://www.basketball-reference.com/leagues/NBA_2014_transactions.html#row-79"", ""identity_resolution"": ""unique_core_name"", ""team_resolution"": ""source=not_applicable;destination=unique_alias"", ""raw_text"": ""The Houston Rockets signed Robert Covington to a multi-year contract."", ""confidence"": ""high""}"
2017-18,203496,1610612755,team_trb_all_players/impact_database/roster_tenure/normalized_transactions.jsonl.gz,19682,"{""exact_date"": ""November 15, 2014"", ""season"": ""2014-15"", ""event_type"": ""acquire"", ""player_id"": ""203496"", ""player_name"": ""Robert Covington"", ""source_player_ref"": ""/players/c/covinro01.html"", ""source_team_id"": null, ""destination_team_id"": 1610612755, ""source_team_name"": null, ""destination_team_name"": ""Philadelphia 76ers"", ""source_system"": ""Basketball-Reference via Internet Archive"", ""source_reference"": ""https://web.archive.org/web/20221207203038id_/https://www.basketball-reference.com/leagues/NBA_2015_transactions.html#row-530"", ""identity_resolution"": ""unique_core_name"", ""team_resolution"": ""source=not_applicable;destination=unique_alias"", ""raw_text"": ""The Philadelphia 76ers signed Robert Covington ."", ""confidence"": ""high""}"
2017-18,203496,1610612755,team_trb_all_players/impact_database/roster_tenure/normalized_transactions.jsonl.gz,20589,"{""exact_date"": ""October 27, 2014"", ""season"": ""2014-15"", ""event_type"": ""depart"", ""player_id"": ""203496"", ""player_name"": ""Robert Covington"", ""source_player_ref"": ""/players/c/covinro01.html"", ""source_team_id"": 1610612745, ""destination_team_id"": null, ""source_team_name"": ""Houston Rockets"", ""destination_team_name"": null, ""source_system"": ""Basketball-Reference via Internet Archive"", ""source_reference"": ""https://web.archive.org/web/20221207203038id_/https://www.basketball-reference.com/leagues/NBA_2015_transactions.html#row-485"", ""identity_resolution"": ""unique_core_name"", ""team_resolution"": ""source=unique_alias;destination=not_applicable"", ""raw_text"": ""The Houston Rockets waived Robert Covington ."", ""confidence"": ""high""}"
2017-18,203496,1610612755,team_trb_all_players/impact_database/historical_transactions/wikipedia_transaction_rows.jsonl.gz,6043,"{""season"": ""2013-14"", ""start_year"": 2013, ""page_title"": ""List of 2013–14 NBA season transactions"", ""section"": ""Player movement"", ""subsection"": ""Free agency"", ""table_index"": 8, ""table_classes"": [""wikitable"", ""sortable""], ""row_index"": 56, ""cells"": [""Robert Covington"", ""Houston Rockets"", ""Tennessee St. (went undrafted in the 2013 draft )"", ""[ 145 ]""], ""links"": [{""text"": ""Robert Covington"", ""title"": ""Robert Covington"", ""href"": ""/wiki/Robert_Covington""}, {""text"": ""Houston Rockets"", ""title"": ""Houston Rockets"", ""href"": ""/wiki/Houston_Rockets""}, {""text"": ""Tennessee St."", ""title"": ""Tennessee State Tigers men's basketball"", ""href"": ""/wiki/Tennessee_State_Tigers_men%27s_basketball""}, {""text"": ""2013 draft"", ""title"": ""2013 NBA draft"", ""href"": ""/wiki/2013_NBA_draft""}, {""text"": ""[ 145 ]"", ""title"": """", ""href"": ""#cite_note-covington-young-148""}], ""date_hint"": null}"
2017-18,203496,1610612755,team_trb_all_players/impact_database/historical_transactions/wikipedia_transaction_rows.jsonl.gz,6048,"{""season"": ""2013-14"", ""start_year"": 2013, ""page_title"": ""List of 2013–14 NBA season transactions"", ""section"": ""Player movement"", ""subsection"": ""Free agency"", ""table_index"": 8, ""table_classes"": [""wikitable"", ""sortable""], ""row_index"": 61, ""cells"": [""B. J. Young"", ""Houston Rockets"", ""Arkansas (went undrafted in the 2013 draft )"", ""[ 145 ]""], ""links"": [{""text"": ""B. J. Young"", ""title"": ""B. J. Young (basketball)"", ""href"": ""/wiki/B._J._Young_(basketball)""}, {""text"": ""Houston Rockets"", ""title"": ""Houston Rockets"", ""href"": ""/wiki/Houston_Rockets""}, {""text"": ""Arkansas"", ""title"": ""Arkansas Razorbacks men's basketball"", ""href"": ""/wiki/Arkansas_Razorbacks_men%27s_basketball""}, {""text"": ""2013 draft"", ""title"": ""2013 NBA draft"", ""href"": ""/wiki/2013_NBA_draft""}, {""text"": ""[ 145 ]"", ""title"": """", ""href"": ""#cite_note-covington-young-148""}], ""date_hint"": null}"
2017-18,203496,1610612755,team_trb_all_players/impact_database/historical_transactions/wikipedia_transaction_rows.jsonl.gz,7040,"{""season"": ""2014-15"", ""start_year"": 2014, ""page_title"": ""List of 2014–15 NBA season transactions"", ""section"": ""Player movements"", ""subsection"": ""Free agency"", ""table_index"": 6, ""table_classes"": [""wikitable"", ""sortable""], ""row_index"": 260, ""cells"": [""Robert Covington"", ""November 15"", ""Philadelphia 76ers"", ""Grand Rapids Drive ( D-League )"", ""[ 295 ]""], ""links"": [{""text"": ""Robert Covington"", ""title"": ""Robert Covington"", ""href"": ""/wiki/Robert_Covington""}, {""text"": ""Philadelphia 76ers"", ""title"": ""Philadelphia 76ers"", ""href"": ""/wiki/Philadelphia_76ers""}, {""text"": ""Grand Rapids Drive"", ""title"": ""Grand Rapids Drive"", ""href"": ""/wiki/Grand_Rapids_Drive""}, {""text"": ""D-League"", ""title"": ""NBA Development League"", ""href"": ""/wiki/NBA_Development_League""}, {""text"": ""[ 295 ]"", ""title"": """", ""href"": ""#cite_note-covington-johnson-307""}], ""date_hint"": ""November 15""}"
2017-18,203496,1610612755,team_trb_all_players/impact_database/historical_transactions/wikipedia_transaction_rows.jsonl.gz,7313,"{""season"": ""2014-15"", ""start_year"": 2014, ""page_title"": ""List of 2014–15 NBA season transactions"", ""section"": ""Player movements"", ""subsection"": ""Waived"", ""table_index"": 9, ""table_classes"": [""wikitable"", ""sortable""], ""row_index"": 46, ""cells"": [""Chris Johnson"", ""November 15"", ""Philadelphia 76ers"", ""[ 295 ]""], ""links"": [{""text"": ""Chris Johnson"", ""title"": ""Chris Johnson (basketball, born 1990)"", ""href"": ""/wiki/Chris_Johnson_(basketball,_born_1990)""}, {""text"": ""Philadelphia 76ers"", ""title"": ""Philadelphia 76ers"", ""href"": ""/wiki/Philadelphia_76ers""}, {""text"": ""[ 295 ]"", ""title"": """", ""href"": ""#cite_note-covington-johnson-307""}], ""date_hint"": ""November 15""}"
2017-18,203496,1610612755,team_trb_all_players/impact_database/historical_transactions/wikipedia_transaction_rows.jsonl.gz,7381,"{""season"": ""2014-15"", ""start_year"": 2014, ""page_title"": ""List of 2014–15 NBA season transactions"", ""section"": ""Player movements"", ""subsection"": ""Training camp cuts"", ""table_index"": 10, ""table_classes"": [""wikitable""], ""row_index"": 5, ""cells"": [""Jeff Adrien Earl Clark Robert Covington Geron Johnson Akil Mitchell Josh Powell Akeem Richmond Ish Smith"", ""C. J. Fair Arinze Onuaku Chris Singleton Adonis Thomas"", ""Joe Ingles"", ""Keith Appling Jabari Brown Roscoe Smith Jeremy Tyler"", ""Michael Beasley Patrick Christopher Earl Clark Luke Hancock Kalin Lucas Hassan Whiteside""], ""links"": [{""text"": ""Jeff Adrien"", ""title"": ""Jeff Adrien"", ""href"": ""/wiki/Jeff_Adrien""}, {""text"": ""Earl Clark"", ""title"": ""Earl Clark"", ""href"": ""/wiki/Earl_Clark""}, {""text"": ""Robert Covington"", ""title"": ""Robert Covington"", ""href"": ""/wiki/Robert_Covington""}, {""text"": ""Geron Johnson"", ""title"": ""Geron Johnson"", ""href"": ""/wiki/Geron_Johnson""}, {""text"": ""Akil Mitchell"", ""title"": ""Akil Mitchell"", ""href"": ""/wiki/Akil_Mitchell""}, {""text"": ""Josh Powell"", ""title"": ""Josh Powell"", ""href"": ""/wiki/Josh_Powell""}, {""text"": ""Akeem Richmond"", ""title"": ""Akeem Richmond"", ""href"": ""/wiki/Akeem_Richmond""}, {""text"": ""Ish Smith"", ""title"": ""Ish Smith"", ""href"": ""/wiki/Ish_Smith""}, {""text"": ""C. J. Fair"", ""title"": ""C. J. Fair"", ""href"": ""/wiki/C._J._Fair""}, {""text"": ""Arinze Onuaku"", ""title"": ""Arinze Onuaku"", ""href"": ""/wiki/Arinze_Onuaku""}, {""text"": ""Chris Singleton"", ""title"": ""Chris Singleton (basketball, born 1989)"", ""href"": ""/wiki/Chris_Singleton_(basketball,_born_1989)""}, {""text"": ""Adonis Thomas"", ""title"": ""Adonis Thomas"", ""href"": ""/wiki/Adonis_Thomas""}, {""text"": ""Joe Ingles"", ""title"": ""Joe Ingles"", ""href"": ""/wiki/Joe_Ingles""}, {""text"": ""Keith Appling"", ""title"": ""Keith Appling"", ""href"": ""/wiki/Keith_Appling""}, {""text"": ""Jabari Brown"", ""title"": ""Jabari Brown"", ""href"": ""/wiki/Jabari_Brown""}, {""text"": ""Roscoe Smith"", ""title"": ""Roscoe Smith"", ""href"": ""/wiki/Roscoe_Smith""}, {""text"": ""Jeremy Tyler"", ""title"": ""Jeremy Tyler"", ""href"": ""/wiki/Jeremy_Tyler""}, {""text"": ""Michael Beasley"", ""title"": ""Michael Beasley"", ""href"": ""/wiki/Michael_Beasley""}, {""text"": ""Patrick Christopher"", ""title"": ""Patrick Christopher"", ""href"": ""/wiki/Patrick_Christopher""}, {""text"": ""Earl Clark"", ""title"": ""Earl Clark"", ""href"": ""/wiki/Earl_Clark""}, {""text"": ""Luke Hancock"", ""title"": ""Luke Hancock"", ""href"": ""/wiki/Luke_Hancock""}, {""text"": ""Kalin Lucas"", ""title"": ""Kalin Lucas"", ""href"": ""/wiki/Kalin_Lucas""}, {""text"": ""Hassan Whiteside"", ""title"": ""Hassan Whiteside"", ""href"": ""/wiki/Hassan_Whiteside""}], ""date_hint"": null}"
2017-18,203496,1610612755,team_trb_all_players/impact_database/roster_tenure/realgm_transactions_resilient/2024-25.txt.gz,3687,*    The [Philadelphia Sixers](https://basketball.realgm.com/nba/teams/Philadelphia-Sixers/22/home) renounced their free-agent exception rights to [Robert Covington](https://basketball.realgm.com/player/Robert-Covington/Summary/11707).
2017-18,203496,1610612755,team_trb_all_players/impact_database/roster_tenure/realgm_transactions_resilient/2024-25.txt.gz,3867,"*   [Robert Covington](https://basketball.realgm.com/player/Robert-Covington/Summary/11707), previously with the [Philadelphia Sixers](https://basketball.realgm.com/nba/teams/Philadelphia-Sixers/22/home), became a free agent."
2017-18,203496,1610612755,team_trb_all_players/impact_database/roster_tenure/realgm_transactions_resilient/2024-25.txt.gz,8476,"Jul 1, 2024 [Robert Covington](https://basketball.realgm.com/player/Robert-Covington/Summary/11707)"
2017-18,203496,1610612755,team_trb_all_players/impact_database/roster_tenure/realgm_transactions_resilient/2024-25.txt.gz,8758,"Jul 6, 2024 [Robert Covington](https://basketball.realgm.com/player/Robert-Covington/Summary/11707)"
2017-18,203496,1610612755,team_trb_all_players/impact_database/historical_transactions/season_rows/2014-15.jsonl.gz,394,"{""season"": ""2014-15"", ""start_year"": 2014, ""page_title"": ""List of 2014–15 NBA season transactions"", ""section"": ""Player movements"", ""subsection"": ""Free agency"", ""table_index"": 6, ""table_classes"": [""wikitable"", ""sortable""], ""row_index"": 260, ""cells"": [""Robert Covington"", ""November 15"", ""Philadelphia 76ers"", ""Grand Rapids Drive ( D-League )"", ""[ 295 ]""], ""links"": [{""text"": ""Robert Covington"", ""title"": ""Robert Covington"", ""href"": ""/wiki/Robert_Covington""}, {""text"": ""Philadelphia 76ers"", ""title"": ""Philadelphia 76ers"", ""href"": ""/wiki/Philadelphia_76ers""}, {""text"": ""Grand Rapids Drive"", ""title"": ""Grand Rapids Drive"", ""href"": ""/wiki/Grand_Rapids_Drive""}, {""text"": ""D-League"", ""title"": ""NBA Development League"", ""href"": ""/wiki/NBA_Development_League""}, {""text"": ""[ 295 ]"", ""title"": """", ""href"": ""#cite_note-covington-johnson-307""}], ""date_hint"": ""November 15""}"
2017-18,203496,1610612755,team_trb_all_players/impact_database/historical_transactions/season_rows/2014-15.jsonl.gz,667,"{""season"": ""2014-15"", ""start_year"": 2014, ""page_title"": ""List of 2014–15 NBA season transactions"", ""section"": ""Player movements"", ""subsection"": ""Waived"", ""table_index"": 9, ""table_classes"": [""wikitable"", ""sortable""], ""row_index"": 46, ""cells"": [""Chris Johnson"", ""November 15"", ""Philadelphia 76ers"", ""[ 295 ]""], ""links"": [{""text"": ""Chris Johnson"", ""title"": ""Chris Johnson (basketball, born 1990)"", ""href"": ""/wiki/Chris_Johnson_(basketball,_born_1990)""}, {""text"": ""Philadelphia 76ers"", ""title"": ""Philadelphia 76ers"", ""href"": ""/wiki/Philadelphia_76ers""}, {""text"": ""[ 295 ]"", ""title"": """", ""href"": ""#cite_note-covington-johnson-307""}], ""date_hint"": ""November 15""}"
2017-18,203496,1610612755,team_trb_all_players/impact_database/historical_transactions/season_rows/2014-15.jsonl.gz,735,"{""season"": ""2014-15"", ""start_year"": 2014, ""page_title"": ""List of 2014–15 NBA season transactions"", ""section"": ""Player movements"", ""subsection"": ""Training camp cuts"", ""table_index"": 10, ""table_classes"": [""wikitable""], ""row_index"": 5, ""cells"": [""Jeff Adrien Earl Clark Robert Covington Geron Johnson Akil Mitchell Josh Powell Akeem Richmond Ish Smith"", ""C. J. Fair Arinze Onuaku Chris Singleton Adonis Thomas"", ""Joe Ingles"", ""Keith Appling Jabari Brown Roscoe Smith Jeremy Tyler"", ""Michael Beasley Patrick Christopher Earl Clark Luke Hancock Kalin Lucas Hassan Whiteside""], ""links"": [{""text"": ""Jeff Adrien"", ""title"": ""Jeff Adrien"", ""href"": ""/wiki/Jeff_Adrien""}, {""text"": ""Earl Clark"", ""title"": ""Earl Clark"", ""href"": ""/wiki/Earl_Clark""}, {""text"": ""Robert Covington"", ""title"": ""Robert Covington"", ""href"": ""/wiki/Robert_Covington""}, {""text"": ""Geron Johnson"", ""title"": ""Geron Johnson"", ""href"": ""/wiki/Geron_Johnson""}, {""text"": ""Akil Mitchell"", ""title"": ""Akil Mitchell"", ""href"": ""/wiki/Akil_Mitchell""}, {""text"": ""Josh Powell"", ""title"": ""Josh Powell"", ""href"": ""/wiki/Josh_Powell""}, {""text"": ""Akeem Richmond"", ""title"": ""Akeem Richmond"", ""href"": ""/wiki/Akeem_Richmond""}, {""text"": ""Ish Smith"", ""title"": ""Ish Smith"", ""href"": ""/wiki/Ish_Smith""}, {""text"": ""C. J. Fair"", ""title"": ""C. J. Fair"", ""href"": ""/wiki/C._J._Fair""}, {""text"": ""Arinze Onuaku"", ""title"": ""Arinze Onuaku"", ""href"": ""/wiki/Arinze_Onuaku""}, {""text"": ""Chris Singleton"", ""title"": ""Chris Singleton (basketball, born 1989)"", ""href"": ""/wiki/Chris_Singleton_(basketball,_born_1989)""}, {""text"": ""Adonis Thomas"", ""title"": ""Adonis Thomas"", ""href"": ""/wiki/Adonis_Thomas""}, {""text"": ""Joe Ingles"", ""title"": ""Joe Ingles"", ""href"": ""/wiki/Joe_Ingles""}, {""text"": ""Keith Appling"", ""title"": ""Keith Appling"", ""href"": ""/wiki/Keith_Appling""}, {""text"": ""Jabari Brown"", ""title"": ""Jabari Brown"", ""href"": ""/wiki/Jabari_Brown""}, {""text"": ""Roscoe Smith"", ""title"": ""Roscoe Smith"", ""href"": ""/wiki/Roscoe_Smith""}, {""text"": ""Jeremy Tyler"", ""title"": ""Jeremy Tyler"", ""href"": ""/wiki/Jeremy_Tyler""}, {""text"": ""Michael Beasley"", ""title"": ""Michael Beasley"", ""href"": ""/wiki/Michael_Beasley""}, {""text"": ""Patrick Christopher"", ""title"": ""Patrick Christopher"", ""href"": ""/wiki/Patrick_Christopher""}, {""text"": ""Earl Clark"", ""title"": ""Earl Clark"", ""href"": ""/wiki/Earl_Clark""}, {""text"": ""Luke Hancock"", ""title"": ""Luke Hancock"", ""href"": ""/wiki/Luke_Hancock""}, {""text"": ""Kalin Lucas"", ""title"": ""Kalin Lucas"", ""href"": ""/wiki/Kalin_Lucas""}, {""text"": ""Hassan Whiteside"", ""title"": ""Hassan Whiteside"", ""href"": ""/wiki/Hassan_Whiteside""}], ""date_hint"": null}"
2017-18,203496,1610612755,team_trb_all_players/impact_database/historical_transactions/season_rows/2013-14.jsonl.gz,179,"{""season"": ""2013-14"", ""start_year"": 2013, ""page_title"": ""List of 2013–14 NBA season transactions"", ""section"": ""Player movement"", ""subsection"": ""Free agency"", ""table_index"": 8, ""table_classes"": [""wikitable"", ""sortable""], ""row_index"": 56, ""cells"": [""Robert Covington"", ""Houston Rockets"", ""Tennessee St. (went undrafted in the 2013 draft )"", ""[ 145 ]""], ""links"": [{""text"": ""Robert Covington"", ""title"": ""Robert Covington"", ""href"": ""/wiki/Robert_Covington""}, {""text"": ""Houston Rockets"", ""title"": ""Houston Rockets"", ""href"": ""/wiki/Houston_Rockets""}, {""text"": ""Tennessee St."", ""title"": ""Tennessee State Tigers men's basketball"", ""href"": ""/wiki/Tennessee_State_Tigers_men%27s_basketball""}, {""text"": ""2013 draft"", ""title"": ""2013 NBA draft"", ""href"": ""/wiki/2013_NBA_draft""}, {""text"": ""[ 145 ]"", ""title"": """", ""href"": ""#cite_note-covington-young-148""}], ""date_hint"": null}"
2017-18,203496,1610612755,team_trb_all_players/impact_database/historical_transactions/season_rows/2013-14.jsonl.gz,184,"{""season"": ""2013-14"", ""start_year"": 2013, ""page_title"": ""List of 2013–14 NBA season transactions"", ""section"": ""Player movement"", ""subsection"": ""Free agency"", ""table_index"": 8, ""table_classes"": [""wikitable"", ""sortable""], ""row_index"": 61, ""cells"": [""B. J. Young"", ""Houston Rockets"", ""Arkansas (went undrafted in the 2013 draft )"", ""[ 145 ]""], ""links"": [{""text"": ""B. J. Young"", ""title"": ""B. J. Young (basketball)"", ""href"": ""/wiki/B._J._Young_(basketball)""}, {""text"": ""Houston Rockets"", ""title"": ""Houston Rockets"", ""href"": ""/wiki/Houston_Rockets""}, {""text"": ""Arkansas"", ""title"": ""Arkansas Razorbacks men's basketball"", ""href"": ""/wiki/Arkansas_Razorbacks_men%27s_basketball""}, {""text"": ""2013 draft"", ""title"": ""2013 NBA draft"", ""href"": ""/wiki/2013_NBA_draft""}, {""text"": ""[ 145 ]"", ""title"": """", ""href"": ""#cite_note-covington-young-148""}], ""date_hint"": null}"
2017-18,203496,1610612755,team_trb_all_players/impact_database/historical_transactions/raw_pages/2014-15.html.gz,3670,"<td align=""left""><span data-sort-value=""Covington, Robert""><span class=""vcard""><span class=""fn""><a href=""/wiki/Robert_Covington"" title=""Robert Covington"">Robert Covington</a></span></span></span>"
2017-18,203496,1610612755,team_trb_all_players/impact_database/historical_transactions/raw_pages/2014-15.html.gz,3678,"<td><sup id=""cite&#95;ref-covington-johnson&#95;307-0"" class=""reference""><a href=""#cite_note-covington-johnson-307""><span class=""cite-bracket"">&#91;</span>295<span class=""cite-bracket"">&#93;</span></a></sup>"
2017-18,203496,1610612755,team_trb_all_players/impact_database/historical_transactions/raw_pages/2014-15.html.gz,6564,"<td><sup id=""cite&#95;ref-covington-johnson&#95;307-1"" class=""reference""><a href=""#cite_note-covington-johnson-307""><span class=""cite-bracket"">&#91;</span>295<span class=""cite-bracket"">&#93;</span></a></sup>"
2017-18,203496,1610612755,team_trb_all_players/impact_database/historical_transactions/raw_pages/2014-15.html.gz,7184,"<li><a href=""/wiki/Robert_Covington"" title=""Robert Covington"">Robert Covington</a></li>"
2017-18,203496,1610612755,team_trb_all_players/impact_database/historical_transactions/raw_pages/2014-15.html.gz,8924,"<li id=""cite&#95;note-covington-johnson-307""><span class=""mw-cite-backlink"">^ <a href=""#cite_ref-covington-johnson_307-0""><sup><i><b>a</b></i></sup></a> <a href=""#cite_ref-covington-johnson_307-1""><sup><i><b>b</b></i></sup></a></span> <span class=""reference-text""><link rel=""mw-deduplicated-inline-style"" href=""mw-data:TemplateStyles:r1333433106"" /><cite class=""citation web cs1""><a rel=""nofollow"" class=""external text"" href=""http://www.nba.com/sixers/news/141115-covington-signed"">""Sixers Sign Free Agent Robert Covington""</a>. <i>NBA.com</i>. Turner Sports Interactive, Inc. November 15, 2014<span class=""reference-accessdate"">. Retrieved <span class=""nowrap"">November 15,</span> 2014</span>.</cite><span title=""ctx&#95;ver=Z39.88-2004&amp;rft&#95;val&#95;fmt=info%3Aofi%2Ffmt%3Akev%3Amtx%3Ajournal&amp;rft.genre=unknown&amp;rft.jtitle=NBA.com&amp;rft.atitle=Sixers+Sign+Free+Agent+Robert+Covington&amp;rft.date=2014-11-15&amp;rft&#95;id=http%3A%2F%2Fwww.nba.com%2Fsixers%2Fnews%2F141115-covington-signed&amp;rfr&#95;id=info%3Asid%2Fen.wikipedia.org%3AList+of+2014%E2%80%9315+NBA+season+transactions"" class=""Z3988""></span></span>"
2017-18,203496,1610612755,team_trb_all_players/impact_database/historical_transactions/raw_pages/2013-14.html.gz,1601,"<td align=""left""><span data-sort-value=""Covington, Robert""><span class=""vcard""><span class=""fn""><a href=""/wiki/Robert_Covington"" title=""Robert Covington"">Robert Covington</a></span></span></span>"
2017-18,203496,1610612755,team_trb_all_players/impact_database/historical_transactions/raw_pages/2013-14.html.gz,1607,"<td><sup id=""cite&#95;ref-covington-young&#95;148-0"" class=""reference""><a href=""#cite_note-covington-young-148""><span class=""cite-bracket"">&#91;</span>145<span class=""cite-bracket"">&#93;</span></a></sup>"
2017-18,203496,1610612755,team_trb_all_players/impact_database/historical_transactions/raw_pages/2013-14.html.gz,1650,"<td><sup id=""cite&#95;ref-covington-young&#95;148-1"" class=""reference""><a href=""#cite_note-covington-young-148""><span class=""cite-bracket"">&#91;</span>145<span class=""cite-bracket"">&#93;</span></a></sup>"
2017-18,203496,1610612755,team_trb_all_players/impact_database/historical_transactions/raw_pages/2013-14.html.gz,7670,"<li id=""cite&#95;note-covington-young-148""><span class=""mw-cite-backlink"">^ <a href=""#cite_ref-covington-young_148-0""><sup><i><b>a</b></i></sup></a> <a href=""#cite_ref-covington-young_148-1""><sup><i><b>b</b></i></sup></a></span> <span class=""reference-text""><link rel=""mw-deduplicated-inline-style"" href=""mw-data:TemplateStyles:r1333433106"" /><cite class=""citation web cs1""><a rel=""nofollow"" class=""external text"" href=""http://www.nba.com/rockets/news/roster-taking-shape-rockets"">""Roster Taking Shape for the Rockets""</a>. <i>NBA.com</i>. Turner Sports Interactive, Inc. July 15, 2013<span class=""reference-accessdate"">. Retrieved <span class=""nowrap"">July 15,</span> 2013</span>.</cite><span title=""ctx&#95;ver=Z39.88-2004&amp;rft&#95;val&#95;fmt=info%3Aofi%2Ffmt%3Akev%3Amtx%3Ajournal&amp;rft.genre=unknown&amp;rft.jtitle=NBA.com&amp;rft.atitle=Roster+Taking+Shape+for+the+Rockets&amp;rft.date=2013-07-15&amp;rft&#95;id=http%3A%2F%2Fwww.nba.com%2Frockets%2Fnews%2Froster-taking-shape-rockets&amp;rfr&#95;id=info%3Asid%2Fen.wikipedia.org%3AList+of+2013%E2%80%9314+NBA+season+transactions"" class=""Z3988""></span></span>"
2017-18,203496,1610612755,team_trb_all_players/impact_database/historical_transactions/basketball_reference_uniform/season_rows/2014-15.jsonl.gz,486,"{""season"": ""2014-15"", ""start_year"": 2014, ""page_title"": ""2014-15 NBA Transactions | Basketball-Reference.com"", ""section"": ""Waived"", ""subsection"": ""October 27, 2014"", ""table_index"": null, ""table_classes"": [], ""row_index"": 485, ""cells"": [""October 27, 2014"", ""The Houston Rockets waived Robert Covington .""], ""links"": [{""text"": ""Houston Rockets"", ""title"": null, ""href"": ""/teams/HOU/2015.html""}, {""text"": ""Robert Covington"", ""title"": null, ""href"": ""/players/c/covinro01.html""}], ""date_hint"": ""October 27"", ""exact_date"": ""October 27, 2014"", ""source"": ""Basketball-Reference via Internet Archive"", ""source_url"": ""https://web.archive.org/web/20221207203038id_/https://www.basketball-reference.com/leagues/NBA_2015_transactions.html""}"
2017-18,203496,1610612755,team_trb_all_players/impact_database/historical_transactions/basketball_reference_uniform/season_rows/2014-15.jsonl.gz,531,"{""season"": ""2014-15"", ""start_year"": 2014, ""page_title"": ""2014-15 NBA Transactions | Basketball-Reference.com"", ""section"": ""Signings"", ""subsection"": ""November 15, 2014"", ""table_index"": null, ""table_classes"": [], ""row_index"": 530, ""cells"": [""November 15, 2014"", ""The Philadelphia 76ers signed Robert Covington .""], ""links"": [{""text"": ""Philadelphia 76ers"", ""title"": null, ""href"": ""/teams/PHI/2015.html""}, {""text"": ""Robert Covington"", ""title"": null, ""href"": ""/players/c/covinro01.html""}], ""date_hint"": ""November 15"", ""exact_date"": ""November 15, 2014"", ""source"": ""Basketball-Reference via Internet Archive"", ""source_url"": ""https://web.archive.org/web/20221207203038id_/https://www.basketball-reference.com/leagues/NBA_2015_transactions.html""}"
2017-18,203496,1610612755,team_trb_all_players/impact_database/historical_transactions/basketball_reference_uniform/season_rows/2013-14.jsonl.gz,80,"{""season"": ""2013-14"", ""start_year"": 2013, ""page_title"": ""2013-14 NBA Transactions | Basketball-Reference.com"", ""section"": ""Signings"", ""subsection"": ""July 13, 2013"", ""table_index"": null, ""table_classes"": [], ""row_index"": 79, ""cells"": [""July 13, 2013"", ""The Houston Rockets signed Robert Covington to a multi-year contract.""], ""links"": [{""text"": ""Houston Rockets"", ""title"": null, ""href"": ""/teams/HOU/2014.html""}, {""text"": ""Robert Covington"", ""title"": null, ""href"": ""/players/c/covinro01.html""}], ""date_hint"": ""July 13"", ""exact_date"": ""July 13, 2013"", ""source"": ""Basketball-Reference via Internet Archive"", ""source_url"": ""https://web.archive.org/web/20221209194421id_/https://www.basketball-reference.com/leagues/NBA_2014_transactions.html""}"
2017-18,203496,1610612755,team_trb_all_players/impact_database/historical_transactions/basketball_reference_uniform/season_rows/2013-14.jsonl.gz,278,"{""season"": ""2013-14"", ""start_year"": 2013, ""page_title"": ""2013-14 NBA Transactions | Basketball-Reference.com"", ""section"": ""Other"", ""subsection"": ""November 7, 2013"", ""table_index"": null, ""table_classes"": [], ""row_index"": 277, ""cells"": [""November 7, 2013"", ""The Houston Rockets assigned Robert Covington to the  of the G-League.""], ""links"": [{""text"": ""Houston Rockets"", ""title"": null, ""href"": ""/teams/HOU/2014.html""}, {""text"": ""Robert Covington"", ""title"": null, ""href"": ""/players/c/covinro01.html""}], ""date_hint"": ""November 7"", ""exact_date"": ""November 7, 2013"", ""source"": ""Basketball-Reference via Internet Archive"", ""source_url"": ""https://web.archive.org/web/20221209194421id_/https://www.basketball-reference.com/leagues/NBA_2014_transactions.html""}"
2017-18,203496,1610612755,team_trb_all_players/impact_database/historical_transactions/basketball_reference_uniform/season_rows/2013-14.jsonl.gz,471,"{""season"": ""2013-14"", ""start_year"": 2013, ""page_title"": ""2013-14 NBA Transactions | Basketball-Reference.com"", ""section"": ""Other"", ""subsection"": ""January 18, 2014"", ""table_index"": null, ""table_classes"": [], ""row_index"": 470, ""cells"": [""January 18, 2014"", ""The Houston Rockets recalled Robert Covington from the  of the G-League.""], ""links"": [{""text"": ""Houston Rockets"", ""title"": null, ""href"": ""/teams/HOU/2014.html""}, {""text"": ""Robert Covington"", ""title"": null, ""href"": ""/players/c/covinro01.html""}], ""date_hint"": ""January 18"", ""exact_date"": ""January 18, 2014"", ""source"": ""Basketball-Reference via Internet Archive"", ""source_url"": ""https://web.archive.org/web/20221209194421id_/https://www.basketball-reference.com/leagues/NBA_2014_transactions.html""}"
2017-18,203496,1610612755,team_trb_all_players/impact_database/historical_transactions/basketball_reference_uniform/season_rows/2013-14.jsonl.gz,549,"{""season"": ""2013-14"", ""start_year"": 2013, ""page_title"": ""2013-14 NBA Transactions | Basketball-Reference.com"", ""section"": ""Other"", ""subsection"": ""February 6, 2014"", ""table_index"": null, ""table_classes"": [], ""row_index"": 548, ""cells"": [""February 6, 2014"", ""The Houston Rockets assigned Robert Covington to the  of the G-League.""], ""links"": [{""text"": ""Houston Rockets"", ""title"": null, ""href"": ""/teams/HOU/2014.html""}, {""text"": ""Robert Covington"", ""title"": null, ""href"": ""/players/c/covinro01.html""}], ""date_hint"": ""February 6"", ""exact_date"": ""February 6, 2014"", ""source"": ""Basketball-Reference via Internet Archive"", ""source_url"": ""https://web.archive.org/web/20221209194421id_/https://www.basketball-reference.com/leagues/NBA_2014_transactions.html""}"
2017-18,203496,1610612755,team_trb_all_players/impact_database/historical_transactions/basketball_reference_uniform/season_rows/2013-14.jsonl.gz,557,"{""season"": ""2013-14"", ""start_year"": 2013, ""page_title"": ""2013-14 NBA Transactions | Basketball-Reference.com"", ""section"": ""Other"", ""subsection"": ""February 8, 2014"", ""table_index"": null, ""table_classes"": [], ""row_index"": 556, ""cells"": [""February 8, 2014"", ""The Houston Rockets recalled Robert Covington from the  of the G-League.""], ""links"": [{""text"": ""Houston Rockets"", ""title"": null, ""href"": ""/teams/HOU/2014.html""}, {""text"": ""Robert Covington"", ""title"": null, ""href"": ""/players/c/covinro01.html""}], ""date_hint"": ""February 8"", ""exact_date"": ""February 8, 2014"", ""source"": ""Basketball-Reference via Internet Archive"", ""source_url"": ""https://web.archive.org/web/20221209194421id_/https://www.basketball-reference.com/leagues/NBA_2014_transactions.html""}"
2017-18,203496,1610612755,team_trb_all_players/impact_database/historical_transactions/basketball_reference_uniform/season_rows/2013-14.jsonl.gz,572,"{""season"": ""2013-14"", ""start_year"": 2013, ""page_title"": ""2013-14 NBA Transactions | Basketball-Reference.com"", ""section"": ""Other"", ""subsection"": ""February 13, 2014"", ""table_index"": null, ""table_classes"": [], ""row_index"": 571, ""cells"": [""February 13, 2014"", ""The Houston Rockets assigned Robert Covington to the  of the G-League.""], ""links"": [{""text"": ""Houston Rockets"", ""title"": null, ""href"": ""/teams/HOU/2014.html""}, {""text"": ""Robert Covington"", ""title"": null, ""href"": ""/players/c/covinro01.html""}], ""date_hint"": ""February 13"", ""exact_date"": ""February 13, 2014"", ""source"": ""Basketball-Reference via Internet Archive"", ""source_url"": ""https://web.archive.org/web/20221209194421id_/https://www.basketball-reference.com/leagues/NBA_2014_transactions.html""}"
2017-18,203496,1610612755,team_trb_all_players/impact_database/historical_transactions/basketball_reference_uniform/season_rows/2013-14.jsonl.gz,780,"{""season"": ""2013-14"", ""start_year"": 2013, ""page_title"": ""2013-14 NBA Transactions | Basketball-Reference.com"", ""section"": ""Other"", ""subsection"": ""April 9, 2014"", ""table_index"": null, ""table_classes"": [], ""row_index"": 779, ""cells"": [""April 9, 2014"", ""The Houston Rockets recalled Robert Covington from the  of the G-League.""], ""links"": [{""text"": ""Houston Rockets"", ""title"": null, ""href"": ""/teams/HOU/2014.html""}, {""text"": ""Robert Covington"", ""title"": null, ""href"": ""/players/c/covinro01.html""}], ""date_hint"": ""April 9"", ""exact_date"": ""April 9, 2014"", ""source"": ""Basketball-Reference via Internet Archive"", ""source_url"": ""https://web.archive.org/web/20221209194421id_/https://www.basketball-reference.com/leagues/NBA_2014_transactions.html""}"
2017-18,203496,1610612755,team_trb_all_players/impact_database/historical_transactions/basketball_reference_uniform/season_rows/2013-14.jsonl.gz,792,"{""season"": ""2013-14"", ""start_year"": 2013, ""page_title"": ""2013-14 NBA Transactions | Basketball-Reference.com"", ""section"": ""Other"", ""subsection"": ""April 12, 2014"", ""table_index"": null, ""table_classes"": [], ""row_index"": 791, ""cells"": [""April 12, 2014"", ""The Houston Rockets assigned Robert Covington to the  of the G-League.""], ""links"": [{""text"": ""Houston Rockets"", ""title"": null, ""href"": ""/teams/HOU/2014.html""}, {""text"": ""Robert Covington"", ""title"": null, ""href"": ""/players/c/covinro01.html""}], ""date_hint"": ""April 12"", ""exact_date"": ""April 12, 2014"", ""source"": ""Basketball-Reference via Internet Archive"", ""source_url"": ""https://web.archive.org/web/20221209194421id_/https://www.basketball-reference.com/leagues/NBA_2014_transactions.html""}"
2017-18,203496,1610612755,team_trb_all_players/impact_database/historical_transactions/basketball_reference_uniform/season_rows/2013-14.jsonl.gz,796,"{""season"": ""2013-14"", ""start_year"": 2013, ""page_title"": ""2013-14 NBA Transactions | Basketball-Reference.com"", ""section"": ""Other"", ""subsection"": ""April 13, 2014"", ""table_index"": null, ""table_classes"": [], ""row_index"": 795, ""cells"": [""April 13, 2014"", ""The Houston Rockets recalled Robert Covington from the  of the G-League.""], ""links"": [{""text"": ""Houston Rockets"", ""title"": null, ""href"": ""/teams/HOU/2014.html""}, {""text"": ""Robert Covington"", ""title"": null, ""href"": ""/players/c/covinro01.html""}], ""date_hint"": ""April 13"", ""exact_date"": ""April 13, 2014"", ""source"": ""Basketball-Reference via Internet Archive"", ""source_url"": ""https://web.archive.org/web/20221209194421id_/https://www.basketball-reference.com/leagues/NBA_2014_transactions.html""}"
2017-18,203496,1610612755,team_trb_all_players/impact_database/historical_transactions/basketball_reference_uniform/season_rows/2013-14.jsonl.gz,801,"{""season"": ""2013-14"", ""start_year"": 2013, ""page_title"": ""2013-14 NBA Transactions | Basketball-Reference.com"", ""section"": ""Other"", ""subsection"": ""April 14, 2014"", ""table_index"": null, ""table_classes"": [], ""row_index"": 800, ""cells"": [""April 14, 2014"", ""The Houston Rockets assigned Robert Covington to the  of the G-League.""], ""links"": [{""text"": ""Houston Rockets"", ""title"": null, ""href"": ""/teams/HOU/2014.html""}, {""text"": ""Robert Covington"", ""title"": null, ""href"": ""/players/c/covinro01.html""}], ""date_hint"": ""April 14"", ""exact_date"": ""April 14, 2014"", ""source"": ""Basketball-Reference via Internet Archive"", ""source_url"": ""https://web.archive.org/web/20221209194421id_/https://www.basketball-reference.com/leagues/NBA_2014_transactions.html""}"
2017-18,203496,1610612755,team_trb_all_players/impact_database/historical_transactions/basketball_reference_uniform/season_rows/2013-14.jsonl.gz,811,"{""season"": ""2013-14"", ""start_year"": 2013, ""page_title"": ""2013-14 NBA Transactions | Basketball-Reference.com"", ""section"": ""Other"", ""subsection"": ""April 15, 2014"", ""table_index"": null, ""table_classes"": [], ""row_index"": 810, ""cells"": [""April 15, 2014"", ""The Houston Rockets recalled Robert Covington from the  of the G-League.""], ""links"": [{""text"": ""Houston Rockets"", ""title"": null, ""href"": ""/teams/HOU/2014.html""}, {""text"": ""Robert Covington"", ""title"": null, ""href"": ""/players/c/covinro01.html""}], ""date_hint"": ""April 15"", ""exact_date"": ""April 15, 2014"", ""source"": ""Basketball-Reference via Internet Archive"", ""source_url"": ""https://web.archive.org/web/20221209194421id_/https://www.basketball-reference.com/leagues/NBA_2014_transactions.html""}"
2017-18,203496,1610612755,team_trb_all_players/impact_database/historical_transactions/basketball_reference_uniform/season_rows/2013-14.jsonl.gz,818,"{""season"": ""2013-14"", ""start_year"": 2013, ""page_title"": ""2013-14 NBA Transactions | Basketball-Reference.com"", ""section"": ""Other"", ""subsection"": ""April 17, 2014"", ""table_index"": null, ""table_classes"": [], ""row_index"": 817, ""cells"": [""April 17, 2014"", ""The Houston Rockets assigned Robert Covington to the  of the G-League.""], ""links"": [{""text"": ""Houston Rockets"", ""title"": null, ""href"": ""/teams/HOU/2014.html""}, {""text"": ""Robert Covington"", ""title"": null, ""href"": ""/players/c/covinro01.html""}], ""date_hint"": ""April 17"", ""exact_date"": ""April 17, 2014"", ""source"": ""Basketball-Reference via Internet Archive"", ""source_url"": ""https://web.archive.org/web/20221209194421id_/https://www.basketball-reference.com/leagues/NBA_2014_transactions.html""}"
2017-18,203496,1610612755,team_trb_all_players/impact_database/historical_transactions/basketball_reference_uniform/season_rows/2013-14.jsonl.gz,825,"{""season"": ""2013-14"", ""start_year"": 2013, ""page_title"": ""2013-14 NBA Transactions | Basketball-Reference.com"", ""section"": ""Other"", ""subsection"": ""April 22, 2014"", ""table_index"": null, ""table_classes"": [], ""row_index"": 824, ""cells"": [""April 22, 2014"", ""The Houston Rockets recalled Robert Covington from the  of the G-League.""], ""links"": [{""text"": ""Houston Rockets"", ""title"": null, ""href"": ""/teams/HOU/2014.html""}, {""text"": ""Robert Covington"", ""title"": null, ""href"": ""/players/c/covinro01.html""}], ""date_hint"": ""April 22"", ""exact_date"": ""April 22, 2014"", ""source"": ""Basketball-Reference via Internet Archive"", ""source_url"": ""https://web.archive.org/web/20221209194421id_/https://www.basketball-reference.com/leagues/NBA_2014_transactions.html""}"
2017-18,203496,1610612755,team_trb_all_players/impact_database/historical_transactions/basketball_reference_uniform/raw_pages/2014-15.html.gz,715,"<li><span>July 2, 2014</span><p>The <a data-attr-to=""BRK"" href=""/teams/BRK/2015.html"">Brooklyn Nets</a> hired <a href=""/coaches/hollili01c.html"">Lionel Hollins</a> as Head Coach.</p><p>The <a data-attr-from=""ORL"" href=""/teams/ORL/2015.html"">Orlando Magic</a> waived <a href=""/players/p/pricero01.html"">Ronnie Price</a>.</p><p>The <a data-attr-to=""ORL"" href=""/teams/ORL/2015.html"">Orlando Magic</a> signed <a href=""/players/p/paytoel01.html"">Elfrid Payton</a> to a multi-year contract.</p><p>The <a data-attr-to=""IND"" href=""/teams/IND/2015.html"">Indiana Pacers</a> signed <a href=""/players/w/whittsh01.html"">Shayne Whittington</a> to a multi-year contract.</p><p>The <a data-attr-to=""ORL"" href=""/teams/ORL/2015.html"">Orlando Magic</a> signed <a href=""/players/g/gordoaa01.html"">Aaron Gordon</a> to a multi-year contract.</p></li><li><span>July 3, 2014</span><p>The <a data-attr-to=""OKC"" href=""/teams/OKC/2015.html"">Oklahoma City Thunder</a> signed <a href=""/players/m/mcgarmi01.html"">Mitch McGary</a> to a multi-year contract.</p></li><li><span>July 4, 2014</span><p>The <a data-attr-from=""ORL"" href=""/teams/ORL/2015.html"">Orlando Magic</a> waived <a href=""/players/m/maxieja01.html"">Jason Maxiell</a>.</p></li><li><span>July 5, 2014</span><p>The <a data-attr-to=""BOS"" href=""/teams/BOS/2015.html"">Boston Celtics</a> signed <a href=""/players/s/smartma01.html"">Marcus Smart</a> to a multi-year contract.</p></li><li><span>July 6, 2014</span><p>The <a data-attr-to=""MEM"" href=""/teams/MEM/2015.html"">Memphis Grizzlies</a> signed <a href=""/players/a/adamsjo01.html"">Jordan Adams</a> to a multi-year contract.</p></li><li><span>July 7, 2014</span><p>The <a data-attr-to=""MEM"" href=""/teams/MEM/2015.html"">Memphis Grizzlies</a> signed <a href=""/players/r/randoza01.html"">Zach Randolph</a> to a contract extension.</p><p>The <a data-attr-to=""MIN"" href=""/teams/MIN/2015.html"">Minnesota Timberwolves</a> signed <a href=""/players/l/lavinza01.html"">Zach LaVine</a> to a multi-year contract.</p><p>The <a data-attr-to=""SAS"" href=""/teams/SAS/2015.html"">San Antonio Spurs</a> signed <a href=""/players/c/cottobr01.html"">Bryce Cotton</a> to a multi-year contract.</p><p>The <a data-attr-from=""TOR"" href=""/teams/TOR/2015.html"">Toronto Raptors</a> waived <a href=""/players/s/stoneju01.html"">Julyan Stone</a>.</p></li><li><span>July 8, 2014</span><p>The <a data-attr-to=""SAC"" href=""/teams/SAC/2015.html"">Sacramento Kings</a> signed <a href=""/players/s/stausni01.html"">Nik Stauskas</a> to a multi-year contract.</p><p>The <a data-attr-to=""MIL"" href=""/teams/MIL/2015.html"">Milwaukee Bucks</a> signed <a href=""/players/p/parkeja01.html"">Jabari Parker</a> to a multi-year contract.</p><p>The <a data-attr-to=""DEN"" href=""/teams/DEN/2015.html"">Denver Nuggets</a> signed <a href=""/players/h/harriga01.html"">Gary Harris</a> to a multi-year contract.</p><p>The <a data-attr-to=""TOR"" href=""/teams/TOR/2015.html"">Toronto Raptors</a> signed <a href=""/players/c/cabocbr01.html"">Bruno Caboclo</a> to a multi-year contract.</p></li><li><span>July 9, 2014</span><p>The <a data-attr-to=""TOR"" href=""/teams/TOR/2015.html"">Toronto Raptors</a> re-signed <a href=""/players/l/lowryky01.html"">Kyle Lowry</a>.</p></li><li><span>July 10, 2014</span><p>The <a data-attr-to=""ATL"" href=""/teams/ATL/2015.html"">Atlanta Hawks</a> signed <a href=""/players/s/sefolth01.html"">Thabo Sefolosha</a> to a multi-year contract.</p><p>The <a data-attr-to=""CLE"" href=""/teams/CLE/2015.html"">Cleveland Cavaliers</a> signed <a href=""/players/i/irvinky01.html"">Kyrie Irving</a> to a contract extension.</p><p>In a 3-team trade, the <a data-attr-from=""BRK"" href=""/teams/BRK/2015.html"">Brooklyn Nets</a> traded <a href=""/players/t/thornma01.html"">Marcus Thornton</a> to the <a data-attr-to=""BOS"" href=""/teams/BOS/2015.html"">Boston Celtics</a>; the <a data-attr-from=""BRK"" href=""/teams/BRK/2015.html"">Brooklyn Nets</a> traded <a href=""/players/b/bavcied01.html"">Edin Bavčić</a> and <a href=""/players/k/karamil01.html"">İlkan Karaman</a> to the <a data-attr-to=""CLE"" href=""/"
2017-18,203496,1610612755,team_trb_all_players/impact_database/historical_transactions/basketball_reference_uniform/raw_pages/2013-14.html.gz,715,"<li><span>July 3, 2013</span><p>The <a data-attr-to=""IND"" href=""/teams/IND/2014.html"">Indiana Pacers</a> signed <a href=""/players/s/sloando01.html"">Donald Sloan</a> as a free agent.</p><p>The <a data-attr-to=""BOS"" href=""/teams/BOS/2014.html"">Boston Celtics</a> hired <a href=""/coaches/stevebr99c.html"">Brad Stevens</a> as Head Coach.</p></li><li><span>July 6, 2013</span><p>The <a data-attr-to=""UTA"" href=""/teams/UTA/2014.html"">Utah Jazz</a> signed <a href=""/players/b/burketr01.html"">Trey Burke</a>.</p><p>The <a data-attr-to=""UTA"" href=""/teams/UTA/2014.html"">Utah Jazz</a> signed <a href=""/players/g/goberru01.html"">Rudy Gobert</a>.</p></li><li><span>July 7, 2013</span><p>The <a data-attr-from=""MIN"" href=""/teams/MIN/2014.html"">Minnesota Timberwolves</a> waived <a href=""/players/g/gelabmi01.html"">Mickaël Gelabale</a>.</p><p>The <a data-attr-from=""MIN"" href=""/teams/MIN/2014.html"">Minnesota Timberwolves</a> waived <a href=""/players/s/stiemgr01.html"">Greg Stiemsma</a>.</p><p>The <a data-attr-to=""BOS"" href=""/teams/BOS/2014.html"">Boston Celtics</a> signed <a href=""/players/o/olynyke01.html"">Kelly Olynyk</a>.</p></li><li><span>July 8, 2013</span><p>The <a data-attr-to=""OKC"" href=""/teams/OKC/2014.html"">Oklahoma City Thunder</a> signed <a href=""/players/r/roberan03.html"">Andre Roberson</a>.</p><p>The <a data-attr-to=""LAC"" href=""/teams/LAC/2014.html"">Los Angeles Clippers</a> signed <a href=""/players/b/bullore01.html"">Reggie Bullock</a>.</p><p>The <a data-attr-to=""NYK"" href=""/teams/NYK/2014.html"">New York Knicks</a> signed <a href=""/players/h/hardati02.html"">Tim Hardaway Jr.</a>.</p><p>The <a data-attr-to=""NYK"" href=""/teams/NYK/2014.html"">New York Knicks</a> signed <a href=""/players/l/leslicj01.html"">C.J. Leslie</a>.</p><p>The <a data-attr-to=""WAS"" href=""/teams/WAS/2014.html"">Washington Wizards</a> signed <a href=""/players/p/porteot01.html"">Otto Porter</a>.</p><p>The <a data-attr-to=""WAS"" href=""/teams/WAS/2014.html"">Washington Wizards</a> signed <a href=""/players/r/ricegl02.html"">Glen Rice Jr.</a>.</p></li><li><span>July 9, 2013</span><p>The <a data-attr-from=""LAC"" href=""/teams/LAC/2014.html"">Los Angeles Clippers</a> waived <a href=""/players/s/summeda01.html"">DaJuan Summers</a>.</p></li><li><span>July 10, 2013</span><p>The <a data-attr-to=""WAS"" href=""/teams/WAS/2014.html"">Washington Wizards</a> signed <a href=""/players/m/maynoer01.html"">Eric Maynor</a> as a free agent.</p><p>The <a data-attr-from=""NYK"" href=""/teams/NYK/2014.html"">New York Knicks</a> traded <a href=""/players/c/cambyma01.html"">Marcus Camby</a>, <a href=""/players/n/novakst01.html"">Steve Novak</a>, <a href=""/players/r/richaqu01.html"">Quentin Richardson</a>, a 2014 2nd round draft pick (<a href=""/players/t/thamexa01.html"">Xavier Thames</a> was later selected), a 2016 1st round draft pick (<a href=""/players/p/poeltja01.html"">Jakob Pöltl</a> was later selected) and a 2017 2nd round draft pick (<a href=""/players/b/boldejo01.html"">Jonah Bolden</a> was later selected) to the <a data-attr-to=""TOR"" href=""/teams/TOR/2014.html"">Toronto Raptors</a> for <a href=""/players/b/bargnan01.html"">Andrea Bargnani</a>.</p><p>The <a data-attr-to=""POR"" href=""/teams/POR/2014.html"">Portland Trail Blazers</a> signed <a href=""/players/w/wrighdo01.html"">Dorell Wright</a> as a free agent.</p><p>The <a data-attr-to=""NOP"" href=""/teams/NOP/2014.html"">New Orleans Pelicans</a> signed <a href=""/players/s/stiemgr01.html"">Greg Stiemsma</a> as a free agent.</p><p>The <a data-attr-from=""NOP"" href=""/teams/NOP/2014.html"">New Orleans Pelicans</a> waived <a href=""/players/t/thomala01.html"">Lance Thomas</a>.</p><p>In a 3-team trade, the <a data-attr-from=""LAC"" href=""/teams/LAC/2014.html"">Los Angeles Clippers</a> traded a 2016 2nd round draft pick (<a href=""/players/p/paigema01.html"">Marcus Paige</a> was later selected) to the <a data-attr-to=""MIL"" href=""/teams/MIL/2014.html"">Milwaukee Bucks</a>; the <a data-attr-from=""LAC"" href=""/teams/LAC/2014.html"">Los Angeles Clippers</a> traded <a href=""/players/b/bledser01.html"">Eric Bl"
2019-20,1628408,1610612743,team_trb_all_players/impact_database/roster_tenure/normalized_transactions.jsonl.gz,6917,"{""exact_date"": ""2017-10-14"", ""season"": ""2017-18"", ""event_type"": ""depart"", ""player_id"": ""1628408"", ""player_name"": ""P.J. Dozier"", ""source_player_ref"": ""pj-dozier"", ""source_team_id"": 1610612742, ""destination_team_id"": null, ""source_team_name"": null, ""destination_team_name"": null, ""source_system"": ""Official NBA Player Movement feed"", ""source_reference"": ""https://stats.nba.com/js/data/playermovement/NBA_Player_Movement.json#row-7845"", ""identity_resolution"": ""official_nba_player_id"", ""team_resolution"": ""official_team_id"", ""raw_text"": ""Dallas Mavericks waived guard PJ Dozier."", ""confidence"": ""high""}"
2019-20,1628408,1610612743,team_trb_all_players/impact_database/roster_tenure/normalized_transactions.jsonl.gz,6986,"{""exact_date"": ""2017-10-17"", ""season"": ""2017-18"", ""event_type"": ""acquire"", ""player_id"": ""1628408"", ""player_name"": ""P.J. Dozier"", ""source_player_ref"": ""pj-dozier"", ""source_team_id"": null, ""destination_team_id"": 1610612760, ""source_team_name"": null, ""destination_team_name"": null, ""source_system"": ""Official NBA Player Movement feed"", ""source_reference"": ""https://stats.nba.com/js/data/playermovement/NBA_Player_Movement.json#row-7810"", ""identity_resolution"": ""official_nba_player_id"", ""team_resolution"": ""official_team_id"", ""raw_text"": ""Oklahoma City Thunder signed guard PJ Dozier to a Two-Way Contract."", ""confidence"": ""high""}"
2019-20,1628408,1610612743,team_trb_all_players/impact_database/roster_tenure/normalized_transactions.jsonl.gz,7588,"{""exact_date"": ""2018-08-20"", ""season"": ""2018-19"", ""event_type"": ""acquire"", ""player_id"": ""1628408"", ""player_name"": ""P.J. Dozier"", ""source_player_ref"": ""pj-dozier"", ""source_team_id"": null, ""destination_team_id"": 1610612738, ""source_team_name"": null, ""destination_team_name"": null, ""source_system"": ""Official NBA Player Movement feed"", ""source_reference"": ""https://stats.nba.com/js/data/playermovement/NBA_Player_Movement.json#row-7238"", ""identity_resolution"": ""official_nba_player_id"", ""team_resolution"": ""official_team_id"", ""raw_text"": ""Boston Celtics signed guard PJ Dozier to a Two-Way Contract."", ""confidence"": ""high""}"
2019-20,1628408,1610612743,team_trb_all_players/impact_database/roster_tenure/normalized_transactions.jsonl.gz,8923,"{""exact_date"": ""2020-06-30"", ""season"": ""2019-20"", ""event_type"": ""acquire"", ""player_id"": ""1628408"", ""player_name"": ""P.J. Dozier"", ""source_player_ref"": ""pj-dozier"", ""source_team_id"": null, ""destination_team_id"": 1610612743, ""source_team_name"": null, ""destination_team_name"": null, ""source_system"": ""Official NBA Player Movement feed"", ""source_reference"": ""https://stats.nba.com/js/data/playermovement/NBA_Player_Movement.json#row-5890"", ""identity_resolution"": ""official_nba_player_id"", ""team_resolution"": ""official_team_id"", ""raw_text"": ""Denver Nuggets re-signed guard PJ Dozier to a Rest-of-Season Contract."", ""confidence"": ""high""}"
2019-20,1628408,1610612743,team_trb_all_players/impact_database/roster_tenure/normalized_transactions.jsonl.gz,10637,"{""exact_date"": ""2022-01-19"", ""season"": ""2021-22"", ""event_type"": ""trade"", ""player_id"": ""1628408"", ""player_name"": ""P.J. Dozier"", ""source_player_ref"": ""pj-dozier"", ""source_team_id"": 1610612743, ""destination_team_id"": 1610612738, ""source_team_name"": null, ""destination_team_name"": null, ""source_system"": ""Official NBA Player Movement feed"", ""source_reference"": ""https://stats.nba.com/js/data/playermovement/NBA_Player_Movement.json#row-4278"", ""identity_resolution"": ""official_nba_player_id"", ""team_resolution"": ""official_team_id"", ""raw_text"": ""Boston Celtics received guard PJ Dozier from Denver Nuggets."", ""confidence"": ""high""}"
2019-20,1628408,1610612743,team_trb_all_players/impact_database/roster_tenure/normalized_transactions.jsonl.gz,10715,"{""exact_date"": ""2022-02-10"", ""season"": ""2021-22"", ""event_type"": ""depart"", ""player_id"": ""1628408"", ""player_name"": ""P.J. Dozier"", ""source_player_ref"": ""pj-dozier"", ""source_team_id"": 1610612753, ""destination_team_id"": null, ""source_team_name"": null, ""destination_team_name"": null, ""source_system"": ""Official NBA Player Movement feed"", ""source_reference"": ""https://stats.nba.com/js/data/playermovement/NBA_Player_Movement.json#row-4219"", ""identity_resolution"": ""official_nba_player_id"", ""team_resolution"": ""official_team_id"", ""raw_text"": ""Orlando Magic waived guard PJ Dozier."", ""confidence"": ""high""}"
2019-20,1628408,1610612743,team_trb_all_players/impact_database/roster_tenure/normalized_transactions.jsonl.gz,10716,"{""exact_date"": ""2022-02-10"", ""season"": ""2021-22"", ""event_type"": ""trade"", ""player_id"": ""1628408"", ""player_name"": ""P.J. Dozier"", ""source_player_ref"": ""pj-dozier"", ""source_team_id"": 1610612738, ""destination_team_id"": 1610612753, ""source_team_name"": null, ""destination_team_name"": null, ""source_system"": ""Official NBA Player Movement feed"", ""source_reference"": ""https://stats.nba.com/js/data/playermovement/NBA_Player_Movement.json#row-4173"", ""identity_resolution"": ""official_nba_player_id"", ""team_resolution"": ""official_team_id"", ""raw_text"": ""Orlando Magic received guard PJ Dozier from Boston Celtics."", ""confidence"": ""high""}"
2019-20,1628408,1610612743,team_trb_all_players/impact_database/roster_tenure/normalized_transactions.jsonl.gz,11341,"{""exact_date"": ""2022-10-14"", ""season"": ""2022-23"", ""event_type"": ""depart"", ""player_id"": ""1628408"", ""player_name"": ""P.J. Dozier"", ""source_player_ref"": ""pj-dozier"", ""source_team_id"": 1610612750, ""destination_team_id"": null, ""source_team_name"": null, ""destination_team_name"": null, ""source_system"": ""Official NBA Player Movement feed"", ""source_reference"": ""https://stats.nba.com/js/data/playermovement/NBA_Player_Movement.json#row-3588"", ""identity_resolution"": ""official_nba_player_id"", ""team_resolution"": ""official_team_id"", ""raw_text"": ""Minnesota Timberwolves waived guard PJ Dozier."", ""confidence"": ""high""}"
2019-20,1628408,1610612743,team_trb_all_players/impact_database/roster_tenure/normalized_transactions.jsonl.gz,11504,"{""exact_date"": ""2023-01-09"", ""season"": ""2022-23"", ""event_type"": ""acquire"", ""player_id"": ""1628408"", ""player_name"": ""P.J. Dozier"", ""source_player_ref"": ""pj-dozier"", ""source_team_id"": null, ""destination_team_id"": 1610612758, ""source_team_name"": null, ""destination_team_name"": null, ""source_system"": ""Official NBA Player Movement feed"", ""source_reference"": ""https://stats.nba.com/js/data/playermovement/NBA_Player_Movement.json#row-3417"", ""identity_resolution"": ""official_nba_player_id"", ""team_resolution"": ""official_team_id"", ""raw_text"": ""Sacramento Kings signed guard PJ Dozier to a 10-Day Contract."", ""confidence"": ""high""}"
2019-20,1628408,1610612743,team_trb_all_players/impact_database/roster_tenure/normalized_transactions.jsonl.gz,11516,"{""exact_date"": ""2023-01-18"", ""season"": ""2022-23"", ""event_type"": ""depart"", ""player_id"": ""1628408"", ""player_name"": ""P.J. Dozier"", ""source_player_ref"": ""pj-dozier"", ""source_team_id"": 1610612758, ""destination_team_id"": null, ""source_team_name"": null, ""destination_team_name"": null, ""source_system"": ""Official NBA Player Movement feed"", ""source_reference"": ""https://stats.nba.com/js/data/playermovement/NBA_Player_Movement.json#row-3417#derived-10day-expiry"", ""identity_resolution"": ""official_nba_player_id"", ""team_resolution"": ""official_team_id+deterministic_10day_expiry;v11_inclusive_10day_endpoint"", ""raw_text"": ""Derived natural expiration of 10-Day Contract signed 2023-01-09; endpoint is 10 calendar days after signing or the third scheduled regular-season game, whichever is later."", ""confidence"": ""high"", ""derived_boundary_type"": ""10_day_contract_natural_expiry"", ""derived_from_signing_date"": ""2023-01-09"", ""v11_corrected_10day_endpoint"": true}"
2019-20,1628408,1610612743,team_trb_all_players/impact_database/roster_tenure/normalized_transactions.jsonl.gz,11517,"{""exact_date"": ""2023-01-19"", ""season"": ""2022-23"", ""event_type"": ""acquire"", ""player_id"": ""1628408"", ""player_name"": ""P.J. Dozier"", ""source_player_ref"": ""pj-dozier"", ""source_team_id"": null, ""destination_team_id"": 1610612758, ""source_team_name"": null, ""destination_team_name"": null, ""source_system"": ""Official NBA Player Movement feed"", ""source_reference"": ""https://stats.nba.com/js/data/playermovement/NBA_Player_Movement.json#row-3408"", ""identity_resolution"": ""official_nba_player_id"", ""team_resolution"": ""official_team_id"", ""raw_text"": ""Sacramento Kings signed guard PJ Dozier to a 10-Day Contract."", ""confidence"": ""high""}"
2019-20,1628408,1610612743,team_trb_all_players/impact_database/roster_tenure/normalized_transactions.jsonl.gz,11525,"{""exact_date"": ""2023-01-28"", ""season"": ""2022-23"", ""event_type"": ""depart"", ""player_id"": ""1628408"", ""player_name"": ""P.J. Dozier"", ""source_player_ref"": ""pj-dozier"", ""source_team_id"": 1610612758, ""destination_team_id"": null, ""source_team_name"": null, ""destination_team_name"": null, ""source_system"": ""Official NBA Player Movement feed"", ""source_reference"": ""https://stats.nba.com/js/data/playermovement/NBA_Player_Movement.json#row-3408#derived-10day-expiry"", ""identity_resolution"": ""official_nba_player_id"", ""team_resolution"": ""official_team_id+deterministic_10day_expiry;v11_inclusive_10day_endpoint"", ""raw_text"": ""Derived natural expiration of 10-Day Contract signed 2023-01-19; endpoint is 10 calendar days after signing or the third scheduled regular-season game, whichever is later."", ""confidence"": ""high"", ""derived_boundary_type"": ""10_day_contract_natural_expiry"", ""derived_from_signing_date"": ""2023-01-19"", ""v11_corrected_10day_endpoint"": true}"
2019-20,1628408,1610612743,team_trb_all_players/impact_database/roster_tenure/normalized_transactions.jsonl.gz,11653,"{""exact_date"": ""2023-02-25"", ""season"": ""2022-23"", ""event_type"": ""acquire"", ""player_id"": ""1628408"", ""player_name"": ""P.J. Dozier"", ""source_player_ref"": ""pj-dozier"", ""source_team_id"": null, ""destination_team_id"": 1610612758, ""source_team_name"": null, ""destination_team_name"": null, ""source_system"": ""Official NBA Player Movement feed"", ""source_reference"": ""https://stats.nba.com/js/data/playermovement/NBA_Player_Movement.json#row-3254"", ""identity_resolution"": ""official_nba_player_id"", ""team_resolution"": ""official_team_id"", ""raw_text"": ""Sacramento Kings signed guard PJ Dozier to a Rest-of-Season Contract."", ""confidence"": ""high""}"
2019-20,1628408,1610612743,team_trb_all_players/impact_database/roster_tenure/normalized_transactions.jsonl.gz,11922,"{""exact_date"": ""2023-07-08"", ""season"": ""2023-24"", ""event_type"": ""depart"", ""player_id"": ""1628408"", ""player_name"": ""P.J. Dozier"", ""source_player_ref"": ""pj-dozier"", ""source_team_id"": 1610612758, ""destination_team_id"": null, ""source_team_name"": null, ""destination_team_name"": null, ""source_system"": ""Official NBA Player Movement feed"", ""source_reference"": ""https://stats.nba.com/js/data/playermovement/NBA_Player_Movement.json#row-2991"", ""identity_resolution"": ""official_nba_player_id"", ""team_resolution"": ""official_team_id"", ""raw_text"": ""Sacramento Kings waived guard PJ Dozier."", ""confidence"": ""high""}"
2019-20,1628408,1610612743,team_trb_all_players/impact_database/roster_tenure/normalized_transactions.jsonl.gz,13127,"{""exact_date"": ""2024-07-15"", ""season"": ""2024-25"", ""event_type"": ""acquire"", ""player_id"": ""1628408"", ""player_name"": ""P.J. Dozier"", ""source_player_ref"": ""pj-dozier"", ""source_team_id"": null, ""destination_team_id"": 1610612750, ""source_team_name"": null, ""destination_team_name"": null, ""source_system"": ""Official NBA Player Movement feed"", ""source_reference"": ""https://stats.nba.com/js/data/playermovement/NBA_Player_Movement.json#row-1967"", ""identity_resolution"": ""official_nba_player_id"", ""team_resolution"": ""official_team_id"", ""raw_text"": ""Minnesota Timberwolves signed guard PJ Dozier to a Contract."", ""confidence"": ""high""}"
2019-20,1628408,1610612743,team_trb_all_players/impact_database/roster_tenure/normalized_transactions.jsonl.gz,13679,"{""exact_date"": ""2024-12-28"", ""season"": ""2024-25"", ""event_type"": ""depart"", ""player_id"": ""1628408"", ""player_name"": ""P.J. Dozier"", ""source_player_ref"": ""pj-dozier"", ""source_team_id"": 1610612750, ""destination_team_id"": null, ""source_team_name"": null, ""destination_team_name"": null, ""source_system"": ""Official NBA Player Movement feed"", ""source_reference"": ""https://stats.nba.com/js/data/playermovement/NBA_Player_Movement.json#row-1556"", ""identity_resolution"": ""official_nba_player_id"", ""team_resolution"": ""official_team_id"", ""raw_text"": ""Minnesota Timberwolves waived guard PJ Dozier."", ""confidence"": ""high""}"
2019-20,1628408,1610612743,team_trb_all_players/impact_database/roster_tenure/normalized_transactions.jsonl.gz,18972,"{""exact_date"": ""June 26, 2008"", ""season"": ""2007-08"", ""event_type"": ""trade"", ""player_id"": ""201616"", ""player_name"": ""Darnell Jackson"", ""source_player_ref"": ""/players/j/jacksda01.html"", ""source_team_id"": 1610612748, ""destination_team_id"": 1610612739, ""source_team_name"": ""Miami Heat"", ""destination_team_name"": ""Cleveland Cavaliers"", ""source_system"": ""Basketball-Reference via Internet Archive"", ""source_reference"": ""https://web.archive.org/web/20221209193646id_/https://www.basketball-reference.com/leagues/NBA_2008_transactions.html#row-356"", ""identity_resolution"": ""unique_core_name"", ""team_resolution"": ""source=unique_alias;destination=unique_alias"", ""raw_text"": ""The Cleveland Cavaliers traded a 2009 2nd round draft pick (Robert Dozier was later selected) to the Miami Heat for Darnell Jackson ."", ""confidence"": ""high""}"
2019-20,1628408,1610612743,team_trb_all_players/impact_database/historical_transactions/wikipedia_transaction_rows.jsonl.gz,5628,"{""season"": ""2012-13"", ""start_year"": 2012, ""page_title"": ""List of 2012–13 NBA season transactions"", ""section"": ""Player movement"", ""subsection"": ""Training camp cuts"", ""table_index"": 8, ""table_classes"": [""wikitable""], ""row_index"": 7, ""cells"": [""Rodney Carney Robert Dozier Mickell Gladness Garrett Temple Jarvis Varnado"", ""Mustapha Farrakhan, Jr. Eddie Gill Orien Greene Alando Tucker"", ""Chris Johnson Mike Harris Phil Jones Seth Tarver Jermaine Taylor"", ""Solomon Alabi Dominique Morrison Chris Wright"", ""Oscar Bellfield John Shurna Henry Sims Chris Smith Mychel Thompson""], ""links"": [{""text"": ""Rodney Carney"", ""title"": ""Rodney Carney"", ""href"": ""/wiki/Rodney_Carney""}, {""text"": ""Robert Dozier"", ""title"": ""Robert Dozier"", ""href"": ""/wiki/Robert_Dozier""}, {""text"": ""Mickell Gladness"", ""title"": ""Mickell Gladness"", ""href"": ""/wiki/Mickell_Gladness""}, {""text"": ""Garrett Temple"", ""title"": ""Garrett Temple"", ""href"": ""/wiki/Garrett_Temple""}, {""text"": ""Jarvis Varnado"", ""title"": ""Jarvis Varnado"", ""href"": ""/wiki/Jarvis_Varnado""}, {""text"": ""Mustapha Farrakhan, Jr."", ""title"": ""Mustapha Farrakhan, Jr."", ""href"": ""/wiki/Mustapha_Farrakhan,_Jr.""}, {""text"": ""Eddie Gill"", ""title"": ""Eddie Gill"", ""href"": ""/wiki/Eddie_Gill""}, {""text"": ""Orien Greene"", ""title"": ""Orien Greene"", ""href"": ""/wiki/Orien_Greene""}, {""text"": ""Alando Tucker"", ""title"": ""Alando Tucker"", ""href"": ""/wiki/Alando_Tucker""}, {""text"": ""Chris Johnson"", ""title"": ""Chris Johnson (basketball, born 1985)"", ""href"": ""/wiki/Chris_Johnson_(basketball,_born_1985)""}, {""text"": ""Mike Harris"", ""title"": ""Mike Harris (basketball)"", ""href"": ""/wiki/Mike_Harris_(basketball)""}, {""text"": ""Phil Jones"", ""title"": ""Phil Jones (basketball)"", ""href"": ""/wiki/Phil_Jones_(basketball)""}, {""text"": ""Seth Tarver"", ""title"": ""Seth Tarver"", ""href"": ""/wiki/Seth_Tarver""}, {""text"": ""Jermaine Taylor"", ""title"": ""Jermaine Taylor (basketball)"", ""href"": ""/wiki/Jermaine_Taylor_(basketball)""}, {""text"": ""Solomon Alabi"", ""title"": ""Solomon Alabi"", ""href"": ""/wiki/Solomon_Alabi""}, {""text"": ""Dominique Morrison"", ""title"": ""Dominique Morrison"", ""href"": ""/wiki/Dominique_Morrison""}, {""text"": ""Chris Wright"", ""title"": ""Chris Wright (basketball, born 1989)"", ""href"": ""/wiki/Chris_Wright_(basketball,_born_1989)""}, {""text"": ""Oscar Bellfield"", ""title"": ""Oscar Bellfield"", ""href"": ""/wiki/Oscar_Bellfield""}, {""text"": ""John Shurna"", ""title"": ""John Shurna"", ""href"": ""/wiki/John_Shurna""}, {""text"": ""Henry Sims"", ""title"": ""Henry Sims"", ""href"": ""/wiki/Henry_Sims""}, {""text"": ""Chris Smith"", ""title"": ""Chris Smith (basketball, born 1987)"", ""href"": ""/wiki/Chris_Smith_(basketball,_born_1987)""}, {""text"": ""Mychel Thompson"", ""title"": ""Mychel Thompson"", ""href"": ""/wiki/Mychel_Thompson""}], ""date_hint"": null}"
2019-20,1628408,1610612743,team_trb_all_players/impact_database/historical_transactions/wikipedia_transaction_rows.jsonl.gz,5816,"{""season"": ""2012-13"", ""start_year"": 2012, ""page_title"": ""List of 2012–13 NBA season transactions"", ""section"": ""Draft"", ""subsection"": ""Previous years' draftees"", ""table_index"": 15, ""table_classes"": [""wikitable"", ""sortable""], ""row_index"": 4, ""cells"": [""2009"", ""60"", ""Robert Dozier"", ""September 27"", ""Miami Heat"", ""Cholet Basket ( France )"", """"], ""links"": [{""text"": ""2009"", ""title"": ""2009 NBA draft"", ""href"": ""/wiki/2009_NBA_draft""}, {""text"": ""Robert Dozier"", ""title"": ""Robert Dozier"", ""href"": ""/wiki/Robert_Dozier""}, {""text"": ""Miami Heat"", ""title"": ""Miami Heat"", ""href"": ""/wiki/Miami_Heat""}, {""text"": ""Cholet Basket"", ""title"": ""Cholet Basket"", ""href"": ""/wiki/Cholet_Basket""}, {""text"": ""France"", ""title"": ""LNB Pro A"", ""href"": ""/wiki/LNB_Pro_A""}], ""date_hint"": null}"
2019-20,1628408,1610612743,team_trb_all_players/impact_database/roster_tenure/realgm_transactions_resilient/2024-25.txt.gz,1677,"*   [P.J. Dozier](https://basketball.realgm.com/player/PJ-Dozier/Summary/54841), previously with the [Minnesota Timberwolves](https://basketball.realgm.com/nba/teams/Minnesota-Timberwolves/17/home), became a free agent."
2019-20,1628408,1610612743,team_trb_all_players/impact_database/roster_tenure/realgm_transactions_resilient/2024-25.txt.gz,1702,*    The [Minnesota Timberwolves](https://basketball.realgm.com/nba/teams/Minnesota-Timberwolves/17/home) placed the contract of [P.J. Dozier](https://basketball.realgm.com/player/PJ-Dozier/Summary/54841) on waivers.
2019-20,1628408,1610612743,team_trb_all_players/impact_database/roster_tenure/realgm_transactions_resilient/2024-25.txt.gz,3535,*   [P.J. Dozier](https://basketball.realgm.com/player/PJ-Dozier/Summary/54841) signed a contract with the [Minnesota Timberwolves](https://basketball.realgm.com/nba/teams/Minnesota-Timberwolves/17/home).
2019-20,1628408,1610612743,team_trb_all_players/impact_database/roster_tenure/realgm_transactions_resilient/2024-25.txt.gz,4970,"Jul 15, 2024 [P.J. Dozier](https://basketball.realgm.com/player/PJ-Dozier/Summary/54841)"
2019-20,1628408,1610612743,team_trb_all_players/impact_database/roster_tenure/realgm_transactions_resilient/2024-25.txt.gz,7632,"Dec 30, 2024 [P.J. Dozier](https://basketball.realgm.com/player/PJ-Dozier/Summary/54841)"
2019-20,1628408,1610612743,team_trb_all_players/impact_database/roster_tenure/realgm_transactions_resilient/2024-25.txt.gz,9466,"Dec 28, 2024 [P.J. Dozier](https://basketball.realgm.com/player/PJ-Dozier/Summary/54841)"
2019-20,1628408,1610612743,team_trb_all_players/impact_database/roster_tenure/realgm_transactions_resilient/2008-09.txt.gz,443,*    The [Miami Heat](https://basketball.realgm.com/nba/teams/Miami-Heat/15/home) selected [Robert Dozier](https://basketball.realgm.com/player/Robert-Dozier/Summary/1652) in Round 2 with Pick 30 in the 2009 NBA Draft.
2019-20,1628408,1610612743,team_trb_all_players/impact_database/roster_tenure/realgm_transactions_resilient/2008-09.txt.gz,3257,"Jun 25, 2009 [Robert Dozier](https://basketball.realgm.com/player/Robert-Dozier/Summary/1652)"
2019-20,1628408,1610612743,team_trb_all_players/impact_database/historical_transactions/season_rows/2012-13.jsonl.gz,574,"{""season"": ""2012-13"", ""start_year"": 2012, ""page_title"": ""List of 2012–13 NBA season transactions"", ""section"": ""Player movement"", ""subsection"": ""Training camp cuts"", ""table_index"": 8, ""table_classes"": [""wikitable""], ""row_index"": 7, ""cells"": [""Rodney Carney Robert Dozier Mickell Gladness Garrett Temple Jarvis Varnado"", ""Mustapha Farrakhan, Jr. Eddie Gill Orien Greene Alando Tucker"", ""Chris Johnson Mike Harris Phil Jones Seth Tarver Jermaine Taylor"", ""Solomon Alabi Dominique Morrison Chris Wright"", ""Oscar Bellfield John Shurna Henry Sims Chris Smith Mychel Thompson""], ""links"": [{""text"": ""Rodney Carney"", ""title"": ""Rodney Carney"", ""href"": ""/wiki/Rodney_Carney""}, {""text"": ""Robert Dozier"", ""title"": ""Robert Dozier"", ""href"": ""/wiki/Robert_Dozier""}, {""text"": ""Mickell Gladness"", ""title"": ""Mickell Gladness"", ""href"": ""/wiki/Mickell_Gladness""}, {""text"": ""Garrett Temple"", ""title"": ""Garrett Temple"", ""href"": ""/wiki/Garrett_Temple""}, {""text"": ""Jarvis Varnado"", ""title"": ""Jarvis Varnado"", ""href"": ""/wiki/Jarvis_Varnado""}, {""text"": ""Mustapha Farrakhan, Jr."", ""title"": ""Mustapha Farrakhan, Jr."", ""href"": ""/wiki/Mustapha_Farrakhan,_Jr.""}, {""text"": ""Eddie Gill"", ""title"": ""Eddie Gill"", ""href"": ""/wiki/Eddie_Gill""}, {""text"": ""Orien Greene"", ""title"": ""Orien Greene"", ""href"": ""/wiki/Orien_Greene""}, {""text"": ""Alando Tucker"", ""title"": ""Alando Tucker"", ""href"": ""/wiki/Alando_Tucker""}, {""text"": ""Chris Johnson"", ""title"": ""Chris Johnson (basketball, born 1985)"", ""href"": ""/wiki/Chris_Johnson_(basketball,_born_1985)""}, {""text"": ""Mike Harris"", ""title"": ""Mike Harris (basketball)"", ""href"": ""/wiki/Mike_Harris_(basketball)""}, {""text"": ""Phil Jones"", ""title"": ""Phil Jones (basketball)"", ""href"": ""/wiki/Phil_Jones_(basketball)""}, {""text"": ""Seth Tarver"", ""title"": ""Seth Tarver"", ""href"": ""/wiki/Seth_Tarver""}, {""text"": ""Jermaine Taylor"", ""title"": ""Jermaine Taylor (basketball)"", ""href"": ""/wiki/Jermaine_Taylor_(basketball)""}, {""text"": ""Solomon Alabi"", ""title"": ""Solomon Alabi"", ""href"": ""/wiki/Solomon_Alabi""}, {""text"": ""Dominique Morrison"", ""title"": ""Dominique Morrison"", ""href"": ""/wiki/Dominique_Morrison""}, {""text"": ""Chris Wright"", ""title"": ""Chris Wright (basketball, born 1989)"", ""href"": ""/wiki/Chris_Wright_(basketball,_born_1989)""}, {""text"": ""Oscar Bellfield"", ""title"": ""Oscar Bellfield"", ""href"": ""/wiki/Oscar_Bellfield""}, {""text"": ""John Shurna"", ""title"": ""John Shurna"", ""href"": ""/wiki/John_Shurna""}, {""text"": ""Henry Sims"", ""title"": ""Henry Sims"", ""href"": ""/wiki/Henry_Sims""}, {""text"": ""Chris Smith"", ""title"": ""Chris Smith (basketball, born 1987)"", ""href"": ""/wiki/Chris_Smith_(basketball,_born_1987)""}, {""text"": ""Mychel Thompson"", ""title"": ""Mychel Thompson"", ""href"": ""/wiki/Mychel_Thompson""}], ""date_hint"": null}"
2019-20,1628408,1610612743,team_trb_all_players/impact_database/historical_transactions/season_rows/2012-13.jsonl.gz,762,"{""season"": ""2012-13"", ""start_year"": 2012, ""page_title"": ""List of 2012–13 NBA season transactions"", ""section"": ""Draft"", ""subsection"": ""Previous years' draftees"", ""table_index"": 15, ""table_classes"": [""wikitable"", ""sortable""], ""row_index"": 4, ""cells"": [""2009"", ""60"", ""Robert Dozier"", ""September 27"", ""Miami Heat"", ""Cholet Basket ( France )"", """"], ""links"": [{""text"": ""2009"", ""title"": ""2009 NBA draft"", ""href"": ""/wiki/2009_NBA_draft""}, {""text"": ""Robert Dozier"", ""title"": ""Robert Dozier"", ""href"": ""/wiki/Robert_Dozier""}, {""text"": ""Miami Heat"", ""title"": ""Miami Heat"", ""href"": ""/wiki/Miami_Heat""}, {""text"": ""Cholet Basket"", ""title"": ""Cholet Basket"", ""href"": ""/wiki/Cholet_Basket""}, {""text"": ""France"", ""title"": ""LNB Pro A"", ""href"": ""/wiki/LNB_Pro_A""}], ""date_hint"": null}"
2019-20,1628408,1610612743,team_trb_all_players/impact_database/historical_transactions/raw_pages/2012-13.html.gz,5351,"<li><a href=""/wiki/Robert_Dozier"" title=""Robert Dozier"">Robert Dozier</a></li>"
2019-20,1628408,1610612743,team_trb_all_players/impact_database/historical_transactions/raw_pages/2012-13.html.gz,7261,"<td><span data-sort-value=""Dozier, Robert""><span class=""vcard""><span class=""fn""><a href=""/wiki/Robert_Dozier"" title=""Robert Dozier"">Robert Dozier</a></span></span></span>"
2019-20,1628408,1610612743,team_trb_all_players/impact_database/historical_transactions/basketball_reference_uniform/season_rows/2007-08.jsonl.gz,357,"{""season"": ""2007-08"", ""start_year"": 2007, ""page_title"": ""2007-08 NBA Transactions | Basketball-Reference.com"", ""section"": ""Trades"", ""subsection"": ""June 26, 2008"", ""table_index"": null, ""table_classes"": [], ""row_index"": 356, ""cells"": [""June 26, 2008"", ""The Cleveland Cavaliers traded a 2009 2nd round draft pick (Robert Dozier was later selected) to the Miami Heat for Darnell Jackson .""], ""links"": [{""text"": ""Cleveland Cavaliers"", ""title"": null, ""href"": ""/teams/CLE/2008.html""}, {""text"": ""Miami Heat"", ""title"": null, ""href"": ""/teams/MIA/2008.html""}, {""text"": ""Darnell Jackson"", ""title"": null, ""href"": ""/players/j/jacksda01.html""}], ""date_hint"": ""June 26"", ""exact_date"": ""June 26, 2008"", ""source"": ""Basketball-Reference via Internet Archive"", ""source_url"": ""https://web.archive.org/web/20221209193646id_/https://www.basketball-reference.com/leagues/NBA_2008_transactions.html""}"
2019-20,1628408,1610612743,team_trb_all_players/impact_database/historical_transactions/basketball_reference_uniform/raw_pages/2007-08.html.gz,715,"<li><span>July 2, 2007</span><p>The <a data-attr-from=""UTA"" href=""/teams/UTA/2008.html"">Utah Jazz</a> released <a href=""/players/f/fishede01.html"">Derek Fisher</a>.</p></li><li><span>July 3, 2007</span><p>The <a data-attr-to=""IND"" href=""/teams/IND/2008.html"">Indiana Pacers</a> signed <a href=""/players/o/owensan01.html"">Andre Owens</a> as a free agent.</p><p>The <a data-attr-to=""IND"" href=""/teams/IND/2008.html"">Indiana Pacers</a> signed <a href=""/players/r/rushka01.html"">Kareem Rush</a> as a free agent.</p><p>The <a data-attr-to=""IND"" href=""/teams/IND/2008.html"">Indiana Pacers</a> signed <a href=""/players/g/grahast01.html"">Stephen Graham</a> as a free agent.</p><p>The <a data-attr-to=""MIA"" href=""/teams/MIA/2008.html"">Miami Heat</a> signed <a href=""/players/a/anthojo01.html"">Joel Anthony</a> as a free agent.</p></li><li><span>July 10, 2007</span><p>The <a data-attr-to=""TOR"" href=""/teams/TOR/2008.html"">Toronto Raptors</a> signed <a href=""/players/m/moonja01.html"">Jamario Moon</a> as a free agent.</p></li><li><span>July 11, 2007</span><p>The <a data-attr-from=""POR"" href=""/teams/POR/2008.html"">Portland Trail Blazers</a> waived <a href=""/players/f/francst01.html"">Steve Francis</a>.</p><p>The <a data-attr-to=""PHO"" href=""/teams/PHO/2008.html"">Phoenix Suns</a> signed <a href=""/players/h/hillgr01.html"">Grant Hill</a> as a free agent.</p><p>The <a data-attr-from=""PHO"" href=""/teams/PHO/2008.html"">Phoenix Suns</a> traded <a href=""/players/f/fernaru01.html"">Rudy Fernández</a> and <a href=""/players/j/jonesja02.html"">James Jones</a> to the <a data-attr-to=""POR"" href=""/teams/POR/2008.html"">Portland Trail Blazers</a> for cash.</p><p>The <a data-attr-to=""TOR"" href=""/teams/TOR/2008.html"">Toronto Raptors</a> signed <a href=""/players/k/kaponja01.html"">Jason Kapono</a> as a free agent.</p><p>The <a data-attr-from=""ORL"" href=""/teams/ORL/2008.html"">Orlando Magic</a> traded a 2009 2nd round draft pick (<a href=""/players/p/preldem01.html"">Emir Preldžić</a> was later selected) to the <a data-attr-to=""SEA"" href=""/teams/SEA/2008.html"">Seattle SuperSonics</a> for <a href=""/players/l/lewisra02.html"">Rashard Lewis</a>. Seattle also received a trade exception from Orlando.</p></li><li><span>July 12, 2007</span><p>The <a data-attr-from=""HOU"" href=""/teams/HOU/2008.html"">Houston Rockets</a> traded <a href=""/players/s/spanova01.html"">Vassilis Spanoulis</a> and a 2009 2nd round draft pick (<a href=""/players/d/decolna01.html"">Nando De Colo</a> was later selected) to the <a data-attr-to=""SAS"" href=""/teams/SAS/2008.html"">San Antonio Spurs</a> for <a href=""/players/b/butleja01.html"">Jackie Butler</a> and <a href=""/players/s/scolalu01.html"">Luis Scola</a>.</p></li><li><span>July 13, 2007</span><p>The <a data-attr-to=""POR"" href=""/teams/POR/2008.html"">Portland Trail Blazers</a> signed <a href=""/players/b/blakest01.html"">Steve Blake</a> as a free agent.</p><p>The <a data-attr-to=""UTA"" href=""/teams/UTA/2008.html"">Utah Jazz</a> signed <a href=""/players/h/hartja01.html"">Jason Hart</a> as a free agent.</p><p>The <a data-attr-from=""MEM"" href=""/teams/MEM/2008.html"">Memphis Grizzlies</a> waived <a href=""/players/j/johnsal01.html"">Alexander Johnson</a>.</p><p>The <a data-attr-to=""SAC"" href=""/teams/SAC/2008.html"">Sacramento Kings</a> signed <a href=""/players/m/mooremi01.html"">Mikki Moore</a> as a free agent.</p><p>The <a data-attr-to=""HOU"" href=""/teams/HOU/2008.html"">Houston Rockets</a> signed <a href=""/players/h/harrimi01.html"">Mike Harris</a> as a free agent.</p><p>The <a data-attr-from=""NJN"" href=""/teams/NJN/2008.html"">New Jersey Nets</a> waived <a href=""/players/r/robincl02.html"">Clifford Robinson</a>.</p></li><li><span>July 16, 2007</span><p>The <a data-attr-to=""DEN"" href=""/teams/DEN/2008.html"">Denver Nuggets</a> signed <a href=""/players/a/atkinch01.html"">Chucky Atkins</a> as a free agent.</p><p>The <a data-attr-to=""MEM"" href=""/teams/MEM/2008.html"">Memphis Grizzlies</a> signed <a href=""/players/m/milicda01.html"">Darko Miličić</a> as a free agent.</p></li><li><span>July 17, 200"
2019-20,1629735,1610612748,team_trb_all_players/impact_database/roster_tenure/normalized_transactions.jsonl.gz,8743,"{""exact_date"": ""2020-01-15"", ""season"": ""2019-20"", ""event_type"": ""acquire"", ""player_id"": ""1629735"", ""player_name"": ""Chris Silva"", ""source_player_ref"": ""chris-silva"", ""source_team_id"": null, ""destination_team_id"": 1610612748, ""source_team_name"": null, ""destination_team_name"": null, ""source_system"": ""Official NBA Player Movement feed"", ""source_reference"": ""https://stats.nba.com/js/data/playermovement/NBA_Player_Movement.json#row-6053"", ""identity_resolution"": ""official_nba_player_id"", ""team_resolution"": ""official_team_id"", ""raw_text"": ""Miami Heat re-signed forward Chris Silva to a Rest-of-Season Contract."", ""confidence"": ""high""}"
2019-20,1629735,1610612748,team_trb_all_players/impact_database/roster_tenure/normalized_transactions.jsonl.gz,9497,"{""exact_date"": ""2021-03-25"", ""season"": ""2020-21"", ""event_type"": ""trade"", ""player_id"": ""1629735"", ""player_name"": ""Chris Silva"", ""source_player_ref"": ""chris-silva"", ""source_team_id"": 1610612748, ""destination_team_id"": 1610612758, ""source_team_name"": null, ""destination_team_name"": null, ""source_system"": ""Official NBA Player Movement feed"", ""source_reference"": ""https://stats.nba.com/js/data/playermovement/NBA_Player_Movement.json#row-5261"", ""identity_resolution"": ""official_nba_player_id"", ""team_resolution"": ""official_team_id"", ""raw_text"": ""Sacramento Kings received forward Chris Silva from Miami Heat."", ""confidence"": ""high""}"
2019-20,1629735,1610612748,team_trb_all_players/impact_database/roster_tenure/normalized_transactions.jsonl.gz,9661,"{""exact_date"": ""2021-04-28"", ""season"": ""2020-21"", ""event_type"": ""depart"", ""player_id"": ""1629735"", ""player_name"": ""Chris Silva"", ""source_player_ref"": ""chris-silva"", ""source_team_id"": 1610612758, ""destination_team_id"": null, ""source_team_name"": null, ""destination_team_name"": null, ""source_system"": ""Official NBA Player Movement feed"", ""source_reference"": ""https://stats.nba.com/js/data/playermovement/NBA_Player_Movement.json#row-5136"", ""identity_resolution"": ""official_nba_player_id"", ""team_resolution"": ""official_team_id"", ""raw_text"": ""Sacramento Kings waived forward Chris Silva."", ""confidence"": ""high""}"
2019-20,1629735,1610612748,team_trb_all_players/impact_database/roster_tenure/normalized_transactions.jsonl.gz,10135,"{""exact_date"": ""2021-10-15"", ""season"": ""2021-22"", ""event_type"": ""depart"", ""player_id"": ""1629735"", ""player_name"": ""Chris Silva"", ""source_player_ref"": ""chris-silva"", ""source_team_id"": 1610612750, ""destination_team_id"": null, ""source_team_name"": null, ""destination_team_name"": null, ""source_system"": ""Official NBA Player Movement feed"", ""source_reference"": ""https://stats.nba.com/js/data/playermovement/NBA_Player_Movement.json#row-4651"", ""identity_resolution"": ""official_nba_player_id"", ""team_resolution"": ""official_team_id"", ""raw_text"": ""Minnesota Timberwolves waived forward Chris Silva."", ""confidence"": ""high""}"
2019-20,1629735,1610612748,team_trb_all_players/impact_database/roster_tenure/normalized_transactions.jsonl.gz,10297,"{""exact_date"": ""2021-12-21"", ""season"": ""2021-22"", ""event_type"": ""acquire"", ""player_id"": ""1629735"", ""player_name"": ""Chris Silva"", ""source_player_ref"": ""chris-silva"", ""source_team_id"": null, ""destination_team_id"": 1610612750, ""source_team_name"": null, ""destination_team_name"": null, ""source_system"": ""Official NBA Player Movement feed"", ""source_reference"": ""https://stats.nba.com/js/data/playermovement/NBA_Player_Movement.json#row-4481"", ""identity_resolution"": ""official_nba_player_id"", ""team_resolution"": ""official_team_id"", ""raw_text"": ""Minnesota Timberwolves signed forward Chris Silva to a 10-Day Contract."", ""confidence"": ""high""}"
2019-20,1629735,1610612748,team_trb_all_players/impact_database/roster_tenure/normalized_transactions.jsonl.gz,10404,"{""exact_date"": ""2021-12-30"", ""season"": ""2021-22"", ""event_type"": ""depart"", ""player_id"": ""1629735"", ""player_name"": ""Chris Silva"", ""source_player_ref"": ""chris-silva"", ""source_team_id"": 1610612750, ""destination_team_id"": null, ""source_team_name"": null, ""destination_team_name"": null, ""source_system"": ""Official NBA Player Movement feed"", ""source_reference"": ""https://stats.nba.com/js/data/playermovement/NBA_Player_Movement.json#row-4481#derived-10day-expiry"", ""identity_resolution"": ""official_nba_player_id"", ""team_resolution"": ""official_team_id+deterministic_10day_expiry;v11_inclusive_10day_endpoint"", ""raw_text"": ""Derived natural expiration of 10-Day Contract signed 2021-12-21; endpoint is 10 calendar days after signing or the third scheduled regular-season game, whichever is later."", ""confidence"": ""high"", ""derived_boundary_type"": ""10_day_contract_natural_expiry"", ""derived_from_signing_date"": ""2021-12-21"", ""v11_corrected_10day_endpoint"": true}"
2019-20,1629735,1610612748,team_trb_all_players/impact_database/roster_tenure/normalized_transactions.jsonl.gz,10426,"{""exact_date"": ""2021-12-31"", ""season"": ""2021-22"", ""event_type"": ""acquire"", ""player_id"": ""1629735"", ""player_name"": ""Chris Silva"", ""source_player_ref"": ""chris-silva"", ""source_team_id"": null, ""destination_team_id"": 1610612748, ""source_team_name"": null, ""destination_team_name"": null, ""source_system"": ""Official NBA Player Movement feed"", ""source_reference"": ""https://stats.nba.com/js/data/playermovement/NBA_Player_Movement.json#row-4381"", ""identity_resolution"": ""official_nba_player_id"", ""team_resolution"": ""official_team_id"", ""raw_text"": ""Miami Heat signed forward Chris Silva to a 10-Day Contract."", ""confidence"": ""high""}"
2019-20,1629735,1610612748,team_trb_all_players/impact_database/roster_tenure/normalized_transactions.jsonl.gz,10562,"{""exact_date"": ""2022-01-09"", ""season"": ""2021-22"", ""event_type"": ""depart"", ""player_id"": ""1629735"", ""player_name"": ""Chris Silva"", ""source_player_ref"": ""chris-silva"", ""source_team_id"": 1610612748, ""destination_team_id"": null, ""source_team_name"": null, ""destination_team_name"": null, ""source_system"": ""Official NBA Player Movement feed"", ""source_reference"": ""https://stats.nba.com/js/data/playermovement/NBA_Player_Movement.json#row-4381#derived-10day-expiry"", ""identity_resolution"": ""official_nba_player_id"", ""team_resolution"": ""official_team_id+deterministic_10day_expiry;v11_inclusive_10day_endpoint"", ""raw_text"": ""Derived natural expiration of 10-Day Contract signed 2021-12-31; endpoint is 10 calendar days after signing or the third scheduled regular-season game, whichever is later."", ""confidence"": ""high"", ""derived_boundary_type"": ""10_day_contract_natural_expiry"", ""derived_from_signing_date"": ""2021-12-31"", ""v11_corrected_10day_endpoint"": true}"
2019-20,1629735,1610612748,team_trb_all_players/impact_database/roster_tenure/normalized_transactions.jsonl.gz,10580,"{""exact_date"": ""2022-01-10"", ""season"": ""2021-22"", ""event_type"": ""acquire"", ""player_id"": ""1629735"", ""player_name"": ""Chris Silva"", ""source_player_ref"": ""chris-silva"", ""source_team_id"": null, ""destination_team_id"": 1610612748, ""source_team_name"": null, ""destination_team_name"": null, ""source_system"": ""Official NBA Player Movement feed"", ""source_reference"": ""https://stats.nba.com/js/data/playermovement/NBA_Player_Movement.json#row-4316"", ""identity_resolution"": ""official_nba_player_id"", ""team_resolution"": ""official_team_id"", ""raw_text"": ""Miami Heat signed forward Chris Silva to a 10-Day Contract."", ""confidence"": ""high""}"
2019-20,1629735,1610612748,team_trb_all_players/impact_database/roster_tenure/normalized_transactions.jsonl.gz,10639,"{""exact_date"": ""2022-01-19"", ""season"": ""2021-22"", ""event_type"": ""depart"", ""player_id"": ""1629735"", ""player_name"": ""Chris Silva"", ""source_player_ref"": ""chris-silva"", ""source_team_id"": 1610612748, ""destination_team_id"": null, ""source_team_name"": null, ""destination_team_name"": null, ""source_system"": ""Official NBA Player Movement feed"", ""source_reference"": ""https://stats.nba.com/js/data/playermovement/NBA_Player_Movement.json#row-4316#derived-10day-expiry"", ""identity_resolution"": ""official_nba_player_id"", ""team_resolution"": ""official_team_id+deterministic_10day_expiry;v11_inclusive_10day_endpoint"", ""raw_text"": ""Derived natural expiration of 10-Day Contract signed 2022-01-10; endpoint is 10 calendar days after signing or the third scheduled regular-season game, whichever is later."", ""confidence"": ""high"", ""derived_boundary_type"": ""10_day_contract_natural_expiry"", ""derived_from_signing_date"": ""2022-01-10"", ""v11_corrected_10day_endpoint"": true}"
2019-20,1629735,1610612748,team_trb_all_players/impact_database/roster_tenure/normalized_transactions.jsonl.gz,10648,"{""exact_date"": ""2022-01-21"", ""season"": ""2021-22"", ""event_type"": ""acquire"", ""player_id"": ""1629735"", ""player_name"": ""Chris Silva"", ""source_player_ref"": ""chris-silva"", ""source_team_id"": null, ""destination_team_id"": 1610612748, ""source_team_name"": null, ""destination_team_name"": null, ""source_system"": ""Official NBA Player Movement feed"", ""source_reference"": ""https://stats.nba.com/js/data/playermovement/NBA_Player_Movement.json#row-4270"", ""identity_resolution"": ""official_nba_player_id"", ""team_resolution"": ""official_team_id"", ""raw_text"": ""Miami Heat signed forward Chris Silva to a 10-Day Contract."", ""confidence"": ""high""}"
2019-20,1629735,1610612748,team_trb_all_players/impact_database/roster_tenure/normalized_transactions.jsonl.gz,10664,"{""exact_date"": ""2022-01-30"", ""season"": ""2021-22"", ""event_type"": ""depart"", ""player_id"": ""1629735"", ""player_name"": ""Chris Silva"", ""source_player_ref"": ""chris-silva"", ""source_team_id"": 1610612748, ""destination_team_id"": null, ""source_team_name"": null, ""destination_team_name"": null, ""source_system"": ""Official NBA Player Movement feed"", ""source_reference"": ""https://stats.nba.com/js/data/playermovement/NBA_Player_Movement.json#row-4270#derived-10day-expiry"", ""identity_resolution"": ""official_nba_player_id"", ""team_resolution"": ""official_team_id+deterministic_10day_expiry;v11_inclusive_10day_endpoint"", ""raw_text"": ""Derived natural expiration of 10-Day Contract signed 2022-01-21; endpoint is 10 calendar days after signing or the third scheduled regular-season game, whichever is later."", ""confidence"": ""high"", ""derived_boundary_type"": ""10_day_contract_natural_expiry"", ""derived_from_signing_date"": ""2022-01-21"", ""v11_corrected_10day_endpoint"": true}"
2019-20,1629735,1610612748,team_trb_all_players/impact_database/roster_tenure/normalized_transactions.jsonl.gz,10667,"{""exact_date"": ""2022-01-31"", ""season"": ""2021-22"", ""event_type"": ""acquire"", ""player_id"": ""1629735"", ""player_name"": ""Chris Silva"", ""source_player_ref"": ""chris-silva"", ""source_team_id"": null, ""destination_team_id"": 1610612748, ""source_team_name"": null, ""destination_team_name"": null, ""source_system"": ""Official NBA Player Movement feed"", ""source_reference"": ""https://stats.nba.com/js/data/playermovement/NBA_Player_Movement.json#row-4263"", ""identity_resolution"": ""official_nba_player_id"", ""team_resolution"": ""official_team_id"", ""raw_text"": ""Miami Heat signed forward Chris Silva to a 10-Day Contract."", ""confidence"": ""high""}"
2019-20,1629735,1610612748,team_trb_all_players/impact_database/roster_tenure/normalized_transactions.jsonl.gz,10702,"{""exact_date"": ""2022-02-09"", ""season"": ""2021-22"", ""event_type"": ""depart"", ""player_id"": ""1629735"", ""player_name"": ""Chris Silva"", ""source_player_ref"": ""chris-silva"", ""source_team_id"": 1610612748, ""destination_team_id"": null, ""source_team_name"": null, ""destination_team_name"": null, ""source_system"": ""Official NBA Player Movement feed"", ""source_reference"": ""https://stats.nba.com/js/data/playermovement/NBA_Player_Movement.json#row-4263#derived-10day-expiry"", ""identity_resolution"": ""official_nba_player_id"", ""team_resolution"": ""official_team_id+deterministic_10day_expiry;v11_inclusive_10day_endpoint"", ""raw_text"": ""Derived natural expiration of 10-Day Contract signed 2022-01-31; endpoint is 10 calendar days after signing or the third scheduled regular-season game, whichever is later."", ""confidence"": ""high"", ""derived_boundary_type"": ""10_day_contract_natural_expiry"", ""derived_from_signing_date"": ""2022-01-31"", ""v11_corrected_10day_endpoint"": true}"
2019-20,1629735,1610612748,team_trb_all_players/impact_database/roster_tenure/normalized_transactions.jsonl.gz,11271,"{""exact_date"": ""2022-10-09"", ""season"": ""2022-23"", ""event_type"": ""depart"", ""player_id"": ""1629735"", ""player_name"": ""Chris Silva"", ""source_player_ref"": ""chris-silva"", ""source_team_id"": 1610612737, ""destination_team_id"": null, ""source_team_name"": null, ""destination_team_name"": null, ""source_system"": ""Official NBA Player Movement feed"", ""source_reference"": ""https://stats.nba.com/js/data/playermovement/NBA_Player_Movement.json#row-3664"", ""identity_resolution"": ""official_nba_player_id"", ""team_resolution"": ""official_team_id"", ""raw_text"": ""Atlanta Hawks waived forward Chris Silva."", ""confidence"": ""high""}"
2019-20,1629735,1610612748,team_trb_all_players/impact_database/roster_tenure/normalized_transactions.jsonl.gz,11530,"{""exact_date"": ""2023-01-31"", ""season"": ""2022-23"", ""event_type"": ""acquire"", ""player_id"": ""1629735"", ""player_name"": ""Chris Silva"", ""source_player_ref"": ""chris-silva"", ""source_team_id"": null, ""destination_team_id"": 1610612742, ""source_team_name"": null, ""destination_team_name"": null, ""source_system"": ""Official NBA Player Movement feed"", ""source_reference"": ""https://stats.nba.com/js/data/playermovement/NBA_Player_Movement.json#row-3400"", ""identity_resolution"": ""official_nba_player_id"", ""team_resolution"": ""official_team_id"", ""raw_text"": ""Dallas Mavericks signed forward Chris Silva to a 10-Day Contract."", ""confidence"": ""high""}"
2019-20,1629735,1610612748,team_trb_all_players/impact_database/roster_tenure/normalized_transactions.jsonl.gz,11573,"{""exact_date"": ""2023-02-09"", ""season"": ""2022-23"", ""event_type"": ""depart"", ""player_id"": ""1629735"", ""player_name"": ""Chris Silva"", ""source_player_ref"": ""chris-silva"", ""source_team_id"": 1610612742, ""destination_team_id"": null, ""source_team_name"": null, ""destination_team_name"": null, ""source_system"": ""Official NBA Player Movement feed"", ""source_reference"": ""https://stats.nba.com/js/data/playermovement/NBA_Player_Movement.json#row-3400#derived-10day-expiry"", ""identity_resolution"": ""official_nba_player_id"", ""team_resolution"": ""official_team_id+deterministic_10day_expiry;v11_inclusive_10day_endpoint"", ""raw_text"": ""Derived natural expiration of 10-Day Contract signed 2023-01-31; endpoint is 10 calendar days after signing or the third scheduled regular-season game, whichever is later."", ""confidence"": ""high"", ""derived_boundary_type"": ""10_day_contract_natural_expiry"", ""derived_from_signing_date"": ""2023-01-31"", ""v11_corrected_10day_endpoint"": true}"
2019-20,1629735,1610612748,team_trb_all_players/impact_database/roster_tenure/normalized_transactions.jsonl.gz,11599,"{""exact_date"": ""2023-02-10"", ""season"": ""2022-23"", ""event_type"": ""acquire"", ""player_id"": ""1629735"", ""player_name"": ""Chris Silva"", ""source_player_ref"": ""chris-silva"", ""source_team_id"": null, ""destination_team_id"": 1610612742, ""source_team_name"": null, ""destination_team_name"": null, ""source_system"": ""Official NBA Player Movement feed"", ""source_reference"": ""https://stats.nba.com/js/data/playermovement/NBA_Player_Movement.json#row-3304"", ""identity_resolution"": ""official_nba_player_id"", ""team_resolution"": ""official_team_id"", ""raw_text"": ""Dallas Mavericks signed forward Chris Silva to a 10-Day Contract."", ""confidence"": ""high""}"
2019-20,1629735,1610612748,team_trb_all_players/impact_database/roster_tenure/normalized_transactions.jsonl.gz,11631,"{""exact_date"": ""2023-02-19"", ""season"": ""2022-23"", ""event_type"": ""depart"", ""player_id"": ""1629735"", ""player_name"": ""Chris Silva"", ""source_player_ref"": ""chris-silva"", ""source_team_id"": 1610612742, ""destination_team_id"": null, ""source_team_name"": null, ""destination_team_name"": null, ""source_system"": ""Official NBA Player Movement feed"", ""source_reference"": ""https://stats.nba.com/js/data/playermovement/NBA_Player_Movement.json#row-3304#derived-10day-expiry"", ""identity_resolution"": ""official_nba_player_id"", ""team_resolution"": ""official_team_id+deterministic_10day_expiry;v11_inclusive_10day_endpoint"", ""raw_text"": ""Derived natural expiration of 10-Day Contract signed 2023-02-10; endpoint is 10 calendar days after signing or the third scheduled regular-season game, whichever is later."", ""confidence"": ""high"", ""derived_boundary_type"": ""10_day_contract_natural_expiry"", ""derived_from_signing_date"": ""2023-02-10"", ""v11_corrected_10day_endpoint"": true}"
2019-20,1629735,1610612748,team_trb_all_players/impact_database/roster_tenure/normalized_transactions.jsonl.gz,12091,"{""exact_date"": ""2023-09-27"", ""season"": ""2023-24"", ""event_type"": ""depart"", ""player_id"": ""1629735"", ""player_name"": ""Chris Silva"", ""source_player_ref"": ""chris-silva"", ""source_team_id"": 1610612737, ""destination_team_id"": null, ""source_team_name"": null, ""destination_team_name"": null, ""source_system"": ""Official NBA Player Movement feed"", ""source_reference"": ""https://stats.nba.com/js/data/playermovement/NBA_Player_Movement.json#row-2806"", ""identity_resolution"": ""official_nba_player_id"", ""team_resolution"": ""official_team_id"", ""raw_text"": ""Atlanta Hawks waived forward Chris Silva."", ""confidence"": ""high""}"
2019-20,1629735,1610612748,team_trb_all_players/impact_database/roster_tenure/normalized_transactions.jsonl.gz,13023,"{""exact_date"": ""2024-07-06"", ""season"": ""2024-25"", ""event_type"": ""acquire"", ""player_id"": ""1641783"", ""player_name"": ""Tristan da Silva"", ""source_player_ref"": ""tristan-da-silva"", ""source_team_id"": null, ""destination_team_id"": 1610612753, ""source_team_name"": null, ""destination_team_name"": null, ""source_system"": ""Official NBA Player Movement feed"", ""source_reference"": ""https://stats.nba.com/js/data/playermovement/NBA_Player_Movement.json#row-2041"", ""identity_resolution"": ""official_nba_player_id"", ""team_resolution"": ""official_team_id"", ""raw_text"": ""Orlando Magic re-signed forward Tristan da Silva to a Rookie Scale Contract."", ""confidence"": ""high""}"
2019-20,1629735,1610612748,team_trb_all_players/impact_database/roster_tenure/realgm_transactions_resilient/2024-25.txt.gz,3740,*   [Tristan Da Silva](https://basketball.realgm.com/player/Tristan-Da-Silva/Summary/150739) signed a multi-year contract with the [Orlando Magic](https://basketball.realgm.com/nba/teams/Orlando-Magic/21/home).
2019-20,1629735,1610612748,team_trb_all_players/impact_database/roster_tenure/realgm_transactions_resilient/2024-25.txt.gz,5180,"Jul 6, 2024 [Tristan Da Silva](https://basketball.realgm.com/player/Tristan-Da-Silva/Summary/150739)"
2019-20,1628987,1610612760,team_trb_all_players/impact_database/roster_tenure/normalized_transactions.jsonl.gz,8693,"{""exact_date"": ""2019-12-12"", ""season"": ""2019-20"", ""event_type"": ""acquire"", ""player_id"": ""1628987"", ""player_name"": ""Kevin Hervey"", ""source_player_ref"": ""kevin-hervey"", ""source_team_id"": null, ""destination_team_id"": 1610612760, ""source_team_name"": null, ""destination_team_name"": null, ""source_system"": ""Official NBA Player Movement feed"", ""source_reference"": ""https://stats.nba.com/js/data/playermovement/NBA_Player_Movement.json#row-6103"", ""identity_resolution"": ""official_nba_player_id"", ""team_resolution"": ""official_team_id"", ""raw_text"": ""Oklahoma City Thunder re-signed forward Kevin Hervey to a Two-Way Contract."", ""confidence"": ""high""}"
2019-20,1628987,1610612760,team_trb_all_players/impact_database/historical_transactions/basketball_reference_uniform/season_rows/2015-16.jsonl.gz,119,"{""season"": ""2015-16"", ""start_year"": 2015, ""page_title"": ""2015-16 NBA Transactions | Basketball-Reference.com"", ""section"": ""Trades"", ""subsection"": ""July 14, 2015"", ""table_index"": null, ""table_classes"": [], ""row_index"": 118, ""cells"": [""July 14, 2015"", ""The Boston Celtics traded a 2018 2nd round draft pick ( Kevin Hervey was later selected) to the Oklahoma City Thunder for Perry Jones , cash and a 2019 2nd round draft pick ( Isaiah Roby was later selected).""], ""links"": [{""text"": ""Boston Celtics"", ""title"": null, ""href"": ""/teams/BOS/2016.html""}, {""text"": ""Kevin Hervey"", ""title"": null, ""href"": ""/players/h/herveke01.html""}, {""text"": ""Oklahoma City Thunder"", ""title"": null, ""href"": ""/teams/OKC/2016.html""}, {""text"": ""Perry Jones"", ""title"": null, ""href"": ""/players/j/jonespe01.html""}, {""text"": ""Isaiah Roby"", ""title"": null, ""href"": ""/players/r/robyis01.html""}], ""date_hint"": ""July 14"", ""exact_date"": ""July 14, 2015"", ""source"": ""Basketball-Reference via Internet Archive"", ""source_url"": ""https://web.archive.org/web/20220629030608id_/https://www.basketball-reference.com/leagues/NBA_2016_transactions.html""}"
2019-20,1628987,1610612760,team_trb_all_players/impact_database/historical_transactions/basketball_reference_uniform/raw_pages/2015-16.html.gz,707,"<li><span>July 1, 2015</span><p>The <a data-attr-to=""BRK"" href=""/teams/BRK/2016.html"">Brooklyn Nets</a> signed <a href=""/players/m/mcculch01.html"">Chris McCullough</a> to a multi-year contract.</p></li><li><span>July 2, 2015</span><p>The <a data-attr-to=""BRK"" href=""/teams/BRK/2016.html"">Brooklyn Nets</a> signed <a href=""/players/b/boatrry01.html"">Ryan Boatright</a> to a multi-year contract.</p><p>The <a data-attr-to=""CHO"" href=""/teams/CHO/2016.html"">Charlotte Hornets</a> signed <a href=""/players/k/kaminfr01.html"">Frank Kaminsky</a> to a multi-year contract.</p></li><li><span>July 3, 2015</span><p>The <a data-attr-to=""TOR"" href=""/teams/TOR/2016.html"">Toronto Raptors</a> signed <a href=""/players/w/wrighde01.html"">Delon Wright</a> to a multi-year contract.</p><p>The <a data-attr-to=""MIA"" href=""/teams/MIA/2016.html"">Miami Heat</a> signed <a href=""/players/w/winslju01.html"">Justise Winslow</a> to a multi-year contract.</p></li><li><span>July 6, 2015</span><p>The <a data-attr-to=""BRK"" href=""/teams/BRK/2016.html"">Brooklyn Nets</a> signed <a href=""/players/h/holliro01.html"">Rondae Hollis-Jefferson</a> to a multi-year contract.</p><p>The <a data-attr-to=""PHI"" href=""/teams/PHI/2016.html"">Philadelphia 76ers</a> signed <a href=""/players/o/okafoja01.html"">Jahlil Okafor</a> to a multi-year contract.</p></li><li><span>July 7, 2015</span><p>The <a data-attr-to=""MIN"" href=""/teams/MIN/2016.html"">Minnesota Timberwolves</a> signed <a href=""/players/j/jonesty01.html"">Tyus Jones</a> to a multi-year contract.</p><p>The <a data-attr-to=""MIN"" href=""/teams/MIN/2016.html"">Minnesota Timberwolves</a> signed <a href=""/players/t/townska01.html"">Karl-Anthony Towns</a> to a multi-year contract.</p><p>The <a data-attr-to=""UTA"" href=""/teams/UTA/2016.html"">Utah Jazz</a> signed <a href=""/players/l/lylestr01.html"">Trey Lyles</a> to a multi-year contract.</p><p>The <a data-attr-to=""CHI"" href=""/teams/CHI/2016.html"">Chicago Bulls</a> signed <a href=""/players/p/portibo01.html"">Bobby Portis</a> to a multi-year contract.</p></li><li><span>July 8, 2015</span><p>The <a data-attr-to=""GSW"" href=""/teams/GSW/2016.html"">Golden State Warriors</a> signed <a href=""/players/l/looneke01.html"">Kevon Looney</a> to a multi-year contract.</p></li><li><span>July 9, 2015</span><p>The <a data-attr-to=""LAC"" href=""/teams/LAC/2016.html"">Los Angeles Clippers</a> signed <a href=""/players/j/johnswe01.html"">Wesley Johnson</a> to a multi-year contract.</p><p>The <a data-attr-from=""ATL"" href=""/teams/ATL/2016.html"">Atlanta Hawks</a> waived <a href=""/players/d/dayeau01.html"">Austin Daye</a>.</p><p>The <a data-attr-from=""TOR"" href=""/teams/TOR/2016.html"">Toronto Raptors</a> waived <a href=""/players/r/ridnolu01.html"">Luke Ridnour</a>.</p><p>The <a data-attr-to=""NYK"" href=""/teams/NYK/2016.html"">New York Knicks</a> signed <a href=""/players/a/afflaar01.html"">Arron Afflalo</a> to a multi-year contract.</p><p>The <a data-attr-to=""SAS"" href=""/teams/SAS/2016.html"">San Antonio Spurs</a> signed <a href=""/players/a/aldrila01.html"">LaMarcus Aldridge</a> to a multi-year contract.</p><p>The <a data-attr-to=""POR"" href=""/teams/POR/2016.html"">Portland Trail Blazers</a> signed <a href=""/players/a/aminual01.html"">Al-Farouq Aminu</a> to a multi-year contract.</p><p>The <a data-attr-to=""HOU"" href=""/teams/HOU/2016.html"">Houston Rockets</a> signed <a href=""/players/b/beverpa01.html"">Patrick Beverley</a> to a multi-year contract.</p><p>The <a data-attr-to=""LAL"" href=""/teams/LAL/2016.html"">Los Angeles Lakers</a> signed <a href=""/players/b/brownan02.html"">Anthony Brown</a> to a multi-year contract.</p><p>The <a data-attr-to=""CHI"" href=""/teams/CHI/2016.html"">Chicago Bulls</a> signed <a href=""/players/b/butleji01.html"">Jimmy Butler</a> to a multi-year contract.</p><p>The <a data-attr-to=""TOR"" href=""/teams/TOR/2016.html"">Toronto Raptors</a> signed <a href=""/players/c/carrode01.html"">DeMarre Carroll</a> to a multi-year contract.</p><p>The <a data-attr-to=""PHO"" href=""/teams/PHO/2016.html"">Phoenix Suns</a> signed <a href=""/players/c"
2021-22,1627780,1610612744,team_trb_all_players/impact_database/roster_tenure/normalized_transactions.jsonl.gz,6051,"{""exact_date"": ""2016-09-23"", ""season"": ""2016-17"", ""event_type"": ""acquire"", ""player_id"": ""1627780"", ""player_name"": ""Gary Payton II"", ""source_player_ref"": ""gary-payton-ii"", ""source_team_id"": null, ""destination_team_id"": 1610612745, ""source_team_name"": null, ""destination_team_name"": null, ""source_system"": ""Official NBA Player Movement feed"", ""source_reference"": ""https://stats.nba.com/js/data/playermovement/NBA_Player_Movement.json#row-8716"", ""identity_resolution"": ""official_nba_player_id"", ""team_resolution"": ""official_team_id"", ""raw_text"": ""Houston Rockets signed guard Gary Payton II to a Contract."", ""confidence"": ""high""}"
2021-22,1627780,1610612744,team_trb_all_players/impact_database/roster_tenure/normalized_transactions.jsonl.gz,6194,"{""exact_date"": ""2016-10-24"", ""season"": ""2016-17"", ""event_type"": ""depart"", ""player_id"": ""1627780"", ""player_name"": ""Gary Payton II"", ""source_player_ref"": ""gary-payton-ii"", ""source_team_id"": 1610612745, ""destination_team_id"": null, ""source_team_name"": null, ""destination_team_name"": null, ""source_system"": ""Official NBA Player Movement feed"", ""source_reference"": ""https://stats.nba.com/js/data/playermovement/NBA_Player_Movement.json#row-8559"", ""identity_resolution"": ""official_nba_player_id"", ""team_resolution"": ""official_team_id"", ""raw_text"": ""Houston Rockets waived guard Gary Payton II."", ""confidence"": ""high""}"
2021-22,1627780,1610612744,team_trb_all_players/impact_database/roster_tenure/normalized_transactions.jsonl.gz,6487,"{""exact_date"": ""2017-04-02"", ""season"": ""2016-17"", ""event_type"": ""acquire"", ""player_id"": ""1627780"", ""player_name"": ""Gary Payton II"", ""source_player_ref"": ""gary-payton-ii"", ""source_team_id"": null, ""destination_team_id"": 1610612749, ""source_team_name"": null, ""destination_team_name"": null, ""source_system"": ""Official NBA Player Movement feed"", ""source_reference"": ""https://stats.nba.com/js/data/playermovement/NBA_Player_Movement.json#row-8326"", ""identity_resolution"": ""official_nba_player_id"", ""team_resolution"": ""official_team_id"", ""raw_text"": ""Milwaukee Bucks signed guard Gary Payton II to a Rest-of-Season Contract."", ""confidence"": ""high""}"
2021-22,1627780,1610612744,team_trb_all_players/impact_database/roster_tenure/normalized_transactions.jsonl.gz,6909,"{""exact_date"": ""2017-10-14"", ""season"": ""2017-18"", ""event_type"": ""depart"", ""player_id"": ""1627780"", ""player_name"": ""Gary Payton II"", ""source_player_ref"": ""gary-payton-ii"", ""source_team_id"": 1610612749, ""destination_team_id"": null, ""source_team_name"": null, ""destination_team_name"": null, ""source_system"": ""Official NBA Player Movement feed"", ""source_reference"": ""https://stats.nba.com/js/data/playermovement/NBA_Player_Movement.json#row-7868"", ""identity_resolution"": ""official_nba_player_id"", ""team_resolution"": ""official_team_id"", ""raw_text"": ""Milwaukee Bucks waived guard Gary Payton II."", ""confidence"": ""high""}"
2021-22,1627780,1610612744,team_trb_all_players/impact_database/roster_tenure/normalized_transactions.jsonl.gz,6984,"{""exact_date"": ""2017-10-17"", ""season"": ""2017-18"", ""event_type"": ""acquire"", ""player_id"": ""1627780"", ""player_name"": ""Gary Payton II"", ""source_player_ref"": ""gary-payton-ii"", ""source_team_id"": null, ""destination_team_id"": 1610612749, ""source_team_name"": null, ""destination_team_name"": null, ""source_system"": ""Official NBA Player Movement feed"", ""source_reference"": ""https://stats.nba.com/js/data/playermovement/NBA_Player_Movement.json#row-7812"", ""identity_resolution"": ""official_nba_player_id"", ""team_resolution"": ""official_team_id"", ""raw_text"": ""Milwaukee Bucks signed guard Gary Payton II to a Two-Way Contract."", ""confidence"": ""high""}"
2021-22,1627780,1610612744,team_trb_all_players/impact_database/roster_tenure/normalized_transactions.jsonl.gz,7019,"{""exact_date"": ""2017-12-18"", ""season"": ""2017-18"", ""event_type"": ""depart"", ""player_id"": ""1627780"", ""player_name"": ""Gary Payton II"", ""source_player_ref"": ""gary-payton-ii"", ""source_team_id"": 1610612749, ""destination_team_id"": null, ""source_team_name"": null, ""destination_team_name"": null, ""source_system"": ""Official NBA Player Movement feed"", ""source_reference"": ""https://stats.nba.com/js/data/playermovement/NBA_Player_Movement.json#row-7774"", ""identity_resolution"": ""official_nba_player_id"", ""team_resolution"": ""official_team_id"", ""raw_text"": ""Milwaukee Bucks waived guard Gary Payton II."", ""confidence"": ""high""}"
2021-22,1627780,1610612744,team_trb_all_players/impact_database/roster_tenure/normalized_transactions.jsonl.gz,7068,"{""exact_date"": ""2018-01-15"", ""season"": ""2017-18"", ""event_type"": ""acquire"", ""player_id"": ""1627780"", ""player_name"": ""Gary Payton II"", ""source_player_ref"": ""gary-payton-ii"", ""source_team_id"": null, ""destination_team_id"": 1610612747, ""source_team_name"": null, ""destination_team_name"": null, ""source_system"": ""Official NBA Player Movement feed"", ""source_reference"": ""https://stats.nba.com/js/data/playermovement/NBA_Player_Movement.json#row-7716"", ""identity_resolution"": ""official_nba_player_id"", ""team_resolution"": ""official_team_id"", ""raw_text"": ""Los Angeles Lakers signed guard Gary Payton II to a Two-Way Contract."", ""confidence"": ""high""}"
2021-22,1627780,1610612744,team_trb_all_players/impact_database/roster_tenure/normalized_transactions.jsonl.gz,7707,"{""exact_date"": ""2018-10-13"", ""season"": ""2018-19"", ""event_type"": ""depart"", ""player_id"": ""1627780"", ""player_name"": ""Gary Payton II"", ""source_player_ref"": ""gary-payton-ii"", ""source_team_id"": 1610612757, ""destination_team_id"": null, ""source_team_name"": null, ""destination_team_name"": null, ""source_system"": ""Official NBA Player Movement feed"", ""source_reference"": ""https://stats.nba.com/js/data/playermovement/NBA_Player_Movement.json#row-7106"", ""identity_resolution"": ""official_nba_player_id"", ""team_resolution"": ""official_team_id"", ""raw_text"": ""Portland Trail Blazers waived guard Gary Payton II."", ""confidence"": ""high""}"
2021-22,1627780,1610612744,team_trb_all_players/impact_database/roster_tenure/normalized_transactions.jsonl.gz,7893,"{""exact_date"": ""2019-01-21"", ""season"": ""2018-19"", ""event_type"": ""acquire"", ""player_id"": ""1627780"", ""player_name"": ""Gary Payton II"", ""source_player_ref"": ""gary-payton-ii"", ""source_team_id"": null, ""destination_team_id"": 1610612764, ""source_team_name"": null, ""destination_team_name"": null, ""source_system"": ""Official NBA Player Movement feed"", ""source_reference"": ""https://stats.nba.com/js/data/playermovement/NBA_Player_Movement.json#row-6914"", ""identity_resolution"": ""official_nba_player_id"", ""team_resolution"": ""official_team_id"", ""raw_text"": ""Washington Wizards signed guard Gary Payton II to a 10-Day Contract."", ""confidence"": ""high""}"
2021-22,1627780,1610612744,team_trb_all_players/impact_database/roster_tenure/normalized_transactions.jsonl.gz,7906,"{""exact_date"": ""2019-01-30"", ""season"": ""2018-19"", ""event_type"": ""depart"", ""player_id"": ""1627780"", ""player_name"": ""Gary Payton II"", ""source_player_ref"": ""gary-payton-ii"", ""source_team_id"": 1610612764, ""destination_team_id"": null, ""source_team_name"": null, ""destination_team_name"": null, ""source_system"": ""Official NBA Player Movement feed"", ""source_reference"": ""https://stats.nba.com/js/data/playermovement/NBA_Player_Movement.json#row-6914#derived-10day-expiry"", ""identity_resolution"": ""official_nba_player_id"", ""team_resolution"": ""official_team_id+deterministic_10day_expiry;v11_inclusive_10day_endpoint"", ""raw_text"": ""Derived natural expiration of 10-Day Contract signed 2019-01-21; endpoint is 10 calendar days after signing or the third scheduled regular-season game, whichever is later."", ""confidence"": ""high"", ""derived_boundary_type"": ""10_day_contract_natural_expiry"", ""derived_from_signing_date"": ""2019-01-21"", ""v11_corrected_10day_endpoint"": true}"
2021-22,1627780,1610612744,team_trb_all_players/impact_database/roster_tenure/normalized_transactions.jsonl.gz,8699,"{""exact_date"": ""2019-12-23"", ""season"": ""2019-20"", ""event_type"": ""acquire"", ""player_id"": ""1627780"", ""player_name"": ""Gary Payton II"", ""source_player_ref"": ""gary-payton-ii"", ""source_team_id"": null, ""destination_team_id"": 1610612764, ""source_team_name"": null, ""destination_team_name"": null, ""source_system"": ""Official NBA Player Movement feed"", ""source_reference"": ""https://stats.nba.com/js/data/playermovement/NBA_Player_Movement.json#row-6095"", ""identity_resolution"": ""official_nba_player_id"", ""team_resolution"": ""official_team_id"", ""raw_text"": ""Washington Wizards signed guard Gary Payton II to a Rest-of-Season Contract."", ""confidence"": ""high""}"
2021-22,1627780,1610612744,team_trb_all_players/impact_database/roster_tenure/normalized_transactions.jsonl.gz,9569,"{""exact_date"": ""2021-04-08"", ""season"": ""2020-21"", ""event_type"": ""acquire"", ""player_id"": ""1627780"", ""player_name"": ""Gary Payton II"", ""source_player_ref"": ""gary-payton-ii"", ""source_team_id"": null, ""destination_team_id"": 1610612744, ""source_team_name"": null, ""destination_team_name"": null, ""source_system"": ""Official NBA Player Movement feed"", ""source_reference"": ""https://stats.nba.com/js/data/playermovement/NBA_Player_Movement.json#row-5194"", ""identity_resolution"": ""official_nba_player_id"", ""team_resolution"": ""official_team_id"", ""raw_text"": ""Golden State Warriors signed guard Gary Payton II to a 10-Day Contract."", ""confidence"": ""high""}"
2021-22,1627780,1610612744,team_trb_all_players/impact_database/roster_tenure/normalized_transactions.jsonl.gz,9612,"{""exact_date"": ""2021-04-17"", ""season"": ""2020-21"", ""event_type"": ""depart"", ""player_id"": ""1627780"", ""player_name"": ""Gary Payton II"", ""source_player_ref"": ""gary-payton-ii"", ""source_team_id"": 1610612744, ""destination_team_id"": null, ""source_team_name"": null, ""destination_team_name"": null, ""source_system"": ""Official NBA Player Movement feed"", ""source_reference"": ""https://stats.nba.com/js/data/playermovement/NBA_Player_Movement.json#row-5194#derived-10day-expiry"", ""identity_resolution"": ""official_nba_player_id"", ""team_resolution"": ""official_team_id+deterministic_10day_expiry;v11_inclusive_10day_endpoint"", ""raw_text"": ""Derived natural expiration of 10-Day Contract signed 2021-04-08; endpoint is 10 calendar days after signing or the third scheduled regular-season game, whichever is later."", ""confidence"": ""high"", ""derived_boundary_type"": ""10_day_contract_natural_expiry"", ""derived_from_signing_date"": ""2021-04-08"", ""v11_corrected_10day_endpoint"": true}"
2021-22,1627780,1610612744,team_trb_all_players/impact_database/roster_tenure/normalized_transactions.jsonl.gz,9619,"{""exact_date"": ""2021-04-19"", ""season"": ""2020-21"", ""event_type"": ""acquire"", ""player_id"": ""1627780"", ""player_name"": ""Gary Payton II"", ""source_player_ref"": ""gary-payton-ii"", ""source_team_id"": null, ""destination_team_id"": 1610612744, ""source_team_name"": null, ""destination_team_name"": null, ""source_system"": ""Official NBA Player Movement feed"", ""source_reference"": ""https://stats.nba.com/js/data/playermovement/NBA_Player_Movement.json#row-5161"", ""identity_resolution"": ""official_nba_player_id"", ""team_resolution"": ""official_team_id"", ""raw_text"": ""Golden State Warriors signed guard Gary Payton II to a 10-Day Contract."", ""confidence"": ""high""}"
2021-22,1627780,1610612744,team_trb_all_players/impact_database/roster_tenure/normalized_transactions.jsonl.gz,9658,"{""exact_date"": ""2021-04-28"", ""season"": ""2020-21"", ""event_type"": ""depart"", ""player_id"": ""1627780"", ""player_name"": ""Gary Payton II"", ""source_player_ref"": ""gary-payton-ii"", ""source_team_id"": 1610612744, ""destination_team_id"": null, ""source_team_name"": null, ""destination_team_name"": null, ""source_system"": ""Official NBA Player Movement feed"", ""source_reference"": ""https://stats.nba.com/js/data/playermovement/NBA_Player_Movement.json#row-5161#derived-10day-expiry"", ""identity_resolution"": ""official_nba_player_id"", ""team_resolution"": ""official_team_id+deterministic_10day_expiry;v11_inclusive_10day_endpoint"", ""raw_text"": ""Derived natural expiration of 10-Day Contract signed 2021-04-19; endpoint is 10 calendar days after signing or the third scheduled regular-season game, whichever is later."", ""confidence"": ""high"", ""derived_boundary_type"": ""10_day_contract_natural_expiry"", ""derived_from_signing_date"": ""2021-04-19"", ""v11_corrected_10day_endpoint"": true}"
2021-22,1627780,1610612744,team_trb_all_players/impact_database/roster_tenure/normalized_transactions.jsonl.gz,9708,"{""exact_date"": ""2021-05-16"", ""season"": ""2020-21"", ""event_type"": ""acquire"", ""player_id"": ""1627780"", ""player_name"": ""Gary Payton II"", ""source_player_ref"": ""gary-payton-ii"", ""source_team_id"": null, ""destination_team_id"": 1610612744, ""source_team_name"": null, ""destination_team_name"": null, ""source_system"": ""Official NBA Player Movement feed"", ""source_reference"": ""https://stats.nba.com/js/data/playermovement/NBA_Player_Movement.json#row-5099"", ""identity_resolution"": ""official_nba_player_id"", ""team_resolution"": ""official_team_id"", ""raw_text"": ""Golden State Warriors signed guard Gary Payton II to a Rest-of-Season Contract."", ""confidence"": ""high""}"
2021-22,1627780,1610612744,team_trb_all_players/impact_database/roster_tenure/normalized_transactions.jsonl.gz,10162,"{""exact_date"": ""2021-10-16"", ""season"": ""2021-22"", ""event_type"": ""depart"", ""player_id"": ""1627780"", ""player_name"": ""Gary Payton II"", ""source_player_ref"": ""gary-payton-ii"", ""source_team_id"": 1610612744, ""destination_team_id"": null, ""source_team_name"": null, ""destination_team_name"": null, ""source_system"": ""Official NBA Player Movement feed"", ""source_reference"": ""https://stats.nba.com/js/data/playermovement/NBA_Player_Movement.json#row-4580"", ""identity_resolution"": ""official_nba_player_id"", ""team_resolution"": ""official_team_id"", ""raw_text"": ""Golden State Warriors waived guard Gary Payton II."", ""confidence"": ""high""}"
2021-22,1627780,1610612744,team_trb_all_players/impact_database/roster_tenure/normalized_transactions.jsonl.gz,10247,"{""exact_date"": ""2021-10-19"", ""season"": ""2021-22"", ""event_type"": ""acquire"", ""player_id"": ""1627780"", ""player_name"": ""Gary Payton II"", ""source_player_ref"": ""gary-payton-ii"", ""source_team_id"": null, ""destination_team_id"": 1610612744, ""source_team_name"": null, ""destination_team_name"": null, ""source_system"": ""Official NBA Player Movement feed"", ""source_reference"": ""https://stats.nba.com/js/data/playermovement/NBA_Player_Movement.json#row-4526"", ""identity_resolution"": ""official_nba_player_id"", ""team_resolution"": ""official_team_id"", ""raw_text"": ""Golden State Warriors signed guard Gary Payton II to a Contract."", ""confidence"": ""high""}"
2021-22,1627780,1610612744,team_trb_all_players/impact_database/roster_tenure/normalized_transactions.jsonl.gz,10996,"{""exact_date"": ""2022-07-06"", ""season"": ""2022-23"", ""event_type"": ""acquire"", ""player_id"": ""1627780"", ""player_name"": ""Gary Payton II"", ""source_player_ref"": ""gary-payton-ii"", ""source_team_id"": null, ""destination_team_id"": 1610612757, ""source_team_name"": null, ""destination_team_name"": null, ""source_system"": ""Official NBA Player Movement feed"", ""source_reference"": ""https://stats.nba.com/js/data/playermovement/NBA_Player_Movement.json#row-3926"", ""identity_resolution"": ""official_nba_player_id"", ""team_resolution"": ""official_team_id"", ""raw_text"": ""Portland Trail Blazers signed guard Gary Payton II to a Contract."", ""confidence"": ""high""}"
2021-22,1627780,1610612744,team_trb_all_players/impact_database/roster_tenure/normalized_transactions.jsonl.gz,11548,"{""exact_date"": ""2023-02-09"", ""season"": ""2022-23"", ""event_type"": ""trade"", ""player_id"": ""1627780"", ""player_name"": ""Gary Payton II"", ""source_player_ref"": ""gary-payton-ii"", ""source_team_id"": 1610612757, ""destination_team_id"": 1610612744, ""source_team_name"": null, ""destination_team_name"": null, ""source_system"": ""Official NBA Player Movement feed"", ""source_reference"": ""https://stats.nba.com/js/data/playermovement/NBA_Player_Movement.json#row-3350"", ""identity_resolution"": ""official_nba_player_id"", ""team_resolution"": ""official_team_id"", ""raw_text"": ""Golden State Warriors received guard Gary Payton II from Portland Trail Blazers."", ""confidence"": ""high""}"
2021-22,1627780,1610612744,team_trb_all_players/impact_database/roster_tenure/normalized_transactions.jsonl.gz,14397,"{""exact_date"": ""2025-09-29"", ""season"": ""2025-26"", ""event_type"": ""acquire"", ""player_id"": ""1627780"", ""player_name"": ""Gary Payton II"", ""source_player_ref"": ""gary-payton-ii"", ""source_team_id"": null, ""destination_team_id"": 1610612744, ""source_team_name"": null, ""destination_team_name"": null, ""source_system"": ""Official NBA Player Movement feed"", ""source_reference"": ""https://stats.nba.com/js/data/playermovement/NBA_Player_Movement.json#row-847"", ""identity_resolution"": ""official_nba_player_id"", ""team_resolution"": ""official_team_id"", ""raw_text"": ""Golden State Warriors re-signed guard Gary Payton II to a Contract."", ""confidence"": ""high""}"
2021-22,1627780,1610612744,team_trb_all_players/impact_database/roster_tenure/normalized_transactions.jsonl.gz,15242,"{""exact_date"": ""2026-08-01"", ""season"": ""2026-27"", ""event_type"": ""acquire"", ""player_id"": ""1627780"", ""player_name"": ""Gary Payton II"", ""source_player_ref"": ""gary-payton-ii"", ""source_team_id"": null, ""destination_team_id"": 1610612744, ""source_team_name"": null, ""destination_team_name"": null, ""source_system"": ""Official NBA Player Movement feed"", ""source_reference"": ""https://stats.nba.com/js/data/playermovement/NBA_Player_Movement.json#row-7"", ""identity_resolution"": ""official_nba_player_id"", ""team_resolution"": ""official_team_id"", ""raw_text"": ""Golden State Warriors re-signed guard Gary Payton II to a Contract."", ""confidence"": ""high""}"
2021-22,1630613,1610612754,team_trb_all_players/impact_database/roster_tenure/normalized_transactions.jsonl.gz,9763,"{""exact_date"": ""2021-08-05"", ""season"": ""2021-22"", ""event_type"": ""acquire"", ""player_id"": ""1630613"", ""player_name"": ""Duane Washington Jr."", ""source_player_ref"": ""duane-washington-jr"", ""source_team_id"": null, ""destination_team_id"": 1610612754, ""source_team_name"": null, ""destination_team_name"": null, ""source_system"": ""Official NBA Player Movement feed"", ""source_reference"": ""https://stats.nba.com/js/data/playermovement/NBA_Player_Movement.json#row-5042"", ""identity_resolution"": ""official_nba_player_id"", ""team_resolution"": ""official_team_id"", ""raw_text"": ""Indiana Pacers signed guard Duane Washington Jr. to a Two-Way Contract."", ""confidence"": ""high""}"
2021-22,1630613,1610612754,team_trb_all_players/impact_database/roster_tenure/normalized_transactions.jsonl.gz,10898,"{""exact_date"": ""2022-04-07"", ""season"": ""2021-22"", ""event_type"": ""acquire"", ""player_id"": ""1630613"", ""player_name"": ""Duane Washington Jr."", ""source_player_ref"": ""duane-washington-jr"", ""source_team_id"": null, ""destination_team_id"": 1610612754, ""source_team_name"": null, ""destination_team_name"": null, ""source_system"": ""Official NBA Player Movement feed"", ""source_reference"": ""https://stats.nba.com/js/data/playermovement/NBA_Player_Movement.json#row-4046"", ""identity_resolution"": ""official_nba_player_id"", ""team_resolution"": ""official_team_id"", ""raw_text"": ""Indiana Pacers re-signed guard Duane Washington Jr. to a Rest-of-Season Contract."", ""confidence"": ""high""}"
2021-22,1630613,1610612754,team_trb_all_players/impact_database/roster_tenure/normalized_transactions.jsonl.gz,11109,"{""exact_date"": ""2022-07-14"", ""season"": ""2022-23"", ""event_type"": ""depart"", ""player_id"": ""1630613"", ""player_name"": ""Duane Washington Jr."", ""source_player_ref"": ""duane-washington-jr"", ""source_team_id"": 1610612754, ""destination_team_id"": null, ""source_team_name"": null, ""destination_team_name"": null, ""source_system"": ""Official NBA Player Movement feed"", ""source_reference"": ""https://stats.nba.com/js/data/playermovement/NBA_Player_Movement.json#row-3834"", ""identity_resolution"": ""official_nba_player_id"", ""team_resolution"": ""official_team_id"", ""raw_text"": ""Indiana Pacers waived guard Duane Washington Jr.."", ""confidence"": ""high""}"
2021-22,1630613,1610612754,team_trb_all_players/impact_database/roster_tenure/normalized_transactions.jsonl.gz,11156,"{""exact_date"": ""2022-08-03"", ""season"": ""2022-23"", ""event_type"": ""acquire"", ""player_id"": ""1630613"", ""player_name"": ""Duane Washington Jr."", ""source_player_ref"": ""duane-washington-jr"", ""source_team_id"": null, ""destination_team_id"": 1610612756, ""source_team_name"": null, ""destination_team_name"": null, ""source_system"": ""Official NBA Player Movement feed"", ""source_reference"": ""https://stats.nba.com/js/data/playermovement/NBA_Player_Movement.json#row-3783"", ""identity_resolution"": ""official_nba_player_id"", ""team_resolution"": ""official_team_id"", ""raw_text"": ""Phoenix Suns signed guard Duane Washington Jr. to a Two-Way Contract."", ""confidence"": ""high""}"
2021-22,1630613,1610612754,team_trb_all_players/impact_database/roster_tenure/normalized_transactions.jsonl.gz,11532,"{""exact_date"": ""2023-02-01"", ""season"": ""2022-23"", ""event_type"": ""depart"", ""player_id"": ""1630613"", ""player_name"": ""Duane Washington Jr."", ""source_player_ref"": ""duane-washington-jr"", ""source_team_id"": 1610612756, ""destination_team_id"": null, ""source_team_name"": null, ""destination_team_name"": null, ""source_system"": ""Official NBA Player Movement feed"", ""source_reference"": ""https://stats.nba.com/js/data/playermovement/NBA_Player_Movement.json#row-3399"", ""identity_resolution"": ""official_nba_player_id"", ""team_resolution"": ""official_team_id"", ""raw_text"": ""Phoenix Suns waived guard Duane Washington Jr.."", ""confidence"": ""high""}"
2021-22,1630613,1610612754,team_trb_all_players/impact_database/roster_tenure/normalized_transactions.jsonl.gz,11662,"{""exact_date"": ""2023-02-28"", ""season"": ""2022-23"", ""event_type"": ""acquire"", ""player_id"": ""1630613"", ""player_name"": ""Duane Washington Jr."", ""source_player_ref"": ""duane-washington-jr"", ""source_team_id"": null, ""destination_team_id"": 1610612752, ""source_team_name"": null, ""destination_team_name"": null, ""source_system"": ""Official NBA Player Movement feed"", ""source_reference"": ""https://stats.nba.com/js/data/playermovement/NBA_Player_Movement.json#row-3244"", ""identity_resolution"": ""official_nba_player_id"", ""team_resolution"": ""official_team_id"", ""raw_text"": ""New York Knicks signed guard Duane Washington Jr. to a Two-Way Contract."", ""confidence"": ""high""}"
2021-22,1630613,1610612754,team_trb_all_players/impact_database/roster_tenure/normalized_transactions.jsonl.gz,12016,"{""exact_date"": ""2023-07-24"", ""season"": ""2023-24"", ""event_type"": ""acquire"", ""player_id"": ""1630613"", ""player_name"": ""Duane Washington Jr."", ""source_player_ref"": ""duane-washington-jr"", ""source_team_id"": null, ""destination_team_id"": 1610612752, ""source_team_name"": null, ""destination_team_name"": null, ""source_system"": ""Official NBA Player Movement feed"", ""source_reference"": ""https://stats.nba.com/js/data/playermovement/NBA_Player_Movement.json#row-2880"", ""identity_resolution"": ""official_nba_player_id"", ""team_resolution"": ""official_team_id"", ""raw_text"": ""New York Knicks re-signed guard Duane Washington Jr. to a Two-Way Contract."", ""confidence"": ""high""}"
2021-22,1630613,1610612754,team_trb_all_players/impact_database/roster_tenure/normalized_transactions.jsonl.gz,12017,"{""exact_date"": ""2023-07-24"", ""season"": ""2023-24"", ""event_type"": ""depart"", ""player_id"": ""1630613"", ""player_name"": ""Duane Washington Jr."", ""source_player_ref"": ""duane-washington-jr"", ""source_team_id"": 1610612752, ""destination_team_id"": null, ""source_team_name"": null, ""destination_team_name"": null, ""source_system"": ""Official NBA Player Movement feed"", ""source_reference"": ""https://stats.nba.com/js/data/playermovement/NBA_Player_Movement.json#row-2883"", ""identity_resolution"": ""official_nba_player_id"", ""team_resolution"": ""official_team_id"", ""raw_text"": ""New York Knicks waived guard Duane Washington Jr.."", ""confidence"": ""high""}"
2021-22,1630613,1610612754,team_trb_all_players/impact_database/roster_tenure/normalized_transactions.jsonl.gz,12276,"{""exact_date"": ""2023-10-21"", ""season"": ""2023-24"", ""event_type"": ""depart"", ""player_id"": ""1630613"", ""player_name"": ""Duane Washington Jr."", ""source_player_ref"": ""duane-washington-jr"", ""source_team_id"": 1610612752, ""destination_team_id"": null, ""source_team_name"": null, ""destination_team_name"": null, ""source_system"": ""Official NBA Player Movement feed"", ""source_reference"": ""https://stats.nba.com/js/data/playermovement/NBA_Player_Movement.json#row-2629"", ""identity_resolution"": ""official_nba_player_id"", ""team_resolution"": ""official_team_id"", ""raw_text"": ""New York Knicks waived guard Duane Washington Jr.."", ""confidence"": ""high""}"
2021-22,1630613,1610612754,team_trb_all_players/impact_database/roster_tenure/normalized_transactions.jsonl.gz,12322,"{""exact_date"": ""2023-10-23"", ""season"": ""2023-24"", ""event_type"": ""acquire"", ""player_id"": ""1630613"", ""player_name"": ""Duane Washington Jr."", ""source_player_ref"": ""duane-washington-jr"", ""source_team_id"": null, ""destination_team_id"": 1610612752, ""source_team_name"": null, ""destination_team_name"": null, ""source_system"": ""Official NBA Player Movement feed"", ""source_reference"": ""https://stats.nba.com/js/data/playermovement/NBA_Player_Movement.json#row-2564"", ""identity_resolution"": ""official_nba_player_id"", ""team_resolution"": ""official_team_id"", ""raw_text"": ""New York Knicks signed guard Duane Washington Jr. to a Two-Way Contract."", ""confidence"": ""high""}"
2021-22,1630613,1610612754,team_trb_all_players/impact_database/roster_tenure/normalized_transactions.jsonl.gz,12361,"{""exact_date"": ""2023-11-27"", ""season"": ""2023-24"", ""event_type"": ""depart"", ""player_id"": ""1630613"", ""player_name"": ""Duane Washington Jr."", ""source_player_ref"": ""duane-washington-jr"", ""source_team_id"": 1610612752, ""destination_team_id"": null, ""source_team_name"": null, ""destination_team_name"": null, ""source_system"": ""Official NBA Player Movement feed"", ""source_reference"": ""https://stats.nba.com/js/data/playermovement/NBA_Player_Movement.json#row-2518"", ""identity_resolution"": ""official_nba_player_id"", ""team_resolution"": ""official_team_id"", ""raw_text"": ""New York Knicks waived guard Duane Washington Jr.."", ""confidence"": ""high""}"
2021-22,1630613,1610612754,team_trb_all_players/impact_database/roster_tenure/normalized_transactions.jsonl.gz,12403,"{""exact_date"": ""2024-01-03"", ""season"": ""2023-24"", ""event_type"": ""acquire"", ""player_id"": ""1630613"", ""player_name"": ""Duane Washington Jr."", ""source_player_ref"": ""duane-washington-jr"", ""source_team_id"": null, ""destination_team_id"": 1610612752, ""source_team_name"": null, ""destination_team_name"": null, ""source_system"": ""Official NBA Player Movement feed"", ""source_reference"": ""https://stats.nba.com/js/data/playermovement/NBA_Player_Movement.json#row-2478"", ""identity_resolution"": ""official_nba_player_id"", ""team_resolution"": ""official_team_id"", ""raw_text"": ""New York Knicks signed guard Duane Washington Jr. to a Two-Way Contract."", ""confidence"": ""high""}"
2021-22,1630613,1610612754,team_trb_all_players/impact_database/roster_tenure/normalized_transactions.jsonl.gz,12829,"{""exact_date"": ""2024-07-01"", ""season"": ""2024-25"", ""event_type"": ""depart"", ""player_id"": ""1630613"", ""player_name"": ""Duane Washington, Jr."", ""source_player_ref"": null, ""source_team_id"": 1610612752, ""destination_team_id"": null, ""source_team_name"": ""New York Knicks"", ""destination_team_name"": null, ""source_system"": ""RealGM league transaction history"", ""source_reference"": ""https://basketball.realgm.com/nba/transactions/league/2025"", ""identity_resolution"": ""realgm_name+core_team_context"", ""team_resolution"": ""realgm_historical_team_alias"", ""raw_text"": ""Duane Washington, Jr., previously with the New York Knicks, became a free agent."", ""confidence"": ""high"", ""realgm_subtype"": ""free_agent""}"
2021-22,1630613,1610612754,team_trb_all_players/impact_database/roster_tenure/normalized_transactions.jsonl.gz,13402,"{""exact_date"": ""2024-10-02"", ""season"": ""2024-25"", ""event_type"": ""acquire"", ""player_id"": ""1630613"", ""player_name"": ""Duane Washington, Jr."", ""source_player_ref"": null, ""source_team_id"": null, ""destination_team_id"": null, ""source_team_name"": null, ""destination_team_name"": ""New York Knicks as part of an eventual sign and trade to Charlotte Hornets"", ""source_system"": ""RealGM league transaction history"", ""source_reference"": ""https://basketball.realgm.com/nba/transactions/league/2025"", ""identity_resolution"": ""realgm_name+core_team_context"", ""team_resolution"": ""realgm_historical_team_alias"", ""raw_text"": ""Duane Washington, Jr. signed a multi-year contract with the New York Knicks as part of an eventual sign and trade to Charlotte Hornets."", ""confidence"": ""high"", ""realgm_subtype"": ""signing""}"
2021-22,1630613,1610612754,team_trb_all_players/impact_database/roster_tenure/normalized_transactions.jsonl.gz,13403,"{""exact_date"": ""2024-10-02"", ""season"": ""2024-25"", ""event_type"": ""trade"", ""player_id"": ""1630613"", ""player_name"": ""Duane Washington Jr."", ""source_player_ref"": ""duane-washington-jr"", ""source_team_id"": 1610612752, ""destination_team_id"": 1610612766, ""source_team_name"": null, ""destination_team_name"": null, ""source_system"": ""Official NBA Player Movement feed"", ""source_reference"": ""https://stats.nba.com/js/data/playermovement/NBA_Player_Movement.json#row-1801"", ""identity_resolution"": ""official_nba_player_id"", ""team_resolution"": ""official_team_id"", ""raw_text"": ""Charlotte Hornets received guard Duane Washington Jr. from New York Knicks."", ""confidence"": ""high""}"
2021-22,1630613,1610612754,team_trb_all_players/impact_database/roster_tenure/normalized_transactions.jsonl.gz,13422,"{""exact_date"": ""2024-10-08"", ""season"": ""2024-25"", ""event_type"": ""depart"", ""player_id"": ""1630613"", ""player_name"": ""Duane Washington Jr."", ""source_player_ref"": ""duane-washington-jr"", ""source_team_id"": 1610612766, ""destination_team_id"": null, ""source_team_name"": null, ""destination_team_name"": null, ""source_system"": ""Official NBA Player Movement feed"", ""source_reference"": ""https://stats.nba.com/js/data/playermovement/NBA_Player_Movement.json#row-1788"", ""identity_resolution"": ""official_nba_player_id"", ""team_resolution"": ""official_team_id"", ""raw_text"": ""Charlotte Hornets waived guard Duane Washington Jr.."", ""confidence"": ""high""}"
2021-22,1630613,1610612754,team_trb_all_players/impact_database/roster_tenure/realgm_transactions_resilient/2024-25.txt.gz,2834,"*   [Duane Washington, Jr.](https://basketball.realgm.com/player/Duane-Washington-Jr/Summary/129708), previously with the [Charlotte Hornets](https://basketball.realgm.com/nba/teams/Charlotte-Hornets/3/home), became a free agent."
2021-22,1630613,1610612754,team_trb_all_players/impact_database/roster_tenure/realgm_transactions_resilient/2024-25.txt.gz,2874,"*    The [Charlotte Hornets](https://basketball.realgm.com/nba/teams/Charlotte-Hornets/3/home) placed the contract of [Duane Washington, Jr.](https://basketball.realgm.com/player/Duane-Washington-Jr/Summary/129708) on waivers."
2021-22,1630613,1610612754,team_trb_all_players/impact_database/roster_tenure/realgm_transactions_resilient/2024-25.txt.gz,2930,"*   [Karl-Anthony Towns](https://basketball.realgm.com/player/Karl-Anthony-Towns/Summary/39311) and the draft rights to [James Nnaji](https://basketball.realgm.com/player/James-Nnaji/Summary/168792) were acquired by the New York Knicks in exchange for [Keita Bates-Diop](https://basketball.realgm.com/player/Keita-Bates-Diop/Summary/71803), [Charlie Brown, Jr.](https://basketball.realgm.com/player/Charlie-Brown-Jr/Summary/89344), [Donte DiVincenzo](https://basketball.realgm.com/player/Donte-DiVincenzo/Summary/83939), [DaQuan Jeffries](https://basketball.realgm.com/player/DaQuan-Jeffries/Summary/89155), [Julius Randle](https://basketball.realgm.com/player/Julius-Randle/Summary/24301), [Duane Washington, Jr.](https://basketball.realgm.com/player/Duane-Washington-Jr/Summary/129708), a conditional 2023 1st round pick (DET own), a 2026 2nd round pick (GOS own), a 2031 2nd round pick (NYK own) and cash. [Keita Bates-Diop](https://basketball.realgm.com/player/Keita-Bates-Diop/Summary/71803), [Donte DiVincenzo](https://basketball.realgm.com/player/Donte-DiVincenzo/Summary/83939), [Julius Randle](https://basketball.realgm.com/player/Julius-Randle/Summary/24301), a conditional 2023 1st round pick (DET own) and a TPE were acquired by the Minnesota Timberwolves in exchange for [Karl-Anthony Towns](https://basketball.realgm.com/player/Karl-Anthony-Towns/Summary/39311) and a Least Favorable 2025 2nd round pick. [Charlie Brown, Jr.](https://basketball.realgm.com/player/Charlie-Brown-Jr/Summary/89344), [DaQuan Jeffries](https://basketball.realgm.com/player/DaQuan-Jeffries/Summary/89155), [Duane Washington, Jr.](https://basketball.realgm.com/player/Duane-Washington-Jr/Summary/129708), a Least Favorable 2025 2nd round pick, a 2026 2nd round pick (GOS own), a 2031 2nd round pick (NYK own) and cash were acquired by the Charlotte Hornets in exchange for the draft rights to [James Nnaji](https://basketball.realgm.com/player/James-Nnaji/Summary/168792)."
2021-22,1630613,1610612754,team_trb_all_players/impact_database/roster_tenure/realgm_transactions_resilient/2024-25.txt.gz,2934,"*   [Duane Washington, Jr.](https://basketball.realgm.com/player/Duane-Washington-Jr/Summary/129708) signed a multi-year contract with the [New York Knicks](https://basketball.realgm.com/nba/teams/New-York-Knicks/20/home) as part of an eventual sign and trade to [Charlotte Hornets](https://basketball.realgm.com/nba/teams/Charlotte-Hornets/3/home)."
2021-22,1630613,1610612754,team_trb_all_players/impact_database/roster_tenure/realgm_transactions_resilient/2024-25.txt.gz,4013,"*   [Duane Washington, Jr.](https://basketball.realgm.com/player/Duane-Washington-Jr/Summary/129708), previously with the [New York Knicks](https://basketball.realgm.com/nba/teams/New-York-Knicks/20/home), became a free agent."
2021-22,1630613,1610612754,team_trb_all_players/impact_database/roster_tenure/realgm_transactions_resilient/2024-25.txt.gz,7950,"Oct 11, 2024 [Duane Washington, Jr.](https://basketball.realgm.com/player/Duane-Washington-Jr/Summary/129708)"
2021-22,1630613,1610612754,team_trb_all_players/impact_database/roster_tenure/realgm_transactions_resilient/2024-25.txt.gz,8254,"Jul 1, 2024 [Duane Washington, Jr.](https://basketball.realgm.com/player/Duane-Washington-Jr/Summary/129708)"
2021-22,1630613,1610612754,team_trb_all_players/impact_database/roster_tenure/realgm_transactions_resilient/2024-25.txt.gz,8774,"Oct 2, 2024 [Duane Washington, Jr.](https://basketball.realgm.com/player/Duane-Washington-Jr/Summary/129708)"
2021-22,1630613,1610612754,team_trb_all_players/impact_database/roster_tenure/realgm_transactions_resilient/2024-25.txt.gz,8798,"Oct 2, 2024 [Duane Washington, Jr.](https://basketball.realgm.com/player/Duane-Washington-Jr/Summary/129708)"
2021-22,1630613,1610612754,team_trb_all_players/impact_database/roster_tenure/realgm_transactions_resilient/2024-25.txt.gz,9762,"Oct 8, 2024 [Duane Washington, Jr.](https://basketball.realgm.com/player/Duane-Washington-Jr/Summary/129708)"
2021-22,1630598,1610612760,team_trb_all_players/impact_database/roster_tenure/normalized_transactions.jsonl.gz,9938,"{""exact_date"": ""2021-08-14"", ""season"": ""2021-22"", ""event_type"": ""acquire"", ""player_id"": ""1630598"", ""player_name"": ""Aaron Wiggins"", ""source_player_ref"": ""aaron-wiggins"", ""source_team_id"": null, ""destination_team_id"": 1610612760, ""source_team_name"": null, ""destination_team_name"": null, ""source_system"": ""Official NBA Player Movement feed"", ""source_reference"": ""https://stats.nba.com/js/data/playermovement/NBA_Player_Movement.json#row-4856"", ""identity_resolution"": ""official_nba_player_id"", ""team_resolution"": ""official_team_id"", ""raw_text"": ""Oklahoma City Thunder re-signed guard Aaron Wiggins to a Two-Way Contract."", ""confidence"": ""high""}"
2021-22,1630598,1610612760,team_trb_all_players/impact_database/roster_tenure/normalized_transactions.jsonl.gz,10760,"{""exact_date"": ""2022-02-12"", ""season"": ""2021-22"", ""event_type"": ""acquire"", ""player_id"": ""1630598"", ""player_name"": ""Aaron Wiggins"", ""source_player_ref"": ""aaron-wiggins"", ""source_team_id"": null, ""destination_team_id"": 1610612760, ""source_team_name"": null, ""destination_team_name"": null, ""source_system"": ""Official NBA Player Movement feed"", ""source_reference"": ""https://stats.nba.com/js/data/playermovement/NBA_Player_Movement.json#row-4157"", ""identity_resolution"": ""official_nba_player_id"", ""team_resolution"": ""official_team_id"", ""raw_text"": ""Oklahoma City Thunder re-signed guard Aaron Wiggins to a Rest-of-Season Contract."", ""confidence"": ""high""}"
2021-22,1630598,1610612760,team_trb_all_players/impact_database/roster_tenure/normalized_transactions.jsonl.gz,12827,"{""exact_date"": ""2024-07-01"", ""season"": ""2024-25"", ""event_type"": ""depart"", ""player_id"": ""1630598"", ""player_name"": ""Aaron Wiggins"", ""source_player_ref"": null, ""source_team_id"": 1610612760, ""destination_team_id"": null, ""source_team_name"": ""Oklahoma City Thunder"", ""destination_team_name"": null, ""source_system"": ""RealGM league transaction history"", ""source_reference"": ""https://basketball.realgm.com/nba/transactions/league/2025"", ""identity_resolution"": ""realgm_name+core_team_context"", ""team_resolution"": ""realgm_historical_team_alias"", ""raw_text"": ""Aaron Wiggins, previously with the Oklahoma City Thunder, became a free agent."", ""confidence"": ""high"", ""realgm_subtype"": ""free_agent""}"
2021-22,1630598,1610612760,team_trb_all_players/impact_database/roster_tenure/normalized_transactions.jsonl.gz,13061,"{""exact_date"": ""2024-07-07"", ""season"": ""2024-25"", ""event_type"": ""acquire"", ""player_id"": ""1630598"", ""player_name"": ""Aaron Wiggins"", ""source_player_ref"": ""aaron-wiggins"", ""source_team_id"": null, ""destination_team_id"": 1610612760, ""source_team_name"": null, ""destination_team_name"": null, ""source_system"": ""Official NBA Player Movement feed"", ""source_reference"": ""https://stats.nba.com/js/data/playermovement/NBA_Player_Movement.json#row-2033"", ""identity_resolution"": ""official_nba_player_id"", ""team_resolution"": ""official_team_id"", ""raw_text"": ""Oklahoma City Thunder re-signed guard Aaron Wiggins to a Contract."", ""confidence"": ""high""}"
2021-22,1630598,1610612760,team_trb_all_players/impact_database/roster_tenure/normalized_transactions.jsonl.gz,15098,"{""exact_date"": ""2026-07-06"", ""season"": ""2026-27"", ""event_type"": ""trade"", ""player_id"": ""1630598"", ""player_name"": ""Aaron Wiggins"", ""source_player_ref"": ""aaron-wiggins"", ""source_team_id"": 1610612760, ""destination_team_id"": 1610612737, ""source_team_name"": null, ""destination_team_name"": null, ""source_system"": ""Official NBA Player Movement feed"", ""source_reference"": ""https://stats.nba.com/js/data/playermovement/NBA_Player_Movement.json#row-171"", ""identity_resolution"": ""official_nba_player_id"", ""team_resolution"": ""official_team_id"", ""raw_text"": ""Atlanta Hawks received guard Aaron Wiggins from Oklahoma City Thunder."", ""confidence"": ""high""}"
2021-22,1630598,1610612760,team_trb_all_players/impact_database/roster_tenure/realgm_transactions_resilient/2024-25.txt.gz,3642,*   [Aaron Wiggins](https://basketball.realgm.com/player/Aaron-Wiggins/Summary/120275) signed a multi-year contract with the [Oklahoma City Thunder](https://basketball.realgm.com/nba/teams/Oklahoma-City-Thunder/33/home).
2021-22,1630598,1610612760,team_trb_all_players/impact_database/roster_tenure/realgm_transactions_resilient/2024-25.txt.gz,4017,"*   [Aaron Wiggins](https://basketball.realgm.com/player/Aaron-Wiggins/Summary/120275), previously with the [Oklahoma City Thunder](https://basketball.realgm.com/nba/teams/Oklahoma-City-Thunder/33/home), became a free agent."
2021-22,1630598,1610612760,team_trb_all_players/impact_database/roster_tenure/realgm_transactions_resilient/2024-25.txt.gz,5080,"Jul 7, 2024 [Aaron Wiggins](https://basketball.realgm.com/player/Aaron-Wiggins/Summary/120275)"
2021-22,1630598,1610612760,team_trb_all_players/impact_database/roster_tenure/realgm_transactions_resilient/2024-25.txt.gz,8160,"Jul 1, 2024 [Aaron Wiggins](https://basketball.realgm.com/player/Aaron-Wiggins/Summary/120275)"
2022-23,1630322,1610612760,team_trb_all_players/impact_database/roster_tenure/normalized_transactions.jsonl.gz,10731,"{""exact_date"": ""2022-02-10"", ""season"": ""2021-22"", ""event_type"": ""acquire"", ""player_id"": ""1630322"", ""player_name"": ""Lindy Waters III"", ""source_player_ref"": ""lindy-waters-iii"", ""source_team_id"": null, ""destination_team_id"": 1610612760, ""source_team_name"": null, ""destination_team_name"": null, ""source_system"": ""Official NBA Player Movement feed"", ""source_reference"": ""https://stats.nba.com/js/data/playermovement/NBA_Player_Movement.json#row-4169"", ""identity_resolution"": ""official_nba_player_id"", ""team_resolution"": ""official_team_id"", ""raw_text"": ""Oklahoma City Thunder signed forward Lindy Waters III to a Two-Way Contract."", ""confidence"": ""high""}"
2022-23,1630322,1610612760,team_trb_all_players/impact_database/roster_tenure/normalized_transactions.jsonl.gz,11659,"{""exact_date"": ""2023-02-27"", ""season"": ""2022-23"", ""event_type"": ""acquire"", ""player_id"": ""1630322"", ""player_name"": ""Lindy Waters III"", ""source_player_ref"": ""lindy-waters-iii"", ""source_team_id"": null, ""destination_team_id"": 1610612760, ""source_team_name"": null, ""destination_team_name"": null, ""source_system"": ""Official NBA Player Movement feed"", ""source_reference"": ""https://stats.nba.com/js/data/playermovement/NBA_Player_Movement.json#row-3248"", ""identity_resolution"": ""official_nba_player_id"", ""team_resolution"": ""official_team_id"", ""raw_text"": ""Oklahoma City Thunder re-signed forward Lindy Waters III to a Rest-of-Season Contract."", ""confidence"": ""high""}"
2022-23,1630322,1610612760,team_trb_all_players/impact_database/roster_tenure/normalized_transactions.jsonl.gz,12048,"{""exact_date"": ""2023-08-18"", ""season"": ""2023-24"", ""event_type"": ""acquire"", ""player_id"": ""1630322"", ""player_name"": ""Lindy Waters III"", ""source_player_ref"": ""lindy-waters-iii"", ""source_team_id"": null, ""destination_team_id"": 1610612760, ""source_team_name"": null, ""destination_team_name"": null, ""source_system"": ""Official NBA Player Movement feed"", ""source_reference"": ""https://stats.nba.com/js/data/playermovement/NBA_Player_Movement.json#row-2851"", ""identity_resolution"": ""official_nba_player_id"", ""team_resolution"": ""official_team_id"", ""raw_text"": ""Oklahoma City Thunder signed forward Lindy Waters III to a Two-Way Contract."", ""confidence"": ""high""}"
2022-23,1630322,1610612760,team_trb_all_players/impact_database/roster_tenure/normalized_transactions.jsonl.gz,12528,"{""exact_date"": ""2024-02-09"", ""season"": ""2023-24"", ""event_type"": ""acquire"", ""player_id"": ""1630322"", ""player_name"": ""Lindy Waters III"", ""source_player_ref"": ""lindy-waters-iii"", ""source_team_id"": null, ""destination_team_id"": 1610612760, ""source_team_name"": null, ""destination_team_name"": null, ""source_system"": ""Official NBA Player Movement feed"", ""source_reference"": ""https://stats.nba.com/js/data/playermovement/NBA_Player_Movement.json#row-2337"", ""identity_resolution"": ""official_nba_player_id"", ""team_resolution"": ""official_team_id"", ""raw_text"": ""Oklahoma City Thunder re-signed forward Lindy Waters III to a Rest-of-Season Contract."", ""confidence"": ""high""}"
2022-23,1630322,1610612760,team_trb_all_players/impact_database/roster_tenure/normalized_transactions.jsonl.gz,12721,"{""exact_date"": ""2024-06-27"", ""season"": ""2023-24"", ""event_type"": ""trade"", ""player_id"": ""1630322"", ""player_name"": ""Lindy Waters III"", ""source_player_ref"": ""lindy-waters-iii"", ""source_team_id"": 1610612760, ""destination_team_id"": 1610612744, ""source_team_name"": null, ""destination_team_name"": null, ""source_system"": ""Official NBA Player Movement feed"", ""source_reference"": ""https://stats.nba.com/js/data/playermovement/NBA_Player_Movement.json#row-2190"", ""identity_resolution"": ""official_nba_player_id"", ""team_resolution"": ""official_team_id"", ""raw_text"": ""Golden State Warriors received forward Lindy Waters III from Oklahoma City Thunder."", ""confidence"": ""high""}"
2022-23,1630322,1610612760,team_trb_all_players/impact_database/roster_tenure/normalized_transactions.jsonl.gz,13773,"{""exact_date"": ""2025-02-06"", ""season"": ""2024-25"", ""event_type"": ""trade"", ""player_id"": ""1630322"", ""player_name"": ""Lindy Waters III"", ""source_player_ref"": ""lindy-waters-iii"", ""source_team_id"": 1610612744, ""destination_team_id"": 1610612765, ""source_team_name"": null, ""destination_team_name"": null, ""source_system"": ""Official NBA Player Movement feed"", ""source_reference"": ""https://stats.nba.com/js/data/playermovement/NBA_Player_Movement.json#row-1427"", ""identity_resolution"": ""official_nba_player_id"", ""team_resolution"": ""official_team_id"", ""raw_text"": ""Detroit Pistons received forward Lindy Waters III from Golden State Warriors."", ""confidence"": ""high""}"
2022-23,1630322,1610612760,team_trb_all_players/impact_database/roster_tenure/normalized_transactions.jsonl.gz,14267,"{""exact_date"": ""2025-07-24"", ""season"": ""2025-26"", ""event_type"": ""acquire"", ""player_id"": ""1630322"", ""player_name"": ""Lindy Waters III"", ""source_player_ref"": ""lindy-waters-iii"", ""source_team_id"": null, ""destination_team_id"": 1610612759, ""source_team_name"": null, ""destination_team_name"": null, ""source_system"": ""Official NBA Player Movement feed"", ""source_reference"": ""https://stats.nba.com/js/data/playermovement/NBA_Player_Movement.json#row-980"", ""identity_resolution"": ""official_nba_player_id"", ""team_resolution"": ""official_team_id"", ""raw_text"": ""San Antonio Spurs signed forward Lindy Waters III to a Contract."", ""confidence"": ""high""}"
2022-23,1630322,1610612760,team_trb_all_players/impact_database/roster_tenure/realgm_transactions_resilient/2024-25.txt.gz,1223,"*   [Dennis Schroder](https://basketball.realgm.com/player/Dennis-Schroder/Summary/26503) and [Lindy Waters III](https://basketball.realgm.com/player/Lindy-Waters-III/Summary/89389) were acquired by the Detroit Pistons in exchange for [K.J. Martin](https://basketball.realgm.com/player/KJ-Martin/Summary/129710), a Least Favorable 2028 2nd round pick, a Swap 2031 2nd round picks and cash. [P.J. Tucker](https://basketball.realgm.com/player/PJ-Tucker/Summary/100), a 2026 2nd round pick (LAL own) and cash were acquired by the Toronto Raptors in exchange for [Davion Mitchell](https://basketball.realgm.com/player/Davion-Mitchell/Summary/89964). [Kyle Anderson](https://basketball.realgm.com/player/Kyle-Anderson/Summary/24265), [Davion Mitchell](https://basketball.realgm.com/player/Davion-Mitchell/Summary/89964), [Andrew Wiggins](https://basketball.realgm.com/player/Andrew-Wiggins/Summary/24682), a conditional 2025 1st round pick (GOS own), a Swap 2031 2nd round picks and multiple TPEs were acquired by the Miami Heat in exchange for [Jimmy Butler III](https://basketball.realgm.com/player/Jimmy-Butler-III/Summary/6160), [Josh Richardson](https://basketball.realgm.com/player/Josh-Richardson/Summary/28787), a 2026 2nd round pick (LAL own) and cash. [Jimmy Butler III](https://basketball.realgm.com/player/Jimmy-Butler-III/Summary/6160), a Swap 2031 2nd round picks, cash and multiple TPEs were acquired by the Golden State Warriors in exchange for [Kyle Anderson](https://basketball.realgm.com/player/Kyle-Anderson/Summary/24265), [Dennis Schroder](https://basketball.realgm.com/player/Dennis-Schroder/Summary/26503), [Lindy Waters III](https://basketball.realgm.com/player/Lindy-Waters-III/Summary/89389), [Andrew Wiggins](https://basketball.realgm.com/player/Andrew-Wiggins/Summary/24682) and a conditional 2025 1st round pick (GOS own). [K.J. Martin](https://basketball.realgm.com/player/KJ-Martin/Summary/129710), [Josh Richardson](https://basketball.realgm.com/player/Josh-Richardson/Summary/28787), a Least Favorable 2028 2nd round pick, cash and a TPE were acquired by the Utah Jazz in exchange for [P.J. Tucker](https://basketball.realgm.com/player/PJ-Tucker/Summary/100) and a Swap 2031 2nd round picks."
2022-23,1630322,1610612760,team_trb_all_players/impact_database/roster_tenure/realgm_transactions_resilient/2024-25.txt.gz,9054,"Feb 6, 2025 [Lindy Waters III](https://basketball.realgm.com/player/Lindy-Waters-III/Summary/89389)"
2022-23,1630692,1610612764,team_trb_all_players/impact_database/roster_tenure/normalized_transactions.jsonl.gz,6210,"{""exact_date"": ""2016-10-24"", ""season"": ""2016-17"", ""event_type"": ""depart"", ""player_id"": ""203462"", ""player_name"": ""Archie Goodwin"", ""source_player_ref"": ""archie-goodwin"", ""source_team_id"": 1610612756, ""destination_team_id"": null, ""source_team_name"": null, ""destination_team_name"": null, ""source_system"": ""Official NBA Player Movement feed"", ""source_reference"": ""https://stats.nba.com/js/data/playermovement/NBA_Player_Movement.json#row-8578"", ""identity_resolution"": ""official_nba_player_id"", ""team_resolution"": ""official_team_id"", ""raw_text"": ""Phoenix Suns waived guard Archie Goodwin."", ""confidence"": ""high""}"
2022-23,1630692,1610612764,team_trb_all_players/impact_database/roster_tenure/normalized_transactions.jsonl.gz,6232,"{""exact_date"": ""2016-11-07"", ""season"": ""2016-17"", ""event_type"": ""acquire"", ""player_id"": ""203462"", ""player_name"": ""Archie Goodwin"", ""source_player_ref"": ""archie-goodwin"", ""source_team_id"": null, ""destination_team_id"": 1610612740, ""source_team_name"": null, ""destination_team_name"": null, ""source_system"": ""Official NBA Player Movement feed"", ""source_reference"": ""https://stats.nba.com/js/data/playermovement/NBA_Player_Movement.json#row-8537"", ""identity_resolution"": ""official_nba_player_id"", ""team_resolution"": ""official_team_id"", ""raw_text"": ""New Orleans Pelicans signed guard Archie Goodwin to a Rest-of-Season Contract."", ""confidence"": ""high""}"
2022-23,1630692,1610612764,team_trb_all_players/impact_database/roster_tenure/normalized_transactions.jsonl.gz,6239,"{""exact_date"": ""2016-11-20"", ""season"": ""2016-17"", ""event_type"": ""depart"", ""player_id"": ""203462"", ""player_name"": ""Archie Goodwin"", ""source_player_ref"": ""archie-goodwin"", ""source_team_id"": 1610612740, ""destination_team_id"": null, ""source_team_name"": null, ""destination_team_name"": null, ""source_system"": ""Official NBA Player Movement feed"", ""source_reference"": ""https://stats.nba.com/js/data/playermovement/NBA_Player_Movement.json#row-8530"", ""identity_resolution"": ""official_nba_player_id"", ""team_resolution"": ""official_team_id"", ""raw_text"": ""New Orleans Pelicans waived guard Archie Goodwin."", ""confidence"": ""high""}"
2022-23,1630692,1610612764,team_trb_all_players/impact_database/roster_tenure/normalized_transactions.jsonl.gz,6451,"{""exact_date"": ""2017-03-15"", ""season"": ""2016-17"", ""event_type"": ""acquire"", ""player_id"": ""203462"", ""player_name"": ""Archie Goodwin"", ""source_player_ref"": ""archie-goodwin"", ""source_team_id"": null, ""destination_team_id"": 1610612751, ""source_team_name"": null, ""destination_team_name"": null, ""source_system"": ""Official NBA Player Movement feed"", ""source_reference"": ""https://stats.nba.com/js/data/playermovement/NBA_Player_Movement.json#row-8349"", ""identity_resolution"": ""official_nba_player_id"", ""team_resolution"": ""official_team_id"", ""raw_text"": ""Brooklyn Nets signed guard Archie Goodwin to a 10-Day Contract."", ""confidence"": ""high""}"
2022-23,1630692,1610612764,team_trb_all_players/impact_database/roster_tenure/normalized_transactions.jsonl.gz,6473,"{""exact_date"": ""2017-03-24"", ""season"": ""2016-17"", ""event_type"": ""depart"", ""player_id"": ""203462"", ""player_name"": ""Archie Goodwin"", ""source_player_ref"": ""archie-goodwin"", ""source_team_id"": 1610612751, ""destination_team_id"": null, ""source_team_name"": null, ""destination_team_name"": null, ""source_system"": ""Official NBA Player Movement feed"", ""source_reference"": ""https://stats.nba.com/js/data/playermovement/NBA_Player_Movement.json#row-8349#derived-10day-expiry"", ""identity_resolution"": ""official_nba_player_id"", ""team_resolution"": ""official_team_id+deterministic_10day_expiry;v11_inclusive_10day_endpoint"", ""raw_text"": ""Derived natural expiration of 10-Day Contract signed 2017-03-15; endpoint is 10 calendar days after signing or the third scheduled regular-season game, whichever is later."", ""confidence"": ""high"", ""derived_boundary_type"": ""10_day_contract_natural_expiry"", ""derived_from_signing_date"": ""2017-03-15"", ""v11_corrected_10day_endpoint"": true}"
2022-23,1630692,1610612764,team_trb_all_players/impact_database/roster_tenure/normalized_transactions.jsonl.gz,6474,"{""exact_date"": ""2017-03-25"", ""season"": ""2016-17"", ""event_type"": ""acquire"", ""player_id"": ""203462"", ""player_name"": ""Archie Goodwin"", ""source_player_ref"": ""archie-goodwin"", ""source_team_id"": null, ""destination_team_id"": 1610612751, ""source_team_name"": null, ""destination_team_name"": null, ""source_system"": ""Official NBA Player Movement feed"", ""source_reference"": ""https://stats.nba.com/js/data/playermovement/NBA_Player_Movement.json#row-8335"", ""identity_resolution"": ""official_nba_player_id"", ""team_resolution"": ""official_team_id"", ""raw_text"": ""Brooklyn Nets signed guard Archie Goodwin to a 10-Day Contract."", ""confidence"": ""high""}"
2022-23,1630692,1610612764,team_trb_all_players/impact_database/roster_tenure/normalized_transactions.jsonl.gz,6491,"{""exact_date"": ""2017-04-03"", ""season"": ""2016-17"", ""event_type"": ""depart"", ""player_id"": ""203462"", ""player_name"": ""Archie Goodwin"", ""source_player_ref"": ""archie-goodwin"", ""source_team_id"": 1610612751, ""destination_team_id"": null, ""source_team_name"": null, ""destination_team_name"": null, ""source_system"": ""Official NBA Player Movement feed"", ""source_reference"": ""https://stats.nba.com/js/data/playermovement/NBA_Player_Movement.json#row-8335#derived-10day-expiry"", ""identity_resolution"": ""official_nba_player_id"", ""team_resolution"": ""official_team_id+deterministic_10day_expiry;v11_inclusive_10day_endpoint"", ""raw_text"": ""Derived natural expiration of 10-Day Contract signed 2017-03-25; endpoint is 10 calendar days after signing or the third scheduled regular-season game, whichever is later."", ""confidence"": ""high"", ""derived_boundary_type"": ""10_day_contract_natural_expiry"", ""derived_from_signing_date"": ""2017-03-25"", ""v11_corrected_10day_endpoint"": true}"
2022-23,1630692,1610612764,team_trb_all_players/impact_database/roster_tenure/normalized_transactions.jsonl.gz,6495,"{""exact_date"": ""2017-04-04"", ""season"": ""2016-17"", ""event_type"": ""acquire"", ""player_id"": ""203462"", ""player_name"": ""Archie Goodwin"", ""source_player_ref"": ""archie-goodwin"", ""source_team_id"": null, ""destination_team_id"": 1610612751, ""source_team_name"": null, ""destination_team_name"": null, ""source_system"": ""Official NBA Player Movement feed"", ""source_reference"": ""https://stats.nba.com/js/data/playermovement/NBA_Player_Movement.json#row-8319"", ""identity_resolution"": ""official_nba_player_id"", ""team_resolution"": ""official_team_id"", ""raw_text"": ""Brooklyn Nets signed guard Archie Goodwin to a Rest-of-Season Contract."", ""confidence"": ""high""}"
2022-23,1630692,1610612764,team_trb_all_players/impact_database/roster_tenure/normalized_transactions.jsonl.gz,6753,"{""exact_date"": ""2017-07-28"", ""season"": ""2017-18"", ""event_type"": ""depart"", ""player_id"": ""203462"", ""player_name"": ""Archie Goodwin"", ""source_player_ref"": ""archie-goodwin"", ""source_team_id"": 1610612751, ""destination_team_id"": null, ""source_team_name"": null, ""destination_team_name"": null, ""source_system"": ""Official NBA Player Movement feed"", ""source_reference"": ""https://stats.nba.com/js/data/playermovement/NBA_Player_Movement.json#row-8056"", ""identity_resolution"": ""official_nba_player_id"", ""team_resolution"": ""official_team_id"", ""raw_text"": ""Brooklyn Nets waived guard Archie Goodwin."", ""confidence"": ""high""}"
2022-23,1630692,1610612764,team_trb_all_players/impact_database/roster_tenure/normalized_transactions.jsonl.gz,6955,"{""exact_date"": ""2017-10-14"", ""season"": ""2017-18"", ""event_type"": ""depart"", ""player_id"": ""203462"", ""player_name"": ""Archie Goodwin"", ""source_player_ref"": ""archie-goodwin"", ""source_team_id"": 1610612757, ""destination_team_id"": null, ""source_team_name"": null, ""destination_team_name"": null, ""source_system"": ""Official NBA Player Movement feed"", ""source_reference"": ""https://stats.nba.com/js/data/playermovement/NBA_Player_Movement.json#row-7892"", ""identity_resolution"": ""official_nba_player_id"", ""team_resolution"": ""official_team_id"", ""raw_text"": ""Portland Trail Blazers waived guard Archie Goodwin."", ""confidence"": ""high""}"
2022-23,1630692,1610612764,team_trb_all_players/impact_database/roster_tenure/normalized_transactions.jsonl.gz,7734,"{""exact_date"": ""2018-10-13"", ""season"": ""2018-19"", ""event_type"": ""depart"", ""player_id"": ""1629164"", ""player_name"": ""Brandon Goodwin"", ""source_player_ref"": ""brandon-goodwin"", ""source_team_id"": 1610612763, ""destination_team_id"": null, ""source_team_name"": null, ""destination_team_name"": null, ""source_system"": ""Official NBA Player Movement feed"", ""source_reference"": ""https://stats.nba.com/js/data/playermovement/NBA_Player_Movement.json#row-7084"", ""identity_resolution"": ""official_nba_player_id"", ""team_resolution"": ""official_team_id"", ""raw_text"": ""Memphis Grizzlies waived guard Brandon Goodwin."", ""confidence"": ""high""}"
2022-23,1630692,1610612764,team_trb_all_players/impact_database/roster_tenure/normalized_transactions.jsonl.gz,7810,"{""exact_date"": ""2018-11-29"", ""season"": ""2018-19"", ""event_type"": ""acquire"", ""player_id"": ""1629164"", ""player_name"": ""Brandon Goodwin"", ""source_player_ref"": ""brandon-goodwin"", ""source_team_id"": null, ""destination_team_id"": 1610612743, ""source_team_name"": null, ""destination_team_name"": null, ""source_system"": ""Official NBA Player Movement feed"", ""source_reference"": ""https://stats.nba.com/js/data/playermovement/NBA_Player_Movement.json#row-6999"", ""identity_resolution"": ""official_nba_player_id"", ""team_resolution"": ""official_team_id"", ""raw_text"": ""Denver Nuggets signed guard Brandon Goodwin to a Rest-of-Season Contract."", ""confidence"": ""high""}"
2022-23,1630692,1610612764,team_trb_all_players/impact_database/roster_tenure/normalized_transactions.jsonl.gz,7828,"{""exact_date"": ""2018-12-10"", ""season"": ""2018-19"", ""event_type"": ""depart"", ""player_id"": ""1629164"", ""player_name"": ""Brandon Goodwin"", ""source_player_ref"": ""brandon-goodwin"", ""source_team_id"": 1610612743, ""destination_team_id"": null, ""source_team_name"": null, ""destination_team_name"": null, ""source_system"": ""Official NBA Player Movement feed"", ""source_reference"": ""https://stats.nba.com/js/data/playermovement/NBA_Player_Movement.json#row-6980"", ""identity_resolution"": ""official_nba_player_id"", ""team_resolution"": ""official_team_id"", ""raw_text"": ""Denver Nuggets waived guard Brandon Goodwin."", ""confidence"": ""high""}"
2022-23,1630692,1610612764,team_trb_all_players/impact_database/roster_tenure/normalized_transactions.jsonl.gz,7835,"{""exact_date"": ""2018-12-16"", ""season"": ""2018-19"", ""event_type"": ""acquire"", ""player_id"": ""1629164"", ""player_name"": ""Brandon Goodwin"", ""source_player_ref"": ""brandon-goodwin"", ""source_team_id"": null, ""destination_team_id"": 1610612743, ""source_team_name"": null, ""destination_team_name"": null, ""source_system"": ""Official NBA Player Movement feed"", ""source_reference"": ""https://stats.nba.com/js/data/playermovement/NBA_Player_Movement.json#row-6973"", ""identity_resolution"": ""official_nba_player_id"", ""team_resolution"": ""official_team_id"", ""raw_text"": ""Denver Nuggets signed guard Brandon Goodwin to a Two-Way Contract."", ""confidence"": ""high""}"
2022-23,1630692,1610612764,team_trb_all_players/impact_database/roster_tenure/normalized_transactions.jsonl.gz,8455,"{""exact_date"": ""2019-08-06"", ""season"": ""2019-20"", ""event_type"": ""acquire"", ""player_id"": ""1629164"", ""player_name"": ""Brandon Goodwin"", ""source_player_ref"": ""brandon-goodwin"", ""source_team_id"": null, ""destination_team_id"": 1610612737, ""source_team_name"": null, ""destination_team_name"": null, ""source_system"": ""Official NBA Player Movement feed"", ""source_reference"": ""https://stats.nba.com/js/data/playermovement/NBA_Player_Movement.json#row-6357"", ""identity_resolution"": ""official_nba_player_id"", ""team_resolution"": ""official_team_id"", ""raw_text"": ""Atlanta Hawks signed guard Brandon Goodwin to a Two-Way Contract."", ""confidence"": ""high""}"
2022-23,1630692,1610612764,team_trb_all_players/impact_database/roster_tenure/normalized_transactions.jsonl.gz,8848,"{""exact_date"": ""2020-02-12"", ""season"": ""2019-20"", ""event_type"": ""acquire"", ""player_id"": ""1629164"", ""player_name"": ""Brandon Goodwin"", ""source_player_ref"": ""brandon-goodwin"", ""source_team_id"": null, ""destination_team_id"": 1610612737, ""source_team_name"": null, ""destination_team_name"": null, ""source_system"": ""Official NBA Player Movement feed"", ""source_reference"": ""https://stats.nba.com/js/data/playermovement/NBA_Player_Movement.json#row-5946"", ""identity_resolution"": ""official_nba_player_id"", ""team_resolution"": ""official_team_id"", ""raw_text"": ""Atlanta Hawks re-signed guard Brandon Goodwin to a Rest-of-Season Contract."", ""confidence"": ""high""}"
2022-23,1630692,1610612764,team_trb_all_players/impact_database/roster_tenure/normalized_transactions.jsonl.gz,10175,"{""exact_date"": ""2021-10-16"", ""season"": ""2021-22"", ""event_type"": ""depart"", ""player_id"": ""1629164"", ""player_name"": ""Brandon Goodwin"", ""source_player_ref"": ""brandon-goodwin"", ""source_team_id"": 1610612752, ""destination_team_id"": null, ""source_team_name"": null, ""destination_team_name"": null, ""source_system"": ""Official NBA Player Movement feed"", ""source_reference"": ""https://stats.nba.com/js/data/playermovement/NBA_Player_Movement.json#row-4604"", ""identity_resolution"": ""official_nba_player_id"", ""team_resolution"": ""official_team_id"", ""raw_text"": ""New York Knicks waived guard Brandon Goodwin."", ""confidence"": ""high""}"
2022-23,1630692,1610612764,team_trb_all_players/impact_database/roster_tenure/normalized_transactions.jsonl.gz,10213,"{""exact_date"": ""2021-10-16"", ""season"": ""2021-22"", ""event_type"": ""depart"", ""player_id"": ""1630692"", ""player_name"": ""Jordan Goodwin"", ""source_player_ref"": ""jordan-goodwin"", ""source_team_id"": 1610612764, ""destination_team_id"": null, ""source_team_name"": null, ""destination_team_name"": null, ""source_system"": ""Official NBA Player Movement feed"", ""source_reference"": ""https://stats.nba.com/js/data/playermovement/NBA_Player_Movement.json#row-4627"", ""identity_resolution"": ""official_nba_player_id"", ""team_resolution"": ""official_team_id"", ""raw_text"": ""Washington Wizards waived guard Jordan Goodwin."", ""confidence"": ""high""}"
2022-23,1630692,1610612764,team_trb_all_players/impact_database/roster_tenure/normalized_transactions.jsonl.gz,10364,"{""exact_date"": ""2021-12-27"", ""season"": ""2021-22"", ""event_type"": ""acquire"", ""player_id"": ""1630692"", ""player_name"": ""Jordan Goodwin"", ""source_player_ref"": ""jordan-goodwin"", ""source_team_id"": null, ""destination_team_id"": 1610612764, ""source_team_name"": null, ""destination_team_name"": null, ""source_system"": ""Official NBA Player Movement feed"", ""source_reference"": ""https://stats.nba.com/js/data/playermovement/NBA_Player_Movement.json#row-4417"", ""identity_resolution"": ""official_nba_player_id"", ""team_resolution"": ""official_team_id"", ""raw_text"": ""Washington Wizards signed guard Jordan Goodwin to a 10-Day Contract."", ""confidence"": ""high""}"
2022-23,1630692,1610612764,team_trb_all_players/impact_database/roster_tenure/normalized_transactions.jsonl.gz,10422,"{""exact_date"": ""2021-12-31"", ""season"": ""2021-22"", ""event_type"": ""acquire"", ""player_id"": ""1629164"", ""player_name"": ""Brandon Goodwin"", ""source_player_ref"": ""brandon-goodwin"", ""source_team_id"": null, ""destination_team_id"": 1610612739, ""source_team_name"": null, ""destination_team_name"": null, ""source_system"": ""Official NBA Player Movement feed"", ""source_reference"": ""https://stats.nba.com/js/data/playermovement/NBA_Player_Movement.json#row-4376"", ""identity_resolution"": ""official_nba_player_id"", ""team_resolution"": ""official_team_id"", ""raw_text"": ""Cleveland Cavaliers signed guard Brandon Goodwin to a 10-Day Contract."", ""confidence"": ""high""}"
2022-23,1630692,1610612764,team_trb_all_players/impact_database/roster_tenure/normalized_transactions.jsonl.gz,10502,"{""exact_date"": ""2022-01-05"", ""season"": ""2021-22"", ""event_type"": ""depart"", ""player_id"": ""1630692"", ""player_name"": ""Jordan Goodwin"", ""source_player_ref"": ""jordan-goodwin"", ""source_team_id"": 1610612764, ""destination_team_id"": null, ""source_team_name"": null, ""destination_team_name"": null, ""source_system"": ""Official NBA Player Movement feed"", ""source_reference"": ""https://stats.nba.com/js/data/playermovement/NBA_Player_Movement.json#row-4417#derived-10day-expiry"", ""identity_resolution"": ""official_nba_player_id"", ""team_resolution"": ""official_team_id+deterministic_10day_expiry;v11_inclusive_10day_endpoint"", ""raw_text"": ""Derived natural expiration of 10-Day Contract signed 2021-12-27; endpoint is 10 calendar days after signing or the third scheduled regular-season game, whichever is later."", ""confidence"": ""high"", ""derived_boundary_type"": ""10_day_contract_natural_expiry"", ""derived_from_signing_date"": ""2021-12-27"", ""v11_corrected_10day_endpoint"": true}"
2022-23,1630692,1610612764,team_trb_all_players/impact_database/roster_tenure/normalized_transactions.jsonl.gz,10559,"{""exact_date"": ""2022-01-09"", ""season"": ""2021-22"", ""event_type"": ""acquire"", ""player_id"": ""1629164"", ""player_name"": ""Brandon Goodwin"", ""source_player_ref"": ""brandon-goodwin"", ""source_team_id"": null, ""destination_team_id"": 1610612739, ""source_team_name"": null, ""destination_team_name"": null, ""source_system"": ""Official NBA Player Movement feed"", ""source_reference"": ""https://stats.nba.com/js/data/playermovement/NBA_Player_Movement.json#row-4326"", ""identity_resolution"": ""official_nba_player_id"", ""team_resolution"": ""official_team_id"", ""raw_text"": ""Cleveland Cavaliers signed guard Brandon Goodwin to a Two-Way Contract."", ""confidence"": ""high""}"
2022-23,1630692,1610612764,team_trb_all_players/impact_database/roster_tenure/normalized_transactions.jsonl.gz,11652,"{""exact_date"": ""2023-02-24"", ""season"": ""2022-23"", ""event_type"": ""acquire"", ""player_id"": ""1630692"", ""player_name"": ""Jordan Goodwin"", ""source_player_ref"": ""jordan-goodwin"", ""source_team_id"": null, ""destination_team_id"": 1610612764, ""source_team_name"": null, ""destination_team_name"": null, ""source_system"": ""Official NBA Player Movement feed"", ""source_reference"": ""https://stats.nba.com/js/data/playermovement/NBA_Player_Movement.json#row-3256"", ""identity_resolution"": ""official_nba_player_id"", ""team_resolution"": ""official_team_id"", ""raw_text"": ""Washington Wizards re-signed guard Jordan Goodwin to a Rest-of-Season Contract."", ""confidence"": ""high""}"
2022-23,1630692,1610612764,team_trb_all_players/impact_database/roster_tenure/normalized_transactions.jsonl.gz,11762,"{""exact_date"": ""2023-06-23"", ""season"": ""2022-23"", ""event_type"": ""trade"", ""player_id"": ""1630692"", ""player_name"": ""Jordan Goodwin"", ""source_player_ref"": ""jordan-goodwin"", ""source_team_id"": 1610612764, ""destination_team_id"": 1610612756, ""source_team_name"": null, ""destination_team_name"": null, ""source_system"": ""Official NBA Player Movement feed"", ""source_reference"": ""https://stats.nba.com/js/data/playermovement/NBA_Player_Movement.json#row-3166"", ""identity_resolution"": ""official_nba_player_id"", ""team_resolution"": ""official_team_id"", ""raw_text"": ""Phoenix Suns received guard Jordan Goodwin from Washington Wizards."", ""confidence"": ""high""}"
2022-23,1630692,1610612764,team_trb_all_players/impact_database/roster_tenure/normalized_transactions.jsonl.gz,12247,"{""exact_date"": ""2023-10-20"", ""season"": ""2023-24"", ""event_type"": ""depart"", ""player_id"": ""1641863"", ""player_name"": ""Dane Goodwin"", ""source_player_ref"": ""dane-goodwin"", ""source_team_id"": 1610612758, ""destination_team_id"": null, ""source_team_name"": null, ""destination_team_name"": null, ""source_system"": ""Official NBA Player Movement feed"", ""source_reference"": ""https://stats.nba.com/js/data/playermovement/NBA_Player_Movement.json#row-2664"", ""identity_resolution"": ""official_nba_player_id"", ""team_resolution"": ""official_team_id"", ""raw_text"": ""Sacramento Kings waived guard Dane Goodwin."", ""confidence"": ""high""}"
2022-23,1630692,1610612764,team_trb_all_players/impact_database/roster_tenure/normalized_transactions.jsonl.gz,12262,"{""exact_date"": ""2023-10-21"", ""season"": ""2023-24"", ""event_type"": ""depart"", ""player_id"": ""1629164"", ""player_name"": ""Brandon Goodwin"", ""source_player_ref"": ""brandon-goodwin"", ""source_team_id"": 1610612752, ""destination_team_id"": null, ""source_team_name"": null, ""destination_team_name"": null, ""source_system"": ""Official NBA Player Movement feed"", ""source_reference"": ""https://stats.nba.com/js/data/playermovement/NBA_Player_Movement.json#row-2627"", ""identity_resolution"": ""official_nba_player_id"", ""team_resolution"": ""official_team_id"", ""raw_text"": ""New York Knicks waived guard Brandon Goodwin."", ""confidence"": ""high""}"
2022-23,1630692,1610612764,team_trb_all_players/impact_database/roster_tenure/normalized_transactions.jsonl.gz,12491,"{""exact_date"": ""2024-02-08"", ""season"": ""2023-24"", ""event_type"": ""trade"", ""player_id"": ""1630692"", ""player_name"": ""Jordan Goodwin"", ""source_player_ref"": ""jordan-goodwin"", ""source_team_id"": 1610612756, ""destination_team_id"": 1610612751, ""source_team_name"": null, ""destination_team_name"": null, ""source_system"": ""Official NBA Player Movement feed"", ""source_reference"": ""https://stats.nba.com/js/data/playermovement/NBA_Player_Movement.json#row-2386"", ""identity_resolution"": ""official_nba_player_id"", ""team_resolution"": ""official_team_id"", ""raw_text"": ""Brooklyn Nets received guard Jordan Goodwin from Phoenix Suns."", ""confidence"": ""high""}"
2022-23,1630692,1610612764,team_trb_all_players/impact_database/roster_tenure/normalized_transactions.jsonl.gz,12529,"{""exact_date"": ""2024-02-09"", ""season"": ""2023-24"", ""event_type"": ""depart"", ""player_id"": ""1630692"", ""player_name"": ""Jordan Goodwin"", ""source_player_ref"": ""jordan-goodwin"", ""source_team_id"": 1610612751, ""destination_team_id"": null, ""source_team_name"": null, ""destination_team_name"": null, ""source_system"": ""Official NBA Player Movement feed"", ""source_reference"": ""https://stats.nba.com/js/data/playermovement/NBA_Player_Movement.json#row-2341"", ""identity_resolution"": ""official_nba_player_id"", ""team_resolution"": ""official_team_id"", ""raw_text"": ""Brooklyn Nets waived guard Jordan Goodwin."", ""confidence"": ""high""}"
2022-23,1630692,1610612764,team_trb_all_players/impact_database/roster_tenure/normalized_transactions.jsonl.gz,12544,"{""exact_date"": ""2024-02-13"", ""season"": ""2023-24"", ""event_type"": ""acquire"", ""player_id"": ""1630692"", ""player_name"": ""Jordan Goodwin"", ""source_player_ref"": ""jordan-goodwin"", ""source_team_id"": null, ""destination_team_id"": 1610612763, ""source_team_name"": null, ""destination_team_name"": null, ""source_system"": ""Official NBA Player Movement feed"", ""source_reference"": ""https://stats.nba.com/js/data/playermovement/NBA_Player_Movement.json#row-2323"", ""identity_resolution"": ""official_nba_player_id"", ""team_resolution"": ""official_team_id"", ""raw_text"": ""Memphis Grizzlies signed guard Jordan Goodwin to a 10-Day Contract."", ""confidence"": ""high""}"
2022-23,1630692,1610612764,team_trb_all_players/impact_database/roster_tenure/normalized_transactions.jsonl.gz,12577,"{""exact_date"": ""2024-02-23"", ""season"": ""2023-24"", ""event_type"": ""depart"", ""player_id"": ""1630692"", ""player_name"": ""Jordan Goodwin"", ""source_player_ref"": ""jordan-goodwin"", ""source_team_id"": 1610612763, ""destination_team_id"": null, ""source_team_name"": null, ""destination_team_name"": null, ""source_system"": ""Official NBA Player Movement feed"", ""source_reference"": ""https://stats.nba.com/js/data/playermovement/NBA_Player_Movement.json#row-2323#derived-10day-expiry"", ""identity_resolution"": ""official_nba_player_id"", ""team_resolution"": ""official_team_id+deterministic_10day_expiry"", ""raw_text"": ""Derived natural expiration of 10-Day Contract signed 2024-02-13; endpoint is 10 calendar days after signing or the third scheduled regular-season game, whichever is later."", ""confidence"": ""high"", ""derived_boundary_type"": ""10_day_contract_natural_expiry"", ""derived_from_signing_date"": ""2024-02-13""}"
2022-23,1630692,1610612764,team_trb_all_players/impact_database/roster_tenure/normalized_transactions.jsonl.gz,12581,"{""exact_date"": ""2024-02-24"", ""season"": ""2023-24"", ""event_type"": ""acquire"", ""player_id"": ""1630692"", ""player_name"": ""Jordan Goodwin"", ""source_player_ref"": ""jordan-goodwin"", ""source_team_id"": null, ""destination_team_id"": 1610612763, ""source_team_name"": null, ""destination_team_name"": null, ""source_system"": ""Official NBA Player Movement feed"", ""source_reference"": ""https://stats.nba.com/js/data/playermovement/NBA_Player_Movement.json#row-2291"", ""identity_resolution"": ""official_nba_player_id"", ""team_resolution"": ""official_team_id"", ""raw_text"": ""Memphis Grizzlies signed guard Jordan Goodwin to a Two-Way Contract."", ""confidence"": ""high""}"
2022-23,1630692,1610612764,team_trb_all_players/impact_database/roster_tenure/normalized_transactions.jsonl.gz,12834,"{""exact_date"": ""2024-07-01"", ""season"": ""2024-25"", ""event_type"": ""depart"", ""player_id"": ""1630692"", ""player_name"": ""Jordan Goodwin"", ""source_player_ref"": null, ""source_team_id"": 1610612763, ""destination_team_id"": null, ""source_team_name"": ""Memphis Grizzlies"", ""destination_team_name"": null, ""source_system"": ""RealGM league transaction history"", ""source_reference"": ""https://basketball.realgm.com/nba/transactions/league/2025"", ""identity_resolution"": ""realgm_name+core_team_context"", ""team_resolution"": ""realgm_historical_team_alias"", ""raw_text"": ""Jordan Goodwin, previously with the Memphis Grizzlies, became a free agent."", ""confidence"": ""high"", ""realgm_subtype"": ""free_agent""}"
2022-23,1630692,1610612764,team_trb_all_players/impact_database/roster_tenure/normalized_transactions.jsonl.gz,13254,"{""exact_date"": ""2024-09-06"", ""season"": ""2024-25"", ""event_type"": ""acquire"", ""player_id"": ""1630692"", ""player_name"": ""Jordan Goodwin"", ""source_player_ref"": null, ""source_team_id"": null, ""destination_team_id"": 1610612747, ""source_team_name"": null, ""destination_team_name"": ""Los Angeles Lakers"", ""source_system"": ""RealGM league transaction history"", ""source_reference"": ""https://basketball.realgm.com/nba/transactions/league/2025"", ""identity_resolution"": ""realgm_name+core_team_context"", ""team_resolution"": ""realgm_historical_team_alias"", ""raw_text"": ""Jordan Goodwin signed a contract with the Los Angeles Lakers."", ""confidence"": ""high"", ""realgm_subtype"": ""signing""}"
2022-23,1630692,1610612764,team_trb_all_players/impact_database/roster_tenure/normalized_transactions.jsonl.gz,13339,"{""exact_date"": ""2024-09-25"", ""season"": ""2024-25"", ""event_type"": ""depart"", ""player_id"": ""1641863"", ""player_name"": ""Dane Goodwin"", ""source_player_ref"": ""dane-goodwin"", ""source_team_id"": 1610612762, ""destination_team_id"": null, ""source_team_name"": null, ""destination_team_name"": null, ""source_system"": ""Official NBA Player Movement feed"", ""source_reference"": ""https://stats.nba.com/js/data/playermovement/NBA_Player_Movement.json#row-1838"", ""identity_resolution"": ""official_nba_player_id"", ""team_resolution"": ""official_team_id"", ""raw_text"": ""Utah Jazz waived guard Dane Goodwin."", ""confidence"": ""high""}"
2022-23,1630692,1610612764,team_trb_all_players/impact_database/roster_tenure/normalized_transactions.jsonl.gz,13533,"{""exact_date"": ""2024-10-18"", ""season"": ""2024-25"", ""event_type"": ""depart"", ""player_id"": ""1630692"", ""player_name"": ""Jordan Goodwin"", ""source_player_ref"": ""jordan-goodwin"", ""source_team_id"": 1610612747, ""destination_team_id"": null, ""source_team_name"": null, ""destination_team_name"": null, ""source_system"": ""Official NBA Player Movement feed"", ""source_reference"": ""https://stats.nba.com/js/data/playermovement/NBA_Player_Movement.json#row-1693"", ""identity_resolution"": ""official_nba_player_id"", ""team_resolution"": ""official_team_id"", ""raw_text"": ""Los Angeles Lakers waived guard Jordan Goodwin."", ""confidence"": ""high""}"
2022-23,1630692,1610612764,team_trb_all_players/impact_database/roster_tenure/normalized_transactions.jsonl.gz,13816,"{""exact_date"": ""2025-02-07"", ""season"": ""2024-25"", ""event_type"": ""acquire"", ""player_id"": ""1630692"", ""player_name"": ""Jordan Goodwin"", ""source_player_ref"": ""jordan-goodwin"", ""source_team_id"": null, ""destination_team_id"": 1610612747, ""source_team_name"": null, ""destination_team_name"": null, ""source_system"": ""Official NBA Player Movement feed"", ""source_reference"": ""https://stats.nba.com/js/data/playermovement/NBA_Player_Movement.json#row-1395"", ""identity_resolution"": ""official_nba_player_id"", ""team_resolution"": ""official_team_id"", ""raw_text"": ""Los Angeles Lakers signed guard Jordan Goodwin to a Two-Way Contract."", ""confidence"": ""high""}"
2022-23,1630692,1610612764,team_trb_all_players/impact_database/roster_tenure/normalized_transactions.jsonl.gz,13985,"{""exact_date"": ""2025-03-27"", ""season"": ""2024-25"", ""event_type"": ""acquire"", ""player_id"": ""1630692"", ""player_name"": ""Jordan Goodwin"", ""source_player_ref"": ""jordan-goodwin"", ""source_team_id"": null, ""destination_team_id"": 1610612747, ""source_team_name"": null, ""destination_team_name"": null, ""source_system"": ""Official NBA Player Movement feed"", ""source_reference"": ""https://stats.nba.com/js/data/playermovement/NBA_Player_Movement.json#row-1275"", ""identity_resolution"": ""official_nba_player_id"", ""team_resolution"": ""official_team_id"", ""raw_text"": ""Los Angeles Lakers re-signed guard Jordan Goodwin to a Rest-of-Season Contract."", ""confidence"": ""high""}"
2022-23,1630692,1610612764,team_trb_all_players/impact_database/roster_tenure/normalized_transactions.jsonl.gz,14252,"{""exact_date"": ""2025-07-20"", ""season"": ""2025-26"", ""event_type"": ""depart"", ""player_id"": ""1630692"", ""player_name"": ""Jordan Goodwin"", ""source_player_ref"": ""jordan-goodwin"", ""source_team_id"": 1610612747, ""destination_team_id"": null, ""source_team_name"": null, ""destination_team_name"": null, ""source_system"": ""Official NBA Player Movement feed"", ""source_reference"": ""https://stats.nba.com/js/data/playermovement/NBA_Player_Movement.json#row-1004"", ""identity_resolution"": ""official_nba_player_id"", ""team_resolution"": ""official_team_id"", ""raw_text"": ""Los Angeles Lakers waived guard Jordan Goodwin."", ""confidence"": ""high""}"
2022-23,1630692,1610612764,team_trb_all_players/impact_database/roster_tenure/normalized_transactions.jsonl.gz,14265,"{""exact_date"": ""2025-07-23"", ""season"": ""2025-26"", ""event_type"": ""claim"", ""player_id"": ""1630692"", ""player_name"": ""Jordan Goodwin"", ""source_player_ref"": ""jordan-goodwin"", ""source_team_id"": null, ""destination_team_id"": 1610612756, ""source_team_name"": null, ""destination_team_name"": null, ""source_system"": ""Official NBA Player Movement feed"", ""source_reference"": ""https://stats.nba.com/js/data/playermovement/NBA_Player_Movement.json#row-989"", ""identity_resolution"": ""official_nba_player_id"", ""team_resolution"": ""official_team_id"", ""raw_text"": ""Phoenix Suns claimed guard Jordan Goodwin off waivers."", ""confidence"": ""high""}"
2022-23,1630692,1610612764,team_trb_all_players/impact_database/roster_tenure/normalized_transactions.jsonl.gz,14348,"{""exact_date"": ""2025-09-19"", ""season"": ""2025-26"", ""event_type"": ""depart"", ""player_id"": ""1641863"", ""player_name"": ""Dane Goodwin"", ""source_player_ref"": ""dane-goodwin"", ""source_team_id"": 1610612743, ""destination_team_id"": null, ""source_team_name"": null, ""destination_team_name"": null, ""source_system"": ""Official NBA Player Movement feed"", ""source_reference"": ""https://stats.nba.com/js/data/playermovement/NBA_Player_Movement.json#row-905"", ""identity_resolution"": ""official_nba_player_id"", ""team_resolution"": ""official_team_id"", ""raw_text"": ""Denver Nuggets waived guard Dane Goodwin."", ""confidence"": ""high""}"
2022-23,1630692,1610612764,team_trb_all_players/impact_database/roster_tenure/normalized_transactions.jsonl.gz,15131,"{""exact_date"": ""2026-07-07"", ""season"": ""2026-27"", ""event_type"": ""acquire"", ""player_id"": ""1630692"", ""player_name"": ""Jordan Goodwin"", ""source_player_ref"": ""jordan-goodwin"", ""source_team_id"": null, ""destination_team_id"": 1610612756, ""source_team_name"": null, ""destination_team_name"": null, ""source_system"": ""Official NBA Player Movement feed"", ""source_reference"": ""https://stats.nba.com/js/data/playermovement/NBA_Player_Movement.json#row-127"", ""identity_resolution"": ""official_nba_player_id"", ""team_resolution"": ""official_team_id"", ""raw_text"": ""Phoenix Suns re-signed guard Jordan Goodwin to a Contract."", ""confidence"": ""high""}"
2022-23,1630692,1610612764,team_trb_all_players/impact_database/roster_tenure/normalized_transactions.jsonl.gz,19035,"{""exact_date"": ""June 27, 2013"", ""season"": ""2012-13"", ""event_type"": ""trade"", ""player_id"": ""202723"", ""player_name"": ""Malcolm Lee"", ""source_player_ref"": ""/players/l/leema01.html"", ""source_team_id"": 1610612744, ""destination_team_id"": 1610612756, ""source_team_name"": ""Golden State Warriors"", ""destination_team_name"": ""Phoenix Suns"", ""source_system"": ""Basketball-Reference via Internet Archive"", ""source_reference"": ""https://web.archive.org/web/20220516152307id_/https://www.basketball-reference.com/leagues/NBA_2013_transactions.html#row-801"", ""identity_resolution"": ""unique_core_name"", ""team_resolution"": ""source=unique_alias;destination=unique_alias"", ""raw_text"": ""The Golden State Warriors traded Archie Goodwin and Malcolm Lee to the Phoenix Suns for Nemanja Nedović ."", ""confidence"": ""high""}"
2022-23,1630692,1610612764,team_trb_all_players/impact_database/roster_tenure/normalized_transactions.jsonl.gz,19039,"{""exact_date"": ""June 27, 2013"", ""season"": ""2012-13"", ""event_type"": ""trade"", ""player_id"": ""203460"", ""player_name"": ""Andre Roberson"", ""source_player_ref"": ""/players/r/roberan03.html"", ""source_team_id"": 1610612744, ""destination_team_id"": 1610612760, ""source_team_name"": ""Golden State Warriors"", ""destination_team_name"": ""Oklahoma City Thunder"", ""source_system"": ""Basketball-Reference via Internet Archive"", ""source_reference"": ""https://web.archive.org/web/20220516152307id_/https://www.basketball-reference.com/leagues/NBA_2013_transactions.html#row-796"", ""identity_resolution"": ""unique_core_name"", ""team_resolution"": ""source=unique_alias;destination=unique_alias"", ""raw_text"": ""The Golden State Warriors traded Andre Roberson to the Oklahoma City Thunder for Archie Goodwin and cash."", ""confidence"": ""high""}"
2022-23,1630692,1610612764,team_trb_all_players/impact_database/roster_tenure/normalized_transactions.jsonl.gz,19040,"{""exact_date"": ""June 27, 2013"", ""season"": ""2012-13"", ""event_type"": ""trade"", ""player_id"": ""203462"", ""player_name"": ""Archie Goodwin"", ""source_player_ref"": ""/players/g/goodwar01.html"", ""source_team_id"": 1610612760, ""destination_team_id"": 1610612744, ""source_team_name"": ""Oklahoma City Thunder"", ""destination_team_name"": ""Golden State Warriors"", ""source_system"": ""Basketball-Reference via Internet Archive"", ""source_reference"": ""https://web.archive.org/web/20220516152307id_/https://www.basketball-reference.com/leagues/NBA_2013_transactions.html#row-796"", ""identity_resolution"": ""unique_core_name"", ""team_resolution"": ""source=unique_alias;destination=unique_alias"", ""raw_text"": ""The Golden State Warriors traded Andre Roberson to the Oklahoma City Thunder for Archie Goodwin and cash."", ""confidence"": ""high""}"
2022-23,1630692,1610612764,team_trb_all_players/impact_database/roster_tenure/normalized_transactions.jsonl.gz,19041,"{""exact_date"": ""June 27, 2013"", ""season"": ""2012-13"", ""event_type"": ""trade"", ""player_id"": ""203462"", ""player_name"": ""Archie Goodwin"", ""source_player_ref"": ""/players/g/goodwar01.html"", ""source_team_id"": 1610612744, ""destination_team_id"": 1610612756, ""source_team_name"": ""Golden State Warriors"", ""destination_team_name"": ""Phoenix Suns"", ""source_system"": ""Basketball-Reference via Internet Archive"", ""source_reference"": ""https://web.archive.org/web/20220516152307id_/https://www.basketball-reference.com/leagues/NBA_2013_transactions.html#row-801"", ""identity_resolution"": ""unique_core_name"", ""team_resolution"": ""source=unique_alias;destination=unique_alias"", ""raw_text"": ""The Golden State Warriors traded Archie Goodwin and Malcolm Lee to the Phoenix Suns for Nemanja Nedović ."", ""confidence"": ""high""}"
2022-23,1630692,1610612764,team_trb_all_players/impact_database/roster_tenure/normalized_transactions.jsonl.gz,19058,"{""exact_date"": ""June 27, 2013"", ""season"": ""2012-13"", ""event_type"": ""trade"", ""player_id"": ""203517"", ""player_name"": ""Nemanja Nedović"", ""source_player_ref"": ""/players/n/nedovne01.html"", ""source_team_id"": 1610612756, ""destination_team_id"": 1610612744, ""source_team_name"": ""Phoenix Suns"", ""destination_team_name"": ""Golden State Warriors"", ""source_system"": ""Basketball-Reference via Internet Archive"", ""source_reference"": ""https://web.archive.org/web/20220516152307id_/https://www.basketball-reference.com/leagues/NBA_2013_transactions.html#row-801"", ""identity_resolution"": ""unique_core_name"", ""team_resolution"": ""source=unique_alias;destination=unique_alias"", ""raw_text"": ""The Golden State Warriors traded Archie Goodwin and Malcolm Lee to the Phoenix Suns for Nemanja Nedović ."", ""confidence"": ""high""}"
2022-23,1630692,1610612764,team_trb_all_players/impact_database/historical_transactions/wikipedia_transaction_rows.jsonl.gz,5915,"{""season"": ""2013-14"", ""start_year"": 2013, ""page_title"": ""List of 2013–14 NBA season transactions"", ""section"": ""Player movement"", ""subsection"": ""Trades"", ""table_index"": 7, ""table_classes"": [""wikitable""], ""row_index"": 4, ""cells"": [""To Oklahoma City Thunder Draft rights to 26th pick André Roberson"", ""To Golden State Warriors Draft rights to 29th pick Archie Goodwin Cash considerations"", """"], ""links"": [{""text"": ""Oklahoma City Thunder"", ""title"": ""Oklahoma City Thunder"", ""href"": ""/wiki/Oklahoma_City_Thunder""}, {""text"": ""André Roberson"", ""title"": ""André Roberson"", ""href"": ""/wiki/Andr%C3%A9_Roberson""}, {""text"": ""Golden State Warriors"", ""title"": ""Golden State Warriors"", ""href"": ""/wiki/Golden_State_Warriors""}, {""text"": ""Archie Goodwin"", ""title"": ""Archie Goodwin (basketball)"", ""href"": ""/wiki/Archie_Goodwin_(basketball)""}], ""date_hint"": null}"
2022-23,1630692,1610612764,team_trb_all_players/impact_database/historical_transactions/wikipedia_transaction_rows.jsonl.gz,5920,"{""season"": ""2013-14"", ""start_year"": 2013, ""page_title"": ""List of 2013–14 NBA season transactions"", ""section"": ""Player movement"", ""subsection"": ""Trades"", ""table_index"": 7, ""table_classes"": [""wikitable""], ""row_index"": 9, ""cells"": [""To Golden State Warriors Draft rights to 30th pick Nemanja Nedović"", ""To Phoenix Suns Draft rights to 29th pick Archie Goodwin Malcolm Lee"", ""[ 57 ]""], ""links"": [{""text"": ""Golden State Warriors"", ""title"": ""Golden State Warriors"", ""href"": ""/wiki/Golden_State_Warriors""}, {""text"": ""Nemanja Nedović"", ""title"": ""Nemanja Nedović"", ""href"": ""/wiki/Nemanja_Nedovi%C4%87""}, {""text"": ""Phoenix Suns"", ""title"": ""Phoenix Suns"", ""href"": ""/wiki/Phoenix_Suns""}, {""text"": ""Archie Goodwin"", ""title"": ""Archie Goodwin (basketball)"", ""href"": ""/wiki/Archie_Goodwin_(basketball)""}, {""text"": ""Malcolm Lee"", ""title"": ""Malcolm Lee (basketball)"", ""href"": ""/wiki/Malcolm_Lee_(basketball)""}, {""text"": ""[ 57 ]"", ""title"": """", ""href"": ""#cite_note-57""}], ""date_hint"": null}"
2022-23,1630692,1610612764,team_trb_all_players/impact_database/historical_transactions/wikipedia_transaction_rows.jsonl.gz,6567,"{""season"": ""2013-14"", ""start_year"": 2013, ""page_title"": ""List of 2013–14 NBA season transactions"", ""section"": ""Draft"", ""subsection"": ""First round"", ""table_index"": 13, ""table_classes"": [""wikitable"", ""sortable""], ""row_index"": 29, ""cells"": [""29"", ""Archie Goodwin"", ""July 12"", ""Phoenix Suns (acquired from Golden State via Oklahoma City )"", ""Kentucky ( Fr. )"", ""[ 514 ]""], ""links"": [{""text"": ""Archie Goodwin"", ""title"": ""Archie Goodwin (basketball)"", ""href"": ""/wiki/Archie_Goodwin_(basketball)""}, {""text"": ""Phoenix Suns"", ""title"": ""Phoenix Suns"", ""href"": ""/wiki/Phoenix_Suns""}, {""text"": ""Golden State"", ""title"": ""Golden State Warriors"", ""href"": ""/wiki/Golden_State_Warriors""}, {""text"": ""Oklahoma City"", ""title"": ""Oklahoma City Thunder"", ""href"": ""/wiki/Oklahoma_City_Thunder""}, {""text"": ""Kentucky"", ""title"": ""Kentucky Wildcats men's basketball"", ""href"": ""/wiki/Kentucky_Wildcats_men%27s_basketball""}, {""text"": ""Fr."", ""title"": ""Freshman"", ""href"": ""/wiki/Freshman""}, {""text"": ""[ 514 ]"", ""title"": """", ""href"": ""#cite_note-517""}], ""date_hint"": null}"
2022-23,1630692,1610612764,team_trb_all_players/impact_database/roster_tenure/realgm_transactions_resilient/2024-25.txt.gz,386,*    The [Los Angeles Lakers](https://basketball.realgm.com/nba/teams/Los-Angeles-Lakers/13/home) exercised their Team Option to extend the contract of [Jordan Goodwin](https://basketball.realgm.com/player/Jordan-Goodwin/Summary/88801).
2022-23,1630692,1610612764,team_trb_all_players/impact_database/roster_tenure/realgm_transactions_resilient/2024-25.txt.gz,638,*   [Jordan Goodwin](https://basketball.realgm.com/player/Jordan-Goodwin/Summary/88801) signed a multi-year contract with the [Los Angeles Lakers](https://basketball.realgm.com/nba/teams/Los-Angeles-Lakers/13/home).
2022-23,1630692,1610612764,team_trb_all_players/impact_database/roster_tenure/realgm_transactions_resilient/2024-25.txt.gz,639,*    The [Los Angeles Lakers](https://basketball.realgm.com/nba/teams/Los-Angeles-Lakers/13/home) ended the two-way contract of [Jordan Goodwin](https://basketball.realgm.com/player/Jordan-Goodwin/Summary/88801).
2022-23,1630692,1610612764,team_trb_all_players/impact_database/roster_tenure/realgm_transactions_resilient/2024-25.txt.gz,1204,*   [Jordan Goodwin](https://basketball.realgm.com/player/Jordan-Goodwin/Summary/88801) signed a two-way contract with the [Los Angeles Lakers](https://basketball.realgm.com/nba/teams/Los-Angeles-Lakers/13/home).
2022-23,1630692,1610612764,team_trb_all_players/impact_database/roster_tenure/realgm_transactions_resilient/2024-25.txt.gz,2527,"*   [Jordan Goodwin](https://basketball.realgm.com/player/Jordan-Goodwin/Summary/88801), previously with the [Los Angeles Lakers](https://basketball.realgm.com/nba/teams/Los-Angeles-Lakers/13/home), became a free agent."
2022-23,1630692,1610612764,team_trb_all_players/impact_database/roster_tenure/realgm_transactions_resilient/2024-25.txt.gz,2660,*    The [Los Angeles Lakers](https://basketball.realgm.com/nba/teams/Los-Angeles-Lakers/13/home) placed the contract of [Jordan Goodwin](https://basketball.realgm.com/player/Jordan-Goodwin/Summary/88801) on waivers.
2022-23,1630692,1610612764,team_trb_all_players/impact_database/roster_tenure/realgm_transactions_resilient/2024-25.txt.gz,3012,"*   [Dane Goodwin](https://basketball.realgm.com/player/Dane-Goodwin/Summary/88962), previously with the [Utah Jazz](https://basketball.realgm.com/nba/teams/Utah-Jazz/29/home), became a free agent."
2022-23,1630692,1610612764,team_trb_all_players/impact_database/roster_tenure/realgm_transactions_resilient/2024-25.txt.gz,3046,*    The [Utah Jazz](https://basketball.realgm.com/nba/teams/Utah-Jazz/29/home) placed the contract of [Dane Goodwin](https://basketball.realgm.com/player/Dane-Goodwin/Summary/88962) on waivers.
2022-23,1630692,1610612764,team_trb_all_players/impact_database/roster_tenure/realgm_transactions_resilient/2024-25.txt.gz,3089,*   [Dane Goodwin](https://basketball.realgm.com/player/Dane-Goodwin/Summary/88962) signed a contract with the [Utah Jazz](https://basketball.realgm.com/nba/teams/Utah-Jazz/29/home).
2022-23,1630692,1610612764,team_trb_all_players/impact_database/roster_tenure/realgm_transactions_resilient/2024-25.txt.gz,3238,*   [Jordan Goodwin](https://basketball.realgm.com/player/Jordan-Goodwin/Summary/88801) signed a contract with the [Los Angeles Lakers](https://basketball.realgm.com/nba/teams/Los-Angeles-Lakers/13/home).
2022-23,1630692,1610612764,team_trb_all_players/impact_database/roster_tenure/realgm_transactions_resilient/2024-25.txt.gz,3895,"*   [Jordan Goodwin](https://basketball.realgm.com/player/Jordan-Goodwin/Summary/88801), previously with the [Memphis Grizzlies](https://basketball.realgm.com/nba/teams/Memphis-Grizzlies/14/home), became a free agent."
2022-23,1630692,1610612764,team_trb_all_players/impact_database/roster_tenure/realgm_transactions_resilient/2024-25.txt.gz,4098,"Mar 27, 2025 [Jordan Goodwin](https://basketball.realgm.com/player/Jordan-Goodwin/Summary/88801)"
2022-23,1630692,1610612764,team_trb_all_players/impact_database/roster_tenure/realgm_transactions_resilient/2024-25.txt.gz,4288,"Feb 7, 2025 [Jordan Goodwin](https://basketball.realgm.com/player/Jordan-Goodwin/Summary/88801)"
2022-23,1630692,1610612764,team_trb_all_players/impact_database/roster_tenure/realgm_transactions_resilient/2024-25.txt.gz,4636,"Sep 23, 2024 [Dane Goodwin](https://basketball.realgm.com/player/Dane-Goodwin/Summary/88962)"
2022-23,1630692,1610612764,team_trb_all_players/impact_database/roster_tenure/realgm_transactions_resilient/2024-25.txt.gz,4766,"Sep 6, 2024 [Jordan Goodwin](https://basketball.realgm.com/player/Jordan-Goodwin/Summary/88801)"
2022-23,1630692,1610612764,team_trb_all_players/impact_database/roster_tenure/realgm_transactions_resilient/2024-25.txt.gz,7804,"Oct 20, 2024 [Jordan Goodwin](https://basketball.realgm.com/player/Jordan-Goodwin/Summary/88801)"
2022-23,1630692,1610612764,team_trb_all_players/impact_database/roster_tenure/realgm_transactions_resilient/2024-25.txt.gz,8024,"Sep 27, 2024 [Dane Goodwin](https://basketball.realgm.com/player/Dane-Goodwin/Summary/88962)"
2022-23,1630692,1610612764,team_trb_all_players/impact_database/roster_tenure/realgm_transactions_resilient/2024-25.txt.gz,8344,"Jul 1, 2024 [Jordan Goodwin](https://basketball.realgm.com/player/Jordan-Goodwin/Summary/88801)"
2022-23,1630692,1610612764,team_trb_all_players/impact_database/roster_tenure/realgm_transactions_resilient/2024-25.txt.gz,8844,"Jun 28, 2025 [Jordan Goodwin](https://basketball.realgm.com/player/Jordan-Goodwin/Summary/88801)"
2022-23,1630692,1610612764,team_trb_all_players/impact_database/roster_tenure/realgm_transactions_resilient/2024-25.txt.gz,9208,"Mar 27, 2025 [Jordan Goodwin](https://basketball.realgm.com/player/Jordan-Goodwin/Summary/88801)"
2022-23,1630692,1610612764,team_trb_all_players/impact_database/roster_tenure/realgm_transactions_resilient/2024-25.txt.gz,9608,"Oct 18, 2024 [Jordan Goodwin](https://basketball.realgm.com/player/Jordan-Goodwin/Summary/88801)"
2022-23,1630692,1610612764,team_trb_all_players/impact_database/roster_tenure/realgm_transactions_resilient/2024-25.txt.gz,9830,"Sep 25, 2024 [Dane Goodwin](https://basketball.realgm.com/player/Dane-Goodwin/Summary/88962)"
2022-23,1630692,1610612764,team_trb_all_players/impact_database/historical_transactions/season_rows/2013-14.jsonl.gz,51,"{""season"": ""2013-14"", ""start_year"": 2013, ""page_title"": ""List of 2013–14 NBA season transactions"", ""section"": ""Player movement"", ""subsection"": ""Trades"", ""table_index"": 7, ""table_classes"": [""wikitable""], ""row_index"": 4, ""cells"": [""To Oklahoma City Thunder Draft rights to 26th pick André Roberson"", ""To Golden State Warriors Draft rights to 29th pick Archie Goodwin Cash considerations"", """"], ""links"": [{""text"": ""Oklahoma City Thunder"", ""title"": ""Oklahoma City Thunder"", ""href"": ""/wiki/Oklahoma_City_Thunder""}, {""text"": ""André Roberson"", ""title"": ""André Roberson"", ""href"": ""/wiki/Andr%C3%A9_Roberson""}, {""text"": ""Golden State Warriors"", ""title"": ""Golden State Warriors"", ""href"": ""/wiki/Golden_State_Warriors""}, {""text"": ""Archie Goodwin"", ""title"": ""Archie Goodwin (basketball)"", ""href"": ""/wiki/Archie_Goodwin_(basketball)""}], ""date_hint"": null}"
2022-23,1630692,1610612764,team_trb_all_players/impact_database/historical_transactions/season_rows/2013-14.jsonl.gz,56,"{""season"": ""2013-14"", ""start_year"": 2013, ""page_title"": ""List of 2013–14 NBA season transactions"", ""section"": ""Player movement"", ""subsection"": ""Trades"", ""table_index"": 7, ""table_classes"": [""wikitable""], ""row_index"": 9, ""cells"": [""To Golden State Warriors Draft rights to 30th pick Nemanja Nedović"", ""To Phoenix Suns Draft rights to 29th pick Archie Goodwin Malcolm Lee"", ""[ 57 ]""], ""links"": [{""text"": ""Golden State Warriors"", ""title"": ""Golden State Warriors"", ""href"": ""/wiki/Golden_State_Warriors""}, {""text"": ""Nemanja Nedović"", ""title"": ""Nemanja Nedović"", ""href"": ""/wiki/Nemanja_Nedovi%C4%87""}, {""text"": ""Phoenix Suns"", ""title"": ""Phoenix Suns"", ""href"": ""/wiki/Phoenix_Suns""}, {""text"": ""Archie Goodwin"", ""title"": ""Archie Goodwin (basketball)"", ""href"": ""/wiki/Archie_Goodwin_(basketball)""}, {""text"": ""Malcolm Lee"", ""title"": ""Malcolm Lee (basketball)"", ""href"": ""/wiki/Malcolm_Lee_(basketball)""}, {""text"": ""[ 57 ]"", ""title"": """", ""href"": ""#cite_note-57""}], ""date_hint"": null}"
2022-23,1630692,1610612764,team_trb_all_players/impact_database/historical_transactions/season_rows/2013-14.jsonl.gz,703,"{""season"": ""2013-14"", ""start_year"": 2013, ""page_title"": ""List of 2013–14 NBA season transactions"", ""section"": ""Draft"", ""subsection"": ""First round"", ""table_index"": 13, ""table_classes"": [""wikitable"", ""sortable""], ""row_index"": 29, ""cells"": [""29"", ""Archie Goodwin"", ""July 12"", ""Phoenix Suns (acquired from Golden State via Oklahoma City )"", ""Kentucky ( Fr. )"", ""[ 514 ]""], ""links"": [{""text"": ""Archie Goodwin"", ""title"": ""Archie Goodwin (basketball)"", ""href"": ""/wiki/Archie_Goodwin_(basketball)""}, {""text"": ""Phoenix Suns"", ""title"": ""Phoenix Suns"", ""href"": ""/wiki/Phoenix_Suns""}, {""text"": ""Golden State"", ""title"": ""Golden State Warriors"", ""href"": ""/wiki/Golden_State_Warriors""}, {""text"": ""Oklahoma City"", ""title"": ""Oklahoma City Thunder"", ""href"": ""/wiki/Oklahoma_City_Thunder""}, {""text"": ""Kentucky"", ""title"": ""Kentucky Wildcats men's basketball"", ""href"": ""/wiki/Kentucky_Wildcats_men%27s_basketball""}, {""text"": ""Fr."", ""title"": ""Freshman"", ""href"": ""/wiki/Freshman""}, {""text"": ""[ 514 ]"", ""title"": """", ""href"": ""#cite_note-517""}], ""date_hint"": null}"
2022-23,1630692,1610612764,team_trb_all_players/impact_database/historical_transactions/raw_pages/2013-14.html.gz,473,"<ul><li>Draft rights to 29th pick <a href=""/wiki/Archie_Goodwin_(basketball)"" title=""Archie Goodwin (basketball)"">Archie Goodwin</a></li>"
2022-23,1630692,1610612764,team_trb_all_players/impact_database/historical_transactions/raw_pages/2013-14.html.gz,525,"<ul><li>Draft rights to 29th pick <a href=""/wiki/Archie_Goodwin_(basketball)"" title=""Archie Goodwin (basketball)"">Archie Goodwin</a></li>"
2022-23,1630692,1610612764,team_trb_all_players/impact_database/historical_transactions/raw_pages/2013-14.html.gz,6891,"<td><span data-sort-value=""Goodwin, Archie""><span class=""vcard""><span class=""fn""><a href=""/wiki/Archie_Goodwin_(basketball)"" title=""Archie Goodwin (basketball)"">Archie Goodwin</a></span></span></span>"
2022-23,1630692,1610612764,team_trb_all_players/impact_database/historical_transactions/raw_pages/2013-14.html.gz,8408,"<li id=""cite&#95;note-517""><span class=""mw-cite-backlink""><b><a href=""#cite_ref-517"">^</a></b></span> <span class=""reference-text""><a rel=""nofollow"" class=""external text"" href=""http://arizonasports.com/41/1648167/Suns-sign-draft-pick-Archie-Goodwin"">Suns Sign Draft Pick Archie Goodwin</a> <a rel=""nofollow"" class=""external text"" href=""https://web.archive.org/web/20130715215758/http://arizonasports.com/41/1648167/Suns-sign-draft-pick-Archie-Goodwin"">Archived</a> July 15, 2013, at the <a href=""/wiki/Wayback_Machine"" title=""Wayback Machine"">Wayback Machine</a>.</span>"
2022-23,1630692,1610612764,team_trb_all_players/impact_database/historical_transactions/basketball_reference_uniform/season_rows/2012-13.jsonl.gz,797,"{""season"": ""2012-13"", ""start_year"": 2012, ""page_title"": ""2012-13 NBA Transactions | Basketball-Reference.com"", ""section"": ""Trades"", ""subsection"": ""June 27, 2013"", ""table_index"": null, ""table_classes"": [], ""row_index"": 796, ""cells"": [""June 27, 2013"", ""The Golden State Warriors traded Andre Roberson to the Oklahoma City Thunder for Archie Goodwin and cash.""], ""links"": [{""text"": ""Golden State Warriors"", ""title"": null, ""href"": ""/teams/GSW/2013.html""}, {""text"": ""Andre Roberson"", ""title"": null, ""href"": ""/players/r/roberan03.html""}, {""text"": ""Oklahoma City Thunder"", ""title"": null, ""href"": ""/teams/OKC/2013.html""}, {""text"": ""Archie Goodwin"", ""title"": null, ""href"": ""/players/g/goodwar01.html""}], ""date_hint"": ""June 27"", ""exact_date"": ""June 27, 2013"", ""source"": ""Basketball-Reference via Internet Archive"", ""source_url"": ""https://web.archive.org/web/20220516152307id_/https://www.basketball-reference.com/leagues/NBA_2013_transactions.html""}"
2022-23,1630692,1610612764,team_trb_all_players/impact_database/historical_transactions/basketball_reference_uniform/season_rows/2012-13.jsonl.gz,802,"{""season"": ""2012-13"", ""start_year"": 2012, ""page_title"": ""2012-13 NBA Transactions | Basketball-Reference.com"", ""section"": ""Trades"", ""subsection"": ""June 27, 2013"", ""table_index"": null, ""table_classes"": [], ""row_index"": 801, ""cells"": [""June 27, 2013"", ""The Golden State Warriors traded Archie Goodwin and Malcolm Lee to the Phoenix Suns for Nemanja Nedović .""], ""links"": [{""text"": ""Golden State Warriors"", ""title"": null, ""href"": ""/teams/GSW/2013.html""}, {""text"": ""Archie Goodwin"", ""title"": null, ""href"": ""/players/g/goodwar01.html""}, {""text"": ""Malcolm Lee"", ""title"": null, ""href"": ""/players/l/leema01.html""}, {""text"": ""Phoenix Suns"", ""title"": null, ""href"": ""/teams/PHO/2013.html""}, {""text"": ""Nemanja Nedović"", ""title"": null, ""href"": ""/players/n/nedovne01.html""}], ""date_hint"": ""June 27"", ""exact_date"": ""June 27, 2013"", ""source"": ""Basketball-Reference via Internet Archive"", ""source_url"": ""https://web.archive.org/web/20220516152307id_/https://www.basketball-reference.com/leagues/NBA_2013_transactions.html""}"
2022-23,1630692,1610612764,team_trb_all_players/impact_database/historical_transactions/basketball_reference_uniform/season_rows/2014-15.jsonl.gz,674,"{""season"": ""2014-15"", ""start_year"": 2014, ""page_title"": ""2014-15 NBA Transactions | Basketball-Reference.com"", ""section"": ""Other"", ""subsection"": ""December 25, 2014"", ""table_index"": null, ""table_classes"": [], ""row_index"": 673, ""cells"": [""December 25, 2014"", ""The Phoenix Suns assigned Archie Goodwin to the Bakersfield Jam of the G-League.""], ""links"": [{""text"": ""Phoenix Suns"", ""title"": null, ""href"": ""/teams/PHO/2015.html""}, {""text"": ""Archie Goodwin"", ""title"": null, ""href"": ""/players/g/goodwar01.html""}], ""date_hint"": ""December 25"", ""exact_date"": ""December 25, 2014"", ""source"": ""Basketball-Reference via Internet Archive"", ""source_url"": ""https://web.archive.org/web/20221207203038id_/https://www.basketball-reference.com/leagues/NBA_2015_transactions.html""}"
2022-23,1630692,1610612764,team_trb_all_players/impact_database/historical_transactions/basketball_reference_uniform/season_rows/2014-15.jsonl.gz,699,"{""season"": ""2014-15"", ""start_year"": 2014, ""page_title"": ""2014-15 NBA Transactions | Basketball-Reference.com"", ""section"": ""Other"", ""subsection"": ""December 31, 2014"", ""table_index"": null, ""table_classes"": [], ""row_index"": 698, ""cells"": [""December 31, 2014"", ""The Phoenix Suns recalled Archie Goodwin from the Bakersfield Jam of the G-League.""], ""links"": [{""text"": ""Phoenix Suns"", ""title"": null, ""href"": ""/teams/PHO/2015.html""}, {""text"": ""Archie Goodwin"", ""title"": null, ""href"": ""/players/g/goodwar01.html""}], ""date_hint"": ""December 31"", ""exact_date"": ""December 31, 2014"", ""source"": ""Basketball-Reference via Internet Archive"", ""source_url"": ""https://web.archive.org/web/20221207203038id_/https://www.basketball-reference.com/leagues/NBA_2015_transactions.html""}"
2022-23,1630692,1610612764,team_trb_all_players/impact_database/historical_transactions/basketball_reference_uniform/season_rows/2014-15.jsonl.gz,763,"{""season"": ""2014-15"", ""start_year"": 2014, ""page_title"": ""2014-15 NBA Transactions | Basketball-Reference.com"", ""section"": ""Other"", ""subsection"": ""January 14, 2015"", ""table_index"": null, ""table_classes"": [], ""row_index"": 762, ""cells"": [""January 14, 2015"", ""The Phoenix Suns assigned Archie Goodwin to the Bakersfield Jam of the G-League.""], ""links"": [{""text"": ""Phoenix Suns"", ""title"": null, ""href"": ""/teams/PHO/2015.html""}, {""text"": ""Archie Goodwin"", ""title"": null, ""href"": ""/players/g/goodwar01.html""}], ""date_hint"": ""January 14"", ""exact_date"": ""January 14, 2015"", ""source"": ""Basketball-Reference via Internet Archive"", ""source_url"": ""https://web.archive.org/web/20221207203038id_/https://www.basketball-reference.com/leagues/NBA_2015_transactions.html""}"
2022-23,1630692,1610612764,team_trb_all_players/impact_database/historical_transactions/basketball_reference_uniform/season_rows/2014-15.jsonl.gz,788,"{""season"": ""2014-15"", ""start_year"": 2014, ""page_title"": ""2014-15 NBA Transactions | Basketball-Reference.com"", ""section"": ""Other"", ""subsection"": ""January 20, 2015"", ""table_index"": null, ""table_classes"": [], ""row_index"": 787, ""cells"": [""January 20, 2015"", ""The Phoenix Suns recalled Archie Goodwin from the Bakersfield Jam of the G-League.""], ""links"": [{""text"": ""Phoenix Suns"", ""title"": null, ""href"": ""/teams/PHO/2015.html""}, {""text"": ""Archie Goodwin"", ""title"": null, ""href"": ""/players/g/goodwar01.html""}], ""date_hint"": ""January 20"", ""exact_date"": ""January 20, 2015"", ""source"": ""Basketball-Reference via Internet Archive"", ""source_url"": ""https://web.archive.org/web/20221207203038id_/https://www.basketball-reference.com/leagues/NBA_2015_transactions.html""}"
2022-23,1630692,1610612764,team_trb_all_players/impact_database/historical_transactions/basketball_reference_uniform/season_rows/2014-15.jsonl.gz,830,"{""season"": ""2014-15"", ""start_year"": 2014, ""page_title"": ""2014-15 NBA Transactions | Basketball-Reference.com"", ""section"": ""Other"", ""subsection"": ""January 29, 2015"", ""table_index"": null, ""table_classes"": [], ""row_index"": 829, ""cells"": [""January 29, 2015"", ""The Phoenix Suns assigned Archie Goodwin to the Bakersfield Jam of the G-League.""], ""links"": [{""text"": ""Phoenix Suns"", ""title"": null, ""href"": ""/teams/PHO/2015.html""}, {""text"": ""Archie Goodwin"", ""title"": null, ""href"": ""/players/g/goodwar01.html""}], ""date_hint"": ""January 29"", ""exact_date"": ""January 29, 2015"", ""source"": ""Basketball-Reference via Internet Archive"", ""source_url"": ""https://web.archive.org/web/20221207203038id_/https://www.basketball-reference.com/leagues/NBA_2015_transactions.html""}"
2022-23,1630692,1610612764,team_trb_all_players/impact_database/historical_transactions/basketball_reference_uniform/season_rows/2014-15.jsonl.gz,845,"{""season"": ""2014-15"", ""start_year"": 2014, ""page_title"": ""2014-15 NBA Transactions | Basketball-Reference.com"", ""section"": ""Other"", ""subsection"": ""February 1, 2015"", ""table_index"": null, ""table_classes"": [], ""row_index"": 844, ""cells"": [""February 1, 2015"", ""The Phoenix Suns recalled Archie Goodwin from the Bakersfield Jam of the G-League.""], ""links"": [{""text"": ""Phoenix Suns"", ""title"": null, ""href"": ""/teams/PHO/2015.html""}, {""text"": ""Archie Goodwin"", ""title"": null, ""href"": ""/players/g/goodwar01.html""}], ""date_hint"": ""February 1"", ""exact_date"": ""February 1, 2015"", ""source"": ""Basketball-Reference via Internet Archive"", ""source_url"": ""https://web.archive.org/web/20221207203038id_/https://www.basketball-reference.com/leagues/NBA_2015_transactions.html""}"
2022-23,1630692,1610612764,team_trb_all_players/impact_database/historical_transactions/basketball_reference_uniform/season_rows/2014-15.jsonl.gz,878,"{""season"": ""2014-15"", ""start_year"": 2014, ""page_title"": ""2014-15 NBA Transactions | Basketball-Reference.com"", ""section"": ""Other"", ""subsection"": ""February 7, 2015"", ""table_index"": null, ""table_classes"": [], ""row_index"": 877, ""cells"": [""February 7, 2015"", ""The Phoenix Suns assigned Archie Goodwin to the Bakersfield Jam of the G-League.""], ""links"": [{""text"": ""Phoenix Suns"", ""title"": null, ""href"": ""/teams/PHO/2015.html""}, {""text"": ""Archie Goodwin"", ""title"": null, ""href"": ""/players/g/goodwar01.html""}], ""date_hint"": ""February 7"", ""exact_date"": ""February 7, 2015"", ""source"": ""Basketball-Reference via Internet Archive"", ""source_url"": ""https://web.archive.org/web/20221207203038id_/https://www.basketball-reference.com/leagues/NBA_2015_transactions.html""}"
2022-23,1630692,1610612764,team_trb_all_players/impact_database/historical_transactions/basketball_reference_uniform/season_rows/2014-15.jsonl.gz,895,"{""season"": ""2014-15"", ""start_year"": 2014, ""page_title"": ""2014-15 NBA Transactions | Basketball-Reference.com"", ""section"": ""Other"", ""subsection"": ""February 11, 2015"", ""table_index"": null, ""table_classes"": [], ""row_index"": 894, ""cells"": [""February 11, 2015"", ""The Phoenix Suns recalled Archie Goodwin from the Bakersfield Jam of the G-League.""], ""links"": [{""text"": ""Phoenix Suns"", ""title"": null, ""href"": ""/teams/PHO/2015.html""}, {""text"": ""Archie Goodwin"", ""title"": null, ""href"": ""/players/g/goodwar01.html""}], ""date_hint"": ""February 11"", ""exact_date"": ""February 11, 2015"", ""source"": ""Basketball-Reference via Internet Archive"", ""source_url"": ""https://web.archive.org/web/20221207203038id_/https://www.basketball-reference.com/leagues/NBA_2015_transactions.html""}"
2022-23,1630692,1610612764,team_trb_all_players/impact_database/historical_transactions/basketball_reference_uniform/season_rows/2013-14.jsonl.gz,484,"{""season"": ""2013-14"", ""start_year"": 2013, ""page_title"": ""2013-14 NBA Transactions | Basketball-Reference.com"", ""section"": ""Other"", ""subsection"": ""January 23, 2014"", ""table_index"": null, ""table_classes"": [], ""row_index"": 483, ""cells"": [""January 23, 2014"", ""The Phoenix Suns assigned Archie Goodwin to the Bakersfield Jam of the G-League.""], ""links"": [{""text"": ""Phoenix Suns"", ""title"": null, ""href"": ""/teams/PHO/2014.html""}, {""text"": ""Archie Goodwin"", ""title"": null, ""href"": ""/players/g/goodwar01.html""}], ""date_hint"": ""January 23"", ""exact_date"": ""January 23, 2014"", ""source"": ""Basketball-Reference via Internet Archive"", ""source_url"": ""https://web.archive.org/web/20221209194421id_/https://www.basketball-reference.com/leagues/NBA_2014_transactions.html""}"
2022-23,1630692,1610612764,team_trb_all_players/impact_database/historical_transactions/basketball_reference_uniform/season_rows/2013-14.jsonl.gz,495,"{""season"": ""2013-14"", ""start_year"": 2013, ""page_title"": ""2013-14 NBA Transactions | Basketball-Reference.com"", ""section"": ""Other"", ""subsection"": ""January 26, 2014"", ""table_index"": null, ""table_classes"": [], ""row_index"": 494, ""cells"": [""January 26, 2014"", ""The Phoenix Suns recalled Archie Goodwin from the Bakersfield Jam of the G-League.""], ""links"": [{""text"": ""Phoenix Suns"", ""title"": null, ""href"": ""/teams/PHO/2014.html""}, {""text"": ""Archie Goodwin"", ""title"": null, ""href"": ""/players/g/goodwar01.html""}], ""date_hint"": ""January 26"", ""exact_date"": ""January 26, 2014"", ""source"": ""Basketball-Reference via Internet Archive"", ""source_url"": ""https://web.archive.org/web/20221209194421id_/https://www.basketball-reference.com/leagues/NBA_2014_transactions.html""}"
2022-23,1630692,1610612764,team_trb_all_players/impact_database/historical_transactions/basketball_reference_uniform/season_rows/2013-14.jsonl.gz,546,"{""season"": ""2013-14"", ""start_year"": 2013, ""page_title"": ""2013-14 NBA Transactions | Basketball-Reference.com"", ""section"": ""Other"", ""subsection"": ""February 5, 2014"", ""table_index"": null, ""table_classes"": [], ""row_index"": 545, ""cells"": [""February 5, 2014"", ""The Phoenix Suns assigned Archie Goodwin to the Bakersfield Jam of the G-League.""], ""links"": [{""text"": ""Phoenix Suns"", ""title"": null, ""href"": ""/teams/PHO/2014.html""}, {""text"": ""Archie Goodwin"", ""title"": null, ""href"": ""/players/g/goodwar01.html""}], ""date_hint"": ""February 5"", ""exact_date"": ""February 5, 2014"", ""source"": ""Basketball-Reference via Internet Archive"", ""source_url"": ""https://web.archive.org/web/20221209194421id_/https://www.basketball-reference.com/leagues/NBA_2014_transactions.html""}"
2022-23,1630692,1610612764,team_trb_all_players/impact_database/historical_transactions/basketball_reference_uniform/season_rows/2013-14.jsonl.gz,559,"{""season"": ""2013-14"", ""start_year"": 2013, ""page_title"": ""2013-14 NBA Transactions | Basketball-Reference.com"", ""section"": ""Other"", ""subsection"": ""February 9, 2014"", ""table_index"": null, ""table_classes"": [], ""row_index"": 558, ""cells"": [""February 9, 2014"", ""The Phoenix Suns recalled Archie Goodwin from the Bakersfield Jam of the G-League.""], ""links"": [{""text"": ""Phoenix Suns"", ""title"": null, ""href"": ""/teams/PHO/2014.html""}, {""text"": ""Archie Goodwin"", ""title"": null, ""href"": ""/players/g/goodwar01.html""}], ""date_hint"": ""February 9"", ""exact_date"": ""February 9, 2014"", ""source"": ""Basketball-Reference via Internet Archive"", ""source_url"": ""https://web.archive.org/web/20221209194421id_/https://www.basketball-reference.com/leagues/NBA_2014_transactions.html""}"
2022-23,1630692,1610612764,team_trb_all_players/impact_database/historical_transactions/basketball_reference_uniform/raw_pages/2012-13.html.gz,690,"<li><span>July 1, 2012</span><p>The <a data-attr-from=""CLE"" href=""/teams/CLE/2013.html"">Cleveland Cavaliers</a> waived <a href=""/players/h/harrima01.html"">Manny Harris</a>.</p><p>The <a data-attr-from=""CHA"" href=""/teams/CHA/2013.html"">Charlotte Bobcats</a> waived <a href=""/players/m/moonja01.html"">Jamario Moon</a>.</p></li><li><span>July 10, 2012</span><p>The <a data-attr-to=""DET"" href=""/teams/DET/2013.html"">Detroit Pistons</a> signed <a href=""/players/d/drumman01.html"">Andre Drummond</a> to a multi-year contract.</p></li><li><span>July 11, 2012</span><p>The <a data-attr-from=""LAL"" href=""/teams/LAL/2013.html"">Los Angeles Lakers</a> traded a 2013 1st round draft pick (<a href=""/players/n/nedovne01.html"">Nemanja Nedović</a> was later selected), a 2013 2nd round draft pick (<a href=""/players/o/oriakal01.html"">Alex Oriakhi</a> was later selected), a 2014 2nd round draft pick (<a href=""/players/o/obryajo01.html"">Johnny O'Bryant</a> was later selected) and a 2018 1st round draft pick (<a href=""/players/b/bridgmi01.html"">Mikal Bridges</a> was later selected) to the <a data-attr-to=""PHO"" href=""/teams/PHO/2013.html"">Phoenix Suns</a> for <a href=""/players/n/nashst01.html"">Steve Nash</a>.</p><p>The <a data-attr-from=""HOU"" href=""/teams/HOU/2013.html"">Houston Rockets</a> traded <a href=""/players/l/lowryky01.html"">Kyle Lowry</a> to the <a data-attr-to=""TOR"" href=""/teams/TOR/2013.html"">Toronto Raptors</a> for <a href=""/players/f/forbega01.html"">Gary Forbes</a> and a 2013 1st round draft pick (<a href=""/players/a/adamsst01.html"">Steven Adams</a> was later selected).</p><p>The <a data-attr-to=""MIA"" href=""/teams/MIA/2013.html"">Miami Heat</a> signed <a href=""/players/a/allenra02.html"">Ray Allen</a> as a free agent.</p><p>The <a data-attr-to=""MIA"" href=""/teams/MIA/2013.html"">Miami Heat</a> signed <a href=""/players/l/lewisra02.html"">Rashard Lewis</a> as a free agent.</p><p>The <a data-attr-from=""NOH"" href=""/teams/NOH/2013.html"">New Orleans Hornets</a> traded <a href=""/players/a/ayongu01.html"">Gustavo Ayón</a> to the <a data-attr-to=""ORL"" href=""/teams/ORL/2013.html"">Orlando Magic</a> for <a href=""/players/a/anderry01.html"">Ryan Anderson</a>.</p><p>The <a data-attr-to=""NYK"" href=""/teams/NYK/2013.html"">New York Knicks</a> signed <a href=""/players/w/whiteja02.html"">James White</a> as a free agent.</p><p>The <a data-attr-to=""OKC"" href=""/teams/OKC/2013.html"">Oklahoma City Thunder</a> signed <a href=""/players/t/thabeha01.html"">Hasheem Thabeet</a> as a free agent.</p><p>The <a data-attr-from=""HOU"" href=""/teams/HOU/2013.html"">Houston Rockets</a> traded <a href=""/players/c/cambyma01.html"">Marcus Camby</a> to the <a data-attr-to=""NYK"" href=""/teams/NYK/2013.html"">New York Knicks</a> for <a href=""/players/d/douglto01.html"">Toney Douglas</a>, <a href=""/players/h/harrejo01.html"">Josh Harrellson</a>, <a href=""/players/j/jordaje01.html"">Jerome Jordan</a>, a 2014 2nd round draft pick (<a href=""/players/j/johnsni01.html"">Nick Johnson</a> was later selected) and a 2015 2nd round draft pick (<a href=""/players/h/harremo01.html"">Montrezl Harrell</a> was later selected).</p><p>The <a data-attr-from=""ATL"" href=""/teams/ATL/2013.html"">Atlanta Hawks</a> traded <a href=""/players/w/willima02.html"">Marvin Williams</a> to the <a data-attr-to=""UTA"" href=""/teams/UTA/2013.html"">Utah Jazz</a> for <a href=""/players/h/harride01.html"">Devin Harris</a>.</p><p>The <a data-attr-to=""LAC"" href=""/teams/LAC/2013.html"">Los Angeles Clippers</a> signed <a href=""/players/c/crawfja01.html"">Jamal Crawford</a> as a free agent.</p><p>The <a data-attr-from=""POR"" href=""/teams/POR/2013.html"">Portland Trail Blazers</a> waived <a href=""/players/w/willish03.html"">Shawne Williams</a>.</p><p>The <a data-attr-from=""ATL"" href=""/teams/ATL/2013.html"">Atlanta Hawks</a> traded <a href=""/players/j/johnsjo02.html"">Joe Johnson</a> to the <a data-attr-to=""BRK"" href=""/teams/BRK/2013.html"">Brooklyn Nets</a> for <a href=""/players/f/farmajo01.html"">Jordan Farmar</a>, <a href=""/players/m/morroan01.html"">Anthony Morrow</a>,"
2022-23,1630692,1610612764,team_trb_all_players/impact_database/historical_transactions/basketball_reference_uniform/raw_pages/2014-15.html.gz,715,"<li><span>July 2, 2014</span><p>The <a data-attr-to=""BRK"" href=""/teams/BRK/2015.html"">Brooklyn Nets</a> hired <a href=""/coaches/hollili01c.html"">Lionel Hollins</a> as Head Coach.</p><p>The <a data-attr-from=""ORL"" href=""/teams/ORL/2015.html"">Orlando Magic</a> waived <a href=""/players/p/pricero01.html"">Ronnie Price</a>.</p><p>The <a data-attr-to=""ORL"" href=""/teams/ORL/2015.html"">Orlando Magic</a> signed <a href=""/players/p/paytoel01.html"">Elfrid Payton</a> to a multi-year contract.</p><p>The <a data-attr-to=""IND"" href=""/teams/IND/2015.html"">Indiana Pacers</a> signed <a href=""/players/w/whittsh01.html"">Shayne Whittington</a> to a multi-year contract.</p><p>The <a data-attr-to=""ORL"" href=""/teams/ORL/2015.html"">Orlando Magic</a> signed <a href=""/players/g/gordoaa01.html"">Aaron Gordon</a> to a multi-year contract.</p></li><li><span>July 3, 2014</span><p>The <a data-attr-to=""OKC"" href=""/teams/OKC/2015.html"">Oklahoma City Thunder</a> signed <a href=""/players/m/mcgarmi01.html"">Mitch McGary</a> to a multi-year contract.</p></li><li><span>July 4, 2014</span><p>The <a data-attr-from=""ORL"" href=""/teams/ORL/2015.html"">Orlando Magic</a> waived <a href=""/players/m/maxieja01.html"">Jason Maxiell</a>.</p></li><li><span>July 5, 2014</span><p>The <a data-attr-to=""BOS"" href=""/teams/BOS/2015.html"">Boston Celtics</a> signed <a href=""/players/s/smartma01.html"">Marcus Smart</a> to a multi-year contract.</p></li><li><span>July 6, 2014</span><p>The <a data-attr-to=""MEM"" href=""/teams/MEM/2015.html"">Memphis Grizzlies</a> signed <a href=""/players/a/adamsjo01.html"">Jordan Adams</a> to a multi-year contract.</p></li><li><span>July 7, 2014</span><p>The <a data-attr-to=""MEM"" href=""/teams/MEM/2015.html"">Memphis Grizzlies</a> signed <a href=""/players/r/randoza01.html"">Zach Randolph</a> to a contract extension.</p><p>The <a data-attr-to=""MIN"" href=""/teams/MIN/2015.html"">Minnesota Timberwolves</a> signed <a href=""/players/l/lavinza01.html"">Zach LaVine</a> to a multi-year contract.</p><p>The <a data-attr-to=""SAS"" href=""/teams/SAS/2015.html"">San Antonio Spurs</a> signed <a href=""/players/c/cottobr01.html"">Bryce Cotton</a> to a multi-year contract.</p><p>The <a data-attr-from=""TOR"" href=""/teams/TOR/2015.html"">Toronto Raptors</a> waived <a href=""/players/s/stoneju01.html"">Julyan Stone</a>.</p></li><li><span>July 8, 2014</span><p>The <a data-attr-to=""SAC"" href=""/teams/SAC/2015.html"">Sacramento Kings</a> signed <a href=""/players/s/stausni01.html"">Nik Stauskas</a> to a multi-year contract.</p><p>The <a data-attr-to=""MIL"" href=""/teams/MIL/2015.html"">Milwaukee Bucks</a> signed <a href=""/players/p/parkeja01.html"">Jabari Parker</a> to a multi-year contract.</p><p>The <a data-attr-to=""DEN"" href=""/teams/DEN/2015.html"">Denver Nuggets</a> signed <a href=""/players/h/harriga01.html"">Gary Harris</a> to a multi-year contract.</p><p>The <a data-attr-to=""TOR"" href=""/teams/TOR/2015.html"">Toronto Raptors</a> signed <a href=""/players/c/cabocbr01.html"">Bruno Caboclo</a> to a multi-year contract.</p></li><li><span>July 9, 2014</span><p>The <a data-attr-to=""TOR"" href=""/teams/TOR/2015.html"">Toronto Raptors</a> re-signed <a href=""/players/l/lowryky01.html"">Kyle Lowry</a>.</p></li><li><span>July 10, 2014</span><p>The <a data-attr-to=""ATL"" href=""/teams/ATL/2015.html"">Atlanta Hawks</a> signed <a href=""/players/s/sefolth01.html"">Thabo Sefolosha</a> to a multi-year contract.</p><p>The <a data-attr-to=""CLE"" href=""/teams/CLE/2015.html"">Cleveland Cavaliers</a> signed <a href=""/players/i/irvinky01.html"">Kyrie Irving</a> to a contract extension.</p><p>In a 3-team trade, the <a data-attr-from=""BRK"" href=""/teams/BRK/2015.html"">Brooklyn Nets</a> traded <a href=""/players/t/thornma01.html"">Marcus Thornton</a> to the <a data-attr-to=""BOS"" href=""/teams/BOS/2015.html"">Boston Celtics</a>; the <a data-attr-from=""BRK"" href=""/teams/BRK/2015.html"">Brooklyn Nets</a> traded <a href=""/players/b/bavcied01.html"">Edin Bavčić</a> and <a href=""/players/k/karamil01.html"">İlkan Karaman</a> to the <a data-attr-to=""CLE"" href=""/"
2022-23,1630692,1610612764,team_trb_all_players/impact_database/historical_transactions/basketball_reference_uniform/raw_pages/2013-14.html.gz,715,"<li><span>July 3, 2013</span><p>The <a data-attr-to=""IND"" href=""/teams/IND/2014.html"">Indiana Pacers</a> signed <a href=""/players/s/sloando01.html"">Donald Sloan</a> as a free agent.</p><p>The <a data-attr-to=""BOS"" href=""/teams/BOS/2014.html"">Boston Celtics</a> hired <a href=""/coaches/stevebr99c.html"">Brad Stevens</a> as Head Coach.</p></li><li><span>July 6, 2013</span><p>The <a data-attr-to=""UTA"" href=""/teams/UTA/2014.html"">Utah Jazz</a> signed <a href=""/players/b/burketr01.html"">Trey Burke</a>.</p><p>The <a data-attr-to=""UTA"" href=""/teams/UTA/2014.html"">Utah Jazz</a> signed <a href=""/players/g/goberru01.html"">Rudy Gobert</a>.</p></li><li><span>July 7, 2013</span><p>The <a data-attr-from=""MIN"" href=""/teams/MIN/2014.html"">Minnesota Timberwolves</a> waived <a href=""/players/g/gelabmi01.html"">Mickaël Gelabale</a>.</p><p>The <a data-attr-from=""MIN"" href=""/teams/MIN/2014.html"">Minnesota Timberwolves</a> waived <a href=""/players/s/stiemgr01.html"">Greg Stiemsma</a>.</p><p>The <a data-attr-to=""BOS"" href=""/teams/BOS/2014.html"">Boston Celtics</a> signed <a href=""/players/o/olynyke01.html"">Kelly Olynyk</a>.</p></li><li><span>July 8, 2013</span><p>The <a data-attr-to=""OKC"" href=""/teams/OKC/2014.html"">Oklahoma City Thunder</a> signed <a href=""/players/r/roberan03.html"">Andre Roberson</a>.</p><p>The <a data-attr-to=""LAC"" href=""/teams/LAC/2014.html"">Los Angeles Clippers</a> signed <a href=""/players/b/bullore01.html"">Reggie Bullock</a>.</p><p>The <a data-attr-to=""NYK"" href=""/teams/NYK/2014.html"">New York Knicks</a> signed <a href=""/players/h/hardati02.html"">Tim Hardaway Jr.</a>.</p><p>The <a data-attr-to=""NYK"" href=""/teams/NYK/2014.html"">New York Knicks</a> signed <a href=""/players/l/leslicj01.html"">C.J. Leslie</a>.</p><p>The <a data-attr-to=""WAS"" href=""/teams/WAS/2014.html"">Washington Wizards</a> signed <a href=""/players/p/porteot01.html"">Otto Porter</a>.</p><p>The <a data-attr-to=""WAS"" href=""/teams/WAS/2014.html"">Washington Wizards</a> signed <a href=""/players/r/ricegl02.html"">Glen Rice Jr.</a>.</p></li><li><span>July 9, 2013</span><p>The <a data-attr-from=""LAC"" href=""/teams/LAC/2014.html"">Los Angeles Clippers</a> waived <a href=""/players/s/summeda01.html"">DaJuan Summers</a>.</p></li><li><span>July 10, 2013</span><p>The <a data-attr-to=""WAS"" href=""/teams/WAS/2014.html"">Washington Wizards</a> signed <a href=""/players/m/maynoer01.html"">Eric Maynor</a> as a free agent.</p><p>The <a data-attr-from=""NYK"" href=""/teams/NYK/2014.html"">New York Knicks</a> traded <a href=""/players/c/cambyma01.html"">Marcus Camby</a>, <a href=""/players/n/novakst01.html"">Steve Novak</a>, <a href=""/players/r/richaqu01.html"">Quentin Richardson</a>, a 2014 2nd round draft pick (<a href=""/players/t/thamexa01.html"">Xavier Thames</a> was later selected), a 2016 1st round draft pick (<a href=""/players/p/poeltja01.html"">Jakob Pöltl</a> was later selected) and a 2017 2nd round draft pick (<a href=""/players/b/boldejo01.html"">Jonah Bolden</a> was later selected) to the <a data-attr-to=""TOR"" href=""/teams/TOR/2014.html"">Toronto Raptors</a> for <a href=""/players/b/bargnan01.html"">Andrea Bargnani</a>.</p><p>The <a data-attr-to=""POR"" href=""/teams/POR/2014.html"">Portland Trail Blazers</a> signed <a href=""/players/w/wrighdo01.html"">Dorell Wright</a> as a free agent.</p><p>The <a data-attr-to=""NOP"" href=""/teams/NOP/2014.html"">New Orleans Pelicans</a> signed <a href=""/players/s/stiemgr01.html"">Greg Stiemsma</a> as a free agent.</p><p>The <a data-attr-from=""NOP"" href=""/teams/NOP/2014.html"">New Orleans Pelicans</a> waived <a href=""/players/t/thomala01.html"">Lance Thomas</a>.</p><p>In a 3-team trade, the <a data-attr-from=""LAC"" href=""/teams/LAC/2014.html"">Los Angeles Clippers</a> traded a 2016 2nd round draft pick (<a href=""/players/p/paigema01.html"">Marcus Paige</a> was later selected) to the <a data-attr-to=""MIL"" href=""/teams/MIL/2014.html"">Milwaukee Bucks</a>; the <a data-attr-from=""LAC"" href=""/teams/LAC/2014.html"">Los Angeles Clippers</a> traded <a href=""/players/b/bledser01.html"">Eric Bl"
2022-23,202711,1610612765,team_trb_all_players/impact_database/roster_tenure/normalized_transactions.jsonl.gz,6361,"{""exact_date"": ""2017-02-22"", ""season"": ""2016-17"", ""event_type"": ""trade"", ""player_id"": ""202711"", ""player_name"": ""Bojan Bogdanovic"", ""source_player_ref"": ""bojan-bogdanovic"", ""source_team_id"": 1610612751, ""destination_team_id"": 1610612764, ""source_team_name"": null, ""destination_team_name"": null, ""source_system"": ""Official NBA Player Movement feed"", ""source_reference"": ""https://stats.nba.com/js/data/playermovement/NBA_Player_Movement.json#row-8432"", ""identity_resolution"": ""official_nba_player_id"", ""team_resolution"": ""official_team_id"", ""raw_text"": ""Washington Wizards received forward Bojan Bogdanovic from Brooklyn Nets."", ""confidence"": ""high""}"
2022-23,202711,1610612765,team_trb_all_players/impact_database/roster_tenure/normalized_transactions.jsonl.gz,6650,"{""exact_date"": ""2017-07-10"", ""season"": ""2017-18"", ""event_type"": ""acquire"", ""player_id"": ""202711"", ""player_name"": ""Bojan Bogdanovic"", ""source_player_ref"": ""bojan-bogdanovic"", ""source_team_id"": null, ""destination_team_id"": 1610612754, ""source_team_name"": null, ""destination_team_name"": null, ""source_system"": ""Official NBA Player Movement feed"", ""source_reference"": ""https://stats.nba.com/js/data/playermovement/NBA_Player_Movement.json#row-8166"", ""identity_resolution"": ""official_nba_player_id"", ""team_resolution"": ""official_team_id"", ""raw_text"": ""Indiana Pacers signed forward Bojan Bogdanovic to a Contract."", ""confidence"": ""high""}"
2022-23,202711,1610612765,team_trb_all_players/impact_database/roster_tenure/normalized_transactions.jsonl.gz,6673,"{""exact_date"": ""2017-07-13"", ""season"": ""2017-18"", ""event_type"": ""acquire"", ""player_id"": ""203992"", ""player_name"": ""Bogdan Bogdanovic"", ""source_player_ref"": ""bogdan-bogdanovic"", ""source_team_id"": null, ""destination_team_id"": 1610612758, ""source_team_name"": null, ""destination_team_name"": null, ""source_system"": ""Official NBA Player Movement feed"", ""source_reference"": ""https://stats.nba.com/js/data/playermovement/NBA_Player_Movement.json#row-8135"", ""identity_resolution"": ""official_nba_player_id"", ""team_resolution"": ""official_team_id"", ""raw_text"": ""Sacramento Kings re-signed guard Bogdan Bogdanovic to a Contract."", ""confidence"": ""high""}"
2022-23,202711,1610612765,team_trb_all_players/impact_database/roster_tenure/normalized_transactions.jsonl.gz,8265,"{""exact_date"": ""2019-07-07"", ""season"": ""2019-20"", ""event_type"": ""acquire"", ""player_id"": ""202711"", ""player_name"": ""Bojan Bogdanovic"", ""source_player_ref"": ""bojan-bogdanovic"", ""source_team_id"": null, ""destination_team_id"": 1610612762, ""source_team_name"": null, ""destination_team_name"": null, ""source_system"": ""Official NBA Player Movement feed"", ""source_reference"": ""https://stats.nba.com/js/data/playermovement/NBA_Player_Movement.json#row-6556"", ""identity_resolution"": ""official_nba_player_id"", ""team_resolution"": ""official_team_id"", ""raw_text"": ""Utah Jazz signed forward Bojan Bogdanovic to a Contract."", ""confidence"": ""high""}"
2022-23,202711,1610612765,team_trb_all_players/impact_database/roster_tenure/normalized_transactions.jsonl.gz,9104,"{""exact_date"": ""2020-11-25"", ""season"": ""2020-21"", ""event_type"": ""acquire"", ""player_id"": ""203992"", ""player_name"": ""Bogdan Bogdanovic"", ""source_player_ref"": ""bogdan-bogdanovic"", ""source_team_id"": null, ""destination_team_id"": 1610612737, ""source_team_name"": null, ""destination_team_name"": null, ""source_system"": ""Official NBA Player Movement feed"", ""source_reference"": ""https://stats.nba.com/js/data/playermovement/NBA_Player_Movement.json#row-5690"", ""identity_resolution"": ""official_nba_player_id"", ""team_resolution"": ""official_team_id"", ""raw_text"": ""Atlanta Hawks signed guard Bogdan Bogdanovic to a Contract."", ""confidence"": ""high""}"
2022-23,202711,1610612765,team_trb_all_players/impact_database/roster_tenure/normalized_transactions.jsonl.gz,11210,"{""exact_date"": ""2022-09-22"", ""season"": ""2022-23"", ""event_type"": ""trade"", ""player_id"": ""202711"", ""player_name"": ""Bojan Bogdanovic"", ""source_player_ref"": ""bojan-bogdanovic"", ""source_team_id"": 1610612762, ""destination_team_id"": 1610612765, ""source_team_name"": null, ""destination_team_name"": null, ""source_system"": ""Official NBA Player Movement feed"", ""source_reference"": ""https://stats.nba.com/js/data/playermovement/NBA_Player_Movement.json#row-3729"", ""identity_resolution"": ""official_nba_player_id"", ""team_resolution"": ""official_team_id"", ""raw_text"": ""Detroit Pistons received forward Bojan Bogdanovic from Utah Jazz."", ""confidence"": ""high""}"
2022-23,202711,1610612765,team_trb_all_players/impact_database/roster_tenure/normalized_transactions.jsonl.gz,11460,"{""exact_date"": ""2022-10-30"", ""season"": ""2022-23"", ""event_type"": ""acquire"", ""player_id"": ""202711"", ""player_name"": ""Bojan Bogdanovic"", ""source_player_ref"": ""bojan-bogdanovic"", ""source_team_id"": null, ""destination_team_id"": 1610612765, ""source_team_name"": null, ""destination_team_name"": null, ""source_system"": ""Official NBA Player Movement feed"", ""source_reference"": ""https://stats.nba.com/js/data/playermovement/NBA_Player_Movement.json#row-3463"", ""identity_resolution"": ""official_nba_player_id"", ""team_resolution"": ""official_team_id"", ""raw_text"": ""Detroit Pistons re-signed forward Bojan Bogdanovic to a Veteran Extension."", ""confidence"": ""high""}"
2022-23,202711,1610612765,team_trb_all_players/impact_database/roster_tenure/normalized_transactions.jsonl.gz,11706,"{""exact_date"": ""2023-03-16"", ""season"": ""2022-23"", ""event_type"": ""acquire"", ""player_id"": ""203992"", ""player_name"": ""Bogdan Bogdanovic"", ""source_player_ref"": ""bogdan-bogdanovic"", ""source_team_id"": null, ""destination_team_id"": 1610612737, ""source_team_name"": null, ""destination_team_name"": null, ""source_system"": ""Official NBA Player Movement feed"", ""source_reference"": ""https://stats.nba.com/js/data/playermovement/NBA_Player_Movement.json#row-3215"", ""identity_resolution"": ""official_nba_player_id"", ""team_resolution"": ""official_team_id"", ""raw_text"": ""Atlanta Hawks re-signed guard Bogdan Bogdanovic to a Veteran Extension."", ""confidence"": ""high""}"
2022-23,202711,1610612765,team_trb_all_players/impact_database/roster_tenure/normalized_transactions.jsonl.gz,12510,"{""exact_date"": ""2024-02-08"", ""season"": ""2023-24"", ""event_type"": ""trade"", ""player_id"": ""202711"", ""player_name"": ""Bojan Bogdanovic"", ""source_player_ref"": ""bojan-bogdanovic"", ""source_team_id"": 1610612765, ""destination_team_id"": 1610612752, ""source_team_name"": null, ""destination_team_name"": null, ""source_system"": ""Official NBA Player Movement feed"", ""source_reference"": ""https://stats.nba.com/js/data/playermovement/NBA_Player_Movement.json#row-2362"", ""identity_resolution"": ""official_nba_player_id"", ""team_resolution"": ""official_team_id"", ""raw_text"": ""New York Knicks received forward Bojan Bogdanovic from Detroit Pistons."", ""confidence"": ""high""}"
2022-23,202711,1610612765,team_trb_all_players/impact_database/roster_tenure/normalized_transactions.jsonl.gz,13044,"{""exact_date"": ""2024-07-06"", ""season"": ""2024-25"", ""event_type"": ""trade"", ""player_id"": ""202711"", ""player_name"": ""Bojan Bogdanovic"", ""source_player_ref"": ""bojan-bogdanovic"", ""source_team_id"": 1610612752, ""destination_team_id"": 1610612751, ""source_team_name"": null, ""destination_team_name"": null, ""source_system"": ""Official NBA Player Movement feed"", ""source_reference"": ""https://stats.nba.com/js/data/playermovement/NBA_Player_Movement.json#row-2102"", ""identity_resolution"": ""official_nba_player_id"", ""team_resolution"": ""official_team_id"", ""raw_text"": ""Brooklyn Nets received forward Bojan Bogdanovic from New York Knicks."", ""confidence"": ""high""}"
2022-23,202711,1610612765,team_trb_all_players/impact_database/roster_tenure/normalized_transactions.jsonl.gz,13809,"{""exact_date"": ""2025-02-06"", ""season"": ""2024-25"", ""event_type"": ""trade"", ""player_id"": ""203992"", ""player_name"": ""Bogdan Bogdanovic"", ""source_player_ref"": ""bogdan-bogdanovic"", ""source_team_id"": 1610612737, ""destination_team_id"": 1610612746, ""source_team_name"": null, ""destination_team_name"": null, ""source_system"": ""Official NBA Player Movement feed"", ""source_reference"": ""https://stats.nba.com/js/data/playermovement/NBA_Player_Movement.json#row-1471"", ""identity_resolution"": ""official_nba_player_id"", ""team_resolution"": ""official_team_id"", ""raw_text"": ""LA Clippers received guard Bogdan Bogdanovic from Atlanta Hawks."", ""confidence"": ""high""}"
2022-23,202711,1610612765,team_trb_all_players/impact_database/roster_tenure/normalized_transactions.jsonl.gz,13872,"{""exact_date"": ""2025-02-20"", ""season"": ""2024-25"", ""event_type"": ""depart"", ""player_id"": ""202711"", ""player_name"": ""Bojan Bogdanovic"", ""source_player_ref"": ""bojan-bogdanovic"", ""source_team_id"": 1610612751, ""destination_team_id"": null, ""source_team_name"": null, ""destination_team_name"": null, ""source_system"": ""Official NBA Player Movement feed"", ""source_reference"": ""https://stats.nba.com/js/data/playermovement/NBA_Player_Movement.json#row-1359"", ""identity_resolution"": ""official_nba_player_id"", ""team_resolution"": ""official_team_id"", ""raw_text"": ""Brooklyn Nets waived forward Bojan Bogdanovic."", ""confidence"": ""high""}"
2022-23,202711,1610612765,team_trb_all_players/impact_database/roster_tenure/normalized_transactions.jsonl.gz,15161,"{""exact_date"": ""2026-07-08"", ""season"": ""2026-27"", ""event_type"": ""acquire"", ""player_id"": ""203992"", ""player_name"": ""Bogdan Bogdanovic"", ""source_player_ref"": ""bogdan-bogdanovic"", ""source_team_id"": null, ""destination_team_id"": 1610612745, ""source_team_name"": null, ""destination_team_name"": null, ""source_system"": ""Official NBA Player Movement feed"", ""source_reference"": ""https://stats.nba.com/js/data/playermovement/NBA_Player_Movement.json#row-96"", ""identity_resolution"": ""official_nba_player_id"", ""team_resolution"": ""official_team_id"", ""raw_text"": ""Houston Rockets signed guard Bogdan Bogdanovic to a Contract."", ""confidence"": ""high""}"
2022-23,202711,1610612765,team_trb_all_players/impact_database/roster_tenure/realgm_transactions_resilient/2010-11.txt.gz,217,The draft rights to Bojan Bogdanovic was acquired by the New Jersey Nets from the Minnesota Timberwolves in exchange for: a 2013 2nd round pick (BRK own) and cash.
2022-23,202711,1610612765,team_trb_all_players/impact_database/roster_tenure/realgm_transactions_resilient/2010-11.txt.gz,218,"The draft rights to Norris Cole was acquired by the Miami Heat from the Minnesota Timberwolves in exchange for: the draft rights to Bojan Bogdanovic, a 2014 2nd round pick (MIN own) and cash."
2022-23,202711,1610612765,team_trb_all_players/impact_database/roster_tenure/realgm_transactions_resilient/2010-11.txt.gz,259,The Miami Heat selected Bojan Bogdanovic in Round 2 with Pick 1 in the 2011 NBA Draft.
2022-23,202711,1610612765,team_trb_all_players/impact_database/roster_tenure/realgm_transactions_resilient/2010-11.txt.gz,1901,Bojan Bogdanovic
2022-23,202711,1610612765,team_trb_all_players/impact_database/roster_tenure/realgm_transactions_resilient/2010-11.txt.gz,1904,Bojan Bogdanovic
2022-23,202711,1610612765,team_trb_all_players/impact_database/roster_tenure/realgm_transactions_resilient/2010-11.txt.gz,2020,Bojan Bogdanovic
2022-23,202711,1610612765,team_trb_all_players/impact_database/roster_tenure/realgm_transactions_resilient/2024-25.txt.gz,1024,"*   [Bojan Bogdanovic](https://basketball.realgm.com/player/Bojan-Bogdanovic/Summary/9740), previously with the [Brooklyn Nets](https://basketball.realgm.com/nba/teams/Brooklyn-Nets/38/home), became a free agent."
2022-23,202711,1610612765,team_trb_all_players/impact_database/roster_tenure/realgm_transactions_resilient/2024-25.txt.gz,1057,*    The [Brooklyn Nets](https://basketball.realgm.com/nba/teams/Brooklyn-Nets/38/home) placed the contract of [Bojan Bogdanovic](https://basketball.realgm.com/player/Bojan-Bogdanovic/Summary/9740) on waivers.
2022-23,202711,1610612765,team_trb_all_players/impact_database/roster_tenure/realgm_transactions_resilient/2024-25.txt.gz,1213,"*   [Bones Hyland](https://basketball.realgm.com/player/Bones-Hyland/Summary/120125), [Terance Mann](https://basketball.realgm.com/player/Terance-Mann/Summary/73135) and a TPE were acquired by the Atlanta Hawks from the Los Angeles Clippers in exchange for: [Bogdan Bogdanovic](https://basketball.realgm.com/player/Bogdan-Bogdanovic/Summary/24809), a 2025 2nd round pick (MIN own), a conditional 2026 2nd round pick (MEM own), a 2027 2nd round pick (LAC own) and a TPE."
2022-23,202711,1610612765,team_trb_all_players/impact_database/roster_tenure/realgm_transactions_resilient/2024-25.txt.gz,2192,*    The [Atlanta Hawks](https://basketball.realgm.com/nba/teams/Atlanta-Hawks/1/home) assigned [Bogdan Bogdanovic](https://basketball.realgm.com/player/Bogdan-Bogdanovic/Summary/24809) to the College Park Skyhawks of the G League.
2022-23,202711,1610612765,team_trb_all_players/impact_database/roster_tenure/realgm_transactions_resilient/2024-25.txt.gz,2193,*    The [Atlanta Hawks](https://basketball.realgm.com/nba/teams/Atlanta-Hawks/1/home) recalled [Bogdan Bogdanovic](https://basketball.realgm.com/player/Bogdan-Bogdanovic/Summary/24809) from the College Park Skyhawks of the G League.
2022-23,202711,1610612765,team_trb_all_players/impact_database/roster_tenure/realgm_transactions_resilient/2024-25.txt.gz,3663,"*   [Keita Bates-Diop](https://basketball.realgm.com/player/Keita-Bates-Diop/Summary/71803), [Mikal Bridges](https://basketball.realgm.com/player/Mikal-Bridges/Summary/52342), the draft rights to [Juan Vaulet](https://basketball.realgm.com/player/Juan-Vaulet/Summary/41359) and a Least Favorable 2026 2nd round pick were acquired by the New York Knicks from the Brooklyn Nets in exchange for: [Bojan Bogdanovic](https://basketball.realgm.com/player/Bojan-Bogdanovic/Summary/9740), [Mamadi Diakite](https://basketball.realgm.com/player/Mamadi-Diakite/Summary/76392), [Shake Milton](https://basketball.realgm.com/player/Shake-Milton/Summary/73155), a 2025 1st round pick (NYK own), a conditional 2025 1st round pick (MIL own), a 2025 2nd round pick (BRK own), a 2027 1st round pick (NYK own), a Swap 2028 1st round picks, a 2029 1st round pick (NYK own), a 2031 1st round pick (NYK own) and multiple TPEs."
2022-23,202711,1610612765,team_trb_all_players/impact_database/roster_tenure/realgm_transactions_resilient/2024-25.txt.gz,6946,"Nov 15, 2024 [Bogdan Bogdanovic](https://basketball.realgm.com/player/Bogdan-Bogdanovic/Summary/24809) (Assignment)"
2022-23,202711,1610612765,team_trb_all_players/impact_database/roster_tenure/realgm_transactions_resilient/2024-25.txt.gz,6948,"Nov 15, 2024 [Bogdan Bogdanovic](https://basketball.realgm.com/player/Bogdan-Bogdanovic/Summary/24809) (Recall)"
2022-23,202711,1610612765,team_trb_all_players/impact_database/roster_tenure/realgm_transactions_resilient/2024-25.txt.gz,7532,"Feb 22, 2025 [Bojan Bogdanovic](https://basketball.realgm.com/player/Bojan-Bogdanovic/Summary/9740)"
2022-23,202711,1610612765,team_trb_all_players/impact_database/roster_tenure/realgm_transactions_resilient/2024-25.txt.gz,8992,"Feb 6, 2025 [Bogdan Bogdanovic](https://basketball.realgm.com/player/Bogdan-Bogdanovic/Summary/24809)"
2022-23,202711,1610612765,team_trb_all_players/impact_database/roster_tenure/realgm_transactions_resilient/2024-25.txt.gz,9166,"Jul 6, 2024 [Bojan Bogdanovic](https://basketball.realgm.com/player/Bojan-Bogdanovic/Summary/9740)"
2022-23,202711,1610612765,team_trb_all_players/impact_database/roster_tenure/realgm_transactions_resilient/2024-25.txt.gz,9422,"Feb 20, 2025 [Bojan Bogdanovic](https://basketball.realgm.com/player/Bojan-Bogdanovic/Summary/9740)"
2022-23,202711,1610612765,team_trb_all_players/impact_database/historical_transactions/raw_pages/2014-15.html.gz,9224,"<li id=""cite&#95;note-458""><span class=""mw-cite-backlink""><b><a href=""#cite_ref-458"">^</a></b></span> <span class=""reference-text""><link rel=""mw-deduplicated-inline-style"" href=""mw-data:TemplateStyles:r1333433106"" /><cite class=""citation web cs1""><a rel=""nofollow"" class=""external text"" href=""http://www.sportando.com/en/europe/turkey/126793/fenerbahce-announces-bogdan-bogdanovic.html"">""Fenerbahce announces Bogdan Bogdanovic""</a>. <i>Sportando</i>. July 11, 2014.</cite><span title=""ctx&#95;ver=Z39.88-2004&amp;rft&#95;val&#95;fmt=info%3Aofi%2Ffmt%3Akev%3Amtx%3Ajournal&amp;rft.genre=unknown&amp;rft.jtitle=Sportando&amp;rft.atitle=Fenerbahce+announces+Bogdan+Bogdanovic&amp;rft.date=2014-07-11&amp;rft&#95;id=http%3A%2F%2Fwww.sportando.com%2Fen%2Feurope%2Fturkey%2F126793%2Ffenerbahce-announces-bogdan-bogdanovic.html&amp;rfr&#95;id=info%3Asid%2Fen.wikipedia.org%3AList+of+2014%E2%80%9315+NBA+season+transactions"" class=""Z3988""></span></span>"
2022-23,202711,1610612765,team_trb_all_players/impact_database/historical_transactions/raw_pages/2014-15.html.gz,9562,"<li id=""cite&#95;note-627""><span class=""mw-cite-backlink""><b><a href=""#cite_ref-627"">^</a></b></span> <span class=""reference-text""><link rel=""mw-deduplicated-inline-style"" href=""mw-data:TemplateStyles:r1333433106"" /><cite class=""citation web cs1""><a rel=""nofollow"" class=""external text"" href=""https://web.archive.org/web/20140723172453/http://www.nba.com/nets/news/brooklyn-nets-sign-bojan-bogdanovic"">""Brooklyn Nets Sign Bojan Bogdanovic""</a>. <i>NBA.com</i>. Turner Sports Interactive, Inc. July 22, 2014. Archived from <a rel=""nofollow"" class=""external text"" href=""http://www.nba.com/nets/news/brooklyn-nets-sign-bojan-bogdanovic"">the original</a> on July 23, 2014<span class=""reference-accessdate"">. Retrieved <span class=""nowrap"">July 22,</span> 2014</span>.</cite><span title=""ctx&#95;ver=Z39.88-2004&amp;rft&#95;val&#95;fmt=info%3Aofi%2Ffmt%3Akev%3Amtx%3Ajournal&amp;rft.genre=unknown&amp;rft.jtitle=NBA.com&amp;rft.atitle=Brooklyn+Nets+Sign+Bojan+Bogdanovic&amp;rft.date=2014-07-22&amp;rft&#95;id=http%3A%2F%2Fwww.nba.com%2Fnets%2Fnews%2Fbrooklyn-nets-sign-bojan-bogdanovic&amp;rfr&#95;id=info%3Asid%2Fen.wikipedia.org%3AList+of+2014%E2%80%9315+NBA+season+transactions"" class=""Z3988""></span></span>"
2022-23,202711,1610612765,team_trb_all_players/impact_database/historical_transactions/raw_pages/2011-12.html.gz,7090,"<li id=""cite&#95;note-42""><span class=""mw-cite-backlink""><b><a href=""#cite_ref-42"">^</a></b></span> <span class=""reference-text""><a rel=""nofollow"" class=""external text"" href=""http://www.nba.com/nets/news/Bogdanovic_Rights_Release_110624.html"">""Nets Acquire Draft Rights to Bojan Bogdanovic""</a> <i>NBA.com</i> (Turner Sports Interactive, Inc), June 24, 2011, retrieved June 28, 2011.</span>"
2022-23,1630208,1610612766,team_trb_all_players/impact_database/roster_tenure/historical_transaction_repair_v4_summary.json,165,"""source_name"": ""Norm Richardson"","
2022-23,1630208,1610612766,team_trb_all_players/impact_database/roster_tenure/historical_transaction_repair_v4_summary.json,168,"""Norman Richardson"""
2022-23,1630208,1610612766,team_trb_all_players/impact_database/roster_tenure/historical_transaction_repair_v4_summary.json,737,"""source_name"": ""Norm Richardson"","
2022-23,1630208,1610612766,team_trb_all_players/impact_database/roster_tenure/historical_transaction_repair_v4_summary.json,740,"""Norman Richardson"""
2022-23,1630208,1610612766,team_trb_all_players/impact_database/roster_tenure/normalized_transactions.jsonl.gz,167,"{""exact_date"": ""2000-08-08"", ""season"": ""2000-01"", ""event_type"": ""acquire"", ""player_id"": ""2047"", ""player_name"": ""Quentin Richardson"", ""source_player_ref"": null, ""source_team_id"": null, ""destination_team_id"": 1610612746, ""source_team_name"": null, ""destination_team_name"": ""Los Angeles Clippers"", ""source_system"": ""RealGM league transaction history"", ""source_reference"": ""https://basketball.realgm.com/nba/transactions/league/2001"", ""identity_resolution"": ""realgm_name+core_team_context"", ""team_resolution"": ""realgm_historical_team_alias"", ""raw_text"": ""Quentin Richardson signed a multi-year contract with the Los Angeles Clippers."", ""confidence"": ""high"", ""realgm_subtype"": ""signing""}"
2022-23,1630208,1610612766,team_trb_all_players/impact_database/roster_tenure/normalized_transactions.jsonl.gz,607,"{""exact_date"": ""2001-08-24"", ""season"": ""2001-02"", ""event_type"": ""acquire"", ""player_id"": ""2202"", ""player_name"": ""Jason Richardson"", ""source_player_ref"": null, ""source_team_id"": null, ""destination_team_id"": 1610612744, ""source_team_name"": null, ""destination_team_name"": ""Golden State Warriors"", ""source_system"": ""RealGM league transaction history"", ""source_reference"": ""https://basketball.realgm.com/nba/transactions/league/2002"", ""identity_resolution"": ""realgm_name+core_team_context"", ""team_resolution"": ""realgm_historical_team_alias"", ""raw_text"": ""Jason Richardson signed a multi-year contract with the Golden State Warriors."", ""confidence"": ""high"", ""realgm_subtype"": ""signing""}"
2022-23,1630208,1610612766,team_trb_all_players/impact_database/roster_tenure/normalized_transactions.jsonl.gz,633,"{""exact_date"": ""2001-09-20"", ""season"": ""2001-02"", ""event_type"": ""acquire"", ""player_id"": ""2369"", ""player_name"": ""Norman Richardson"", ""source_player_ref"": null, ""source_team_id"": null, ""destination_team_id"": 1610612754, ""source_team_name"": null, ""destination_team_name"": ""Indiana Pacers"", ""source_system"": ""RealGM league transaction history"", ""source_reference"": ""https://basketball.realgm.com/nba/transactions/league/2002"", ""identity_resolution"": ""realgm_name+core_team_context"", ""team_resolution"": ""realgm_historical_team_alias"", ""raw_text"": ""Norman Richardson signed a contract with the Indiana Pacers."", ""confidence"": ""high"", ""realgm_subtype"": ""signing""}"
2022-23,1630208,1610612766,team_trb_all_players/impact_database/roster_tenure/normalized_transactions.jsonl.gz,887,"{""exact_date"": ""2002-07-01"", ""season"": ""2002-03"", ""event_type"": ""depart"", ""player_id"": ""2369"", ""player_name"": ""Norman Richardson"", ""source_player_ref"": null, ""source_team_id"": 1610612741, ""destination_team_id"": null, ""source_team_name"": ""Chicago Bulls"", ""destination_team_name"": null, ""source_system"": ""RealGM league transaction history"", ""source_reference"": ""https://basketball.realgm.com/nba/transactions/league/2003"", ""identity_resolution"": ""realgm_name+core_team_context"", ""team_resolution"": ""realgm_historical_team_alias"", ""raw_text"": ""Norman Richardson, previously with the Chicago Bulls, became a free agent."", ""confidence"": ""high"", ""realgm_subtype"": ""free_agent""}"
2022-23,1630208,1610612766,team_trb_all_players/impact_database/roster_tenure/normalized_transactions.jsonl.gz,1510,"{""exact_date"": ""2003-09-29"", ""season"": ""2003-04"", ""event_type"": ""acquire"", ""player_id"": ""2369"", ""player_name"": ""Norman Richardson"", ""source_player_ref"": null, ""source_team_id"": null, ""destination_team_id"": 1610612757, ""source_team_name"": null, ""destination_team_name"": ""Portland Trail Blazers"", ""source_system"": ""RealGM league transaction history"", ""source_reference"": ""https://basketball.realgm.com/nba/transactions/league/2004"", ""identity_resolution"": ""realgm_name+core_team_context"", ""team_resolution"": ""realgm_historical_team_alias"", ""raw_text"": ""Norman Richardson signed a contract with the Portland Trail Blazers."", ""confidence"": ""high"", ""realgm_subtype"": ""signing""}"
2022-23,1630208,1610612766,team_trb_all_players/impact_database/roster_tenure/normalized_transactions.jsonl.gz,1538,"{""exact_date"": ""2003-10-06"", ""season"": ""2003-04"", ""event_type"": ""depart"", ""player_id"": ""2369"", ""player_name"": ""Norman Richardson"", ""source_player_ref"": null, ""source_team_id"": 1610612757, ""destination_team_id"": null, ""source_team_name"": ""Portland Trail Blazers"", ""destination_team_name"": null, ""source_system"": ""RealGM league transaction history"", ""source_reference"": ""https://basketball.realgm.com/nba/transactions/league/2004"", ""identity_resolution"": ""realgm_name+core_team_context"", ""team_resolution"": ""realgm_historical_team_alias"", ""raw_text"": ""The Portland Trail Blazers placed the contract of Norman Richardson on waivers."", ""confidence"": ""high"", ""realgm_subtype"": ""waiver""}"
2022-23,1630208,1610612766,team_trb_all_players/impact_database/roster_tenure/normalized_transactions.jsonl.gz,1752,"{""exact_date"": ""2004-07-01"", ""season"": ""2004-05"", ""event_type"": ""depart"", ""player_id"": ""2047"", ""player_name"": ""Quentin Richardson"", ""source_player_ref"": null, ""source_team_id"": 1610612746, ""destination_team_id"": null, ""source_team_name"": ""Los Angeles Clippers"", ""destination_team_name"": null, ""source_system"": ""RealGM league transaction history"", ""source_reference"": ""https://basketball.realgm.com/nba/transactions/league/2005"", ""identity_resolution"": ""realgm_name+core_team_context"", ""team_resolution"": ""realgm_historical_team_alias"", ""raw_text"": ""Quentin Richardson, previously with the Los Angeles Clippers, became a free agent."", ""confidence"": ""high"", ""realgm_subtype"": ""free_agent""}"
2022-23,1630208,1610612766,team_trb_all_players/impact_database/roster_tenure/normalized_transactions.jsonl.gz,2002,"{""exact_date"": ""2004-10-04"", ""season"": ""2004-05"", ""event_type"": ""acquire"", ""player_id"": ""2369"", ""player_name"": ""Norman Richardson"", ""source_player_ref"": null, ""source_team_id"": null, ""destination_team_id"": 1610612761, ""source_team_name"": null, ""destination_team_name"": ""Toronto Raptors"", ""source_system"": ""RealGM league transaction history"", ""source_reference"": ""https://basketball.realgm.com/nba/transactions/league/2005"", ""identity_resolution"": ""realgm_name+core_team_context"", ""team_resolution"": ""realgm_historical_team_alias"", ""raw_text"": ""Norman Richardson signed a contract with the Toronto Raptors."", ""confidence"": ""high"", ""realgm_subtype"": ""signing""}"
2022-23,1630208,1610612766,team_trb_all_players/impact_database/roster_tenure/normalized_transactions.jsonl.gz,2035,"{""exact_date"": ""2004-10-22"", ""season"": ""2004-05"", ""event_type"": ""depart"", ""player_id"": ""2369"", ""player_name"": ""Norman Richardson"", ""source_player_ref"": null, ""source_team_id"": 1610612761, ""destination_team_id"": null, ""source_team_name"": ""Toronto Raptors"", ""destination_team_name"": null, ""source_system"": ""RealGM league transaction history"", ""source_reference"": ""https://basketball.realgm.com/nba/transactions/league/2005"", ""identity_resolution"": ""realgm_name+core_team_context"", ""team_resolution"": ""realgm_historical_team_alias"", ""raw_text"": ""The Toronto Raptors placed the contract of Norman Richardson on waivers."", ""confidence"": ""high"", ""realgm_subtype"": ""waiver""}"
2022-23,1630208,1610612766,team_trb_all_players/impact_database/roster_tenure/normalized_transactions.jsonl.gz,2048,"{""exact_date"": ""2004-10-26"", ""season"": ""2004-05"", ""event_type"": ""depart"", ""player_id"": ""2369"", ""player_name"": ""Norman Richardson"", ""source_player_ref"": null, ""source_team_id"": 1610612761, ""destination_team_id"": null, ""source_team_name"": ""Toronto Raptors"", ""destination_team_name"": null, ""source_system"": ""RealGM league transaction history"", ""source_reference"": ""https://basketball.realgm.com/nba/transactions/league/2005"", ""identity_resolution"": ""realgm_name+core_team_context"", ""team_resolution"": ""realgm_historical_team_alias"", ""raw_text"": ""Norman Richardson, previously with the Toronto Raptors, became a free agent."", ""confidence"": ""high"", ""realgm_subtype"": ""free_agent""}"
2022-23,1630208,1610612766,team_trb_all_players/impact_database/roster_tenure/normalized_transactions.jsonl.gz,3135,"{""exact_date"": ""2007-02-16"", ""season"": ""2006-07"", ""event_type"": ""depart"", ""player_id"": ""200978"", ""player_name"": ""Jeremy Richardson"", ""source_player_ref"": null, ""source_team_id"": 1610612737, ""destination_team_id"": null, ""source_team_name"": ""Atlanta Hawks"", ""destination_team_name"": null, ""source_system"": ""RealGM league transaction history"", ""source_reference"": ""https://basketball.realgm.com/nba/transactions/league/2007"", ""identity_resolution"": ""realgm_name+core_team_context"", ""team_resolution"": ""realgm_historical_team_alias"", ""raw_text"": ""Jeremy Richardson, previously with the Atlanta Hawks, became a free agent."", ""confidence"": ""high"", ""realgm_subtype"": ""free_agent""}"
2022-23,1630208,1610612766,team_trb_all_players/impact_database/roster_tenure/normalized_transactions.jsonl.gz,3143,"{""exact_date"": ""2007-03-12"", ""season"": ""2006-07"", ""event_type"": ""depart"", ""player_id"": ""200978"", ""player_name"": ""Jeremy Richardson"", ""source_player_ref"": null, ""source_team_id"": 1610612757, ""destination_team_id"": null, ""source_team_name"": ""Portland Trail Blazers"", ""destination_team_name"": null, ""source_system"": ""RealGM league transaction history"", ""source_reference"": ""https://basketball.realgm.com/nba/transactions/league/2007"", ""identity_resolution"": ""realgm_name+core_team_context"", ""team_resolution"": ""realgm_historical_team_alias"", ""raw_text"": ""Jeremy Richardson, previously with the Portland Trail Blazers, became a free agent."", ""confidence"": ""high"", ""realgm_subtype"": ""free_agent""}"
2022-23,1630208,1610612766,team_trb_all_players/impact_database/roster_tenure/normalized_transactions.jsonl.gz,3283,"{""exact_date"": ""2007-07-03"", ""season"": ""2007-08"", ""event_type"": ""acquire"", ""player_id"": ""200978"", ""player_name"": ""Jeremy Richardson"", ""source_player_ref"": null, ""source_team_id"": null, ""destination_team_id"": 1610612748, ""source_team_name"": null, ""destination_team_name"": ""Miami Heat"", ""source_system"": ""RealGM league transaction history"", ""source_reference"": ""https://basketball.realgm.com/nba/transactions/league/2008"", ""identity_resolution"": ""realgm_name+core_team_context"", ""team_resolution"": ""realgm_historical_team_alias"", ""raw_text"": ""Jeremy Richardson signed a multi-year contract with the Miami Heat."", ""confidence"": ""high"", ""realgm_subtype"": ""signing""}"
2022-23,1630208,1610612766,team_trb_all_players/impact_database/roster_tenure/normalized_transactions.jsonl.gz,3486,"{""exact_date"": ""2007-10-29"", ""season"": ""2007-08"", ""event_type"": ""depart"", ""player_id"": ""200978"", ""player_name"": ""Jeremy Richardson"", ""source_player_ref"": null, ""source_team_id"": 1610612748, ""destination_team_id"": null, ""source_team_name"": ""Miami Heat"", ""destination_team_name"": null, ""source_system"": ""RealGM league transaction history"", ""source_reference"": ""https://basketball.realgm.com/nba/transactions/league/2008"", ""identity_resolution"": ""realgm_name+core_team_context"", ""team_resolution"": ""realgm_historical_team_alias"", ""raw_text"": ""The Miami Heat placed the contract of Jeremy Richardson on waivers."", ""confidence"": ""high"", ""realgm_subtype"": ""waiver""}"
2022-23,1630208,1610612766,team_trb_all_players/impact_database/roster_tenure/normalized_transactions.jsonl.gz,3525,"{""exact_date"": ""2008-01-30"", ""season"": ""2007-08"", ""event_type"": ""depart"", ""player_id"": ""200978"", ""player_name"": ""Jeremy Richardson"", ""source_player_ref"": null, ""source_team_id"": 1610612759, ""destination_team_id"": null, ""source_team_name"": ""San Antonio Spurs"", ""destination_team_name"": null, ""source_system"": ""RealGM league transaction history"", ""source_reference"": ""https://basketball.realgm.com/nba/transactions/league/2008"", ""identity_resolution"": ""realgm_name+core_team_context"", ""team_resolution"": ""realgm_historical_team_alias"", ""raw_text"": ""Jeremy Richardson, previously with the San Antonio Spurs, became a free agent."", ""confidence"": ""high"", ""realgm_subtype"": ""free_agent""}"
2022-23,1630208,1610612766,team_trb_all_players/impact_database/roster_tenure/normalized_transactions.jsonl.gz,3531,"{""exact_date"": ""2008-02-18"", ""season"": ""2007-08"", ""event_type"": ""acquire"", ""player_id"": ""200978"", ""player_name"": ""Jeremy Richardson"", ""source_player_ref"": null, ""source_team_id"": null, ""destination_team_id"": 1610612737, ""source_team_name"": null, ""destination_team_name"": ""Atlanta Hawks"", ""source_system"": ""RealGM league transaction history"", ""source_reference"": ""https://basketball.realgm.com/nba/transactions/league/2008"", ""identity_resolution"": ""realgm_name+core_team_context"", ""team_resolution"": ""realgm_historical_team_alias"", ""raw_text"": ""Jeremy Richardson signed a contract with the Atlanta Hawks."", ""confidence"": ""high"", ""realgm_subtype"": ""signing""}"
2022-23,1630208,1610612766,team_trb_all_players/impact_database/roster_tenure/normalized_transactions.jsonl.gz,3638,"{""exact_date"": ""2008-07-01"", ""season"": ""2008-09"", ""event_type"": ""depart"", ""player_id"": ""200978"", ""player_name"": ""Jeremy Richardson"", ""source_player_ref"": null, ""source_team_id"": 1610612737, ""destination_team_id"": null, ""source_team_name"": ""Atlanta Hawks"", ""destination_team_name"": null, ""source_system"": ""RealGM league transaction history"", ""source_reference"": ""https://basketball.realgm.com/nba/transactions/league/2009"", ""identity_resolution"": ""realgm_name+core_team_context"", ""team_resolution"": ""realgm_historical_team_alias"", ""raw_text"": ""Jeremy Richardson, previously with the Atlanta Hawks, became a free agent."", ""confidence"": ""high"", ""realgm_subtype"": ""free_agent""}"
2022-23,1630208,1610612766,team_trb_all_players/impact_database/roster_tenure/normalized_transactions.jsonl.gz,3855,"{""exact_date"": ""2008-09-23"", ""season"": ""2008-09"", ""event_type"": ""acquire"", ""player_id"": ""200978"", ""player_name"": ""Jeremy Richardson"", ""source_player_ref"": null, ""source_team_id"": null, ""destination_team_id"": 1610612753, ""source_team_name"": null, ""destination_team_name"": ""Orlando Magic"", ""source_system"": ""RealGM league transaction history"", ""source_reference"": ""https://basketball.realgm.com/nba/transactions/league/2009"", ""identity_resolution"": ""realgm_name+core_team_context"", ""team_resolution"": ""realgm_historical_team_alias"", ""raw_text"": ""Jeremy Richardson signed a contract with the Orlando Magic."", ""confidence"": ""high"", ""realgm_subtype"": ""signing""}"
2022-23,1630208,1610612766,team_trb_all_players/impact_database/roster_tenure/normalized_transactions.jsonl.gz,3982,"{""exact_date"": ""2008-12-06"", ""season"": ""2008-09"", ""event_type"": ""depart"", ""player_id"": ""200978"", ""player_name"": ""Jeremy Richardson"", ""source_player_ref"": null, ""source_team_id"": 1610612753, ""destination_team_id"": null, ""source_team_name"": ""Orlando Magic"", ""destination_team_name"": null, ""source_system"": ""RealGM league transaction history"", ""source_reference"": ""https://basketball.realgm.com/nba/transactions/league/2009"", ""identity_resolution"": ""realgm_name+core_team_context"", ""team_resolution"": ""realgm_historical_team_alias"", ""raw_text"": ""The Orlando Magic placed the contract of Jeremy Richardson on waivers."", ""confidence"": ""high"", ""realgm_subtype"": ""waiver""}"
2022-23,1630208,1610612766,team_trb_all_players/impact_database/roster_tenure/normalized_transactions.jsonl.gz,3984,"{""exact_date"": ""2008-12-10"", ""season"": ""2008-09"", ""event_type"": ""depart"", ""player_id"": ""200978"", ""player_name"": ""Jeremy Richardson"", ""source_player_ref"": null, ""source_team_id"": 1610612753, ""destination_team_id"": null, ""source_team_name"": ""Orlando Magic"", ""destination_team_name"": null, ""source_system"": ""RealGM league transaction history"", ""source_reference"": ""https://basketball.realgm.com/nba/transactions/league/2009"", ""identity_resolution"": ""realgm_name+core_team_context"", ""team_resolution"": ""realgm_historical_team_alias"", ""raw_text"": ""Jeremy Richardson, previously with the Orlando Magic, became a free agent."", ""confidence"": ""high"", ""realgm_subtype"": ""free_agent""}"
2022-23,1630208,1610612766,team_trb_all_players/impact_database/roster_tenure/normalized_transactions.jsonl.gz,3985,"{""exact_date"": ""2008-12-11"", ""season"": ""2008-09"", ""event_type"": ""acquire"", ""player_id"": ""200978"", ""player_name"": ""Jeremy Richardson"", ""source_player_ref"": null, ""source_team_id"": null, ""destination_team_id"": 1610612753, ""source_team_name"": null, ""destination_team_name"": ""Orlando Magic"", ""source_system"": ""RealGM league transaction history"", ""source_reference"": ""https://basketball.realgm.com/nba/transactions/league/2009"", ""identity_resolution"": ""realgm_name+core_team_context"", ""team_resolution"": ""realgm_historical_team_alias"", ""raw_text"": ""Jeremy Richardson signed a contract with the Orlando Magic."", ""confidence"": ""high"", ""realgm_subtype"": ""signing""}"
2022-23,1630208,1610612766,team_trb_all_players/impact_database/roster_tenure/normalized_transactions.jsonl.gz,4113,"{""exact_date"": ""2009-07-01"", ""season"": ""2009-10"", ""event_type"": ""depart"", ""player_id"": ""200978"", ""player_name"": ""Jeremy Richardson"", ""source_player_ref"": null, ""source_team_id"": 1610612753, ""destination_team_id"": null, ""source_team_name"": ""Orlando Magic"", ""destination_team_name"": null, ""source_system"": ""RealGM league transaction history"", ""source_reference"": ""https://basketball.realgm.com/nba/transactions/league/2010"", ""identity_resolution"": ""realgm_name+core_team_context"", ""team_resolution"": ""realgm_historical_team_alias"", ""raw_text"": ""Jeremy Richardson, previously with the Orlando Magic, became a free agent."", ""confidence"": ""high"", ""realgm_subtype"": ""free_agent""}"
2022-23,1630208,1610612766,team_trb_all_players/impact_database/roster_tenure/normalized_transactions.jsonl.gz,4588,"{""exact_date"": ""2011-07-01"", ""season"": ""2011-12"", ""event_type"": ""depart"", ""player_id"": ""2202"", ""player_name"": ""Jason Richardson"", ""source_player_ref"": null, ""source_team_id"": 1610612753, ""destination_team_id"": null, ""source_team_name"": ""Orlando Magic"", ""destination_team_name"": null, ""source_system"": ""RealGM league transaction history"", ""source_reference"": ""https://basketball.realgm.com/nba/transactions/league/2012"", ""identity_resolution"": ""realgm_name+core_team_context"", ""team_resolution"": ""realgm_historical_team_alias"", ""raw_text"": ""Jason Richardson, previously with the Orlando Magic, became a free agent."", ""confidence"": ""high"", ""realgm_subtype"": ""free_agent""}"
2022-23,1630208,1610612766,team_trb_all_players/impact_database/roster_tenure/normalized_transactions.jsonl.gz,4770,"{""exact_date"": ""2011-12-14"", ""season"": ""2011-12"", ""event_type"": ""acquire"", ""player_id"": ""2202"", ""player_name"": ""Jason Richardson"", ""source_player_ref"": null, ""source_team_id"": null, ""destination_team_id"": 1610612753, ""source_team_name"": null, ""destination_team_name"": ""Orlando Magic"", ""source_system"": ""RealGM league transaction history"", ""source_reference"": ""https://basketball.realgm.com/nba/transactions/league/2012"", ""identity_resolution"": ""realgm_name+core_team_context"", ""team_resolution"": ""realgm_historical_team_alias"", ""raw_text"": ""Jason Richardson signed a multi-year contract with the Orlando Magic."", ""confidence"": ""high"", ""realgm_subtype"": ""signing""}"
2022-23,1630208,1610612766,team_trb_all_players/impact_database/roster_tenure/normalized_transactions.jsonl.gz,5249,"{""exact_date"": ""2015-08-03"", ""season"": ""2015-16"", ""event_type"": ""acquire"", ""player_id"": ""1626196"", ""player_name"": ""Josh Richardson"", ""source_player_ref"": ""josh-richardson"", ""source_team_id"": null, ""destination_team_id"": 1610612748, ""source_team_name"": null, ""destination_team_name"": null, ""source_system"": ""Official NBA Player Movement feed"", ""source_reference"": ""https://stats.nba.com/js/data/playermovement/NBA_Player_Movement.json#row-9491"", ""identity_resolution"": ""official_nba_player_id"", ""team_resolution"": ""official_team_id"", ""raw_text"": ""Miami Heat re-signed guard Josh Richardson to a Contract."", ""confidence"": ""high""}"
2022-23,1630208,1610612766,team_trb_all_players/impact_database/roster_tenure/normalized_transactions.jsonl.gz,5304,"{""exact_date"": ""2015-09-25"", ""season"": ""2015-16"", ""event_type"": ""depart"", ""player_id"": ""2202"", ""player_name"": ""Jason Richardson"", ""source_player_ref"": ""jason-richardson"", ""source_team_id"": 1610612737, ""destination_team_id"": null, ""source_team_name"": null, ""destination_team_name"": null, ""source_system"": ""Official NBA Player Movement feed"", ""source_reference"": ""https://stats.nba.com/js/data/playermovement/NBA_Player_Movement.json#row-9437"", ""identity_resolution"": ""official_nba_player_id"", ""team_resolution"": ""official_team_id"", ""raw_text"": ""Atlanta Hawks waived guard Jason Richardson."", ""confidence"": ""high""}"
2022-23,1630208,1610612766,team_trb_all_players/impact_database/roster_tenure/normalized_transactions.jsonl.gz,5854,"{""exact_date"": ""2016-07-12"", ""season"": ""2016-17"", ""event_type"": ""acquire"", ""player_id"": ""1627781"", ""player_name"": ""Malachi Richardson"", ""source_player_ref"": ""malachi-richardson"", ""source_team_id"": null, ""destination_team_id"": 1610612758, ""source_team_name"": null, ""destination_team_name"": null, ""source_system"": ""Official NBA Player Movement feed"", ""source_reference"": ""https://stats.nba.com/js/data/playermovement/NBA_Player_Movement.json#row-8910"", ""identity_resolution"": ""official_nba_player_id"", ""team_resolution"": ""official_team_id"", ""raw_text"": ""Sacramento Kings re-signed guard Malachi Richardson to a Rookie Scale Contract."", ""confidence"": ""high""}"
2022-23,1630208,1610612766,team_trb_all_players/impact_database/roster_tenure/normalized_transactions.jsonl.gz,6058,"{""exact_date"": ""2016-09-29"", ""season"": ""2016-17"", ""event_type"": ""depart"", ""player_id"": ""202373"", ""player_name"": ""Ryan Richards"", ""source_player_ref"": ""ryan-richards"", ""source_team_id"": 1610612759, ""destination_team_id"": null, ""source_team_name"": null, ""destination_team_name"": null, ""source_system"": ""Official NBA Player Movement feed"", ""source_reference"": ""https://stats.nba.com/js/data/playermovement/NBA_Player_Movement.json#row-8712"", ""identity_resolution"": ""official_nba_player_id"", ""team_resolution"": ""official_team_id"", ""raw_text"": ""San Antonio Spurs waived forward Ryan Richards."", ""confidence"": ""high""}"
2022-23,1630208,1610612766,team_trb_all_players/impact_database/roster_tenure/normalized_transactions.jsonl.gz,6818,"{""exact_date"": ""2017-09-18"", ""season"": ""2017-18"", ""event_type"": ""acquire"", ""player_id"": ""1626196"", ""player_name"": ""Josh Richardson"", ""source_player_ref"": ""josh-richardson"", ""source_team_id"": null, ""destination_team_id"": 1610612748, ""source_team_name"": null, ""destination_team_name"": null, ""source_system"": ""Official NBA Player Movement feed"", ""source_reference"": ""https://stats.nba.com/js/data/playermovement/NBA_Player_Movement.json#row-7986"", ""identity_resolution"": ""official_nba_player_id"", ""team_resolution"": ""official_team_id"", ""raw_text"": ""Miami Heat re-signed guard Josh Richardson to a Veteran Extension."", ""confidence"": ""high""}"
2022-23,1630208,1610612766,team_trb_all_players/impact_database/roster_tenure/normalized_transactions.jsonl.gz,7117,"{""exact_date"": ""2018-02-08"", ""season"": ""2017-18"", ""event_type"": ""trade"", ""player_id"": ""1627781"", ""player_name"": ""Malachi Richardson"", ""source_player_ref"": ""malachi-richardson"", ""source_team_id"": 1610612758, ""destination_team_id"": 1610612761, ""source_team_name"": null, ""destination_team_name"": null, ""source_system"": ""Official NBA Player Movement feed"", ""source_reference"": ""https://stats.nba.com/js/data/playermovement/NBA_Player_Movement.json#row-7678"", ""identity_resolution"": ""official_nba_player_id"", ""team_resolution"": ""official_team_id"", ""raw_text"": ""Toronto Raptors received guard Malachi Richardson from Sacramento Kings."", ""confidence"": ""high""}"
2022-23,1630208,1610612766,team_trb_all_players/impact_database/roster_tenure/normalized_transactions.jsonl.gz,7931,"{""exact_date"": ""2019-02-06"", ""season"": ""2018-19"", ""event_type"": ""trade"", ""player_id"": ""1627781"", ""player_name"": ""Malachi Richardson"", ""source_player_ref"": ""malachi-richardson"", ""source_team_id"": 1610612761, ""destination_team_id"": 1610612755, ""source_team_name"": null, ""destination_team_name"": null, ""source_system"": ""Official NBA Player Movement feed"", ""source_reference"": ""https://stats.nba.com/js/data/playermovement/NBA_Player_Movement.json#row-6879"", ""identity_resolution"": ""official_nba_player_id"", ""team_resolution"": ""official_team_id"", ""raw_text"": ""Philadelphia 76ers received guard Malachi Richardson from Toronto Raptors."", ""confidence"": ""high""}"
2022-23,1630208,1610612766,team_trb_all_players/impact_database/roster_tenure/normalized_transactions.jsonl.gz,7989,"{""exact_date"": ""2019-02-08"", ""season"": ""2018-19"", ""event_type"": ""depart"", ""player_id"": ""1627781"", ""player_name"": ""Malachi Richardson"", ""source_player_ref"": ""malachi-richardson"", ""source_team_id"": 1610612755, ""destination_team_id"": null, ""source_team_name"": null, ""destination_team_name"": null, ""source_system"": ""Official NBA Player Movement feed"", ""source_reference"": ""https://stats.nba.com/js/data/playermovement/NBA_Player_Movement.json#row-6815"", ""identity_resolution"": ""official_nba_player_id"", ""team_resolution"": ""official_team_id"", ""raw_text"": ""Philadelphia 76ers waived guard Malachi Richardson."", ""confidence"": ""high""}"
2022-23,1630208,1610612766,team_trb_all_players/impact_database/roster_tenure/normalized_transactions.jsonl.gz,8184,"{""exact_date"": ""2019-07-06"", ""season"": ""2019-20"", ""event_type"": ""trade"", ""player_id"": ""1626196"", ""player_name"": ""Josh Richardson"", ""source_player_ref"": ""josh-richardson"", ""source_team_id"": 1610612748, ""destination_team_id"": 1610612755, ""source_team_name"": null, ""destination_team_name"": null, ""source_system"": ""Official NBA Player Movement feed"", ""source_reference"": ""https://stats.nba.com/js/data/playermovement/NBA_Player_Movement.json#row-6629"", ""identity_resolution"": ""official_nba_player_id"", ""team_resolution"": ""official_team_id"", ""raw_text"": ""Philadelphia 76ers received guard Josh Richardson from Miami Heat."", ""confidence"": ""high""}"
2022-23,1630208,1610612766,team_trb_all_players/impact_database/roster_tenure/normalized_transactions.jsonl.gz,8946,"{""exact_date"": ""2020-11-19"", ""season"": ""2020-21"", ""event_type"": ""trade"", ""player_id"": ""1626196"", ""player_name"": ""Josh Richardson"", ""source_player_ref"": ""josh-richardson"", ""source_team_id"": 1610612755, ""destination_team_id"": 1610612742, ""source_team_name"": null, ""destination_team_name"": null, ""source_system"": ""Official NBA Player Movement feed"", ""source_reference"": ""https://stats.nba.com/js/data/playermovement/NBA_Player_Movement.json#row-5850"", ""identity_resolution"": ""official_nba_player_id"", ""team_resolution"": ""official_team_id"", ""raw_text"": ""Dallas Mavericks received guard Josh Richardson from Philadelphia 76ers."", ""confidence"": ""high""}"
2022-23,1630208,1610612766,team_trb_all_players/impact_database/roster_tenure/normalized_transactions.jsonl.gz,9179,"{""exact_date"": ""2020-11-30"", ""season"": ""2020-21"", ""event_type"": ""acquire"", ""player_id"": ""1630208"", ""player_name"": ""Nick Richards"", ""source_player_ref"": ""nick-richards"", ""source_team_id"": null, ""destination_team_id"": 1610612766, ""source_team_name"": null, ""destination_team_name"": null, ""source_system"": ""Official NBA Player Movement feed"", ""source_reference"": ""https://stats.nba.com/js/data/playermovement/NBA_Player_Movement.json#row-5617"", ""identity_resolution"": ""official_nba_player_id"", ""team_resolution"": ""official_team_id"", ""raw_text"": ""Charlotte Hornets re-signed center Nick Richards to a Contract."", ""confidence"": ""high""}"
2022-23,1630208,1610612766,team_trb_all_players/impact_database/roster_tenure/normalized_transactions.jsonl.gz,9717,"{""exact_date"": ""2021-07-31"", ""season"": ""2021-22"", ""event_type"": ""trade"", ""player_id"": ""1626196"", ""player_name"": ""Josh Richardson"", ""source_player_ref"": ""josh-richardson"", ""source_team_id"": 1610612742, ""destination_team_id"": 1610612738, ""source_team_name"": null, ""destination_team_name"": null, ""source_system"": ""Official NBA Player Movement feed"", ""source_reference"": ""https://stats.nba.com/js/data/playermovement/NBA_Player_Movement.json#row-5084"", ""identity_resolution"": ""official_nba_player_id"", ""team_resolution"": ""official_team_id"", ""raw_text"": ""Boston Celtics received guard Josh Richardson from Dallas Mavericks."", ""confidence"": ""high""}"
2022-23,1630208,1610612766,team_trb_all_players/impact_database/roster_tenure/normalized_transactions.jsonl.gz,9968,"{""exact_date"": ""2021-08-23"", ""season"": ""2021-22"", ""event_type"": ""acquire"", ""player_id"": ""1626196"", ""player_name"": ""Josh Richardson"", ""source_player_ref"": ""josh-richardson"", ""source_team_id"": null, ""destination_team_id"": 1610612738, ""source_team_name"": null, ""destination_team_name"": null, ""source_system"": ""Official NBA Player Movement feed"", ""source_reference"": ""https://stats.nba.com/js/data/playermovement/NBA_Player_Movement.json#row-4825"", ""identity_resolution"": ""official_nba_player_id"", ""team_resolution"": ""official_team_id"", ""raw_text"": ""Boston Celtics re-signed guard Josh Richardson to a Veteran Extension."", ""confidence"": ""high""}"
2022-23,1630208,1610612766,team_trb_all_players/impact_database/roster_tenure/normalized_transactions.jsonl.gz,10709,"{""exact_date"": ""2022-02-10"", ""season"": ""2021-22"", ""event_type"": ""trade"", ""player_id"": ""1626196"", ""player_name"": ""Josh Richardson"", ""source_player_ref"": ""josh-richardson"", ""source_team_id"": 1610612738, ""destination_team_id"": 1610612759, ""source_team_name"": null, ""destination_team_name"": null, ""source_system"": ""Official NBA Player Movement feed"", ""source_reference"": ""https://stats.nba.com/js/data/playermovement/NBA_Player_Movement.json#row-4214"", ""identity_resolution"": ""official_nba_player_id"", ""team_resolution"": ""official_team_id"", ""raw_text"": ""San Antonio Spurs received guard Josh Richardson from Boston Celtics."", ""confidence"": ""high""}"
2022-23,1630208,1610612766,team_trb_all_players/impact_database/roster_tenure/normalized_transactions.jsonl.gz,11543,"{""exact_date"": ""2023-02-09"", ""season"": ""2022-23"", ""event_type"": ""trade"", ""player_id"": ""1626196"", ""player_name"": ""Josh Richardson"", ""source_player_ref"": ""josh-richardson"", ""source_team_id"": 1610612759, ""destination_team_id"": 1610612740, ""source_team_name"": null, ""destination_team_name"": null, ""source_system"": ""Official NBA Player Movement feed"", ""source_reference"": ""https://stats.nba.com/js/data/playermovement/NBA_Player_Movement.json#row-3355"", ""identity_resolution"": ""official_nba_player_id"", ""team_resolution"": ""official_team_id"", ""raw_text"": ""New Orleans Pelicans received guard Josh Richardson from San Antonio Spurs."", ""confidence"": ""high""}"
2022-23,1630208,1610612766,team_trb_all_players/impact_database/roster_tenure/normalized_transactions.jsonl.gz,11711,"{""exact_date"": ""2023-03-22"", ""season"": ""2022-23"", ""event_type"": ""acquire"", ""player_id"": ""1630208"", ""player_name"": ""Nick Richards"", ""source_player_ref"": ""nick-richards"", ""source_team_id"": null, ""destination_team_id"": 1610612766, ""source_team_name"": null, ""destination_team_name"": null, ""source_system"": ""Official NBA Player Movement feed"", ""source_reference"": ""https://stats.nba.com/js/data/playermovement/NBA_Player_Movement.json#row-3208"", ""identity_resolution"": ""official_nba_player_id"", ""team_resolution"": ""official_team_id"", ""raw_text"": ""Charlotte Hornets re-signed center Nick Richards to a Veteran Extension."", ""confidence"": ""high""}"
2022-23,1630208,1610612766,team_trb_all_players/impact_database/roster_tenure/normalized_transactions.jsonl.gz,11796,"{""exact_date"": ""2023-07-02"", ""season"": ""2023-24"", ""event_type"": ""acquire"", ""player_id"": ""1626196"", ""player_name"": ""Josh Richardson"", ""source_player_ref"": ""josh-richardson"", ""source_team_id"": null, ""destination_team_id"": 1610612748, ""source_team_name"": null, ""destination_team_name"": null, ""source_system"": ""Official NBA Player Movement feed"", ""source_reference"": ""https://stats.nba.com/js/data/playermovement/NBA_Player_Movement.json#row-3120"", ""identity_resolution"": ""official_nba_player_id"", ""team_resolution"": ""official_team_id"", ""raw_text"": ""Miami Heat signed guard Josh Richardson to a Contract."", ""confidence"": ""high""}"
2022-23,1630208,1610612766,team_trb_all_players/impact_database/roster_tenure/normalized_transactions.jsonl.gz,13498,"{""exact_date"": ""2024-10-16"", ""season"": ""2024-25"", ""event_type"": ""depart"", ""player_id"": ""1642019"", ""player_name"": ""Will Richardson"", ""source_player_ref"": ""will-richardson"", ""source_team_id"": 1610612743, ""destination_team_id"": null, ""source_team_name"": null, ""destination_team_name"": null, ""source_system"": ""Official NBA Player Movement feed"", ""source_reference"": ""https://stats.nba.com/js/data/playermovement/NBA_Player_Movement.json#row-1735"", ""identity_resolution"": ""official_nba_player_id"", ""team_resolution"": ""official_team_id"", ""raw_text"": ""Denver Nuggets waived guard Will Richardson."", ""confidence"": ""high""}"
2022-23,1630208,1610612766,team_trb_all_players/impact_database/roster_tenure/normalized_transactions.jsonl.gz,13716,"{""exact_date"": ""2025-01-15"", ""season"": ""2024-25"", ""event_type"": ""trade"", ""player_id"": ""1630208"", ""player_name"": ""Nick Richards"", ""source_player_ref"": ""nick-richards"", ""source_team_id"": 1610612766, ""destination_team_id"": 1610612756, ""source_team_name"": null, ""destination_team_name"": null, ""source_system"": ""Official NBA Player Movement feed"", ""source_reference"": ""https://stats.nba.com/js/data/playermovement/NBA_Player_Movement.json#row-1523"", ""identity_resolution"": ""official_nba_player_id"", ""team_resolution"": ""official_team_id+Additional_Sort_source_team_id"", ""raw_text"": ""Phoenix Suns received center Nick Richards from Charlotte Hornets."", ""confidence"": ""high"", ""trade_source_repaired_from_additional_sort"": true}"
2022-23,1630208,1610612766,team_trb_all_players/impact_database/roster_tenure/normalized_transactions.jsonl.gz,13757,"{""exact_date"": ""2025-02-06"", ""season"": ""2024-25"", ""event_type"": ""trade"", ""player_id"": ""1626196"", ""player_name"": ""Josh Richardson"", ""source_player_ref"": ""josh-richardson"", ""source_team_id"": 1610612748, ""destination_team_id"": 1610612762, ""source_team_name"": null, ""destination_team_name"": null, ""source_system"": ""Official NBA Player Movement feed"", ""source_reference"": ""https://stats.nba.com/js/data/playermovement/NBA_Player_Movement.json#row-1423"", ""identity_resolution"": ""official_nba_player_id"", ""team_resolution"": ""official_team_id"", ""raw_text"": ""Utah Jazz received guard Josh Richardson from Miami Heat."", ""confidence"": ""high""}"
2022-23,1630208,1610612766,team_trb_all_players/impact_database/roster_tenure/normalized_transactions.jsonl.gz,13836,"{""exact_date"": ""2025-02-09"", ""season"": ""2024-25"", ""event_type"": ""depart"", ""player_id"": ""1626196"", ""player_name"": ""Josh Richardson"", ""source_player_ref"": ""josh-richardson"", ""source_team_id"": 1610612762, ""destination_team_id"": null, ""source_team_name"": null, ""destination_team_name"": null, ""source_system"": ""Official NBA Player Movement feed"", ""source_reference"": ""https://stats.nba.com/js/data/playermovement/NBA_Player_Movement.json#row-1382"", ""identity_resolution"": ""official_nba_player_id"", ""team_resolution"": ""official_team_id"", ""raw_text"": ""Utah Jazz waived guard Josh Richardson."", ""confidence"": ""high""}"
2022-23,1630208,1610612766,team_trb_all_players/impact_database/roster_tenure/normalized_transactions.jsonl.gz,14085,"{""exact_date"": ""2025-07-03"", ""season"": ""2025-26"", ""event_type"": ""acquire"", ""player_id"": ""1642859"", ""player_name"": ""Jase Richardson"", ""source_player_ref"": ""jase-richardson"", ""source_team_id"": null, ""destination_team_id"": 1610612753, ""source_team_name"": null, ""destination_team_name"": null, ""source_system"": ""Official NBA Player Movement feed"", ""source_reference"": ""https://stats.nba.com/js/data/playermovement/NBA_Player_Movement.json#row-1185"", ""identity_resolution"": ""official_nba_player_id"", ""team_resolution"": ""official_team_id"", ""raw_text"": ""Orlando Magic re-signed guard Jase Richardson to a Rookie Scale Contract."", ""confidence"": ""high""}"
2022-23,1630208,1610612766,team_trb_all_players/impact_database/roster_tenure/normalized_transactions.jsonl.gz,14769,"{""exact_date"": ""2026-02-05"", ""season"": ""2025-26"", ""event_type"": ""trade"", ""player_id"": ""1630208"", ""player_name"": ""Nick Richards"", ""source_player_ref"": ""nick-richards"", ""source_team_id"": 1610612756, ""destination_team_id"": 1610612741, ""source_team_name"": null, ""destination_team_name"": null, ""source_system"": ""Official NBA Player Movement feed"", ""source_reference"": ""https://stats.nba.com/js/data/playermovement/NBA_Player_Movement.json#row-483"", ""identity_resolution"": ""official_nba_player_id"", ""team_resolution"": ""official_team_id"", ""raw_text"": ""Chicago Bulls received center Nick Richards from Phoenix Suns."", ""confidence"": ""high""}"
2022-23,1630208,1610612766,team_trb_all_players/impact_database/roster_tenure/normalized_transactions.jsonl.gz,15306,"{""exact_date"": ""April 16, 2013"", ""season"": ""2012-13"", ""event_type"": ""acquire"", ""player_id"": ""2047"", ""player_name"": ""Quentin Richardson"", ""source_player_ref"": ""/players/r/richaqu01.html"", ""source_team_id"": null, ""destination_team_id"": 1610612752, ""source_team_name"": null, ""destination_team_name"": ""New York Knicks"", ""source_system"": ""Basketball-Reference via Internet Archive"", ""source_reference"": ""https://web.archive.org/web/20220516152307id_/https://www.basketball-reference.com/leagues/NBA_2013_transactions.html#row-762"", ""identity_resolution"": ""unique_core_name"", ""team_resolution"": ""source=not_applicable;destination=unique_alias"", ""raw_text"": ""The New York Knicks signed Quentin Richardson to a contract for the rest of the season."", ""confidence"": ""high""}"
2022-23,1630208,1610612766,team_trb_all_players/impact_database/roster_tenure/normalized_transactions.jsonl.gz,15445,"{""exact_date"": ""August 10, 2012"", ""season"": ""2012-13"", ""event_type"": ""trade"", ""player_id"": ""101115"", ""player_name"": ""Andrew Bynum"", ""source_player_ref"": ""/players/b/bynuman01.html"", ""source_team_id"": 1610612747, ""destination_team_id"": 1610612755, ""source_team_name"": ""Los Angeles Lakers"", ""destination_team_name"": ""Philadelphia 76ers"", ""source_system"": ""Basketball-Reference via Internet Archive"", ""source_reference"": ""https://web.archive.org/web/20220516152307id_/https://www.basketball-reference.com/leagues/NBA_2013_transactions.html#row-105"", ""identity_resolution"": ""unique_core_name"", ""team_resolution"": ""source=unique_alias;destination=unique_alias"", ""raw_text"": ""In a 4-team trade, the Denver Nuggets traded Arron Afflalo , Al Harrington , a 2013 2nd round draft pick ( Romero Osby was later selected) and a 2014 1st round draft pick ( Dario Šarić was later selected) to the Orlando Magic ; the Los Angeles Lakers traded Christian Eyenga , Josh McRoberts and a 2017 2nd round draft pick ( Wesley Iwundu was later selected) to the Orlando Magic ; the Los Angeles Lakers traded Andrew Bynum to the Philadelphia 76ers ; the Orlando Magic traded Earl Clark , Chris Duhon and Dwight Howard to the Los Angeles Lakers ; the Orlando Magic traded Jason Richardson to the Philadelphia 76ers ; the Philadelphia 76ers traded Andre Iguodala to the Denver Nuggets ; and  the Philadelphia 76ers traded Maurice Harkless , Nikola Vučević and a 2018 1st round draft pick ( Landry Shamet was later selected) to the Orlando Magic . (1st Round pick from PHI to ORL was eventually traded back to PHI. 1st-Rd pick from LAL to ORL turns into 2017 & 2018 2nd-Rd picks if Lakers 1st-Rd pick traded to PHO/PHI does not convey by 2017)"", ""confidence"": ""high""}"
2022-23,1630208,1610612766,team_trb_all_players/impact_database/roster_tenure/normalized_transactions.jsonl.gz,15446,"{""exact_date"": ""August 10, 2012"", ""season"": ""2012-13"", ""event_type"": ""trade"", ""player_id"": ""1733"", ""player_name"": ""Al Harrington"", ""source_player_ref"": ""/players/h/harrial01.html"", ""source_team_id"": 1610612743, ""destination_team_id"": 1610612753, ""source_team_name"": ""Denver Nuggets"", ""destination_team_name"": ""Orlando Magic"", ""source_system"": ""Basketball-Reference via Internet Archive"", ""source_reference"": ""https://web.archive.org/web/20220516152307id_/https://www.basketball-reference.com/leagues/NBA_2013_transactions.html#row-105"", ""identity_resolution"": ""unique_core_name"", ""team_resolution"": ""source=unique_alias;destination=unique_alias"", ""raw_text"": ""In a 4-team trade, the Denver Nuggets traded Arron Afflalo , Al Harrington , a 2013 2nd round draft pick ( Romero Osby was later selected) and a 2014 1st round draft pick ( Dario Šarić was later selected) to the Orlando Magic ; the Los Angeles Lakers traded Christian Eyenga , Josh McRoberts and a 2017 2nd round draft pick ( Wesley Iwundu was later selected) to the Orlando Magic ; the Los Angeles Lakers traded Andrew Bynum to the Philadelphia 76ers ; the Orlando Magic traded Earl Clark , Chris Duhon and Dwight Howard to the Los Angeles Lakers ; the Orlando Magic traded Jason Richardson to the Philadelphia 76ers ; the Philadelphia 76ers traded Andre Iguodala to the Denver Nuggets ; and  the Philadelphia 76ers traded Maurice Harkless , Nikola Vučević and a 2018 1st round draft pick ( Landry Shamet was later selected) to the Orlando Magic . (1st Round pick from PHI to ORL was eventually traded back to PHI. 1st-Rd pick from LAL to ORL turns into 2017 & 2018 2nd-Rd picks if Lakers 1st-Rd pick traded to PHO/PHI does not convey by 2017)"", ""confidence"": ""high""}"
2022-23,1630208,1610612766,team_trb_all_players/impact_database/roster_tenure/normalized_transactions.jsonl.gz,15447,"{""exact_date"": ""August 10, 2012"", ""season"": ""2012-13"", ""event_type"": ""trade"", ""player_id"": ""201167"", ""player_name"": ""Arron Afflalo"", ""source_player_ref"": ""/players/a/afflaar01.html"", ""source_team_id"": 1610612743, ""destination_team_id"": 1610612753, ""source_team_name"": ""Denver Nuggets"", ""destination_team_name"": ""Orlando Magic"", ""source_system"": ""Basketball-Reference via Internet Archive"", ""source_reference"": ""https://web.archive.org/web/20220516152307id_/https://www.basketball-reference.com/leagues/NBA_2013_transactions.html#row-105"", ""identity_resolution"": ""unique_core_name"", ""team_resolution"": ""source=unique_alias;destination=unique_alias"", ""raw_text"": ""In a 4-team trade, the Denver Nuggets traded Arron Afflalo , Al Harrington , a 2013 2nd round draft pick ( Romero Osby was later selected) and a 2014 1st round draft pick ( Dario Šarić was later selected) to the Orlando Magic ; the Los Angeles Lakers traded Christian Eyenga , Josh McRoberts and a 2017 2nd round draft pick ( Wesley Iwundu was later selected) to the Orlando Magic ; the Los Angeles Lakers traded Andrew Bynum to the Philadelphia 76ers ; the Orlando Magic traded Earl Clark , Chris Duhon and Dwight Howard to the Los Angeles Lakers ; the Orlando Magic traded Jason Richardson to the Philadelphia 76ers ; the Philadelphia 76ers traded Andre Iguodala to the Denver Nuggets ; and  the Philadelphia 76ers traded Maurice Harkless , Nikola Vučević and a 2018 1st round draft pick ( Landry Shamet was later selected) to the Orlando Magic . (1st Round pick from PHI to ORL was eventually traded back to PHI. 1st-Rd pick from LAL to ORL turns into 2017 & 2018 2nd-Rd picks if Lakers 1st-Rd pick traded to PHO/PHI does not convey by 2017)"", ""confidence"": ""high""}"
2022-23,1630208,1610612766,team_trb_all_players/impact_database/roster_tenure/normalized_transactions.jsonl.gz,15448,"{""exact_date"": ""August 10, 2012"", ""season"": ""2012-13"", ""event_type"": ""trade"", ""player_id"": ""201177"", ""player_name"": ""Josh McRoberts"", ""source_player_ref"": ""/players/m/mcrobjo01.html"", ""source_team_id"": 1610612747, ""destination_team_id"": 1610612753, ""source_team_name"": ""Los Angeles Lakers"", ""destination_team_name"": ""Orlando Magic"", ""source_system"": ""Basketball-Reference via Internet Archive"", ""source_reference"": ""https://web.archive.org/web/20220516152307id_/https://www.basketball-reference.com/leagues/NBA_2013_transactions.html#row-105"", ""identity_resolution"": ""unique_core_name"", ""team_resolution"": ""source=unique_alias;destination=unique_alias"", ""raw_text"": ""In a 4-team trade, the Denver Nuggets traded Arron Afflalo , Al Harrington , a 2013 2nd round draft pick ( Romero Osby was later selected) and a 2014 1st round draft pick ( Dario Šarić was later selected) to the Orlando Magic ; the Los Angeles Lakers traded Christian Eyenga , Josh McRoberts and a 2017 2nd round draft pick ( Wesley Iwundu was later selected) to the Orlando Magic ; the Los Angeles Lakers traded Andrew Bynum to the Philadelphia 76ers ; the Orlando Magic traded Earl Clark , Chris Duhon and Dwight Howard to the Los Angeles Lakers ; the Orlando Magic traded Jason Richardson to the Philadelphia 76ers ; the Philadelphia 76ers traded Andre Iguodala to the Denver Nuggets ; and  the Philadelphia 76ers traded Maurice Harkless , Nikola Vučević and a 2018 1st round draft pick ( Landry Shamet was later selected) to the Orlando Magic . (1st Round pick from PHI to ORL was eventually traded back to PHI. 1st-Rd pick from LAL to ORL turns into 2017 & 2018 2nd-Rd picks if Lakers 1st-Rd pick traded to PHO/PHI does not convey by 2017)"", ""confidence"": ""high""}"
2022-23,1630208,1610612766,team_trb_all_players/impact_database/roster_tenure/normalized_transactions.jsonl.gz,15449,"{""exact_date"": ""August 10, 2012"", ""season"": ""2012-13"", ""event_type"": ""trade"", ""player_id"": ""201947"", ""player_name"": ""Earl Clark"", ""source_player_ref"": ""/players/c/clarkea01.html"", ""source_team_id"": 1610612753, ""destination_team_id"": 1610612747, ""source_team_name"": ""Orlando Magic"", ""destination_team_name"": ""Los Angeles Lakers"", ""source_system"": ""Basketball-Reference via Internet Archive"", ""source_reference"": ""https://web.archive.org/web/20220516152307id_/https://www.basketball-reference.com/leagues/NBA_2013_transactions.html#row-105"", ""identity_resolution"": ""unique_core_name"", ""team_resolution"": ""source=unique_alias;destination=unique_alias"", ""raw_text"": ""In a 4-team trade, the Denver Nuggets traded Arron Afflalo , Al Harrington , a 2013 2nd round draft pick ( Romero Osby was later selected) and a 2014 1st round draft pick ( Dario Šarić was later selected) to the Orlando Magic ; the Los Angeles Lakers traded Christian Eyenga , Josh McRoberts and a 2017 2nd round draft pick ( Wesley Iwundu was later selected) to the Orlando Magic ; the Los Angeles Lakers traded Andrew Bynum to the Philadelphia 76ers ; the Orlando Magic traded Earl Clark , Chris Duhon and Dwight Howard to the Los Angeles Lakers ; the Orlando Magic traded Jason Richardson to the Philadelphia 76ers ; the Philadelphia 76ers traded Andre Iguodala to the Denver Nuggets ; and  the Philadelphia 76ers traded Maurice Harkless , Nikola Vučević and a 2018 1st round draft pick ( Landry Shamet was later selected) to the Orlando Magic . (1st Round pick from PHI to ORL was eventually traded back to PHI. 1st-Rd pick from LAL to ORL turns into 2017 & 2018 2nd-Rd picks if Lakers 1st-Rd pick traded to PHO/PHI does not convey by 2017)"", ""confidence"": ""high""}"
2022-23,1630208,1610612766,team_trb_all_players/impact_database/roster_tenure/normalized_transactions.jsonl.gz,15450,"{""exact_date"": ""August 10, 2012"", ""season"": ""2012-13"", ""event_type"": ""trade"", ""player_id"": ""201963"", ""player_name"": ""Christian Eyenga"", ""source_player_ref"": ""/players/e/eyengch01.html"", ""source_team_id"": 1610612747, ""destination_team_id"": 1610612753, ""source_team_name"": ""Los Angeles Lakers"", ""destination_team_name"": ""Orlando Magic"", ""source_system"": ""Basketball-Reference via Internet Archive"", ""source_reference"": ""https://web.archive.org/web/20220516152307id_/https://www.basketball-reference.com/leagues/NBA_2013_transactions.html#row-105"", ""identity_resolution"": ""unique_core_name"", ""team_resolution"": ""source=unique_alias;destination=unique_alias"", ""raw_text"": ""In a 4-team trade, the Denver Nuggets traded Arron Afflalo , Al Harrington , a 2013 2nd round draft pick ( Romero Osby was later selected) and a 2014 1st round draft pick ( Dario Šarić was later selected) to the Orlando Magic ; the Los Angeles Lakers traded Christian Eyenga , Josh McRoberts and a 2017 2nd round draft pick ( Wesley Iwundu was later selected) to the Orlando Magic ; the Los Angeles Lakers traded Andrew Bynum to the Philadelphia 76ers ; the Orlando Magic traded Earl Clark , Chris Duhon and Dwight Howard to the Los Angeles Lakers ; the Orlando Magic traded Jason Richardson to the Philadelphia 76ers ; the Philadelphia 76ers traded Andre Iguodala to the Denver Nuggets ; and  the Philadelphia 76ers traded Maurice Harkless , Nikola Vučević and a 2018 1st round draft pick ( Landry Shamet was later selected) to the Orlando Magic . (1st Round pick from PHI to ORL was eventually traded back to PHI. 1st-Rd pick from LAL to ORL turns into 2017 & 2018 2nd-Rd picks if Lakers 1st-Rd pick traded to PHO/PHI does not convey by 2017)"", ""confidence"": ""high""}"
2022-23,1630208,1610612766,team_trb_all_players/impact_database/roster_tenure/normalized_transactions.jsonl.gz,15451,"{""exact_date"": ""August 10, 2012"", ""season"": ""2012-13"", ""event_type"": ""trade"", ""player_id"": ""202696"", ""player_name"": ""Nikola Vučević"", ""source_player_ref"": ""/players/v/vucevni01.html"", ""source_team_id"": 1610612755, ""destination_team_id"": 1610612753, ""source_team_name"": ""Philadelphia 76ers"", ""destination_team_name"": ""Orlando Magic"", ""source_system"": ""Basketball-Reference via Internet Archive"", ""source_reference"": ""https://web.archive.org/web/20220516152307id_/https://www.basketball-reference.com/leagues/NBA_2013_transactions.html#row-105"", ""identity_resolution"": ""unique_core_name"", ""team_resolution"": ""source=unique_alias;destination=unique_alias"", ""raw_text"": ""In a 4-team trade, the Denver Nuggets traded Arron Afflalo , Al Harrington , a 2013 2nd round draft pick ( Romero Osby was later selected) and a 2014 1st round draft pick ( Dario Šarić was later selected) to the Orlando Magic ; the Los Angeles Lakers traded Christian Eyenga , Josh McRoberts and a 2017 2nd round draft pick ( Wesley Iwundu was later selected) to the Orlando Magic ; the Los Angeles Lakers traded Andrew Bynum to the Philadelphia 76ers ; the Orlando Magic traded Earl Clark , Chris Duhon and Dwight Howard to the Los Angeles Lakers ; the Orlando Magic traded Jason Richardson to the Philadelphia 76ers ; the Philadelphia 76ers traded Andre Iguodala to the Denver Nuggets ; and  the Philadelphia 76ers traded Maurice Harkless , Nikola Vučević and a 2018 1st round draft pick ( Landry Shamet was later selected) to the Orlando Magic . (1st Round pick from PHI to ORL was eventually traded back to PHI. 1st-Rd pick from LAL to ORL turns into 2017 & 2018 2nd-Rd picks if Lakers 1st-Rd pick traded to PHO/PHI does not convey by 2017)"", ""confidence"": ""high""}"
2022-23,1630208,1610612766,team_trb_all_players/impact_database/roster_tenure/normalized_transactions.jsonl.gz,15452,"{""exact_date"": ""August 10, 2012"", ""season"": ""2012-13"", ""event_type"": ""trade"", ""player_id"": ""203090"", ""player_name"": ""Maurice Harkless"", ""source_player_ref"": ""/players/h/harklma01.html"", ""source_team_id"": 1610612755, ""destination_team_id"": 1610612753, ""source_team_name"": ""Philadelphia 76ers"", ""destination_team_name"": ""Orlando Magic"", ""source_system"": ""Basketball-Reference via Internet Archive"", ""source_reference"": ""https://web.archive.org/web/20220516152307id_/https://www.basketball-reference.com/leagues/NBA_2013_transactions.html#row-105"", ""identity_resolution"": ""unique_core_name"", ""team_resolution"": ""source=unique_alias;destination=unique_alias"", ""raw_text"": ""In a 4-team trade, the Denver Nuggets traded Arron Afflalo , Al Harrington , a 2013 2nd round draft pick ( Romero Osby was later selected) and a 2014 1st round draft pick ( Dario Šarić was later selected) to the Orlando Magic ; the Los Angeles Lakers traded Christian Eyenga , Josh McRoberts and a 2017 2nd round draft pick ( Wesley Iwundu was later selected) to the Orlando Magic ; the Los Angeles Lakers traded Andrew Bynum to the Philadelphia 76ers ; the Orlando Magic traded Earl Clark , Chris Duhon and Dwight Howard to the Los Angeles Lakers ; the Orlando Magic traded Jason Richardson to the Philadelphia 76ers ; the Philadelphia 76ers traded Andre Iguodala to the Denver Nuggets ; and  the Philadelphia 76ers traded Maurice Harkless , Nikola Vučević and a 2018 1st round draft pick ( Landry Shamet was later selected) to the Orlando Magic . (1st Round pick from PHI to ORL was eventually traded back to PHI. 1st-Rd pick from LAL to ORL turns into 2017 & 2018 2nd-Rd picks if Lakers 1st-Rd pick traded to PHO/PHI does not convey by 2017)"", ""confidence"": ""high""}"
2022-23,1630208,1610612766,team_trb_all_players/impact_database/roster_tenure/normalized_transactions.jsonl.gz,15453,"{""exact_date"": ""August 10, 2012"", ""season"": ""2012-13"", ""event_type"": ""trade"", ""player_id"": ""2202"", ""player_name"": ""Jason Richardson"", ""source_player_ref"": ""/players/r/richaja01.html"", ""source_team_id"": 1610612753, ""destination_team_id"": 1610612755, ""source_team_name"": ""Orlando Magic"", ""destination_team_name"": ""Philadelphia 76ers"", ""source_system"": ""Basketball-Reference via Internet Archive"", ""source_reference"": ""https://web.archive.org/web/20220516152307id_/https://www.basketball-reference.com/leagues/NBA_2013_transactions.html#row-105"", ""identity_resolution"": ""unique_core_name"", ""team_resolution"": ""source=unique_alias;destination=unique_alias"", ""raw_text"": ""In a 4-team trade, the Denver Nuggets traded Arron Afflalo , Al Harrington , a 2013 2nd round draft pick ( Romero Osby was later selected) and a 2014 1st round draft pick ( Dario Šarić was later selected) to the Orlando Magic ; the Los Angeles Lakers traded Christian Eyenga , Josh McRoberts and a 2017 2nd round draft pick ( Wesley Iwundu was later selected) to the Orlando Magic ; the Los Angeles Lakers traded Andrew Bynum to the Philadelphia 76ers ; the Orlando Magic traded Earl Clark , Chris Duhon and Dwight Howard to the Los Angeles Lakers ; the Orlando Magic traded Jason Richardson to the Philadelphia 76ers ; the Philadelphia 76ers traded Andre Iguodala to the Denver Nuggets ; and  the Philadelphia 76ers traded Maurice Harkless , Nikola Vučević and a 2018 1st round draft pick ( Landry Shamet was later selected) to the Orlando Magic . (1st Round pick from PHI to ORL was eventually traded back to PHI. 1st-Rd pick from LAL to ORL turns into 2017 & 2018 2nd-Rd picks if Lakers 1st-Rd pick traded to PHO/PHI does not convey by 2017)"", ""confidence"": ""high""}"
2022-23,1630208,1610612766,team_trb_all_players/impact_database/roster_tenure/normalized_transactions.jsonl.gz,15454,"{""exact_date"": ""August 10, 2012"", ""season"": ""2012-13"", ""event_type"": ""trade"", ""player_id"": ""2730"", ""player_name"": ""Dwight Howard"", ""source_player_ref"": ""/players/h/howardw01.html"", ""source_team_id"": 1610612753, ""destination_team_id"": 1610612747, ""source_team_name"": ""Orlando Magic"", ""destination_team_name"": ""Los Angeles Lakers"", ""source_system"": ""Basketball-Reference via Internet Archive"", ""source_reference"": ""https://web.archive.org/web/20220516152307id_/https://www.basketball-reference.com/leagues/NBA_2013_transactions.html#row-105"", ""identity_resolution"": ""unique_core_name"", ""team_resolution"": ""source=unique_alias;destination=unique_alias"", ""raw_text"": ""In a 4-team trade, the Denver Nuggets traded Arron Afflalo , Al Harrington , a 2013 2nd round draft pick ( Romero Osby was later selected) and a 2014 1st round draft pick ( Dario Šarić was later selected) to the Orlando Magic ; the Los Angeles Lakers traded Christian Eyenga , Josh McRoberts and a 2017 2nd round draft pick ( Wesley Iwundu was later selected) to the Orlando Magic ; the Los Angeles Lakers traded Andrew Bynum to the Philadelphia 76ers ; the Orlando Magic traded Earl Clark , Chris Duhon and Dwight Howard to the Los Angeles Lakers ; the Orlando Magic traded Jason Richardson to the Philadelphia 76ers ; the Philadelphia 76ers traded Andre Iguodala to the Denver Nuggets ; and  the Philadelphia 76ers traded Maurice Harkless , Nikola Vučević and a 2018 1st round draft pick ( Landry Shamet was later selected) to the Orlando Magic . (1st Round pick from PHI to ORL was eventually traded back to PHI. 1st-Rd pick from LAL to ORL turns into 2017 & 2018 2nd-Rd picks if Lakers 1st-Rd pick traded to PHO/PHI does not convey by 2017)"", ""confidence"": ""high""}"
2022-23,1630208,1610612766,team_trb_all_players/impact_database/roster_tenure/normalized_transactions.jsonl.gz,15455,"{""exact_date"": ""August 10, 2012"", ""season"": ""2012-13"", ""event_type"": ""trade"", ""player_id"": ""2738"", ""player_name"": ""Andre Iguodala"", ""source_player_ref"": ""/players/i/iguodan01.html"", ""source_team_id"": 1610612755, ""destination_team_id"": 1610612743, ""source_team_name"": ""Philadelphia 76ers"", ""destination_team_name"": ""Denver Nuggets"", ""source_system"": ""Basketball-Reference via Internet Archive"", ""source_reference"": ""https://web.archive.org/web/20220516152307id_/https://www.basketball-reference.com/leagues/NBA_2013_transactions.html#row-105"", ""identity_resolution"": ""unique_core_name"", ""team_resolution"": ""source=unique_alias;destination=unique_alias"", ""raw_text"": ""In a 4-team trade, the Denver Nuggets traded Arron Afflalo , Al Harrington , a 2013 2nd round draft pick ( Romero Osby was later selected) and a 2014 1st round draft pick ( Dario Šarić was later selected) to the Orlando Magic ; the Los Angeles Lakers traded Christian Eyenga , Josh McRoberts and a 2017 2nd round draft pick ( Wesley Iwundu was later selected) to the Orlando Magic ; the Los Angeles Lakers traded Andrew Bynum to the Philadelphia 76ers ; the Orlando Magic traded Earl Clark , Chris Duhon and Dwight Howard to the Los Angeles Lakers ; the Orlando Magic traded Jason Richardson to the Philadelphia 76ers ; the Philadelphia 76ers traded Andre Iguodala to the Denver Nuggets ; and  the Philadelphia 76ers traded Maurice Harkless , Nikola Vučević and a 2018 1st round draft pick ( Landry Shamet was later selected) to the Orlando Magic . (1st Round pick from PHI to ORL was eventually traded back to PHI. 1st-Rd pick from LAL to ORL turns into 2017 & 2018 2nd-Rd picks if Lakers 1st-Rd pick traded to PHO/PHI does not convey by 2017)"", ""confidence"": ""high""}"
2022-23,1630208,1610612766,team_trb_all_players/impact_database/roster_tenure/normalized_transactions.jsonl.gz,15456,"{""exact_date"": ""August 10, 2012"", ""season"": ""2012-13"", ""event_type"": ""trade"", ""player_id"": ""2768"", ""player_name"": ""Chris Duhon"", ""source_player_ref"": ""/players/d/duhonch01.html"", ""source_team_id"": 1610612753, ""destination_team_id"": 1610612747, ""source_team_name"": ""Orlando Magic"", ""destination_team_name"": ""Los Angeles Lakers"", ""source_system"": ""Basketball-Reference via Internet Archive"", ""source_reference"": ""https://web.archive.org/web/20220516152307id_/https://www.basketball-reference.com/leagues/NBA_2013_transactions.html#row-105"", ""identity_resolution"": ""unique_core_name"", ""team_resolution"": ""source=unique_alias;destination=unique_alias"", ""raw_text"": ""In a 4-team trade, the Denver Nuggets traded Arron Afflalo , Al Harrington , a 2013 2nd round draft pick ( Romero Osby was later selected) and a 2014 1st round draft pick ( Dario Šarić was later selected) to the Orlando Magic ; the Los Angeles Lakers traded Christian Eyenga , Josh McRoberts and a 2017 2nd round draft pick ( Wesley Iwundu was later selected) to the Orlando Magic ; the Los Angeles Lakers traded Andrew Bynum to the Philadelphia 76ers ; the Orlando Magic traded Earl Clark , Chris Duhon and Dwight Howard to the Los Angeles Lakers ; the Orlando Magic traded Jason Richardson to the Philadelphia 76ers ; the Philadelphia 76ers traded Andre Iguodala to the Denver Nuggets ; and  the Philadelphia 76ers traded Maurice Harkless , Nikola Vučević and a 2018 1st round draft pick ( Landry Shamet was later selected) to the Orlando Magic . (1st Round pick from PHI to ORL was eventually traded back to PHI. 1st-Rd pick from LAL to ORL turns into 2017 & 2018 2nd-Rd picks if Lakers 1st-Rd pick traded to PHO/PHI does not convey by 2017)"", ""confidence"": ""high""}"
2022-23,1630208,1610612766,team_trb_all_players/impact_database/roster_tenure/normalized_transactions.jsonl.gz,15519,"{""exact_date"": ""August 13, 2009"", ""season"": ""2009-10"", ""event_type"": ""trade"", ""player_id"": ""1548"", ""player_name"": ""Mark Blount"", ""source_player_ref"": ""/players/b/blounma01.html"", ""source_team_id"": 1610612748, ""destination_team_id"": 1610612750, ""source_team_name"": ""Miami Heat"", ""destination_team_name"": ""Minnesota Timberwolves"", ""source_system"": ""Basketball-Reference via Internet Archive"", ""source_reference"": ""https://web.archive.org/web/20221209193233id_/https://www.basketball-reference.com/leagues/NBA_2010_transactions.html#row-59"", ""identity_resolution"": ""unique_core_name"", ""team_resolution"": ""source=unique_alias;destination=unique_alias"", ""raw_text"": ""The Miami Heat traded Mark Blount to the Minnesota Timberwolves for Quentin Richardson ."", ""confidence"": ""high""}"
2022-23,1630208,1610612766,team_trb_all_players/impact_database/roster_tenure/normalized_transactions.jsonl.gz,15520,"{""exact_date"": ""August 13, 2009"", ""season"": ""2009-10"", ""event_type"": ""trade"", ""player_id"": ""2047"", ""player_name"": ""Quentin Richardson"", ""source_player_ref"": ""/players/r/richaqu01.html"", ""source_team_id"": 1610612750, ""destination_team_id"": 1610612748, ""source_team_name"": ""Minnesota Timberwolves"", ""destination_team_name"": ""Miami Heat"", ""source_system"": ""Basketball-Reference via Internet Archive"", ""source_reference"": ""https://web.archive.org/web/20221209193233id_/https://www.basketball-reference.com/leagues/NBA_2010_transactions.html#row-59"", ""identity_resolution"": ""unique_core_name"", ""team_resolution"": ""source=unique_alias;destination=unique_alias"", ""raw_text"": ""The Miami Heat traded Mark Blount to the Minnesota Timberwolves for Quentin Richardson ."", ""confidence"": ""high""}"
2022-23,1630208,1610612766,team_trb_all_players/impact_database/roster_tenure/normalized_transactions.jsonl.gz,15616,"{""exact_date"": ""August 18, 2015"", ""season"": ""2015-16"", ""event_type"": ""acquire"", ""player_id"": ""2202"", ""player_name"": ""Jason Richardson"", ""source_player_ref"": ""/players/r/richaja01.html"", ""source_team_id"": null, ""destination_team_id"": 1610612737, ""source_team_name"": null, ""destination_team_name"": ""Atlanta Hawks"", ""source_system"": ""Basketball-Reference via Internet Archive"", ""source_reference"": ""https://web.archive.org/web/20220629030608id_/https://www.basketball-reference.com/leagues/NBA_2016_transactions.html#row-235"", ""identity_resolution"": ""unique_core_name"", ""team_resolution"": ""source=not_applicable;destination=unique_alias"", ""raw_text"": ""The Atlanta Hawks signed Jason Richardson ."", ""confidence"": ""high""}"
2022-23,1630208,1610612766,team_trb_all_players/impact_database/roster_tenure/normalized_transactions.jsonl.gz,16015,"{""exact_date"": ""December 10, 2008"", ""season"": ""2008-09"", ""event_type"": ""trade"", ""player_id"": ""1952"", ""player_name"": ""Raja Bell"", ""source_player_ref"": ""/players/b/bellra01.html"", ""source_team_id"": 1610612756, ""destination_team_id"": 1610612766, ""source_team_name"": ""Phoenix Suns"", ""destination_team_name"": ""Charlotte Bobcats"", ""source_system"": ""Basketball-Reference via Internet Archive"", ""source_reference"": ""https://web.archive.org/web/20220519122233id_/https://www.basketball-reference.com/leagues/NBA_2009_transactions.html#row-157"", ""identity_resolution"": ""unique_core_name"", ""team_resolution"": ""source=unique_alias;destination=unique_alias"", ""raw_text"": ""The Charlotte Bobcats traded Jared Dudley , Jason Richardson and a 2010 2nd round draft pick ( Gani Lawal was later selected) to the Phoenix Suns for Raja Bell , Boris Diaw and Sean Singletary ."", ""confidence"": ""high""}"
2022-23,1630208,1610612766,team_trb_all_players/impact_database/roster_tenure/normalized_transactions.jsonl.gz,16018,"{""exact_date"": ""December 10, 2008"", ""season"": ""2008-09"", ""event_type"": ""trade"", ""player_id"": ""201162"", ""player_name"": ""Jared Dudley"", ""source_player_ref"": ""/players/d/dudleja01.html"", ""source_team_id"": 1610612766, ""destination_team_id"": 1610612756, ""source_team_name"": ""Charlotte Bobcats"", ""destination_team_name"": ""Phoenix Suns"", ""source_system"": ""Basketball-Reference via Internet Archive"", ""source_reference"": ""https://web.archive.org/web/20220519122233id_/https://www.basketball-reference.com/leagues/NBA_2009_transactions.html#row-157"", ""identity_resolution"": ""unique_core_name"", ""team_resolution"": ""source=unique_alias;destination=unique_alias"", ""raw_text"": ""The Charlotte Bobcats traded Jared Dudley , Jason Richardson and a 2010 2nd round draft pick ( Gani Lawal was later selected) to the Phoenix Suns for Raja Bell , Boris Diaw and Sean Singletary ."", ""confidence"": ""high""}"
2022-23,1630208,1610612766,team_trb_all_players/impact_database/roster_tenure/normalized_transactions.jsonl.gz,16019,"{""exact_date"": ""December 10, 2008"", ""season"": ""2008-09"", ""event_type"": ""trade"", ""player_id"": ""201606"", ""player_name"": ""Sean Singletary"", ""source_player_ref"": ""/players/s/singlse01.html"", ""source_team_id"": 1610612756, ""destination_team_id"": 1610612766, ""source_team_name"": ""Phoenix Suns"", ""destination_team_name"": ""Charlotte Bobcats"", ""source_system"": ""Basketball-Reference via Internet Archive"", ""source_reference"": ""https://web.archive.org/web/20220519122233id_/https://www.basketball-reference.com/leagues/NBA_2009_transactions.html#row-157"", ""identity_resolution"": ""unique_core_name"", ""team_resolution"": ""source=unique_alias;destination=unique_alias"", ""raw_text"": ""The Charlotte Bobcats traded Jared Dudley , Jason Richardson and a 2010 2nd round draft pick ( Gani Lawal was later selected) to the Phoenix Suns for Raja Bell , Boris Diaw and Sean Singletary ."", ""confidence"": ""high""}"
2022-23,1630208,1610612766,team_trb_all_players/impact_database/roster_tenure/normalized_transactions.jsonl.gz,16020,"{""exact_date"": ""December 10, 2008"", ""season"": ""2008-09"", ""event_type"": ""trade"", ""player_id"": ""2202"", ""player_name"": ""Jason Richardson"", ""source_player_ref"": ""/players/r/richaja01.html"", ""source_team_id"": 1610612766, ""destination_team_id"": 1610612756, ""source_team_name"": ""Charlotte Bobcats"", ""destination_team_name"": ""Phoenix Suns"", ""source_system"": ""Basketball-Reference via Internet Archive"", ""source_reference"": ""https://web.archive.org/web/20220519122233id_/https://www.basketball-reference.com/leagues/NBA_2009_transactions.html#row-157"", ""identity_resolution"": ""unique_core_name"", ""team_resolution"": ""source=unique_alias;destination=unique_alias"", ""raw_text"": ""The Charlotte Bobcats traded Jared Dudley , Jason Richardson and a 2010 2nd round draft pick ( Gani Lawal was later selected) to the Phoenix Suns for Raja Bell , Boris Diaw and Sean Singletary ."", ""confidence"": ""high""}"
2022-23,1630208,1610612766,team_trb_all_players/impact_database/roster_tenure/normalized_transactions.jsonl.gz,16022,"{""exact_date"": ""December 10, 2008"", ""season"": ""2008-09"", ""event_type"": ""trade"", ""player_id"": ""2564"", ""player_name"": ""Boris Diaw"", ""source_player_ref"": ""/players/d/diawbo01.html"", ""source_team_id"": 1610612756, ""destination_team_id"": 1610612766, ""source_team_name"": ""Phoenix Suns"", ""destination_team_name"": ""Charlotte Bobcats"", ""source_system"": ""Basketball-Reference via Internet Archive"", ""source_reference"": ""https://web.archive.org/web/20220519122233id_/https://www.basketball-reference.com/leagues/NBA_2009_transactions.html#row-157"", ""identity_resolution"": ""unique_core_name"", ""team_resolution"": ""source=unique_alias;destination=unique_alias"", ""raw_text"": ""The Charlotte Bobcats traded Jared Dudley , Jason Richardson and a 2010 2nd round draft pick ( Gani Lawal was later selected) to the Phoenix Suns for Raja Bell , Boris Diaw and Sean Singletary ."", ""confidence"": ""high""}"
2022-23,1630208,1610612766,team_trb_all_players/impact_database/roster_tenure/normalized_transactions.jsonl.gz,16190,"{""exact_date"": ""December 18, 2010"", ""season"": ""2010-11"", ""event_type"": ""trade"", ""player_id"": ""101162"", ""player_name"": ""Marcin Gortat"", ""source_player_ref"": ""/players/g/gortama01.html"", ""source_team_id"": 1610612753, ""destination_team_id"": 1610612756, ""source_team_name"": ""Orlando Magic"", ""destination_team_name"": ""Phoenix Suns"", ""source_system"": ""Basketball-Reference via Internet Archive"", ""source_reference"": ""https://web.archive.org/web/20220529055708id_/https://www.basketball-reference.com/leagues/NBA_2011_transactions.html#row-221"", ""identity_resolution"": ""unique_core_name"", ""team_resolution"": ""source=unique_alias;destination=unique_alias"", ""raw_text"": ""The Orlando Magic traded Vince Carter , Marcin Gortat , Mickaël Piétrus , cash and a 2011 1st round draft pick ( Nikola Mirotić was later selected) to the Phoenix Suns for Earl Clark , Jason Richardson and Hedo Türkoğlu ."", ""confidence"": ""high""}"
2022-23,1630208,1610612766,team_trb_all_players/impact_database/roster_tenure/normalized_transactions.jsonl.gz,16191,"{""exact_date"": ""December 18, 2010"", ""season"": ""2010-11"", ""event_type"": ""trade"", ""player_id"": ""1713"", ""player_name"": ""Vince Carter"", ""source_player_ref"": ""/players/c/cartevi01.html"", ""source_team_id"": 1610612753, ""destination_team_id"": 1610612756, ""source_team_name"": ""Orlando Magic"", ""destination_team_name"": ""Phoenix Suns"", ""source_system"": ""Basketball-Reference via Internet Archive"", ""source_reference"": ""https://web.archive.org/web/20220529055708id_/https://www.basketball-reference.com/leagues/NBA_2011_transactions.html#row-221"", ""identity_resolution"": ""unique_core_name"", ""team_resolution"": ""source=unique_alias;destination=unique_alias"", ""raw_text"": ""The Orlando Magic traded Vince Carter , Marcin Gortat , Mickaël Piétrus , cash and a 2011 1st round draft pick ( Nikola Mirotić was later selected) to the Phoenix Suns for Earl Clark , Jason Richardson and Hedo Türkoğlu ."", ""confidence"": ""high""}"
2022-23,1630208,1610612766,team_trb_all_players/impact_database/roster_tenure/normalized_transactions.jsonl.gz,16193,"{""exact_date"": ""December 18, 2010"", ""season"": ""2010-11"", ""event_type"": ""trade"", ""player_id"": ""201947"", ""player_name"": ""Earl Clark"", ""source_player_ref"": ""/players/c/clarkea01.html"", ""source_team_id"": 1610612756, ""destination_team_id"": 1610612753, ""source_team_name"": ""Phoenix Suns"", ""destination_team_name"": ""Orlando Magic"", ""source_system"": ""Basketball-Reference via Internet Archive"", ""source_reference"": ""https://web.archive.org/web/20220529055708id_/https://www.basketball-reference.com/leagues/NBA_2011_transactions.html#row-221"", ""identity_resolution"": ""unique_core_name"", ""team_resolution"": ""source=unique_alias;destination=unique_alias"", ""raw_text"": ""The Orlando Magic traded Vince Carter , Marcin Gortat , Mickaël Piétrus , cash and a 2011 1st round draft pick ( Nikola Mirotić was later selected) to the Phoenix Suns for Earl Clark , Jason Richardson and Hedo Türkoğlu ."", ""confidence"": ""high""}"
2022-23,1630208,1610612766,team_trb_all_players/impact_database/roster_tenure/normalized_transactions.jsonl.gz,16194,"{""exact_date"": ""December 18, 2010"", ""season"": ""2010-11"", ""event_type"": ""trade"", ""player_id"": ""2045"", ""player_name"": ""Hedo Türkoğlu"", ""source_player_ref"": ""/players/t/turkohe01.html"", ""source_team_id"": 1610612756, ""destination_team_id"": 1610612753, ""source_team_name"": ""Phoenix Suns"", ""destination_team_name"": ""Orlando Magic"", ""source_system"": ""Basketball-Reference via Internet Archive"", ""source_reference"": ""https://web.archive.org/web/20220529055708id_/https://www.basketball-reference.com/leagues/NBA_2011_transactions.html#row-221"", ""identity_resolution"": ""unique_core_name"", ""team_resolution"": ""source=unique_alias;destination=unique_alias"", ""raw_text"": ""The Orlando Magic traded Vince Carter , Marcin Gortat , Mickaël Piétrus , cash and a 2011 1st round draft pick ( Nikola Mirotić was later selected) to the Phoenix Suns for Earl Clark , Jason Richardson and Hedo Türkoğlu ."", ""confidence"": ""high""}"
2022-23,1630208,1610612766,team_trb_all_players/impact_database/roster_tenure/normalized_transactions.jsonl.gz,16195,"{""exact_date"": ""December 18, 2010"", ""season"": ""2010-11"", ""event_type"": ""trade"", ""player_id"": ""2202"", ""player_name"": ""Jason Richardson"", ""source_player_ref"": ""/players/r/richaja01.html"", ""source_team_id"": 1610612756, ""destination_team_id"": 1610612753, ""source_team_name"": ""Phoenix Suns"", ""destination_team_name"": ""Orlando Magic"", ""source_system"": ""Basketball-Reference via Internet Archive"", ""source_reference"": ""https://web.archive.org/web/20220529055708id_/https://www.basketball-reference.com/leagues/NBA_2011_transactions.html#row-221"", ""identity_resolution"": ""unique_core_name"", ""team_resolution"": ""source=unique_alias;destination=unique_alias"", ""raw_text"": ""The Orlando Magic traded Vince Carter , Marcin Gortat , Mickaël Piétrus , cash and a 2011 1st round draft pick ( Nikola Mirotić was later selected) to the Phoenix Suns for Earl Clark , Jason Richardson and Hedo Türkoğlu ."", ""confidence"": ""high""}"
2022-23,1630208,1610612766,team_trb_all_players/impact_database/roster_tenure/normalized_transactions.jsonl.gz,16197,"{""exact_date"": ""December 18, 2010"", ""season"": ""2010-11"", ""event_type"": ""trade"", ""player_id"": ""2554"", ""player_name"": ""Mickaël Piétrus"", ""source_player_ref"": ""/players/p/pietrmi01.html"", ""source_team_id"": 1610612753, ""destination_team_id"": 1610612756, ""source_team_name"": ""Orlando Magic"", ""destination_team_name"": ""Phoenix Suns"", ""source_system"": ""Basketball-Reference via Internet Archive"", ""source_reference"": ""https://web.archive.org/web/20220529055708id_/https://www.basketball-reference.com/leagues/NBA_2011_transactions.html#row-221"", ""identity_resolution"": ""unique_core_name"", ""team_resolution"": ""source=unique_alias;destination=unique_alias"", ""raw_text"": ""The Orlando Magic traded Vince Carter , Marcin Gortat , Mickaël Piétrus , cash and a 2011 1st round draft pick ( Nikola Mirotić was later selected) to the Phoenix Suns for Earl Clark , Jason Richardson and Hedo Türkoğlu ."", ""confidence"": ""high""}"
2022-23,1630208,1610612766,team_trb_all_players/impact_database/roster_tenure/normalized_transactions.jsonl.gz,16237,"{""exact_date"": ""December 20, 2007"", ""season"": ""2007-08"", ""event_type"": ""acquire"", ""player_id"": ""200978"", ""player_name"": ""Jeremy Richardson"", ""source_player_ref"": ""/players/r/richaje01.html"", ""source_team_id"": null, ""destination_team_id"": 1610612763, ""source_team_name"": null, ""destination_team_name"": ""Memphis Grizzlies"", ""source_system"": ""Basketball-Reference via Internet Archive"", ""source_reference"": ""https://web.archive.org/web/20221209193646id_/https://www.basketball-reference.com/leagues/NBA_2008_transactions.html#row-186"", ""identity_resolution"": ""unique_core_name"", ""team_resolution"": ""source=not_applicable;destination=unique_alias"", ""raw_text"": ""The Memphis Grizzlies signed Jeremy Richardson as a free agent."", ""confidence"": ""high""}"
2022-23,1630208,1610612766,team_trb_all_players/impact_database/roster_tenure/normalized_transactions.jsonl.gz,16616,"{""exact_date"": ""February 19, 2002"", ""season"": ""2001-02"", ""event_type"": ""trade"", ""player_id"": ""147"", ""player_name"": ""Jalen Rose"", ""source_player_ref"": ""/players/r/roseja01.html"", ""source_team_id"": 1610612754, ""destination_team_id"": 1610612741, ""source_team_name"": ""Indiana Pacers"", ""destination_team_name"": ""Chicago Bulls"", ""source_system"": ""Basketball-Reference via Internet Archive"", ""source_reference"": ""https://web.archive.org/web/20221209183617id_/https://www.basketball-reference.com/leagues/NBA_2002_transactions.html#row-214"", ""identity_resolution"": ""unique_core_name"", ""team_resolution"": ""source=unique_alias;destination=unique_alias"", ""raw_text"": ""The Chicago Bulls traded Metta World Peace , Ron Mercer , Brad Miller and Kevin Ollie to the Indiana Pacers for Travis Best , Norm Richardson , Jalen Rose and a 2002 2nd round draft pick ( Lonny Baxter was later selected)."", ""confidence"": ""high""}"
2022-23,1630208,1610612766,team_trb_all_players/impact_database/roster_tenure/normalized_transactions.jsonl.gz,16617,"{""exact_date"": ""February 19, 2002"", ""season"": ""2001-02"", ""event_type"": ""trade"", ""player_id"": ""1500"", ""player_name"": ""Ron Mercer"", ""source_player_ref"": ""/players/m/mercero01.html"", ""source_team_id"": 1610612741, ""destination_team_id"": 1610612754, ""source_team_name"": ""Chicago Bulls"", ""destination_team_name"": ""Indiana Pacers"", ""source_system"": ""Basketball-Reference via Internet Archive"", ""source_reference"": ""https://web.archive.org/web/20221209183617id_/https://www.basketball-reference.com/leagues/NBA_2002_transactions.html#row-214"", ""identity_resolution"": ""unique_core_name"", ""team_resolution"": ""source=unique_alias;destination=unique_alias"", ""raw_text"": ""The Chicago Bulls traded Metta World Peace , Ron Mercer , Brad Miller and Kevin Ollie to the Indiana Pacers for Travis Best , Norm Richardson , Jalen Rose and a 2002 2nd round draft pick ( Lonny Baxter was later selected)."", ""confidence"": ""high""}"
2022-23,1630208,1610612766,team_trb_all_players/impact_database/roster_tenure/normalized_transactions.jsonl.gz,16618,"{""exact_date"": ""February 19, 2002"", ""season"": ""2001-02"", ""event_type"": ""trade"", ""player_id"": ""1563"", ""player_name"": ""Kevin Ollie"", ""source_player_ref"": ""/players/o/ollieke01.html"", ""source_team_id"": 1610612741, ""destination_team_id"": 1610612754, ""source_team_name"": ""Chicago Bulls"", ""destination_team_name"": ""Indiana Pacers"", ""source_system"": ""Basketball-Reference via Internet Archive"", ""source_reference"": ""https://web.archive.org/web/20221209183617id_/https://www.basketball-reference.com/leagues/NBA_2002_transactions.html#row-214"", ""identity_resolution"": ""unique_core_name"", ""team_resolution"": ""source=unique_alias;destination=unique_alias"", ""raw_text"": ""The Chicago Bulls traded Metta World Peace , Ron Mercer , Brad Miller and Kevin Ollie to the Indiana Pacers for Travis Best , Norm Richardson , Jalen Rose and a 2002 2nd round draft pick ( Lonny Baxter was later selected)."", ""confidence"": ""high""}"
2022-23,1630208,1610612766,team_trb_all_players/impact_database/roster_tenure/normalized_transactions.jsonl.gz,16619,"{""exact_date"": ""February 19, 2002"", ""season"": ""2001-02"", ""event_type"": ""trade"", ""player_id"": ""1802"", ""player_name"": ""Brad Miller"", ""source_player_ref"": ""/players/m/millebr01.html"", ""source_team_id"": 1610612741, ""destination_team_id"": 1610612754, ""source_team_name"": ""Chicago Bulls"", ""destination_team_name"": ""Indiana Pacers"", ""source_system"": ""Basketball-Reference via Internet Archive"", ""source_reference"": ""https://web.archive.org/web/20221209183617id_/https://www.basketball-reference.com/leagues/NBA_2002_transactions.html#row-214"", ""identity_resolution"": ""unique_core_name"", ""team_resolution"": ""source=unique_alias;destination=unique_alias"", ""raw_text"": ""The Chicago Bulls traded Metta World Peace , Ron Mercer , Brad Miller and Kevin Ollie to the Indiana Pacers for Travis Best , Norm Richardson , Jalen Rose and a 2002 2nd round draft pick ( Lonny Baxter was later selected)."", ""confidence"": ""high""}"
2022-23,1630208,1610612766,team_trb_all_players/impact_database/roster_tenure/normalized_transactions.jsonl.gz,16620,"{""exact_date"": ""February 19, 2002"", ""season"": ""2001-02"", ""event_type"": ""trade"", ""player_id"": ""1897"", ""player_name"": ""Metta World Peace"", ""source_player_ref"": ""/players/a/artesro01.html"", ""source_team_id"": 1610612741, ""destination_team_id"": 1610612754, ""source_team_name"": ""Chicago Bulls"", ""destination_team_name"": ""Indiana Pacers"", ""source_system"": ""Basketball-Reference via Internet Archive"", ""source_reference"": ""https://web.archive.org/web/20221209183617id_/https://www.basketball-reference.com/leagues/NBA_2002_transactions.html#row-214"", ""identity_resolution"": ""unique_core_name"", ""team_resolution"": ""source=unique_alias;destination=unique_alias"", ""raw_text"": ""The Chicago Bulls traded Metta World Peace , Ron Mercer , Brad Miller and Kevin Ollie to the Indiana Pacers for Travis Best , Norm Richardson , Jalen Rose and a 2002 2nd round draft pick ( Lonny Baxter was later selected)."", ""confidence"": ""high""}"
2022-23,1630208,1610612766,team_trb_all_players/impact_database/roster_tenure/normalized_transactions.jsonl.gz,16621,"{""exact_date"": ""February 19, 2002"", ""season"": ""2001-02"", ""event_type"": ""trade"", ""player_id"": ""2369"", ""player_name"": ""Norm Richardson"", ""source_player_ref"": ""/players/r/richano01.html"", ""source_team_id"": 1610612754, ""destination_team_id"": 1610612741, ""source_team_name"": ""Indiana Pacers"", ""destination_team_name"": ""Chicago Bulls"", ""source_system"": ""Basketball-Reference via Internet Archive"", ""source_reference"": ""https://web.archive.org/web/20221209183617id_/https://www.basketball-reference.com/leagues/NBA_2002_transactions.html#row-214"", ""identity_resolution"": ""historical_v4_unique_fuzzy_name+season_team_context"", ""team_resolution"": ""source=unique_alias;destination=unique_alias"", ""raw_text"": ""The Chicago Bulls traded Metta World Peace , Ron Mercer , Brad Miller and Kevin Ollie to the Indiana Pacers for Travis Best , Norm Richardson , Jalen Rose and a 2002 2nd round draft pick ( Lonny Baxter was later selected)."", ""confidence"": ""high""}"
2022-23,1630208,1610612766,team_trb_all_players/impact_database/roster_tenure/normalized_transactions.jsonl.gz,16622,"{""exact_date"": ""February 19, 2002"", ""season"": ""2001-02"", ""event_type"": ""trade"", ""player_id"": ""696"", ""player_name"": ""Travis Best"", ""source_player_ref"": ""/players/b/besttr01.html"", ""source_team_id"": 1610612754, ""destination_team_id"": 1610612741, ""source_team_name"": ""Indiana Pacers"", ""destination_team_name"": ""Chicago Bulls"", ""source_system"": ""Basketball-Reference via Internet Archive"", ""source_reference"": ""https://web.archive.org/web/20221209183617id_/https://www.basketball-reference.com/leagues/NBA_2002_transactions.html#row-214"", ""identity_resolution"": ""unique_core_name"", ""team_resolution"": ""source=unique_alias;destination=unique_alias"", ""raw_text"": ""The Chicago Bulls traded Metta World Peace , Ron Mercer , Brad Miller and Kevin Ollie to the Indiana Pacers for Travis Best , Norm Richardson , Jalen Rose and a 2002 2nd round draft pick ( Lonny Baxter was later selected)."", ""confidence"": ""high""}"
2022-23,1630208,1610612766,team_trb_all_players/impact_database/roster_tenure/normalized_transactions.jsonl.gz,16644,"{""exact_date"": ""February 19, 2008"", ""season"": ""2007-08"", ""event_type"": ""acquire"", ""player_id"": ""200978"", ""player_name"": ""Jeremy Richardson"", ""source_player_ref"": ""/players/r/richaje01.html"", ""source_team_id"": null, ""destination_team_id"": 1610612737, ""source_team_name"": null, ""destination_team_name"": ""Atlanta Hawks"", ""source_system"": ""Basketball-Reference via Internet Archive"", ""source_reference"": ""https://web.archive.org/web/20221209193646id_/https://www.basketball-reference.com/leagues/NBA_2008_transactions.html#row-255"", ""identity_resolution"": ""unique_core_name"", ""team_resolution"": ""source=not_applicable;destination=unique_alias"", ""raw_text"": ""The Atlanta Hawks signed Jeremy Richardson to two 10-day contracts, then signed to a contract for the rest of the season."", ""confidence"": ""high""}"
2022-23,1630208,1610612766,team_trb_all_players/impact_database/roster_tenure/normalized_transactions.jsonl.gz,17225,"{""exact_date"": ""January 10, 2008"", ""season"": ""2007-08"", ""event_type"": ""acquire"", ""player_id"": ""200978"", ""player_name"": ""Jeremy Richardson"", ""source_player_ref"": ""/players/r/richaje01.html"", ""source_team_id"": null, ""destination_team_id"": 1610612759, ""source_team_name"": null, ""destination_team_name"": ""San Antonio Spurs"", ""source_system"": ""Basketball-Reference via Internet Archive"", ""source_reference"": ""https://web.archive.org/web/20221209193646id_/https://www.basketball-reference.com/leagues/NBA_2008_transactions.html#row-216"", ""identity_resolution"": ""unique_core_name"", ""team_resolution"": ""source=not_applicable;destination=unique_alias"", ""raw_text"": ""The San Antonio Spurs signed Jeremy Richardson to the first of two 10-day contracts."", ""confidence"": ""high""}"
2022-23,1630208,1610612766,team_trb_all_players/impact_database/roster_tenure/normalized_transactions.jsonl.gz,17464,"{""exact_date"": ""January 27, 2007"", ""season"": ""2006-07"", ""event_type"": ""acquire"", ""player_id"": ""200978"", ""player_name"": ""Jeremy Richardson"", ""source_player_ref"": ""/players/r/richaje01.html"", ""source_team_id"": null, ""destination_team_id"": 1610612737, ""source_team_name"": null, ""destination_team_name"": ""Atlanta Hawks"", ""source_system"": ""Basketball-Reference via Internet Archive"", ""source_reference"": ""https://web.archive.org/web/20221209192844id_/https://www.basketball-reference.com/leagues/NBA_2007_transactions.html#row-191"", ""identity_resolution"": ""unique_core_name"", ""team_resolution"": ""source=not_applicable;destination=unique_alias"", ""raw_text"": ""The Atlanta Hawks signed Jeremy Richardson to the first of two 10-day contracts."", ""confidence"": ""high""}"
2022-23,1630208,1610612766,team_trb_all_players/impact_database/roster_tenure/normalized_transactions.jsonl.gz,17659,"{""exact_date"": ""January 7, 2008"", ""season"": ""2007-08"", ""event_type"": ""depart"", ""player_id"": ""200978"", ""player_name"": ""Jeremy Richardson"", ""source_player_ref"": ""/players/r/richaje01.html"", ""source_team_id"": 1610612763, ""destination_team_id"": null, ""source_team_name"": ""Memphis Grizzlies"", ""destination_team_name"": null, ""source_system"": ""Basketball-Reference via Internet Archive"", ""source_reference"": ""https://web.archive.org/web/20221209193646id_/https://www.basketball-reference.com/leagues/NBA_2008_transactions.html#row-206"", ""identity_resolution"": ""unique_core_name"", ""team_resolution"": ""source=unique_alias;destination=not_applicable"", ""raw_text"": ""The Memphis Grizzlies waived Jeremy Richardson ."", ""confidence"": ""high""}"
2022-23,1630208,1610612766,team_trb_all_players/impact_database/roster_tenure/normalized_transactions.jsonl.gz,17749,"{""exact_date"": ""July 10, 2013"", ""season"": ""2013-14"", ""event_type"": ""trade"", ""player_id"": ""200745"", ""player_name"": ""Andrea Bargnani"", ""source_player_ref"": ""/players/b/bargnan01.html"", ""source_team_id"": 1610612761, ""destination_team_id"": 1610612752, ""source_team_name"": ""Toronto Raptors"", ""destination_team_name"": ""New York Knicks"", ""source_system"": ""Basketball-Reference via Internet Archive"", ""source_reference"": ""https://web.archive.org/web/20221209194421id_/https://www.basketball-reference.com/leagues/NBA_2014_transactions.html#row-15"", ""identity_resolution"": ""unique_core_name"", ""team_resolution"": ""source=unique_alias;destination=unique_alias"", ""raw_text"": ""The New York Knicks traded Marcus Camby , Steve Novak , Quentin Richardson , a 2014 2nd round draft pick ( Xavier Thames was later selected), a 2016 1st round draft pick ( Jakob Pöltl was later selected) and a 2017 2nd round draft pick ( Jonah Bolden was later selected) to the Toronto Raptors for Andrea Bargnani ."", ""confidence"": ""high""}"
2022-23,1630208,1610612766,team_trb_all_players/impact_database/roster_tenure/normalized_transactions.jsonl.gz,17754,"{""exact_date"": ""July 10, 2013"", ""season"": ""2013-14"", ""event_type"": ""trade"", ""player_id"": ""200779"", ""player_name"": ""Steve Novak"", ""source_player_ref"": ""/players/n/novakst01.html"", ""source_team_id"": 1610612752, ""destination_team_id"": 1610612761, ""source_team_name"": ""New York Knicks"", ""destination_team_name"": ""Toronto Raptors"", ""source_system"": ""Basketball-Reference via Internet Archive"", ""source_reference"": ""https://web.archive.org/web/20221209194421id_/https://www.basketball-reference.com/leagues/NBA_2014_transactions.html#row-15"", ""identity_resolution"": ""unique_core_name"", ""team_resolution"": ""source=unique_alias;destination=unique_alias"", ""raw_text"": ""The New York Knicks traded Marcus Camby , Steve Novak , Quentin Richardson , a 2014 2nd round draft pick ( Xavier Thames was later selected), a 2016 1st round draft pick ( Jakob Pöltl was later selected) and a 2017 2nd round draft pick ( Jonah Bolden was later selected) to the Toronto Raptors for Andrea Bargnani ."", ""confidence"": ""high""}"
2022-23,1630208,1610612766,team_trb_all_players/impact_database/roster_tenure/normalized_transactions.jsonl.gz,17779,"{""exact_date"": ""July 10, 2013"", ""season"": ""2013-14"", ""event_type"": ""trade"", ""player_id"": ""2047"", ""player_name"": ""Quentin Richardson"", ""source_player_ref"": ""/players/r/richaqu01.html"", ""source_team_id"": 1610612752, ""destination_team_id"": 1610612761, ""source_team_name"": ""New York Knicks"", ""destination_team_name"": ""Toronto Raptors"", ""source_system"": ""Basketball-Reference via Internet Archive"", ""source_reference"": ""https://web.archive.org/web/20221209194421id_/https://www.basketball-reference.com/leagues/NBA_2014_transactions.html#row-15"", ""identity_resolution"": ""unique_core_name"", ""team_resolution"": ""source=unique_alias;destination=unique_alias"", ""raw_text"": ""The New York Knicks traded Marcus Camby , Steve Novak , Quentin Richardson , a 2014 2nd round draft pick ( Xavier Thames was later selected), a 2016 1st round draft pick ( Jakob Pöltl was later selected) and a 2017 2nd round draft pick ( Jonah Bolden was later selected) to the Toronto Raptors for Andrea Bargnani ."", ""confidence"": ""high""}"
2022-23,1630208,1610612766,team_trb_all_players/impact_database/roster_tenure/normalized_transactions.jsonl.gz,17790,"{""exact_date"": ""July 10, 2013"", ""season"": ""2013-14"", ""event_type"": ""trade"", ""player_id"": ""948"", ""player_name"": ""Marcus Camby"", ""source_player_ref"": ""/players/c/cambyma01.html"", ""source_team_id"": 1610612752, ""destination_team_id"": 1610612761, ""source_team_name"": ""New York Knicks"", ""destination_team_name"": ""Toronto Raptors"", ""source_system"": ""Basketball-Reference via Internet Archive"", ""source_reference"": ""https://web.archive.org/web/20221209194421id_/https://www.basketball-reference.com/leagues/NBA_2014_transactions.html#row-15"", ""identity_resolution"": ""unique_core_name"", ""team_resolution"": ""source=unique_alias;destination=unique_alias"", ""raw_text"": ""The New York Knicks traded Marcus Camby , Steve Novak , Quentin Richardson , a 2014 2nd round draft pick ( Xavier Thames was later selected), a 2016 1st round draft pick ( Jakob Pöltl was later selected) and a 2017 2nd round draft pick ( Jonah Bolden was later selected) to the Toronto Raptors for Andrea Bargnani ."", ""confidence"": ""high""}"
2022-23,1630208,1610612766,team_trb_all_players/impact_database/roster_tenure/normalized_transactions.jsonl.gz,17971,"{""exact_date"": ""July 13, 2010"", ""season"": ""2010-11"", ""event_type"": ""acquire"", ""player_id"": ""2047"", ""player_name"": ""Quentin Richardson"", ""source_player_ref"": ""/players/r/richaqu01.html"", ""source_team_id"": null, ""destination_team_id"": 1610612753, ""source_team_name"": null, ""destination_team_name"": ""Orlando Magic"", ""source_system"": ""Basketball-Reference via Internet Archive"", ""source_reference"": ""https://web.archive.org/web/20220529055708id_/https://www.basketball-reference.com/leagues/NBA_2011_transactions.html#row-30"", ""identity_resolution"": ""unique_core_name"", ""team_resolution"": ""source=not_applicable;destination=unique_alias"", ""raw_text"": ""The Orlando Magic signed Quentin Richardson as a free agent."", ""confidence"": ""high""}"
2022-23,1630208,1610612766,team_trb_all_players/impact_database/roster_tenure/normalized_transactions.jsonl.gz,18147,"{""exact_date"": ""July 17, 2009"", ""season"": ""2009-10"", ""event_type"": ""trade"", ""player_id"": ""2047"", ""player_name"": ""Quentin Richardson"", ""source_player_ref"": ""/players/r/richaqu01.html"", ""source_team_id"": 1610612763, ""destination_team_id"": 1610612746, ""source_team_name"": ""Memphis Grizzlies"", ""destination_team_name"": ""Los Angeles Clippers"", ""source_system"": ""Basketball-Reference via Internet Archive"", ""source_reference"": ""https://web.archive.org/web/20221209193233id_/https://www.basketball-reference.com/leagues/NBA_2010_transactions.html#row-18"", ""identity_resolution"": ""unique_core_name"", ""team_resolution"": ""source=unique_alias;destination=unique_alias"", ""raw_text"": ""The Los Angeles Clippers traded Zach Randolph to the Memphis Grizzlies for Quentin Richardson ."", ""confidence"": ""high""}"
2022-23,1630208,1610612766,team_trb_all_players/impact_database/roster_tenure/normalized_transactions.jsonl.gz,18148,"{""exact_date"": ""July 17, 2009"", ""season"": ""2009-10"", ""event_type"": ""trade"", ""player_id"": ""2216"", ""player_name"": ""Zach Randolph"", ""source_player_ref"": ""/players/r/randoza01.html"", ""source_team_id"": 1610612746, ""destination_team_id"": 1610612763, ""source_team_name"": ""Los Angeles Clippers"", ""destination_team_name"": ""Memphis Grizzlies"", ""source_system"": ""Basketball-Reference via Internet Archive"", ""source_reference"": ""https://web.archive.org/web/20221209193233id_/https://www.basketball-reference.com/leagues/NBA_2010_transactions.html#row-18"", ""identity_resolution"": ""unique_core_name"", ""team_resolution"": ""source=unique_alias;destination=unique_alias"", ""raw_text"": ""The Los Angeles Clippers traded Zach Randolph to the Memphis Grizzlies for Quentin Richardson ."", ""confidence"": ""high""}"
2022-23,1630208,1610612766,team_trb_all_players/impact_database/roster_tenure/normalized_transactions.jsonl.gz,18268,"{""exact_date"": ""July 20, 2009"", ""season"": ""2009-10"", ""event_type"": ""trade"", ""player_id"": ""200783"", ""player_name"": ""Craig Smith"", ""source_player_ref"": ""/players/s/smithcr01.html"", ""source_team_id"": 1610612750, ""destination_team_id"": 1610612746, ""source_team_name"": ""Minnesota Timberwolves"", ""destination_team_name"": ""Los Angeles Clippers"", ""source_system"": ""Basketball-Reference via Internet Archive"", ""source_reference"": ""https://web.archive.org/web/20221209193233id_/https://www.basketball-reference.com/leagues/NBA_2010_transactions.html#row-20"", ""identity_resolution"": ""unique_core_name"", ""team_resolution"": ""source=unique_alias;destination=unique_alias"", ""raw_text"": ""The Los Angeles Clippers traded Quentin Richardson to the Minnesota Timberwolves for Mark Madsen , Craig Smith and Sebastian Telfair ."", ""confidence"": ""high""}"
2022-23,1630208,1610612766,team_trb_all_players/impact_database/roster_tenure/normalized_transactions.jsonl.gz,18269,"{""exact_date"": ""July 20, 2009"", ""season"": ""2009-10"", ""event_type"": ""trade"", ""player_id"": ""2047"", ""player_name"": ""Quentin Richardson"", ""source_player_ref"": ""/players/r/richaqu01.html"", ""source_team_id"": 1610612746, ""destination_team_id"": 1610612750, ""source_team_name"": ""Los Angeles Clippers"", ""destination_team_name"": ""Minnesota Timberwolves"", ""source_system"": ""Basketball-Reference via Internet Archive"", ""source_reference"": ""https://web.archive.org/web/20221209193233id_/https://www.basketball-reference.com/leagues/NBA_2010_transactions.html#row-20"", ""identity_resolution"": ""unique_core_name"", ""team_resolution"": ""source=unique_alias;destination=unique_alias"", ""raw_text"": ""The Los Angeles Clippers traded Quentin Richardson to the Minnesota Timberwolves for Mark Madsen , Craig Smith and Sebastian Telfair ."", ""confidence"": ""high""}"
2022-23,1630208,1610612766,team_trb_all_players/impact_database/roster_tenure/normalized_transactions.jsonl.gz,18270,"{""exact_date"": ""July 20, 2009"", ""season"": ""2009-10"", ""event_type"": ""trade"", ""player_id"": ""2058"", ""player_name"": ""Mark Madsen"", ""source_player_ref"": ""/players/m/madsema01.html"", ""source_team_id"": 1610612750, ""destination_team_id"": 1610612746, ""source_team_name"": ""Minnesota Timberwolves"", ""destination_team_name"": ""Los Angeles Clippers"", ""source_system"": ""Basketball-Reference via Internet Archive"", ""source_reference"": ""https://web.archive.org/web/20221209193233id_/https://www.basketball-reference.com/leagues/NBA_2010_transactions.html#row-20"", ""identity_resolution"": ""unique_core_name"", ""team_resolution"": ""source=unique_alias;destination=unique_alias"", ""raw_text"": ""The Los Angeles Clippers traded Quentin Richardson to the Minnesota Timberwolves for Mark Madsen , Craig Smith and Sebastian Telfair ."", ""confidence"": ""high""}"
2022-23,1630208,1610612766,team_trb_all_players/impact_database/roster_tenure/normalized_transactions.jsonl.gz,18271,"{""exact_date"": ""July 20, 2009"", ""season"": ""2009-10"", ""event_type"": ""trade"", ""player_id"": ""2742"", ""player_name"": ""Sebastian Telfair"", ""source_player_ref"": ""/players/t/telfase01.html"", ""source_team_id"": 1610612750, ""destination_team_id"": 1610612746, ""source_team_name"": ""Minnesota Timberwolves"", ""destination_team_name"": ""Los Angeles Clippers"", ""source_system"": ""Basketball-Reference via Internet Archive"", ""source_reference"": ""https://web.archive.org/web/20221209193233id_/https://www.basketball-reference.com/leagues/NBA_2010_transactions.html#row-20"", ""identity_resolution"": ""unique_core_name"", ""team_resolution"": ""source=unique_alias;destination=unique_alias"", ""raw_text"": ""The Los Angeles Clippers traded Quentin Richardson to the Minnesota Timberwolves for Mark Madsen , Craig Smith and Sebastian Telfair ."", ""confidence"": ""high""}"
2022-23,1630208,1610612766,team_trb_all_players/impact_database/roster_tenure/normalized_transactions.jsonl.gz,18543,"{""exact_date"": ""July 29, 2004"", ""season"": ""2004-05"", ""event_type"": ""acquire"", ""player_id"": ""2047"", ""player_name"": ""Quentin Richardson"", ""source_player_ref"": ""/players/r/richaqu01.html"", ""source_team_id"": null, ""destination_team_id"": 1610612756, ""source_team_name"": null, ""destination_team_name"": ""Phoenix Suns"", ""source_system"": ""Basketball-Reference via Internet Archive"", ""source_reference"": ""https://web.archive.org/web/20221209192502id_/https://www.basketball-reference.com/leagues/NBA_2005_transactions.html#row-32"", ""identity_resolution"": ""unique_core_name"", ""team_resolution"": ""source=not_applicable;destination=unique_alias"", ""raw_text"": ""The Phoenix Suns signed Quentin Richardson as a free agent."", ""confidence"": ""high""}"
2022-23,1630208,1610612766,team_trb_all_players/impact_database/roster_tenure/normalized_transactions.jsonl.gz,18898,"{""exact_date"": ""June 25, 2009"", ""season"": ""2008-09"", ""event_type"": ""trade"", ""player_id"": ""2047"", ""player_name"": ""Quentin Richardson"", ""source_player_ref"": ""/players/r/richaqu01.html"", ""source_team_id"": 1610612752, ""destination_team_id"": 1610612763, ""source_team_name"": ""New York Knicks"", ""destination_team_name"": ""Memphis Grizzlies"", ""source_system"": ""Basketball-Reference via Internet Archive"", ""source_reference"": ""https://web.archive.org/web/20220519122233id_/https://www.basketball-reference.com/leagues/NBA_2009_transactions.html#row-341"", ""identity_resolution"": ""unique_core_name"", ""team_resolution"": ""source=unique_alias;destination=unique_alias"", ""raw_text"": ""The Memphis Grizzlies traded Darko Miličić to the New York Knicks for Quentin Richardson and cash."", ""confidence"": ""high""}"
2022-23,1630208,1610612766,team_trb_all_players/impact_database/roster_tenure/normalized_transactions.jsonl.gz,18900,"{""exact_date"": ""June 25, 2009"", ""season"": ""2008-09"", ""event_type"": ""trade"", ""player_id"": ""2545"", ""player_name"": ""Darko Miličić"", ""source_player_ref"": ""/players/m/milicda01.html"", ""source_team_id"": 1610612763, ""destination_team_id"": 1610612752, ""source_team_name"": ""Memphis Grizzlies"", ""destination_team_name"": ""New York Knicks"", ""source_system"": ""Basketball-Reference via Internet Archive"", ""source_reference"": ""https://web.archive.org/web/20220519122233id_/https://www.basketball-reference.com/leagues/NBA_2009_transactions.html#row-341"", ""identity_resolution"": ""unique_core_name"", ""team_resolution"": ""source=unique_alias;destination=unique_alias"", ""raw_text"": ""The Memphis Grizzlies traded Darko Miličić to the New York Knicks for Quentin Richardson and cash."", ""confidence"": ""high""}"
2022-23,1630208,1610612766,team_trb_all_players/impact_database/roster_tenure/normalized_transactions.jsonl.gz,19080,"{""exact_date"": ""June 28, 2005"", ""season"": ""2004-05"", ""event_type"": ""trade"", ""player_id"": ""101126"", ""player_name"": ""Nate Robinson"", ""source_player_ref"": ""/players/r/robinna01.html"", ""source_team_id"": 1610612756, ""destination_team_id"": 1610612752, ""source_team_name"": ""Phoenix Suns"", ""destination_team_name"": ""New York Knicks"", ""source_system"": ""Basketball-Reference via Internet Archive"", ""source_reference"": ""https://web.archive.org/web/20221209192502id_/https://www.basketball-reference.com/leagues/NBA_2005_transactions.html#row-308"", ""identity_resolution"": ""unique_core_name"", ""team_resolution"": ""source=unique_alias;destination=unique_alias"", ""raw_text"": ""The New York Knicks traded Kurt Thomas and Dijon Thompson to the Phoenix Suns for Quentin Richardson , Nate Robinson and future considerations."", ""confidence"": ""high""}"
2022-23,1630208,1610612766,team_trb_all_players/impact_database/roster_tenure/normalized_transactions.jsonl.gz,19084,"{""exact_date"": ""June 28, 2005"", ""season"": ""2004-05"", ""event_type"": ""trade"", ""player_id"": ""101159"", ""player_name"": ""Dijon Thompson"", ""source_player_ref"": ""/players/t/thompdi01.html"", ""source_team_id"": 1610612752, ""destination_team_id"": 1610612756, ""source_team_name"": ""New York Knicks"", ""destination_team_name"": ""Phoenix Suns"", ""source_system"": ""Basketball-Reference via Internet Archive"", ""source_reference"": ""https://web.archive.org/web/20221209192502id_/https://www.basketball-reference.com/leagues/NBA_2005_transactions.html#row-308"", ""identity_resolution"": ""unique_core_name"", ""team_resolution"": ""source=unique_alias;destination=unique_alias"", ""raw_text"": ""The New York Knicks traded Kurt Thomas and Dijon Thompson to the Phoenix Suns for Quentin Richardson , Nate Robinson and future considerations."", ""confidence"": ""high""}"
2022-23,1630208,1610612766,team_trb_all_players/impact_database/roster_tenure/normalized_transactions.jsonl.gz,19087,"{""exact_date"": ""June 28, 2005"", ""season"": ""2004-05"", ""event_type"": ""trade"", ""player_id"": ""2047"", ""player_name"": ""Quentin Richardson"", ""source_player_ref"": ""/players/r/richaqu01.html"", ""source_team_id"": 1610612756, ""destination_team_id"": 1610612752, ""source_team_name"": ""Phoenix Suns"", ""destination_team_name"": ""New York Knicks"", ""source_system"": ""Basketball-Reference via Internet Archive"", ""source_reference"": ""https://web.archive.org/web/20221209192502id_/https://www.basketball-reference.com/leagues/NBA_2005_transactions.html#row-308"", ""identity_resolution"": ""unique_core_name"", ""team_resolution"": ""source=unique_alias;destination=unique_alias"", ""raw_text"": ""The New York Knicks traded Kurt Thomas and Dijon Thompson to the Phoenix Suns for Quentin Richardson , Nate Robinson and future considerations."", ""confidence"": ""high""}"
2022-23,1630208,1610612766,team_trb_all_players/impact_database/roster_tenure/normalized_transactions.jsonl.gz,19089,"{""exact_date"": ""June 28, 2005"", ""season"": ""2004-05"", ""event_type"": ""trade"", ""player_id"": ""703"", ""player_name"": ""Kurt Thomas"", ""source_player_ref"": ""/players/t/thomaku01.html"", ""source_team_id"": 1610612752, ""destination_team_id"": 1610612756, ""source_team_name"": ""New York Knicks"", ""destination_team_name"": ""Phoenix Suns"", ""source_system"": ""Basketball-Reference via Internet Archive"", ""source_reference"": ""https://web.archive.org/web/20221209192502id_/https://www.basketball-reference.com/leagues/NBA_2005_transactions.html#row-308"", ""identity_resolution"": ""unique_core_name"", ""team_resolution"": ""source=unique_alias;destination=unique_alias"", ""raw_text"": ""The New York Knicks traded Kurt Thomas and Dijon Thompson to the Phoenix Suns for Quentin Richardson , Nate Robinson and future considerations."", ""confidence"": ""high""}"
2022-23,1630208,1610612766,team_trb_all_players/impact_database/roster_tenure/normalized_transactions.jsonl.gz,19122,"{""exact_date"": ""June 28, 2007"", ""season"": ""2006-07"", ""event_type"": ""trade"", ""player_id"": ""201148"", ""player_name"": ""Brandan Wright"", ""source_player_ref"": ""/players/w/wrighbr03.html"", ""source_team_id"": 1610612766, ""destination_team_id"": 1610612744, ""source_team_name"": ""Charlotte Bobcats"", ""destination_team_name"": ""Golden State Warriors"", ""source_system"": ""Basketball-Reference via Internet Archive"", ""source_reference"": ""https://web.archive.org/web/20221209192844id_/https://www.basketball-reference.com/leagues/NBA_2007_transactions.html#row-288"", ""identity_resolution"": ""unique_core_name"", ""team_resolution"": ""source=unique_alias;destination=unique_alias"", ""raw_text"": ""The Charlotte Bobcats traded Brandan Wright to the Golden State Warriors for Jermareo Davidson and Jason Richardson ."", ""confidence"": ""high""}"
2022-23,1630208,1610612766,team_trb_all_players/impact_database/roster_tenure/normalized_transactions.jsonl.gz,19127,"{""exact_date"": ""June 28, 2007"", ""season"": ""2006-07"", ""event_type"": ""trade"", ""player_id"": ""201176"", ""player_name"": ""Jermareo Davidson"", ""source_player_ref"": ""/players/d/davidje01.html"", ""source_team_id"": 1610612744, ""destination_team_id"": 1610612766, ""source_team_name"": ""Golden State Warriors"", ""destination_team_name"": ""Charlotte Bobcats"", ""source_system"": ""Basketball-Reference via Internet Archive"", ""source_reference"": ""https://web.archive.org/web/20221209192844id_/https://www.basketball-reference.com/leagues/NBA_2007_transactions.html#row-288"", ""identity_resolution"": ""unique_core_name"", ""team_resolution"": ""source=unique_alias;destination=unique_alias"", ""raw_text"": ""The Charlotte Bobcats traded Brandan Wright to the Golden State Warriors for Jermareo Davidson and Jason Richardson ."", ""confidence"": ""high""}"
2022-23,1630208,1610612766,team_trb_all_players/impact_database/roster_tenure/normalized_transactions.jsonl.gz,19131,"{""exact_date"": ""June 28, 2007"", ""season"": ""2006-07"", ""event_type"": ""trade"", ""player_id"": ""2202"", ""player_name"": ""Jason Richardson"", ""source_player_ref"": ""/players/r/richaja01.html"", ""source_team_id"": 1610612744, ""destination_team_id"": 1610612766, ""source_team_name"": ""Golden State Warriors"", ""destination_team_name"": ""Charlotte Bobcats"", ""source_system"": ""Basketball-Reference via Internet Archive"", ""source_reference"": ""https://web.archive.org/web/20221209192844id_/https://www.basketball-reference.com/leagues/NBA_2007_transactions.html#row-288"", ""identity_resolution"": ""unique_core_name"", ""team_resolution"": ""source=unique_alias;destination=unique_alias"", ""raw_text"": ""The Charlotte Bobcats traded Brandan Wright to the Golden State Warriors for Jermareo Davidson and Jason Richardson ."", ""confidence"": ""high""}"
2022-23,1630208,1610612766,team_trb_all_players/impact_database/roster_tenure/normalized_transactions.jsonl.gz,19385,"{""exact_date"": ""March 2, 2007"", ""season"": ""2006-07"", ""event_type"": ""acquire"", ""player_id"": ""200978"", ""player_name"": ""Jeremy Richardson"", ""source_player_ref"": ""/players/r/richaje01.html"", ""source_team_id"": null, ""destination_team_id"": 1610612757, ""source_team_name"": null, ""destination_team_name"": ""Portland Trail Blazers"", ""source_system"": ""Basketball-Reference via Internet Archive"", ""source_reference"": ""https://web.archive.org/web/20221209192844id_/https://www.basketball-reference.com/leagues/NBA_2007_transactions.html#row-231"", ""identity_resolution"": ""unique_core_name"", ""team_resolution"": ""source=not_applicable;destination=unique_alias"", ""raw_text"": ""The Portland Trail Blazers signed Jeremy Richardson to a 10-day contract."", ""confidence"": ""high""}"
2022-23,1630208,1610612766,team_trb_all_players/impact_database/roster_tenure/normalized_transactions.jsonl.gz,20569,"{""exact_date"": ""October 27, 2012"", ""season"": ""2012-13"", ""event_type"": ""depart"", ""player_id"": ""2047"", ""player_name"": ""Quentin Richardson"", ""source_player_ref"": ""/players/r/richaqu01.html"", ""source_team_id"": 1610612753, ""destination_team_id"": null, ""source_team_name"": ""Orlando Magic"", ""destination_team_name"": null, ""source_system"": ""Basketball-Reference via Internet Archive"", ""source_reference"": ""https://web.archive.org/web/20220516152307id_/https://www.basketball-reference.com/leagues/NBA_2013_transactions.html#row-243"", ""identity_resolution"": ""unique_core_name"", ""team_resolution"": ""source=unique_alias;destination=not_applicable"", ""raw_text"": ""The Orlando Magic waived Quentin Richardson ."", ""confidence"": ""high""}"
2022-23,1630208,1610612766,team_trb_all_players/impact_database/roster_tenure/normalized_transactions.jsonl.gz,20991,"{""exact_date"": ""September 21, 2001"", ""season"": ""2001-02"", ""event_type"": ""acquire"", ""player_id"": ""2369"", ""player_name"": ""Norm Richardson"", ""source_player_ref"": ""/players/r/richano01.html"", ""source_team_id"": null, ""destination_team_id"": 1610612754, ""source_team_name"": null, ""destination_team_name"": ""Indiana Pacers"", ""source_system"": ""Basketball-Reference via Internet Archive"", ""source_reference"": ""https://web.archive.org/web/20221209183617id_/https://www.basketball-reference.com/leagues/NBA_2002_transactions.html#row-65"", ""identity_resolution"": ""historical_v4_unique_fuzzy_name+season_team_context"", ""team_resolution"": ""source=not_applicable;destination=unique_alias"", ""raw_text"": ""The Indiana Pacers signed Norm Richardson as a free agent."", ""confidence"": ""high""}"
2022-23,1630208,1610612766,team_trb_all_players/impact_database/roster_tenure/normalized_transactions.jsonl.gz,21098,"{""exact_date"": ""September 25, 2008"", ""season"": ""2008-09"", ""event_type"": ""acquire"", ""player_id"": ""200978"", ""player_name"": ""Jeremy Richardson"", ""source_player_ref"": ""/players/r/richaje01.html"", ""source_team_id"": null, ""destination_team_id"": 1610612753, ""source_team_name"": null, ""destination_team_name"": ""Orlando Magic"", ""source_system"": ""Basketball-Reference via Internet Archive"", ""source_reference"": ""https://web.archive.org/web/20220519122233id_/https://www.basketball-reference.com/leagues/NBA_2009_transactions.html#row-91"", ""identity_resolution"": ""unique_core_name"", ""team_resolution"": ""source=not_applicable;destination=unique_alias"", ""raw_text"": ""The Orlando Magic signed Jeremy Richardson as a free agent."", ""confidence"": ""high""}"
2022-23,1630208,1610612766,team_trb_all_players/impact_database/roster_tenure/normalized_transactions.jsonl.gz,21337,"{""exact_date"": ""September 3, 2013"", ""season"": ""2013-14"", ""event_type"": ""depart"", ""player_id"": ""2047"", ""player_name"": ""Quentin Richardson"", ""source_player_ref"": ""/players/r/richaqu01.html"", ""source_team_id"": 1610612761, ""destination_team_id"": null, ""source_team_name"": ""Toronto Raptors"", ""destination_team_name"": null, ""source_system"": ""Basketball-Reference via Internet Archive"", ""source_reference"": ""https://web.archive.org/web/20221209194421id_/https://www.basketball-reference.com/leagues/NBA_2014_transactions.html#row-177"", ""identity_resolution"": ""unique_core_name"", ""team_resolution"": ""source=unique_alias;destination=not_applicable"", ""raw_text"": ""The Toronto Raptors waived Quentin Richardson ."", ""confidence"": ""high""}"
2022-23,1630208,1610612766,team_trb_all_players/impact_database/historical_transactions/wikipedia_transaction_rows.jsonl.gz,400,"{""season"": ""2000-01"", ""start_year"": 2000, ""page_title"": ""List of 2000–01 NBA season transactions"", ""section"": ""Draft"", ""subsection"": ""1st Round"", ""table_index"": 6, ""table_classes"": [""wikitable"", ""sortable""], ""row_index"": 18, ""cells"": [""18"", ""Quentin Richardson"", ""August 8"", ""Los Angeles Clippers"", ""DePaul ( So. )""], ""links"": [{""text"": ""Quentin Richardson"", ""title"": ""Quentin Richardson"", ""href"": ""/wiki/Quentin_Richardson""}, {""text"": ""Los Angeles Clippers"", ""title"": ""Los Angeles Clippers"", ""href"": ""/wiki/Los_Angeles_Clippers""}, {""text"": ""DePaul"", ""title"": ""DePaul Blue Demons men's basketball"", ""href"": ""/wiki/DePaul_Blue_Demons_men%27s_basketball""}, {""text"": ""So."", ""title"": ""Sophomore"", ""href"": ""/wiki/Sophomore""}], ""date_hint"": null}"
2022-23,1630208,1610612766,team_trb_all_players/impact_database/historical_transactions/wikipedia_transaction_rows.jsonl.gz,547,"{""season"": ""2001-02"", ""start_year"": 2001, ""page_title"": ""2001-02 NBA Transactions | Basketball-Reference.com"", ""section"": ""Signings"", ""subsection"": ""September 21, 2001"", ""table_index"": null, ""table_classes"": [], ""row_index"": 65, ""cells"": [""September 21, 2001"", ""The Indiana Pacers signed Norm Richardson as a free agent.""], ""links"": [{""text"": ""Indiana Pacers"", ""title"": null, ""href"": ""/teams/IND/2002.html""}, {""text"": ""Norm Richardson"", ""title"": null, ""href"": ""/players/r/richano01.html""}], ""date_hint"": ""September 21"", ""source"": ""Basketball-Reference via Internet Archive"", ""source_url"": ""https://web.archive.org/web/20221209183617id_/https://www.basketball-reference.com/leagues/NBA_2002_transactions.html""}"
2022-23,1630208,1610612766,team_trb_all_players/impact_database/historical_transactions/wikipedia_transaction_rows.jsonl.gz,696,"{""season"": ""2001-02"", ""start_year"": 2001, ""page_title"": ""2001-02 NBA Transactions | Basketball-Reference.com"", ""section"": ""Trades"", ""subsection"": ""February 19, 2002"", ""table_index"": null, ""table_classes"": [], ""row_index"": 214, ""cells"": [""February 19, 2002"", ""The Chicago Bulls traded Metta World Peace , Ron Mercer , Brad Miller and Kevin Ollie to the Indiana Pacers for Travis Best , Norm Richardson , Jalen Rose and a 2002 2nd round draft pick ( Lonny Baxter was later selected).""], ""links"": [{""text"": ""Chicago Bulls"", ""title"": null, ""href"": ""/teams/CHI/2002.html""}, {""text"": ""Metta World Peace"", ""title"": null, ""href"": ""/players/a/artesro01.html""}, {""text"": ""Ron Mercer"", ""title"": null, ""href"": ""/players/m/mercero01.html""}, {""text"": ""Brad Miller"", ""title"": null, ""href"": ""/players/m/millebr01.html""}, {""text"": ""Kevin Ollie"", ""title"": null, ""href"": ""/players/o/ollieke01.html""}, {""text"": ""Indiana Pacers"", ""title"": null, ""href"": ""/teams/IND/2002.html""}, {""text"": ""Travis Best"", ""title"": null, ""href"": ""/players/b/besttr01.html""}, {""text"": ""Norm Richardson"", ""title"": null, ""href"": ""/players/r/richano01.html""}, {""text"": ""Jalen Rose"", ""title"": null, ""href"": ""/players/r/roseja01.html""}, {""text"": ""Lonny Baxter"", ""title"": null, ""href"": ""/players/b/baxtelo01.html""}], ""date_hint"": ""February 19"", ""source"": ""Basketball-Reference via Internet Archive"", ""source_url"": ""https://web.archive.org/web/20221209183617id_/https://www.basketball-reference.com/leagues/NBA_2002_transactions.html""}"
2022-23,1630208,1610612766,team_trb_all_players/impact_database/historical_transactions/wikipedia_transaction_rows.jsonl.gz,1282,"{""season"": ""2004-05"", ""start_year"": 2004, ""page_title"": ""List of 2004–05 NBA season transactions"", ""section"": ""Player movement"", ""subsection"": ""Free Agency"", ""table_index"": 4, ""table_classes"": [""wikitable"", ""sortable""], ""row_index"": 45, ""cells"": [""Quentin Richardson RFA"", ""Phoenix Suns"", ""Los Angeles Clippers (refused to match offer sheet)"", """"], ""links"": [{""text"": ""Quentin Richardson"", ""title"": ""Quentin Richardson"", ""href"": ""/wiki/Quentin_Richardson""}, {""text"": ""Phoenix Suns"", ""title"": ""Phoenix Suns"", ""href"": ""/wiki/Phoenix_Suns""}, {""text"": ""Los Angeles Clippers"", ""title"": ""Los Angeles Clippers"", ""href"": ""/wiki/Los_Angeles_Clippers""}], ""date_hint"": null}"
2022-23,1630208,1610612766,team_trb_all_players/impact_database/historical_transactions/wikipedia_transaction_rows.jsonl.gz,1579,"{""season"": ""2005-06"", ""start_year"": 2005, ""page_title"": ""List of 2005–06 NBA season transactions"", ""section"": ""Player movement"", ""subsection"": ""Trades"", ""table_index"": 2, ""table_classes"": [""wikitable""], ""row_index"": 5, ""cells"": [""To Phoenix Suns Kurt Thomas Draft rights to Dijon Thompson"", ""To New York Knicks Quentin Richardson Draft rights to Nate Robinson Future considerations""], ""links"": [{""text"": ""Phoenix Suns"", ""title"": ""Phoenix Suns"", ""href"": ""/wiki/Phoenix_Suns""}, {""text"": ""Kurt Thomas"", ""title"": ""Kurt Thomas (basketball)"", ""href"": ""/wiki/Kurt_Thomas_(basketball)""}, {""text"": ""Dijon Thompson"", ""title"": ""Dijon Thompson"", ""href"": ""/wiki/Dijon_Thompson""}, {""text"": ""New York Knicks"", ""title"": ""New York Knicks"", ""href"": ""/wiki/New_York_Knicks""}, {""text"": ""Quentin Richardson"", ""title"": ""Quentin Richardson"", ""href"": ""/wiki/Quentin_Richardson""}, {""text"": ""Nate Robinson"", ""title"": ""Nate Robinson"", ""href"": ""/wiki/Nate_Robinson""}], ""date_hint"": null}"
2022-23,1630208,1610612766,team_trb_all_players/impact_database/historical_transactions/wikipedia_transaction_rows.jsonl.gz,2508,"{""season"": ""2007-08"", ""start_year"": 2007, ""page_title"": ""List of 2007–08 NBA season transactions"", ""section"": ""Trades"", ""subsection"": null, ""table_index"": 2, ""table_classes"": [""wikitable""], ""row_index"": 4, ""cells"": [""To Charlotte Bobcats Jason Richardson Draft rights to Jermareo Davidson"", ""To Golden State Warriors Draft rights to Brandan Wright"", """"], ""links"": [{""text"": ""Charlotte Bobcats"", ""title"": ""Charlotte Bobcats"", ""href"": ""/wiki/Charlotte_Bobcats""}, {""text"": ""Jason Richardson"", ""title"": ""Jason Richardson"", ""href"": ""/wiki/Jason_Richardson""}, {""text"": ""Jermareo Davidson"", ""title"": ""Jermareo Davidson"", ""href"": ""/wiki/Jermareo_Davidson""}, {""text"": ""Golden State Warriors"", ""title"": ""Golden State Warriors"", ""href"": ""/wiki/Golden_State_Warriors""}, {""text"": ""Brandan Wright"", ""title"": ""Brandan Wright"", ""href"": ""/wiki/Brandan_Wright""}], ""date_hint"": null}"
2022-23,1630208,1610612766,team_trb_all_players/impact_database/historical_transactions/wikipedia_transaction_rows.jsonl.gz,2555,"{""season"": ""2007-08"", ""start_year"": 2007, ""page_title"": ""List of 2007–08 NBA season transactions"", ""section"": ""Free Agency"", ""subsection"": null, ""table_index"": 3, ""table_classes"": [""wikitable"", ""sortable""], ""row_index"": 7, ""cells"": [""Jeremy Richardson"", ""Miami Heat"", ""Fort Wayne Mad Ants NBA D-League""], ""links"": [{""text"": ""Jeremy Richardson"", ""title"": ""Jeremy Richardson"", ""href"": ""/wiki/Jeremy_Richardson""}, {""text"": ""Miami Heat"", ""title"": ""Miami Heat"", ""href"": ""/wiki/Miami_Heat""}, {""text"": ""Fort Wayne Mad Ants"", ""title"": ""Fort Wayne Mad Ants"", ""href"": ""/wiki/Fort_Wayne_Mad_Ants""}, {""text"": ""NBA D-League"", ""title"": ""NBA D-League"", ""href"": ""/wiki/NBA_D-League""}], ""date_hint"": null}"
2022-23,1630208,1610612766,team_trb_all_players/impact_database/historical_transactions/wikipedia_transaction_rows.jsonl.gz,2658,"{""season"": ""2007-08"", ""start_year"": 2007, ""page_title"": ""List of 2007–08 NBA season transactions"", ""section"": ""Free Agency"", ""subsection"": null, ""table_index"": 3, ""table_classes"": [""wikitable"", ""sortable""], ""row_index"": 110, ""cells"": [""Anthony Richardson (basketball)"", ""New Orleans Hornets"", ""Florida State""], ""links"": [{""text"": ""Anthony Richardson (basketball)"", ""title"": ""Anthony Richardson (basketball)"", ""href"": ""/wiki/Anthony_Richardson_(basketball)""}, {""text"": ""New Orleans Hornets"", ""title"": ""New Orleans Hornets"", ""href"": ""/wiki/New_Orleans_Hornets""}, {""text"": ""Florida State"", ""title"": ""Florida State Seminoles men's basketball"", ""href"": ""/wiki/Florida_State_Seminoles_men%27s_basketball""}], ""date_hint"": null}"
2022-23,1630208,1610612766,team_trb_all_players/impact_database/historical_transactions/wikipedia_transaction_rows.jsonl.gz,2725,"{""season"": ""2007-08"", ""start_year"": 2007, ""page_title"": ""List of 2007–08 NBA season transactions"", ""section"": ""Free Agency"", ""subsection"": null, ""table_index"": 3, ""table_classes"": [""wikitable"", ""sortable""], ""row_index"": 177, ""cells"": [""Jeremy Richardson"", ""December 20"", ""Memphis Grizzlies"", ""Fort Wayne Mad Ants (D-League)""], ""links"": [{""text"": ""Jeremy Richardson"", ""title"": ""Jeremy Richardson"", ""href"": ""/wiki/Jeremy_Richardson""}, {""text"": ""Memphis Grizzlies"", ""title"": ""Memphis Grizzlies"", ""href"": ""/wiki/Memphis_Grizzlies""}, {""text"": ""Fort Wayne Mad Ants"", ""title"": ""Fort Wayne Mad Ants"", ""href"": ""/wiki/Fort_Wayne_Mad_Ants""}], ""date_hint"": ""December 20""}"
2022-23,1630208,1610612766,team_trb_all_players/impact_database/historical_transactions/wikipedia_transaction_rows.jsonl.gz,2734,"{""season"": ""2007-08"", ""start_year"": 2007, ""page_title"": ""List of 2007–08 NBA season transactions"", ""section"": ""Free Agency"", ""subsection"": null, ""table_index"": 3, ""table_classes"": [""wikitable"", ""sortable""], ""row_index"": 186, ""cells"": [""Jeremy Richardson"", ""San Antonio Spurs"", ""Memphis Grizzlies""], ""links"": [{""text"": ""Jeremy Richardson"", ""title"": ""Jeremy Richardson"", ""href"": ""/wiki/Jeremy_Richardson""}, {""text"": ""San Antonio Spurs"", ""title"": ""San Antonio Spurs"", ""href"": ""/wiki/San_Antonio_Spurs""}, {""text"": ""Memphis Grizzlies"", ""title"": ""Memphis Grizzlies"", ""href"": ""/wiki/Memphis_Grizzlies""}], ""date_hint"": null}"
2022-23,1630208,1610612766,team_trb_all_players/impact_database/historical_transactions/wikipedia_transaction_rows.jsonl.gz,2738,"{""season"": ""2007-08"", ""start_year"": 2007, ""page_title"": ""List of 2007–08 NBA season transactions"", ""section"": ""Free Agency"", ""subsection"": null, ""table_index"": 3, ""table_classes"": [""wikitable"", ""sortable""], ""row_index"": 190, ""cells"": [""Jeremy Richardson"", ""San Antonio Spurs""], ""links"": [{""text"": ""Jeremy Richardson"", ""title"": ""Jeremy Richardson"", ""href"": ""/wiki/Jeremy_Richardson""}, {""text"": ""San Antonio Spurs"", ""title"": ""San Antonio Spurs"", ""href"": ""/wiki/San_Antonio_Spurs""}], ""date_hint"": null}"
2022-23,1630208,1610612766,team_trb_all_players/impact_database/historical_transactions/wikipedia_transaction_rows.jsonl.gz,2746,"{""season"": ""2007-08"", ""start_year"": 2007, ""page_title"": ""List of 2007–08 NBA season transactions"", ""section"": ""Free Agency"", ""subsection"": null, ""table_index"": 3, ""table_classes"": [""wikitable"", ""sortable""], ""row_index"": 198, ""cells"": [""Jeremy Richardson"", ""February 18"", ""Atlanta Hawks (10-day contract)"", ""San Antonio Spurs""], ""links"": [{""text"": ""Jeremy Richardson"", ""title"": ""Jeremy Richardson"", ""href"": ""/wiki/Jeremy_Richardson""}, {""text"": ""Atlanta Hawks"", ""title"": ""Atlanta Hawks"", ""href"": ""/wiki/Atlanta_Hawks""}, {""text"": ""San Antonio Spurs"", ""title"": ""San Antonio Spurs"", ""href"": ""/wiki/San_Antonio_Spurs""}], ""date_hint"": ""February 18""}"
2022-23,1630208,1610612766,team_trb_all_players/impact_database/historical_transactions/wikipedia_transaction_rows.jsonl.gz,2751,"{""season"": ""2007-08"", ""start_year"": 2007, ""page_title"": ""List of 2007–08 NBA season transactions"", ""section"": ""Free Agency"", ""subsection"": null, ""table_index"": 3, ""table_classes"": [""wikitable"", ""sortable""], ""row_index"": 203, ""cells"": [""Jeremy Richardson"", ""February 28"", ""Atlanta Hawks (second 10-day contract)""], ""links"": [{""text"": ""Jeremy Richardson"", ""title"": ""Jeremy Richardson"", ""href"": ""/wiki/Jeremy_Richardson""}, {""text"": ""Atlanta Hawks"", ""title"": ""Atlanta Hawks"", ""href"": ""/wiki/Atlanta_Hawks""}], ""date_hint"": ""February 28""}"
2022-23,1630208,1610612766,team_trb_all_players/impact_database/historical_transactions/wikipedia_transaction_rows.jsonl.gz,2766,"{""season"": ""2007-08"", ""start_year"": 2007, ""page_title"": ""List of 2007–08 NBA season transactions"", ""section"": ""Free Agency"", ""subsection"": null, ""table_index"": 3, ""table_classes"": [""wikitable"", ""sortable""], ""row_index"": 218, ""cells"": [""Jeremy Richardson"", ""March 9"", ""Atlanta Hawks (second 10-day contract)""], ""links"": [{""text"": ""Jeremy Richardson"", ""title"": ""Jeremy Richardson"", ""href"": ""/wiki/Jeremy_Richardson""}, {""text"": ""Atlanta Hawks"", ""title"": ""Atlanta Hawks"", ""href"": ""/wiki/Atlanta_Hawks""}], ""date_hint"": ""March 9""}"
2022-23,1630208,1610612766,team_trb_all_players/impact_database/historical_transactions/wikipedia_transaction_rows.jsonl.gz,2846,"{""season"": ""2007-08"", ""start_year"": 2007, ""page_title"": ""List of 2007–08 NBA season transactions"", ""section"": ""Released"", ""subsection"": ""Waived"", ""table_index"": 4, ""table_classes"": [""wikitable"", ""sortable""], ""row_index"": 47, ""cells"": [""Jeremy Richardson"", ""Memphis Grizzlies""], ""links"": [{""text"": ""Jeremy Richardson"", ""title"": ""Jeremy Richardson"", ""href"": ""/wiki/Jeremy_Richardson""}, {""text"": ""Memphis Grizzlies"", ""title"": ""Memphis Grizzlies"", ""href"": ""/wiki/Memphis_Grizzlies""}], ""date_hint"": null}"
2022-23,1630208,1610612766,team_trb_all_players/impact_database/historical_transactions/wikipedia_transaction_rows.jsonl.gz,2881,"{""season"": ""2007-08"", ""start_year"": 2007, ""page_title"": ""List of 2007–08 NBA season transactions"", ""section"": ""Released"", ""subsection"": ""Training camp cuts"", ""table_index"": 5, ""table_classes"": [""wikitable""], ""row_index"": 5, ""cells"": [""Darrell Armstrong Lukasz Obrzut Courtney Sims"", ""Guillermo Diaz Marcus Douthit Kimani Ffriend Yaroslav Korolev Donell Williams"", ""Elton Brown Andre Patterson Larry Turner"", ""Dontell Jefferson Kasib Powell"", ""Brian Chase Devin Green Jeremy Richardson Marcus Slaughter""], ""links"": [{""text"": ""Darrell Armstrong"", ""title"": ""Darrell Armstrong"", ""href"": ""/wiki/Darrell_Armstrong""}, {""text"": ""Lukasz Obrzut"", ""title"": ""Lukasz Obrzut"", ""href"": ""/wiki/Lukasz_Obrzut""}, {""text"": ""Courtney Sims"", ""title"": ""Courtney Sims"", ""href"": ""/wiki/Courtney_Sims""}, {""text"": ""Guillermo Diaz"", ""title"": ""Guillermo Diaz (basketball)"", ""href"": ""/wiki/Guillermo_Diaz_(basketball)""}, {""text"": ""Marcus Douthit"", ""title"": ""Marcus Douthit"", ""href"": ""/wiki/Marcus_Douthit""}, {""text"": ""Kimani Ffriend"", ""title"": ""Kimani Ffriend"", ""href"": ""/wiki/Kimani_Ffriend""}, {""text"": ""Yaroslav Korolev"", ""title"": ""Yaroslav Korolev"", ""href"": ""/wiki/Yaroslav_Korolev""}, {""text"": ""Donell Williams"", ""title"": ""Donell Williams (page does not exist)"", ""href"": ""/w/index.php?title=Donell_Williams&action=edit&redlink=1""}, {""text"": ""Elton Brown"", ""title"": ""Elton Brown"", ""href"": ""/wiki/Elton_Brown""}, {""text"": ""Andre Patterson"", ""title"": ""Andre Patterson"", ""href"": ""/wiki/Andre_Patterson""}, {""text"": ""Larry Turner"", ""title"": ""Larry Turner (basketball)"", ""href"": ""/wiki/Larry_Turner_(basketball)""}, {""text"": ""Dontell Jefferson"", ""title"": ""Dontell Jefferson"", ""href"": ""/wiki/Dontell_Jefferson""}, {""text"": ""Kasib Powell"", ""title"": ""Kasib Powell"", ""href"": ""/wiki/Kasib_Powell""}, {""text"": ""Brian Chase"", ""title"": ""Brian Chase (basketball)"", ""href"": ""/wiki/Brian_Chase_(basketball)""}, {""text"": ""Devin Green"", ""title"": ""Devin Green"", ""href"": ""/wiki/Devin_Green""}, {""text"": ""Jeremy Richardson"", ""title"": ""Jeremy Richardson"", ""href"": ""/wiki/Jeremy_Richardson""}, {""text"": ""Marcus Slaughter"", ""title"": ""Marcus Slaughter"", ""href"": ""/wiki/Marcus_Slaughter""}], ""date_hint"": null}"
2022-23,1630208,1610612766,team_trb_all_players/impact_database/historical_transactions/wikipedia_transaction_rows.jsonl.gz,3149,"{""season"": ""2008-09"", ""start_year"": 2008, ""page_title"": ""List of 2008–09 NBA season transactions"", ""section"": ""Player movements"", ""subsection"": ""Trades"", ""table_index"": 4, ""table_classes"": [""wikitable""], ""row_index"": 38, ""cells"": [""December 10"", ""To Charlotte Bobcats Raja Bell Boris Diaw Sean Singletary"", ""To Phoenix Suns Jason Richardson Jared Dudley""], ""links"": [{""text"": ""Charlotte Bobcats"", ""title"": ""Charlotte Bobcats"", ""href"": ""/wiki/Charlotte_Bobcats""}, {""text"": ""Raja Bell"", ""title"": ""Raja Bell"", ""href"": ""/wiki/Raja_Bell""}, {""text"": ""Boris Diaw"", ""title"": ""Boris Diaw"", ""href"": ""/wiki/Boris_Diaw""}, {""text"": ""Sean Singletary"", ""title"": ""Sean Singletary"", ""href"": ""/wiki/Sean_Singletary""}, {""text"": ""Phoenix Suns"", ""title"": ""Phoenix Suns"", ""href"": ""/wiki/Phoenix_Suns""}, {""text"": ""Jason Richardson"", ""title"": ""Jason Richardson"", ""href"": ""/wiki/Jason_Richardson""}, {""text"": ""Jared Dudley"", ""title"": ""Jared Dudley"", ""href"": ""/wiki/Jared_Dudley""}], ""date_hint"": ""December 10""}"
2022-23,1630208,1610612766,team_trb_all_players/impact_database/historical_transactions/wikipedia_transaction_rows.jsonl.gz,3323,"{""season"": ""2008-09"", ""start_year"": 2008, ""page_title"": ""List of 2008–09 NBA season transactions"", ""section"": ""Released"", ""subsection"": ""Signed undrafted players"", ""table_index"": 11, ""table_classes"": [""wikitable"", ""sortable""], ""row_index"": 7, ""cells"": [""July 2"", ""Jason Richards"", ""Miami Heat"", """"], ""links"": [{""text"": ""Jason Richards"", ""title"": ""Jason Richards (basketball)"", ""href"": ""/wiki/Jason_Richards_(basketball)""}, {""text"": ""Miami Heat"", ""title"": ""Miami Heat"", ""href"": ""/wiki/Miami_Heat""}], ""date_hint"": ""July 2""}"
2022-23,1630208,1610612766,team_trb_all_players/impact_database/historical_transactions/wikipedia_transaction_rows.jsonl.gz,3422,"{""season"": ""2009-10"", ""start_year"": 2009, ""page_title"": ""List of 2009–10 NBA season transactions"", ""section"": ""Player movement"", ""subsection"": ""Trades"", ""table_index"": 4, ""table_classes"": [], ""row_index"": 16, ""cells"": [""July 17, 2009"", ""To Los Angeles Clippers Quentin Richardson"", ""To Memphis Grizzlies Zach Randolph""], ""links"": [{""text"": ""Los Angeles Clippers"", ""title"": ""Los Angeles Clippers"", ""href"": ""/wiki/Los_Angeles_Clippers""}, {""text"": ""Quentin Richardson"", ""title"": ""Quentin Richardson"", ""href"": ""/wiki/Quentin_Richardson""}, {""text"": ""Memphis Grizzlies"", ""title"": ""Memphis Grizzlies"", ""href"": ""/wiki/Memphis_Grizzlies""}, {""text"": ""Zach Randolph"", ""title"": ""Zach Randolph"", ""href"": ""/wiki/Zach_Randolph""}], ""date_hint"": ""July 17""}"
2022-23,1630208,1610612766,team_trb_all_players/impact_database/historical_transactions/wikipedia_transaction_rows.jsonl.gz,3423,"{""season"": ""2009-10"", ""start_year"": 2009, ""page_title"": ""List of 2009–10 NBA season transactions"", ""section"": ""Player movement"", ""subsection"": ""Trades"", ""table_index"": 4, ""table_classes"": [], ""row_index"": 17, ""cells"": [""July 20, 2009"", ""To Los Angeles Clippers Craig Smith Mark Madsen Sebastian Telfair"", ""To Minnesota Timberwolves Quentin Richardson""], ""links"": [{""text"": ""Los Angeles Clippers"", ""title"": ""Los Angeles Clippers"", ""href"": ""/wiki/Los_Angeles_Clippers""}, {""text"": ""Craig Smith"", ""title"": ""Craig Smith (basketball, born 1983)"", ""href"": ""/wiki/Craig_Smith_(basketball,_born_1983)""}, {""text"": ""Mark Madsen"", ""title"": ""Mark Madsen (basketball)"", ""href"": ""/wiki/Mark_Madsen_(basketball)""}, {""text"": ""Sebastian Telfair"", ""title"": ""Sebastian Telfair"", ""href"": ""/wiki/Sebastian_Telfair""}, {""text"": ""Minnesota Timberwolves"", ""title"": ""Minnesota Timberwolves"", ""href"": ""/wiki/Minnesota_Timberwolves""}, {""text"": ""Quentin Richardson"", ""title"": ""Quentin Richardson"", ""href"": ""/wiki/Quentin_Richardson""}], ""date_hint"": ""July 20""}"
2022-23,1630208,1610612766,team_trb_all_players/impact_database/historical_transactions/wikipedia_transaction_rows.jsonl.gz,3431,"{""season"": ""2009-10"", ""start_year"": 2009, ""page_title"": ""List of 2009–10 NBA season transactions"", ""section"": ""Player movement"", ""subsection"": ""Trades"", ""table_index"": 4, ""table_classes"": [], ""row_index"": 25, ""cells"": [""August 13, 2009"", ""To Miami Heat Quentin Richardson"", ""To Minnesota Timberwolves Mark Blount""], ""links"": [{""text"": ""Miami Heat"", ""title"": ""Miami Heat"", ""href"": ""/wiki/Miami_Heat""}, {""text"": ""Quentin Richardson"", ""title"": ""Quentin Richardson"", ""href"": ""/wiki/Quentin_Richardson""}, {""text"": ""Minnesota Timberwolves"", ""title"": ""Minnesota Timberwolves"", ""href"": ""/wiki/Minnesota_Timberwolves""}, {""text"": ""Mark Blount"", ""title"": ""Mark Blount"", ""href"": ""/wiki/Mark_Blount""}], ""date_hint"": ""August 13""}"
2022-23,1630208,1610612766,team_trb_all_players/impact_database/historical_transactions/wikipedia_transaction_rows.jsonl.gz,3468,"{""season"": ""2009-10"", ""start_year"": 2009, ""page_title"": ""List of 2009–10 NBA season transactions"", ""section"": ""Player movement"", ""subsection"": ""Trades"", ""table_index"": 6, ""table_classes"": [""wikitable""], ""row_index"": 3, ""cells"": [""To New York Knicks Darko Miličić"", ""To Memphis Grizzlies Quentin Richardson Cash considerations""], ""links"": [{""text"": ""New York Knicks"", ""title"": ""New York Knicks"", ""href"": ""/wiki/New_York_Knicks""}, {""text"": ""Darko Miličić"", ""title"": ""Darko Miličić"", ""href"": ""/wiki/Darko_Mili%C4%8Di%C4%87""}, {""text"": ""Memphis Grizzlies"", ""title"": ""Memphis Grizzlies"", ""href"": ""/wiki/Memphis_Grizzlies""}, {""text"": ""Quentin Richardson"", ""title"": ""Quentin Richardson"", ""href"": ""/wiki/Quentin_Richardson""}], ""date_hint"": null}"
2022-23,1630208,1610612766,team_trb_all_players/impact_database/historical_transactions/wikipedia_transaction_rows.jsonl.gz,3702,"{""season"": ""2009-10"", ""start_year"": 2009, ""page_title"": ""List of 2009–10 NBA season transactions"", ""section"": ""Player movement"", ""subsection"": ""Going overseas"", ""table_index"": 11, ""table_classes"": [""wikitable""], ""row_index"": 2, ""cells"": [""Jeremy Richardson"", ""August 11, 2009"", ""Aris BC ( Greece )"", ""Orlando Magic""], ""links"": [{""text"": ""Jeremy Richardson"", ""title"": ""Jeremy Richardson"", ""href"": ""/wiki/Jeremy_Richardson""}, {""text"": """", ""title"": ""Greece"", ""href"": ""/wiki/Greece""}, {""text"": ""Aris BC"", ""title"": ""Aris BC"", ""href"": ""/wiki/Aris_BC""}, {""text"": ""Greece"", ""title"": ""A1 Ethniki"", ""href"": ""/wiki/A1_Ethniki""}, {""text"": ""Orlando Magic"", ""title"": ""Orlando Magic"", ""href"": ""/wiki/Orlando_Magic""}], ""date_hint"": ""August 11""}"
2022-23,1630208,1610612766,team_trb_all_players/impact_database/historical_transactions/wikipedia_transaction_rows.jsonl.gz,3861,"{""season"": ""2010-11"", ""start_year"": 2010, ""page_title"": ""List of 2010–11 NBA season transactions"", ""section"": ""Player movement"", ""subsection"": ""Trades"", ""table_index"": 5, ""table_classes"": [""wikitable""], ""row_index"": 53, ""cells"": [""December 18"", ""To Phoenix Suns Vince Carter Marcin Gortat Mickaël Piétrus 2011 first-round pick Cash considerations"", ""To Orlando Magic Hedo Türkoğlu Jason Richardson Earl Clark"", ""[ 77 ]""], ""links"": [{""text"": ""Phoenix Suns"", ""title"": ""Phoenix Suns"", ""href"": ""/wiki/Phoenix_Suns""}, {""text"": ""Vince Carter"", ""title"": ""Vince Carter"", ""href"": ""/wiki/Vince_Carter""}, {""text"": ""Marcin Gortat"", ""title"": ""Marcin Gortat"", ""href"": ""/wiki/Marcin_Gortat""}, {""text"": ""Mickaël Piétrus"", ""title"": ""Mickaël Piétrus"", ""href"": ""/wiki/Micka%C3%ABl_Pi%C3%A9trus""}, {""text"": ""Orlando Magic"", ""title"": ""Orlando Magic"", ""href"": ""/wiki/Orlando_Magic""}, {""text"": ""Hedo Türkoğlu"", ""title"": ""Hedo Türkoğlu"", ""href"": ""/wiki/Hedo_T%C3%BCrko%C4%9Flu""}, {""text"": ""Jason Richardson"", ""title"": ""Jason Richardson"", ""href"": ""/wiki/Jason_Richardson""}, {""text"": ""Earl Clark"", ""title"": ""Earl Clark"", ""href"": ""/wiki/Earl_Clark""}, {""text"": ""[ 77 ]"", ""title"": """", ""href"": ""#cite_note-77""}], ""date_hint"": ""December 18""}"
2022-23,1630208,1610612766,team_trb_all_players/impact_database/historical_transactions/wikipedia_transaction_rows.jsonl.gz,3916,"{""season"": ""2010-11"", ""start_year"": 2010, ""page_title"": ""List of 2010–11 NBA season transactions"", ""section"": ""Player movement"", ""subsection"": ""Signed from free agency"", ""table_index"": 6, ""table_classes"": [""wikitable""], ""row_index"": 34, ""cells"": [""Quentin Richardson"", ""Orlando Magic"", ""Miami Heat""], ""links"": [{""text"": ""Quentin Richardson"", ""title"": ""Quentin Richardson"", ""href"": ""/wiki/Quentin_Richardson""}, {""text"": ""Orlando Magic"", ""title"": ""Orlando Magic"", ""href"": ""/wiki/Orlando_Magic""}, {""text"": ""Miami Heat"", ""title"": ""Miami Heat"", ""href"": ""/wiki/Miami_Heat""}], ""date_hint"": null}"
2022-23,1630208,1610612766,team_trb_all_players/impact_database/historical_transactions/wikipedia_transaction_rows.jsonl.gz,4283,"{""season"": ""2010-11"", ""start_year"": 2010, ""page_title"": ""List of 2010–11 NBA season transactions"", ""section"": ""NBA draft"", ""subsection"": ""Second round"", ""table_index"": 13, ""table_classes"": [""wikitable"", ""sortable""], ""row_index"": 19, ""cells"": [""49"", ""Ryan Richards"", ""unsigned"", ""San Antonio Spurs"", ""CB Gran Canaria ( Spain ) (born 1991)"", """"], ""links"": [{""text"": """", ""title"": ""United Kingdom"", ""href"": ""/wiki/United_Kingdom""}, {""text"": ""Ryan Richards"", ""title"": ""Ryan Richards"", ""href"": ""/wiki/Ryan_Richards""}, {""text"": ""San Antonio Spurs"", ""title"": ""San Antonio Spurs"", ""href"": ""/wiki/San_Antonio_Spurs""}, {""text"": ""CB Gran Canaria"", ""title"": ""CB Gran Canaria"", ""href"": ""/wiki/CB_Gran_Canaria""}, {""text"": ""Spain"", ""title"": ""Liga ACB"", ""href"": ""/wiki/Liga_ACB""}], ""date_hint"": null}"
2022-23,1630208,1610612766,team_trb_all_players/impact_database/historical_transactions/wikipedia_transaction_rows.jsonl.gz,4302,"{""season"": ""2010-11"", ""start_year"": 2010, ""page_title"": ""List of 2010–11 NBA season transactions"", ""section"": ""NBA draft"", ""subsection"": ""Unsigned draft picks"", ""table_index"": 14, ""table_classes"": [""wikitable"", ""sortable""], ""row_index"": 7, ""cells"": [""49"", ""Ryan Richards"", ""San Antonio Spurs"", ""Remained with CB Gran Canaria ( Spain )"", """"], ""links"": [{""text"": """", ""title"": ""United Kingdom"", ""href"": ""/wiki/United_Kingdom""}, {""text"": ""Ryan Richards"", ""title"": ""Ryan Richards"", ""href"": ""/wiki/Ryan_Richards""}, {""text"": ""San Antonio Spurs"", ""title"": ""San Antonio Spurs"", ""href"": ""/wiki/San_Antonio_Spurs""}, {""text"": ""CB Gran Canaria"", ""title"": ""CB Gran Canaria"", ""href"": ""/wiki/CB_Gran_Canaria""}, {""text"": ""Spain"", ""title"": ""Liga ACB"", ""href"": ""/wiki/Liga_ACB""}], ""date_hint"": null}"
2022-23,1630208,1610612766,team_trb_all_players/impact_database/historical_transactions/wikipedia_transaction_rows.jsonl.gz,4527,"{""season"": ""2011-12"", ""start_year"": 2011, ""page_title"": ""List of 2011–12 NBA season transactions"", ""section"": ""Player movement"", ""subsection"": ""Free agency"", ""table_index"": 7, ""table_classes"": [""wikitable"", ""sortable""], ""row_index"": 70, ""cells"": [""Jason Richardson"", ""Orlando Magic"", ""[ 136 ]""], ""links"": [{""text"": ""Jason Richardson"", ""title"": ""Jason Richardson"", ""href"": ""/wiki/Jason_Richardson""}, {""text"": ""Orlando Magic"", ""title"": ""Orlando Magic"", ""href"": ""/wiki/Orlando_Magic""}, {""text"": ""[ 136 ]"", ""title"": """", ""href"": ""#cite_note-141""}], ""date_hint"": null}"
2022-23,1630208,1610612766,team_trb_all_players/impact_database/historical_transactions/wikipedia_transaction_rows.jsonl.gz,5127,"{""season"": ""2012-13"", ""start_year"": 2012, ""page_title"": ""List of 2012–13 NBA season transactions"", ""section"": ""Player movement"", ""subsection"": ""Trades"", ""table_index"": 5, ""table_classes"": [""wikitable""], ""row_index"": 42, ""cells"": [""To Philadelphia 76ers Andrew Bynum (from L.A. Lakers) Jason Richardson (from Orlando)"", ""To Orlando Magic Arron Afflalo (from Denver) Al Harrington (from Denver) Nikola Vučević (from Philadelphia) Maurice Harkless (from Philadelphia) Josh McRoberts (from L.A. Lakers) Christian Eyenga (from L.A. Lakers) 2013 second-round pick (from Denver) 2014 first-round pick (from Denver or New York) 2015 conditional first-round pick (from Philadelphia) 2015 protected second-round pick (from L.A. Lakers) 2017 protected first-round pick (from L.A. Lakers)""], ""links"": [{""text"": ""Philadelphia 76ers"", ""title"": ""Philadelphia 76ers"", ""href"": ""/wiki/Philadelphia_76ers""}, {""text"": ""Andrew Bynum"", ""title"": ""Andrew Bynum"", ""href"": ""/wiki/Andrew_Bynum""}, {""text"": ""Jason Richardson"", ""title"": ""Jason Richardson"", ""href"": ""/wiki/Jason_Richardson""}, {""text"": ""Orlando Magic"", ""title"": ""Orlando Magic"", ""href"": ""/wiki/Orlando_Magic""}, {""text"": ""Arron Afflalo"", ""title"": ""Arron Afflalo"", ""href"": ""/wiki/Arron_Afflalo""}, {""text"": ""Al Harrington"", ""title"": ""Al Harrington"", ""href"": ""/wiki/Al_Harrington""}, {""text"": ""Nikola Vučević"", ""title"": ""Nikola Vučević"", ""href"": ""/wiki/Nikola_Vu%C4%8Devi%C4%87""}, {""text"": ""Maurice Harkless"", ""title"": ""Maurice Harkless"", ""href"": ""/wiki/Maurice_Harkless""}, {""text"": ""Josh McRoberts"", ""title"": ""Josh McRoberts"", ""href"": ""/wiki/Josh_McRoberts""}, {""text"": ""Christian Eyenga"", ""title"": ""Christian Eyenga"", ""href"": ""/wiki/Christian_Eyenga""}], ""date_hint"": null}"
2022-23,1630208,1610612766,team_trb_all_players/impact_database/historical_transactions/wikipedia_transaction_rows.jsonl.gz,5524,"{""season"": ""2012-13"", ""start_year"": 2012, ""page_title"": ""List of 2012–13 NBA season transactions"", ""section"": ""Player movement"", ""subsection"": ""Free agency"", ""table_index"": 6, ""table_classes"": [""wikitable"", ""sortable""], ""row_index"": 374, ""cells"": [""Quentin Richardson"", ""April 16"", ""New York Knicks"", ""Orlando Magic (waived on October 27)"", ""[ 327 ]""], ""links"": [{""text"": ""Quentin Richardson"", ""title"": ""Quentin Richardson"", ""href"": ""/wiki/Quentin_Richardson""}, {""text"": ""New York Knicks"", ""title"": ""New York Knicks"", ""href"": ""/wiki/New_York_Knicks""}, {""text"": ""Orlando Magic"", ""title"": ""Orlando Magic"", ""href"": ""/wiki/Orlando_Magic""}, {""text"": ""[ 327 ]"", ""title"": """", ""href"": ""#cite_note-329""}], ""date_hint"": ""April 16""}"
2022-23,1630208,1610612766,team_trb_all_players/impact_database/historical_transactions/wikipedia_transaction_rows.jsonl.gz,5630,"{""season"": ""2012-13"", ""start_year"": 2012, ""page_title"": ""List of 2012–13 NBA season transactions"", ""section"": ""Player movement"", ""subsection"": ""Training camp cuts"", ""table_index"": 8, ""table_classes"": [""wikitable""], ""row_index"": 9, ""cells"": [""Daniel Orton Andy Rautins Walker Russell, Jr. Hollis Thompson"", ""Christian Eyenga Justin Harper Armon Johnson Chris Johnson Quentin Richardson"", ""Dan Gadzuric Mikki Moore Devin Searcy Xavier Silas"", ""Ike Diogu Othyus Jeffers Solomon Jones"", ""Demonte Harper Justin Holiday Coby Karl Dallas Lauderdale Adam Morrison""], ""links"": [{""text"": ""Daniel Orton"", ""title"": ""Daniel Orton"", ""href"": ""/wiki/Daniel_Orton""}, {""text"": ""Andy Rautins"", ""title"": ""Andy Rautins"", ""href"": ""/wiki/Andy_Rautins""}, {""text"": ""Walker Russell, Jr."", ""title"": ""Walker Russell, Jr."", ""href"": ""/wiki/Walker_Russell,_Jr.""}, {""text"": ""Hollis Thompson"", ""title"": ""Hollis Thompson"", ""href"": ""/wiki/Hollis_Thompson""}, {""text"": ""Christian Eyenga"", ""title"": ""Christian Eyenga"", ""href"": ""/wiki/Christian_Eyenga""}, {""text"": ""Justin Harper"", ""title"": ""Justin Harper (basketball)"", ""href"": ""/wiki/Justin_Harper_(basketball)""}, {""text"": ""Armon Johnson"", ""title"": ""Armon Johnson"", ""href"": ""/wiki/Armon_Johnson""}, {""text"": ""Chris Johnson"", ""title"": ""Chris Johnson (basketball, born 1990)"", ""href"": ""/wiki/Chris_Johnson_(basketball,_born_1990)""}, {""text"": ""Quentin Richardson"", ""title"": ""Quentin Richardson"", ""href"": ""/wiki/Quentin_Richardson""}, {""text"": ""Dan Gadzuric"", ""title"": ""Dan Gadzuric"", ""href"": ""/wiki/Dan_Gadzuric""}, {""text"": ""Mikki Moore"", ""title"": ""Mikki Moore"", ""href"": ""/wiki/Mikki_Moore""}, {""text"": ""Devin Searcy"", ""title"": ""Devin Searcy"", ""href"": ""/wiki/Devin_Searcy""}, {""text"": ""Xavier Silas"", ""title"": ""Xavier Silas"", ""href"": ""/wiki/Xavier_Silas""}, {""text"": ""Ike Diogu"", ""title"": ""Ike Diogu"", ""href"": ""/wiki/Ike_Diogu""}, {""text"": ""Othyus Jeffers"", ""title"": ""Othyus Jeffers"", ""href"": ""/wiki/Othyus_Jeffers""}, {""text"": ""Solomon Jones"", ""title"": ""Solomon Jones (basketball)"", ""href"": ""/wiki/Solomon_Jones_(basketball)""}, {""text"": ""Demonte Harper"", ""title"": ""Demonte Harper"", ""href"": ""/wiki/Demonte_Harper""}, {""text"": ""Justin Holiday"", ""title"": ""Justin Holiday"", ""href"": ""/wiki/Justin_Holiday""}, {""text"": ""Coby Karl"", ""title"": ""Coby Karl"", ""href"": ""/wiki/Coby_Karl""}, {""text"": ""Dallas Lauderdale"", ""title"": ""Dallas Lauderdale"", ""href"": ""/wiki/Dallas_Lauderdale""}, {""text"": ""Adam Morrison"", ""title"": ""Adam Morrison"", ""href"": ""/wiki/Adam_Morrison""}], ""date_hint"": null}"
2022-23,1630208,1610612766,team_trb_all_players/impact_database/historical_transactions/wikipedia_transaction_rows.jsonl.gz,5930,"{""season"": ""2013-14"", ""start_year"": 2013, ""page_title"": ""List of 2013–14 NBA season transactions"", ""section"": ""Player movement"", ""subsection"": ""Trades"", ""table_index"": 7, ""table_classes"": [""wikitable""], ""row_index"": 19, ""cells"": [""July 10"", ""To New York Knicks Andrea Bargnani"", ""To Toronto Raptors Marcus Camby Steve Novak Quentin Richardson ( sign and trade ) 2014 second-round draft pick 2016 first-round draft pick 2017 second-round draft pick"", ""[ 63 ]""], ""links"": [{""text"": ""New York Knicks"", ""title"": ""New York Knicks"", ""href"": ""/wiki/New_York_Knicks""}, {""text"": ""Andrea Bargnani"", ""title"": ""Andrea Bargnani"", ""href"": ""/wiki/Andrea_Bargnani""}, {""text"": ""Toronto Raptors"", ""title"": ""Toronto Raptors"", ""href"": ""/wiki/Toronto_Raptors""}, {""text"": ""Marcus Camby"", ""title"": ""Marcus Camby"", ""href"": ""/wiki/Marcus_Camby""}, {""text"": ""Steve Novak"", ""title"": ""Steve Novak"", ""href"": ""/wiki/Steve_Novak""}, {""text"": ""Quentin Richardson"", ""title"": ""Quentin Richardson"", ""href"": ""/wiki/Quentin_Richardson""}, {""text"": ""sign and trade"", ""title"": ""Sign and trade"", ""href"": ""/wiki/Sign_and_trade""}, {""text"": ""[ 63 ]"", ""title"": """", ""href"": ""#cite_note-raptorsknickstrade-63""}], ""date_hint"": ""July 10""}"
2022-23,1630208,1610612766,team_trb_all_players/impact_database/historical_transactions/wikipedia_transaction_rows.jsonl.gz,6004,"{""season"": ""2013-14"", ""start_year"": 2013, ""page_title"": ""List of 2013–14 NBA season transactions"", ""section"": ""Player movement"", ""subsection"": ""Free agency"", ""table_index"": 8, ""table_classes"": [""wikitable"", ""sortable""], ""row_index"": 17, ""cells"": [""Quentin Richardson"", ""Toronto Raptors (via sign and trade )"", ""New York Knicks"", ""[ 63 ]""], ""links"": [{""text"": ""Quentin Richardson"", ""title"": ""Quentin Richardson"", ""href"": ""/wiki/Quentin_Richardson""}, {""text"": ""Toronto Raptors"", ""title"": ""Toronto Raptors"", ""href"": ""/wiki/Toronto_Raptors""}, {""text"": ""sign and trade"", ""title"": ""Sign and trade"", ""href"": ""/wiki/Sign_and_trade""}, {""text"": ""New York Knicks"", ""title"": ""New York Knicks"", ""href"": ""/wiki/New_York_Knicks""}, {""text"": ""[ 63 ]"", ""title"": """", ""href"": ""#cite_note-raptorsknickstrade-63""}], ""date_hint"": null}"
2022-23,1630208,1610612766,team_trb_all_players/impact_database/historical_transactions/wikipedia_transaction_rows.jsonl.gz,6465,"{""season"": ""2013-14"", ""start_year"": 2013, ""page_title"": ""List of 2013–14 NBA season transactions"", ""section"": ""Player movement"", ""subsection"": ""Waived"", ""table_index"": 11, ""table_classes"": [""wikitable"", ""sortable""], ""row_index"": 39, ""cells"": [""Quentin Richardson"", ""Toronto Raptors"", ""[ 452 ]""], ""links"": [{""text"": ""Quentin Richardson"", ""title"": ""Quentin Richardson"", ""href"": ""/wiki/Quentin_Richardson""}, {""text"": ""Toronto Raptors"", ""title"": ""Toronto Raptors"", ""href"": ""/wiki/Toronto_Raptors""}, {""text"": ""[ 452 ]"", ""title"": """", ""href"": ""#cite_note-455""}], ""date_hint"": null}"
2022-23,1630208,1610612766,team_trb_all_players/impact_database/historical_transactions/wikipedia_transaction_rows.jsonl.gz,6651,"{""season"": ""2014-15"", ""start_year"": 2014, ""page_title"": ""List of 2014–15 NBA season transactions"", ""section"": ""Retirement"", ""subsection"": null, ""table_index"": 1, ""table_classes"": [""wikitable""], ""row_index"": 4, ""cells"": [""August 7"", ""Quentin Richardson"", ""Los Angeles Clippers (2000–2004) Phoenix Suns (2004–2005) New York Knicks (2005–2009; 2013) Miami Heat (2009–2010) Orlando Magic (2010–2012)"", ""34"", ""Won the 2005 NBA Three-Point Shootout; became the director of player development for the Pistons."", ""[ 4 ]""], ""links"": [{""text"": ""Quentin Richardson"", ""title"": ""Quentin Richardson"", ""href"": ""/wiki/Quentin_Richardson""}, {""text"": ""Los Angeles Clippers"", ""title"": ""Los Angeles Clippers"", ""href"": ""/wiki/Los_Angeles_Clippers""}, {""text"": ""Phoenix Suns"", ""title"": ""Phoenix Suns"", ""href"": ""/wiki/Phoenix_Suns""}, {""text"": ""New York Knicks"", ""title"": ""New York Knicks"", ""href"": ""/wiki/New_York_Knicks""}, {""text"": ""Miami Heat"", ""title"": ""Miami Heat"", ""href"": ""/wiki/Miami_Heat""}, {""text"": ""Orlando Magic"", ""title"": ""Orlando Magic"", ""href"": ""/wiki/Orlando_Magic""}, {""text"": ""[ 4 ]"", ""title"": """", ""href"": ""#cite_note-4""}], ""date_hint"": ""August 7""}"
2022-23,1630208,1610612766,team_trb_all_players/impact_database/historical_transactions/wikipedia_transaction_rows.jsonl.gz,7515,"{""season"": ""2015-16"", ""start_year"": 2015, ""page_title"": ""List of 2015–16 NBA season transactions"", ""section"": ""Retirements"", ""subsection"": null, ""table_index"": 1, ""table_classes"": [""wikitable""], ""row_index"": 12, ""cells"": [""September 23"", ""Jason Richardson"", ""Golden State Warriors (2001–2007) Charlotte Bobcats (2007–2008) Phoenix Suns (2008–2010) Orlando Magic (2010–2012) Philadelphia 76ers (2012–2015)"", ""34"", ""2× Slam Dunk Contest champion (2002, 2003) NBA All-Rookie First Team ( 2002 )"", ""[ 12 ]""], ""links"": [{""text"": ""Jason Richardson"", ""title"": ""Jason Richardson"", ""href"": ""/wiki/Jason_Richardson""}, {""text"": ""Golden State Warriors"", ""title"": ""Golden State Warriors"", ""href"": ""/wiki/Golden_State_Warriors""}, {""text"": ""Charlotte Bobcats"", ""title"": ""Charlotte Bobcats"", ""href"": ""/wiki/Charlotte_Bobcats""}, {""text"": ""Phoenix Suns"", ""title"": ""Phoenix Suns"", ""href"": ""/wiki/Phoenix_Suns""}, {""text"": ""Orlando Magic"", ""title"": ""Orlando Magic"", ""href"": ""/wiki/Orlando_Magic""}, {""text"": ""Philadelphia 76ers"", ""title"": ""Philadelphia 76ers"", ""href"": ""/wiki/Philadelphia_76ers""}, {""text"": ""Slam Dunk Contest"", ""title"": ""Slam Dunk Contest"", ""href"": ""/wiki/Slam_Dunk_Contest""}, {""text"": ""NBA All-Rookie First Team"", ""title"": ""NBA All-Rookie First Team"", ""href"": ""/wiki/NBA_All-Rookie_First_Team""}, {""text"": ""2002"", ""title"": ""2001–02 NBA season"", ""href"": ""/wiki/2001%E2%80%9302_NBA_season""}, {""text"": ""[ 12 ]"", ""title"": """", ""href"": ""#cite_note-12""}], ""date_hint"": ""September 23""}"
2022-23,1630208,1610612766,team_trb_all_players/impact_database/historical_transactions/wikipedia_transaction_rows.jsonl.gz,7755,"{""season"": ""2015-16"", ""start_year"": 2015, ""page_title"": ""List of 2015–16 NBA season transactions"", ""section"": ""Player movements"", ""subsection"": ""Free agency"", ""table_index"": 7, ""table_classes"": [""wikitable"", ""sortable""], ""row_index"": 149, ""cells"": [""Jason Richardson"", ""August 18"", ""Atlanta Hawks"", ""Philadelphia 76ers"", ""[ 220 ]""], ""links"": [{""text"": ""Jason Richardson"", ""title"": ""Jason Richardson"", ""href"": ""/wiki/Jason_Richardson""}, {""text"": ""Atlanta Hawks"", ""title"": ""Atlanta Hawks"", ""href"": ""/wiki/Atlanta_Hawks""}, {""text"": ""Philadelphia 76ers"", ""title"": ""Philadelphia 76ers"", ""href"": ""/wiki/Philadelphia_76ers""}, {""text"": ""[ 220 ]"", ""title"": """", ""href"": ""#cite_note-223""}], ""date_hint"": ""August 18""}"
2022-23,1630208,1610612766,team_trb_all_players/impact_database/historical_transactions/wikipedia_transaction_rows.jsonl.gz,8365,"{""season"": ""2015-16"", ""start_year"": 2015, ""page_title"": ""List of 2015–16 NBA season transactions"", ""section"": ""Draft"", ""subsection"": ""Second round"", ""table_index"": 15, ""table_classes"": [""wikitable"", ""sortable""], ""row_index"": 10, ""cells"": [""40"", ""Josh Richardson"", ""August 3"", ""Miami Heat"", ""Tennessee ( Sr. )"", ""[ 647 ]""], ""links"": [{""text"": ""Josh Richardson"", ""title"": ""Josh Richardson"", ""href"": ""/wiki/Josh_Richardson""}, {""text"": ""Miami Heat"", ""title"": ""Miami Heat"", ""href"": ""/wiki/Miami_Heat""}, {""text"": ""Tennessee"", ""title"": ""Tennessee Volunteers basketball"", ""href"": ""/wiki/Tennessee_Volunteers_basketball""}, {""text"": ""Sr."", ""title"": ""Senior (education)"", ""href"": ""/wiki/Senior_(education)""}, {""text"": ""[ 647 ]"", ""title"": """", ""href"": ""#cite_note-653""}], ""date_hint"": null}"
2022-23,1630208,1610612766,team_trb_all_players/impact_database/roster_tenure/realgm_transactions_resilient/2009-10.txt.gz,427,*    The [San Antonio Spurs](https://basketball.realgm.com/nba/teams/San-Antonio-Spurs/26/home) selected [Ryan Richards](https://basketball.realgm.com/player/Ryan-Richards/Summary/2434) in Round 2 with Pick 19 in the 2010 NBA Draft.
2022-23,1630208,1610612766,team_trb_all_players/impact_database/roster_tenure/realgm_transactions_resilient/2009-10.txt.gz,1834,*   [Quentin Richardson](https://basketball.realgm.com/player/Quentin-Richardson/Summary/167) was acquired by the Miami Heat from the Minnesota Timberwolves in exchange for: [Mark Blount](https://basketball.realgm.com/player/Mark-Blount/Summary/960) and a TPE.
2022-23,1630208,1610612766,team_trb_all_players/impact_database/roster_tenure/realgm_transactions_resilient/2009-10.txt.gz,1981,"*   [Quentin Richardson](https://basketball.realgm.com/player/Quentin-Richardson/Summary/167) was acquired by the Minnesota Timberwolves from the Los Angeles Clippers in exchange for: [Mark Madsen](https://basketball.realgm.com/player/Mark-Madsen/Summary/520), [Craig Smith](https://basketball.realgm.com/player/Craig-Smith/Summary/102), [Sebastian Telfair](https://basketball.realgm.com/player/Sebastian-Telfair/Summary/382) and a TPE."
2022-23,1630208,1610612766,team_trb_all_players/impact_database/roster_tenure/realgm_transactions_resilient/2009-10.txt.gz,1997,*   [Zach Randolph](https://basketball.realgm.com/player/Zach-Randolph/Summary/165) was acquired by the Memphis Grizzlies from the Los Angeles Clippers in exchange for: [Quentin Richardson](https://basketball.realgm.com/player/Quentin-Richardson/Summary/167) and a TPE.
2022-23,1630208,1610612766,team_trb_all_players/impact_database/roster_tenure/realgm_transactions_resilient/2009-10.txt.gz,2209,"*   [Jeremy Richardson](https://basketball.realgm.com/player/Jeremy-Richardson/Summary/309), previously with the [Orlando Magic](https://basketball.realgm.com/nba/teams/Orlando-Magic/21/home), became a free agent."
2022-23,1630208,1610612766,team_trb_all_players/impact_database/roster_tenure/realgm_transactions_resilient/2009-10.txt.gz,3232,"Jun 24, 2010 [Ryan Richards](https://basketball.realgm.com/player/Ryan-Richards/Summary/2434)"
2022-23,1630208,1610612766,team_trb_all_players/impact_database/roster_tenure/realgm_transactions_resilient/2009-10.txt.gz,3786,"Jul 1, 2009 [Jeremy Richardson](https://basketball.realgm.com/player/Jeremy-Richardson/Summary/309)"
2022-23,1630208,1610612766,team_trb_all_players/impact_database/roster_tenure/realgm_transactions_resilient/2009-10.txt.gz,4384,"Aug 13, 2009 [Quentin Richardson](https://basketball.realgm.com/player/Quentin-Richardson/Summary/167)"
2022-23,1630208,1610612766,team_trb_all_players/impact_database/roster_tenure/realgm_transactions_resilient/2009-10.txt.gz,4414,"Jul 20, 2009 [Quentin Richardson](https://basketball.realgm.com/player/Quentin-Richardson/Summary/167)"
2022-23,1630208,1610612766,team_trb_all_players/impact_database/roster_tenure/realgm_transactions_resilient/2009-10.txt.gz,4418,"Jul 17, 2009 [Quentin Richardson](https://basketball.realgm.com/player/Quentin-Richardson/Summary/167)"
2022-23,1630208,1610612766,team_trb_all_players/impact_database/roster_tenure/realgm_transactions_resilient/2000-01.txt.gz,378,*    The [Golden State Warriors](https://basketball.realgm.com/nba/teams/Golden-State-Warriors/9/home) selected [Jason Richardson](https://basketball.realgm.com/player/Jason-Richardson/Summary/363) in Round 1 with Pick 5 in the 2001 NBA Draft.
2022-23,1630208,1610612766,team_trb_all_players/impact_database/roster_tenure/realgm_transactions_resilient/2000-01.txt.gz,1724,*   [Quentin Richardson](https://basketball.realgm.com/player/Quentin-Richardson/Summary/167) signed a multi-year contract with the [Los Angeles Clippers](https://basketball.realgm.com/nba/teams/Los-Angeles-Clippers/12/home).
2022-23,1630208,1610612766,team_trb_all_players/impact_database/roster_tenure/realgm_transactions_resilient/2000-01.txt.gz,2596,"Aug 8, 2000 [Quentin Richardson](https://basketball.realgm.com/player/Quentin-Richardson/Summary/167)"
2022-23,1630208,1610612766,team_trb_all_players/impact_database/roster_tenure/realgm_transactions_resilient/2000-01.txt.gz,2794,"Jun 27, 2001 [Jason Richardson](https://basketball.realgm.com/player/Jason-Richardson/Summary/363)"
2022-23,1630208,1610612766,team_trb_all_players/impact_database/roster_tenure/realgm_transactions_resilient/2010-11.txt.gz,1379,Quentin Richardson
2022-23,1630208,1610612766,team_trb_all_players/impact_database/roster_tenure/realgm_transactions_resilient/2010-11.txt.gz,3234,Quentin Richardson
2022-23,1630208,1610612766,team_trb_all_players/impact_database/roster_tenure/realgm_transactions_resilient/2010-11.txt.gz,3682,Quentin Richardson
2022-23,1630208,1610612766,team_trb_all_players/impact_database/roster_tenure/realgm_transactions_resilient/2010-11.txt.gz,4332,Jason Richardson
2022-23,1630208,1610612766,team_trb_all_players/impact_database/roster_tenure/realgm_transactions_resilient/2004-05.txt.gz,385,"*   [Kurt Thomas](https://basketball.realgm.com/player/Kurt-Thomas/Summary/339) and the draft rights to [Dijon Thompson](https://basketball.realgm.com/player/Dijon-Thompson/Summary/156) were acquired by the Phoenix Suns from the New York Knicks in exchange for: [Quentin Richardson](https://basketball.realgm.com/player/Quentin-Richardson/Summary/167), the draft rights to [Nate Robinson](https://basketball.realgm.com/player/Nate-Robinson/Summary/161) and cash."
2022-23,1630208,1610612766,team_trb_all_players/impact_database/roster_tenure/realgm_transactions_resilient/2004-05.txt.gz,1111,*   [Jason Richardson](https://basketball.realgm.com/player/Jason-Richardson/Summary/363) signed a rookie scale extension with the [Golden State Warriors](https://basketball.realgm.com/nba/teams/Golden-State-Warriors/9/home).
2022-23,1630208,1610612766,team_trb_all_players/impact_database/roster_tenure/realgm_transactions_resilient/2004-05.txt.gz,1269,"*   [Norman Richardson](https://basketball.realgm.com/player/Norman-Richardson/Summary/1101), previously with the [Toronto Raptors](https://basketball.realgm.com/nba/teams/Toronto-Raptors/28/home), became a free agent."
2022-23,1630208,1610612766,team_trb_all_players/impact_database/roster_tenure/realgm_transactions_resilient/2004-05.txt.gz,1306,*    The [Toronto Raptors](https://basketball.realgm.com/nba/teams/Toronto-Raptors/28/home) placed the contract of [Norman Richardson](https://basketball.realgm.com/player/Norman-Richardson/Summary/1101) on waivers.
2022-23,1630208,1610612766,team_trb_all_players/impact_database/roster_tenure/realgm_transactions_resilient/2004-05.txt.gz,1430,*   [Norman Richardson](https://basketball.realgm.com/player/Norman-Richardson/Summary/1101) signed a contract with the [Toronto Raptors](https://basketball.realgm.com/nba/teams/Toronto-Raptors/28/home).
2022-23,1630208,1610612766,team_trb_all_players/impact_database/roster_tenure/realgm_transactions_resilient/2004-05.txt.gz,1807,*   [Quentin Richardson](https://basketball.realgm.com/player/Quentin-Richardson/Summary/167) signed a multi-year contract with the [Phoenix Suns](https://basketball.realgm.com/nba/teams/Phoenix-Suns/23/home).
2022-23,1630208,1610612766,team_trb_all_players/impact_database/roster_tenure/realgm_transactions_resilient/2004-05.txt.gz,1897,"*   [Quentin Richardson](https://basketball.realgm.com/player/Quentin-Richardson/Summary/167) signed a multi-year offer sheet with the [Phoenix Suns](https://basketball.realgm.com/nba/teams/Phoenix-Suns/23/home). Since he is a restricted free agent, the [Los Angeles Clippers](https://basketball.realgm.com/nba/teams/Los-Angeles-Clippers/12/home) can match."
2022-23,1630208,1610612766,team_trb_all_players/impact_database/roster_tenure/realgm_transactions_resilient/2004-05.txt.gz,2111,"*   [Quentin Richardson](https://basketball.realgm.com/player/Quentin-Richardson/Summary/167), previously with the [Los Angeles Clippers](https://basketball.realgm.com/nba/teams/Los-Angeles-Clippers/12/home), became a free agent."
2022-23,1630208,1610612766,team_trb_all_players/impact_database/roster_tenure/realgm_transactions_resilient/2004-05.txt.gz,2343,"Nov 1, 2004 [Jason Richardson](https://basketball.realgm.com/player/Jason-Richardson/Summary/363)"
2022-23,1630208,1610612766,team_trb_all_players/impact_database/roster_tenure/realgm_transactions_resilient/2004-05.txt.gz,2475,"Oct 4, 2004 [Norman Richardson](https://basketball.realgm.com/player/Norman-Richardson/Summary/1101)"
2022-23,1630208,1610612766,team_trb_all_players/impact_database/roster_tenure/realgm_transactions_resilient/2004-05.txt.gz,2781,"Jul 29, 2004 [Quentin Richardson](https://basketball.realgm.com/player/Quentin-Richardson/Summary/167)"
2022-23,1630208,1610612766,team_trb_all_players/impact_database/roster_tenure/realgm_transactions_resilient/2004-05.txt.gz,3463,"Oct 26, 2004 [Norman Richardson](https://basketball.realgm.com/player/Norman-Richardson/Summary/1101)"
2022-23,1630208,1610612766,team_trb_all_players/impact_database/roster_tenure/realgm_transactions_resilient/2004-05.txt.gz,3761,"Jul 1, 2004 [Quentin Richardson](https://basketball.realgm.com/player/Quentin-Richardson/Summary/167)"
2022-23,1630208,1610612766,team_trb_all_players/impact_database/roster_tenure/realgm_transactions_resilient/2004-05.txt.gz,3859,"Jul 14, 2004 [Quentin Richardson](https://basketball.realgm.com/player/Quentin-Richardson/Summary/167)"
2022-23,1630208,1610612766,team_trb_all_players/impact_database/roster_tenure/realgm_transactions_resilient/2004-05.txt.gz,4131,"Jun 28, 2005 [Quentin Richardson](https://basketball.realgm.com/player/Quentin-Richardson/Summary/167)"
2022-23,1630208,1610612766,team_trb_all_players/impact_database/roster_tenure/realgm_transactions_resilient/2004-05.txt.gz,4611,"Oct 22, 2004 [Norman Richardson](https://basketball.realgm.com/player/Norman-Richardson/Summary/1101)"
2022-23,1630208,1610612766,team_trb_all_players/impact_database/roster_tenure/realgm_transactions_resilient/2011-12.txt.gz,1591,*   [Jason Richardson](https://basketball.realgm.com/player/Jason-Richardson/Summary/363) signed a multi-year contract with the [Orlando Magic](https://basketball.realgm.com/nba/teams/Orlando-Magic/21/home).
2022-23,1630208,1610612766,team_trb_all_players/impact_database/roster_tenure/realgm_transactions_resilient/2011-12.txt.gz,2050,"*   [Jason Richardson](https://basketball.realgm.com/player/Jason-Richardson/Summary/363), previously with the [Orlando Magic](https://basketball.realgm.com/nba/teams/Orlando-Magic/21/home), became a free agent."
2022-23,1630208,1610612766,team_trb_all_players/impact_database/roster_tenure/realgm_transactions_resilient/2011-12.txt.gz,2423,"Dec 14, 2011 [Jason Richardson](https://basketball.realgm.com/player/Jason-Richardson/Summary/363)"
2022-23,1630208,1610612766,team_trb_all_players/impact_database/roster_tenure/realgm_transactions_resilient/2011-12.txt.gz,3925,"Jul 1, 2011 [Jason Richardson](https://basketball.realgm.com/player/Jason-Richardson/Summary/363)"
2022-23,1630208,1610612766,team_trb_all_players/impact_database/roster_tenure/realgm_transactions_resilient/2003-04.txt.gz,347,*    The [Los Angeles Clippers](https://basketball.realgm.com/nba/teams/Los-Angeles-Clippers/12/home) tendered a Qualifying Offer to make [Quentin Richardson](https://basketball.realgm.com/player/Quentin-Richardson/Summary/167) a Restricted FA.
2022-23,1630208,1610612766,team_trb_all_players/impact_database/roster_tenure/realgm_transactions_resilient/2003-04.txt.gz,1422,*    The [Golden State Warriors](https://basketball.realgm.com/nba/teams/Golden-State-Warriors/9/home) exercised their Team Option to extend the contract of [Jason Richardson](https://basketball.realgm.com/player/Jason-Richardson/Summary/363).
2022-23,1630208,1610612766,team_trb_all_players/impact_database/roster_tenure/realgm_transactions_resilient/2003-04.txt.gz,1505,"*   [Norman Richardson](https://basketball.realgm.com/player/Norman-Richardson/Summary/1101), previously with the [Portland Trail Blazers](https://basketball.realgm.com/nba/teams/Portland-Trail-Blazers/24/home), became a free agent."
2022-23,1630208,1610612766,team_trb_all_players/impact_database/roster_tenure/realgm_transactions_resilient/2003-04.txt.gz,1524,*    The [Portland Trail Blazers](https://basketball.realgm.com/nba/teams/Portland-Trail-Blazers/24/home) placed the contract of [Norman Richardson](https://basketball.realgm.com/player/Norman-Richardson/Summary/1101) on waivers.
2022-23,1630208,1610612766,team_trb_all_players/impact_database/roster_tenure/realgm_transactions_resilient/2003-04.txt.gz,1604,*   [Norman Richardson](https://basketball.realgm.com/player/Norman-Richardson/Summary/1101) signed a contract with the [Portland Trail Blazers](https://basketball.realgm.com/nba/teams/Portland-Trail-Blazers/24/home).
2022-23,1630208,1610612766,team_trb_all_players/impact_database/roster_tenure/realgm_transactions_resilient/2003-04.txt.gz,2642,"Sep 29, 2003 [Norman Richardson](https://basketball.realgm.com/player/Norman-Richardson/Summary/1101)"
2022-23,1630208,1610612766,team_trb_all_players/impact_database/roster_tenure/realgm_transactions_resilient/2003-04.txt.gz,3718,"Oct 8, 2003 [Norman Richardson](https://basketball.realgm.com/player/Norman-Richardson/Summary/1101)"
2022-23,1630208,1610612766,team_trb_all_players/impact_database/roster_tenure/realgm_transactions_resilient/2003-04.txt.gz,4116,"Jun 30, 2004 [Quentin Richardson](https://basketball.realgm.com/player/Quentin-Richardson/Summary/167)"
2022-23,1630208,1610612766,team_trb_all_players/impact_database/roster_tenure/realgm_transactions_resilient/2003-04.txt.gz,4280,"Oct 17, 2003 [Jason Richardson](https://basketball.realgm.com/player/Jason-Richardson/Summary/363)"
2022-23,1630208,1610612766,team_trb_all_players/impact_database/roster_tenure/realgm_transactions_resilient/2003-04.txt.gz,4836,"Oct 6, 2003 [Norman Richardson](https://basketball.realgm.com/player/Norman-Richardson/Summary/1101)"
2022-23,1630208,1610612766,team_trb_all_players/impact_database/roster_tenure/realgm_transactions_resilient/2024-25.txt.gz,474,*    The [Orlando Magic](https://basketball.realgm.com/nba/teams/Orlando-Magic/21/home) selected [Jase Richardson](https://basketball.realgm.com/player/Jase-Richardson/Summary/191062) in Round 1 with Pick 25 in the 2025 NBA Draft.
2022-23,1630208,1610612766,team_trb_all_players/impact_database/roster_tenure/realgm_transactions_resilient/2024-25.txt.gz,1129,"*   [Josh Richardson](https://basketball.realgm.com/player/Josh-Richardson/Summary/28787), previously with the [Utah Jazz](https://basketball.realgm.com/nba/teams/Utah-Jazz/29/home), became a free agent."
2022-23,1630208,1610612766,team_trb_all_players/impact_database/roster_tenure/realgm_transactions_resilient/2024-25.txt.gz,1150,*    The [Utah Jazz](https://basketball.realgm.com/nba/teams/Utah-Jazz/29/home) placed the contract of [Josh Richardson](https://basketball.realgm.com/player/Josh-Richardson/Summary/28787) on waivers.
2022-23,1630208,1610612766,team_trb_all_players/impact_database/roster_tenure/realgm_transactions_resilient/2024-25.txt.gz,1223,"*   [Dennis Schroder](https://basketball.realgm.com/player/Dennis-Schroder/Summary/26503) and [Lindy Waters III](https://basketball.realgm.com/player/Lindy-Waters-III/Summary/89389) were acquired by the Detroit Pistons in exchange for [K.J. Martin](https://basketball.realgm.com/player/KJ-Martin/Summary/129710), a Least Favorable 2028 2nd round pick, a Swap 2031 2nd round picks and cash. [P.J. Tucker](https://basketball.realgm.com/player/PJ-Tucker/Summary/100), a 2026 2nd round pick (LAL own) and cash were acquired by the Toronto Raptors in exchange for [Davion Mitchell](https://basketball.realgm.com/player/Davion-Mitchell/Summary/89964). [Kyle Anderson](https://basketball.realgm.com/player/Kyle-Anderson/Summary/24265), [Davion Mitchell](https://basketball.realgm.com/player/Davion-Mitchell/Summary/89964), [Andrew Wiggins](https://basketball.realgm.com/player/Andrew-Wiggins/Summary/24682), a conditional 2025 1st round pick (GOS own), a Swap 2031 2nd round picks and multiple TPEs were acquired by the Miami Heat in exchange for [Jimmy Butler III](https://basketball.realgm.com/player/Jimmy-Butler-III/Summary/6160), [Josh Richardson](https://basketball.realgm.com/player/Josh-Richardson/Summary/28787), a 2026 2nd round pick (LAL own) and cash. [Jimmy Butler III](https://basketball.realgm.com/player/Jimmy-Butler-III/Summary/6160), a Swap 2031 2nd round picks, cash and multiple TPEs were acquired by the Golden State Warriors in exchange for [Kyle Anderson](https://basketball.realgm.com/player/Kyle-Anderson/Summary/24265), [Dennis Schroder](https://basketball.realgm.com/player/Dennis-Schroder/Summary/26503), [Lindy Waters III](https://basketball.realgm.com/player/Lindy-Waters-III/Summary/89389), [Andrew Wiggins](https://basketball.realgm.com/player/Andrew-Wiggins/Summary/24682) and a conditional 2025 1st round pick (GOS own). [K.J. Martin](https://basketball.realgm.com/player/KJ-Martin/Summary/129710), [Josh Richardson](https://basketball.realgm.com/player/Josh-Richardson/Summary/28787), a Least Favorable 2028 2nd round pick, cash and a TPE were acquired by the Utah Jazz in exchange for [P.J. Tucker](https://basketball.realgm.com/player/PJ-Tucker/Summary/100) and a Swap 2031 2nd round picks."
2022-23,1630208,1610612766,team_trb_all_players/impact_database/roster_tenure/realgm_transactions_resilient/2024-25.txt.gz,1465,"*   [Nick Richards](https://basketball.realgm.com/player/Nick-Richards/Summary/88857), a Least Favorable 2025 2nd round pick and a TPE were acquired by the Phoenix Suns from the Charlotte Hornets in exchange for: [Josh Okogie](https://basketball.realgm.com/player/Josh-Okogie/Summary/94058), a 2026 2nd round pick (DEN own), a 2031 2nd round pick (PHX own) and a 2031 2nd round pick (DEN own)."
2022-23,1630208,1610612766,team_trb_all_players/impact_database/roster_tenure/realgm_transactions_resilient/2024-25.txt.gz,2063,*    The [Charlotte Hornets](https://basketball.realgm.com/nba/teams/Charlotte-Hornets/3/home) assigned [Nick Richards](https://basketball.realgm.com/player/Nick-Richards/Summary/88857) to the Greensboro Swarm of the G League.
2022-23,1630208,1610612766,team_trb_all_players/impact_database/roster_tenure/realgm_transactions_resilient/2024-25.txt.gz,2064,*    The [Charlotte Hornets](https://basketball.realgm.com/nba/teams/Charlotte-Hornets/3/home) recalled [Nick Richards](https://basketball.realgm.com/player/Nick-Richards/Summary/88857) from the Greensboro Swarm of the G League.
2022-23,1630208,1610612766,team_trb_all_players/impact_database/roster_tenure/realgm_transactions_resilient/2024-25.txt.gz,2690,"*   [Will Richardson](https://basketball.realgm.com/player/Will-Richardson/Summary/127258), previously with the [Denver Nuggets](https://basketball.realgm.com/nba/teams/Denver-Nuggets/7/home), became a free agent."
2022-23,1630208,1610612766,team_trb_all_players/impact_database/roster_tenure/realgm_transactions_resilient/2024-25.txt.gz,2733,*    The [Denver Nuggets](https://basketball.realgm.com/nba/teams/Denver-Nuggets/7/home) placed the contract of [Will Richardson](https://basketball.realgm.com/player/Will-Richardson/Summary/127258) on waivers.
2022-23,1630208,1610612766,team_trb_all_players/impact_database/roster_tenure/realgm_transactions_resilient/2024-25.txt.gz,2887,*   [Will Richardson](https://basketball.realgm.com/player/Will-Richardson/Summary/127258) signed a contract with the [Denver Nuggets](https://basketball.realgm.com/nba/teams/Denver-Nuggets/7/home).
2022-23,1630208,1610612766,team_trb_all_players/impact_database/roster_tenure/realgm_transactions_resilient/2024-25.txt.gz,4522,"Oct 7, 2024 [Will Richardson](https://basketball.realgm.com/player/Will-Richardson/Summary/127258)"
2022-23,1630208,1610612766,team_trb_all_players/impact_database/roster_tenure/realgm_transactions_resilient/2024-25.txt.gz,6784,"Nov 25, 2024 [Nick Richards](https://basketball.realgm.com/player/Nick-Richards/Summary/88857) (Assignment)"
2022-23,1630208,1610612766,team_trb_all_players/impact_database/roster_tenure/realgm_transactions_resilient/2024-25.txt.gz,6786,"Nov 25, 2024 [Nick Richards](https://basketball.realgm.com/player/Nick-Richards/Summary/88857) (Recall)"
2022-23,1630208,1610612766,team_trb_all_players/impact_database/roster_tenure/realgm_transactions_resilient/2024-25.txt.gz,7382,"Jun 25, 2025 [Jase Richardson](https://basketball.realgm.com/player/Jase-Richardson/Summary/191062)"
2022-23,1630208,1610612766,team_trb_all_players/impact_database/roster_tenure/realgm_transactions_resilient/2024-25.txt.gz,7560,"Feb 11, 2025 [Josh Richardson](https://basketball.realgm.com/player/Josh-Richardson/Summary/28787)"
2022-23,1630208,1610612766,team_trb_all_players/impact_database/roster_tenure/realgm_transactions_resilient/2024-25.txt.gz,7886,"Oct 18, 2024 [Will Richardson](https://basketball.realgm.com/player/Will-Richardson/Summary/127258)"
2022-23,1630208,1610612766,team_trb_all_players/impact_database/roster_tenure/realgm_transactions_resilient/2024-25.txt.gz,9036,"Feb 6, 2025 [Josh Richardson](https://basketball.realgm.com/player/Josh-Richardson/Summary/28787)"
2022-23,1630208,1610612766,team_trb_all_players/impact_database/roster_tenure/realgm_transactions_resilient/2024-25.txt.gz,9120,"Jan 15, 2025 [Nick Richards](https://basketball.realgm.com/player/Nick-Richards/Summary/88857)"
2022-23,1630208,1610612766,team_trb_all_players/impact_database/roster_tenure/realgm_transactions_resilient/2024-25.txt.gz,9428,"Feb 9, 2025 [Josh Richardson](https://basketball.realgm.com/player/Josh-Richardson/Summary/28787)"
2022-23,1630208,1610612766,team_trb_all_players/impact_database/roster_tenure/realgm_transactions_resilient/2024-25.txt.gz,9694,"Oct 16, 2024 [Will Richardson](https://basketball.realgm.com/player/Will-Richardson/Summary/127258)"
2022-23,1630208,1610612766,team_trb_all_players/impact_database/roster_tenure/realgm_transactions_resilient/2001-02.txt.gz,463,*    The [Los Angeles Clippers](https://basketball.realgm.com/nba/teams/Los-Angeles-Clippers/12/home) exercised their Team Option to extend the contract of [Quentin Richardson](https://basketball.realgm.com/player/Quentin-Richardson/Summary/167).
2022-23,1630208,1610612766,team_trb_all_players/impact_database/roster_tenure/realgm_transactions_resilient/2001-02.txt.gz,626,"*   [Travis Best](https://basketball.realgm.com/player/Travis-Best/Summary/632), [Norman Richardson](https://basketball.realgm.com/player/Norman-Richardson/Summary/1101), [Jalen Rose](https://basketball.realgm.com/player/Jalen-Rose/Summary/990), a 2002 2nd round pick (IND own) and a TPE were acquired by the Chicago Bulls from the Indiana Pacers in exchange for: [Ron Mercer](https://basketball.realgm.com/player/Ron-Mercer/Summary/585), [Brad Miller](https://basketball.realgm.com/player/Brad-Miller/Summary/885), [Kevin Ollie](https://basketball.realgm.com/player/Kevin-Ollie/Summary/702), [Metta World Peace](https://basketball.realgm.com/player/Metta-World-Peace/Summary/540) and a TPE."
2022-23,1630208,1610612766,team_trb_all_players/impact_database/roster_tenure/realgm_transactions_resilient/2001-02.txt.gz,1389,*   [Norman Richardson](https://basketball.realgm.com/player/Norman-Richardson/Summary/1101) signed a contract with the [Indiana Pacers](https://basketball.realgm.com/nba/teams/Indiana-Pacers/11/home).
2022-23,1630208,1610612766,team_trb_all_players/impact_database/roster_tenure/realgm_transactions_resilient/2001-02.txt.gz,1485,*   [Jason Richardson](https://basketball.realgm.com/player/Jason-Richardson/Summary/363) signed a multi-year contract with the [Golden State Warriors](https://basketball.realgm.com/nba/teams/Golden-State-Warriors/9/home).
2022-23,1630208,1610612766,team_trb_all_players/impact_database/roster_tenure/realgm_transactions_resilient/2001-02.txt.gz,2308,"Sep 20, 2001 [Norman Richardson](https://basketball.realgm.com/player/Norman-Richardson/Summary/1101)"
2022-23,1630208,1610612766,team_trb_all_players/impact_database/roster_tenure/realgm_transactions_resilient/2001-02.txt.gz,2368,"Aug 24, 2001 [Jason Richardson](https://basketball.realgm.com/player/Jason-Richardson/Summary/363)"
2022-23,1630208,1610612766,team_trb_all_players/impact_database/roster_tenure/realgm_transactions_resilient/2001-02.txt.gz,3570,"Apr 16, 2002 [Quentin Richardson](https://basketball.realgm.com/player/Quentin-Richardson/Summary/167)"
2022-23,1630208,1610612766,team_trb_all_players/impact_database/roster_tenure/realgm_transactions_resilient/2001-02.txt.gz,3658,"Feb 19, 2002 [Norman Richardson](https://basketball.realgm.com/player/Norman-Richardson/Summary/1101)"
2022-23,1630208,1610612766,team_trb_all_players/impact_database/roster_tenure/realgm_transactions_resilient/2006-07.txt.gz,378,*    The draft rights to [Brandan Wright](https://basketball.realgm.com/player/Brandan-Wright/Summary/45) and a TPE were acquired by the Golden State Warriors from the Charlotte Hornets in exchange for: [Jason Richardson](https://basketball.realgm.com/player/Jason-Richardson/Summary/363) and the draft rights to [Jermareo Davidson](https://basketball.realgm.com/player/Jermareo-Davidson/Summary/5).
2022-23,1630208,1610612766,team_trb_all_players/impact_database/roster_tenure/realgm_transactions_resilient/2006-07.txt.gz,639,"*   [Jeremy Richardson](https://basketball.realgm.com/player/Jeremy-Richardson/Summary/309), previously with the [Portland Trail Blazers](https://basketball.realgm.com/nba/teams/Portland-Trail-Blazers/24/home), became a free agent."
2022-23,1630208,1610612766,team_trb_all_players/impact_database/roster_tenure/realgm_transactions_resilient/2006-07.txt.gz,675,*   [Jeremy Richardson](https://basketball.realgm.com/player/Jeremy-Richardson/Summary/309) signed a contract with the [Portland Trail Blazers](https://basketball.realgm.com/nba/teams/Portland-Trail-Blazers/24/home).
2022-23,1630208,1610612766,team_trb_all_players/impact_database/roster_tenure/realgm_transactions_resilient/2006-07.txt.gz,748,"*   [Jeremy Richardson](https://basketball.realgm.com/player/Jeremy-Richardson/Summary/309), previously with the [Atlanta Hawks](https://basketball.realgm.com/nba/teams/Atlanta-Hawks/1/home), became a free agent."
2022-23,1630208,1610612766,team_trb_all_players/impact_database/roster_tenure/realgm_transactions_resilient/2006-07.txt.gz,788,"*   [Jeremy Richardson](https://basketball.realgm.com/player/Jeremy-Richardson/Summary/309), previously with the [Atlanta Hawks](https://basketball.realgm.com/nba/teams/Atlanta-Hawks/1/home), became a free agent."
2022-23,1630208,1610612766,team_trb_all_players/impact_database/roster_tenure/realgm_transactions_resilient/2006-07.txt.gz,789,*   [Jeremy Richardson](https://basketball.realgm.com/player/Jeremy-Richardson/Summary/309) signed a contract with the [Atlanta Hawks](https://basketball.realgm.com/nba/teams/Atlanta-Hawks/1/home).
2022-23,1630208,1610612766,team_trb_all_players/impact_database/roster_tenure/realgm_transactions_resilient/2006-07.txt.gz,826,*   [Jeremy Richardson](https://basketball.realgm.com/player/Jeremy-Richardson/Summary/309) signed a contract with the [Atlanta Hawks](https://basketball.realgm.com/nba/teams/Atlanta-Hawks/1/home).
2022-23,1630208,1610612766,team_trb_all_players/impact_database/roster_tenure/realgm_transactions_resilient/2006-07.txt.gz,2089,"Mar 2, 2007 [Jeremy Richardson](https://basketball.realgm.com/player/Jeremy-Richardson/Summary/309)"
2022-23,1630208,1610612766,team_trb_all_players/impact_database/roster_tenure/realgm_transactions_resilient/2006-07.txt.gz,2113,"Feb 6, 2007 [Jeremy Richardson](https://basketball.realgm.com/player/Jeremy-Richardson/Summary/309)"
2022-23,1630208,1610612766,team_trb_all_players/impact_database/roster_tenure/realgm_transactions_resilient/2006-07.txt.gz,2123,"Jan 27, 2007 [Jeremy Richardson](https://basketball.realgm.com/player/Jeremy-Richardson/Summary/309)"
2022-23,1630208,1610612766,team_trb_all_players/impact_database/roster_tenure/realgm_transactions_resilient/2006-07.txt.gz,3021,"Mar 12, 2007 [Jeremy Richardson](https://basketball.realgm.com/player/Jeremy-Richardson/Summary/309)"
2022-23,1630208,1610612766,team_trb_all_players/impact_database/roster_tenure/realgm_transactions_resilient/2006-07.txt.gz,3045,"Feb 16, 2007 [Jeremy Richardson](https://basketball.realgm.com/player/Jeremy-Richardson/Summary/309)"
2022-23,1630208,1610612766,team_trb_all_players/impact_database/roster_tenure/realgm_transactions_resilient/2006-07.txt.gz,3057,"Feb 6, 2007 [Jeremy Richardson](https://basketball.realgm.com/player/Jeremy-Richardson/Summary/309)"
2022-23,1630208,1610612766,team_trb_all_players/impact_database/roster_tenure/realgm_transactions_resilient/2006-07.txt.gz,3837,"Jun 28, 2007 [Jason Richardson](https://basketball.realgm.com/player/Jason-Richardson/Summary/363)"
2022-23,1630208,1610612766,team_trb_all_players/impact_database/roster_tenure/realgm_transactions_resilient/2008-09.txt.gz,383,*   [Darko Milicic](https://basketball.realgm.com/player/Darko-Milicic/Summary/191) and a TPE were acquired by the New York Knicks from the Memphis Grizzlies in exchange for: [Quentin Richardson](https://basketball.realgm.com/player/Quentin-Richardson/Summary/167) and cash.
2022-23,1630208,1610612766,team_trb_all_players/impact_database/roster_tenure/realgm_transactions_resilient/2008-09.txt.gz,1099,*   [Jeremy Richardson](https://basketball.realgm.com/player/Jeremy-Richardson/Summary/309) signed a contract with the [Orlando Magic](https://basketball.realgm.com/nba/teams/Orlando-Magic/21/home).
2022-23,1630208,1610612766,team_trb_all_players/impact_database/roster_tenure/realgm_transactions_resilient/2008-09.txt.gz,1107,"*   [Raja Bell](https://basketball.realgm.com/player/Raja-Bell/Summary/690), [Boris Diaw](https://basketball.realgm.com/player/Boris-Diaw/Summary/459), [Sean Singletary](https://basketball.realgm.com/player/Sean-Singletary/Summary/798) and a TPE were acquired by the Charlotte Hornets from the Phoenix Suns in exchange for: [Jared Dudley](https://basketball.realgm.com/player/Jared-Dudley/Summary/44), [Jason Richardson](https://basketball.realgm.com/player/Jason-Richardson/Summary/363), a 2010 2nd round pick (CHA own) and a TPE."
2022-23,1630208,1610612766,team_trb_all_players/impact_database/roster_tenure/realgm_transactions_resilient/2008-09.txt.gz,1108,"*   [Jeremy Richardson](https://basketball.realgm.com/player/Jeremy-Richardson/Summary/309), previously with the [Orlando Magic](https://basketball.realgm.com/nba/teams/Orlando-Magic/21/home), became a free agent."
2022-23,1630208,1610612766,team_trb_all_players/impact_database/roster_tenure/realgm_transactions_resilient/2008-09.txt.gz,1116,*    The [Orlando Magic](https://basketball.realgm.com/nba/teams/Orlando-Magic/21/home) placed the contract of [Jeremy Richardson](https://basketball.realgm.com/player/Jeremy-Richardson/Summary/309) on waivers.
2022-23,1630208,1610612766,team_trb_all_players/impact_database/roster_tenure/realgm_transactions_resilient/2008-09.txt.gz,1246,"*   [Jason Richards](https://basketball.realgm.com/player/Jason-Richards/Summary/797), previously with the [Miami Heat](https://basketball.realgm.com/nba/teams/Miami-Heat/15/home), became a free agent."
2022-23,1631121,1610612766,team_trb_all_players/impact_database/roster_tenure/normalized_transactions.jsonl.gz,10973,"{""exact_date"": ""2022-07-02"", ""season"": ""2022-23"", ""event_type"": ""acquire"", ""player_id"": ""1631121"", ""player_name"": ""Bryce McGowens"", ""source_player_ref"": ""bryce-mcgowens"", ""source_team_id"": null, ""destination_team_id"": 1610612766, ""source_team_name"": null, ""destination_team_name"": null, ""source_system"": ""Official NBA Player Movement feed"", ""source_reference"": ""https://stats.nba.com/js/data/playermovement/NBA_Player_Movement.json#row-3976"", ""identity_resolution"": ""official_nba_player_id"", ""team_resolution"": ""official_team_id"", ""raw_text"": ""Charlotte Hornets re-signed guard Bryce McGowens to a Two-Way Contract."", ""confidence"": ""high""}"
2022-23,1631121,1610612766,team_trb_all_players/impact_database/roster_tenure/normalized_transactions.jsonl.gz,11656,"{""exact_date"": ""2023-02-26"", ""season"": ""2022-23"", ""event_type"": ""acquire"", ""player_id"": ""1631121"", ""player_name"": ""Bryce McGowens"", ""source_player_ref"": ""bryce-mcgowens"", ""source_team_id"": null, ""destination_team_id"": 1610612766, ""source_team_name"": null, ""destination_team_name"": null, ""source_system"": ""Official NBA Player Movement feed"", ""source_reference"": ""https://stats.nba.com/js/data/playermovement/NBA_Player_Movement.json#row-3252"", ""identity_resolution"": ""official_nba_player_id"", ""team_resolution"": ""official_team_id"", ""raw_text"": ""Charlotte Hornets re-signed guard Bryce McGowens to a Rest-of-Season Contract."", ""confidence"": ""high""}"
2022-23,1631121,1610612766,team_trb_all_players/impact_database/roster_tenure/normalized_transactions.jsonl.gz,13019,"{""exact_date"": ""2024-07-06"", ""season"": ""2024-25"", ""event_type"": ""depart"", ""player_id"": ""1631121"", ""player_name"": ""Bryce McGowens"", ""source_player_ref"": ""bryce-mcgowens"", ""source_team_id"": 1610612766, ""destination_team_id"": null, ""source_team_name"": null, ""destination_team_name"": null, ""source_system"": ""Official NBA Player Movement feed"", ""source_reference"": ""https://stats.nba.com/js/data/playermovement/NBA_Player_Movement.json#row-2120"", ""identity_resolution"": ""official_nba_player_id"", ""team_resolution"": ""official_team_id"", ""raw_text"": ""Charlotte Hornets waived guard Bryce McGowens."", ""confidence"": ""high""}"
2022-23,1631121,1610612766,team_trb_all_players/impact_database/roster_tenure/normalized_transactions.jsonl.gz,13111,"{""exact_date"": ""2024-07-11"", ""season"": ""2024-25"", ""event_type"": ""acquire"", ""player_id"": ""1631121"", ""player_name"": ""Bryce McGowens"", ""source_player_ref"": ""bryce-mcgowens"", ""source_team_id"": null, ""destination_team_id"": 1610612757, ""source_team_name"": null, ""destination_team_name"": null, ""source_system"": ""Official NBA Player Movement feed"", ""source_reference"": ""https://stats.nba.com/js/data/playermovement/NBA_Player_Movement.json#row-1985"", ""identity_resolution"": ""official_nba_player_id"", ""team_resolution"": ""official_team_id"", ""raw_text"": ""Portland Trail Blazers signed guard Bryce McGowens to a Two-Way Contract."", ""confidence"": ""high""}"
2022-23,1631121,1610612766,team_trb_all_players/impact_database/roster_tenure/normalized_transactions.jsonl.gz,14286,"{""exact_date"": ""2025-07-30"", ""season"": ""2025-26"", ""event_type"": ""acquire"", ""player_id"": ""1631121"", ""player_name"": ""Bryce McGowens"", ""source_player_ref"": ""bryce-mcgowens"", ""source_team_id"": null, ""destination_team_id"": 1610612740, ""source_team_name"": null, ""destination_team_name"": null, ""source_system"": ""Official NBA Player Movement feed"", ""source_reference"": ""https://stats.nba.com/js/data/playermovement/NBA_Player_Movement.json#row-969"", ""identity_resolution"": ""official_nba_player_id"", ""team_resolution"": ""official_team_id"", ""raw_text"": ""New Orleans Pelicans signed guard Bryce McGowens to a Two-Way Contract."", ""confidence"": ""high""}"
2022-23,1631121,1610612766,team_trb_all_players/impact_database/roster_tenure/normalized_transactions.jsonl.gz,14859,"{""exact_date"": ""2026-02-20"", ""season"": ""2025-26"", ""event_type"": ""acquire"", ""player_id"": ""1631121"", ""player_name"": ""Bryce McGowens"", ""source_player_ref"": ""bryce-mcgowens"", ""source_team_id"": null, ""destination_team_id"": 1610612740, ""source_team_name"": null, ""destination_team_name"": null, ""source_system"": ""Official NBA Player Movement feed"", ""source_reference"": ""https://stats.nba.com/js/data/playermovement/NBA_Player_Movement.json#row-376"", ""identity_resolution"": ""official_nba_player_id"", ""team_resolution"": ""official_team_id"", ""raw_text"": ""New Orleans Pelicans re-signed guard Bryce McGowens to a Rest-of-Season Contract."", ""confidence"": ""high""}"
2022-23,1631121,1610612766,team_trb_all_players/impact_database/roster_tenure/realgm_transactions_resilient/2024-25.txt.gz,3566,*   [Bryce McGowens](https://basketball.realgm.com/player/Bryce-McGowens/Summary/151325) signed a two-way contract with the [Portland Trail Blazers](https://basketball.realgm.com/nba/teams/Portland-Trail-Blazers/24/home).
2022-23,1631121,1610612766,team_trb_all_players/impact_database/roster_tenure/realgm_transactions_resilient/2024-25.txt.gz,3631,"*   [Bryce McGowens](https://basketball.realgm.com/player/Bryce-McGowens/Summary/151325), previously with the [Charlotte Hornets](https://basketball.realgm.com/nba/teams/Charlotte-Hornets/3/home), became a free agent."
2022-23,1631121,1610612766,team_trb_all_players/impact_database/roster_tenure/realgm_transactions_resilient/2024-25.txt.gz,3700,*    The [Charlotte Hornets](https://basketball.realgm.com/nba/teams/Charlotte-Hornets/3/home) placed the contract of [Bryce McGowens](https://basketball.realgm.com/player/Bryce-McGowens/Summary/151325) on waivers.
2022-23,1631121,1610612766,team_trb_all_players/impact_database/roster_tenure/realgm_transactions_resilient/2024-25.txt.gz,4998,"Jul 11, 2024 [Bryce McGowens](https://basketball.realgm.com/player/Bryce-McGowens/Summary/151325)"
2022-23,1631121,1610612766,team_trb_all_players/impact_database/roster_tenure/realgm_transactions_resilient/2024-25.txt.gz,8144,"Jul 8, 2024 [Bryce McGowens](https://basketball.realgm.com/player/Bryce-McGowens/Summary/151325)"
2022-23,1631121,1610612766,team_trb_all_players/impact_database/roster_tenure/realgm_transactions_resilient/2024-25.txt.gz,9930,"Jul 6, 2024 [Bryce McGowens](https://basketball.realgm.com/player/Bryce-McGowens/Summary/151325)"
2023-24,1630346,1610612740,team_trb_all_players/impact_database/roster_tenure/normalized_transactions.jsonl.gz,10074,"{""exact_date"": ""2021-10-10"", ""season"": ""2021-22"", ""event_type"": ""depart"", ""player_id"": ""1630346"", ""player_name"": ""Matt Ryan"", ""source_player_ref"": ""matt-ryan"", ""source_team_id"": 1610612743, ""destination_team_id"": null, ""source_team_name"": null, ""destination_team_name"": null, ""source_system"": ""Official NBA Player Movement feed"", ""source_reference"": ""https://stats.nba.com/js/data/playermovement/NBA_Player_Movement.json#row-4710"", ""identity_resolution"": ""official_nba_player_id"", ""team_resolution"": ""official_team_id"", ""raw_text"": ""Denver Nuggets waived forward Matt Ryan."", ""confidence"": ""high""}"
2023-24,1630346,1610612740,team_trb_all_players/impact_database/roster_tenure/normalized_transactions.jsonl.gz,10798,"{""exact_date"": ""2022-02-28"", ""season"": ""2021-22"", ""event_type"": ""acquire"", ""player_id"": ""1630346"", ""player_name"": ""Matt Ryan"", ""source_player_ref"": ""matt-ryan"", ""source_team_id"": null, ""destination_team_id"": 1610612738, ""source_team_name"": null, ""destination_team_name"": null, ""source_system"": ""Official NBA Player Movement feed"", ""source_reference"": ""https://stats.nba.com/js/data/playermovement/NBA_Player_Movement.json#row-4124"", ""identity_resolution"": ""official_nba_player_id"", ""team_resolution"": ""official_team_id"", ""raw_text"": ""Boston Celtics signed forward Matt Ryan to a Two-Way Contract."", ""confidence"": ""high""}"
2023-24,1630346,1610612740,team_trb_all_players/impact_database/roster_tenure/normalized_transactions.jsonl.gz,11479,"{""exact_date"": ""2022-12-01"", ""season"": ""2022-23"", ""event_type"": ""depart"", ""player_id"": ""1630346"", ""player_name"": ""Matt Ryan"", ""source_player_ref"": ""matt-ryan"", ""source_team_id"": 1610612747, ""destination_team_id"": null, ""source_team_name"": null, ""destination_team_name"": null, ""source_system"": ""Official NBA Player Movement feed"", ""source_reference"": ""https://stats.nba.com/js/data/playermovement/NBA_Player_Movement.json#row-3444"", ""identity_resolution"": ""official_nba_player_id"", ""team_resolution"": ""official_team_id"", ""raw_text"": ""Los Angeles Lakers waived forward Matt Ryan."", ""confidence"": ""high""}"
2023-24,1630346,1610612740,team_trb_all_players/impact_database/roster_tenure/normalized_transactions.jsonl.gz,11481,"{""exact_date"": ""2022-12-07"", ""season"": ""2022-23"", ""event_type"": ""acquire"", ""player_id"": ""1630346"", ""player_name"": ""Matt Ryan"", ""source_player_ref"": ""matt-ryan"", ""source_team_id"": null, ""destination_team_id"": 1610612750, ""source_team_name"": null, ""destination_team_name"": null, ""source_system"": ""Official NBA Player Movement feed"", ""source_reference"": ""https://stats.nba.com/js/data/playermovement/NBA_Player_Movement.json#row-3441"", ""identity_resolution"": ""official_nba_player_id"", ""team_resolution"": ""official_team_id"", ""raw_text"": ""Minnesota Timberwolves signed forward Matt Ryan to a Two-Way Contract."", ""confidence"": ""high""}"
2023-24,1630346,1610612740,team_trb_all_players/impact_database/roster_tenure/normalized_transactions.jsonl.gz,12085,"{""exact_date"": ""2023-09-26"", ""season"": ""2023-24"", ""event_type"": ""acquire"", ""player_id"": ""1630346"", ""player_name"": ""Matt Ryan"", ""source_player_ref"": ""matt-ryan"", ""source_team_id"": null, ""destination_team_id"": 1610612750, ""source_team_name"": null, ""destination_team_name"": null, ""source_system"": ""Official NBA Player Movement feed"", ""source_reference"": ""https://stats.nba.com/js/data/playermovement/NBA_Player_Movement.json#row-2813"", ""identity_resolution"": ""official_nba_player_id"", ""team_resolution"": ""official_team_id"", ""raw_text"": ""Minnesota Timberwolves re-signed forward Matt Ryan to a Two-Way Contract."", ""confidence"": ""high""}"
2023-24,1630346,1610612740,team_trb_all_players/impact_database/roster_tenure/normalized_transactions.jsonl.gz,12229,"{""exact_date"": ""2023-10-20"", ""season"": ""2023-24"", ""event_type"": ""depart"", ""player_id"": ""1630346"", ""player_name"": ""Matt Ryan"", ""source_player_ref"": ""matt-ryan"", ""source_team_id"": 1610612750, ""destination_team_id"": null, ""source_team_name"": null, ""destination_team_name"": null, ""source_system"": ""Official NBA Player Movement feed"", ""source_reference"": ""https://stats.nba.com/js/data/playermovement/NBA_Player_Movement.json#row-2657"", ""identity_resolution"": ""official_nba_player_id"", ""team_resolution"": ""official_team_id"", ""raw_text"": ""Minnesota Timberwolves waived forward Matt Ryan."", ""confidence"": ""high""}"
2023-24,1630346,1610612740,team_trb_all_players/impact_database/roster_tenure/normalized_transactions.jsonl.gz,12309,"{""exact_date"": ""2023-10-22"", ""season"": ""2023-24"", ""event_type"": ""claim"", ""player_id"": ""1630346"", ""player_name"": ""Matt Ryan"", ""source_player_ref"": ""matt-ryan"", ""source_team_id"": null, ""destination_team_id"": 1610612740, ""source_team_name"": null, ""destination_team_name"": null, ""source_system"": ""Official NBA Player Movement feed"", ""source_reference"": ""https://stats.nba.com/js/data/playermovement/NBA_Player_Movement.json#row-2574"", ""identity_resolution"": ""official_nba_player_id"", ""team_resolution"": ""official_team_id"", ""raw_text"": ""New Orleans Pelicans claimed forward Matt Ryan off waivers."", ""confidence"": ""high""}"
2023-24,1630346,1610612740,team_trb_all_players/impact_database/roster_tenure/normalized_transactions.jsonl.gz,12706,"{""exact_date"": ""2024-04-13"", ""season"": ""2023-24"", ""event_type"": ""acquire"", ""player_id"": ""1630346"", ""player_name"": ""Matt Ryan"", ""source_player_ref"": ""matt-ryan"", ""source_team_id"": null, ""destination_team_id"": 1610612740, ""source_team_name"": null, ""destination_team_name"": null, ""source_system"": ""Official NBA Player Movement feed"", ""source_reference"": ""https://stats.nba.com/js/data/playermovement/NBA_Player_Movement.json#row-2201"", ""identity_resolution"": ""official_nba_player_id"", ""team_resolution"": ""official_team_id"", ""raw_text"": ""New Orleans Pelicans re-signed forward Matt Ryan to a Rest-of-Season Contract."", ""confidence"": ""high""}"
2023-24,1630346,1610612740,team_trb_all_players/impact_database/roster_tenure/normalized_transactions.jsonl.gz,13229,"{""exact_date"": ""2024-08-23"", ""season"": ""2024-25"", ""event_type"": ""depart"", ""player_id"": ""1630346"", ""player_name"": ""Matt Ryan"", ""source_player_ref"": ""matt-ryan"", ""source_team_id"": 1610612740, ""destination_team_id"": null, ""source_team_name"": null, ""destination_team_name"": null, ""source_system"": ""Official NBA Player Movement feed"", ""source_reference"": ""https://stats.nba.com/js/data/playermovement/NBA_Player_Movement.json#row-1887"", ""identity_resolution"": ""official_nba_player_id"", ""team_resolution"": ""official_team_id"", ""raw_text"": ""New Orleans Pelicans waived forward Matt Ryan."", ""confidence"": ""high""}"
2023-24,1630346,1610612740,team_trb_all_players/impact_database/roster_tenure/normalized_transactions.jsonl.gz,13236,"{""exact_date"": ""2024-08-27"", ""season"": ""2024-25"", ""event_type"": ""acquire"", ""player_id"": ""1630346"", ""player_name"": ""Matt Ryan"", ""source_player_ref"": null, ""source_team_id"": null, ""destination_team_id"": 1610612740, ""source_team_name"": null, ""destination_team_name"": ""New Orleans Pelicans"", ""source_system"": ""RealGM league transaction history"", ""source_reference"": ""https://basketball.realgm.com/nba/transactions/league/2025"", ""identity_resolution"": ""realgm_name+core_team_context"", ""team_resolution"": ""realgm_historical_team_alias"", ""raw_text"": ""Matt Ryan signed a contract with the New Orleans Pelicans."", ""confidence"": ""high"", ""realgm_subtype"": ""signing""}"
2023-24,1630346,1610612740,team_trb_all_players/impact_database/roster_tenure/normalized_transactions.jsonl.gz,13434,"{""exact_date"": ""2024-10-10"", ""season"": ""2024-25"", ""event_type"": ""depart"", ""player_id"": ""1630346"", ""player_name"": ""Matt Ryan"", ""source_player_ref"": ""matt-ryan"", ""source_team_id"": 1610612740, ""destination_team_id"": null, ""source_team_name"": null, ""destination_team_name"": null, ""source_system"": ""Official NBA Player Movement feed"", ""source_reference"": ""https://stats.nba.com/js/data/playermovement/NBA_Player_Movement.json#row-1774"", ""identity_resolution"": ""official_nba_player_id"", ""team_resolution"": ""official_team_id"", ""raw_text"": ""New Orleans Pelicans waived forward Matt Ryan."", ""confidence"": ""high""}"
2023-24,1630346,1610612740,team_trb_all_players/impact_database/roster_tenure/normalized_transactions.jsonl.gz,13634,"{""exact_date"": ""2024-11-05"", ""season"": ""2024-25"", ""event_type"": ""acquire"", ""player_id"": ""1630346"", ""player_name"": ""Matt Ryan"", ""source_player_ref"": ""matt-ryan"", ""source_team_id"": null, ""destination_team_id"": 1610612752, ""source_team_name"": null, ""destination_team_name"": null, ""source_system"": ""Official NBA Player Movement feed"", ""source_reference"": ""https://stats.nba.com/js/data/playermovement/NBA_Player_Movement.json#row-1596"", ""identity_resolution"": ""official_nba_player_id"", ""team_resolution"": ""official_team_id"", ""raw_text"": ""New York Knicks signed forward Matt Ryan to a Rest-of-Season Contract."", ""confidence"": ""high""}"
2023-24,1630346,1610612740,team_trb_all_players/impact_database/roster_tenure/normalized_transactions.jsonl.gz,13670,"{""exact_date"": ""2024-12-22"", ""season"": ""2024-25"", ""event_type"": ""depart"", ""player_id"": ""1630346"", ""player_name"": ""Matt Ryan"", ""source_player_ref"": ""matt-ryan"", ""source_team_id"": 1610612752, ""destination_team_id"": null, ""source_team_name"": null, ""destination_team_name"": null, ""source_system"": ""Official NBA Player Movement feed"", ""source_reference"": ""https://stats.nba.com/js/data/playermovement/NBA_Player_Movement.json#row-1566"", ""identity_resolution"": ""official_nba_player_id"", ""team_resolution"": ""official_team_id"", ""raw_text"": ""New York Knicks waived forward Matt Ryan."", ""confidence"": ""high""}"
2023-24,1630346,1610612740,team_trb_all_players/impact_database/roster_tenure/normalized_transactions.jsonl.gz,13672,"{""exact_date"": ""2024-12-24"", ""season"": ""2024-25"", ""event_type"": ""acquire"", ""player_id"": ""1630346"", ""player_name"": ""Matt Ryan"", ""source_player_ref"": ""matt-ryan"", ""source_team_id"": null, ""destination_team_id"": 1610612752, ""source_team_name"": null, ""destination_team_name"": null, ""source_system"": ""Official NBA Player Movement feed"", ""source_reference"": ""https://stats.nba.com/js/data/playermovement/NBA_Player_Movement.json#row-1562"", ""identity_resolution"": ""official_nba_player_id"", ""team_resolution"": ""official_team_id"", ""raw_text"": ""New York Knicks signed forward Matt Ryan to a Two-Way Contract."", ""confidence"": ""high""}"
2023-24,1630346,1610612740,team_trb_all_players/impact_database/roster_tenure/normalized_transactions.jsonl.gz,13898,"{""exact_date"": ""2025-03-01"", ""season"": ""2024-25"", ""event_type"": ""depart"", ""player_id"": ""1630346"", ""player_name"": ""Matt Ryan"", ""source_player_ref"": ""matt-ryan"", ""source_team_id"": 1610612752, ""destination_team_id"": null, ""source_team_name"": null, ""destination_team_name"": null, ""source_system"": ""Official NBA Player Movement feed"", ""source_reference"": ""https://stats.nba.com/js/data/playermovement/NBA_Player_Movement.json#row-1335"", ""identity_resolution"": ""official_nba_player_id"", ""team_resolution"": ""official_team_id"", ""raw_text"": ""New York Knicks waived forward Matt Ryan."", ""confidence"": ""high""}"
2023-24,1630346,1610612740,team_trb_all_players/impact_database/roster_tenure/normalized_transactions.jsonl.gz,13940,"{""exact_date"": ""2025-03-04"", ""season"": ""2024-25"", ""event_type"": ""depart"", ""player_id"": ""1630346"", ""player_name"": ""Matt Ryan"", ""source_player_ref"": null, ""source_team_id"": 1610612752, ""destination_team_id"": null, ""source_team_name"": ""New York Knicks"", ""destination_team_name"": null, ""source_system"": ""RealGM league transaction history"", ""source_reference"": ""https://basketball.realgm.com/nba/transactions/league/2025"", ""identity_resolution"": ""realgm_name+core_team_context"", ""team_resolution"": ""realgm_historical_team_alias"", ""raw_text"": ""Matt Ryan, previously with the New York Knicks, became a free agent."", ""confidence"": ""high"", ""realgm_subtype"": ""free_agent""}"
2023-24,1630346,1610612740,team_trb_all_players/impact_database/roster_tenure/normalized_transactions.jsonl.gz,14557,"{""exact_date"": ""2025-10-18"", ""season"": ""2025-26"", ""event_type"": ""depart"", ""player_id"": ""1630346"", ""player_name"": ""Matt Ryan"", ""source_player_ref"": ""matt-ryan"", ""source_team_id"": 1610612752, ""destination_team_id"": null, ""source_team_name"": null, ""destination_team_name"": null, ""source_system"": ""Official NBA Player Movement feed"", ""source_reference"": ""https://stats.nba.com/js/data/playermovement/NBA_Player_Movement.json#row-689"", ""identity_resolution"": ""official_nba_player_id"", ""team_resolution"": ""official_team_id"", ""raw_text"": ""New York Knicks waived forward Matt Ryan."", ""confidence"": ""high""}"
2023-24,1630346,1610612740,team_trb_all_players/impact_database/roster_tenure/realgm_transactions_resilient/2024-25.txt.gz,869,"*   [Matt Ryan](https://basketball.realgm.com/player/Matt-Ryan/Summary/83984), previously with the [New York Knicks](https://basketball.realgm.com/nba/teams/New-York-Knicks/20/home), became a free agent."
2023-24,1630346,1610612740,team_trb_all_players/impact_database/roster_tenure/realgm_transactions_resilient/2024-25.txt.gz,929,*    The [New York Knicks](https://basketball.realgm.com/nba/teams/New-York-Knicks/20/home) ended the two-way contract of [Matt Ryan](https://basketball.realgm.com/player/Matt-Ryan/Summary/83984).
2023-24,1630346,1610612740,team_trb_all_players/impact_database/roster_tenure/realgm_transactions_resilient/2024-25.txt.gz,1730,*   [Matt Ryan](https://basketball.realgm.com/player/Matt-Ryan/Summary/83984) signed a two-way contract with the [New York Knicks](https://basketball.realgm.com/nba/teams/New-York-Knicks/20/home).
2023-24,1630346,1610612740,team_trb_all_players/impact_database/roster_tenure/realgm_transactions_resilient/2024-25.txt.gz,1732,"*   [Matt Ryan](https://basketball.realgm.com/player/Matt-Ryan/Summary/83984), previously with the [New York Knicks](https://basketball.realgm.com/nba/teams/New-York-Knicks/20/home), became a free agent."
2023-24,1630346,1610612740,team_trb_all_players/impact_database/roster_tenure/realgm_transactions_resilient/2024-25.txt.gz,1758,*    The [New York Knicks](https://basketball.realgm.com/nba/teams/New-York-Knicks/20/home) placed the contract of [Matt Ryan](https://basketball.realgm.com/player/Matt-Ryan/Summary/83984) on waivers.
2023-24,1630346,1610612740,team_trb_all_players/impact_database/roster_tenure/realgm_transactions_resilient/2024-25.txt.gz,1807,*    The [New York Knicks](https://basketball.realgm.com/nba/teams/New-York-Knicks/20/home) assigned [Matt Ryan](https://basketball.realgm.com/player/Matt-Ryan/Summary/83984) to the Westchester Knicks of the G League.
2023-24,1630346,1610612740,team_trb_all_players/impact_database/roster_tenure/realgm_transactions_resilient/2024-25.txt.gz,1808,*    The [New York Knicks](https://basketball.realgm.com/nba/teams/New-York-Knicks/20/home) recalled [Matt Ryan](https://basketball.realgm.com/player/Matt-Ryan/Summary/83984) from the Westchester Knicks of the G League.
2023-24,1630346,1610612740,team_trb_all_players/impact_database/roster_tenure/realgm_transactions_resilient/2024-25.txt.gz,1855,*    The [New York Knicks](https://basketball.realgm.com/nba/teams/New-York-Knicks/20/home) assigned [Matt Ryan](https://basketball.realgm.com/player/Matt-Ryan/Summary/83984) to the Westchester Knicks of the G League.
2023-24,1630346,1610612740,team_trb_all_players/impact_database/roster_tenure/realgm_transactions_resilient/2024-25.txt.gz,1856,*    The [New York Knicks](https://basketball.realgm.com/nba/teams/New-York-Knicks/20/home) recalled [Matt Ryan](https://basketball.realgm.com/player/Matt-Ryan/Summary/83984) from the Westchester Knicks of the G League.
2023-24,1630346,1610612740,team_trb_all_players/impact_database/roster_tenure/realgm_transactions_resilient/2024-25.txt.gz,1870,*    The [New York Knicks](https://basketball.realgm.com/nba/teams/New-York-Knicks/20/home) assigned [Matt Ryan](https://basketball.realgm.com/player/Matt-Ryan/Summary/83984) to the Westchester Knicks of the G League.
2023-24,1630346,1610612740,team_trb_all_players/impact_database/roster_tenure/realgm_transactions_resilient/2024-25.txt.gz,1871,*    The [New York Knicks](https://basketball.realgm.com/nba/teams/New-York-Knicks/20/home) recalled [Matt Ryan](https://basketball.realgm.com/player/Matt-Ryan/Summary/83984) from the Westchester Knicks of the G League.
2023-24,1630346,1610612740,team_trb_all_players/impact_database/roster_tenure/realgm_transactions_resilient/2024-25.txt.gz,2311,*   [Matt Ryan](https://basketball.realgm.com/player/Matt-Ryan/Summary/83984) signed a contract with the [New York Knicks](https://basketball.realgm.com/nba/teams/New-York-Knicks/20/home).
2023-24,1630346,1610612740,team_trb_all_players/impact_database/roster_tenure/realgm_transactions_resilient/2024-25.txt.gz,2822,"*   [Matt Ryan](https://basketball.realgm.com/player/Matt-Ryan/Summary/83984), previously with the [New Orleans Pelicans](https://basketball.realgm.com/nba/teams/New-Orleans-Pelicans/19/home), became a free agent."
2023-24,1630346,1610612740,team_trb_all_players/impact_database/roster_tenure/realgm_transactions_resilient/2024-25.txt.gz,2844,*    The [New Orleans Pelicans](https://basketball.realgm.com/nba/teams/New-Orleans-Pelicans/19/home) placed the contract of [Matt Ryan](https://basketball.realgm.com/player/Matt-Ryan/Summary/83984) on waivers.
2023-24,1630346,1610612740,team_trb_all_players/impact_database/roster_tenure/realgm_transactions_resilient/2024-25.txt.gz,3299,*   [Matt Ryan](https://basketball.realgm.com/player/Matt-Ryan/Summary/83984) signed a contract with the [New Orleans Pelicans](https://basketball.realgm.com/nba/teams/New-Orleans-Pelicans/19/home).
2023-24,1630346,1610612740,team_trb_all_players/impact_database/roster_tenure/realgm_transactions_resilient/2024-25.txt.gz,3314,"*   [Matt Ryan](https://basketball.realgm.com/player/Matt-Ryan/Summary/83984), previously with the [New Orleans Pelicans](https://basketball.realgm.com/nba/teams/New-Orleans-Pelicans/19/home), became a free agent."
2023-24,1630346,1610612740,team_trb_all_players/impact_database/roster_tenure/realgm_transactions_resilient/2024-25.txt.gz,3321,*    The [New Orleans Pelicans](https://basketball.realgm.com/nba/teams/New-Orleans-Pelicans/19/home) placed the contract of [Matt Ryan](https://basketball.realgm.com/player/Matt-Ryan/Summary/83984) on waivers.
2023-24,1630346,1610612740,team_trb_all_players/impact_database/roster_tenure/realgm_transactions_resilient/2024-25.txt.gz,4340,"Dec 24, 2024 [Matt Ryan](https://basketball.realgm.com/player/Matt-Ryan/Summary/83984)"
2023-24,1630346,1610612740,team_trb_all_players/impact_database/roster_tenure/realgm_transactions_resilient/2024-25.txt.gz,4370,"Nov 5, 2024 [Matt Ryan](https://basketball.realgm.com/player/Matt-Ryan/Summary/83984)"
2023-24,1630346,1610612740,team_trb_all_players/impact_database/roster_tenure/realgm_transactions_resilient/2024-25.txt.gz,4810,"Aug 27, 2024 [Matt Ryan](https://basketball.realgm.com/player/Matt-Ryan/Summary/83984)"
2023-24,1630346,1610612740,team_trb_all_players/impact_database/roster_tenure/realgm_transactions_resilient/2024-25.txt.gz,6418,"Dec 16, 2024 [Matt Ryan](https://basketball.realgm.com/player/Matt-Ryan/Summary/83984) (Assignment)"
2023-24,1630346,1610612740,team_trb_all_players/impact_database/roster_tenure/realgm_transactions_resilient/2024-25.txt.gz,6420,"Dec 16, 2024 [Matt Ryan](https://basketball.realgm.com/player/Matt-Ryan/Summary/83984) (Recall)"
2023-24,1630346,1610612740,team_trb_all_players/impact_database/roster_tenure/realgm_transactions_resilient/2024-25.txt.gz,6478,"Dec 13, 2024 [Matt Ryan](https://basketball.realgm.com/player/Matt-Ryan/Summary/83984) (Assignment)"
2023-24,1630346,1610612740,team_trb_all_players/impact_database/roster_tenure/realgm_transactions_resilient/2024-25.txt.gz,6480,"Dec 13, 2024 [Matt Ryan](https://basketball.realgm.com/player/Matt-Ryan/Summary/83984) (Recall)"
2023-24,1630346,1610612740,team_trb_all_players/impact_database/roster_tenure/realgm_transactions_resilient/2024-25.txt.gz,6500,"Dec 12, 2024 [Matt Ryan](https://basketball.realgm.com/player/Matt-Ryan/Summary/83984) (Assignment)"
2023-24,1630346,1610612740,team_trb_all_players/impact_database/roster_tenure/realgm_transactions_resilient/2024-25.txt.gz,6502,"Dec 12, 2024 [Matt Ryan](https://basketball.realgm.com/player/Matt-Ryan/Summary/83984) (Recall)"
2023-24,1630346,1610612740,team_trb_all_players/impact_database/roster_tenure/realgm_transactions_resilient/2024-25.txt.gz,7494,"Mar 4, 2025 [Matt Ryan](https://basketball.realgm.com/player/Matt-Ryan/Summary/83984)"
2023-24,1630346,1610612740,team_trb_all_players/impact_database/roster_tenure/realgm_transactions_resilient/2024-25.txt.gz,7638,"Dec 24, 2024 [Matt Ryan](https://basketball.realgm.com/player/Matt-Ryan/Summary/83984)"
2023-24,1630346,1610612740,team_trb_all_players/impact_database/roster_tenure/realgm_transactions_resilient/2024-25.txt.gz,7942,"Oct 12, 2024 [Matt Ryan](https://basketball.realgm.com/player/Matt-Ryan/Summary/83984)"
2023-24,1630346,1610612740,team_trb_all_players/impact_database/roster_tenure/realgm_transactions_resilient/2024-25.txt.gz,8106,"Aug 25, 2024 [Matt Ryan](https://basketball.realgm.com/player/Matt-Ryan/Summary/83984)"
2023-24,1630346,1610612740,team_trb_all_players/impact_database/roster_tenure/realgm_transactions_resilient/2024-25.txt.gz,9242,"Mar 1, 2025 [Matt Ryan](https://basketball.realgm.com/player/Matt-Ryan/Summary/83984)"
2023-24,1630346,1610612740,team_trb_all_players/impact_database/roster_tenure/realgm_transactions_resilient/2024-25.txt.gz,9468,"Dec 22, 2024 [Matt Ryan](https://basketball.realgm.com/player/Matt-Ryan/Summary/83984)"
2023-24,1630346,1610612740,team_trb_all_players/impact_database/roster_tenure/realgm_transactions_resilient/2024-25.txt.gz,9746,"Oct 10, 2024 [Matt Ryan](https://basketball.realgm.com/player/Matt-Ryan/Summary/83984)"
2023-24,1630346,1610612740,team_trb_all_players/impact_database/roster_tenure/realgm_transactions_resilient/2024-25.txt.gz,9906,"Aug 23, 2024 [Matt Ryan](https://basketball.realgm.com/player/Matt-Ryan/Summary/83984)"
2023-24,1630592,1610612751,team_trb_all_players/impact_database/roster_tenure/normalized_transactions.jsonl.gz,11838,"{""exact_date"": ""2023-07-05"", ""season"": ""2023-24"", ""event_type"": ""acquire"", ""player_id"": ""1630592"", ""player_name"": ""Jalen Wilson"", ""source_player_ref"": ""jalen-wilson"", ""source_team_id"": null, ""destination_team_id"": 1610612751, ""source_team_name"": null, ""destination_team_name"": null, ""source_system"": ""Official NBA Player Movement feed"", ""source_reference"": ""https://stats.nba.com/js/data/playermovement/NBA_Player_Movement.json#row-3081"", ""identity_resolution"": ""official_nba_player_id"", ""team_resolution"": ""official_team_id"", ""raw_text"": ""Brooklyn Nets re-signed forward Jalen Wilson to a Two-Way Contract."", ""confidence"": ""high""}"
2023-24,1630592,1610612751,team_trb_all_players/impact_database/roster_tenure/normalized_transactions.jsonl.gz,12595,"{""exact_date"": ""2024-03-01"", ""season"": ""2023-24"", ""event_type"": ""acquire"", ""player_id"": ""1630592"", ""player_name"": ""Jalen Wilson"", ""source_player_ref"": ""jalen-wilson"", ""source_team_id"": null, ""destination_team_id"": 1610612751, ""source_team_name"": null, ""destination_team_name"": null, ""source_system"": ""Official NBA Player Movement feed"", ""source_reference"": ""https://stats.nba.com/js/data/playermovement/NBA_Player_Movement.json#row-2278"", ""identity_resolution"": ""official_nba_player_id"", ""team_resolution"": ""official_team_id"", ""raw_text"": ""Brooklyn Nets re-signed forward Jalen Wilson to a Rest-of-Season Contract."", ""confidence"": ""high""}"
2023-24,1630592,1610612751,team_trb_all_players/impact_database/roster_tenure/normalized_transactions.jsonl.gz,15219,"{""exact_date"": ""2026-07-22"", ""season"": ""2026-27"", ""event_type"": ""acquire"", ""player_id"": ""1630592"", ""player_name"": ""Jalen Wilson"", ""source_player_ref"": ""jalen-wilson"", ""source_team_id"": null, ""destination_team_id"": 1610612737, ""source_team_name"": null, ""destination_team_name"": null, ""source_system"": ""Official NBA Player Movement feed"", ""source_reference"": ""https://stats.nba.com/js/data/playermovement/NBA_Player_Movement.json#row-27"", ""identity_resolution"": ""official_nba_player_id"", ""team_resolution"": ""official_team_id"", ""raw_text"": ""Atlanta Hawks signed forward Jalen Wilson to a Two-Way Contract."", ""confidence"": ""high""}"
2023-24,1630592,1610612751,team_trb_all_players/impact_database/roster_tenure/realgm_transactions_resilient/2024-25.txt.gz,389,*    The [Brooklyn Nets](https://basketball.realgm.com/nba/teams/Brooklyn-Nets/38/home) exercised their Team Option to extend the contract of [Jalen Wilson](https://basketball.realgm.com/player/Jalen-Wilson/Summary/117480).
2023-24,1630592,1610612751,team_trb_all_players/impact_database/roster_tenure/realgm_transactions_resilient/2024-25.txt.gz,8842,"Jun 28, 2025 [Jalen Wilson](https://basketball.realgm.com/player/Jalen-Wilson/Summary/117480)"
2023-24,1631246,1610612763,team_trb_all_players/impact_database/roster_tenure/normalized_transactions.jsonl.gz,10976,"{""exact_date"": ""2022-07-02"", ""season"": ""2022-23"", ""event_type"": ""acquire"", ""player_id"": ""1631246"", ""player_name"": ""Vince Williams Jr."", ""source_player_ref"": ""vince-williams-jr"", ""source_team_id"": null, ""destination_team_id"": 1610612763, ""source_team_name"": null, ""destination_team_name"": null, ""source_system"": ""Official NBA Player Movement feed"", ""source_reference"": ""https://stats.nba.com/js/data/playermovement/NBA_Player_Movement.json#row-3972"", ""identity_resolution"": ""official_nba_player_id"", ""team_resolution"": ""official_team_id"", ""raw_text"": ""Memphis Grizzlies re-signed guard Vince Williams Jr. to a Two-Way Contract."", ""confidence"": ""high""}"
2023-24,1631246,1610612763,team_trb_all_players/impact_database/roster_tenure/normalized_transactions.jsonl.gz,12421,"{""exact_date"": ""2024-01-10"", ""season"": ""2023-24"", ""event_type"": ""acquire"", ""player_id"": ""1631246"", ""player_name"": ""Vince Williams Jr."", ""source_player_ref"": ""vince-williams-jr"", ""source_team_id"": null, ""destination_team_id"": 1610612763, ""source_team_name"": null, ""destination_team_name"": null, ""source_system"": ""Official NBA Player Movement feed"", ""source_reference"": ""https://stats.nba.com/js/data/playermovement/NBA_Player_Movement.json#row-2459"", ""identity_resolution"": ""official_nba_player_id"", ""team_resolution"": ""official_team_id"", ""raw_text"": ""Memphis Grizzlies re-signed guard Vince Williams Jr. to a Rest-of-Season Contract."", ""confidence"": ""high""}"
2023-24,1631246,1610612763,team_trb_all_players/impact_database/roster_tenure/normalized_transactions.jsonl.gz,14727,"{""exact_date"": ""2026-02-03"", ""season"": ""2025-26"", ""event_type"": ""trade"", ""player_id"": ""1631246"", ""player_name"": ""Vince Williams Jr."", ""source_player_ref"": ""vince-williams-jr"", ""source_team_id"": 1610612763, ""destination_team_id"": 1610612762, ""source_team_name"": null, ""destination_team_name"": null, ""source_system"": ""Official NBA Player Movement feed"", ""source_reference"": ""https://stats.nba.com/js/data/playermovement/NBA_Player_Movement.json#row-521"", ""identity_resolution"": ""official_nba_player_id"", ""team_resolution"": ""official_team_id"", ""raw_text"": ""Utah Jazz received guard Vince Williams Jr. from Memphis Grizzlies."", ""confidence"": ""high""}"
2023-24,1631246,1610612763,team_trb_all_players/impact_database/roster_tenure/normalized_transactions.jsonl.gz,14921,"{""exact_date"": ""2026-03-09"", ""season"": ""2025-26"", ""event_type"": ""depart"", ""player_id"": ""1631246"", ""player_name"": ""Vince Williams Jr."", ""source_player_ref"": ""vince-williams-jr"", ""source_team_id"": 1610612762, ""destination_team_id"": null, ""source_team_name"": null, ""destination_team_name"": null, ""source_system"": ""Official NBA Player Movement feed"", ""source_reference"": ""https://stats.nba.com/js/data/playermovement/NBA_Player_Movement.json#row-326"", ""identity_resolution"": ""official_nba_player_id"", ""team_resolution"": ""official_team_id"", ""raw_text"": ""Utah Jazz waived guard Vince Williams Jr.."", ""confidence"": ""high""}"
2023-24,1641713,1610612763,team_trb_all_players/impact_database/roster_tenure/normalized_transactions.jsonl.gz,12059,"{""exact_date"": ""2023-08-31"", ""season"": ""2023-24"", ""event_type"": ""acquire"", ""player_id"": ""1641713"", ""player_name"": ""GG Jackson"", ""source_player_ref"": ""gg-jackson"", ""source_team_id"": null, ""destination_team_id"": 1610612763, ""source_team_name"": null, ""destination_team_name"": null, ""source_system"": ""Official NBA Player Movement feed"", ""source_reference"": ""https://stats.nba.com/js/data/playermovement/NBA_Player_Movement.json#row-2840"", ""identity_resolution"": ""official_nba_player_id"", ""team_resolution"": ""official_team_id"", ""raw_text"": ""Memphis Grizzlies re-signed forward GG Jackson to a Two-Way Contract."", ""confidence"": ""high""}"
2023-24,1641713,1610612763,team_trb_all_players/impact_database/roster_tenure/normalized_transactions.jsonl.gz,12532,"{""exact_date"": ""2024-02-09"", ""season"": ""2023-24"", ""event_type"": ""acquire"", ""player_id"": ""1641713"", ""player_name"": ""GG Jackson"", ""source_player_ref"": ""gg-jackson"", ""source_team_id"": null, ""destination_team_id"": 1610612763, ""source_team_name"": null, ""destination_team_name"": null, ""source_system"": ""Official NBA Player Movement feed"", ""source_reference"": ""https://stats.nba.com/js/data/playermovement/NBA_Player_Movement.json#row-2335"", ""identity_resolution"": ""official_nba_player_id"", ""team_resolution"": ""official_team_id"", ""raw_text"": ""Memphis Grizzlies re-signed forward GG Jackson to a Rest-of-Season Contract."", ""confidence"": ""high""}"
2023-24,1641713,1610612763,team_trb_all_players/impact_database/roster_tenure/realgm_transactions_resilient/2024-25.txt.gz,624,*    The [Memphis Grizzlies](https://basketball.realgm.com/nba/teams/Memphis-Grizzlies/14/home) recalled [G.G. Jackson](https://basketball.realgm.com/player/GG-Jackson/Summary/182761) from the Memphis Hustle of the G League.
2023-24,1641713,1610612763,team_trb_all_players/impact_database/roster_tenure/realgm_transactions_resilient/2024-25.txt.gz,730,*    The [Memphis Grizzlies](https://basketball.realgm.com/nba/teams/Memphis-Grizzlies/14/home) assigned [G.G. Jackson](https://basketball.realgm.com/player/GG-Jackson/Summary/182761) to the Memphis Hustle of the G League.
2023-24,1641713,1610612763,team_trb_all_players/impact_database/roster_tenure/realgm_transactions_resilient/2024-25.txt.gz,1415,*    The [Memphis Grizzlies](https://basketball.realgm.com/nba/teams/Memphis-Grizzlies/14/home) recalled [G.G. Jackson](https://basketball.realgm.com/player/GG-Jackson/Summary/182761) from the Memphis Hustle of the G League.
2023-24,1641713,1610612763,team_trb_all_players/impact_database/roster_tenure/realgm_transactions_resilient/2024-25.txt.gz,1473,*    The [Memphis Grizzlies](https://basketball.realgm.com/nba/teams/Memphis-Grizzlies/14/home) assigned [G.G. Jackson](https://basketball.realgm.com/player/GG-Jackson/Summary/182761) to the Memphis Hustle of the G League.
2023-24,1641713,1610612763,team_trb_all_players/impact_database/roster_tenure/realgm_transactions_resilient/2024-25.txt.gz,1520,*    The [Memphis Grizzlies](https://basketball.realgm.com/nba/teams/Memphis-Grizzlies/14/home) assigned [G.G. Jackson](https://basketball.realgm.com/player/GG-Jackson/Summary/182761) to the Memphis Hustle of the G League.
2023-24,1641713,1610612763,team_trb_all_players/impact_database/roster_tenure/realgm_transactions_resilient/2024-25.txt.gz,1521,*    The [Memphis Grizzlies](https://basketball.realgm.com/nba/teams/Memphis-Grizzlies/14/home) recalled [G.G. Jackson](https://basketball.realgm.com/player/GG-Jackson/Summary/182761) from the Memphis Hustle of the G League.
2023-24,1641713,1610612763,team_trb_all_players/impact_database/roster_tenure/realgm_transactions_resilient/2024-25.txt.gz,1556,*    The [Memphis Grizzlies](https://basketball.realgm.com/nba/teams/Memphis-Grizzlies/14/home) assigned [G.G. Jackson](https://basketball.realgm.com/player/GG-Jackson/Summary/182761) to the Memphis Hustle of the G League.
2023-24,1641713,1610612763,team_trb_all_players/impact_database/roster_tenure/realgm_transactions_resilient/2024-25.txt.gz,1557,*    The [Memphis Grizzlies](https://basketball.realgm.com/nba/teams/Memphis-Grizzlies/14/home) recalled [G.G. Jackson](https://basketball.realgm.com/player/GG-Jackson/Summary/182761) from the Memphis Hustle of the G League.
2023-24,1641713,1610612763,team_trb_all_players/impact_database/roster_tenure/realgm_transactions_resilient/2024-25.txt.gz,5342,"Mar 29, 2025 [G.G. Jackson](https://basketball.realgm.com/player/GG-Jackson/Summary/182761) (Recall)"
2023-24,1641713,1610612763,team_trb_all_players/impact_database/roster_tenure/realgm_transactions_resilient/2024-25.txt.gz,5432,"Mar 17, 2025 [G.G. Jackson](https://basketball.realgm.com/player/GG-Jackson/Summary/182761) (Assignment)"
2023-24,1641713,1610612763,team_trb_all_players/impact_database/roster_tenure/realgm_transactions_resilient/2024-25.txt.gz,5968,"Jan 19, 2025 [G.G. Jackson](https://basketball.realgm.com/player/GG-Jackson/Summary/182761) (Recall)"
2023-24,1641713,1610612763,team_trb_all_players/impact_database/roster_tenure/realgm_transactions_resilient/2024-25.txt.gz,6038,"Jan 14, 2025 [G.G. Jackson](https://basketball.realgm.com/player/GG-Jackson/Summary/182761) (Assignment)"
2023-24,1641713,1610612763,team_trb_all_players/impact_database/roster_tenure/realgm_transactions_resilient/2024-25.txt.gz,6096,"Jan 9, 2025 [G.G. Jackson](https://basketball.realgm.com/player/GG-Jackson/Summary/182761) (Assignment)"
2023-24,1641713,1610612763,team_trb_all_players/impact_database/roster_tenure/realgm_transactions_resilient/2024-25.txt.gz,6098,"Jan 9, 2025 [G.G. Jackson](https://basketball.realgm.com/player/GG-Jackson/Summary/182761) (Recall)"
2023-24,1641713,1610612763,team_trb_all_players/impact_database/roster_tenure/realgm_transactions_resilient/2024-25.txt.gz,6138,"Jan 7, 2025 [G.G. Jackson](https://basketball.realgm.com/player/GG-Jackson/Summary/182761) (Assignment)"
2023-24,1641713,1610612763,team_trb_all_players/impact_database/roster_tenure/realgm_transactions_resilient/2024-25.txt.gz,6140,"Jan 7, 2025 [G.G. Jackson](https://basketball.realgm.com/player/GG-Jackson/Summary/182761) (Recall)"
2024-25,1642366,1610612744,team_trb_all_players/impact_database/roster_tenure/normalized_transactions.jsonl.gz,13034,"{""exact_date"": ""2024-07-06"", ""season"": ""2024-25"", ""event_type"": ""trade"", ""player_id"": ""1642366"", ""player_name"": ""The draft rights to Quinten Post"", ""source_player_ref"": null, ""source_team_id"": 1610612757, ""destination_team_id"": 1610612744, ""source_team_name"": ""Portland Trail Blazers"", ""destination_team_name"": ""Golden State Warriors"", ""source_system"": ""RealGM league transaction history"", ""source_reference"": ""https://basketball.realgm.com/nba/transactions/league/2025"", ""identity_resolution"": ""realgm_name+core_team_context"", ""team_resolution"": ""realgm_historical_team_alias"", ""raw_text"": ""The draft rights to Quinten Post was acquired by the Golden State Warriors from the Portland Trail Blazers in exchange for: cash."", ""confidence"": ""high"", ""realgm_subtype"": ""trade""}"
2024-25,1642366,1610612744,team_trb_all_players/impact_database/roster_tenure/normalized_transactions.jsonl.gz,13355,"{""exact_date"": ""2024-09-26"", ""season"": ""2024-25"", ""event_type"": ""acquire"", ""player_id"": ""1642366"", ""player_name"": ""Quinten Post"", ""source_player_ref"": ""quinten-post"", ""source_team_id"": null, ""destination_team_id"": 1610612744, ""source_team_name"": null, ""destination_team_name"": null, ""source_system"": ""Official NBA Player Movement feed"", ""source_reference"": ""https://stats.nba.com/js/data/playermovement/NBA_Player_Movement.json#row-1825"", ""identity_resolution"": ""official_nba_player_id"", ""team_resolution"": ""official_team_id"", ""raw_text"": ""Golden State Warriors re-signed center Quinten Post to a Two-Way Contract."", ""confidence"": ""high""}"
2024-25,1642366,1610612744,team_trb_all_players/impact_database/roster_tenure/normalized_transactions.jsonl.gz,13821,"{""exact_date"": ""2025-02-07"", ""season"": ""2024-25"", ""event_type"": ""acquire"", ""player_id"": ""1642366"", ""player_name"": ""Quinten Post"", ""source_player_ref"": ""quinten-post"", ""source_team_id"": null, ""destination_team_id"": 1610612744, ""source_team_name"": null, ""destination_team_name"": null, ""source_system"": ""Official NBA Player Movement feed"", ""source_reference"": ""https://stats.nba.com/js/data/playermovement/NBA_Player_Movement.json#row-1396"", ""identity_resolution"": ""official_nba_player_id"", ""team_resolution"": ""official_team_id"", ""raw_text"": ""Golden State Warriors re-signed center Quinten Post to a Rest-of-Season Contract."", ""confidence"": ""high""}"
2024-25,1642366,1610612744,team_trb_all_players/impact_database/roster_tenure/normalized_transactions.jsonl.gz,15155,"{""exact_date"": ""2026-07-08"", ""season"": ""2026-27"", ""event_type"": ""acquire"", ""player_id"": ""1642366"", ""player_name"": ""Quinten Post"", ""source_player_ref"": ""quinten-post"", ""source_team_id"": null, ""destination_team_id"": 1610612763, ""source_team_name"": null, ""destination_team_name"": null, ""source_system"": ""Official NBA Player Movement feed"", ""source_reference"": ""https://stats.nba.com/js/data/playermovement/NBA_Player_Movement.json#row-98"", ""identity_resolution"": ""official_nba_player_id"", ""team_resolution"": ""official_team_id"", ""raw_text"": ""Memphis Grizzlies signed center Quinten Post to a Contract."", ""confidence"": ""high""}"
2024-25,1642366,1610612744,team_trb_all_players/impact_database/roster_tenure/realgm_transactions_resilient/2024-25.txt.gz,359,*    The [Golden State Warriors](https://basketball.realgm.com/nba/teams/Golden-State-Warriors/9/home) exercised their Team Option to extend the contract of [Quinten Post](https://basketball.realgm.com/player/Quinten-Post/Summary/142361).
2024-25,1642366,1610612744,team_trb_all_players/impact_database/roster_tenure/realgm_transactions_resilient/2024-25.txt.gz,1202,*   [Quinten Post](https://basketball.realgm.com/player/Quinten-Post/Summary/142361) signed a multi-year contract with the [Golden State Warriors](https://basketball.realgm.com/nba/teams/Golden-State-Warriors/9/home).
2024-25,1642366,1610612744,team_trb_all_players/impact_database/roster_tenure/realgm_transactions_resilient/2024-25.txt.gz,1203,*    The [Golden State Warriors](https://basketball.realgm.com/nba/teams/Golden-State-Warriors/9/home) ended the two-way contract of [Quinten Post](https://basketball.realgm.com/player/Quinten-Post/Summary/142361).
2024-25,1642366,1610612744,team_trb_all_players/impact_database/roster_tenure/realgm_transactions_resilient/2024-25.txt.gz,3035,*   [Quinten Post](https://basketball.realgm.com/player/Quinten-Post/Summary/142361) signed a two-way contract with the [Golden State Warriors](https://basketball.realgm.com/nba/teams/Golden-State-Warriors/9/home).
2024-25,1642366,1610612744,team_trb_all_players/impact_database/roster_tenure/realgm_transactions_resilient/2024-25.txt.gz,3729,*    The draft rights to [Quinten Post](https://basketball.realgm.com/player/Quinten-Post/Summary/142361) was acquired by the Golden State Warriors from the Portland Trail Blazers in exchange for: cash.
2024-25,1642366,1610612744,team_trb_all_players/impact_database/roster_tenure/realgm_transactions_resilient/2024-25.txt.gz,4292,"Feb 7, 2025 [Quinten Post](https://basketball.realgm.com/player/Quinten-Post/Summary/142361)"
2024-25,1642366,1610612744,team_trb_all_players/impact_database/roster_tenure/realgm_transactions_resilient/2024-25.txt.gz,4600,"Sep 26, 2024 [Quinten Post](https://basketball.realgm.com/player/Quinten-Post/Summary/142361)"
2024-25,1642366,1610612744,team_trb_all_players/impact_database/roster_tenure/realgm_transactions_resilient/2024-25.txt.gz,7292,"Jul 6, 2024 [Quinten Post](https://basketball.realgm.com/player/Quinten-Post/Summary/142361)"
2024-25,1642366,1610612744,team_trb_all_players/impact_database/roster_tenure/realgm_transactions_resilient/2024-25.txt.gz,8834,"Jun 29, 2025 [Quinten Post](https://basketball.realgm.com/player/Quinten-Post/Summary/142361)"
2024-25,1642366,1610612744,team_trb_all_players/impact_database/roster_tenure/realgm_transactions_resilient/2024-25.txt.gz,9268,"Feb 7, 2025 [Quinten Post](https://basketball.realgm.com/player/Quinten-Post/Summary/142361)"
