boundary_resolution,complete,generated_utc,metric,metric_count,minutes_off,minutes_on,off_corrected,on,on_minus_off_corrected,player,player_id,query_end_date,query_start_date,season,source_extra,team_abbr,team_games_in_window,team_id,tenure_confidence,tenure_end,tenure_source,tenure_start,transaction_day_policy
,True,2026-08-14T03:45:06.136675+00:00,2pt FGM Assist%,89,3930.0,11.0,0.525,0.25,-0.275,Dana Barros,344,2004-04-14,2004-04-14,2003-04,{},,1,1610612738,authoritative_v2,2004-04-14,authoritative_v2_target_manifest_missing23_recovery,2004-04-14,authoritative_v2_effective_interval_exact
,True,2026-08-14T03:45:06.136675+00:00,Non Putback 2pt FGM Assist%,89,3930.0,11.0,0.576,0.286,-0.291,Dana Barros,344,2004-04-14,2004-04-14,2003-04,{},,1,1610612738,authoritative_v2,2004-04-14,authoritative_v2_target_manifest_missing23_recovery,2004-04-14,authoritative_v2_effective_interval_exact
,True,2026-08-14T03:45:06.136675+00:00,3pt FGM Assist%,89,3930.0,11.0,0.875,1.0,0.125,Dana Barros,344,2004-04-14,2004-04-14,2003-04,{},,1,1610612738,authoritative_v2,2004-04-14,authoritative_v2_target_manifest_missing23_recovery,2004-04-14,authoritative_v2_effective_interval_exact
,True,2026-08-14T03:45:06.136675+00:00,3pt FG%,89,3930.0,11.0,0.346,0.2,-0.146,Dana Barros,344,2004-04-14,2004-04-14,2003-04,{},,1,1610612738,authoritative_v2,2004-04-14,authoritative_v2_target_manifest_missing23_recovery,2004-04-14,authoritative_v2_effective_interval_exact
,True,2026-08-14T03:45:06.136675+00:00,Non-Heave 3pt FG%,89,3930.0,11.0,0.35,0.2,-0.15,Dana Barros,344,2004-04-14,2004-04-14,2003-04,{},,1,1610612738,authoritative_v2,2004-04-14,authoritative_v2_target_manifest_missing23_recovery,2004-04-14,authoritative_v2_effective_interval_exact
,True,2026-08-14T03:45:06.136675+00:00,2pt FG%,89,3930.0,11.0,0.475,0.5,0.025,Dana Barros,344,2004-04-14,2004-04-14,2003-04,{},,1,1610612738,authoritative_v2,2004-04-14,authoritative_v2_target_manifest_missing23_recovery,2004-04-14,authoritative_v2_effective_interval_exact
,True,2026-08-14T03:45:06.136675+00:00,eFG%,89,3930.0,11.0,0.486,0.452,-0.034,Dana Barros,344,2004-04-14,2004-04-14,2003-04,{},,1,1610612738,authoritative_v2,2004-04-14,authoritative_v2_target_manifest_missing23_recovery,2004-04-14,authoritative_v2_effective_interval_exact
,True,2026-08-14T03:45:06.136675+00:00,TS%,89,3930.0,11.0,0.529,0.479,-0.05,Dana Barros,344,2004-04-14,2004-04-14,2003-04,{},,1,1610612738,authoritative_v2,2004-04-14,authoritative_v2_target_manifest_missing23_recovery,2004-04-14,authoritative_v2_effective_interval_exact
,True,2026-08-14T03:45:06.136675+00:00,3PAr,89,3930.0,11.0,0.249,0.238,-0.011,Dana Barros,344,2004-04-14,2004-04-14,2003-04,{},,1,1610612738,authoritative_v2,2004-04-14,authoritative_v2_target_manifest_missing23_recovery,2004-04-14,authoritative_v2_effective_interval_exact
,True,2026-08-14T03:45:06.136675+00:00,% of FG3A Blocked,89,3930.0,11.0,0.006,0.0,-0.006,Dana Barros,344,2004-04-14,2004-04-14,2003-04,{},,1,1610612738,authoritative_v2,2004-04-14,authoritative_v2_target_manifest_missing23_recovery,2004-04-14,authoritative_v2_effective_interval_exact
,True,2026-08-14T03:45:06.136675+00:00,% of FG2A Blocked,89,3930.0,11.0,0.083,0.0,-0.083,Dana Barros,344,2004-04-14,2004-04-14,2003-04,{},,1,1610612738,authoritative_v2,2004-04-14,authoritative_v2_target_manifest_missing23_recovery,2004-04-14,authoritative_v2_effective_interval_exact
,True,2026-08-14T03:45:06.136675+00:00,Live Ball TO%,89,3930.0,11.0,0.541,0.0,-0.541,Dana Barros,344,2004-04-14,2004-04-14,2003-04,{},,1,1610612738,authoritative_v2,2004-04-14,authoritative_v2_target_manifest_missing23_recovery,2004-04-14,authoritative_v2_effective_interval_exact
,True,2026-08-14T03:45:06.136675+00:00,DReb% - Missed FTs,89,3930.0,11.0,0.858,1.0,0.142,Dana Barros,344,2004-04-14,2004-04-14,2003-04,{},,1,1610612738,authoritative_v2,2004-04-14,authoritative_v2_target_manifest_missing23_recovery,2004-04-14,authoritative_v2_effective_interval_exact
,True,2026-08-14T03:45:06.136675+00:00,OReb% - Missed FTs,89,3930.0,11.0,0.15,0.0,-0.15,Dana Barros,344,2004-04-14,2004-04-14,2003-04,{},,1,1610612738,authoritative_v2,2004-04-14,authoritative_v2_target_manifest_missing23_recovery,2004-04-14,authoritative_v2_effective_interval_exact
,True,2026-08-14T03:45:06.136675+00:00,DReb% - Missed 2s,89,3930.0,11.0,0.659,0.5,-0.159,Dana Barros,344,2004-04-14,2004-04-14,2003-04,{},,1,1610612738,authoritative_v2,2004-04-14,authoritative_v2_target_manifest_missing23_recovery,2004-04-14,authoritative_v2_effective_interval_exact
,True,2026-08-14T03:45:06.136675+00:00,OReb% - Missed 2s,89,3930.0,11.0,0.292,0.25,-0.042,Dana Barros,344,2004-04-14,2004-04-14,2003-04,{},,1,1610612738,authoritative_v2,2004-04-14,authoritative_v2_target_manifest_missing23_recovery,2004-04-14,authoritative_v2_effective_interval_exact
,True,2026-08-14T03:45:06.136675+00:00,DReb% - Missed 3s,89,3930.0,11.0,0.663,0.333,-0.33,Dana Barros,344,2004-04-14,2004-04-14,2003-04,{},,1,1610612738,authoritative_v2,2004-04-14,authoritative_v2_target_manifest_missing23_recovery,2004-04-14,authoritative_v2_effective_interval_exact
,True,2026-08-14T03:45:06.136675+00:00,OReb% - Missed 3s,89,3930.0,11.0,0.237,0.25,0.013,Dana Barros,344,2004-04-14,2004-04-14,2003-04,{},,1,1610612738,authoritative_v2,2004-04-14,authoritative_v2_target_manifest_missing23_recovery,2004-04-14,authoritative_v2_effective_interval_exact
,True,2026-08-14T03:45:06.136675+00:00,DReb% - Missed FGs,89,3930.0,11.0,0.66,0.444,-0.216,Dana Barros,344,2004-04-14,2004-04-14,2003-04,{},,1,1610612738,authoritative_v2,2004-04-14,authoritative_v2_target_manifest_missing23_recovery,2004-04-14,authoritative_v2_effective_interval_exact
,True,2026-08-14T03:45:06.136675+00:00,OReb% - Missed FGs,89,3930.0,11.0,0.276,0.25,-0.026,Dana Barros,344,2004-04-14,2004-04-14,2003-04,{},,1,1610612738,authoritative_v2,2004-04-14,authoritative_v2_target_manifest_missing23_recovery,2004-04-14,authoritative_v2_effective_interval_exact
,True,2026-08-14T03:45:06.136675+00:00,At Rim OReb%,89,3930.0,11.0,0.38,0.25,-0.13,Dana Barros,344,2004-04-14,2004-04-14,2003-04,{},,1,1610612738,authoritative_v2,2004-04-14,authoritative_v2_target_manifest_missing23_recovery,2004-04-14,authoritative_v2_effective_interval_exact
,True,2026-08-14T03:45:06.136675+00:00,Short Mid-Range OReb%,89,3930.0,11.0,0.29,0.0,-0.29,Dana Barros,344,2004-04-14,2004-04-14,2003-04,{},,1,1610612738,authoritative_v2,2004-04-14,authoritative_v2_target_manifest_missing23_recovery,2004-04-14,authoritative_v2_effective_interval_exact
,True,2026-08-14T03:45:06.136675+00:00,Long Mid-Range OReb%,89,3930.0,11.0,0.223,0.5,0.277,Dana Barros,344,2004-04-14,2004-04-14,2003-04,{},,1,1610612738,authoritative_v2,2004-04-14,authoritative_v2_target_manifest_missing23_recovery,2004-04-14,authoritative_v2_effective_interval_exact
,True,2026-08-14T03:45:06.136675+00:00,Arc 3 OReb%,89,3930.0,11.0,0.233,0.333,0.1,Dana Barros,344,2004-04-14,2004-04-14,2003-04,{},,1,1610612738,authoritative_v2,2004-04-14,authoritative_v2_target_manifest_missing23_recovery,2004-04-14,authoritative_v2_effective_interval_exact
,True,2026-08-14T03:45:06.136675+00:00,Corner 3 OReb%,89,3930.0,11.0,0.247,0.0,-0.247,Dana Barros,344,2004-04-14,2004-04-14,2003-04,{},,1,1610612738,authoritative_v2,2004-04-14,authoritative_v2_target_manifest_missing23_recovery,2004-04-14,authoritative_v2_effective_interval_exact
,True,2026-08-14T03:45:06.136675+00:00,At Rim DReb%,89,3930.0,11.0,0.573,0.25,-0.323,Dana Barros,344,2004-04-14,2004-04-14,2003-04,{},,1,1610612738,authoritative_v2,2004-04-14,authoritative_v2_target_manifest_missing23_recovery,2004-04-14,authoritative_v2_effective_interval_exact
,True,2026-08-14T03:45:06.136675+00:00,Short Mid-Range DReb%,89,3930.0,11.0,0.688,1.0,0.312,Dana Barros,344,2004-04-14,2004-04-14,2003-04,{},,1,1610612738,authoritative_v2,2004-04-14,authoritative_v2_target_manifest_missing23_recovery,2004-04-14,authoritative_v2_effective_interval_exact
,True,2026-08-14T03:45:06.136675+00:00,Long Mid-Range DReb%,89,3930.0,11.0,0.701,0.0,-0.701,Dana Barros,344,2004-04-14,2004-04-14,2003-04,{},,1,1610612738,authoritative_v2,2004-04-14,authoritative_v2_target_manifest_missing23_recovery,2004-04-14,authoritative_v2_effective_interval_exact
,True,2026-08-14T03:45:06.136675+00:00,Arc 3 DReb%,89,3930.0,11.0,0.681,1.0,0.319,Dana Barros,344,2004-04-14,2004-04-14,2003-04,{},,1,1610612738,authoritative_v2,2004-04-14,authoritative_v2_target_manifest_missing23_recovery,2004-04-14,authoritative_v2_effective_interval_exact
,True,2026-08-14T03:45:06.136675+00:00,Corner 3 DReb%,89,3930.0,11.0,0.625,0.0,-0.625,Dana Barros,344,2004-04-14,2004-04-14,2003-04,{},,1,1610612738,authoritative_v2,2004-04-14,authoritative_v2_target_manifest_missing23_recovery,2004-04-14,authoritative_v2_effective_interval_exact
,True,2026-08-14T03:45:06.136675+00:00,Blocks Recovered %,89,3930.0,11.0,0.556,0.5,-0.056,Dana Barros,344,2004-04-14,2004-04-14,2003-04,{},,1,1610612738,authoritative_v2,2004-04-14,authoritative_v2_target_manifest_missing23_recovery,2004-04-14,authoritative_v2_effective_interval_exact
,True,2026-08-14T03:45:06.136675+00:00,Seconds Per Possession - Offense,89,3930.0,11.0,14.675,14.32,-0.355,Dana Barros,344,2004-04-14,2004-04-14,2003-04,{},,1,1610612738,authoritative_v2,2004-04-14,authoritative_v2_target_manifest_missing23_recovery,2004-04-14,authoritative_v2_effective_interval_exact
,True,2026-08-14T03:45:06.136675+00:00,Seconds Per Possession - Defense,89,3930.0,11.0,16.155,11.88,-4.275,Dana Barros,344,2004-04-14,2004-04-14,2003-04,{},,1,1610612738,authoritative_v2,2004-04-14,authoritative_v2_target_manifest_missing23_recovery,2004-04-14,authoritative_v2_effective_interval_exact
,True,2026-08-14T03:45:06.136675+00:00,At Rim Shot Frequency,89,3930.0,11.0,0.31,0.476,0.167,Dana Barros,344,2004-04-14,2004-04-14,2003-04,{},,1,1610612738,authoritative_v2,2004-04-14,authoritative_v2_target_manifest_missing23_recovery,2004-04-14,authoritative_v2_effective_interval_exact
,True,2026-08-14T03:45:06.136675+00:00,At Rim FG%,89,3930.0,11.0,0.583,0.6,0.017,Dana Barros,344,2004-04-14,2004-04-14,2003-04,{},,1,1610612738,authoritative_v2,2004-04-14,authoritative_v2_target_manifest_missing23_recovery,2004-04-14,authoritative_v2_effective_interval_exact
,True,2026-08-14T03:45:06.136675+00:00,At Rim % Assisted,89,3930.0,11.0,0.513,0.167,-0.346,Dana Barros,344,2004-04-14,2004-04-14,2003-04,{},,1,1610612738,authoritative_v2,2004-04-14,authoritative_v2_target_manifest_missing23_recovery,2004-04-14,authoritative_v2_effective_interval_exact
,True,2026-08-14T03:45:06.136675+00:00,Short Mid Range Shot Frequency,89,3930.0,11.0,0.164,0.095,-0.069,Dana Barros,344,2004-04-14,2004-04-14,2003-04,{},,1,1610612738,authoritative_v2,2004-04-14,authoritative_v2_target_manifest_missing23_recovery,2004-04-14,authoritative_v2_effective_interval_exact
,True,2026-08-14T03:45:06.136675+00:00,Short Mid Range FG%,89,3930.0,11.0,0.379,0.0,-0.379,Dana Barros,344,2004-04-14,2004-04-14,2003-04,{},,1,1610612738,authoritative_v2,2004-04-14,authoritative_v2_target_manifest_missing23_recovery,2004-04-14,authoritative_v2_effective_interval_exact
,True,2026-08-14T03:45:06.136675+00:00,Short Mid Range % Assisted,89,3930.0,11.0,0.455,0.0,-0.455,Dana Barros,344,2004-04-14,2004-04-14,2003-04,{},,1,1610612738,authoritative_v2,2004-04-14,authoritative_v2_target_manifest_missing23_recovery,2004-04-14,authoritative_v2_effective_interval_exact
,True,2026-08-14T03:45:06.136675+00:00,Long Mid Range Shot Frequency,89,3930.0,11.0,0.277,0.19,-0.087,Dana Barros,344,2004-04-14,2004-04-14,2003-04,{},,1,1610612738,authoritative_v2,2004-04-14,authoritative_v2_target_manifest_missing23_recovery,2004-04-14,authoritative_v2_effective_interval_exact
,True,2026-08-14T03:45:06.136675+00:00,Long Mid Range FG%,89,3930.0,11.0,0.412,0.5,0.088,Dana Barros,344,2004-04-14,2004-04-14,2003-04,{},,1,1610612738,authoritative_v2,2004-04-14,authoritative_v2_target_manifest_missing23_recovery,2004-04-14,authoritative_v2_effective_interval_exact
,True,2026-08-14T03:45:06.136675+00:00,Long Mid % Assisted,89,3930.0,11.0,0.581,0.5,-0.081,Dana Barros,344,2004-04-14,2004-04-14,2003-04,{},,1,1610612738,authoritative_v2,2004-04-14,authoritative_v2_target_manifest_missing23_recovery,2004-04-14,authoritative_v2_effective_interval_exact
,True,2026-08-14T03:45:06.136675+00:00,Corner 3 Shot Frequency,89,3930.0,11.0,0.067,0.048,-0.02,Dana Barros,344,2004-04-14,2004-04-14,2003-04,{},,1,1610612738,authoritative_v2,2004-04-14,authoritative_v2_target_manifest_missing23_recovery,2004-04-14,authoritative_v2_effective_interval_exact
,True,2026-08-14T03:45:06.136675+00:00,Corner 3 FG%,89,3930.0,11.0,0.395,0.0,-0.395,Dana Barros,344,2004-04-14,2004-04-14,2003-04,{},,1,1610612738,authoritative_v2,2004-04-14,authoritative_v2_target_manifest_missing23_recovery,2004-04-14,authoritative_v2_effective_interval_exact
,True,2026-08-14T03:45:06.136675+00:00,Corner 3 % Assisted,89,3930.0,11.0,0.965,0.0,-0.965,Dana Barros,344,2004-04-14,2004-04-14,2003-04,{},,1,1610612738,authoritative_v2,2004-04-14,authoritative_v2_target_manifest_missing23_recovery,2004-04-14,authoritative_v2_effective_interval_exact
,True,2026-08-14T03:45:06.136675+00:00,Arc 3 Shot Frequency,89,3930.0,11.0,0.182,0.19,0.008,Dana Barros,344,2004-04-14,2004-04-14,2003-04,{},,1,1610612738,authoritative_v2,2004-04-14,authoritative_v2_target_manifest_missing23_recovery,2004-04-14,authoritative_v2_effective_interval_exact
,True,2026-08-14T03:45:06.136675+00:00,Arc 3 FG%,89,3930.0,11.0,0.328,0.25,-0.078,Dana Barros,344,2004-04-14,2004-04-14,2003-04,{},,1,1610612738,authoritative_v2,2004-04-14,authoritative_v2_target_manifest_missing23_recovery,2004-04-14,authoritative_v2_effective_interval_exact
,True,2026-08-14T03:45:06.136675+00:00,Arc 3 % Assisted,89,3930.0,11.0,0.835,1.0,0.165,Dana Barros,344,2004-04-14,2004-04-14,2003-04,{},,1,1610612738,authoritative_v2,2004-04-14,authoritative_v2_target_manifest_missing23_recovery,2004-04-14,authoritative_v2_effective_interval_exact
,True,2026-08-14T03:45:06.136675+00:00,At Rim or 3pt Shot Frequency,89,3930.0,11.0,0.559,0.714,0.155,Dana Barros,344,2004-04-14,2004-04-14,2003-04,{},,1,1610612738,authoritative_v2,2004-04-14,authoritative_v2_target_manifest_missing23_recovery,2004-04-14,authoritative_v2_effective_interval_exact
,True,2026-08-14T03:45:06.136675+00:00,Non-Heave Arc 3 FG%,89,3930.0,11.0,0.333,0.25,-0.083,Dana Barros,344,2004-04-14,2004-04-14,2003-04,{},,1,1610612738,authoritative_v2,2004-04-14,authoritative_v2_target_manifest_missing23_recovery,2004-04-14,authoritative_v2_effective_interval_exact
,True,2026-08-14T03:45:06.136675+00:00,Shot Quality,89,3930.0,11.0,0.497,0.542,0.045,Dana Barros,344,2004-04-14,2004-04-14,2003-04,{},,1,1610612738,authoritative_v2,2004-04-14,authoritative_v2_target_manifest_missing23_recovery,2004-04-14,authoritative_v2_effective_interval_exact
,True,2026-08-14T03:45:06.136675+00:00,Shooting Foul Drawn Rate,89,3930.0,11.0,0.118,0.087,-0.031,Dana Barros,344,2004-04-14,2004-04-14,2003-04,{},,1,1610612738,authoritative_v2,2004-04-14,authoritative_v2_target_manifest_missing23_recovery,2004-04-14,authoritative_v2_effective_interval_exact
,True,2026-08-14T03:45:06.136675+00:00,3pt Shooting Foul Drawn Rate,89,3930.0,11.0,0.151,0.111,-0.039,Dana Barros,344,2004-04-14,2004-04-14,2003-04,{},,1,1610612738,authoritative_v2,2004-04-14,authoritative_v2_target_manifest_missing23_recovery,2004-04-14,authoritative_v2_effective_interval_exact
,True,2026-08-14T03:45:06.136675+00:00,2pt Shooting Foul Drawn Rate,89,3930.0,11.0,0.006,0.0,-0.006,Dana Barros,344,2004-04-14,2004-04-14,2003-04,{},,1,1610612738,authoritative_v2,2004-04-14,authoritative_v2_target_manifest_missing23_recovery,2004-04-14,authoritative_v2_effective_interval_exact
,True,2026-08-14T03:45:06.136675+00:00,Second Chance Points%,89,3930.0,11.0,0.128,0.174,0.046,Dana Barros,344,2004-04-14,2004-04-14,2003-04,{},,1,1610612738,authoritative_v2,2004-04-14,authoritative_v2_target_manifest_missing23_recovery,2004-04-14,authoritative_v2_effective_interval_exact
,True,2026-08-14T03:45:06.136675+00:00,Penalty Points%,89,3930.0,11.0,0.331,0.217,-0.114,Dana Barros,344,2004-04-14,2004-04-14,2003-04,{},,1,1610612738,authoritative_v2,2004-04-14,authoritative_v2_target_manifest_missing23_recovery,2004-04-14,authoritative_v2_effective_interval_exact
,True,2026-08-14T03:45:06.136675+00:00,Penalty Possessions%,89,3930.0,11.0,0.315,0.32,0.005,Dana Barros,344,2004-04-14,2004-04-14,2003-04,{},,1,1610612738,authoritative_v2,2004-04-14,authoritative_v2_target_manifest_missing23_recovery,2004-04-14,authoritative_v2_effective_interval_exact
,True,2026-08-14T03:45:06.136675+00:00,Avg 2pt Shot Distance,89,3930.0,11.0,9.052,6.6,-2.452,Dana Barros,344,2004-04-14,2004-04-14,2003-04,{},,1,1610612738,authoritative_v2,2004-04-14,authoritative_v2_target_manifest_missing23_recovery,2004-04-14,authoritative_v2_effective_interval_exact
,True,2026-08-14T03:45:06.136675+00:00,Avg 3pt Shot Distance,89,3930.0,11.0,25.1,24.98,-0.12,Dana Barros,344,2004-04-14,2004-04-14,2003-04,{},,1,1610612738,authoritative_v2,2004-04-14,authoritative_v2_target_manifest_missing23_recovery,2004-04-14,authoritative_v2_effective_interval_exact
,True,2026-08-14T03:45:06.136675+00:00,Penalty Efficiency Excluding Last Minute Take Foul Possessions,89,3930.0,11.0,106.968,62.5,-44.468,Dana Barros,344,2004-04-14,2004-04-14,2003-04,{},,1,1610612738,authoritative_v2,2004-04-14,authoritative_v2_target_manifest_missing23_recovery,2004-04-14,authoritative_v2_effective_interval_exact
,True,2026-08-14T03:45:06.136675+00:00,DReb%,89,3930.0,11.0,0.674,0.5,-0.174,Dana Barros,344,2004-04-14,2004-04-14,2003-04,{},,1,1610612738,authoritative_v2,2004-04-14,authoritative_v2_target_manifest_missing23_recovery,2004-04-14,authoritative_v2_effective_interval_exact
,True,2026-08-14T03:45:06.136675+00:00,OReb%,89,3930.0,11.0,0.268,0.231,-0.037,Dana Barros,344,2004-04-14,2004-04-14,2003-04,{},,1,1610612738,authoritative_v2,2004-04-14,authoritative_v2_target_manifest_missing23_recovery,2004-04-14,authoritative_v2_effective_interval_exact
,True,2026-08-14T03:45:06.136675+00:00,Pts per 100 Possessions,89,3930.0,11.0,101.817,92.0,-9.817,Dana Barros,344,2004-04-14,2004-04-14,2003-04,{},,1,1610612738,authoritative_v2,2004-04-14,authoritative_v2_target_manifest_missing23_recovery,2004-04-14,authoritative_v2_effective_interval_exact
,True,2026-08-14T03:45:06.136675+00:00,Assist Points per 100 Possessions,89,3930.0,11.0,50.242,28.0,-22.242,Dana Barros,344,2004-04-14,2004-04-14,2003-04,{},,1,1610612738,authoritative_v2,2004-04-14,authoritative_v2_target_manifest_missing23_recovery,2004-04-14,authoritative_v2_effective_interval_exact
,True,2026-08-14T03:45:06.136675+00:00,FTA per 100 Possessions,89,3930.0,11.0,27.311,24.0,-3.311,Dana Barros,344,2004-04-14,2004-04-14,2003-04,{},,1,1610612738,authoritative_v2,2004-04-14,authoritative_v2_target_manifest_missing23_recovery,2004-04-14,authoritative_v2_effective_interval_exact
,True,2026-08-14T03:45:06.136675+00:00,TOs per 100 Possessions,89,3930.0,11.0,17.375,12.0,-5.375,Dana Barros,344,2004-04-14,2004-04-14,2003-04,{},,1,1610612738,authoritative_v2,2004-04-14,authoritative_v2_target_manifest_missing23_recovery,2004-04-14,authoritative_v2_effective_interval_exact
,True,2026-08-14T03:45:06.136675+00:00,Assists per 100 Possessions,89,3930.0,11.0,21.964,12.0,-9.964,Dana Barros,344,2004-04-14,2004-04-14,2003-04,{},,1,1610612738,authoritative_v2,2004-04-14,authoritative_v2_target_manifest_missing23_recovery,2004-04-14,authoritative_v2_effective_interval_exact
,True,2026-08-14T03:45:06.136675+00:00,Pts per 100 Possessions - Defense,89,3930.0,11.0,103.164,160.0,56.836,Dana Barros,344,2004-04-14,2004-04-14,2003-04,{},,1,1610612738,authoritative_v2,2004-04-14,authoritative_v2_target_manifest_missing23_recovery,2004-04-14,authoritative_v2_effective_interval_exact
,True,2026-08-14T03:45:06.136675+00:00,Shot Quality - Defense,89,3930.0,11.0,0.487,0.543,0.056,Dana Barros,344,2004-04-14,2004-04-14,2003-04,{},,1,1610612738,authoritative_v2,2004-04-14,authoritative_v2_target_manifest_missing23_recovery,2004-04-14,authoritative_v2_effective_interval_exact
,True,2026-08-14T03:45:06.136675+00:00,3pt FG% - Defense,89,3930.0,11.0,0.36,0.625,0.265,Dana Barros,344,2004-04-14,2004-04-14,2003-04,{},,1,1610612738,authoritative_v2,2004-04-14,authoritative_v2_target_manifest_missing23_recovery,2004-04-14,authoritative_v2_effective_interval_exact
,True,2026-08-14T03:45:06.136675+00:00,2pt FG% - Defense,89,3930.0,11.0,0.459,0.538,0.079,Dana Barros,344,2004-04-14,2004-04-14,2003-04,{},,1,1610612738,authoritative_v2,2004-04-14,authoritative_v2_target_manifest_missing23_recovery,2004-04-14,authoritative_v2_effective_interval_exact
,True,2026-08-14T03:45:06.136675+00:00,eFG% - Defense,89,3930.0,11.0,0.478,0.69,0.213,Dana Barros,344,2004-04-14,2004-04-14,2003-04,{},,1,1610612738,authoritative_v2,2004-04-14,authoritative_v2_target_manifest_missing23_recovery,2004-04-14,authoritative_v2_effective_interval_exact
,True,2026-08-14T03:45:06.136675+00:00,3PAr - Defense,89,3930.0,11.0,0.231,0.381,0.15,Dana Barros,344,2004-04-14,2004-04-14,2003-04,{},,1,1610612738,authoritative_v2,2004-04-14,authoritative_v2_target_manifest_missing23_recovery,2004-04-14,authoritative_v2_effective_interval_exact
,True,2026-08-14T03:45:06.136675+00:00,At Rim Shot Frequency - Defense,89,3930.0,11.0,0.299,0.429,0.129,Dana Barros,344,2004-04-14,2004-04-14,2003-04,{},,1,1610612738,authoritative_v2,2004-04-14,authoritative_v2_target_manifest_missing23_recovery,2004-04-14,authoritative_v2_effective_interval_exact
,True,2026-08-14T03:45:06.136675+00:00,At Rim FG% - Defense,89,3930.0,11.0,0.584,0.556,-0.028,Dana Barros,344,2004-04-14,2004-04-14,2003-04,{},,1,1610612738,authoritative_v2,2004-04-14,authoritative_v2_target_manifest_missing23_recovery,2004-04-14,authoritative_v2_effective_interval_exact
,True,2026-08-14T03:45:06.136675+00:00,Short Mid Range Shot Frequency - Defense,89,3930.0,11.0,0.169,0.19,0.022,Dana Barros,344,2004-04-14,2004-04-14,2003-04,{},,1,1610612738,authoritative_v2,2004-04-14,authoritative_v2_target_manifest_missing23_recovery,2004-04-14,authoritative_v2_effective_interval_exact
,True,2026-08-14T03:45:06.136675+00:00,Short Mid Range FG% - Defense,89,3930.0,11.0,0.375,0.5,0.125,Dana Barros,344,2004-04-14,2004-04-14,2003-04,{},,1,1610612738,authoritative_v2,2004-04-14,authoritative_v2_target_manifest_missing23_recovery,2004-04-14,authoritative_v2_effective_interval_exact
,True,2026-08-14T03:45:06.136675+00:00,Long Mid Range Shot Frequency - Defense,89,3930.0,11.0,0.301,0.0,-0.301,Dana Barros,344,2004-04-14,2004-04-14,2003-04,{},,1,1610612738,authoritative_v2,2004-04-14,authoritative_v2_target_manifest_missing23_recovery,2004-04-14,authoritative_v2_effective_interval_exact
,True,2026-08-14T03:45:06.136675+00:00,Long Mid Range FG% - Defense,89,3930.0,11.0,0.382,0.0,-0.382,Dana Barros,344,2004-04-14,2004-04-14,2003-04,{},,1,1610612738,authoritative_v2,2004-04-14,authoritative_v2_target_manifest_missing23_recovery,2004-04-14,authoritative_v2_effective_interval_exact
,True,2026-08-14T03:45:06.136675+00:00,Corner 3 Shot Frequency - Defense,89,3930.0,11.0,0.074,0.19,0.116,Dana Barros,344,2004-04-14,2004-04-14,2003-04,{},,1,1610612738,authoritative_v2,2004-04-14,authoritative_v2_target_manifest_missing23_recovery,2004-04-14,authoritative_v2_effective_interval_exact
,True,2026-08-14T03:45:06.136675+00:00,Corner 3 FG% - Defense,89,3930.0,11.0,0.397,0.5,0.103,Dana Barros,344,2004-04-14,2004-04-14,2003-04,{},,1,1610612738,authoritative_v2,2004-04-14,authoritative_v2_target_manifest_missing23_recovery,2004-04-14,authoritative_v2_effective_interval_exact
,True,2026-08-14T03:45:06.136675+00:00,Arc 3 Shot Frequency - Defense,89,3930.0,11.0,0.157,0.19,0.033,Dana Barros,344,2004-04-14,2004-04-14,2003-04,{},,1,1610612738,authoritative_v2,2004-04-14,authoritative_v2_target_manifest_missing23_recovery,2004-04-14,authoritative_v2_effective_interval_exact
,True,2026-08-14T03:45:06.136675+00:00,Arc 3 FG% - Defense,89,3930.0,11.0,0.343,0.75,0.407,Dana Barros,344,2004-04-14,2004-04-14,2003-04,{},,1,1610612738,authoritative_v2,2004-04-14,authoritative_v2_target_manifest_missing23_recovery,2004-04-14,authoritative_v2_effective_interval_exact
,True,2026-08-14T03:45:06.136675+00:00,Pace,89,3930.0,11.0,93.415,109.924,16.509,Dana Barros,344,2004-04-14,2004-04-14,2003-04,{},,1,1610612738,authoritative_v2,2004-04-14,authoritative_v2_target_manifest_missing23_recovery,2004-04-14,authoritative_v2_effective_interval_exact
,True,2026-08-14T03:45:06.136675+00:00,Second Chance Efficiency,89,3930.0,11.0,114.977,133.333,18.356,Dana Barros,344,2004-04-14,2004-04-14,2003-04,{},,1,1610612738,authoritative_v2,2004-04-14,authoritative_v2_target_manifest_missing23_recovery,2004-04-14,authoritative_v2_effective_interval_exact
,True,2026-08-14T03:45:06.136675+00:00,Penalty Efficiency,89,3930.0,11.0,106.968,62.5,-44.468,Dana Barros,344,2004-04-14,2004-04-14,2003-04,{},,1,1610612738,authoritative_v2,2004-04-14,authoritative_v2_target_manifest_missing23_recovery,2004-04-14,authoritative_v2_effective_interval_exact
,True,2026-08-14T03:45:06.136675+00:00,Second Chance Possessions Per 100 Possessions,89,3930.0,11.0,11.348,12.0,0.652,Dana Barros,344,2004-04-14,2004-04-14,2003-04,{},,1,1610612738,authoritative_v2,2004-04-14,authoritative_v2_target_manifest_missing23_recovery,2004-04-14,authoritative_v2_effective_interval_exact
,True,2026-08-14T03:45:06.136675+00:00,First Chance Points Per 100 Possessions,89,3930.0,11.0,88.77,76.0,-12.77,Dana Barros,344,2004-04-14,2004-04-14,2003-04,{},,1,1610612738,authoritative_v2,2004-04-14,authoritative_v2_target_manifest_missing23_recovery,2004-04-14,authoritative_v2_effective_interval_exact
,True,2026-08-14T03:45:06.136675+00:00,Second Chance Points Per 100 Possessions,89,3930.0,11.0,13.047,16.0,2.953,Dana Barros,344,2004-04-14,2004-04-14,2003-04,{},,1,1610612738,authoritative_v2,2004-04-14,authoritative_v2_target_manifest_missing23_recovery,2004-04-14,authoritative_v2_effective_interval_exact
,True,2026-08-14T03:45:05.999763+00:00,2pt FGM Assist%,89,3953.0,13.0,0.526,0.778,0.252,Trey Johnson,201234,2011-04-13,2011-04-13,2010-11,{},,1,1610612747,authoritative_v2,2011-04-13,authoritative_v2_target_manifest_missing23_recovery,2011-04-13,authoritative_v2_effective_interval_exact
,True,2026-08-14T03:45:05.999763+00:00,Non Putback 2pt FGM Assist%,89,3953.0,13.0,0.581,0.778,0.197,Trey Johnson,201234,2011-04-13,2011-04-13,2010-11,{},,1,1610612747,authoritative_v2,2011-04-13,authoritative_v2_target_manifest_missing23_recovery,2011-04-13,authoritative_v2_effective_interval_exact
,True,2026-08-14T03:45:05.999763+00:00,3pt FGM Assist%,89,3953.0,13.0,0.819,0.0,-0.819,Trey Johnson,201234,2011-04-13,2011-04-13,2010-11,{},,1,1610612747,authoritative_v2,2011-04-13,authoritative_v2_target_manifest_missing23_recovery,2011-04-13,authoritative_v2_effective_interval_exact
,True,2026-08-14T03:45:05.999763+00:00,3pt FG%,89,3953.0,13.0,0.352,0.0,-0.352,Trey Johnson,201234,2011-04-13,2011-04-13,2010-11,{},,1,1610612747,authoritative_v2,2011-04-13,authoritative_v2_target_manifest_missing23_recovery,2011-04-13,authoritative_v2_effective_interval_exact
,True,2026-08-14T03:45:05.999763+00:00,Non-Heave 3pt FG%,89,3953.0,13.0,0.358,0.0,-0.358,Trey Johnson,201234,2011-04-13,2011-04-13,2010-11,{},,1,1610612747,authoritative_v2,2011-04-13,authoritative_v2_target_manifest_missing23_recovery,2011-04-13,authoritative_v2_effective_interval_exact
,True,2026-08-14T03:45:05.999763+00:00,2pt FG%,89,3953.0,13.0,0.494,0.429,-0.066,Trey Johnson,201234,2011-04-13,2011-04-13,2010-11,{},,1,1610612747,authoritative_v2,2011-04-13,authoritative_v2_target_manifest_missing23_recovery,2011-04-13,authoritative_v2_effective_interval_exact
,True,2026-08-14T03:45:05.999763+00:00,eFG%,89,3953.0,13.0,0.502,0.429,-0.073,Trey Johnson,201234,2011-04-13,2011-04-13,2010-11,{},,1,1610612747,authoritative_v2,2011-04-13,authoritative_v2_target_manifest_missing23_recovery,2011-04-13,authoritative_v2_effective_interval_exact
,True,2026-08-14T03:45:05.999763+00:00,TS%,89,3953.0,13.0,0.544,0.5,-0.044,Trey Johnson,201234,2011-04-13,2011-04-13,2010-11,{},,1,1610612747,authoritative_v2,2011-04-13,authoritative_v2_target_manifest_missing23_recovery,2011-04-13,authoritative_v2_effective_interval_exact
,True,2026-08-14T03:45:05.999763+00:00,3PAr,89,3953.0,13.0,0.221,0.0,-0.221,Trey Johnson,201234,2011-04-13,2011-04-13,2010-11,{},,1,1610612747,authoritative_v2,2011-04-13,authoritative_v2_target_manifest_missing23_recovery,2011-04-13,authoritative_v2_effective_interval_exact
,True,2026-08-14T03:45:05.999763+00:00,% of FG3A Blocked,89,3953.0,13.0,0.007,0.0,-0.007,Trey Johnson,201234,2011-04-13,2011-04-13,2010-11,{},,1,1610612747,authoritative_v2,2011-04-13,authoritative_v2_target_manifest_missing23_recovery,2011-04-13,authoritative_v2_effective_interval_exact
,True,2026-08-14T03:45:05.999763+00:00,% of FG2A Blocked,89,3953.0,13.0,0.068,0.095,0.027,Trey Johnson,201234,2011-04-13,2011-04-13,2010-11,{},,1,1610612747,authoritative_v2,2011-04-13,authoritative_v2_target_manifest_missing23_recovery,2011-04-13,authoritative_v2_effective_interval_exact
,True,2026-08-14T03:45:05.999763+00:00,Live Ball TO%,89,3953.0,13.0,0.545,0.333,-0.212,Trey Johnson,201234,2011-04-13,2011-04-13,2010-11,{},,1,1610612747,authoritative_v2,2011-04-13,authoritative_v2_target_manifest_missing23_recovery,2011-04-13,authoritative_v2_effective_interval_exact
,True,2026-08-14T03:45:05.999763+00:00,DReb% - Missed FTs,89,3953.0,13.0,0.886,0.0,-0.886,Trey Johnson,201234,2011-04-13,2011-04-13,2010-11,{},,1,1610612747,authoritative_v2,2011-04-13,authoritative_v2_target_manifest_missing23_recovery,2011-04-13,authoritative_v2_effective_interval_exact
,True,2026-08-14T03:45:05.999763+00:00,OReb% - Missed FTs,89,3953.0,13.0,0.103,0.0,-0.103,Trey Johnson,201234,2011-04-13,2011-04-13,2010-11,{},,1,1610612747,authoritative_v2,2011-04-13,authoritative_v2_target_manifest_missing23_recovery,2011-04-13,authoritative_v2_effective_interval_exact
,True,2026-08-14T03:45:05.999763+00:00,DReb% - Missed 2s,89,3953.0,13.0,0.684,0.5,-0.184,Trey Johnson,201234,2011-04-13,2011-04-13,2010-11,{},,1,1610612747,authoritative_v2,2011-04-13,authoritative_v2_target_manifest_missing23_recovery,2011-04-13,authoritative_v2_effective_interval_exact
,True,2026-08-14T03:45:05.999763+00:00,OReb% - Missed 2s,89,3953.0,13.0,0.333,0.0,-0.333,Trey Johnson,201234,2011-04-13,2011-04-13,2010-11,{},,1,1610612747,authoritative_v2,2011-04-13,authoritative_v2_target_manifest_missing23_recovery,2011-04-13,authoritative_v2_effective_interval_exact
,True,2026-08-14T03:45:05.999763+00:00,DReb% - Missed 3s,89,3953.0,13.0,0.738,0.5,-0.238,Trey Johnson,201234,2011-04-13,2011-04-13,2010-11,{},,1,1610612747,authoritative_v2,2011-04-13,authoritative_v2_target_manifest_missing23_recovery,2011-04-13,authoritative_v2_effective_interval_exact
,True,2026-08-14T03:45:05.999763+00:00,OReb% - Missed 3s,89,3953.0,13.0,0.295,0.0,-0.295,Trey Johnson,201234,2011-04-13,2011-04-13,2010-11,{},,1,1610612747,authoritative_v2,2011-04-13,authoritative_v2_target_manifest_missing23_recovery,2011-04-13,authoritative_v2_effective_interval_exact
,True,2026-08-14T03:45:05.999763+00:00,DReb% - Missed FGs,89,3953.0,13.0,0.699,0.5,-0.199,Trey Johnson,201234,2011-04-13,2011-04-13,2010-11,{},,1,1610612747,authoritative_v2,2011-04-13,authoritative_v2_target_manifest_missing23_recovery,2011-04-13,authoritative_v2_effective_interval_exact
,True,2026-08-14T03:45:05.999763+00:00,OReb% - Missed FGs,89,3953.0,13.0,0.323,0.0,-0.323,Trey Johnson,201234,2011-04-13,2011-04-13,2010-11,{},,1,1610612747,authoritative_v2,2011-04-13,authoritative_v2_target_manifest_missing23_recovery,2011-04-13,authoritative_v2_effective_interval_exact
,True,2026-08-14T03:45:05.999763+00:00,At Rim OReb%,89,3953.0,13.0,0.415,0.0,-0.415,Trey Johnson,201234,2011-04-13,2011-04-13,2010-11,{},,1,1610612747,authoritative_v2,2011-04-13,authoritative_v2_target_manifest_missing23_recovery,2011-04-13,authoritative_v2_effective_interval_exact
,True,2026-08-14T03:45:05.999763+00:00,Short Mid-Range OReb%,89,3953.0,13.0,0.329,0.0,-0.329,Trey Johnson,201234,2011-04-13,2011-04-13,2010-11,{},,1,1610612747,authoritative_v2,2011-04-13,authoritative_v2_target_manifest_missing23_recovery,2011-04-13,authoritative_v2_effective_interval_exact
,True,2026-08-14T03:45:05.999763+00:00,Long Mid-Range OReb%,89,3953.0,13.0,0.276,0.0,-0.276,Trey Johnson,201234,2011-04-13,2011-04-13,2010-11,{},,1,1610612747,authoritative_v2,2011-04-13,authoritative_v2_target_manifest_missing23_recovery,2011-04-13,authoritative_v2_effective_interval_exact
,True,2026-08-14T03:45:05.999763+00:00,Arc 3 OReb%,89,3953.0,13.0,0.296,0.0,-0.296,Trey Johnson,201234,2011-04-13,2011-04-13,2010-11,{},,1,1610612747,authoritative_v2,2011-04-13,authoritative_v2_target_manifest_missing23_recovery,2011-04-13,authoritative_v2_effective_interval_exact
,True,2026-08-14T03:45:05.999763+00:00,Corner 3 OReb%,89,3953.0,13.0,0.291,0.0,-0.291,Trey Johnson,201234,2011-04-13,2011-04-13,2010-11,{},,1,1610612747,authoritative_v2,2011-04-13,authoritative_v2_target_manifest_missing23_recovery,2011-04-13,authoritative_v2_effective_interval_exact
,True,2026-08-14T03:45:05.999763+00:00,At Rim DReb%,89,3953.0,13.0,0.59,0.429,-0.162,Trey Johnson,201234,2011-04-13,2011-04-13,2010-11,{},,1,1610612747,authoritative_v2,2011-04-13,authoritative_v2_target_manifest_missing23_recovery,2011-04-13,authoritative_v2_effective_interval_exact
,True,2026-08-14T03:45:05.999763+00:00,Short Mid-Range DReb%,89,3953.0,13.0,0.665,0.6,-0.065,Trey Johnson,201234,2011-04-13,2011-04-13,2010-11,{},,1,1610612747,authoritative_v2,2011-04-13,authoritative_v2_target_manifest_missing23_recovery,2011-04-13,authoritative_v2_effective_interval_exact
,True,2026-08-14T03:45:05.999763+00:00,Long Mid-Range DReb%,89,3953.0,13.0,0.77,0.5,-0.27,Trey Johnson,201234,2011-04-13,2011-04-13,2010-11,{},,1,1610612747,authoritative_v2,2011-04-13,authoritative_v2_target_manifest_missing23_recovery,2011-04-13,authoritative_v2_effective_interval_exact
,True,2026-08-14T03:45:05.999763+00:00,Arc 3 DReb%,89,3953.0,13.0,0.737,0.0,-0.737,Trey Johnson,201234,2011-04-13,2011-04-13,2010-11,{},,1,1610612747,authoritative_v2,2011-04-13,authoritative_v2_target_manifest_missing23_recovery,2011-04-13,authoritative_v2_effective_interval_exact
,True,2026-08-14T03:45:05.999763+00:00,Corner 3 DReb%,89,3953.0,13.0,0.741,0.5,-0.241,Trey Johnson,201234,2011-04-13,2011-04-13,2010-11,{},,1,1610612747,authoritative_v2,2011-04-13,authoritative_v2_target_manifest_missing23_recovery,2011-04-13,authoritative_v2_effective_interval_exact
,True,2026-08-14T03:45:05.999763+00:00,Blocks Recovered %,89,3953.0,13.0,0.549,0.0,-0.549,Trey Johnson,201234,2011-04-13,2011-04-13,2010-11,{},,1,1610612747,authoritative_v2,2011-04-13,authoritative_v2_target_manifest_missing23_recovery,2011-04-13,authoritative_v2_effective_interval_exact
,True,2026-08-14T03:45:05.999763+00:00,Seconds Per Possession - Offense,89,3953.0,13.0,16.069,16.038,-0.03,Trey Johnson,201234,2011-04-13,2011-04-13,2010-11,{},,1,1610612747,authoritative_v2,2011-04-13,authoritative_v2_target_manifest_missing23_recovery,2011-04-13,authoritative_v2_effective_interval_exact
,True,2026-08-14T03:45:05.999763+00:00,Seconds Per Possession - Defense,89,3953.0,13.0,15.694,14.885,-0.809,Trey Johnson,201234,2011-04-13,2011-04-13,2010-11,{},,1,1610612747,authoritative_v2,2011-04-13,authoritative_v2_target_manifest_missing23_recovery,2011-04-13,authoritative_v2_effective_interval_exact
,True,2026-08-14T03:45:05.999763+00:00,At Rim Shot Frequency,89,3953.0,13.0,0.306,0.286,-0.021,Trey Johnson,201234,2011-04-13,2011-04-13,2010-11,{},,1,1610612747,authoritative_v2,2011-04-13,authoritative_v2_target_manifest_missing23_recovery,2011-04-13,authoritative_v2_effective_interval_exact
,True,2026-08-14T03:45:05.999763+00:00,At Rim FG%,89,3953.0,13.0,0.639,0.667,0.028,Trey Johnson,201234,2011-04-13,2011-04-13,2010-11,{},,1,1610612747,authoritative_v2,2011-04-13,authoritative_v2_target_manifest_missing23_recovery,2011-04-13,authoritative_v2_effective_interval_exact
,True,2026-08-14T03:45:05.999763+00:00,At Rim % Assisted,89,3953.0,13.0,0.562,1.0,0.438,Trey Johnson,201234,2011-04-13,2011-04-13,2010-11,{},,1,1610612747,authoritative_v2,2011-04-13,authoritative_v2_target_manifest_missing23_recovery,2011-04-13,authoritative_v2_effective_interval_exact
,True,2026-08-14T03:45:05.999763+00:00,Short Mid Range Shot Frequency,89,3953.0,13.0,0.229,0.381,0.152,Trey Johnson,201234,2011-04-13,2011-04-13,2010-11,{},,1,1610612747,authoritative_v2,2011-04-13,authoritative_v2_target_manifest_missing23_recovery,2011-04-13,authoritative_v2_effective_interval_exact
,True,2026-08-14T03:45:05.999763+00:00,Short Mid Range FG%,89,3953.0,13.0,0.415,0.375,-0.04,Trey Johnson,201234,2011-04-13,2011-04-13,2010-11,{},,1,1610612747,authoritative_v2,2011-04-13,authoritative_v2_target_manifest_missing23_recovery,2011-04-13,authoritative_v2_effective_interval_exact
,True,2026-08-14T03:45:05.999763+00:00,Short Mid Range % Assisted,89,3953.0,13.0,0.405,0.667,0.262,Trey Johnson,201234,2011-04-13,2011-04-13,2010-11,{},,1,1610612747,authoritative_v2,2011-04-13,authoritative_v2_target_manifest_missing23_recovery,2011-04-13,authoritative_v2_effective_interval_exact
,True,2026-08-14T03:45:05.999763+00:00,Long Mid Range Shot Frequency,89,3953.0,13.0,0.244,0.333,0.089,Trey Johnson,201234,2011-04-13,2011-04-13,2010-11,{},,1,1610612747,authoritative_v2,2011-04-13,authoritative_v2_target_manifest_missing23_recovery,2011-04-13,authoritative_v2_effective_interval_exact
,True,2026-08-14T03:45:05.999763+00:00,Long Mid Range FG%,89,3953.0,13.0,0.388,0.286,-0.102,Trey Johnson,201234,2011-04-13,2011-04-13,2010-11,{},,1,1610612747,authoritative_v2,2011-04-13,authoritative_v2_target_manifest_missing23_recovery,2011-04-13,authoritative_v2_effective_interval_exact
,True,2026-08-14T03:45:05.999763+00:00,Long Mid % Assisted,89,3953.0,13.0,0.573,0.5,-0.073,Trey Johnson,201234,2011-04-13,2011-04-13,2010-11,{},,1,1610612747,authoritative_v2,2011-04-13,authoritative_v2_target_manifest_missing23_recovery,2011-04-13,authoritative_v2_effective_interval_exact
,True,2026-08-14T03:45:05.999763+00:00,Corner 3 Shot Frequency,89,3953.0,13.0,0.065,0.0,-0.065,Trey Johnson,201234,2011-04-13,2011-04-13,2010-11,{},,1,1610612747,authoritative_v2,2011-04-13,authoritative_v2_target_manifest_missing23_recovery,2011-04-13,authoritative_v2_effective_interval_exact
,True,2026-08-14T03:45:05.999763+00:00,Corner 3 FG%,89,3953.0,13.0,0.411,0.0,-0.411,Trey Johnson,201234,2011-04-13,2011-04-13,2010-11,{},,1,1610612747,authoritative_v2,2011-04-13,authoritative_v2_target_manifest_missing23_recovery,2011-04-13,authoritative_v2_effective_interval_exact
,True,2026-08-14T03:45:05.999763+00:00,Corner 3 % Assisted,89,3953.0,13.0,0.923,0.0,-0.923,Trey Johnson,201234,2011-04-13,2011-04-13,2010-11,{},,1,1610612747,authoritative_v2,2011-04-13,authoritative_v2_target_manifest_missing23_recovery,2011-04-13,authoritative_v2_effective_interval_exact
,True,2026-08-14T03:45:05.999763+00:00,Arc 3 Shot Frequency,89,3953.0,13.0,0.155,0.0,-0.155,Trey Johnson,201234,2011-04-13,2011-04-13,2010-11,{},,1,1610612747,authoritative_v2,2011-04-13,authoritative_v2_target_manifest_missing23_recovery,2011-04-13,authoritative_v2_effective_interval_exact
,True,2026-08-14T03:45:05.999763+00:00,Arc 3 FG%,89,3953.0,13.0,0.328,0.0,-0.328,Trey Johnson,201234,2011-04-13,2011-04-13,2010-11,{},,1,1610612747,authoritative_v2,2011-04-13,authoritative_v2_target_manifest_missing23_recovery,2011-04-13,authoritative_v2_effective_interval_exact
,True,2026-08-14T03:45:05.999763+00:00,Arc 3 % Assisted,89,3953.0,13.0,0.764,0.0,-0.764,Trey Johnson,201234,2011-04-13,2011-04-13,2010-11,{},,1,1610612747,authoritative_v2,2011-04-13,authoritative_v2_target_manifest_missing23_recovery,2011-04-13,authoritative_v2_effective_interval_exact
,True,2026-08-14T03:45:05.999763+00:00,At Rim or 3pt Shot Frequency,89,3953.0,13.0,0.527,0.286,-0.241,Trey Johnson,201234,2011-04-13,2011-04-13,2010-11,{},,1,1610612747,authoritative_v2,2011-04-13,authoritative_v2_target_manifest_missing23_recovery,2011-04-13,authoritative_v2_effective_interval_exact
,True,2026-08-14T03:45:05.999763+00:00,Non-Heave Arc 3 FG%,89,3953.0,13.0,0.335,0.0,-0.335,Trey Johnson,201234,2011-04-13,2011-04-13,2010-11,{},,1,1610612747,authoritative_v2,2011-04-13,authoritative_v2_target_manifest_missing23_recovery,2011-04-13,authoritative_v2_effective_interval_exact
,True,2026-08-14T03:45:05.999763+00:00,Shot Quality,89,3953.0,13.0,0.489,0.468,-0.021,Trey Johnson,201234,2011-04-13,2011-04-13,2010-11,{},,1,1610612747,authoritative_v2,2011-04-13,authoritative_v2_target_manifest_missing23_recovery,2011-04-13,authoritative_v2_effective_interval_exact
,True,2026-08-14T03:45:05.999763+00:00,Shooting Foul Drawn Rate,89,3953.0,13.0,0.115,0.13,0.015,Trey Johnson,201234,2011-04-13,2011-04-13,2010-11,{},,1,1610612747,authoritative_v2,2011-04-13,authoritative_v2_target_manifest_missing23_recovery,2011-04-13,authoritative_v2_effective_interval_exact
,True,2026-08-14T03:45:05.999763+00:00,3pt Shooting Foul Drawn Rate,89,3953.0,13.0,0.141,0.13,-0.01,Trey Johnson,201234,2011-04-13,2011-04-13,2010-11,{},,1,1610612747,authoritative_v2,2011-04-13,authoritative_v2_target_manifest_missing23_recovery,2011-04-13,authoritative_v2_effective_interval_exact
,True,2026-08-14T03:45:05.999763+00:00,2pt Shooting Foul Drawn Rate,89,3953.0,13.0,0.015,0.0,-0.015,Trey Johnson,201234,2011-04-13,2011-04-13,2010-11,{},,1,1610612747,authoritative_v2,2011-04-13,authoritative_v2_target_manifest_missing23_recovery,2011-04-13,authoritative_v2_effective_interval_exact
,True,2026-08-14T03:45:05.999763+00:00,Second Chance Points%,89,3953.0,13.0,0.148,0.0,-0.148,Trey Johnson,201234,2011-04-13,2011-04-13,2010-11,{},,1,1610612747,authoritative_v2,2011-04-13,authoritative_v2_target_manifest_missing23_recovery,2011-04-13,authoritative_v2_effective_interval_exact
,True,2026-08-14T03:45:05.999763+00:00,Penalty Points%,89,3953.0,13.0,0.27,0.0,-0.27,Trey Johnson,201234,2011-04-13,2011-04-13,2010-11,{},,1,1610612747,authoritative_v2,2011-04-13,authoritative_v2_target_manifest_missing23_recovery,2011-04-13,authoritative_v2_effective_interval_exact
,True,2026-08-14T03:45:05.999763+00:00,Penalty Possessions%,89,3953.0,13.0,0.263,0.0,-0.263,Trey Johnson,201234,2011-04-13,2011-04-13,2010-11,{},,1,1610612747,authoritative_v2,2011-04-13,authoritative_v2_target_manifest_missing23_recovery,2011-04-13,authoritative_v2_effective_interval_exact
,True,2026-08-14T03:45:05.999763+00:00,Avg 2pt Shot Distance,89,3953.0,13.0,9.051,9.424,0.373,Trey Johnson,201234,2011-04-13,2011-04-13,2010-11,{},,1,1610612747,authoritative_v2,2011-04-13,authoritative_v2_target_manifest_missing23_recovery,2011-04-13,authoritative_v2_effective_interval_exact
,True,2026-08-14T03:45:05.999763+00:00,Avg 3pt Shot Distance,89,3953.0,13.0,25.784,0.0,-25.784,Trey Johnson,201234,2011-04-13,2011-04-13,2010-11,{},,1,1610612747,authoritative_v2,2011-04-13,authoritative_v2_target_manifest_missing23_recovery,2011-04-13,authoritative_v2_effective_interval_exact
,True,2026-08-14T03:45:05.999763+00:00,Penalty Efficiency Excluding Last Minute Take Foul Possessions,89,3953.0,13.0,113.646,0.0,-113.646,Trey Johnson,201234,2011-04-13,2011-04-13,2010-11,{},,1,1610612747,authoritative_v2,2011-04-13,authoritative_v2_target_manifest_missing23_recovery,2011-04-13,authoritative_v2_effective_interval_exact
,True,2026-08-14T03:45:05.999763+00:00,DReb%,89,3953.0,13.0,0.708,0.5,-0.208,Trey Johnson,201234,2011-04-13,2011-04-13,2010-11,{},,1,1610612747,authoritative_v2,2011-04-13,authoritative_v2_target_manifest_missing23_recovery,2011-04-13,authoritative_v2_effective_interval_exact
,True,2026-08-14T03:45:05.999763+00:00,OReb%,89,3953.0,13.0,0.31,0.0,-0.31,Trey Johnson,201234,2011-04-13,2011-04-13,2010-11,{},,1,1610612747,authoritative_v2,2011-04-13,authoritative_v2_target_manifest_missing23_recovery,2011-04-13,authoritative_v2_effective_interval_exact
,True,2026-08-14T03:45:05.999763+00:00,Pts per 100 Possessions,89,3953.0,13.0,111.101,92.308,-18.793,Trey Johnson,201234,2011-04-13,2011-04-13,2010-11,{},,1,1610612747,authoritative_v2,2011-04-13,authoritative_v2_target_manifest_missing23_recovery,2011-04-13,authoritative_v2_effective_interval_exact
,True,2026-08-14T03:45:05.999763+00:00,Assist Points per 100 Possessions,89,3953.0,13.0,53.79,53.846,0.057,Trey Johnson,201234,2011-04-13,2011-04-13,2010-11,{},,1,1610612747,authoritative_v2,2011-04-13,authoritative_v2_target_manifest_missing23_recovery,2011-04-13,authoritative_v2_effective_interval_exact
,True,2026-08-14T03:45:05.999763+00:00,FTA per 100 Possessions,89,3953.0,13.0,26.406,23.077,-3.329,Trey Johnson,201234,2011-04-13,2011-04-13,2010-11,{},,1,1610612747,authoritative_v2,2011-04-13,authoritative_v2_target_manifest_missing23_recovery,2011-04-13,authoritative_v2_effective_interval_exact
,True,2026-08-14T03:45:05.999763+00:00,TOs per 100 Possessions,89,3953.0,13.0,14.341,11.538,-2.803,Trey Johnson,201234,2011-04-13,2011-04-13,2010-11,{},,1,1610612747,authoritative_v2,2011-04-13,authoritative_v2_target_manifest_missing23_recovery,2011-04-13,authoritative_v2_effective_interval_exact
,True,2026-08-14T03:45:05.999763+00:00,Assists per 100 Possessions,89,3953.0,13.0,24.022,26.923,2.901,Trey Johnson,201234,2011-04-13,2011-04-13,2010-11,{},,1,1610612747,authoritative_v2,2011-04-13,authoritative_v2_target_manifest_missing23_recovery,2011-04-13,authoritative_v2_effective_interval_exact
,True,2026-08-14T03:45:05.999763+00:00,Pts per 100 Possessions - Defense,89,3953.0,13.0,104.447,88.462,-15.986,Trey Johnson,201234,2011-04-13,2011-04-13,2010-11,{},,1,1610612747,authoritative_v2,2011-04-13,authoritative_v2_target_manifest_missing23_recovery,2011-04-13,authoritative_v2_effective_interval_exact
,True,2026-08-14T03:45:05.999763+00:00,Shot Quality - Defense,89,3953.0,13.0,0.493,0.508,0.015,Trey Johnson,201234,2011-04-13,2011-04-13,2010-11,{},,1,1610612747,authoritative_v2,2011-04-13,authoritative_v2_target_manifest_missing23_recovery,2011-04-13,authoritative_v2_effective_interval_exact
,True,2026-08-14T03:45:05.999763+00:00,3pt FG% - Defense,89,3953.0,13.0,0.335,0.0,-0.335,Trey Johnson,201234,2011-04-13,2011-04-13,2010-11,{},,1,1610612747,authoritative_v2,2011-04-13,authoritative_v2_target_manifest_missing23_recovery,2011-04-13,authoritative_v2_effective_interval_exact
,True,2026-08-14T03:45:05.999763+00:00,2pt FG% - Defense,89,3953.0,13.0,0.47,0.385,-0.085,Trey Johnson,201234,2011-04-13,2011-04-13,2010-11,{},,1,1610612747,authoritative_v2,2011-04-13,authoritative_v2_target_manifest_missing23_recovery,2011-04-13,authoritative_v2_effective_interval_exact
,True,2026-08-14T03:45:05.999763+00:00,eFG% - Defense,89,3953.0,13.0,0.478,0.357,-0.121,Trey Johnson,201234,2011-04-13,2011-04-13,2010-11,{},,1,1610612747,authoritative_v2,2011-04-13,authoritative_v2_target_manifest_missing23_recovery,2011-04-13,authoritative_v2_effective_interval_exact
,True,2026-08-14T03:45:05.999763+00:00,3PAr - Defense,89,3953.0,13.0,0.243,0.071,-0.171,Trey Johnson,201234,2011-04-13,2011-04-13,2010-11,{},,1,1610612747,authoritative_v2,2011-04-13,authoritative_v2_target_manifest_missing23_recovery,2011-04-13,authoritative_v2_effective_interval_exact
,True,2026-08-14T03:45:05.999763+00:00,At Rim Shot Frequency - Defense,89,3953.0,13.0,0.302,0.464,0.162,Trey Johnson,201234,2011-04-13,2011-04-13,2010-11,{},,1,1610612747,authoritative_v2,2011-04-13,authoritative_v2_target_manifest_missing23_recovery,2011-04-13,authoritative_v2_effective_interval_exact
,True,2026-08-14T03:45:05.999763+00:00,At Rim FG% - Defense,89,3953.0,13.0,0.601,0.462,-0.14,Trey Johnson,201234,2011-04-13,2011-04-13,2010-11,{},,1,1610612747,authoritative_v2,2011-04-13,authoritative_v2_target_manifest_missing23_recovery,2011-04-13,authoritative_v2_effective_interval_exact
,True,2026-08-14T03:45:05.999763+00:00,Short Mid Range Shot Frequency - Defense,89,3953.0,13.0,0.195,0.214,0.02,Trey Johnson,201234,2011-04-13,2011-04-13,2010-11,{},,1,1610612747,authoritative_v2,2011-04-13,authoritative_v2_target_manifest_missing23_recovery,2011-04-13,authoritative_v2_effective_interval_exact
,True,2026-08-14T03:45:05.999763+00:00,Short Mid Range FG% - Defense,89,3953.0,13.0,0.365,0.167,-0.199,Trey Johnson,201234,2011-04-13,2011-04-13,2010-11,{},,1,1610612747,authoritative_v2,2011-04-13,authoritative_v2_target_manifest_missing23_recovery,2011-04-13,authoritative_v2_effective_interval_exact
,True,2026-08-14T03:45:05.999763+00:00,Long Mid Range Shot Frequency - Defense,89,3953.0,13.0,0.26,0.25,-0.01,Trey Johnson,201234,2011-04-13,2011-04-13,2010-11,{},,1,1610612747,authoritative_v2,2011-04-13,authoritative_v2_target_manifest_missing23_recovery,2011-04-13,authoritative_v2_effective_interval_exact
,True,2026-08-14T03:45:05.999763+00:00,Long Mid Range FG% - Defense,89,3953.0,13.0,0.396,0.429,0.033,Trey Johnson,201234,2011-04-13,2011-04-13,2010-11,{},,1,1610612747,authoritative_v2,2011-04-13,authoritative_v2_target_manifest_missing23_recovery,2011-04-13,authoritative_v2_effective_interval_exact
,True,2026-08-14T03:45:05.999763+00:00,Corner 3 Shot Frequency - Defense,89,3953.0,13.0,0.07,0.071,0.002,Trey Johnson,201234,2011-04-13,2011-04-13,2010-11,{},,1,1610612747,authoritative_v2,2011-04-13,authoritative_v2_target_manifest_missing23_recovery,2011-04-13,authoritative_v2_effective_interval_exact
,True,2026-08-14T03:45:05.999763+00:00,Corner 3 FG% - Defense,89,3953.0,13.0,0.359,0.0,-0.359,Trey Johnson,201234,2011-04-13,2011-04-13,2010-11,{},,1,1610612747,authoritative_v2,2011-04-13,authoritative_v2_target_manifest_missing23_recovery,2011-04-13,authoritative_v2_effective_interval_exact
,True,2026-08-14T03:45:05.999763+00:00,Arc 3 Shot Frequency - Defense,89,3953.0,13.0,0.173,0.0,-0.173,Trey Johnson,201234,2011-04-13,2011-04-13,2010-11,{},,1,1610612747,authoritative_v2,2011-04-13,authoritative_v2_target_manifest_missing23_recovery,2011-04-13,authoritative_v2_effective_interval_exact
,True,2026-08-14T03:45:05.999763+00:00,Arc 3 FG% - Defense,89,3953.0,13.0,0.325,0.0,-0.325,Trey Johnson,201234,2011-04-13,2011-04-13,2010-11,{},,1,1610612747,authoritative_v2,2011-04-13,authoritative_v2_target_manifest_missing23_recovery,2011-04-13,authoritative_v2_effective_interval_exact
,True,2026-08-14T03:45:05.999763+00:00,Pace,89,3953.0,13.0,90.672,93.134,2.462,Trey Johnson,201234,2011-04-13,2011-04-13,2010-11,{},,1,1610612747,authoritative_v2,2011-04-13,authoritative_v2_target_manifest_missing23_recovery,2011-04-13,authoritative_v2_effective_interval_exact
,True,2026-08-14T03:45:05.999763+00:00,Second Chance Efficiency,89,3953.0,13.0,124.068,0.0,-124.068,Trey Johnson,201234,2011-04-13,2011-04-13,2010-11,{},,1,1610612747,authoritative_v2,2011-04-13,authoritative_v2_target_manifest_missing23_recovery,2011-04-13,authoritative_v2_effective_interval_exact
,True,2026-08-14T03:45:05.999763+00:00,Penalty Efficiency,89,3953.0,13.0,114.271,0.0,-114.271,Trey Johnson,201234,2011-04-13,2011-04-13,2010-11,{},,1,1610612747,authoritative_v2,2011-04-13,authoritative_v2_target_manifest_missing23_recovery,2011-04-13,authoritative_v2_effective_interval_exact
,True,2026-08-14T03:45:05.999763+00:00,Second Chance Possessions Per 100 Possessions,89,3953.0,13.0,13.297,0.0,-13.297,Trey Johnson,201234,2011-04-13,2011-04-13,2010-11,{},,1,1610612747,authoritative_v2,2011-04-13,authoritative_v2_target_manifest_missing23_recovery,2011-04-13,authoritative_v2_effective_interval_exact
,True,2026-08-14T03:45:05.999763+00:00,First Chance Points Per 100 Possessions,89,3953.0,13.0,94.604,92.308,-2.296,Trey Johnson,201234,2011-04-13,2011-04-13,2010-11,{},,1,1610612747,authoritative_v2,2011-04-13,authoritative_v2_target_manifest_missing23_recovery,2011-04-13,authoritative_v2_effective_interval_exact
,True,2026-08-14T03:45:05.999763+00:00,Second Chance Points Per 100 Possessions,89,3953.0,13.0,16.497,0.0,-16.497,Trey Johnson,201234,2011-04-13,2011-04-13,2010-11,{},,1,1610612747,authoritative_v2,2011-04-13,authoritative_v2_target_manifest_missing23_recovery,2011-04-13,authoritative_v2_effective_interval_exact
,True,2026-08-14T03:45:07.182682+00:00,2pt FGM Assist%,89,3910.0,36.0,0.396,0.545,0.149,Earl Barron,2853,2013-04-17,2013-04-17,2012-13,{},,1,1610612752,authoritative_v2,2013-04-17,authoritative_v2_target_manifest_missing23_recovery,2013-04-17,authoritative_v2_effective_interval_exact
,True,2026-08-14T03:45:07.182682+00:00,Non Putback 2pt FGM Assist%,89,3910.0,36.0,0.433,0.632,0.199,Earl Barron,2853,2013-04-17,2013-04-17,2012-13,{},,1,1610612752,authoritative_v2,2013-04-17,authoritative_v2_target_manifest_missing23_recovery,2013-04-17,authoritative_v2_effective_interval_exact
,True,2026-08-14T03:45:07.182682+00:00,3pt FGM Assist%,89,3910.0,36.0,0.834,0.714,-0.119,Earl Barron,2853,2013-04-17,2013-04-17,2012-13,{},,1,1610612752,authoritative_v2,2013-04-17,authoritative_v2_target_manifest_missing23_recovery,2013-04-17,authoritative_v2_effective_interval_exact
,True,2026-08-14T03:45:07.182682+00:00,3pt FG%,89,3910.0,36.0,0.376,0.412,0.036,Earl Barron,2853,2013-04-17,2013-04-17,2012-13,{},,1,1610612752,authoritative_v2,2013-04-17,authoritative_v2_target_manifest_missing23_recovery,2013-04-17,authoritative_v2_effective_interval_exact
,True,2026-08-14T03:45:07.182682+00:00,Non-Heave 3pt FG%,89,3910.0,36.0,0.38,0.412,0.032,Earl Barron,2853,2013-04-17,2013-04-17,2012-13,{},,1,1610612752,authoritative_v2,2013-04-17,authoritative_v2_target_manifest_missing23_recovery,2013-04-17,authoritative_v2_effective_interval_exact
,True,2026-08-14T03:45:07.182682+00:00,2pt FG%,89,3910.0,36.0,0.488,0.415,-0.073,Earl Barron,2853,2013-04-17,2013-04-17,2012-13,{},,1,1610612752,authoritative_v2,2013-04-17,authoritative_v2_target_manifest_missing23_recovery,2013-04-17,authoritative_v2_effective_interval_exact
,True,2026-08-14T03:45:07.182682+00:00,eFG%,89,3910.0,36.0,0.515,0.464,-0.051,Earl Barron,2853,2013-04-17,2013-04-17,2012-13,{},,1,1610612752,authoritative_v2,2013-04-17,authoritative_v2_target_manifest_missing23_recovery,2013-04-17,authoritative_v2_effective_interval_exact
,True,2026-08-14T03:45:07.182682+00:00,TS%,89,3910.0,36.0,0.547,0.493,-0.054,Earl Barron,2853,2013-04-17,2013-04-17,2012-13,{},,1,1610612752,authoritative_v2,2013-04-17,authoritative_v2_target_manifest_missing23_recovery,2013-04-17,authoritative_v2_effective_interval_exact
,True,2026-08-14T03:45:07.182682+00:00,3PAr,89,3910.0,36.0,0.356,0.243,-0.113,Earl Barron,2853,2013-04-17,2013-04-17,2012-13,{},,1,1610612752,authoritative_v2,2013-04-17,authoritative_v2_target_manifest_missing23_recovery,2013-04-17,authoritative_v2_effective_interval_exact
,True,2026-08-14T03:45:07.182682+00:00,% of FG3A Blocked,89,3910.0,36.0,0.004,0.0,-0.004,Earl Barron,2853,2013-04-17,2013-04-17,2012-13,{},,1,1610612752,authoritative_v2,2013-04-17,authoritative_v2_target_manifest_missing23_recovery,2013-04-17,authoritative_v2_effective_interval_exact
,True,2026-08-14T03:45:07.182682+00:00,% of FG2A Blocked,89,3910.0,36.0,0.074,0.038,-0.036,Earl Barron,2853,2013-04-17,2013-04-17,2012-13,{},,1,1610612752,authoritative_v2,2013-04-17,authoritative_v2_target_manifest_missing23_recovery,2013-04-17,authoritative_v2_effective_interval_exact
,True,2026-08-14T03:45:07.182682+00:00,Live Ball TO%,89,3910.0,36.0,0.53,0.375,-0.155,Earl Barron,2853,2013-04-17,2013-04-17,2012-13,{},,1,1610612752,authoritative_v2,2013-04-17,authoritative_v2_target_manifest_missing23_recovery,2013-04-17,authoritative_v2_effective_interval_exact
,True,2026-08-14T03:45:07.182682+00:00,DReb% - Missed FTs,89,3910.0,36.0,0.847,0.0,-0.847,Earl Barron,2853,2013-04-17,2013-04-17,2012-13,{},,1,1610612752,authoritative_v2,2013-04-17,authoritative_v2_target_manifest_missing23_recovery,2013-04-17,authoritative_v2_effective_interval_exact
,True,2026-08-14T03:45:07.182682+00:00,OReb% - Missed FTs,89,3910.0,36.0,0.179,0.0,-0.179,Earl Barron,2853,2013-04-17,2013-04-17,2012-13,{},,1,1610612752,authoritative_v2,2013-04-17,authoritative_v2_target_manifest_missing23_recovery,2013-04-17,authoritative_v2_effective_interval_exact
,True,2026-08-14T03:45:07.182682+00:00,DReb% - Missed 2s,89,3910.0,36.0,0.7,0.654,-0.046,Earl Barron,2853,2013-04-17,2013-04-17,2012-13,{},,1,1610612752,authoritative_v2,2013-04-17,authoritative_v2_target_manifest_missing23_recovery,2013-04-17,authoritative_v2_effective_interval_exact
,True,2026-08-14T03:45:07.182682+00:00,OReb% - Missed 2s,89,3910.0,36.0,0.31,0.387,0.077,Earl Barron,2853,2013-04-17,2013-04-17,2012-13,{},,1,1610612752,authoritative_v2,2013-04-17,authoritative_v2_target_manifest_missing23_recovery,2013-04-17,authoritative_v2_effective_interval_exact
,True,2026-08-14T03:45:07.182682+00:00,DReb% - Missed 3s,89,3910.0,36.0,0.749,0.733,-0.015,Earl Barron,2853,2013-04-17,2013-04-17,2012-13,{},,1,1610612752,authoritative_v2,2013-04-17,authoritative_v2_target_manifest_missing23_recovery,2013-04-17,authoritative_v2_effective_interval_exact
,True,2026-08-14T03:45:07.182682+00:00,OReb% - Missed 3s,89,3910.0,36.0,0.233,0.1,-0.133,Earl Barron,2853,2013-04-17,2013-04-17,2012-13,{},,1,1610612752,authoritative_v2,2013-04-17,authoritative_v2_target_manifest_missing23_recovery,2013-04-17,authoritative_v2_effective_interval_exact
,True,2026-08-14T03:45:07.182682+00:00,DReb% - Missed FGs,89,3910.0,36.0,0.716,0.683,-0.033,Earl Barron,2853,2013-04-17,2013-04-17,2012-13,{},,1,1610612752,authoritative_v2,2013-04-17,authoritative_v2_target_manifest_missing23_recovery,2013-04-17,authoritative_v2_effective_interval_exact
,True,2026-08-14T03:45:07.182682+00:00,OReb% - Missed FGs,89,3910.0,36.0,0.279,0.317,0.038,Earl Barron,2853,2013-04-17,2013-04-17,2012-13,{},,1,1610612752,authoritative_v2,2013-04-17,authoritative_v2_target_manifest_missing23_recovery,2013-04-17,authoritative_v2_effective_interval_exact
,True,2026-08-14T03:45:07.182682+00:00,At Rim OReb%,89,3910.0,36.0,0.432,0.6,0.168,Earl Barron,2853,2013-04-17,2013-04-17,2012-13,{},,1,1610612752,authoritative_v2,2013-04-17,authoritative_v2_target_manifest_missing23_recovery,2013-04-17,authoritative_v2_effective_interval_exact
,True,2026-08-14T03:45:07.182682+00:00,Short Mid-Range OReb%,89,3910.0,36.0,0.315,0.143,-0.172,Earl Barron,2853,2013-04-17,2013-04-17,2012-13,{},,1,1610612752,authoritative_v2,2013-04-17,authoritative_v2_target_manifest_missing23_recovery,2013-04-17,authoritative_v2_effective_interval_exact
,True,2026-08-14T03:45:07.182682+00:00,Long Mid-Range OReb%,89,3910.0,36.0,0.195,0.222,0.027,Earl Barron,2853,2013-04-17,2013-04-17,2012-13,{},,1,1610612752,authoritative_v2,2013-04-17,authoritative_v2_target_manifest_missing23_recovery,2013-04-17,authoritative_v2_effective_interval_exact
,True,2026-08-14T03:45:07.182682+00:00,Arc 3 OReb%,89,3910.0,36.0,0.226,0.1,-0.126,Earl Barron,2853,2013-04-17,2013-04-17,2012-13,{},,1,1610612752,authoritative_v2,2013-04-17,authoritative_v2_target_manifest_missing23_recovery,2013-04-17,authoritative_v2_effective_interval_exact
,True,2026-08-14T03:45:07.182682+00:00,Corner 3 OReb%,89,3910.0,36.0,0.251,0.0,-0.251,Earl Barron,2853,2013-04-17,2013-04-17,2012-13,{},,1,1610612752,authoritative_v2,2013-04-17,authoritative_v2_target_manifest_missing23_recovery,2013-04-17,authoritative_v2_effective_interval_exact
,True,2026-08-14T03:45:07.182682+00:00,At Rim DReb%,89,3910.0,36.0,0.612,0.571,-0.041,Earl Barron,2853,2013-04-17,2013-04-17,2012-13,{},,1,1610612752,authoritative_v2,2013-04-17,authoritative_v2_target_manifest_missing23_recovery,2013-04-17,authoritative_v2_effective_interval_exact
,True,2026-08-14T03:45:07.182682+00:00,Short Mid-Range DReb%,89,3910.0,36.0,0.7,0.857,0.157,Earl Barron,2853,2013-04-17,2013-04-17,2012-13,{},,1,1610612752,authoritative_v2,2013-04-17,authoritative_v2_target_manifest_missing23_recovery,2013-04-17,authoritative_v2_effective_interval_exact
,True,2026-08-14T03:45:07.182682+00:00,Long Mid-Range DReb%,89,3910.0,36.0,0.777,0.583,-0.194,Earl Barron,2853,2013-04-17,2013-04-17,2012-13,{},,1,1610612752,authoritative_v2,2013-04-17,authoritative_v2_target_manifest_missing23_recovery,2013-04-17,authoritative_v2_effective_interval_exact
,True,2026-08-14T03:45:07.182682+00:00,Arc 3 DReb%,89,3910.0,36.0,0.744,0.733,-0.011,Earl Barron,2853,2013-04-17,2013-04-17,2012-13,{},,1,1610612752,authoritative_v2,2013-04-17,authoritative_v2_target_manifest_missing23_recovery,2013-04-17,authoritative_v2_effective_interval_exact
,True,2026-08-14T03:45:07.182682+00:00,Corner 3 DReb%,89,3910.0,36.0,0.762,0.0,-0.762,Earl Barron,2853,2013-04-17,2013-04-17,2012-13,{},,1,1610612752,authoritative_v2,2013-04-17,authoritative_v2_target_manifest_missing23_recovery,2013-04-17,authoritative_v2_effective_interval_exact
,True,2026-08-14T03:45:07.182682+00:00,Blocks Recovered %,89,3910.0,36.0,0.551,0.5,-0.051,Earl Barron,2853,2013-04-17,2013-04-17,2012-13,{},,1,1610612752,authoritative_v2,2013-04-17,authoritative_v2_target_manifest_missing23_recovery,2013-04-17,authoritative_v2_effective_interval_exact
,True,2026-08-14T03:45:07.182682+00:00,Seconds Per Possession - Offense,89,3910.0,36.0,16.365,16.479,0.114,Earl Barron,2853,2013-04-17,2013-04-17,2012-13,{},,1,1610612752,authoritative_v2,2013-04-17,authoritative_v2_target_manifest_missing23_recovery,2013-04-17,authoritative_v2_effective_interval_exact
,True,2026-08-14T03:45:07.182682+00:00,Seconds Per Possession - Defense,89,3910.0,36.0,15.705,14.571,-1.134,Earl Barron,2853,2013-04-17,2013-04-17,2012-13,{},,1,1610612752,authoritative_v2,2013-04-17,authoritative_v2_target_manifest_missing23_recovery,2013-04-17,authoritative_v2_effective_interval_exact
,True,2026-08-14T03:45:07.182682+00:00,At Rim Shot Frequency,89,3910.0,36.0,0.305,0.414,0.109,Earl Barron,2853,2013-04-17,2013-04-17,2012-13,{},,1,1610612752,authoritative_v2,2013-04-17,authoritative_v2_target_manifest_missing23_recovery,2013-04-17,authoritative_v2_effective_interval_exact
,True,2026-08-14T03:45:07.182682+00:00,At Rim FG%,89,3910.0,36.0,0.592,0.483,-0.109,Earl Barron,2853,2013-04-17,2013-04-17,2012-13,{},,1,1610612752,authoritative_v2,2013-04-17,authoritative_v2_target_manifest_missing23_recovery,2013-04-17,authoritative_v2_effective_interval_exact
,True,2026-08-14T03:45:07.182682+00:00,At Rim % Assisted,89,3910.0,36.0,0.441,0.357,-0.083,Earl Barron,2853,2013-04-17,2013-04-17,2012-13,{},,1,1610612752,authoritative_v2,2013-04-17,authoritative_v2_target_manifest_missing23_recovery,2013-04-17,authoritative_v2_effective_interval_exact
,True,2026-08-14T03:45:07.182682+00:00,Short Mid Range Shot Frequency,89,3910.0,36.0,0.109,0.114,0.005,Earl Barron,2853,2013-04-17,2013-04-17,2012-13,{},,1,1610612752,authoritative_v2,2013-04-17,authoritative_v2_target_manifest_missing23_recovery,2013-04-17,authoritative_v2_effective_interval_exact
,True,2026-08-14T03:45:07.182682+00:00,Short Mid Range FG%,89,3910.0,36.0,0.37,0.125,-0.245,Earl Barron,2853,2013-04-17,2013-04-17,2012-13,{},,1,1610612752,authoritative_v2,2013-04-17,authoritative_v2_target_manifest_missing23_recovery,2013-04-17,authoritative_v2_effective_interval_exact
,True,2026-08-14T03:45:07.182682+00:00,Short Mid Range % Assisted,89,3910.0,36.0,0.232,0.0,-0.232,Earl Barron,2853,2013-04-17,2013-04-17,2012-13,{},,1,1610612752,authoritative_v2,2013-04-17,authoritative_v2_target_manifest_missing23_recovery,2013-04-17,authoritative_v2_effective_interval_exact
,True,2026-08-14T03:45:07.182682+00:00,Long Mid Range Shot Frequency,89,3910.0,36.0,0.23,0.229,-0.002,Earl Barron,2853,2013-04-17,2013-04-17,2012-13,{},,1,1610612752,authoritative_v2,2013-04-17,authoritative_v2_target_manifest_missing23_recovery,2013-04-17,authoritative_v2_effective_interval_exact
,True,2026-08-14T03:45:07.182682+00:00,Long Mid Range FG%,89,3910.0,36.0,0.407,0.438,0.03,Earl Barron,2853,2013-04-17,2013-04-17,2012-13,{},,1,1610612752,authoritative_v2,2013-04-17,authoritative_v2_target_manifest_missing23_recovery,2013-04-17,authoritative_v2_effective_interval_exact
,True,2026-08-14T03:45:07.182682+00:00,Long Mid % Assisted,89,3910.0,36.0,0.381,1.0,0.619,Earl Barron,2853,2013-04-17,2013-04-17,2012-13,{},,1,1610612752,authoritative_v2,2013-04-17,authoritative_v2_target_manifest_missing23_recovery,2013-04-17,authoritative_v2_effective_interval_exact
,True,2026-08-14T03:45:07.182682+00:00,Corner 3 Shot Frequency,89,3910.0,36.0,0.086,0.029,-0.058,Earl Barron,2853,2013-04-17,2013-04-17,2012-13,{},,1,1610612752,authoritative_v2,2013-04-17,authoritative_v2_target_manifest_missing23_recovery,2013-04-17,authoritative_v2_effective_interval_exact
,True,2026-08-14T03:45:07.182682+00:00,Corner 3 FG%,89,3910.0,36.0,0.376,1.0,0.624,Earl Barron,2853,2013-04-17,2013-04-17,2012-13,{},,1,1610612752,authoritative_v2,2013-04-17,authoritative_v2_target_manifest_missing23_recovery,2013-04-17,authoritative_v2_effective_interval_exact
,True,2026-08-14T03:45:07.182682+00:00,Corner 3 % Assisted,89,3910.0,36.0,0.972,1.0,0.028,Earl Barron,2853,2013-04-17,2013-04-17,2012-13,{},,1,1610612752,authoritative_v2,2013-04-17,authoritative_v2_target_manifest_missing23_recovery,2013-04-17,authoritative_v2_effective_interval_exact
,True,2026-08-14T03:45:07.182682+00:00,Arc 3 Shot Frequency,89,3910.0,36.0,0.269,0.214,-0.055,Earl Barron,2853,2013-04-17,2013-04-17,2012-13,{},,1,1610612752,authoritative_v2,2013-04-17,authoritative_v2_target_manifest_missing23_recovery,2013-04-17,authoritative_v2_effective_interval_exact
,True,2026-08-14T03:45:07.182682+00:00,Arc 3 FG%,89,3910.0,36.0,0.375,0.333,-0.042,Earl Barron,2853,2013-04-17,2013-04-17,2012-13,{},,1,1610612752,authoritative_v2,2013-04-17,authoritative_v2_target_manifest_missing23_recovery,2013-04-17,authoritative_v2_effective_interval_exact
,True,2026-08-14T03:45:07.182682+00:00,Arc 3 % Assisted,89,3910.0,36.0,0.789,0.6,-0.189,Earl Barron,2853,2013-04-17,2013-04-17,2012-13,{},,1,1610612752,authoritative_v2,2013-04-17,authoritative_v2_target_manifest_missing23_recovery,2013-04-17,authoritative_v2_effective_interval_exact
,True,2026-08-14T03:45:07.182682+00:00,At Rim or 3pt Shot Frequency,89,3910.0,36.0,0.661,0.657,-0.004,Earl Barron,2853,2013-04-17,2013-04-17,2012-13,{},,1,1610612752,authoritative_v2,2013-04-17,authoritative_v2_target_manifest_missing23_recovery,2013-04-17,authoritative_v2_effective_interval_exact
,True,2026-08-14T03:45:07.182682+00:00,Non-Heave Arc 3 FG%,89,3910.0,36.0,0.382,0.333,-0.048,Earl Barron,2853,2013-04-17,2013-04-17,2012-13,{},,1,1610612752,authoritative_v2,2013-04-17,authoritative_v2_target_manifest_missing23_recovery,2013-04-17,authoritative_v2_effective_interval_exact
,True,2026-08-14T03:45:07.182682+00:00,Shot Quality,89,3910.0,36.0,0.52,0.514,-0.006,Earl Barron,2853,2013-04-17,2013-04-17,2012-13,{},,1,1610612752,authoritative_v2,2013-04-17,authoritative_v2_target_manifest_missing23_recovery,2013-04-17,authoritative_v2_effective_interval_exact
,True,2026-08-14T03:45:07.182682+00:00,Shooting Foul Drawn Rate,89,3910.0,36.0,0.099,0.095,-0.004,Earl Barron,2853,2013-04-17,2013-04-17,2012-13,{},,1,1610612752,authoritative_v2,2013-04-17,authoritative_v2_target_manifest_missing23_recovery,2013-04-17,authoritative_v2_effective_interval_exact
,True,2026-08-14T03:45:07.182682+00:00,3pt Shooting Foul Drawn Rate,89,3910.0,36.0,0.143,0.123,-0.02,Earl Barron,2853,2013-04-17,2013-04-17,2012-13,{},,1,1610612752,authoritative_v2,2013-04-17,authoritative_v2_target_manifest_missing23_recovery,2013-04-17,authoritative_v2_effective_interval_exact
,True,2026-08-14T03:45:07.182682+00:00,2pt Shooting Foul Drawn Rate,89,3910.0,36.0,0.008,0.0,-0.008,Earl Barron,2853,2013-04-17,2013-04-17,2012-13,{},,1,1610612752,authoritative_v2,2013-04-17,authoritative_v2_target_manifest_missing23_recovery,2013-04-17,authoritative_v2_effective_interval_exact
,True,2026-08-14T03:45:07.182682+00:00,Second Chance Points%,89,3910.0,36.0,0.132,0.178,0.046,Earl Barron,2853,2013-04-17,2013-04-17,2012-13,{},,1,1610612752,authoritative_v2,2013-04-17,authoritative_v2_target_manifest_missing23_recovery,2013-04-17,authoritative_v2_effective_interval_exact
,True,2026-08-14T03:45:07.182682+00:00,Penalty Points%,89,3910.0,36.0,0.232,0.123,-0.109,Earl Barron,2853,2013-04-17,2013-04-17,2012-13,{},,1,1610612752,authoritative_v2,2013-04-17,authoritative_v2_target_manifest_missing23_recovery,2013-04-17,authoritative_v2_effective_interval_exact
,True,2026-08-14T03:45:07.182682+00:00,Penalty Possessions%,89,3910.0,36.0,0.228,0.211,-0.017,Earl Barron,2853,2013-04-17,2013-04-17,2012-13,{},,1,1610612752,authoritative_v2,2013-04-17,authoritative_v2_target_manifest_missing23_recovery,2013-04-17,authoritative_v2_effective_interval_exact
,True,2026-08-14T03:45:07.182682+00:00,Avg 2pt Shot Distance,89,3910.0,36.0,8.763,7.66,-1.102,Earl Barron,2853,2013-04-17,2013-04-17,2012-13,{},,1,1610612752,authoritative_v2,2013-04-17,authoritative_v2_target_manifest_missing23_recovery,2013-04-17,authoritative_v2_effective_interval_exact
,True,2026-08-14T03:45:07.182682+00:00,Avg 3pt Shot Distance,89,3910.0,36.0,25.372,24.518,-0.854,Earl Barron,2853,2013-04-17,2013-04-17,2012-13,{},,1,1610612752,authoritative_v2,2013-04-17,authoritative_v2_target_manifest_missing23_recovery,2013-04-17,authoritative_v2_effective_interval_exact
,True,2026-08-14T03:45:07.182682+00:00,Penalty Efficiency Excluding Last Minute Take Foul Possessions,89,3910.0,36.0,112.348,60.0,-52.348,Earl Barron,2853,2013-04-17,2013-04-17,2012-13,{},,1,1610612752,authoritative_v2,2013-04-17,authoritative_v2_target_manifest_missing23_recovery,2013-04-17,authoritative_v2_effective_interval_exact
,True,2026-08-14T03:45:07.182682+00:00,DReb%,89,3910.0,36.0,0.725,0.683,-0.042,Earl Barron,2853,2013-04-17,2013-04-17,2012-13,{},,1,1610612752,authoritative_v2,2013-04-17,authoritative_v2_target_manifest_missing23_recovery,2013-04-17,authoritative_v2_effective_interval_exact
,True,2026-08-14T03:45:07.182682+00:00,OReb%,89,3910.0,36.0,0.274,0.295,0.021,Earl Barron,2853,2013-04-17,2013-04-17,2012-13,{},,1,1610612752,authoritative_v2,2013-04-17,authoritative_v2_target_manifest_missing23_recovery,2013-04-17,authoritative_v2_effective_interval_exact
,True,2026-08-14T03:45:07.182682+00:00,Pts per 100 Possessions,89,3910.0,36.0,110.924,102.817,-8.108,Earl Barron,2853,2013-04-17,2013-04-17,2012-13,{},,1,1610612752,authoritative_v2,2013-04-17,authoritative_v2_target_manifest_missing23_recovery,2013-04-17,authoritative_v2_effective_interval_exact
,True,2026-08-14T03:45:07.182682+00:00,Assist Points per 100 Possessions,89,3910.0,36.0,52.724,54.93,2.205,Earl Barron,2853,2013-04-17,2013-04-17,2012-13,{},,1,1610612752,authoritative_v2,2013-04-17,authoritative_v2_target_manifest_missing23_recovery,2013-04-17,authoritative_v2_effective_interval_exact
,True,2026-08-14T03:45:07.182682+00:00,FTA per 100 Possessions,89,3910.0,36.0,23.46,15.493,-7.967,Earl Barron,2853,2013-04-17,2013-04-17,2012-13,{},,1,1610612752,authoritative_v2,2013-04-17,authoritative_v2_target_manifest_missing23_recovery,2013-04-17,authoritative_v2_effective_interval_exact
,True,2026-08-14T03:45:07.182682+00:00,TOs per 100 Possessions,89,3910.0,36.0,13.396,11.268,-2.129,Earl Barron,2853,2013-04-17,2013-04-17,2012-13,{},,1,1610612752,authoritative_v2,2013-04-17,authoritative_v2_target_manifest_missing23_recovery,2013-04-17,authoritative_v2_effective_interval_exact
,True,2026-08-14T03:45:07.182682+00:00,Assists per 100 Possessions,89,3910.0,36.0,21.33,23.944,2.614,Earl Barron,2853,2013-04-17,2013-04-17,2012-13,{},,1,1610612752,authoritative_v2,2013-04-17,authoritative_v2_target_manifest_missing23_recovery,2013-04-17,authoritative_v2_effective_interval_exact
,True,2026-08-14T03:45:07.182682+00:00,Pts per 100 Possessions - Defense,89,3910.0,36.0,106.475,101.429,-5.046,Earl Barron,2853,2013-04-17,2013-04-17,2012-13,{},,1,1610612752,authoritative_v2,2013-04-17,authoritative_v2_target_manifest_missing23_recovery,2013-04-17,authoritative_v2_effective_interval_exact
,True,2026-08-14T03:45:07.182682+00:00,Shot Quality - Defense,89,3910.0,36.0,0.513,0.529,0.015,Earl Barron,2853,2013-04-17,2013-04-17,2012-13,{},,1,1610612752,authoritative_v2,2013-04-17,authoritative_v2_target_manifest_missing23_recovery,2013-04-17,authoritative_v2_effective_interval_exact
,True,2026-08-14T03:45:07.182682+00:00,3pt FG% - Defense,89,3910.0,36.0,0.36,0.062,-0.297,Earl Barron,2853,2013-04-17,2013-04-17,2012-13,{},,1,1610612752,authoritative_v2,2013-04-17,authoritative_v2_target_manifest_missing23_recovery,2013-04-17,authoritative_v2_effective_interval_exact
,True,2026-08-14T03:45:07.182682+00:00,2pt FG% - Defense,89,3910.0,36.0,0.497,0.527,0.03,Earl Barron,2853,2013-04-17,2013-04-17,2012-13,{},,1,1610612752,authoritative_v2,2013-04-17,authoritative_v2_target_manifest_missing23_recovery,2013-04-17,authoritative_v2_effective_interval_exact
,True,2026-08-14T03:45:07.182682+00:00,eFG% - Defense,89,3910.0,36.0,0.509,0.43,-0.08,Earl Barron,2853,2013-04-17,2013-04-17,2012-13,{},,1,1610612752,authoritative_v2,2013-04-17,authoritative_v2_target_manifest_missing23_recovery,2013-04-17,authoritative_v2_effective_interval_exact
,True,2026-08-14T03:45:07.182682+00:00,3PAr - Defense,89,3910.0,36.0,0.282,0.225,-0.056,Earl Barron,2853,2013-04-17,2013-04-17,2012-13,{},,1,1610612752,authoritative_v2,2013-04-17,authoritative_v2_target_manifest_missing23_recovery,2013-04-17,authoritative_v2_effective_interval_exact
,True,2026-08-14T03:45:07.182682+00:00,At Rim Shot Frequency - Defense,89,3910.0,36.0,0.324,0.366,0.042,Earl Barron,2853,2013-04-17,2013-04-17,2012-13,{},,1,1610612752,authoritative_v2,2013-04-17,authoritative_v2_target_manifest_missing23_recovery,2013-04-17,authoritative_v2_effective_interval_exact
,True,2026-08-14T03:45:07.182682+00:00,At Rim FG% - Defense,89,3910.0,36.0,0.642,0.731,0.089,Earl Barron,2853,2013-04-17,2013-04-17,2012-13,{},,1,1610612752,authoritative_v2,2013-04-17,authoritative_v2_target_manifest_missing23_recovery,2013-04-17,authoritative_v2_effective_interval_exact
,True,2026-08-14T03:45:07.182682+00:00,Short Mid Range Shot Frequency - Defense,89,3910.0,36.0,0.173,0.197,0.024,Earl Barron,2853,2013-04-17,2013-04-17,2012-13,{},,1,1610612752,authoritative_v2,2013-04-17,authoritative_v2_target_manifest_missing23_recovery,2013-04-17,authoritative_v2_effective_interval_exact
,True,2026-08-14T03:45:07.182682+00:00,Short Mid Range FG% - Defense,89,3910.0,36.0,0.359,0.5,0.141,Earl Barron,2853,2013-04-17,2013-04-17,2012-13,{},,1,1610612752,authoritative_v2,2013-04-17,authoritative_v2_target_manifest_missing23_recovery,2013-04-17,authoritative_v2_effective_interval_exact
,True,2026-08-14T03:45:07.182682+00:00,Long Mid Range Shot Frequency - Defense,89,3910.0,36.0,0.221,0.211,-0.009,Earl Barron,2853,2013-04-17,2013-04-17,2012-13,{},,1,1610612752,authoritative_v2,2013-04-17,authoritative_v2_target_manifest_missing23_recovery,2013-04-17,authoritative_v2_effective_interval_exact
,True,2026-08-14T03:45:07.182682+00:00,Long Mid Range FG% - Defense,89,3910.0,36.0,0.394,0.2,-0.194,Earl Barron,2853,2013-04-17,2013-04-17,2012-13,{},,1,1610612752,authoritative_v2,2013-04-17,authoritative_v2_target_manifest_missing23_recovery,2013-04-17,authoritative_v2_effective_interval_exact
,True,2026-08-14T03:45:07.182682+00:00,Corner 3 Shot Frequency - Defense,89,3910.0,36.0,0.071,0.0,-0.071,Earl Barron,2853,2013-04-17,2013-04-17,2012-13,{},,1,1610612752,authoritative_v2,2013-04-17,authoritative_v2_target_manifest_missing23_recovery,2013-04-17,authoritative_v2_effective_interval_exact
,True,2026-08-14T03:45:07.182682+00:00,Corner 3 FG% - Defense,89,3910.0,36.0,0.379,0.0,-0.379,Earl Barron,2853,2013-04-17,2013-04-17,2012-13,{},,1,1610612752,authoritative_v2,2013-04-17,authoritative_v2_target_manifest_missing23_recovery,2013-04-17,authoritative_v2_effective_interval_exact
,True,2026-08-14T03:45:07.182682+00:00,Arc 3 Shot Frequency - Defense,89,3910.0,36.0,0.211,0.225,0.015,Earl Barron,2853,2013-04-17,2013-04-17,2012-13,{},,1,1610612752,authoritative_v2,2013-04-17,authoritative_v2_target_manifest_missing23_recovery,2013-04-17,authoritative_v2_effective_interval_exact
,True,2026-08-14T03:45:07.182682+00:00,Arc 3 FG% - Defense,89,3910.0,36.0,0.353,0.062,-0.291,Earl Barron,2853,2013-04-17,2013-04-17,2012-13,{},,1,1610612752,authoritative_v2,2013-04-17,authoritative_v2_target_manifest_missing23_recovery,2013-04-17,authoritative_v2_effective_interval_exact
,True,2026-08-14T03:45:07.182682+00:00,Pace,89,3910.0,36.0,89.8,92.712,2.913,Earl Barron,2853,2013-04-17,2013-04-17,2012-13,{},,1,1610612752,authoritative_v2,2013-04-17,authoritative_v2_target_manifest_missing23_recovery,2013-04-17,authoritative_v2_effective_interval_exact
,True,2026-08-14T03:45:07.182682+00:00,Second Chance Efficiency,89,3910.0,36.0,120.744,144.444,23.7,Earl Barron,2853,2013-04-17,2013-04-17,2012-13,{},,1,1610612752,authoritative_v2,2013-04-17,authoritative_v2_target_manifest_missing23_recovery,2013-04-17,authoritative_v2_effective_interval_exact
,True,2026-08-14T03:45:07.182682+00:00,Penalty Efficiency,89,3910.0,36.0,112.95,60.0,-52.95,Earl Barron,2853,2013-04-17,2013-04-17,2012-13,{},,1,1610612752,authoritative_v2,2013-04-17,authoritative_v2_target_manifest_missing23_recovery,2013-04-17,authoritative_v2_effective_interval_exact
,True,2026-08-14T03:45:07.182682+00:00,Second Chance Possessions Per 100 Possessions,89,3910.0,36.0,12.113,12.676,0.564,Earl Barron,2853,2013-04-17,2013-04-17,2012-13,{},,1,1610612752,authoritative_v2,2013-04-17,authoritative_v2_target_manifest_missing23_recovery,2013-04-17,authoritative_v2_effective_interval_exact
,True,2026-08-14T03:45:07.182682+00:00,First Chance Points Per 100 Possessions,89,3910.0,36.0,96.299,84.507,-11.792,Earl Barron,2853,2013-04-17,2013-04-17,2012-13,{},,1,1610612752,authoritative_v2,2013-04-17,authoritative_v2_target_manifest_missing23_recovery,2013-04-17,authoritative_v2_effective_interval_exact
,True,2026-08-14T03:45:07.182682+00:00,Second Chance Points Per 100 Possessions,89,3910.0,36.0,14.625,18.31,3.685,Earl Barron,2853,2013-04-17,2013-04-17,2012-13,{},,1,1610612752,authoritative_v2,2013-04-17,authoritative_v2_target_manifest_missing23_recovery,2013-04-17,authoritative_v2_effective_interval_exact
,False,2026-08-14T03:45:14.221626+00:00,2pt FGM Assist%,89,,,0.472,0.714,0.243,Josh Powell,2694,2014-04-16,2014-04-16,2013-14,{},,1,1610612745,authoritative_v2,2014-04-16,authoritative_v2_target_manifest_missing23_recovery,2014-04-16,authoritative_v2_effective_interval_exact
,False,2026-08-14T03:45:14.221626+00:00,Non Putback 2pt FGM Assist%,89,,,0.519,0.714,0.195,Josh Powell,2694,2014-04-16,2014-04-16,2013-14,{},,1,1610612745,authoritative_v2,2014-04-16,authoritative_v2_target_manifest_missing23_recovery,2014-04-16,authoritative_v2_effective_interval_exact
,False,2026-08-14T03:45:14.221626+00:00,3pt FGM Assist%,89,,,0.835,0.8,-0.035,Josh Powell,2694,2014-04-16,2014-04-16,2013-14,{},,1,1610612745,authoritative_v2,2014-04-16,authoritative_v2_target_manifest_missing23_recovery,2014-04-16,authoritative_v2_effective_interval_exact
,False,2026-08-14T03:45:14.221626+00:00,3pt FG%,89,,,0.358,0.357,-0.0,Josh Powell,2694,2014-04-16,2014-04-16,2013-14,{},,1,1610612745,authoritative_v2,2014-04-16,authoritative_v2_target_manifest_missing23_recovery,2014-04-16,authoritative_v2_effective_interval_exact
,False,2026-08-14T03:45:14.221626+00:00,Non-Heave 3pt FG%,89,,,0.359,0.357,-0.002,Josh Powell,2694,2014-04-16,2014-04-16,2013-14,{},,1,1610612745,authoritative_v2,2014-04-16,authoritative_v2_target_manifest_missing23_recovery,2014-04-16,authoritative_v2_effective_interval_exact
,False,2026-08-14T03:45:14.221626+00:00,2pt FG%,89,,,0.53,0.35,-0.18,Josh Powell,2694,2014-04-16,2014-04-16,2013-14,{},,1,1610612745,authoritative_v2,2014-04-16,authoritative_v2_target_manifest_missing23_recovery,2014-04-16,authoritative_v2_effective_interval_exact
,False,2026-08-14T03:45:14.221626+00:00,eFG%,89,,,0.532,0.426,-0.105,Josh Powell,2694,2014-04-16,2014-04-16,2013-14,{},,1,1610612745,authoritative_v2,2014-04-16,authoritative_v2_target_manifest_missing23_recovery,2014-04-16,authoritative_v2_effective_interval_exact
,False,2026-08-14T03:45:14.221626+00:00,TS%,89,,,0.568,0.446,-0.122,Josh Powell,2694,2014-04-16,2014-04-16,2013-14,{},,1,1610612745,authoritative_v2,2014-04-16,authoritative_v2_target_manifest_missing23_recovery,2014-04-16,authoritative_v2_effective_interval_exact
,False,2026-08-14T03:45:14.221626+00:00,3PAr,89,,,0.33,0.412,0.082,Josh Powell,2694,2014-04-16,2014-04-16,2013-14,{},,1,1610612745,authoritative_v2,2014-04-16,authoritative_v2_target_manifest_missing23_recovery,2014-04-16,authoritative_v2_effective_interval_exact
,False,2026-08-14T03:45:14.221626+00:00,% of FG3A Blocked,89,,,0.006,0.0,-0.006,Josh Powell,2694,2014-04-16,2014-04-16,2013-14,{},,1,1610612745,authoritative_v2,2014-04-16,authoritative_v2_target_manifest_missing23_recovery,2014-04-16,authoritative_v2_effective_interval_exact
,False,2026-08-14T03:45:14.221626+00:00,% of FG2A Blocked,89,,,0.1,0.25,0.15,Josh Powell,2694,2014-04-16,2014-04-16,2013-14,{},,1,1610612745,authoritative_v2,2014-04-16,authoritative_v2_target_manifest_missing23_recovery,2014-04-16,authoritative_v2_effective_interval_exact
,False,2026-08-14T03:45:14.221626+00:00,Live Ball TO%,89,,,0.531,0.75,0.219,Josh Powell,2694,2014-04-16,2014-04-16,2013-14,{},,1,1610612745,authoritative_v2,2014-04-16,authoritative_v2_target_manifest_missing23_recovery,2014-04-16,authoritative_v2_effective_interval_exact
,False,2026-08-14T03:45:14.221626+00:00,DReb% - Missed FTs,89,,,0.839,0.0,-0.839,Josh Powell,2694,2014-04-16,2014-04-16,2013-14,{},,1,1610612745,authoritative_v2,2014-04-16,authoritative_v2_target_manifest_missing23_recovery,2014-04-16,authoritative_v2_effective_interval_exact
,False,2026-08-14T03:45:14.221626+00:00,OReb% - Missed FTs,89,,,0.152,1.0,0.848,Josh Powell,2694,2014-04-16,2014-04-16,2013-14,{},,1,1610612745,authoritative_v2,2014-04-16,authoritative_v2_target_manifest_missing23_recovery,2014-04-16,authoritative_v2_effective_interval_exact
,False,2026-08-14T03:45:14.221626+00:00,DReb% - Missed 2s,89,,,0.688,0.833,0.145,Josh Powell,2694,2014-04-16,2014-04-16,2013-14,{},,1,1610612745,authoritative_v2,2014-04-16,authoritative_v2_target_manifest_missing23_recovery,2014-04-16,authoritative_v2_effective_interval_exact
,False,2026-08-14T03:45:14.221626+00:00,OReb% - Missed 2s,89,,,0.336,0.154,-0.182,Josh Powell,2694,2014-04-16,2014-04-16,2013-14,{},,1,1610612745,authoritative_v2,2014-04-16,authoritative_v2_target_manifest_missing23_recovery,2014-04-16,authoritative_v2_effective_interval_exact
,False,2026-08-14T03:45:14.221626+00:00,DReb% - Missed 3s,89,,,0.751,0.8,0.049,Josh Powell,2694,2014-04-16,2014-04-16,2013-14,{},,1,1610612745,authoritative_v2,2014-04-16,authoritative_v2_target_manifest_missing23_recovery,2014-04-16,authoritative_v2_effective_interval_exact
,False,2026-08-14T03:45:14.221626+00:00,OReb% - Missed 3s,89,,,0.262,0.111,-0.151,Josh Powell,2694,2014-04-16,2014-04-16,2013-14,{},,1,1610612745,authoritative_v2,2014-04-16,authoritative_v2_target_manifest_missing23_recovery,2014-04-16,authoritative_v2_effective_interval_exact
,False,2026-08-14T03:45:14.221626+00:00,DReb% - Missed FGs,89,,,0.707,0.824,0.117,Josh Powell,2694,2014-04-16,2014-04-16,2013-14,{},,1,1610612745,authoritative_v2,2014-04-16,authoritative_v2_target_manifest_missing23_recovery,2014-04-16,authoritative_v2_effective_interval_exact
,False,2026-08-14T03:45:14.221626+00:00,OReb% - Missed FGs,89,,,0.307,0.136,-0.17,Josh Powell,2694,2014-04-16,2014-04-16,2013-14,{},,1,1610612745,authoritative_v2,2014-04-16,authoritative_v2_target_manifest_missing23_recovery,2014-04-16,authoritative_v2_effective_interval_exact
,False,2026-08-14T03:45:14.221626+00:00,At Rim OReb%,89,,,0.39,0.25,-0.14,Josh Powell,2694,2014-04-16,2014-04-16,2013-14,{},,1,1610612745,authoritative_v2,2014-04-16,authoritative_v2_target_manifest_missing23_recovery,2014-04-16,authoritative_v2_effective_interval_exact
,False,2026-08-14T03:45:14.221626+00:00,Short Mid-Range OReb%,89,,,0.313,0.0,-0.313,Josh Powell,2694,2014-04-16,2014-04-16,2013-14,{},,1,1610612745,authoritative_v2,2014-04-16,authoritative_v2_target_manifest_missing23_recovery,2014-04-16,authoritative_v2_effective_interval_exact
,False,2026-08-14T03:45:14.221626+00:00,Long Mid-Range OReb%,89,,,0.236,0.25,0.014,Josh Powell,2694,2014-04-16,2014-04-16,2013-14,{},,1,1610612745,authoritative_v2,2014-04-16,authoritative_v2_target_manifest_missing23_recovery,2014-04-16,authoritative_v2_effective_interval_exact
,False,2026-08-14T03:45:14.221626+00:00,Arc 3 OReb%,89,,,0.259,0.143,-0.116,Josh Powell,2694,2014-04-16,2014-04-16,2013-14,{},,1,1610612745,authoritative_v2,2014-04-16,authoritative_v2_target_manifest_missing23_recovery,2014-04-16,authoritative_v2_effective_interval_exact
,False,2026-08-14T03:45:14.221626+00:00,Corner 3 OReb%,89,,,0.272,0.0,-0.272,Josh Powell,2694,2014-04-16,2014-04-16,2013-14,{},,1,1610612745,authoritative_v2,2014-04-16,authoritative_v2_target_manifest_missing23_recovery,2014-04-16,authoritative_v2_effective_interval_exact
,False,2026-08-14T03:45:14.221626+00:00,At Rim DReb%,89,,,0.584,0.833,0.25,Josh Powell,2694,2014-04-16,2014-04-16,2013-14,{},,1,1610612745,authoritative_v2,2014-04-16,authoritative_v2_target_manifest_missing23_recovery,2014-04-16,authoritative_v2_effective_interval_exact
,False,2026-08-14T03:45:14.221626+00:00,Short Mid-Range DReb%,89,,,0.702,0.8,0.098,Josh Powell,2694,2014-04-16,2014-04-16,2013-14,{},,1,1610612745,authoritative_v2,2014-04-16,authoritative_v2_target_manifest_missing23_recovery,2014-04-16,authoritative_v2_effective_interval_exact
,False,2026-08-14T03:45:14.221626+00:00,Long Mid-Range DReb%,89,,,0.767,1.0,0.233,Josh Powell,2694,2014-04-16,2014-04-16,2013-14,{},,1,1610612745,authoritative_v2,2014-04-16,authoritative_v2_target_manifest_missing23_recovery,2014-04-16,authoritative_v2_effective_interval_exact
,False,2026-08-14T03:45:14.221626+00:00,Arc 3 DReb%,89,,,0.752,0.667,-0.085,Josh Powell,2694,2014-04-16,2014-04-16,2013-14,{},,1,1610612745,authoritative_v2,2014-04-16,authoritative_v2_target_manifest_missing23_recovery,2014-04-16,authoritative_v2_effective_interval_exact
,False,2026-08-14T03:45:14.221626+00:00,Corner 3 DReb%,89,,,0.75,1.0,0.25,Josh Powell,2694,2014-04-16,2014-04-16,2013-14,{},,1,1610612745,authoritative_v2,2014-04-16,authoritative_v2_target_manifest_missing23_recovery,2014-04-16,authoritative_v2_effective_interval_exact
,False,2026-08-14T03:45:14.221626+00:00,Blocks Recovered %,89,,,0.596,1.0,0.404,Josh Powell,2694,2014-04-16,2014-04-16,2013-14,{},,1,1610612745,authoritative_v2,2014-04-16,authoritative_v2_target_manifest_missing23_recovery,2014-04-16,authoritative_v2_effective_interval_exact
,False,2026-08-14T03:45:14.221626+00:00,Seconds Per Possession - Offense,89,,,14.436,15.0,0.564,Josh Powell,2694,2014-04-16,2014-04-16,2013-14,{},,1,1610612745,authoritative_v2,2014-04-16,authoritative_v2_target_manifest_missing23_recovery,2014-04-16,authoritative_v2_effective_interval_exact
,False,2026-08-14T03:45:14.221626+00:00,Seconds Per Possession - Defense,89,,,15.451,15.974,0.523,Josh Powell,2694,2014-04-16,2014-04-16,2013-14,{},,1,1610612745,authoritative_v2,2014-04-16,authoritative_v2_target_manifest_missing23_recovery,2014-04-16,authoritative_v2_effective_interval_exact
,False,2026-08-14T03:45:14.221626+00:00,At Rim Shot Frequency,89,,,0.396,0.206,-0.19,Josh Powell,2694,2014-04-16,2014-04-16,2013-14,{},,1,1610612745,authoritative_v2,2014-04-16,authoritative_v2_target_manifest_missing23_recovery,2014-04-16,authoritative_v2_effective_interval_exact
,False,2026-08-14T03:45:14.221626+00:00,At Rim FG%,89,,,0.627,0.429,-0.198,Josh Powell,2694,2014-04-16,2014-04-16,2013-14,{},,1,1610612745,authoritative_v2,2014-04-16,authoritative_v2_target_manifest_missing23_recovery,2014-04-16,authoritative_v2_effective_interval_exact
,False,2026-08-14T03:45:14.221626+00:00,At Rim % Assisted,89,,,0.532,0.333,-0.198,Josh Powell,2694,2014-04-16,2014-04-16,2013-14,{},,1,1610612745,authoritative_v2,2014-04-16,authoritative_v2_target_manifest_missing23_recovery,2014-04-16,authoritative_v2_effective_interval_exact
,False,2026-08-14T03:45:14.221626+00:00,Short Mid Range Shot Frequency,89,,,0.19,0.176,-0.014,Josh Powell,2694,2014-04-16,2014-04-16,2013-14,{},,1,1610612745,authoritative_v2,2014-04-16,authoritative_v2_target_manifest_missing23_recovery,2014-04-16,authoritative_v2_effective_interval_exact
,False,2026-08-14T03:45:14.221626+00:00,Short Mid Range FG%,89,,,0.404,0.167,-0.237,Josh Powell,2694,2014-04-16,2014-04-16,2013-14,{},,1,1610612745,authoritative_v2,2014-04-16,authoritative_v2_target_manifest_missing23_recovery,2014-04-16,authoritative_v2_effective_interval_exact
,False,2026-08-14T03:45:14.221626+00:00,Short Mid Range % Assisted,89,,,0.331,1.0,0.669,Josh Powell,2694,2014-04-16,2014-04-16,2013-14,{},,1,1610612745,authoritative_v2,2014-04-16,authoritative_v2_target_manifest_missing23_recovery,2014-04-16,authoritative_v2_effective_interval_exact
,False,2026-08-14T03:45:14.221626+00:00,Long Mid Range Shot Frequency,89,,,0.084,0.206,0.122,Josh Powell,2694,2014-04-16,2014-04-16,2013-14,{},,1,1610612745,authoritative_v2,2014-04-16,authoritative_v2_target_manifest_missing23_recovery,2014-04-16,authoritative_v2_effective_interval_exact
,False,2026-08-14T03:45:14.221626+00:00,Long Mid Range FG%,89,,,0.356,0.429,0.073,Josh Powell,2694,2014-04-16,2014-04-16,2013-14,{},,1,1610612745,authoritative_v2,2014-04-16,authoritative_v2_target_manifest_missing23_recovery,2014-04-16,authoritative_v2_effective_interval_exact
,False,2026-08-14T03:45:14.221626+00:00,Long Mid % Assisted,89,,,0.335,1.0,0.665,Josh Powell,2694,2014-04-16,2014-04-16,2013-14,{},,1,1610612745,authoritative_v2,2014-04-16,authoritative_v2_target_manifest_missing23_recovery,2014-04-16,authoritative_v2_effective_interval_exact
,False,2026-08-14T03:45:14.221626+00:00,Corner 3 Shot Frequency,89,,,0.078,0.118,0.039,Josh Powell,2694,2014-04-16,2014-04-16,2013-14,{},,1,1610612745,authoritative_v2,2014-04-16,authoritative_v2_target_manifest_missing23_recovery,2014-04-16,authoritative_v2_effective_interval_exact
,False,2026-08-14T03:45:14.221626+00:00,Corner 3 FG%,89,,,0.386,0.5,0.114,Josh Powell,2694,2014-04-16,2014-04-16,2013-14,{},,1,1610612745,authoritative_v2,2014-04-16,authoritative_v2_target_manifest_missing23_recovery,2014-04-16,authoritative_v2_effective_interval_exact
,False,2026-08-14T03:45:14.221626+00:00,Corner 3 % Assisted,89,,,0.965,0.5,-0.465,Josh Powell,2694,2014-04-16,2014-04-16,2013-14,{},,1,1610612745,authoritative_v2,2014-04-16,authoritative_v2_target_manifest_missing23_recovery,2014-04-16,authoritative_v2_effective_interval_exact
,False,2026-08-14T03:45:14.221626+00:00,Arc 3 Shot Frequency,89,,,0.251,0.294,0.043,Josh Powell,2694,2014-04-16,2014-04-16,2013-14,{},,1,1610612745,authoritative_v2,2014-04-16,authoritative_v2_target_manifest_missing23_recovery,2014-04-16,authoritative_v2_effective_interval_exact
,False,2026-08-14T03:45:14.221626+00:00,Arc 3 FG%,89,,,0.348,0.3,-0.048,Josh Powell,2694,2014-04-16,2014-04-16,2013-14,{},,1,1610612745,authoritative_v2,2014-04-16,authoritative_v2_target_manifest_missing23_recovery,2014-04-16,authoritative_v2_effective_interval_exact
,False,2026-08-14T03:45:14.221626+00:00,Arc 3 % Assisted,89,,,0.79,1.0,0.21,Josh Powell,2694,2014-04-16,2014-04-16,2013-14,{},,1,1610612745,authoritative_v2,2014-04-16,authoritative_v2_target_manifest_missing23_recovery,2014-04-16,authoritative_v2_effective_interval_exact
,False,2026-08-14T03:45:14.221626+00:00,At Rim or 3pt Shot Frequency,89,,,0.726,0.618,-0.108,Josh Powell,2694,2014-04-16,2014-04-16,2013-14,{},,1,1610612745,authoritative_v2,2014-04-16,authoritative_v2_target_manifest_missing23_recovery,2014-04-16,authoritative_v2_effective_interval_exact
,False,2026-08-14T03:45:14.221626+00:00,Non-Heave Arc 3 FG%,89,,,0.351,0.3,-0.051,Josh Powell,2694,2014-04-16,2014-04-16,2013-14,{},,1,1610612745,authoritative_v2,2014-04-16,authoritative_v2_target_manifest_missing23_recovery,2014-04-16,authoritative_v2_effective_interval_exact
,False,2026-08-14T03:45:14.221626+00:00,Shot Quality,89,,,0.527,0.484,-0.043,Josh Powell,2694,2014-04-16,2014-04-16,2013-14,{},,1,1610612745,authoritative_v2,2014-04-16,authoritative_v2_target_manifest_missing23_recovery,2014-04-16,authoritative_v2_effective_interval_exact
,False,2026-08-14T03:45:14.221626+00:00,Shooting Foul Drawn Rate,89,,,0.138,0.081,-0.057,Josh Powell,2694,2014-04-16,2014-04-16,2013-14,{},,1,1610612745,authoritative_v2,2014-04-16,authoritative_v2_target_manifest_missing23_recovery,2014-04-16,authoritative_v2_effective_interval_exact
,False,2026-08-14T03:45:14.221626+00:00,3pt Shooting Foul Drawn Rate,89,,,0.19,0.13,-0.059,Josh Powell,2694,2014-04-16,2014-04-16,2013-14,{},,1,1610612745,authoritative_v2,2014-04-16,authoritative_v2_target_manifest_missing23_recovery,2014-04-16,authoritative_v2_effective_interval_exact
,False,2026-08-14T03:45:14.221626+00:00,2pt Shooting Foul Drawn Rate,89,,,0.016,0.0,-0.016,Josh Powell,2694,2014-04-16,2014-04-16,2013-14,{},,1,1610612745,authoritative_v2,2014-04-16,authoritative_v2_target_manifest_missing23_recovery,2014-04-16,authoritative_v2_effective_interval_exact
,False,2026-08-14T03:45:14.221626+00:00,Second Chance Points%,89,,,0.128,0.121,-0.007,Josh Powell,2694,2014-04-16,2014-04-16,2013-14,{},,1,1610612745,authoritative_v2,2014-04-16,authoritative_v2_target_manifest_missing23_recovery,2014-04-16,authoritative_v2_effective_interval_exact
,False,2026-08-14T03:45:14.221626+00:00,Penalty Points%,89,,,0.337,0.0,-0.337,Josh Powell,2694,2014-04-16,2014-04-16,2013-14,{},,1,1610612745,authoritative_v2,2014-04-16,authoritative_v2_target_manifest_missing23_recovery,2014-04-16,authoritative_v2_effective_interval_exact
,False,2026-08-14T03:45:14.221626+00:00,Penalty Possessions%,89,,,0.331,0.081,-0.25,Josh Powell,2694,2014-04-16,2014-04-16,2013-14,{},,1,1610612745,authoritative_v2,2014-04-16,authoritative_v2_target_manifest_missing23_recovery,2014-04-16,authoritative_v2_effective_interval_exact
,False,2026-08-14T03:45:14.221626+00:00,Avg 2pt Shot Distance,89,,,5.411,9.625,4.214,Josh Powell,2694,2014-04-16,2014-04-16,2013-14,{},,1,1610612745,authoritative_v2,2014-04-16,authoritative_v2_target_manifest_missing23_recovery,2014-04-16,authoritative_v2_effective_interval_exact
,False,2026-08-14T03:45:14.221626+00:00,Avg 3pt Shot Distance,89,,,25.196,24.85,-0.346,Josh Powell,2694,2014-04-16,2014-04-16,2013-14,{},,1,1610612745,authoritative_v2,2014-04-16,authoritative_v2_target_manifest_missing23_recovery,2014-04-16,authoritative_v2_effective_interval_exact
,False,2026-08-14T03:45:14.221626+00:00,Penalty Efficiency Excluding Last Minute Take Foul Possessions,89,,,112.145,0.0,-112.145,Josh Powell,2694,2014-04-16,2014-04-16,2013-14,{},,1,1610612745,authoritative_v2,2014-04-16,authoritative_v2_target_manifest_missing23_recovery,2014-04-16,authoritative_v2_effective_interval_exact
,False,2026-08-14T03:45:14.221626+00:00,DReb%,89,,,0.714,0.824,0.11,Josh Powell,2694,2014-04-16,2014-04-16,2013-14,{},,1,1610612745,authoritative_v2,2014-04-16,authoritative_v2_target_manifest_missing23_recovery,2014-04-16,authoritative_v2_effective_interval_exact
,False,2026-08-14T03:45:14.221626+00:00,OReb%,89,,,0.292,0.174,-0.118,Josh Powell,2694,2014-04-16,2014-04-16,2013-14,{},,1,1610612745,authoritative_v2,2014-04-16,authoritative_v2_target_manifest_missing23_recovery,2014-04-16,authoritative_v2_effective_interval_exact
,False,2026-08-14T03:45:14.221626+00:00,Pts per 100 Possessions,89,,,110.893,89.189,-21.703,Josh Powell,2694,2014-04-16,2014-04-16,2013-14,{},,1,1610612745,authoritative_v2,2014-04-16,authoritative_v2_target_manifest_missing23_recovery,2014-04-16,authoritative_v2_effective_interval_exact
,False,2026-08-14T03:45:14.221626+00:00,Assist Points per 100 Possessions,89,,,52.168,59.459,7.291,Josh Powell,2694,2014-04-16,2014-04-16,2013-14,{},,1,1610612745,authoritative_v2,2014-04-16,authoritative_v2_target_manifest_missing23_recovery,2014-04-16,authoritative_v2_effective_interval_exact
,False,2026-08-14T03:45:14.221626+00:00,FTA per 100 Possessions,89,,,32.06,16.216,-15.844,Josh Powell,2694,2014-04-16,2014-04-16,2013-14,{},,1,1610612745,authoritative_v2,2014-04-16,authoritative_v2_target_manifest_missing23_recovery,2014-04-16,authoritative_v2_effective_interval_exact
,False,2026-08-14T03:45:14.221626+00:00,TOs per 100 Possessions,89,,,16.629,10.811,-5.818,Josh Powell,2694,2014-04-16,2014-04-16,2013-14,{},,1,1610612745,authoritative_v2,2014-04-16,authoritative_v2_target_manifest_missing23_recovery,2014-04-16,authoritative_v2_effective_interval_exact
,False,2026-08-14T03:45:14.221626+00:00,Assists per 100 Possessions,89,,,22.012,24.324,2.312,Josh Powell,2694,2014-04-16,2014-04-16,2013-14,{},,1,1610612745,authoritative_v2,2014-04-16,authoritative_v2_target_manifest_missing23_recovery,2014-04-16,authoritative_v2_effective_interval_exact
,False,2026-08-14T03:45:14.221626+00:00,Pts per 100 Possessions - Defense,89,,,106.317,105.263,-1.054,Josh Powell,2694,2014-04-16,2014-04-16,2013-14,{},,1,1610612745,authoritative_v2,2014-04-16,authoritative_v2_target_manifest_missing23_recovery,2014-04-16,authoritative_v2_effective_interval_exact
,False,2026-08-14T03:45:14.221626+00:00,Shot Quality - Defense,89,,,0.496,0.505,0.009,Josh Powell,2694,2014-04-16,2014-04-16,2013-14,{},,1,1610612745,authoritative_v2,2014-04-16,authoritative_v2_target_manifest_missing23_recovery,2014-04-16,authoritative_v2_effective_interval_exact
,False,2026-08-14T03:45:14.221626+00:00,3pt FG% - Defense,89,,,0.353,0.167,-0.186,Josh Powell,2694,2014-04-16,2014-04-16,2013-14,{},,1,1610612745,authoritative_v2,2014-04-16,authoritative_v2_target_manifest_missing23_recovery,2014-04-16,authoritative_v2_effective_interval_exact
,False,2026-08-14T03:45:14.221626+00:00,2pt FG% - Defense,89,,,0.475,0.556,0.081,Josh Powell,2694,2014-04-16,2014-04-16,2013-14,{},,1,1610612745,authoritative_v2,2014-04-16,authoritative_v2_target_manifest_missing23_recovery,2014-04-16,authoritative_v2_effective_interval_exact
,False,2026-08-14T03:45:14.221626+00:00,eFG% - Defense,89,,,0.489,0.5,0.011,Josh Powell,2694,2014-04-16,2014-04-16,2013-14,{},,1,1610612745,authoritative_v2,2014-04-16,authoritative_v2_target_manifest_missing23_recovery,2014-04-16,authoritative_v2_effective_interval_exact
,False,2026-08-14T03:45:14.221626+00:00,3PAr - Defense,89,,,0.262,0.182,-0.08,Josh Powell,2694,2014-04-16,2014-04-16,2013-14,{},,1,1610612745,authoritative_v2,2014-04-16,authoritative_v2_target_manifest_missing23_recovery,2014-04-16,authoritative_v2_effective_interval_exact
,False,2026-08-14T03:45:14.221626+00:00,At Rim Shot Frequency - Defense,89,,,0.312,0.485,0.173,Josh Powell,2694,2014-04-16,2014-04-16,2013-14,{},,1,1610612745,authoritative_v2,2014-04-16,authoritative_v2_target_manifest_missing23_recovery,2014-04-16,authoritative_v2_effective_interval_exact
,False,2026-08-14T03:45:14.221626+00:00,At Rim FG% - Defense,89,,,0.611,0.625,0.014,Josh Powell,2694,2014-04-16,2014-04-16,2013-14,{},,1,1610612745,authoritative_v2,2014-04-16,authoritative_v2_target_manifest_missing23_recovery,2014-04-16,authoritative_v2_effective_interval_exact
,False,2026-08-14T03:45:14.221626+00:00,Short Mid Range Shot Frequency - Defense,89,,,0.206,0.273,0.067,Josh Powell,2694,2014-04-16,2014-04-16,2013-14,{},,1,1610612745,authoritative_v2,2014-04-16,authoritative_v2_target_manifest_missing23_recovery,2014-04-16,authoritative_v2_effective_interval_exact
,False,2026-08-14T03:45:14.221626+00:00,Short Mid Range FG% - Defense,89,,,0.373,0.444,0.071,Josh Powell,2694,2014-04-16,2014-04-16,2013-14,{},,1,1610612745,authoritative_v2,2014-04-16,authoritative_v2_target_manifest_missing23_recovery,2014-04-16,authoritative_v2_effective_interval_exact
,False,2026-08-14T03:45:14.221626+00:00,Long Mid Range Shot Frequency - Defense,89,,,0.221,0.061,-0.16,Josh Powell,2694,2014-04-16,2014-04-16,2013-14,{},,1,1610612745,authoritative_v2,2014-04-16,authoritative_v2_target_manifest_missing23_recovery,2014-04-16,authoritative_v2_effective_interval_exact
,False,2026-08-14T03:45:14.221626+00:00,Long Mid Range FG% - Defense,89,,,0.376,0.5,0.124,Josh Powell,2694,2014-04-16,2014-04-16,2013-14,{},,1,1610612745,authoritative_v2,2014-04-16,authoritative_v2_target_manifest_missing23_recovery,2014-04-16,authoritative_v2_effective_interval_exact
,False,2026-08-14T03:45:14.221626+00:00,Corner 3 Shot Frequency - Defense,89,,,0.071,0.061,-0.01,Josh Powell,2694,2014-04-16,2014-04-16,2013-14,{},,1,1610612745,authoritative_v2,2014-04-16,authoritative_v2_target_manifest_missing23_recovery,2014-04-16,authoritative_v2_effective_interval_exact
,False,2026-08-14T03:45:14.221626+00:00,Corner 3 FG% - Defense,89,,,0.351,0.0,-0.351,Josh Powell,2694,2014-04-16,2014-04-16,2013-14,{},,1,1610612745,authoritative_v2,2014-04-16,authoritative_v2_target_manifest_missing23_recovery,2014-04-16,authoritative_v2_effective_interval_exact
,False,2026-08-14T03:45:14.221626+00:00,Arc 3 Shot Frequency - Defense,89,,,0.191,0.121,-0.07,Josh Powell,2694,2014-04-16,2014-04-16,2013-14,{},,1,1610612745,authoritative_v2,2014-04-16,authoritative_v2_target_manifest_missing23_recovery,2014-04-16,authoritative_v2_effective_interval_exact
,False,2026-08-14T03:45:14.221626+00:00,Arc 3 FG% - Defense,89,,,0.354,0.25,-0.104,Josh Powell,2694,2014-04-16,2014-04-16,2013-14,{},,1,1610612745,authoritative_v2,2014-04-16,authoritative_v2_target_manifest_missing23_recovery,2014-04-16,authoritative_v2_effective_interval_exact
,False,2026-08-14T03:45:14.221626+00:00,Pace,89,,,96.368,92.943,-3.425,Josh Powell,2694,2014-04-16,2014-04-16,2013-14,{},,1,1610612745,authoritative_v2,2014-04-16,authoritative_v2_target_manifest_missing23_recovery,2014-04-16,authoritative_v2_effective_interval_exact
,False,2026-08-14T03:45:14.221626+00:00,Second Chance Efficiency,89,,,119.048,133.333,14.286,Josh Powell,2694,2014-04-16,2014-04-16,2013-14,{},,1,1610612745,authoritative_v2,2014-04-16,authoritative_v2_target_manifest_missing23_recovery,2014-04-16,authoritative_v2_effective_interval_exact
,False,2026-08-14T03:45:14.221626+00:00,Penalty Efficiency,89,,,112.671,0.0,-112.671,Josh Powell,2694,2014-04-16,2014-04-16,2013-14,{},,1,1610612745,authoritative_v2,2014-04-16,authoritative_v2_target_manifest_missing23_recovery,2014-04-16,authoritative_v2_effective_interval_exact
,False,2026-08-14T03:45:14.221626+00:00,Second Chance Possessions Per 100 Possessions,89,,,11.914,8.108,-3.806,Josh Powell,2694,2014-04-16,2014-04-16,2013-14,{},,1,1610612745,authoritative_v2,2014-04-16,authoritative_v2_target_manifest_missing23_recovery,2014-04-16,authoritative_v2_effective_interval_exact
,False,2026-08-14T03:45:14.221626+00:00,First Chance Points Per 100 Possessions,89,,,96.71,78.378,-18.331,Josh Powell,2694,2014-04-16,2014-04-16,2013-14,{},,1,1610612745,authoritative_v2,2014-04-16,authoritative_v2_target_manifest_missing23_recovery,2014-04-16,authoritative_v2_effective_interval_exact
,False,2026-08-14T03:45:14.221626+00:00,Second Chance Points Per 100 Possessions,89,,,14.183,10.811,-3.372,Josh Powell,2694,2014-04-16,2014-04-16,2013-14,{},,1,1610612745,authoritative_v2,2014-04-16,authoritative_v2_target_manifest_missing23_recovery,2014-04-16,authoritative_v2_effective_interval_exact
,True,2026-08-14T03:45:15.383955+00:00,2pt FGM Assist%,89,3929.0,42.0,0.482,0.4,-0.082,Dahntay Jones,2563,2016-04-13,2016-04-13,2015-16,{},,1,1610612739,authoritative_v2,2016-04-13,authoritative_v2_target_manifest_missing23_recovery,2016-04-13,authoritative_v2_effective_interval_exact
,True,2026-08-14T03:45:15.383955+00:00,Non Putback 2pt FGM Assist%,89,3929.0,42.0,0.512,0.429,-0.083,Dahntay Jones,2563,2016-04-13,2016-04-13,2015-16,{},,1,1610612739,authoritative_v2,2016-04-13,authoritative_v2_target_manifest_missing23_recovery,2016-04-13,authoritative_v2_effective_interval_exact
,True,2026-08-14T03:45:15.383955+00:00,3pt FGM Assist%,89,3929.0,42.0,0.864,0.667,-0.197,Dahntay Jones,2563,2016-04-13,2016-04-13,2015-16,{},,1,1610612739,authoritative_v2,2016-04-13,authoritative_v2_target_manifest_missing23_recovery,2016-04-13,authoritative_v2_effective_interval_exact
,True,2026-08-14T03:45:15.383955+00:00,3pt FG%,89,3929.0,42.0,0.362,0.462,0.1,Dahntay Jones,2563,2016-04-13,2016-04-13,2015-16,{},,1,1610612739,authoritative_v2,2016-04-13,authoritative_v2_target_manifest_missing23_recovery,2016-04-13,authoritative_v2_effective_interval_exact
,True,2026-08-14T03:45:15.383955+00:00,Non-Heave 3pt FG%,89,3929.0,42.0,0.363,0.462,0.099,Dahntay Jones,2563,2016-04-13,2016-04-13,2015-16,{},,1,1610612739,authoritative_v2,2016-04-13,authoritative_v2_target_manifest_missing23_recovery,2016-04-13,authoritative_v2_effective_interval_exact
,True,2026-08-14T03:45:15.383955+00:00,2pt FG%,89,3929.0,42.0,0.514,0.476,-0.038,Dahntay Jones,2563,2016-04-13,2016-04-13,2015-16,{},,1,1610612739,authoritative_v2,2016-04-13,authoritative_v2_target_manifest_missing23_recovery,2016-04-13,authoritative_v2_effective_interval_exact
,True,2026-08-14T03:45:15.383955+00:00,eFG%,89,3929.0,42.0,0.524,0.513,-0.011,Dahntay Jones,2563,2016-04-13,2016-04-13,2015-16,{},,1,1610612739,authoritative_v2,2016-04-13,authoritative_v2_target_manifest_missing23_recovery,2016-04-13,authoritative_v2_effective_interval_exact
,True,2026-08-14T03:45:15.383955+00:00,TS%,89,3929.0,42.0,0.556,0.544,-0.012,Dahntay Jones,2563,2016-04-13,2016-04-13,2015-16,{},,1,1610612739,authoritative_v2,2016-04-13,authoritative_v2_target_manifest_missing23_recovery,2016-04-13,authoritative_v2_effective_interval_exact
,True,2026-08-14T03:45:15.383955+00:00,3PAr,89,3929.0,42.0,0.355,0.171,-0.183,Dahntay Jones,2563,2016-04-13,2016-04-13,2015-16,{},,1,1610612739,authoritative_v2,2016-04-13,authoritative_v2_target_manifest_missing23_recovery,2016-04-13,authoritative_v2_effective_interval_exact
,True,2026-08-14T03:45:15.383955+00:00,% of FG3A Blocked,89,3929.0,42.0,0.007,0.0,-0.007,Dahntay Jones,2563,2016-04-13,2016-04-13,2015-16,{},,1,1610612739,authoritative_v2,2016-04-13,authoritative_v2_target_manifest_missing23_recovery,2016-04-13,authoritative_v2_effective_interval_exact
,True,2026-08-14T03:45:15.383955+00:00,% of FG2A Blocked,89,3929.0,42.0,0.076,0.143,0.066,Dahntay Jones,2563,2016-04-13,2016-04-13,2015-16,{},,1,1610612739,authoritative_v2,2016-04-13,authoritative_v2_target_manifest_missing23_recovery,2016-04-13,authoritative_v2_effective_interval_exact
,True,2026-08-14T03:45:15.383955+00:00,Live Ball TO%,89,3929.0,42.0,0.53,0.444,-0.086,Dahntay Jones,2563,2016-04-13,2016-04-13,2015-16,{},,1,1610612739,authoritative_v2,2016-04-13,authoritative_v2_target_manifest_missing23_recovery,2016-04-13,authoritative_v2_effective_interval_exact
,True,2026-08-14T03:45:15.383955+00:00,DReb% - Missed FTs,89,3929.0,42.0,0.898,1.0,0.102,Dahntay Jones,2563,2016-04-13,2016-04-13,2015-16,{},,1,1610612739,authoritative_v2,2016-04-13,authoritative_v2_target_manifest_missing23_recovery,2016-04-13,authoritative_v2_effective_interval_exact
,True,2026-08-14T03:45:15.383955+00:00,OReb% - Missed FTs,89,3929.0,42.0,0.117,0.0,-0.117,Dahntay Jones,2563,2016-04-13,2016-04-13,2015-16,{},,1,1610612739,authoritative_v2,2016-04-13,authoritative_v2_target_manifest_missing23_recovery,2016-04-13,authoritative_v2_effective_interval_exact
,True,2026-08-14T03:45:15.383955+00:00,DReb% - Missed 2s,89,3929.0,42.0,0.734,0.696,-0.038,Dahntay Jones,2563,2016-04-13,2016-04-13,2015-16,{},,1,1610612739,authoritative_v2,2016-04-13,authoritative_v2_target_manifest_missing23_recovery,2016-04-13,authoritative_v2_effective_interval_exact
,True,2026-08-14T03:45:15.383955+00:00,OReb% - Missed 2s,89,3929.0,42.0,0.312,0.333,0.022,Dahntay Jones,2563,2016-04-13,2016-04-13,2015-16,{},,1,1610612739,authoritative_v2,2016-04-13,authoritative_v2_target_manifest_missing23_recovery,2016-04-13,authoritative_v2_effective_interval_exact
,True,2026-08-14T03:45:15.383955+00:00,DReb% - Missed 3s,89,3929.0,42.0,0.784,0.786,0.002,Dahntay Jones,2563,2016-04-13,2016-04-13,2015-16,{},,1,1610612739,authoritative_v2,2016-04-13,authoritative_v2_target_manifest_missing23_recovery,2016-04-13,authoritative_v2_effective_interval_exact
,True,2026-08-14T03:45:15.383955+00:00,OReb% - Missed 3s,89,3929.0,42.0,0.256,0.0,-0.256,Dahntay Jones,2563,2016-04-13,2016-04-13,2015-16,{},,1,1610612739,authoritative_v2,2016-04-13,authoritative_v2_target_manifest_missing23_recovery,2016-04-13,authoritative_v2_effective_interval_exact
,True,2026-08-14T03:45:15.383955+00:00,DReb% - Missed FGs,89,3929.0,42.0,0.75,0.73,-0.02,Dahntay Jones,2563,2016-04-13,2016-04-13,2015-16,{},,1,1610612739,authoritative_v2,2016-04-13,authoritative_v2_target_manifest_missing23_recovery,2016-04-13,authoritative_v2_effective_interval_exact
,True,2026-08-14T03:45:15.383955+00:00,OReb% - Missed FGs,89,3929.0,42.0,0.289,0.275,-0.014,Dahntay Jones,2563,2016-04-13,2016-04-13,2015-16,{},,1,1610612739,authoritative_v2,2016-04-13,authoritative_v2_target_manifest_missing23_recovery,2016-04-13,authoritative_v2_effective_interval_exact
,True,2026-08-14T03:45:15.383955+00:00,At Rim OReb%,89,3929.0,42.0,0.402,0.571,0.169,Dahntay Jones,2563,2016-04-13,2016-04-13,2015-16,{},,1,1610612739,authoritative_v2,2016-04-13,authoritative_v2_target_manifest_missing23_recovery,2016-04-13,authoritative_v2_effective_interval_exact
,True,2026-08-14T03:45:15.383955+00:00,Short Mid-Range OReb%,89,3929.0,42.0,0.306,0.353,0.047,Dahntay Jones,2563,2016-04-13,2016-04-13,2015-16,{},,1,1610612739,authoritative_v2,2016-04-13,authoritative_v2_target_manifest_missing23_recovery,2016-04-13,authoritative_v2_effective_interval_exact
,True,2026-08-14T03:45:15.383955+00:00,Long Mid-Range OReb%,89,3929.0,42.0,0.212,0.111,-0.101,Dahntay Jones,2563,2016-04-13,2016-04-13,2015-16,{},,1,1610612739,authoritative_v2,2016-04-13,authoritative_v2_target_manifest_missing23_recovery,2016-04-13,authoritative_v2_effective_interval_exact
,True,2026-08-14T03:45:15.383955+00:00,Arc 3 OReb%,89,3929.0,42.0,0.241,0.0,-0.241,Dahntay Jones,2563,2016-04-13,2016-04-13,2015-16,{},,1,1610612739,authoritative_v2,2016-04-13,authoritative_v2_target_manifest_missing23_recovery,2016-04-13,authoritative_v2_effective_interval_exact
,True,2026-08-14T03:45:15.383955+00:00,Corner 3 OReb%,89,3929.0,42.0,0.297,0.0,-0.297,Dahntay Jones,2563,2016-04-13,2016-04-13,2015-16,{},,1,1610612739,authoritative_v2,2016-04-13,authoritative_v2_target_manifest_missing23_recovery,2016-04-13,authoritative_v2_effective_interval_exact
,True,2026-08-14T03:45:15.383955+00:00,At Rim DReb%,89,3929.0,42.0,0.657,0.5,-0.157,Dahntay Jones,2563,2016-04-13,2016-04-13,2015-16,{},,1,1610612739,authoritative_v2,2016-04-13,authoritative_v2_target_manifest_missing23_recovery,2016-04-13,authoritative_v2_effective_interval_exact
,True,2026-08-14T03:45:15.383955+00:00,Short Mid-Range DReb%,89,3929.0,42.0,0.733,0.75,0.017,Dahntay Jones,2563,2016-04-13,2016-04-13,2015-16,{},,1,1610612739,authoritative_v2,2016-04-13,authoritative_v2_target_manifest_missing23_recovery,2016-04-13,authoritative_v2_effective_interval_exact
,True,2026-08-14T03:45:15.383955+00:00,Long Mid-Range DReb%,89,3929.0,42.0,0.807,0.857,0.05,Dahntay Jones,2563,2016-04-13,2016-04-13,2015-16,{},,1,1610612739,authoritative_v2,2016-04-13,authoritative_v2_target_manifest_missing23_recovery,2016-04-13,authoritative_v2_effective_interval_exact
,True,2026-08-14T03:45:15.383955+00:00,Arc 3 DReb%,89,3929.0,42.0,0.782,0.818,0.036,Dahntay Jones,2563,2016-04-13,2016-04-13,2015-16,{},,1,1610612739,authoritative_v2,2016-04-13,authoritative_v2_target_manifest_missing23_recovery,2016-04-13,authoritative_v2_effective_interval_exact
,True,2026-08-14T03:45:15.383955+00:00,Corner 3 DReb%,89,3929.0,42.0,0.79,0.667,-0.124,Dahntay Jones,2563,2016-04-13,2016-04-13,2015-16,{},,1,1610612739,authoritative_v2,2016-04-13,authoritative_v2_target_manifest_missing23_recovery,2016-04-13,authoritative_v2_effective_interval_exact
,True,2026-08-14T03:45:15.383955+00:00,Blocks Recovered %,89,3929.0,42.0,0.595,0.333,-0.262,Dahntay Jones,2563,2016-04-13,2016-04-13,2015-16,{},,1,1610612739,authoritative_v2,2016-04-13,authoritative_v2_target_manifest_missing23_recovery,2016-04-13,authoritative_v2_effective_interval_exact
,True,2026-08-14T03:45:15.383955+00:00,Seconds Per Possession - Offense,89,3929.0,42.0,15.875,16.861,0.986,Dahntay Jones,2563,2016-04-13,2016-04-13,2015-16,{},,1,1610612739,authoritative_v2,2016-04-13,authoritative_v2_target_manifest_missing23_recovery,2016-04-13,authoritative_v2_effective_interval_exact
,True,2026-08-14T03:45:15.383955+00:00,Seconds Per Possession - Defense,89,3929.0,42.0,15.091,15.701,0.61,Dahntay Jones,2563,2016-04-13,2016-04-13,2015-16,{},,1,1610612739,authoritative_v2,2016-04-13,authoritative_v2_target_manifest_missing23_recovery,2016-04-13,authoritative_v2_effective_interval_exact
,True,2026-08-14T03:45:15.383955+00:00,At Rim Shot Frequency,89,3929.0,42.0,0.298,0.25,-0.048,Dahntay Jones,2563,2016-04-13,2016-04-13,2015-16,{},,1,1610612739,authoritative_v2,2016-04-13,authoritative_v2_target_manifest_missing23_recovery,2016-04-13,authoritative_v2_effective_interval_exact
,True,2026-08-14T03:45:15.383955+00:00,At Rim FG%,89,3929.0,42.0,0.638,0.632,-0.007,Dahntay Jones,2563,2016-04-13,2016-04-13,2015-16,{},,1,1610612739,authoritative_v2,2016-04-13,authoritative_v2_target_manifest_missing23_recovery,2016-04-13,authoritative_v2_effective_interval_exact
,True,2026-08-14T03:45:15.383955+00:00,At Rim % Assisted,89,3929.0,42.0,0.541,0.333,-0.208,Dahntay Jones,2563,2016-04-13,2016-04-13,2015-16,{},,1,1610612739,authoritative_v2,2016-04-13,authoritative_v2_target_manifest_missing23_recovery,2016-04-13,authoritative_v2_effective_interval_exact
,True,2026-08-14T03:45:15.383955+00:00,Short Mid Range Shot Frequency,89,3929.0,42.0,0.185,0.368,0.184,Dahntay Jones,2563,2016-04-13,2016-04-13,2015-16,{},,1,1610612739,authoritative_v2,2016-04-13,authoritative_v2_target_manifest_missing23_recovery,2016-04-13,authoritative_v2_effective_interval_exact
,True,2026-08-14T03:45:15.383955+00:00,Short Mid Range FG%,89,3929.0,42.0,0.389,0.393,0.004,Dahntay Jones,2563,2016-04-13,2016-04-13,2015-16,{},,1,1610612739,authoritative_v2,2016-04-13,authoritative_v2_target_manifest_missing23_recovery,2016-04-13,authoritative_v2_effective_interval_exact
,True,2026-08-14T03:45:15.383955+00:00,Short Mid Range % Assisted,89,3929.0,42.0,0.37,0.455,0.084,Dahntay Jones,2563,2016-04-13,2016-04-13,2015-16,{},,1,1610612739,authoritative_v2,2016-04-13,authoritative_v2_target_manifest_missing23_recovery,2016-04-13,authoritative_v2_effective_interval_exact
,True,2026-08-14T03:45:15.383955+00:00,Long Mid Range Shot Frequency,89,3929.0,42.0,0.163,0.211,0.047,Dahntay Jones,2563,2016-04-13,2016-04-13,2015-16,{},,1,1610612739,authoritative_v2,2016-04-13,authoritative_v2_target_manifest_missing23_recovery,2016-04-13,authoritative_v2_effective_interval_exact
,True,2026-08-14T03:45:15.383955+00:00,Long Mid Range FG%,89,3929.0,42.0,0.429,0.438,0.008,Dahntay Jones,2563,2016-04-13,2016-04-13,2015-16,{},,1,1610612739,authoritative_v2,2016-04-13,authoritative_v2_target_manifest_missing23_recovery,2016-04-13,authoritative_v2_effective_interval_exact
,True,2026-08-14T03:45:15.383955+00:00,Long Mid % Assisted,89,3929.0,42.0,0.436,0.429,-0.007,Dahntay Jones,2563,2016-04-13,2016-04-13,2015-16,{},,1,1610612739,authoritative_v2,2016-04-13,authoritative_v2_target_manifest_missing23_recovery,2016-04-13,authoritative_v2_effective_interval_exact
,True,2026-08-14T03:45:15.383955+00:00,Corner 3 Shot Frequency,89,3929.0,42.0,0.097,0.013,-0.084,Dahntay Jones,2563,2016-04-13,2016-04-13,2015-16,{},,1,1610612739,authoritative_v2,2016-04-13,authoritative_v2_target_manifest_missing23_recovery,2016-04-13,authoritative_v2_effective_interval_exact
,True,2026-08-14T03:45:15.383955+00:00,Corner 3 FG%,89,3929.0,42.0,0.393,1.0,0.607,Dahntay Jones,2563,2016-04-13,2016-04-13,2015-16,{},,1,1610612739,authoritative_v2,2016-04-13,authoritative_v2_target_manifest_missing23_recovery,2016-04-13,authoritative_v2_effective_interval_exact
,True,2026-08-14T03:45:15.383955+00:00,Corner 3 % Assisted,89,3929.0,42.0,0.965,1.0,0.035,Dahntay Jones,2563,2016-04-13,2016-04-13,2015-16,{},,1,1610612739,authoritative_v2,2016-04-13,authoritative_v2_target_manifest_missing23_recovery,2016-04-13,authoritative_v2_effective_interval_exact
,True,2026-08-14T03:45:15.383955+00:00,Arc 3 Shot Frequency,89,3929.0,42.0,0.257,0.158,-0.1,Dahntay Jones,2563,2016-04-13,2016-04-13,2015-16,{},,1,1610612739,authoritative_v2,2016-04-13,authoritative_v2_target_manifest_missing23_recovery,2016-04-13,authoritative_v2_effective_interval_exact
,True,2026-08-14T03:45:15.383955+00:00,Arc 3 FG%,89,3929.0,42.0,0.35,0.417,0.067,Dahntay Jones,2563,2016-04-13,2016-04-13,2015-16,{},,1,1610612739,authoritative_v2,2016-04-13,authoritative_v2_target_manifest_missing23_recovery,2016-04-13,authoritative_v2_effective_interval_exact
,True,2026-08-14T03:45:15.383955+00:00,Arc 3 % Assisted,89,3929.0,42.0,0.821,0.6,-0.221,Dahntay Jones,2563,2016-04-13,2016-04-13,2015-16,{},,1,1610612739,authoritative_v2,2016-04-13,authoritative_v2_target_manifest_missing23_recovery,2016-04-13,authoritative_v2_effective_interval_exact
,True,2026-08-14T03:45:15.383955+00:00,At Rim or 3pt Shot Frequency,89,3929.0,42.0,0.652,0.421,-0.231,Dahntay Jones,2563,2016-04-13,2016-04-13,2015-16,{},,1,1610612739,authoritative_v2,2016-04-13,authoritative_v2_target_manifest_missing23_recovery,2016-04-13,authoritative_v2_effective_interval_exact
,True,2026-08-14T03:45:15.383955+00:00,Non-Heave Arc 3 FG%,89,3929.0,42.0,0.351,0.417,0.065,Dahntay Jones,2563,2016-04-13,2016-04-13,2015-16,{},,1,1610612739,authoritative_v2,2016-04-13,authoritative_v2_target_manifest_missing23_recovery,2016-04-13,authoritative_v2_effective_interval_exact
,True,2026-08-14T03:45:15.383955+00:00,Shot Quality,89,3929.0,42.0,0.523,0.466,-0.057,Dahntay Jones,2563,2016-04-13,2016-04-13,2015-16,{},,1,1610612739,authoritative_v2,2016-04-13,authoritative_v2_target_manifest_missing23_recovery,2016-04-13,authoritative_v2_effective_interval_exact
,True,2026-08-14T03:45:15.383955+00:00,Shooting Foul Drawn Rate,89,3929.0,42.0,0.1,0.075,-0.025,Dahntay Jones,2563,2016-04-13,2016-04-13,2015-16,{},,1,1610612739,authoritative_v2,2016-04-13,authoritative_v2_target_manifest_missing23_recovery,2016-04-13,authoritative_v2_effective_interval_exact
,True,2026-08-14T03:45:15.383955+00:00,3pt Shooting Foul Drawn Rate,89,3929.0,42.0,0.143,0.09,-0.054,Dahntay Jones,2563,2016-04-13,2016-04-13,2015-16,{},,1,1610612739,authoritative_v2,2016-04-13,authoritative_v2_target_manifest_missing23_recovery,2016-04-13,authoritative_v2_effective_interval_exact
,True,2026-08-14T03:45:15.383955+00:00,2pt Shooting Foul Drawn Rate,89,3929.0,42.0,0.012,0.0,-0.012,Dahntay Jones,2563,2016-04-13,2016-04-13,2015-16,{},,1,1610612739,authoritative_v2,2016-04-13,authoritative_v2_target_manifest_missing23_recovery,2016-04-13,authoritative_v2_effective_interval_exact
,True,2026-08-14T03:45:15.383955+00:00,Second Chance Points%,89,3929.0,42.0,0.127,0.138,0.011,Dahntay Jones,2563,2016-04-13,2016-04-13,2015-16,{},,1,1610612739,authoritative_v2,2016-04-13,authoritative_v2_target_manifest_missing23_recovery,2016-04-13,authoritative_v2_effective_interval_exact
,True,2026-08-14T03:45:15.383955+00:00,Penalty Points%,89,3929.0,42.0,0.268,0.0,-0.268,Dahntay Jones,2563,2016-04-13,2016-04-13,2015-16,{},,1,1610612739,authoritative_v2,2016-04-13,authoritative_v2_target_manifest_missing23_recovery,2016-04-13,authoritative_v2_effective_interval_exact
,True,2026-08-14T03:45:15.383955+00:00,Penalty Possessions%,89,3929.0,42.0,0.267,0.0,-0.267,Dahntay Jones,2563,2016-04-13,2016-04-13,2015-16,{},,1,1610612739,authoritative_v2,2016-04-13,authoritative_v2_target_manifest_missing23_recovery,2016-04-13,authoritative_v2_effective_interval_exact
,True,2026-08-14T03:45:15.383955+00:00,Avg 2pt Shot Distance,89,3929.0,42.0,7.514,8.5,0.986,Dahntay Jones,2563,2016-04-13,2016-04-13,2015-16,{},,1,1610612739,authoritative_v2,2016-04-13,authoritative_v2_target_manifest_missing23_recovery,2016-04-13,authoritative_v2_effective_interval_exact
,True,2026-08-14T03:45:15.383955+00:00,Avg 3pt Shot Distance,89,3929.0,42.0,25.083,25.354,0.271,Dahntay Jones,2563,2016-04-13,2016-04-13,2015-16,{},,1,1610612739,authoritative_v2,2016-04-13,authoritative_v2_target_manifest_missing23_recovery,2016-04-13,authoritative_v2_effective_interval_exact
,True,2026-08-14T03:45:15.383955+00:00,Penalty Efficiency Excluding Last Minute Take Foul Possessions,89,3929.0,42.0,111.43,0.0,-111.43,Dahntay Jones,2563,2016-04-13,2016-04-13,2015-16,{},,1,1610612739,authoritative_v2,2016-04-13,authoritative_v2_target_manifest_missing23_recovery,2016-04-13,authoritative_v2_effective_interval_exact
,True,2026-08-14T03:45:15.383955+00:00,DReb%,89,3929.0,42.0,0.759,0.75,-0.009,Dahntay Jones,2563,2016-04-13,2016-04-13,2015-16,{},,1,1610612739,authoritative_v2,2016-04-13,authoritative_v2_target_manifest_missing23_recovery,2016-04-13,authoritative_v2_effective_interval_exact
,True,2026-08-14T03:45:15.383955+00:00,OReb%,89,3929.0,42.0,0.279,0.268,-0.01,Dahntay Jones,2563,2016-04-13,2016-04-13,2015-16,{},,1,1610612739,authoritative_v2,2016-04-13,authoritative_v2_target_manifest_missing23_recovery,2016-04-13,authoritative_v2_effective_interval_exact
,True,2026-08-14T03:45:15.383955+00:00,Pts per 100 Possessions,89,3929.0,42.0,111.202,110.127,-1.075,Dahntay Jones,2563,2016-04-13,2016-04-13,2015-16,{},,1,1610612739,authoritative_v2,2016-04-13,authoritative_v2_target_manifest_missing23_recovery,2016-04-13,authoritative_v2_effective_interval_exact
,True,2026-08-14T03:45:15.383955+00:00,Assist Points per 100 Possessions,89,3929.0,42.0,58.372,45.57,-12.802,Dahntay Jones,2563,2016-04-13,2016-04-13,2015-16,{},,1,1610612739,authoritative_v2,2016-04-13,authoritative_v2_target_manifest_missing23_recovery,2016-04-13,authoritative_v2_effective_interval_exact
,True,2026-08-14T03:45:15.383955+00:00,FTA per 100 Possessions,89,3929.0,42.0,23.283,12.658,-10.625,Dahntay Jones,2563,2016-04-13,2016-04-13,2015-16,{},,1,1610612739,authoritative_v2,2016-04-13,authoritative_v2_target_manifest_missing23_recovery,2016-04-13,authoritative_v2_effective_interval_exact
,True,2026-08-14T03:45:15.383955+00:00,TOs per 100 Possessions,89,3929.0,42.0,14.511,11.392,-3.118,Dahntay Jones,2563,2016-04-13,2016-04-13,2015-16,{},,1,1610612739,authoritative_v2,2016-04-13,authoritative_v2_target_manifest_missing23_recovery,2016-04-13,authoritative_v2_effective_interval_exact
,True,2026-08-14T03:45:15.383955+00:00,Assists per 100 Possessions,89,3929.0,42.0,24.228,20.253,-3.975,Dahntay Jones,2563,2016-04-13,2016-04-13,2015-16,{},,1,1610612739,authoritative_v2,2016-04-13,authoritative_v2_target_manifest_missing23_recovery,2016-04-13,authoritative_v2_effective_interval_exact
,True,2026-08-14T03:45:15.383955+00:00,Pts per 100 Possessions - Defense,89,3929.0,42.0,104.81,114.286,9.476,Dahntay Jones,2563,2016-04-13,2016-04-13,2015-16,{},,1,1610612739,authoritative_v2,2016-04-13,authoritative_v2_target_manifest_missing23_recovery,2016-04-13,authoritative_v2_effective_interval_exact
,True,2026-08-14T03:45:15.383955+00:00,Shot Quality - Defense,89,3929.0,42.0,0.507,0.527,0.02,Dahntay Jones,2563,2016-04-13,2016-04-13,2015-16,{},,1,1610612739,authoritative_v2,2016-04-13,authoritative_v2_target_manifest_missing23_recovery,2016-04-13,authoritative_v2_effective_interval_exact
,True,2026-08-14T03:45:15.383955+00:00,3pt FG% - Defense,89,3929.0,42.0,0.346,0.423,0.077,Dahntay Jones,2563,2016-04-13,2016-04-13,2015-16,{},,1,1610612739,authoritative_v2,2016-04-13,authoritative_v2_target_manifest_missing23_recovery,2016-04-13,authoritative_v2_effective_interval_exact
,True,2026-08-14T03:45:15.383955+00:00,2pt FG% - Defense,89,3929.0,42.0,0.487,0.442,-0.045,Dahntay Jones,2563,2016-04-13,2016-04-13,2015-16,{},,1,1610612739,authoritative_v2,2016-04-13,authoritative_v2_target_manifest_missing23_recovery,2016-04-13,authoritative_v2_effective_interval_exact
,True,2026-08-14T03:45:15.383955+00:00,eFG% - Defense,89,3929.0,42.0,0.496,0.514,0.018,Dahntay Jones,2563,2016-04-13,2016-04-13,2015-16,{},,1,1610612739,authoritative_v2,2016-04-13,authoritative_v2_target_manifest_missing23_recovery,2016-04-13,authoritative_v2_effective_interval_exact
,True,2026-08-14T03:45:15.383955+00:00,3PAr - Defense,89,3929.0,42.0,0.275,0.377,0.101,Dahntay Jones,2563,2016-04-13,2016-04-13,2015-16,{},,1,1610612739,authoritative_v2,2016-04-13,authoritative_v2_target_manifest_missing23_recovery,2016-04-13,authoritative_v2_effective_interval_exact
,True,2026-08-14T03:45:15.383955+00:00,At Rim Shot Frequency - Defense,89,3929.0,42.0,0.305,0.246,-0.059,Dahntay Jones,2563,2016-04-13,2016-04-13,2015-16,{},,1,1610612739,authoritative_v2,2016-04-13,authoritative_v2_target_manifest_missing23_recovery,2016-04-13,authoritative_v2_effective_interval_exact
,True,2026-08-14T03:45:15.383955+00:00,At Rim FG% - Defense,89,3929.0,42.0,0.611,0.529,-0.081,Dahntay Jones,2563,2016-04-13,2016-04-13,2015-16,{},,1,1610612739,authoritative_v2,2016-04-13,authoritative_v2_target_manifest_missing23_recovery,2016-04-13,authoritative_v2_effective_interval_exact
,True,2026-08-14T03:45:15.383955+00:00,Short Mid Range Shot Frequency - Defense,89,3929.0,42.0,0.217,0.217,0.0,Dahntay Jones,2563,2016-04-13,2016-04-13,2015-16,{},,1,1610612739,authoritative_v2,2016-04-13,authoritative_v2_target_manifest_missing23_recovery,2016-04-13,authoritative_v2_effective_interval_exact
,True,2026-08-14T03:45:15.383955+00:00,Short Mid Range FG% - Defense,89,3929.0,42.0,0.406,0.4,-0.006,Dahntay Jones,2563,2016-04-13,2016-04-13,2015-16,{},,1,1610612739,authoritative_v2,2016-04-13,authoritative_v2_target_manifest_missing23_recovery,2016-04-13,authoritative_v2_effective_interval_exact
,True,2026-08-14T03:45:15.383955+00:00,Long Mid Range Shot Frequency - Defense,89,3929.0,42.0,0.202,0.159,-0.043,Dahntay Jones,2563,2016-04-13,2016-04-13,2015-16,{},,1,1610612739,authoritative_v2,2016-04-13,authoritative_v2_target_manifest_missing23_recovery,2016-04-13,authoritative_v2_effective_interval_exact
,True,2026-08-14T03:45:15.383955+00:00,Long Mid Range FG% - Defense,89,3929.0,42.0,0.388,0.364,-0.024,Dahntay Jones,2563,2016-04-13,2016-04-13,2015-16,{},,1,1610612739,authoritative_v2,2016-04-13,authoritative_v2_target_manifest_missing23_recovery,2016-04-13,authoritative_v2_effective_interval_exact
,True,2026-08-14T03:45:15.383955+00:00,Corner 3 Shot Frequency - Defense,89,3929.0,42.0,0.069,0.072,0.003,Dahntay Jones,2563,2016-04-13,2016-04-13,2015-16,{},,1,1610612739,authoritative_v2,2016-04-13,authoritative_v2_target_manifest_missing23_recovery,2016-04-13,authoritative_v2_effective_interval_exact
,True,2026-08-14T03:45:15.383955+00:00,Corner 3 FG% - Defense,89,3929.0,42.0,0.376,0.4,0.024,Dahntay Jones,2563,2016-04-13,2016-04-13,2015-16,{},,1,1610612739,authoritative_v2,2016-04-13,authoritative_v2_target_manifest_missing23_recovery,2016-04-13,authoritative_v2_effective_interval_exact
,True,2026-08-14T03:45:15.383955+00:00,Arc 3 Shot Frequency - Defense,89,3929.0,42.0,0.206,0.304,0.098,Dahntay Jones,2563,2016-04-13,2016-04-13,2015-16,{},,1,1610612739,authoritative_v2,2016-04-13,authoritative_v2_target_manifest_missing23_recovery,2016-04-13,authoritative_v2_effective_interval_exact
,True,2026-08-14T03:45:15.383955+00:00,Arc 3 FG% - Defense,89,3929.0,42.0,0.336,0.429,0.092,Dahntay Jones,2563,2016-04-13,2016-04-13,2015-16,{},,1,1610612739,authoritative_v2,2016-04-13,authoritative_v2_target_manifest_missing23_recovery,2016-04-13,authoritative_v2_effective_interval_exact
,True,2026-08-14T03:45:15.383955+00:00,Pace,89,3929.0,42.0,93.003,88.406,-4.597,Dahntay Jones,2563,2016-04-13,2016-04-13,2015-16,{},,1,1610612739,authoritative_v2,2016-04-13,authoritative_v2_target_manifest_missing23_recovery,2016-04-13,authoritative_v2_effective_interval_exact
,True,2026-08-14T03:45:15.383955+00:00,Second Chance Efficiency,89,3929.0,42.0,115.393,120.0,4.607,Dahntay Jones,2563,2016-04-13,2016-04-13,2015-16,{},,1,1610612739,authoritative_v2,2016-04-13,authoritative_v2_target_manifest_missing23_recovery,2016-04-13,authoritative_v2_effective_interval_exact
,True,2026-08-14T03:45:15.383955+00:00,Penalty Efficiency,89,3929.0,42.0,111.773,0.0,-111.773,Dahntay Jones,2563,2016-04-13,2016-04-13,2015-16,{},,1,1610612739,authoritative_v2,2016-04-13,authoritative_v2_target_manifest_missing23_recovery,2016-04-13,authoritative_v2_effective_interval_exact
,True,2026-08-14T03:45:15.383955+00:00,Second Chance Possessions Per 100 Possessions,89,3929.0,42.0,12.2,12.658,0.459,Dahntay Jones,2563,2016-04-13,2016-04-13,2015-16,{},,1,1610612739,authoritative_v2,2016-04-13,authoritative_v2_target_manifest_missing23_recovery,2016-04-13,authoritative_v2_effective_interval_exact
,True,2026-08-14T03:45:15.383955+00:00,First Chance Points Per 100 Possessions,89,3929.0,42.0,97.124,94.937,-2.187,Dahntay Jones,2563,2016-04-13,2016-04-13,2015-16,{},,1,1610612739,authoritative_v2,2016-04-13,authoritative_v2_target_manifest_missing23_recovery,2016-04-13,authoritative_v2_effective_interval_exact
,True,2026-08-14T03:45:15.383955+00:00,Second Chance Points Per 100 Possessions,89,3929.0,42.0,14.077,15.19,1.112,Dahntay Jones,2563,2016-04-13,2016-04-13,2015-16,{},,1,1610612739,authoritative_v2,2016-04-13,authoritative_v2_target_manifest_missing23_recovery,2016-04-13,authoritative_v2_effective_interval_exact
,True,2026-08-14T03:45:28.499780+00:00,2pt FGM Assist%,89,3931.0,15.0,0.478,0.375,-0.103,Kendrick Perkins,2570,2018-04-11,2018-04-11,2017-18,{},,1,1610612739,authoritative_v2,2018-04-11,authoritative_v2_target_manifest_missing23_recovery,2018-04-11,authoritative_v2_effective_interval_exact
,True,2026-08-14T03:45:28.499780+00:00,Non Putback 2pt FGM Assist%,89,3931.0,15.0,0.511,0.375,-0.136,Kendrick Perkins,2570,2018-04-11,2018-04-11,2017-18,{},,1,1610612739,authoritative_v2,2018-04-11,authoritative_v2_target_manifest_missing23_recovery,2018-04-11,authoritative_v2_effective_interval_exact
,True,2026-08-14T03:45:28.499780+00:00,3pt FGM Assist%,89,3931.0,15.0,0.82,0.5,-0.32,Kendrick Perkins,2570,2018-04-11,2018-04-11,2017-18,{},,1,1610612739,authoritative_v2,2018-04-11,authoritative_v2_target_manifest_missing23_recovery,2018-04-11,authoritative_v2_effective_interval_exact
,True,2026-08-14T03:45:28.499780+00:00,3pt FG%,89,3931.0,15.0,0.371,0.667,0.295,Kendrick Perkins,2570,2018-04-11,2018-04-11,2017-18,{},,1,1610612739,authoritative_v2,2018-04-11,authoritative_v2_target_manifest_missing23_recovery,2018-04-11,authoritative_v2_effective_interval_exact
,True,2026-08-14T03:45:28.499780+00:00,Non-Heave 3pt FG%,89,3931.0,15.0,0.373,0.667,0.293,Kendrick Perkins,2570,2018-04-11,2018-04-11,2017-18,{},,1,1610612739,authoritative_v2,2018-04-11,authoritative_v2_target_manifest_missing23_recovery,2018-04-11,authoritative_v2_effective_interval_exact
,True,2026-08-14T03:45:28.499780+00:00,2pt FG%,89,3931.0,15.0,0.54,0.471,-0.07,Kendrick Perkins,2570,2018-04-11,2018-04-11,2017-18,{},,1,1610612739,authoritative_v2,2018-04-11,authoritative_v2_target_manifest_missing23_recovery,2018-04-11,authoritative_v2_effective_interval_exact
,True,2026-08-14T03:45:28.499780+00:00,eFG%,89,3931.0,15.0,0.547,0.609,0.062,Kendrick Perkins,2570,2018-04-11,2018-04-11,2017-18,{},,1,1610612739,authoritative_v2,2018-04-11,authoritative_v2_target_manifest_missing23_recovery,2018-04-11,authoritative_v2_effective_interval_exact
,True,2026-08-14T03:45:28.499780+00:00,TS%,89,3931.0,15.0,0.582,0.633,0.051,Kendrick Perkins,2570,2018-04-11,2018-04-11,2017-18,{},,1,1610612739,authoritative_v2,2018-04-11,authoritative_v2_target_manifest_missing23_recovery,2018-04-11,authoritative_v2_effective_interval_exact
,True,2026-08-14T03:45:28.499780+00:00,3PAr,89,3931.0,15.0,0.38,0.261,-0.119,Kendrick Perkins,2570,2018-04-11,2018-04-11,2017-18,{},,1,1610612739,authoritative_v2,2018-04-11,authoritative_v2_target_manifest_missing23_recovery,2018-04-11,authoritative_v2_effective_interval_exact
,True,2026-08-14T03:45:28.499780+00:00,% of FG3A Blocked,89,3931.0,15.0,0.01,0.0,-0.01,Kendrick Perkins,2570,2018-04-11,2018-04-11,2017-18,{},,1,1610612739,authoritative_v2,2018-04-11,authoritative_v2_target_manifest_missing23_recovery,2018-04-11,authoritative_v2_effective_interval_exact
,True,2026-08-14T03:45:28.499780+00:00,% of FG2A Blocked,89,3931.0,15.0,0.073,0.059,-0.014,Kendrick Perkins,2570,2018-04-11,2018-04-11,2017-18,{},,1,1610612739,authoritative_v2,2018-04-11,authoritative_v2_target_manifest_missing23_recovery,2018-04-11,authoritative_v2_effective_interval_exact
,True,2026-08-14T03:45:28.499780+00:00,Live Ball TO%,89,3931.0,15.0,0.544,0.75,0.206,Kendrick Perkins,2570,2018-04-11,2018-04-11,2017-18,{},,1,1610612739,authoritative_v2,2018-04-11,authoritative_v2_target_manifest_missing23_recovery,2018-04-11,authoritative_v2_effective_interval_exact
,True,2026-08-14T03:45:28.499780+00:00,DReb% - Missed FTs,89,3931.0,15.0,0.881,0.0,-0.881,Kendrick Perkins,2570,2018-04-11,2018-04-11,2017-18,{},,1,1610612739,authoritative_v2,2018-04-11,authoritative_v2_target_manifest_missing23_recovery,2018-04-11,authoritative_v2_effective_interval_exact
,True,2026-08-14T03:45:28.499780+00:00,OReb% - Missed FTs,89,3931.0,15.0,0.078,0.5,0.422,Kendrick Perkins,2570,2018-04-11,2018-04-11,2017-18,{},,1,1610612739,authoritative_v2,2018-04-11,authoritative_v2_target_manifest_missing23_recovery,2018-04-11,authoritative_v2_effective_interval_exact
,True,2026-08-14T03:45:28.499780+00:00,DReb% - Missed 2s,89,3931.0,15.0,0.712,0.875,0.163,Kendrick Perkins,2570,2018-04-11,2018-04-11,2017-18,{},,1,1610612739,authoritative_v2,2018-04-11,authoritative_v2_target_manifest_missing23_recovery,2018-04-11,authoritative_v2_effective_interval_exact
,True,2026-08-14T03:45:28.499780+00:00,OReb% - Missed 2s,89,3931.0,15.0,0.285,0.556,0.27,Kendrick Perkins,2570,2018-04-11,2018-04-11,2017-18,{},,1,1610612739,authoritative_v2,2018-04-11,authoritative_v2_target_manifest_missing23_recovery,2018-04-11,authoritative_v2_effective_interval_exact
,True,2026-08-14T03:45:28.499780+00:00,DReb% - Missed 3s,89,3931.0,15.0,0.779,0.5,-0.279,Kendrick Perkins,2570,2018-04-11,2018-04-11,2017-18,{},,1,1610612739,authoritative_v2,2018-04-11,authoritative_v2_target_manifest_missing23_recovery,2018-04-11,authoritative_v2_effective_interval_exact
,True,2026-08-14T03:45:28.499780+00:00,OReb% - Missed 3s,89,3931.0,15.0,0.178,0.0,-0.178,Kendrick Perkins,2570,2018-04-11,2018-04-11,2017-18,{},,1,1610612739,authoritative_v2,2018-04-11,authoritative_v2_target_manifest_missing23_recovery,2018-04-11,authoritative_v2_effective_interval_exact
,True,2026-08-14T03:45:28.499780+00:00,DReb% - Missed FGs,89,3931.0,15.0,0.74,0.8,0.06,Kendrick Perkins,2570,2018-04-11,2018-04-11,2017-18,{},,1,1610612739,authoritative_v2,2018-04-11,authoritative_v2_target_manifest_missing23_recovery,2018-04-11,authoritative_v2_effective_interval_exact
,True,2026-08-14T03:45:28.499780+00:00,OReb% - Missed FGs,89,3931.0,15.0,0.237,0.455,0.217,Kendrick Perkins,2570,2018-04-11,2018-04-11,2017-18,{},,1,1610612739,authoritative_v2,2018-04-11,authoritative_v2_target_manifest_missing23_recovery,2018-04-11,authoritative_v2_effective_interval_exact
,True,2026-08-14T03:45:28.499780+00:00,At Rim OReb%,89,3931.0,15.0,0.358,0.5,0.142,Kendrick Perkins,2570,2018-04-11,2018-04-11,2017-18,{},,1,1610612739,authoritative_v2,2018-04-11,authoritative_v2_target_manifest_missing23_recovery,2018-04-11,authoritative_v2_effective_interval_exact
,True,2026-08-14T03:45:28.499780+00:00,Short Mid-Range OReb%,89,3931.0,15.0,0.326,0.333,0.008,Kendrick Perkins,2570,2018-04-11,2018-04-11,2017-18,{},,1,1610612739,authoritative_v2,2018-04-11,authoritative_v2_target_manifest_missing23_recovery,2018-04-11,authoritative_v2_effective_interval_exact
,True,2026-08-14T03:45:28.499780+00:00,Long Mid-Range OReb%,89,3931.0,15.0,0.163,0.75,0.587,Kendrick Perkins,2570,2018-04-11,2018-04-11,2017-18,{},,1,1610612739,authoritative_v2,2018-04-11,authoritative_v2_target_manifest_missing23_recovery,2018-04-11,authoritative_v2_effective_interval_exact
,True,2026-08-14T03:45:28.499780+00:00,Arc 3 OReb%,89,3931.0,15.0,0.168,0.0,-0.168,Kendrick Perkins,2570,2018-04-11,2018-04-11,2017-18,{},,1,1610612739,authoritative_v2,2018-04-11,authoritative_v2_target_manifest_missing23_recovery,2018-04-11,authoritative_v2_effective_interval_exact
,True,2026-08-14T03:45:28.499780+00:00,Corner 3 OReb%,89,3931.0,15.0,0.208,0.0,-0.208,Kendrick Perkins,2570,2018-04-11,2018-04-11,2017-18,{},,1,1610612739,authoritative_v2,2018-04-11,authoritative_v2_target_manifest_missing23_recovery,2018-04-11,authoritative_v2_effective_interval_exact
,True,2026-08-14T03:45:28.499780+00:00,At Rim DReb%,89,3931.0,15.0,0.641,0.5,-0.141,Kendrick Perkins,2570,2018-04-11,2018-04-11,2017-18,{},,1,1610612739,authoritative_v2,2018-04-11,authoritative_v2_target_manifest_missing23_recovery,2018-04-11,authoritative_v2_effective_interval_exact
,True,2026-08-14T03:45:28.499780+00:00,Short Mid-Range DReb%,89,3931.0,15.0,0.698,1.0,0.302,Kendrick Perkins,2570,2018-04-11,2018-04-11,2017-18,{},,1,1610612739,authoritative_v2,2018-04-11,authoritative_v2_target_manifest_missing23_recovery,2018-04-11,authoritative_v2_effective_interval_exact
,True,2026-08-14T03:45:28.499780+00:00,Long Mid-Range DReb%,89,3931.0,15.0,0.823,1.0,0.177,Kendrick Perkins,2570,2018-04-11,2018-04-11,2017-18,{},,1,1610612739,authoritative_v2,2018-04-11,authoritative_v2_target_manifest_missing23_recovery,2018-04-11,authoritative_v2_effective_interval_exact
,True,2026-08-14T03:45:28.499780+00:00,Arc 3 DReb%,89,3931.0,15.0,0.778,0.5,-0.278,Kendrick Perkins,2570,2018-04-11,2018-04-11,2017-18,{},,1,1610612739,authoritative_v2,2018-04-11,authoritative_v2_target_manifest_missing23_recovery,2018-04-11,authoritative_v2_effective_interval_exact
,True,2026-08-14T03:45:28.499780+00:00,Corner 3 DReb%,89,3931.0,15.0,0.783,0.0,-0.783,Kendrick Perkins,2570,2018-04-11,2018-04-11,2017-18,{},,1,1610612739,authoritative_v2,2018-04-11,authoritative_v2_target_manifest_missing23_recovery,2018-04-11,authoritative_v2_effective_interval_exact
,True,2026-08-14T03:45:28.499780+00:00,Blocks Recovered %,89,3931.0,15.0,0.585,1.0,0.415,Kendrick Perkins,2570,2018-04-11,2018-04-11,2017-18,{},,1,1610612739,authoritative_v2,2018-04-11,authoritative_v2_target_manifest_missing23_recovery,2018-04-11,authoritative_v2_effective_interval_exact
,True,2026-08-14T03:45:28.499780+00:00,Seconds Per Possession - Offense,89,3931.0,15.0,14.705,13.929,-0.776,Kendrick Perkins,2570,2018-04-11,2018-04-11,2017-18,{},,1,1610612739,authoritative_v2,2018-04-11,authoritative_v2_target_manifest_missing23_recovery,2018-04-11,authoritative_v2_effective_interval_exact
,True,2026-08-14T03:45:28.499780+00:00,Seconds Per Possession - Defense,89,3931.0,15.0,14.804,15.548,0.745,Kendrick Perkins,2570,2018-04-11,2018-04-11,2017-18,{},,1,1610612739,authoritative_v2,2018-04-11,authoritative_v2_target_manifest_missing23_recovery,2018-04-11,authoritative_v2_effective_interval_exact
,True,2026-08-14T03:45:28.499780+00:00,At Rim Shot Frequency,89,3931.0,15.0,0.319,0.261,-0.058,Kendrick Perkins,2570,2018-04-11,2018-04-11,2017-18,{},,1,1610612739,authoritative_v2,2018-04-11,authoritative_v2_target_manifest_missing23_recovery,2018-04-11,authoritative_v2_effective_interval_exact
,True,2026-08-14T03:45:28.499780+00:00,At Rim FG%,89,3931.0,15.0,0.686,0.667,-0.019,Kendrick Perkins,2570,2018-04-11,2018-04-11,2017-18,{},,1,1610612739,authoritative_v2,2018-04-11,authoritative_v2_target_manifest_missing23_recovery,2018-04-11,authoritative_v2_effective_interval_exact
,True,2026-08-14T03:45:28.499780+00:00,At Rim % Assisted,89,3931.0,15.0,0.533,0.5,-0.033,Kendrick Perkins,2570,2018-04-11,2018-04-11,2017-18,{},,1,1610612739,authoritative_v2,2018-04-11,authoritative_v2_target_manifest_missing23_recovery,2018-04-11,authoritative_v2_effective_interval_exact
,True,2026-08-14T03:45:28.499780+00:00,Short Mid Range Shot Frequency,89,3931.0,15.0,0.149,0.304,0.156,Kendrick Perkins,2570,2018-04-11,2018-04-11,2017-18,{},,1,1610612739,authoritative_v2,2018-04-11,authoritative_v2_target_manifest_missing23_recovery,2018-04-11,authoritative_v2_effective_interval_exact
,True,2026-08-14T03:45:28.499780+00:00,Short Mid Range FG%,89,3931.0,15.0,0.367,0.571,0.204,Kendrick Perkins,2570,2018-04-11,2018-04-11,2017-18,{},,1,1610612739,authoritative_v2,2018-04-11,authoritative_v2_target_manifest_missing23_recovery,2018-04-11,authoritative_v2_effective_interval_exact
,True,2026-08-14T03:45:28.499780+00:00,Short Mid Range % Assisted,89,3931.0,15.0,0.36,0.25,-0.11,Kendrick Perkins,2570,2018-04-11,2018-04-11,2017-18,{},,1,1610612739,authoritative_v2,2018-04-11,authoritative_v2_target_manifest_missing23_recovery,2018-04-11,authoritative_v2_effective_interval_exact
,True,2026-08-14T03:45:28.499780+00:00,Long Mid Range Shot Frequency,89,3931.0,15.0,0.153,0.174,0.021,Kendrick Perkins,2570,2018-04-11,2018-04-11,2017-18,{},,1,1610612739,authoritative_v2,2018-04-11,authoritative_v2_target_manifest_missing23_recovery,2018-04-11,authoritative_v2_effective_interval_exact
,True,2026-08-14T03:45:28.499780+00:00,Long Mid Range FG%,89,3931.0,15.0,0.405,0.0,-0.405,Kendrick Perkins,2570,2018-04-11,2018-04-11,2017-18,{},,1,1610612739,authoritative_v2,2018-04-11,authoritative_v2_target_manifest_missing23_recovery,2018-04-11,authoritative_v2_effective_interval_exact
,True,2026-08-14T03:45:28.499780+00:00,Long Mid % Assisted,89,3931.0,15.0,0.387,0.0,-0.387,Kendrick Perkins,2570,2018-04-11,2018-04-11,2017-18,{},,1,1610612739,authoritative_v2,2018-04-11,authoritative_v2_target_manifest_missing23_recovery,2018-04-11,authoritative_v2_effective_interval_exact
,True,2026-08-14T03:45:28.499780+00:00,Corner 3 Shot Frequency,89,3931.0,15.0,0.101,0.0,-0.101,Kendrick Perkins,2570,2018-04-11,2018-04-11,2017-18,{},,1,1610612739,authoritative_v2,2018-04-11,authoritative_v2_target_manifest_missing23_recovery,2018-04-11,authoritative_v2_effective_interval_exact
,True,2026-08-14T03:45:28.499780+00:00,Corner 3 FG%,89,3931.0,15.0,0.413,0.0,-0.413,Kendrick Perkins,2570,2018-04-11,2018-04-11,2017-18,{},,1,1610612739,authoritative_v2,2018-04-11,authoritative_v2_target_manifest_missing23_recovery,2018-04-11,authoritative_v2_effective_interval_exact
,True,2026-08-14T03:45:28.499780+00:00,Corner 3 % Assisted,89,3931.0,15.0,0.921,0.0,-0.921,Kendrick Perkins,2570,2018-04-11,2018-04-11,2017-18,{},,1,1610612739,authoritative_v2,2018-04-11,authoritative_v2_target_manifest_missing23_recovery,2018-04-11,authoritative_v2_effective_interval_exact
,True,2026-08-14T03:45:28.499780+00:00,Arc 3 Shot Frequency,89,3931.0,15.0,0.278,0.261,-0.017,Kendrick Perkins,2570,2018-04-11,2018-04-11,2017-18,{},,1,1610612739,authoritative_v2,2018-04-11,authoritative_v2_target_manifest_missing23_recovery,2018-04-11,authoritative_v2_effective_interval_exact
,True,2026-08-14T03:45:28.499780+00:00,Arc 3 FG%,89,3931.0,15.0,0.356,0.667,0.31,Kendrick Perkins,2570,2018-04-11,2018-04-11,2017-18,{},,1,1610612739,authoritative_v2,2018-04-11,authoritative_v2_target_manifest_missing23_recovery,2018-04-11,authoritative_v2_effective_interval_exact
,True,2026-08-14T03:45:28.499780+00:00,Arc 3 % Assisted,89,3931.0,15.0,0.777,0.5,-0.277,Kendrick Perkins,2570,2018-04-11,2018-04-11,2017-18,{},,1,1610612739,authoritative_v2,2018-04-11,authoritative_v2_target_manifest_missing23_recovery,2018-04-11,authoritative_v2_effective_interval_exact
,True,2026-08-14T03:45:28.499780+00:00,At Rim or 3pt Shot Frequency,89,3931.0,15.0,0.699,0.522,-0.177,Kendrick Perkins,2570,2018-04-11,2018-04-11,2017-18,{},,1,1610612739,authoritative_v2,2018-04-11,authoritative_v2_target_manifest_missing23_recovery,2018-04-11,authoritative_v2_effective_interval_exact
,True,2026-08-14T03:45:28.499780+00:00,Non-Heave Arc 3 FG%,89,3931.0,15.0,0.359,0.667,0.308,Kendrick Perkins,2570,2018-04-11,2018-04-11,2017-18,{},,1,1610612739,authoritative_v2,2018-04-11,authoritative_v2_target_manifest_missing23_recovery,2018-04-11,authoritative_v2_effective_interval_exact
,True,2026-08-14T03:45:28.499780+00:00,Shot Quality,89,3931.0,15.0,0.523,0.499,-0.024,Kendrick Perkins,2570,2018-04-11,2018-04-11,2017-18,{},,1,1610612739,authoritative_v2,2018-04-11,authoritative_v2_target_manifest_missing23_recovery,2018-04-11,authoritative_v2_effective_interval_exact
,True,2026-08-14T03:45:28.499780+00:00,Shooting Foul Drawn Rate,89,3931.0,15.0,0.106,0.207,0.101,Kendrick Perkins,2570,2018-04-11,2018-04-11,2017-18,{},,1,1610612739,authoritative_v2,2018-04-11,authoritative_v2_target_manifest_missing23_recovery,2018-04-11,authoritative_v2_effective_interval_exact
,True,2026-08-14T03:45:28.499780+00:00,3pt Shooting Foul Drawn Rate,89,3931.0,15.0,0.156,0.261,0.105,Kendrick Perkins,2570,2018-04-11,2018-04-11,2017-18,{},,1,1610612739,authoritative_v2,2018-04-11,authoritative_v2_target_manifest_missing23_recovery,2018-04-11,authoritative_v2_effective_interval_exact
,True,2026-08-14T03:45:28.499780+00:00,2pt Shooting Foul Drawn Rate,89,3931.0,15.0,0.014,0.0,-0.014,Kendrick Perkins,2570,2018-04-11,2018-04-11,2017-18,{},,1,1610612739,authoritative_v2,2018-04-11,authoritative_v2_target_manifest_missing23_recovery,2018-04-11,authoritative_v2_effective_interval_exact
,True,2026-08-14T03:45:28.499780+00:00,Second Chance Points%,89,3931.0,15.0,0.101,0.205,0.104,Kendrick Perkins,2570,2018-04-11,2018-04-11,2017-18,{},,1,1610612739,authoritative_v2,2018-04-11,authoritative_v2_target_manifest_missing23_recovery,2018-04-11,authoritative_v2_effective_interval_exact
,True,2026-08-14T03:45:28.499780+00:00,Penalty Points%,89,3931.0,15.0,0.262,0.59,0.328,Kendrick Perkins,2570,2018-04-11,2018-04-11,2017-18,{},,1,1610612739,authoritative_v2,2018-04-11,authoritative_v2_target_manifest_missing23_recovery,2018-04-11,authoritative_v2_effective_interval_exact
,True,2026-08-14T03:45:28.499780+00:00,Penalty Possessions%,89,3931.0,15.0,0.257,0.607,0.35,Kendrick Perkins,2570,2018-04-11,2018-04-11,2017-18,{},,1,1610612739,authoritative_v2,2018-04-11,authoritative_v2_target_manifest_missing23_recovery,2018-04-11,authoritative_v2_effective_interval_exact
,True,2026-08-14T03:45:28.499780+00:00,Avg 2pt Shot Distance,89,3931.0,15.0,7.473,8.341,0.868,Kendrick Perkins,2570,2018-04-11,2018-04-11,2017-18,{},,1,1610612739,authoritative_v2,2018-04-11,authoritative_v2_target_manifest_missing23_recovery,2018-04-11,authoritative_v2_effective_interval_exact
,True,2026-08-14T03:45:28.499780+00:00,Avg 3pt Shot Distance,89,3931.0,15.0,25.468,26.35,0.882,Kendrick Perkins,2570,2018-04-11,2018-04-11,2017-18,{},,1,1610612739,authoritative_v2,2018-04-11,authoritative_v2_target_manifest_missing23_recovery,2018-04-11,authoritative_v2_effective_interval_exact
,True,2026-08-14T03:45:28.499780+00:00,Penalty Efficiency Excluding Last Minute Take Foul Possessions,89,3931.0,15.0,115.012,135.294,20.282,Kendrick Perkins,2570,2018-04-11,2018-04-11,2017-18,{},,1,1610612739,authoritative_v2,2018-04-11,authoritative_v2_target_manifest_missing23_recovery,2018-04-11,authoritative_v2_effective_interval_exact
,True,2026-08-14T03:45:28.499780+00:00,DReb%,89,3931.0,15.0,0.748,0.8,0.052,Kendrick Perkins,2570,2018-04-11,2018-04-11,2017-18,{},,1,1610612739,authoritative_v2,2018-04-11,authoritative_v2_target_manifest_missing23_recovery,2018-04-11,authoritative_v2_effective_interval_exact
,True,2026-08-14T03:45:28.499780+00:00,OReb%,89,3931.0,15.0,0.228,0.462,0.233,Kendrick Perkins,2570,2018-04-11,2018-04-11,2017-18,{},,1,1610612739,authoritative_v2,2018-04-11,authoritative_v2_target_manifest_missing23_recovery,2018-04-11,authoritative_v2_effective_interval_exact
,True,2026-08-14T03:45:28.499780+00:00,Pts per 100 Possessions,89,3931.0,15.0,113.122,139.286,26.164,Kendrick Perkins,2570,2018-04-11,2018-04-11,2017-18,{},,1,1610612739,authoritative_v2,2018-04-11,authoritative_v2_target_manifest_missing23_recovery,2018-04-11,authoritative_v2_effective_interval_exact
,True,2026-08-14T03:45:28.499780+00:00,Assist Points per 100 Possessions,89,3931.0,15.0,57.773,42.857,-14.916,Kendrick Perkins,2570,2018-04-11,2018-04-11,2017-18,{},,1,1610612739,authoritative_v2,2018-04-11,authoritative_v2_target_manifest_missing23_recovery,2018-04-11,authoritative_v2_effective_interval_exact
,True,2026-08-14T03:45:28.499780+00:00,FTA per 100 Possessions,89,3931.0,15.0,23.669,53.571,29.902,Kendrick Perkins,2570,2018-04-11,2018-04-11,2017-18,{},,1,1610612739,authoritative_v2,2018-04-11,authoritative_v2_target_manifest_missing23_recovery,2018-04-11,authoritative_v2_effective_interval_exact
,True,2026-08-14T03:45:28.499780+00:00,TOs per 100 Possessions,89,3931.0,15.0,13.997,14.286,0.289,Kendrick Perkins,2570,2018-04-11,2018-04-11,2017-18,{},,1,1610612739,authoritative_v2,2018-04-11,authoritative_v2_target_manifest_missing23_recovery,2018-04-11,authoritative_v2_effective_interval_exact
,True,2026-08-14T03:45:28.499780+00:00,Assists per 100 Possessions,89,3931.0,15.0,23.882,17.857,-6.024,Kendrick Perkins,2570,2018-04-11,2018-04-11,2017-18,{},,1,1610612739,authoritative_v2,2018-04-11,authoritative_v2_target_manifest_missing23_recovery,2018-04-11,authoritative_v2_effective_interval_exact
,True,2026-08-14T03:45:28.499780+00:00,Pts per 100 Possessions - Defense,89,3931.0,15.0,112.422,116.129,3.707,Kendrick Perkins,2570,2018-04-11,2018-04-11,2017-18,{},,1,1610612739,authoritative_v2,2018-04-11,authoritative_v2_target_manifest_missing23_recovery,2018-04-11,authoritative_v2_effective_interval_exact
,True,2026-08-14T03:45:28.499780+00:00,Shot Quality - Defense,89,3931.0,15.0,0.52,0.529,0.009,Kendrick Perkins,2570,2018-04-11,2018-04-11,2017-18,{},,1,1610612739,authoritative_v2,2018-04-11,authoritative_v2_target_manifest_missing23_recovery,2018-04-11,authoritative_v2_effective_interval_exact
,True,2026-08-14T03:45:28.499780+00:00,3pt FG% - Defense,89,3931.0,15.0,0.367,0.625,0.258,Kendrick Perkins,2570,2018-04-11,2018-04-11,2017-18,{},,1,1610612739,authoritative_v2,2018-04-11,authoritative_v2_target_manifest_missing23_recovery,2018-04-11,authoritative_v2_effective_interval_exact
,True,2026-08-14T03:45:28.499780+00:00,2pt FG% - Defense,89,3931.0,15.0,0.533,0.556,0.023,Kendrick Perkins,2570,2018-04-11,2018-04-11,2017-18,{},,1,1610612739,authoritative_v2,2018-04-11,authoritative_v2_target_manifest_missing23_recovery,2018-04-11,authoritative_v2_effective_interval_exact
,True,2026-08-14T03:45:28.499780+00:00,eFG% - Defense,89,3931.0,15.0,0.539,0.673,0.134,Kendrick Perkins,2570,2018-04-11,2018-04-11,2017-18,{},,1,1610612739,authoritative_v2,2018-04-11,authoritative_v2_target_manifest_missing23_recovery,2018-04-11,authoritative_v2_effective_interval_exact
,True,2026-08-14T03:45:28.499780+00:00,3PAr - Defense,89,3931.0,15.0,0.359,0.308,-0.051,Kendrick Perkins,2570,2018-04-11,2018-04-11,2017-18,{},,1,1610612739,authoritative_v2,2018-04-11,authoritative_v2_target_manifest_missing23_recovery,2018-04-11,authoritative_v2_effective_interval_exact
,True,2026-08-14T03:45:28.499780+00:00,At Rim Shot Frequency - Defense,89,3931.0,15.0,0.323,0.308,-0.016,Kendrick Perkins,2570,2018-04-11,2018-04-11,2017-18,{},,1,1610612739,authoritative_v2,2018-04-11,authoritative_v2_target_manifest_missing23_recovery,2018-04-11,authoritative_v2_effective_interval_exact
,True,2026-08-14T03:45:28.499780+00:00,At Rim FG% - Defense,89,3931.0,15.0,0.649,0.75,0.101,Kendrick Perkins,2570,2018-04-11,2018-04-11,2017-18,{},,1,1610612739,authoritative_v2,2018-04-11,authoritative_v2_target_manifest_missing23_recovery,2018-04-11,authoritative_v2_effective_interval_exact
,True,2026-08-14T03:45:28.499780+00:00,Short Mid Range Shot Frequency - Defense,89,3931.0,15.0,0.172,0.231,0.059,Kendrick Perkins,2570,2018-04-11,2018-04-11,2017-18,{},,1,1610612739,authoritative_v2,2018-04-11,authoritative_v2_target_manifest_missing23_recovery,2018-04-11,authoritative_v2_effective_interval_exact
,True,2026-08-14T03:45:28.499780+00:00,Short Mid Range FG% - Defense,89,3931.0,15.0,0.418,0.5,0.082,Kendrick Perkins,2570,2018-04-11,2018-04-11,2017-18,{},,1,1610612739,authoritative_v2,2018-04-11,authoritative_v2_target_manifest_missing23_recovery,2018-04-11,authoritative_v2_effective_interval_exact
,True,2026-08-14T03:45:28.499780+00:00,Long Mid Range Shot Frequency - Defense,89,3931.0,15.0,0.146,0.154,0.008,Kendrick Perkins,2570,2018-04-11,2018-04-11,2017-18,{},,1,1610612739,authoritative_v2,2018-04-11,authoritative_v2_target_manifest_missing23_recovery,2018-04-11,authoritative_v2_effective_interval_exact
,True,2026-08-14T03:45:28.499780+00:00,Long Mid Range FG% - Defense,89,3931.0,15.0,0.41,0.25,-0.16,Kendrick Perkins,2570,2018-04-11,2018-04-11,2017-18,{},,1,1610612739,authoritative_v2,2018-04-11,authoritative_v2_target_manifest_missing23_recovery,2018-04-11,authoritative_v2_effective_interval_exact
,True,2026-08-14T03:45:28.499780+00:00,Corner 3 Shot Frequency - Defense,89,3931.0,15.0,0.081,0.0,-0.081,Kendrick Perkins,2570,2018-04-11,2018-04-11,2017-18,{},,1,1610612739,authoritative_v2,2018-04-11,authoritative_v2_target_manifest_missing23_recovery,2018-04-11,authoritative_v2_effective_interval_exact
,True,2026-08-14T03:45:28.499780+00:00,Corner 3 FG% - Defense,89,3931.0,15.0,0.443,0.0,-0.443,Kendrick Perkins,2570,2018-04-11,2018-04-11,2017-18,{},,1,1610612739,authoritative_v2,2018-04-11,authoritative_v2_target_manifest_missing23_recovery,2018-04-11,authoritative_v2_effective_interval_exact
,True,2026-08-14T03:45:28.499780+00:00,Arc 3 Shot Frequency - Defense,89,3931.0,15.0,0.278,0.308,0.03,Kendrick Perkins,2570,2018-04-11,2018-04-11,2017-18,{},,1,1610612739,authoritative_v2,2018-04-11,authoritative_v2_target_manifest_missing23_recovery,2018-04-11,authoritative_v2_effective_interval_exact
,True,2026-08-14T03:45:28.499780+00:00,Arc 3 FG% - Defense,89,3931.0,15.0,0.345,0.625,0.28,Kendrick Perkins,2570,2018-04-11,2018-04-11,2017-18,{},,1,1610612739,authoritative_v2,2018-04-11,authoritative_v2_target_manifest_missing23_recovery,2018-04-11,authoritative_v2_effective_interval_exact
,True,2026-08-14T03:45:28.499780+00:00,Pace,89,3931.0,15.0,97.6,97.431,-0.169,Kendrick Perkins,2570,2018-04-11,2018-04-11,2017-18,{},,1,1610612739,authoritative_v2,2018-04-11,authoritative_v2_target_manifest_missing23_recovery,2018-04-11,authoritative_v2_effective_interval_exact
,True,2026-08-14T03:45:28.499780+00:00,Second Chance Efficiency,89,3931.0,15.0,120.789,160.0,39.211,Kendrick Perkins,2570,2018-04-11,2018-04-11,2017-18,{},,1,1610612739,authoritative_v2,2018-04-11,authoritative_v2_target_manifest_missing23_recovery,2018-04-11,authoritative_v2_effective_interval_exact
,True,2026-08-14T03:45:28.499780+00:00,Penalty Efficiency,89,3931.0,15.0,115.104,135.294,20.19,Kendrick Perkins,2570,2018-04-11,2018-04-11,2017-18,{},,1,1610612739,authoritative_v2,2018-04-11,authoritative_v2_target_manifest_missing23_recovery,2018-04-11,authoritative_v2_effective_interval_exact
,True,2026-08-14T03:45:28.499780+00:00,Second Chance Possessions Per 100 Possessions,89,3931.0,15.0,9.498,17.857,8.36,Kendrick Perkins,2570,2018-04-11,2018-04-11,2017-18,{},,1,1610612739,authoritative_v2,2018-04-11,authoritative_v2_target_manifest_missing23_recovery,2018-04-11,authoritative_v2_effective_interval_exact
,True,2026-08-14T03:45:28.499780+00:00,First Chance Points Per 100 Possessions,89,3931.0,15.0,101.65,110.714,9.065,Kendrick Perkins,2570,2018-04-11,2018-04-11,2017-18,{},,1,1610612739,authoritative_v2,2018-04-11,authoritative_v2_target_manifest_missing23_recovery,2018-04-11,authoritative_v2_effective_interval_exact
,True,2026-08-14T03:45:28.499780+00:00,Second Chance Points Per 100 Possessions,89,3931.0,15.0,11.472,28.571,17.099,Kendrick Perkins,2570,2018-04-11,2018-04-11,2017-18,{},,1,1610612739,authoritative_v2,2018-04-11,authoritative_v2_target_manifest_missing23_recovery,2018-04-11,authoritative_v2_effective_interval_exact
,False,2026-08-14T03:45:30.596366+00:00,2pt FGM Assist%,89,,,0.0,0.0,0.0,Mouhamadou Gueye,1631338,2026-04-12,2026-04-09,2025-26,{},,3,1610612741,authoritative_v2,2026-04-12,authoritative_v2_target_manifest_missing23_recovery,2026-04-09,authoritative_v2_effective_interval_exact
,False,2026-08-14T03:45:30.596366+00:00,Non Putback 2pt FGM Assist%,89,,,0.0,0.0,0.0,Mouhamadou Gueye,1631338,2026-04-12,2026-04-09,2025-26,{},,3,1610612741,authoritative_v2,2026-04-12,authoritative_v2_target_manifest_missing23_recovery,2026-04-09,authoritative_v2_effective_interval_exact
,False,2026-08-14T03:45:30.596366+00:00,3pt FGM Assist%,89,,,0.0,0.0,0.0,Mouhamadou Gueye,1631338,2026-04-12,2026-04-09,2025-26,{},,3,1610612741,authoritative_v2,2026-04-12,authoritative_v2_target_manifest_missing23_recovery,2026-04-09,authoritative_v2_effective_interval_exact
,False,2026-08-14T03:45:30.596366+00:00,3pt FG%,89,,,0.0,0.0,0.0,Mouhamadou Gueye,1631338,2026-04-12,2026-04-09,2025-26,{},,3,1610612741,authoritative_v2,2026-04-12,authoritative_v2_target_manifest_missing23_recovery,2026-04-09,authoritative_v2_effective_interval_exact
,False,2026-08-14T03:45:30.596366+00:00,Non-Heave 3pt FG%,89,,,0.0,0.0,0.0,Mouhamadou Gueye,1631338,2026-04-12,2026-04-09,2025-26,{},,3,1610612741,authoritative_v2,2026-04-12,authoritative_v2_target_manifest_missing23_recovery,2026-04-09,authoritative_v2_effective_interval_exact
,False,2026-08-14T03:45:30.596366+00:00,2pt FG%,89,,,0.0,0.0,0.0,Mouhamadou Gueye,1631338,2026-04-12,2026-04-09,2025-26,{},,3,1610612741,authoritative_v2,2026-04-12,authoritative_v2_target_manifest_missing23_recovery,2026-04-09,authoritative_v2_effective_interval_exact
,False,2026-08-14T03:45:30.596366+00:00,eFG%,89,,,0.0,0.0,0.0,Mouhamadou Gueye,1631338,2026-04-12,2026-04-09,2025-26,{},,3,1610612741,authoritative_v2,2026-04-12,authoritative_v2_target_manifest_missing23_recovery,2026-04-09,authoritative_v2_effective_interval_exact
,False,2026-08-14T03:45:30.596366+00:00,TS%,89,,,0.0,0.0,0.0,Mouhamadou Gueye,1631338,2026-04-12,2026-04-09,2025-26,{},,3,1610612741,authoritative_v2,2026-04-12,authoritative_v2_target_manifest_missing23_recovery,2026-04-09,authoritative_v2_effective_interval_exact
,False,2026-08-14T03:45:30.596366+00:00,3PAr,89,,,0.0,0.0,0.0,Mouhamadou Gueye,1631338,2026-04-12,2026-04-09,2025-26,{},,3,1610612741,authoritative_v2,2026-04-12,authoritative_v2_target_manifest_missing23_recovery,2026-04-09,authoritative_v2_effective_interval_exact
,False,2026-08-14T03:45:30.596366+00:00,% of FG3A Blocked,89,,,0.0,0.0,0.0,Mouhamadou Gueye,1631338,2026-04-12,2026-04-09,2025-26,{},,3,1610612741,authoritative_v2,2026-04-12,authoritative_v2_target_manifest_missing23_recovery,2026-04-09,authoritative_v2_effective_interval_exact
,False,2026-08-14T03:45:30.596366+00:00,% of FG2A Blocked,89,,,0.0,0.0,0.0,Mouhamadou Gueye,1631338,2026-04-12,2026-04-09,2025-26,{},,3,1610612741,authoritative_v2,2026-04-12,authoritative_v2_target_manifest_missing23_recovery,2026-04-09,authoritative_v2_effective_interval_exact
,False,2026-08-14T03:45:30.596366+00:00,Live Ball TO%,89,,,0.0,0.0,0.0,Mouhamadou Gueye,1631338,2026-04-12,2026-04-09,2025-26,{},,3,1610612741,authoritative_v2,2026-04-12,authoritative_v2_target_manifest_missing23_recovery,2026-04-09,authoritative_v2_effective_interval_exact
,False,2026-08-14T03:45:30.596366+00:00,DReb% - Missed FTs,89,,,0.0,0.0,0.0,Mouhamadou Gueye,1631338,2026-04-12,2026-04-09,2025-26,{},,3,1610612741,authoritative_v2,2026-04-12,authoritative_v2_target_manifest_missing23_recovery,2026-04-09,authoritative_v2_effective_interval_exact
,False,2026-08-14T03:45:30.596366+00:00,OReb% - Missed FTs,89,,,0.0,0.0,0.0,Mouhamadou Gueye,1631338,2026-04-12,2026-04-09,2025-26,{},,3,1610612741,authoritative_v2,2026-04-12,authoritative_v2_target_manifest_missing23_recovery,2026-04-09,authoritative_v2_effective_interval_exact
,False,2026-08-14T03:45:30.596366+00:00,DReb% - Missed 2s,89,,,0.0,0.0,0.0,Mouhamadou Gueye,1631338,2026-04-12,2026-04-09,2025-26,{},,3,1610612741,authoritative_v2,2026-04-12,authoritative_v2_target_manifest_missing23_recovery,2026-04-09,authoritative_v2_effective_interval_exact
,False,2026-08-14T03:45:30.596366+00:00,OReb% - Missed 2s,89,,,0.0,0.0,0.0,Mouhamadou Gueye,1631338,2026-04-12,2026-04-09,2025-26,{},,3,1610612741,authoritative_v2,2026-04-12,authoritative_v2_target_manifest_missing23_recovery,2026-04-09,authoritative_v2_effective_interval_exact
,False,2026-08-14T03:45:30.596366+00:00,DReb% - Missed 3s,89,,,0.0,0.0,0.0,Mouhamadou Gueye,1631338,2026-04-12,2026-04-09,2025-26,{},,3,1610612741,authoritative_v2,2026-04-12,authoritative_v2_target_manifest_missing23_recovery,2026-04-09,authoritative_v2_effective_interval_exact
,False,2026-08-14T03:45:30.596366+00:00,OReb% - Missed 3s,89,,,0.0,0.0,0.0,Mouhamadou Gueye,1631338,2026-04-12,2026-04-09,2025-26,{},,3,1610612741,authoritative_v2,2026-04-12,authoritative_v2_target_manifest_missing23_recovery,2026-04-09,authoritative_v2_effective_interval_exact
,False,2026-08-14T03:45:30.596366+00:00,DReb% - Missed FGs,89,,,0.0,0.0,0.0,Mouhamadou Gueye,1631338,2026-04-12,2026-04-09,2025-26,{},,3,1610612741,authoritative_v2,2026-04-12,authoritative_v2_target_manifest_missing23_recovery,2026-04-09,authoritative_v2_effective_interval_exact
,False,2026-08-14T03:45:30.596366+00:00,OReb% - Missed FGs,89,,,0.0,0.0,0.0,Mouhamadou Gueye,1631338,2026-04-12,2026-04-09,2025-26,{},,3,1610612741,authoritative_v2,2026-04-12,authoritative_v2_target_manifest_missing23_recovery,2026-04-09,authoritative_v2_effective_interval_exact
,False,2026-08-14T03:45:30.596366+00:00,At Rim OReb%,89,,,0.0,0.0,0.0,Mouhamadou Gueye,1631338,2026-04-12,2026-04-09,2025-26,{},,3,1610612741,authoritative_v2,2026-04-12,authoritative_v2_target_manifest_missing23_recovery,2026-04-09,authoritative_v2_effective_interval_exact
,False,2026-08-14T03:45:30.596366+00:00,Short Mid-Range OReb%,89,,,0.0,0.0,0.0,Mouhamadou Gueye,1631338,2026-04-12,2026-04-09,2025-26,{},,3,1610612741,authoritative_v2,2026-04-12,authoritative_v2_target_manifest_missing23_recovery,2026-04-09,authoritative_v2_effective_interval_exact
,False,2026-08-14T03:45:30.596366+00:00,Long Mid-Range OReb%,89,,,0.0,0.0,0.0,Mouhamadou Gueye,1631338,2026-04-12,2026-04-09,2025-26,{},,3,1610612741,authoritative_v2,2026-04-12,authoritative_v2_target_manifest_missing23_recovery,2026-04-09,authoritative_v2_effective_interval_exact
,False,2026-08-14T03:45:30.596366+00:00,Arc 3 OReb%,89,,,0.0,0.0,0.0,Mouhamadou Gueye,1631338,2026-04-12,2026-04-09,2025-26,{},,3,1610612741,authoritative_v2,2026-04-12,authoritative_v2_target_manifest_missing23_recovery,2026-04-09,authoritative_v2_effective_interval_exact
,False,2026-08-14T03:45:30.596366+00:00,Corner 3 OReb%,89,,,0.0,0.0,0.0,Mouhamadou Gueye,1631338,2026-04-12,2026-04-09,2025-26,{},,3,1610612741,authoritative_v2,2026-04-12,authoritative_v2_target_manifest_missing23_recovery,2026-04-09,authoritative_v2_effective_interval_exact
,False,2026-08-14T03:45:30.596366+00:00,At Rim DReb%,89,,,0.0,0.0,0.0,Mouhamadou Gueye,1631338,2026-04-12,2026-04-09,2025-26,{},,3,1610612741,authoritative_v2,2026-04-12,authoritative_v2_target_manifest_missing23_recovery,2026-04-09,authoritative_v2_effective_interval_exact
,False,2026-08-14T03:45:30.596366+00:00,Short Mid-Range DReb%,89,,,0.0,0.0,0.0,Mouhamadou Gueye,1631338,2026-04-12,2026-04-09,2025-26,{},,3,1610612741,authoritative_v2,2026-04-12,authoritative_v2_target_manifest_missing23_recovery,2026-04-09,authoritative_v2_effective_interval_exact
,False,2026-08-14T03:45:30.596366+00:00,Long Mid-Range DReb%,89,,,0.0,0.0,0.0,Mouhamadou Gueye,1631338,2026-04-12,2026-04-09,2025-26,{},,3,1610612741,authoritative_v2,2026-04-12,authoritative_v2_target_manifest_missing23_recovery,2026-04-09,authoritative_v2_effective_interval_exact
,False,2026-08-14T03:45:30.596366+00:00,Arc 3 DReb%,89,,,0.0,0.0,0.0,Mouhamadou Gueye,1631338,2026-04-12,2026-04-09,2025-26,{},,3,1610612741,authoritative_v2,2026-04-12,authoritative_v2_target_manifest_missing23_recovery,2026-04-09,authoritative_v2_effective_interval_exact
,False,2026-08-14T03:45:30.596366+00:00,Corner 3 DReb%,89,,,0.0,0.0,0.0,Mouhamadou Gueye,1631338,2026-04-12,2026-04-09,2025-26,{},,3,1610612741,authoritative_v2,2026-04-12,authoritative_v2_target_manifest_missing23_recovery,2026-04-09,authoritative_v2_effective_interval_exact
,False,2026-08-14T03:45:30.596366+00:00,Blocks Recovered %,89,,,0.0,0.0,0.0,Mouhamadou Gueye,1631338,2026-04-12,2026-04-09,2025-26,{},,3,1610612741,authoritative_v2,2026-04-12,authoritative_v2_target_manifest_missing23_recovery,2026-04-09,authoritative_v2_effective_interval_exact
,False,2026-08-14T03:45:30.596366+00:00,Seconds Per Possession - Offense,89,,,0.0,0.0,0.0,Mouhamadou Gueye,1631338,2026-04-12,2026-04-09,2025-26,{},,3,1610612741,authoritative_v2,2026-04-12,authoritative_v2_target_manifest_missing23_recovery,2026-04-09,authoritative_v2_effective_interval_exact
,False,2026-08-14T03:45:30.596366+00:00,Seconds Per Possession - Defense,89,,,0.0,0.0,0.0,Mouhamadou Gueye,1631338,2026-04-12,2026-04-09,2025-26,{},,3,1610612741,authoritative_v2,2026-04-12,authoritative_v2_target_manifest_missing23_recovery,2026-04-09,authoritative_v2_effective_interval_exact
,False,2026-08-14T03:45:30.596366+00:00,At Rim Shot Frequency,89,,,0.0,0.0,0.0,Mouhamadou Gueye,1631338,2026-04-12,2026-04-09,2025-26,{},,3,1610612741,authoritative_v2,2026-04-12,authoritative_v2_target_manifest_missing23_recovery,2026-04-09,authoritative_v2_effective_interval_exact
,False,2026-08-14T03:45:30.596366+00:00,At Rim FG%,89,,,0.0,0.0,0.0,Mouhamadou Gueye,1631338,2026-04-12,2026-04-09,2025-26,{},,3,1610612741,authoritative_v2,2026-04-12,authoritative_v2_target_manifest_missing23_recovery,2026-04-09,authoritative_v2_effective_interval_exact
,False,2026-08-14T03:45:30.596366+00:00,At Rim % Assisted,89,,,0.0,0.0,0.0,Mouhamadou Gueye,1631338,2026-04-12,2026-04-09,2025-26,{},,3,1610612741,authoritative_v2,2026-04-12,authoritative_v2_target_manifest_missing23_recovery,2026-04-09,authoritative_v2_effective_interval_exact
,False,2026-08-14T03:45:30.596366+00:00,Short Mid Range Shot Frequency,89,,,0.0,0.0,0.0,Mouhamadou Gueye,1631338,2026-04-12,2026-04-09,2025-26,{},,3,1610612741,authoritative_v2,2026-04-12,authoritative_v2_target_manifest_missing23_recovery,2026-04-09,authoritative_v2_effective_interval_exact
,False,2026-08-14T03:45:30.596366+00:00,Short Mid Range FG%,89,,,0.0,0.0,0.0,Mouhamadou Gueye,1631338,2026-04-12,2026-04-09,2025-26,{},,3,1610612741,authoritative_v2,2026-04-12,authoritative_v2_target_manifest_missing23_recovery,2026-04-09,authoritative_v2_effective_interval_exact
,False,2026-08-14T03:45:30.596366+00:00,Short Mid Range % Assisted,89,,,0.0,0.0,0.0,Mouhamadou Gueye,1631338,2026-04-12,2026-04-09,2025-26,{},,3,1610612741,authoritative_v2,2026-04-12,authoritative_v2_target_manifest_missing23_recovery,2026-04-09,authoritative_v2_effective_interval_exact
,False,2026-08-14T03:45:30.596366+00:00,Long Mid Range Shot Frequency,89,,,0.0,0.0,0.0,Mouhamadou Gueye,1631338,2026-04-12,2026-04-09,2025-26,{},,3,1610612741,authoritative_v2,2026-04-12,authoritative_v2_target_manifest_missing23_recovery,2026-04-09,authoritative_v2_effective_interval_exact
,False,2026-08-14T03:45:30.596366+00:00,Long Mid Range FG%,89,,,0.0,0.0,0.0,Mouhamadou Gueye,1631338,2026-04-12,2026-04-09,2025-26,{},,3,1610612741,authoritative_v2,2026-04-12,authoritative_v2_target_manifest_missing23_recovery,2026-04-09,authoritative_v2_effective_interval_exact
,False,2026-08-14T03:45:30.596366+00:00,Long Mid % Assisted,89,,,0.0,0.0,0.0,Mouhamadou Gueye,1631338,2026-04-12,2026-04-09,2025-26,{},,3,1610612741,authoritative_v2,2026-04-12,authoritative_v2_target_manifest_missing23_recovery,2026-04-09,authoritative_v2_effective_interval_exact
,False,2026-08-14T03:45:30.596366+00:00,Corner 3 Shot Frequency,89,,,0.0,0.0,0.0,Mouhamadou Gueye,1631338,2026-04-12,2026-04-09,2025-26,{},,3,1610612741,authoritative_v2,2026-04-12,authoritative_v2_target_manifest_missing23_recovery,2026-04-09,authoritative_v2_effective_interval_exact
,False,2026-08-14T03:45:30.596366+00:00,Corner 3 FG%,89,,,0.0,0.0,0.0,Mouhamadou Gueye,1631338,2026-04-12,2026-04-09,2025-26,{},,3,1610612741,authoritative_v2,2026-04-12,authoritative_v2_target_manifest_missing23_recovery,2026-04-09,authoritative_v2_effective_interval_exact
,False,2026-08-14T03:45:30.596366+00:00,Corner 3 % Assisted,89,,,0.0,0.0,0.0,Mouhamadou Gueye,1631338,2026-04-12,2026-04-09,2025-26,{},,3,1610612741,authoritative_v2,2026-04-12,authoritative_v2_target_manifest_missing23_recovery,2026-04-09,authoritative_v2_effective_interval_exact
,False,2026-08-14T03:45:30.596366+00:00,Arc 3 Shot Frequency,89,,,0.0,0.0,0.0,Mouhamadou Gueye,1631338,2026-04-12,2026-04-09,2025-26,{},,3,1610612741,authoritative_v2,2026-04-12,authoritative_v2_target_manifest_missing23_recovery,2026-04-09,authoritative_v2_effective_interval_exact
,False,2026-08-14T03:45:30.596366+00:00,Arc 3 FG%,89,,,0.0,0.0,0.0,Mouhamadou Gueye,1631338,2026-04-12,2026-04-09,2025-26,{},,3,1610612741,authoritative_v2,2026-04-12,authoritative_v2_target_manifest_missing23_recovery,2026-04-09,authoritative_v2_effective_interval_exact
,False,2026-08-14T03:45:30.596366+00:00,Arc 3 % Assisted,89,,,0.0,0.0,0.0,Mouhamadou Gueye,1631338,2026-04-12,2026-04-09,2025-26,{},,3,1610612741,authoritative_v2,2026-04-12,authoritative_v2_target_manifest_missing23_recovery,2026-04-09,authoritative_v2_effective_interval_exact
,False,2026-08-14T03:45:30.596366+00:00,At Rim or 3pt Shot Frequency,89,,,0.0,0.0,0.0,Mouhamadou Gueye,1631338,2026-04-12,2026-04-09,2025-26,{},,3,1610612741,authoritative_v2,2026-04-12,authoritative_v2_target_manifest_missing23_recovery,2026-04-09,authoritative_v2_effective_interval_exact
,False,2026-08-14T03:45:30.596366+00:00,Non-Heave Arc 3 FG%,89,,,0.0,0.0,0.0,Mouhamadou Gueye,1631338,2026-04-12,2026-04-09,2025-26,{},,3,1610612741,authoritative_v2,2026-04-12,authoritative_v2_target_manifest_missing23_recovery,2026-04-09,authoritative_v2_effective_interval_exact
,False,2026-08-14T03:45:30.596366+00:00,Shot Quality,89,,,0.0,0.0,0.0,Mouhamadou Gueye,1631338,2026-04-12,2026-04-09,2025-26,{},,3,1610612741,authoritative_v2,2026-04-12,authoritative_v2_target_manifest_missing23_recovery,2026-04-09,authoritative_v2_effective_interval_exact
,False,2026-08-14T03:45:30.596366+00:00,Shooting Foul Drawn Rate,89,,,0.0,0.0,0.0,Mouhamadou Gueye,1631338,2026-04-12,2026-04-09,2025-26,{},,3,1610612741,authoritative_v2,2026-04-12,authoritative_v2_target_manifest_missing23_recovery,2026-04-09,authoritative_v2_effective_interval_exact
,False,2026-08-14T03:45:30.596366+00:00,3pt Shooting Foul Drawn Rate,89,,,0.0,0.0,0.0,Mouhamadou Gueye,1631338,2026-04-12,2026-04-09,2025-26,{},,3,1610612741,authoritative_v2,2026-04-12,authoritative_v2_target_manifest_missing23_recovery,2026-04-09,authoritative_v2_effective_interval_exact
,False,2026-08-14T03:45:30.596366+00:00,2pt Shooting Foul Drawn Rate,89,,,0.0,0.0,0.0,Mouhamadou Gueye,1631338,2026-04-12,2026-04-09,2025-26,{},,3,1610612741,authoritative_v2,2026-04-12,authoritative_v2_target_manifest_missing23_recovery,2026-04-09,authoritative_v2_effective_interval_exact
,False,2026-08-14T03:45:30.596366+00:00,Second Chance Points%,89,,,0.0,0.0,0.0,Mouhamadou Gueye,1631338,2026-04-12,2026-04-09,2025-26,{},,3,1610612741,authoritative_v2,2026-04-12,authoritative_v2_target_manifest_missing23_recovery,2026-04-09,authoritative_v2_effective_interval_exact
,False,2026-08-14T03:45:30.596366+00:00,Penalty Points%,89,,,0.0,0.0,0.0,Mouhamadou Gueye,1631338,2026-04-12,2026-04-09,2025-26,{},,3,1610612741,authoritative_v2,2026-04-12,authoritative_v2_target_manifest_missing23_recovery,2026-04-09,authoritative_v2_effective_interval_exact
,False,2026-08-14T03:45:30.596366+00:00,Penalty Possessions%,89,,,0.0,0.0,0.0,Mouhamadou Gueye,1631338,2026-04-12,2026-04-09,2025-26,{},,3,1610612741,authoritative_v2,2026-04-12,authoritative_v2_target_manifest_missing23_recovery,2026-04-09,authoritative_v2_effective_interval_exact
,False,2026-08-14T03:45:30.596366+00:00,Avg 2pt Shot Distance,89,,,0.0,0.0,0.0,Mouhamadou Gueye,1631338,2026-04-12,2026-04-09,2025-26,{},,3,1610612741,authoritative_v2,2026-04-12,authoritative_v2_target_manifest_missing23_recovery,2026-04-09,authoritative_v2_effective_interval_exact
,False,2026-08-14T03:45:30.596366+00:00,Avg 3pt Shot Distance,89,,,0.0,0.0,0.0,Mouhamadou Gueye,1631338,2026-04-12,2026-04-09,2025-26,{},,3,1610612741,authoritative_v2,2026-04-12,authoritative_v2_target_manifest_missing23_recovery,2026-04-09,authoritative_v2_effective_interval_exact
,False,2026-08-14T03:45:30.596366+00:00,Penalty Efficiency Excluding Last Minute Take Foul Possessions,89,,,0.0,0.0,0.0,Mouhamadou Gueye,1631338,2026-04-12,2026-04-09,2025-26,{},,3,1610612741,authoritative_v2,2026-04-12,authoritative_v2_target_manifest_missing23_recovery,2026-04-09,authoritative_v2_effective_interval_exact
,False,2026-08-14T03:45:30.596366+00:00,DReb%,89,,,0.0,0.0,0.0,Mouhamadou Gueye,1631338,2026-04-12,2026-04-09,2025-26,{},,3,1610612741,authoritative_v2,2026-04-12,authoritative_v2_target_manifest_missing23_recovery,2026-04-09,authoritative_v2_effective_interval_exact
,False,2026-08-14T03:45:30.596366+00:00,OReb%,89,,,0.0,0.0,0.0,Mouhamadou Gueye,1631338,2026-04-12,2026-04-09,2025-26,{},,3,1610612741,authoritative_v2,2026-04-12,authoritative_v2_target_manifest_missing23_recovery,2026-04-09,authoritative_v2_effective_interval_exact
,False,2026-08-14T03:45:30.596366+00:00,Pts per 100 Possessions,89,,,0.0,0.0,0.0,Mouhamadou Gueye,1631338,2026-04-12,2026-04-09,2025-26,{},,3,1610612741,authoritative_v2,2026-04-12,authoritative_v2_target_manifest_missing23_recovery,2026-04-09,authoritative_v2_effective_interval_exact
,False,2026-08-14T03:45:30.596366+00:00,Assist Points per 100 Possessions,89,,,0.0,0.0,0.0,Mouhamadou Gueye,1631338,2026-04-12,2026-04-09,2025-26,{},,3,1610612741,authoritative_v2,2026-04-12,authoritative_v2_target_manifest_missing23_recovery,2026-04-09,authoritative_v2_effective_interval_exact
,False,2026-08-14T03:45:30.596366+00:00,FTA per 100 Possessions,89,,,0.0,0.0,0.0,Mouhamadou Gueye,1631338,2026-04-12,2026-04-09,2025-26,{},,3,1610612741,authoritative_v2,2026-04-12,authoritative_v2_target_manifest_missing23_recovery,2026-04-09,authoritative_v2_effective_interval_exact
,False,2026-08-14T03:45:30.596366+00:00,TOs per 100 Possessions,89,,,0.0,0.0,0.0,Mouhamadou Gueye,1631338,2026-04-12,2026-04-09,2025-26,{},,3,1610612741,authoritative_v2,2026-04-12,authoritative_v2_target_manifest_missing23_recovery,2026-04-09,authoritative_v2_effective_interval_exact
,False,2026-08-14T03:45:30.596366+00:00,Assists per 100 Possessions,89,,,0.0,0.0,0.0,Mouhamadou Gueye,1631338,2026-04-12,2026-04-09,2025-26,{},,3,1610612741,authoritative_v2,2026-04-12,authoritative_v2_target_manifest_missing23_recovery,2026-04-09,authoritative_v2_effective_interval_exact
,False,2026-08-14T03:45:30.596366+00:00,Pts per 100 Possessions - Defense,89,,,0.0,0.0,0.0,Mouhamadou Gueye,1631338,2026-04-12,2026-04-09,2025-26,{},,3,1610612741,authoritative_v2,2026-04-12,authoritative_v2_target_manifest_missing23_recovery,2026-04-09,authoritative_v2_effective_interval_exact
,False,2026-08-14T03:45:30.596366+00:00,Shot Quality - Defense,89,,,0.0,0.0,0.0,Mouhamadou Gueye,1631338,2026-04-12,2026-04-09,2025-26,{},,3,1610612741,authoritative_v2,2026-04-12,authoritative_v2_target_manifest_missing23_recovery,2026-04-09,authoritative_v2_effective_interval_exact
,False,2026-08-14T03:45:30.596366+00:00,3pt FG% - Defense,89,,,0.0,0.0,0.0,Mouhamadou Gueye,1631338,2026-04-12,2026-04-09,2025-26,{},,3,1610612741,authoritative_v2,2026-04-12,authoritative_v2_target_manifest_missing23_recovery,2026-04-09,authoritative_v2_effective_interval_exact
,False,2026-08-14T03:45:30.596366+00:00,2pt FG% - Defense,89,,,0.0,0.0,0.0,Mouhamadou Gueye,1631338,2026-04-12,2026-04-09,2025-26,{},,3,1610612741,authoritative_v2,2026-04-12,authoritative_v2_target_manifest_missing23_recovery,2026-04-09,authoritative_v2_effective_interval_exact
,False,2026-08-14T03:45:30.596366+00:00,eFG% - Defense,89,,,0.0,0.0,0.0,Mouhamadou Gueye,1631338,2026-04-12,2026-04-09,2025-26,{},,3,1610612741,authoritative_v2,2026-04-12,authoritative_v2_target_manifest_missing23_recovery,2026-04-09,authoritative_v2_effective_interval_exact
,False,2026-08-14T03:45:30.596366+00:00,3PAr - Defense,89,,,0.0,0.0,0.0,Mouhamadou Gueye,1631338,2026-04-12,2026-04-09,2025-26,{},,3,1610612741,authoritative_v2,2026-04-12,authoritative_v2_target_manifest_missing23_recovery,2026-04-09,authoritative_v2_effective_interval_exact
,False,2026-08-14T03:45:30.596366+00:00,At Rim Shot Frequency - Defense,89,,,0.0,0.0,0.0,Mouhamadou Gueye,1631338,2026-04-12,2026-04-09,2025-26,{},,3,1610612741,authoritative_v2,2026-04-12,authoritative_v2_target_manifest_missing23_recovery,2026-04-09,authoritative_v2_effective_interval_exact
,False,2026-08-14T03:45:30.596366+00:00,At Rim FG% - Defense,89,,,0.0,0.0,0.0,Mouhamadou Gueye,1631338,2026-04-12,2026-04-09,2025-26,{},,3,1610612741,authoritative_v2,2026-04-12,authoritative_v2_target_manifest_missing23_recovery,2026-04-09,authoritative_v2_effective_interval_exact
,False,2026-08-14T03:45:30.596366+00:00,Short Mid Range Shot Frequency - Defense,89,,,0.0,0.0,0.0,Mouhamadou Gueye,1631338,2026-04-12,2026-04-09,2025-26,{},,3,1610612741,authoritative_v2,2026-04-12,authoritative_v2_target_manifest_missing23_recovery,2026-04-09,authoritative_v2_effective_interval_exact
,False,2026-08-14T03:45:30.596366+00:00,Short Mid Range FG% - Defense,89,,,0.0,0.0,0.0,Mouhamadou Gueye,1631338,2026-04-12,2026-04-09,2025-26,{},,3,1610612741,authoritative_v2,2026-04-12,authoritative_v2_target_manifest_missing23_recovery,2026-04-09,authoritative_v2_effective_interval_exact
,False,2026-08-14T03:45:30.596366+00:00,Long Mid Range Shot Frequency - Defense,89,,,0.0,0.0,0.0,Mouhamadou Gueye,1631338,2026-04-12,2026-04-09,2025-26,{},,3,1610612741,authoritative_v2,2026-04-12,authoritative_v2_target_manifest_missing23_recovery,2026-04-09,authoritative_v2_effective_interval_exact
,False,2026-08-14T03:45:30.596366+00:00,Long Mid Range FG% - Defense,89,,,0.0,0.0,0.0,Mouhamadou Gueye,1631338,2026-04-12,2026-04-09,2025-26,{},,3,1610612741,authoritative_v2,2026-04-12,authoritative_v2_target_manifest_missing23_recovery,2026-04-09,authoritative_v2_effective_interval_exact
,False,2026-08-14T03:45:30.596366+00:00,Corner 3 Shot Frequency - Defense,89,,,0.0,0.0,0.0,Mouhamadou Gueye,1631338,2026-04-12,2026-04-09,2025-26,{},,3,1610612741,authoritative_v2,2026-04-12,authoritative_v2_target_manifest_missing23_recovery,2026-04-09,authoritative_v2_effective_interval_exact
,False,2026-08-14T03:45:30.596366+00:00,Corner 3 FG% - Defense,89,,,0.0,0.0,0.0,Mouhamadou Gueye,1631338,2026-04-12,2026-04-09,2025-26,{},,3,1610612741,authoritative_v2,2026-04-12,authoritative_v2_target_manifest_missing23_recovery,2026-04-09,authoritative_v2_effective_interval_exact
,False,2026-08-14T03:45:30.596366+00:00,Arc 3 Shot Frequency - Defense,89,,,0.0,0.0,0.0,Mouhamadou Gueye,1631338,2026-04-12,2026-04-09,2025-26,{},,3,1610612741,authoritative_v2,2026-04-12,authoritative_v2_target_manifest_missing23_recovery,2026-04-09,authoritative_v2_effective_interval_exact
,False,2026-08-14T03:45:30.596366+00:00,Arc 3 FG% - Defense,89,,,0.0,0.0,0.0,Mouhamadou Gueye,1631338,2026-04-12,2026-04-09,2025-26,{},,3,1610612741,authoritative_v2,2026-04-12,authoritative_v2_target_manifest_missing23_recovery,2026-04-09,authoritative_v2_effective_interval_exact
,False,2026-08-14T03:45:30.596366+00:00,Pace,89,,,0.0,0.0,0.0,Mouhamadou Gueye,1631338,2026-04-12,2026-04-09,2025-26,{},,3,1610612741,authoritative_v2,2026-04-12,authoritative_v2_target_manifest_missing23_recovery,2026-04-09,authoritative_v2_effective_interval_exact
,False,2026-08-14T03:45:30.596366+00:00,Second Chance Efficiency,89,,,0.0,0.0,0.0,Mouhamadou Gueye,1631338,2026-04-12,2026-04-09,2025-26,{},,3,1610612741,authoritative_v2,2026-04-12,authoritative_v2_target_manifest_missing23_recovery,2026-04-09,authoritative_v2_effective_interval_exact
,False,2026-08-14T03:45:30.596366+00:00,Penalty Efficiency,89,,,0.0,0.0,0.0,Mouhamadou Gueye,1631338,2026-04-12,2026-04-09,2025-26,{},,3,1610612741,authoritative_v2,2026-04-12,authoritative_v2_target_manifest_missing23_recovery,2026-04-09,authoritative_v2_effective_interval_exact
,False,2026-08-14T03:45:30.596366+00:00,Second Chance Possessions Per 100 Possessions,89,,,0.0,0.0,0.0,Mouhamadou Gueye,1631338,2026-04-12,2026-04-09,2025-26,{},,3,1610612741,authoritative_v2,2026-04-12,authoritative_v2_target_manifest_missing23_recovery,2026-04-09,authoritative_v2_effective_interval_exact
,False,2026-08-14T03:45:30.596366+00:00,First Chance Points Per 100 Possessions,89,,,0.0,0.0,0.0,Mouhamadou Gueye,1631338,2026-04-12,2026-04-09,2025-26,{},,3,1610612741,authoritative_v2,2026-04-12,authoritative_v2_target_manifest_missing23_recovery,2026-04-09,authoritative_v2_effective_interval_exact
,False,2026-08-14T03:45:30.596366+00:00,Second Chance Points Per 100 Possessions,89,,,0.0,0.0,0.0,Mouhamadou Gueye,1631338,2026-04-12,2026-04-09,2025-26,{},,3,1610612741,authoritative_v2,2026-04-12,authoritative_v2_target_manifest_missing23_recovery,2026-04-09,authoritative_v2_effective_interval_exact
,False,2026-08-14T03:45:35.624857+00:00,2pt FGM Assist%,89,,,0.534,0.526,-0.008,Dillon Jones,1641794,2026-04-12,2026-01-20,2025-26,{},,39,1610612752,authoritative_v2,2026-04-12,authoritative_v2_target_manifest_missing23_recovery,2026-01-20,authoritative_v2_effective_interval_exact
,False,2026-08-14T03:45:35.624857+00:00,Non Putback 2pt FGM Assist%,89,,,0.585,0.556,-0.03,Dillon Jones,1641794,2026-04-12,2026-01-20,2025-26,{},,39,1610612752,authoritative_v2,2026-04-12,authoritative_v2_target_manifest_missing23_recovery,2026-01-20,authoritative_v2_effective_interval_exact
,False,2026-08-14T03:45:35.624857+00:00,3pt FGM Assist%,89,,,0.861,0.75,-0.111,Dillon Jones,1641794,2026-04-12,2026-01-20,2025-26,{},,39,1610612752,authoritative_v2,2026-04-12,authoritative_v2_target_manifest_missing23_recovery,2026-01-20,authoritative_v2_effective_interval_exact
,False,2026-08-14T03:45:35.624857+00:00,3pt FG%,89,,,0.371,0.348,-0.023,Dillon Jones,1641794,2026-04-12,2026-01-20,2025-26,{},,39,1610612752,authoritative_v2,2026-04-12,authoritative_v2_target_manifest_missing23_recovery,2026-01-20,authoritative_v2_effective_interval_exact
,False,2026-08-14T03:45:35.624857+00:00,Non-Heave 3pt FG%,89,,,0.371,0.348,-0.023,Dillon Jones,1641794,2026-04-12,2026-01-20,2025-26,{},,39,1610612752,authoritative_v2,2026-04-12,authoritative_v2_target_manifest_missing23_recovery,2026-01-20,authoritative_v2_effective_interval_exact
,False,2026-08-14T03:45:35.624857+00:00,2pt FG%,89,,,0.554,0.655,0.102,Dillon Jones,1641794,2026-04-12,2026-01-20,2025-26,{},,39,1610612752,authoritative_v2,2026-04-12,authoritative_v2_target_manifest_missing23_recovery,2026-01-20,authoritative_v2_effective_interval_exact
,False,2026-08-14T03:45:35.624857+00:00,eFG%,89,,,0.555,0.596,0.042,Dillon Jones,1641794,2026-04-12,2026-01-20,2025-26,{},,39,1610612752,authoritative_v2,2026-04-12,authoritative_v2_target_manifest_missing23_recovery,2026-01-20,authoritative_v2_effective_interval_exact
,False,2026-08-14T03:45:35.624857+00:00,TS%,89,,,0.588,0.627,0.039,Dillon Jones,1641794,2026-04-12,2026-01-20,2025-26,{},,39,1610612752,authoritative_v2,2026-04-12,authoritative_v2_target_manifest_missing23_recovery,2026-01-20,authoritative_v2_effective_interval_exact
,False,2026-08-14T03:45:35.624857+00:00,3PAr,89,,,0.43,0.442,0.012,Dillon Jones,1641794,2026-04-12,2026-01-20,2025-26,{},,39,1610612752,authoritative_v2,2026-04-12,authoritative_v2_target_manifest_missing23_recovery,2026-01-20,authoritative_v2_effective_interval_exact
,False,2026-08-14T03:45:35.624857+00:00,% of FG3A Blocked,89,,,0.012,0.087,0.075,Dillon Jones,1641794,2026-04-12,2026-01-20,2025-26,{},,39,1610612752,authoritative_v2,2026-04-12,authoritative_v2_target_manifest_missing23_recovery,2026-01-20,authoritative_v2_effective_interval_exact
,False,2026-08-14T03:45:35.624857+00:00,% of FG2A Blocked,89,,,0.076,0.034,-0.041,Dillon Jones,1641794,2026-04-12,2026-01-20,2025-26,{},,39,1610612752,authoritative_v2,2026-04-12,authoritative_v2_target_manifest_missing23_recovery,2026-01-20,authoritative_v2_effective_interval_exact
,False,2026-08-14T03:45:35.624857+00:00,Live Ball TO%,89,,,0.531,0.5,-0.031,Dillon Jones,1641794,2026-04-12,2026-01-20,2025-26,{},,39,1610612752,authoritative_v2,2026-04-12,authoritative_v2_target_manifest_missing23_recovery,2026-01-20,authoritative_v2_effective_interval_exact
,False,2026-08-14T03:45:35.624857+00:00,DReb% - Missed FTs,89,,,0.871,1.0,0.129,Dillon Jones,1641794,2026-04-12,2026-01-20,2025-26,{},,39,1610612752,authoritative_v2,2026-04-12,authoritative_v2_target_manifest_missing23_recovery,2026-01-20,authoritative_v2_effective_interval_exact
,False,2026-08-14T03:45:35.624857+00:00,OReb% - Missed FTs,89,,,0.101,0.0,-0.101,Dillon Jones,1641794,2026-04-12,2026-01-20,2025-26,{},,39,1610612752,authoritative_v2,2026-04-12,authoritative_v2_target_manifest_missing23_recovery,2026-01-20,authoritative_v2_effective_interval_exact
,False,2026-08-14T03:45:35.624857+00:00,DReb% - Missed 2s,89,,,0.691,0.833,0.142,Dillon Jones,1641794,2026-04-12,2026-01-20,2025-26,{},,39,1610612752,authoritative_v2,2026-04-12,authoritative_v2_target_manifest_missing23_recovery,2026-01-20,authoritative_v2_effective_interval_exact
,False,2026-08-14T03:45:35.624857+00:00,OReb% - Missed 2s,89,,,0.365,0.2,-0.165,Dillon Jones,1641794,2026-04-12,2026-01-20,2025-26,{},,39,1610612752,authoritative_v2,2026-04-12,authoritative_v2_target_manifest_missing23_recovery,2026-01-20,authoritative_v2_effective_interval_exact
,False,2026-08-14T03:45:35.624857+00:00,DReb% - Missed 3s,89,,,0.746,0.75,0.004,Dillon Jones,1641794,2026-04-12,2026-01-20,2025-26,{},,39,1610612752,authoritative_v2,2026-04-12,authoritative_v2_target_manifest_missing23_recovery,2026-01-20,authoritative_v2_effective_interval_exact
,False,2026-08-14T03:45:35.624857+00:00,OReb% - Missed 3s,89,,,0.292,0.533,0.241,Dillon Jones,1641794,2026-04-12,2026-01-20,2025-26,{},,39,1610612752,authoritative_v2,2026-04-12,authoritative_v2_target_manifest_missing23_recovery,2026-01-20,authoritative_v2_effective_interval_exact
,False,2026-08-14T03:45:35.624857+00:00,DReb% - Missed FGs,89,,,0.72,0.786,0.066,Dillon Jones,1641794,2026-04-12,2026-01-20,2025-26,{},,39,1610612752,authoritative_v2,2026-04-12,authoritative_v2_target_manifest_missing23_recovery,2026-01-20,authoritative_v2_effective_interval_exact
,False,2026-08-14T03:45:35.624857+00:00,OReb% - Missed FGs,89,,,0.328,0.4,0.072,Dillon Jones,1641794,2026-04-12,2026-01-20,2025-26,{},,39,1610612752,authoritative_v2,2026-04-12,authoritative_v2_target_manifest_missing23_recovery,2026-01-20,authoritative_v2_effective_interval_exact
,False,2026-08-14T03:45:35.624857+00:00,At Rim OReb%,89,,,0.424,0.0,-0.424,Dillon Jones,1641794,2026-04-12,2026-01-20,2025-26,{},,39,1610612752,authoritative_v2,2026-04-12,authoritative_v2_target_manifest_missing23_recovery,2026-01-20,authoritative_v2_effective_interval_exact
,False,2026-08-14T03:45:35.624857+00:00,Short Mid-Range OReb%,89,,,0.346,0.167,-0.179,Dillon Jones,1641794,2026-04-12,2026-01-20,2025-26,{},,39,1610612752,authoritative_v2,2026-04-12,authoritative_v2_target_manifest_missing23_recovery,2026-01-20,authoritative_v2_effective_interval_exact
,False,2026-08-14T03:45:35.624857+00:00,Long Mid-Range OReb%,89,,,0.287,0.333,0.047,Dillon Jones,1641794,2026-04-12,2026-01-20,2025-26,{},,39,1610612752,authoritative_v2,2026-04-12,authoritative_v2_target_manifest_missing23_recovery,2026-01-20,authoritative_v2_effective_interval_exact
,False,2026-08-14T03:45:35.624857+00:00,Arc 3 OReb%,89,,,0.288,0.5,0.212,Dillon Jones,1641794,2026-04-12,2026-01-20,2025-26,{},,39,1610612752,authoritative_v2,2026-04-12,authoritative_v2_target_manifest_missing23_recovery,2026-01-20,authoritative_v2_effective_interval_exact
,False,2026-08-14T03:45:35.624857+00:00,Corner 3 OReb%,89,,,0.301,1.0,0.699,Dillon Jones,1641794,2026-04-12,2026-01-20,2025-26,{},,39,1610612752,authoritative_v2,2026-04-12,authoritative_v2_target_manifest_missing23_recovery,2026-01-20,authoritative_v2_effective_interval_exact
,False,2026-08-14T03:45:35.624857+00:00,At Rim DReb%,89,,,0.626,1.0,0.374,Dillon Jones,1641794,2026-04-12,2026-01-20,2025-26,{},,39,1610612752,authoritative_v2,2026-04-12,authoritative_v2_target_manifest_missing23_recovery,2026-01-20,authoritative_v2_effective_interval_exact
,False,2026-08-14T03:45:35.624857+00:00,Short Mid-Range DReb%,89,,,0.714,0.667,-0.048,Dillon Jones,1641794,2026-04-12,2026-01-20,2025-26,{},,39,1610612752,authoritative_v2,2026-04-12,authoritative_v2_target_manifest_missing23_recovery,2026-01-20,authoritative_v2_effective_interval_exact
,False,2026-08-14T03:45:35.624857+00:00,Long Mid-Range DReb%,89,,,0.773,0.8,0.027,Dillon Jones,1641794,2026-04-12,2026-01-20,2025-26,{},,39,1610612752,authoritative_v2,2026-04-12,authoritative_v2_target_manifest_missing23_recovery,2026-01-20,authoritative_v2_effective_interval_exact
,False,2026-08-14T03:45:35.624857+00:00,Arc 3 DReb%,89,,,0.748,0.909,0.161,Dillon Jones,1641794,2026-04-12,2026-01-20,2025-26,{},,39,1610612752,authoritative_v2,2026-04-12,authoritative_v2_target_manifest_missing23_recovery,2026-01-20,authoritative_v2_effective_interval_exact
,False,2026-08-14T03:45:35.624857+00:00,Corner 3 DReb%,89,,,0.738,0.4,-0.338,Dillon Jones,1641794,2026-04-12,2026-01-20,2025-26,{},,39,1610612752,authoritative_v2,2026-04-12,authoritative_v2_target_manifest_missing23_recovery,2026-01-20,authoritative_v2_effective_interval_exact
,False,2026-08-14T03:45:35.624857+00:00,Blocks Recovered %,89,,,0.58,0.0,-0.58,Dillon Jones,1641794,2026-04-12,2026-01-20,2025-26,{},,39,1610612752,authoritative_v2,2026-04-12,authoritative_v2_target_manifest_missing23_recovery,2026-01-20,authoritative_v2_effective_interval_exact
,False,2026-08-14T03:45:35.624857+00:00,Seconds Per Possession - Offense,89,,,15.237,16.167,0.931,Dillon Jones,1641794,2026-04-12,2026-01-20,2025-26,{},,39,1610612752,authoritative_v2,2026-04-12,authoritative_v2_target_manifest_missing23_recovery,2026-01-20,authoritative_v2_effective_interval_exact
,False,2026-08-14T03:45:35.624857+00:00,Seconds Per Possession - Defense,89,,,14.424,12.468,-1.955,Dillon Jones,1641794,2026-04-12,2026-01-20,2025-26,{},,39,1610612752,authoritative_v2,2026-04-12,authoritative_v2_target_manifest_missing23_recovery,2026-01-20,authoritative_v2_effective_interval_exact
,False,2026-08-14T03:45:35.624857+00:00,At Rim Shot Frequency,89,,,0.279,0.25,-0.029,Dillon Jones,1641794,2026-04-12,2026-01-20,2025-26,{},,39,1610612752,authoritative_v2,2026-04-12,authoritative_v2_target_manifest_missing23_recovery,2026-01-20,authoritative_v2_effective_interval_exact
,False,2026-08-14T03:45:35.624857+00:00,At Rim FG%,89,,,0.663,0.923,0.26,Dillon Jones,1641794,2026-04-12,2026-01-20,2025-26,{},,39,1610612752,authoritative_v2,2026-04-12,authoritative_v2_target_manifest_missing23_recovery,2026-01-20,authoritative_v2_effective_interval_exact
,False,2026-08-14T03:45:35.624857+00:00,At Rim % Assisted,89,,,0.606,0.75,0.144,Dillon Jones,1641794,2026-04-12,2026-01-20,2025-26,{},,39,1610612752,authoritative_v2,2026-04-12,authoritative_v2_target_manifest_missing23_recovery,2026-01-20,authoritative_v2_effective_interval_exact
,False,2026-08-14T03:45:35.624857+00:00,Short Mid Range Shot Frequency,89,,,0.211,0.212,0.001,Dillon Jones,1641794,2026-04-12,2026-01-20,2025-26,{},,39,1610612752,authoritative_v2,2026-04-12,authoritative_v2_target_manifest_missing23_recovery,2026-01-20,authoritative_v2_effective_interval_exact
,False,2026-08-14T03:45:35.624857+00:00,Short Mid Range FG%,89,,,0.448,0.455,0.006,Dillon Jones,1641794,2026-04-12,2026-01-20,2025-26,{},,39,1610612752,authoritative_v2,2026-04-12,authoritative_v2_target_manifest_missing23_recovery,2026-01-20,authoritative_v2_effective_interval_exact
,False,2026-08-14T03:45:35.624857+00:00,Short Mid Range % Assisted,89,,,0.446,0.2,-0.246,Dillon Jones,1641794,2026-04-12,2026-01-20,2025-26,{},,39,1610612752,authoritative_v2,2026-04-12,authoritative_v2_target_manifest_missing23_recovery,2026-01-20,authoritative_v2_effective_interval_exact
,False,2026-08-14T03:45:35.624857+00:00,Long Mid Range Shot Frequency,89,,,0.08,0.096,0.016,Dillon Jones,1641794,2026-04-12,2026-01-20,2025-26,{},,39,1610612752,authoritative_v2,2026-04-12,authoritative_v2_target_manifest_missing23_recovery,2026-01-20,authoritative_v2_effective_interval_exact
,False,2026-08-14T03:45:35.624857+00:00,Long Mid Range FG%,89,,,0.449,0.4,-0.049,Dillon Jones,1641794,2026-04-12,2026-01-20,2025-26,{},,39,1610612752,authoritative_v2,2026-04-12,authoritative_v2_target_manifest_missing23_recovery,2026-01-20,authoritative_v2_effective_interval_exact
,False,2026-08-14T03:45:35.624857+00:00,Long Mid % Assisted,89,,,0.395,0.0,-0.395,Dillon Jones,1641794,2026-04-12,2026-01-20,2025-26,{},,39,1610612752,authoritative_v2,2026-04-12,authoritative_v2_target_manifest_missing23_recovery,2026-01-20,authoritative_v2_effective_interval_exact
,False,2026-08-14T03:45:35.624857+00:00,Corner 3 Shot Frequency,89,,,0.135,0.058,-0.077,Dillon Jones,1641794,2026-04-12,2026-01-20,2025-26,{},,39,1610612752,authoritative_v2,2026-04-12,authoritative_v2_target_manifest_missing23_recovery,2026-01-20,authoritative_v2_effective_interval_exact
,False,2026-08-14T03:45:35.624857+00:00,Corner 3 FG%,89,,,0.419,0.667,0.248,Dillon Jones,1641794,2026-04-12,2026-01-20,2025-26,{},,39,1610612752,authoritative_v2,2026-04-12,authoritative_v2_target_manifest_missing23_recovery,2026-01-20,authoritative_v2_effective_interval_exact
,False,2026-08-14T03:45:35.624857+00:00,Corner 3 % Assisted,89,,,0.985,1.0,0.015,Dillon Jones,1641794,2026-04-12,2026-01-20,2025-26,{},,39,1610612752,authoritative_v2,2026-04-12,authoritative_v2_target_manifest_missing23_recovery,2026-01-20,authoritative_v2_effective_interval_exact
,False,2026-08-14T03:45:35.624857+00:00,Arc 3 Shot Frequency,89,,,0.295,0.385,0.089,Dillon Jones,1641794,2026-04-12,2026-01-20,2025-26,{},,39,1610612752,authoritative_v2,2026-04-12,authoritative_v2_target_manifest_missing23_recovery,2026-01-20,authoritative_v2_effective_interval_exact
,False,2026-08-14T03:45:35.624857+00:00,Arc 3 FG%,89,,,0.349,0.3,-0.049,Dillon Jones,1641794,2026-04-12,2026-01-20,2025-26,{},,39,1610612752,authoritative_v2,2026-04-12,authoritative_v2_target_manifest_missing23_recovery,2026-01-20,authoritative_v2_effective_interval_exact
,False,2026-08-14T03:45:35.624857+00:00,Arc 3 % Assisted,89,,,0.793,0.667,-0.127,Dillon Jones,1641794,2026-04-12,2026-01-20,2025-26,{},,39,1610612752,authoritative_v2,2026-04-12,authoritative_v2_target_manifest_missing23_recovery,2026-01-20,authoritative_v2_effective_interval_exact
,False,2026-08-14T03:45:35.624857+00:00,At Rim or 3pt Shot Frequency,89,,,0.709,0.692,-0.017,Dillon Jones,1641794,2026-04-12,2026-01-20,2025-26,{},,39,1610612752,authoritative_v2,2026-04-12,authoritative_v2_target_manifest_missing23_recovery,2026-01-20,authoritative_v2_effective_interval_exact
,False,2026-08-14T03:45:35.624857+00:00,Non-Heave Arc 3 FG%,89,,,0.349,0.3,-0.049,Dillon Jones,1641794,2026-04-12,2026-01-20,2025-26,{},,39,1610612752,authoritative_v2,2026-04-12,authoritative_v2_target_manifest_missing23_recovery,2026-01-20,authoritative_v2_effective_interval_exact
,False,2026-08-14T03:45:35.624857+00:00,Shot Quality,89,,,0.552,0.534,-0.018,Dillon Jones,1641794,2026-04-12,2026-01-20,2025-26,{},,39,1610612752,authoritative_v2,2026-04-12,authoritative_v2_target_manifest_missing23_recovery,2026-01-20,authoritative_v2_effective_interval_exact
,False,2026-08-14T03:45:35.624857+00:00,Shooting Foul Drawn Rate,89,,,0.099,0.073,-0.026,Dillon Jones,1641794,2026-04-12,2026-01-20,2025-26,{},,39,1610612752,authoritative_v2,2026-04-12,authoritative_v2_target_manifest_missing23_recovery,2026-01-20,authoritative_v2_effective_interval_exact
,False,2026-08-14T03:45:35.624857+00:00,3pt Shooting Foul Drawn Rate,89,,,0.154,0.125,-0.029,Dillon Jones,1641794,2026-04-12,2026-01-20,2025-26,{},,39,1610612752,authoritative_v2,2026-04-12,authoritative_v2_target_manifest_missing23_recovery,2026-01-20,authoritative_v2_effective_interval_exact
,False,2026-08-14T03:45:35.624857+00:00,2pt Shooting Foul Drawn Rate,89,,,0.017,0.0,-0.017,Dillon Jones,1641794,2026-04-12,2026-01-20,2025-26,{},,39,1610612752,authoritative_v2,2026-04-12,authoritative_v2_target_manifest_missing23_recovery,2026-01-20,authoritative_v2_effective_interval_exact
,False,2026-08-14T03:45:35.624857+00:00,Second Chance Points%,89,,,0.141,0.101,-0.04,Dillon Jones,1641794,2026-04-12,2026-01-20,2025-26,{},,39,1610612752,authoritative_v2,2026-04-12,authoritative_v2_target_manifest_missing23_recovery,2026-01-20,authoritative_v2_effective_interval_exact
,False,2026-08-14T03:45:35.624857+00:00,Penalty Points%,89,,,0.233,0.203,-0.03,Dillon Jones,1641794,2026-04-12,2026-01-20,2025-26,{},,39,1610612752,authoritative_v2,2026-04-12,authoritative_v2_target_manifest_missing23_recovery,2026-01-20,authoritative_v2_effective_interval_exact
,False,2026-08-14T03:45:35.624857+00:00,Penalty Possessions%,89,,,0.225,0.127,-0.098,Dillon Jones,1641794,2026-04-12,2026-01-20,2025-26,{},,39,1610612752,authoritative_v2,2026-04-12,authoritative_v2_target_manifest_missing23_recovery,2026-01-20,authoritative_v2_effective_interval_exact
,False,2026-08-14T03:45:35.624857+00:00,Avg 2pt Shot Distance,89,,,6.38,6.693,0.313,Dillon Jones,1641794,2026-04-12,2026-01-20,2025-26,{},,39,1610612752,authoritative_v2,2026-04-12,authoritative_v2_target_manifest_missing23_recovery,2026-01-20,authoritative_v2_effective_interval_exact
,False,2026-08-14T03:45:35.624857+00:00,Avg 3pt Shot Distance,89,,,25.169,26.722,1.552,Dillon Jones,1641794,2026-04-12,2026-01-20,2025-26,{},,39,1610612752,authoritative_v2,2026-04-12,authoritative_v2_target_manifest_missing23_recovery,2026-01-20,authoritative_v2_effective_interval_exact
,False,2026-08-14T03:45:35.624857+00:00,Penalty Efficiency Excluding Last Minute Take Foul Possessions,89,,,124.52,200.0,75.48,Dillon Jones,1641794,2026-04-12,2026-01-20,2025-26,{},,39,1610612752,authoritative_v2,2026-04-12,authoritative_v2_target_manifest_missing23_recovery,2026-01-20,authoritative_v2_effective_interval_exact
,False,2026-08-14T03:45:35.624857+00:00,DReb%,89,,,0.727,0.793,0.066,Dillon Jones,1641794,2026-04-12,2026-01-20,2025-26,{},,39,1610612752,authoritative_v2,2026-04-12,authoritative_v2_target_manifest_missing23_recovery,2026-01-20,authoritative_v2_effective_interval_exact
,False,2026-08-14T03:45:35.624857+00:00,OReb%,89,,,0.318,0.4,0.082,Dillon Jones,1641794,2026-04-12,2026-01-20,2025-26,{},,39,1610612752,authoritative_v2,2026-04-12,authoritative_v2_target_manifest_missing23_recovery,2026-01-20,authoritative_v2_effective_interval_exact
,False,2026-08-14T03:45:35.624857+00:00,Pts per 100 Possessions,89,,,120.228,125.455,5.226,Dillon Jones,1641794,2026-04-12,2026-01-20,2025-26,{},,39,1610612752,authoritative_v2,2026-04-12,authoritative_v2_target_manifest_missing23_recovery,2026-01-20,authoritative_v2_effective_interval_exact
,False,2026-08-14T03:45:35.624857+00:00,Assist Points per 100 Possessions,89,,,69.385,69.091,-0.294,Dillon Jones,1641794,2026-04-12,2026-01-20,2025-26,{},,39,1610612752,authoritative_v2,2026-04-12,authoritative_v2_target_manifest_missing23_recovery,2026-01-20,authoritative_v2_effective_interval_exact
,False,2026-08-14T03:45:35.624857+00:00,FTA per 100 Possessions,89,,,22.057,12.727,-9.329,Dillon Jones,1641794,2026-04-12,2026-01-20,2025-26,{},,39,1610612752,authoritative_v2,2026-04-12,authoritative_v2_target_manifest_missing23_recovery,2026-01-20,authoritative_v2_effective_interval_exact
,False,2026-08-14T03:45:35.624857+00:00,TOs per 100 Possessions,89,,,14.082,18.182,4.1,Dillon Jones,1641794,2026-04-12,2026-01-20,2025-26,{},,39,1610612752,authoritative_v2,2026-04-12,authoritative_v2_target_manifest_missing23_recovery,2026-01-20,authoritative_v2_effective_interval_exact
,False,2026-08-14T03:45:35.624857+00:00,Assists per 100 Possessions,89,,,28.332,29.091,0.758,Dillon Jones,1641794,2026-04-12,2026-01-20,2025-26,{},,39,1610612752,authoritative_v2,2026-04-12,authoritative_v2_target_manifest_missing23_recovery,2026-01-20,authoritative_v2_effective_interval_exact
,False,2026-08-14T03:45:35.624857+00:00,Pts per 100 Possessions - Defense,89,,,112.706,101.667,-11.039,Dillon Jones,1641794,2026-04-12,2026-01-20,2025-26,{},,39,1610612752,authoritative_v2,2026-04-12,authoritative_v2_target_manifest_missing23_recovery,2026-01-20,authoritative_v2_effective_interval_exact
,False,2026-08-14T03:45:35.624857+00:00,Shot Quality - Defense,89,,,0.551,0.52,-0.031,Dillon Jones,1641794,2026-04-12,2026-01-20,2025-26,{},,39,1610612752,authoritative_v2,2026-04-12,authoritative_v2_target_manifest_missing23_recovery,2026-01-20,authoritative_v2_effective_interval_exact
,False,2026-08-14T03:45:35.624857+00:00,3pt FG% - Defense,89,,,0.358,0.304,-0.053,Dillon Jones,1641794,2026-04-12,2026-01-20,2025-26,{},,39,1610612752,authoritative_v2,2026-04-12,authoritative_v2_target_manifest_missing23_recovery,2026-01-20,authoritative_v2_effective_interval_exact
,False,2026-08-14T03:45:35.624857+00:00,2pt FG% - Defense,89,,,0.539,0.5,-0.039,Dillon Jones,1641794,2026-04-12,2026-01-20,2025-26,{},,39,1610612752,authoritative_v2,2026-04-12,authoritative_v2_target_manifest_missing23_recovery,2026-01-20,authoritative_v2_effective_interval_exact
,False,2026-08-14T03:45:35.624857+00:00,eFG% - Defense,89,,,0.538,0.479,-0.059,Dillon Jones,1641794,2026-04-12,2026-01-20,2025-26,{},,39,1610612752,authoritative_v2,2026-04-12,authoritative_v2_target_manifest_missing23_recovery,2026-01-20,authoritative_v2_effective_interval_exact
,False,2026-08-14T03:45:35.624857+00:00,3PAr - Defense,89,,,0.45,0.489,0.039,Dillon Jones,1641794,2026-04-12,2026-01-20,2025-26,{},,39,1610612752,authoritative_v2,2026-04-12,authoritative_v2_target_manifest_missing23_recovery,2026-01-20,authoritative_v2_effective_interval_exact
,False,2026-08-14T03:45:35.624857+00:00,At Rim Shot Frequency - Defense,89,,,0.277,0.34,0.064,Dillon Jones,1641794,2026-04-12,2026-01-20,2025-26,{},,39,1610612752,authoritative_v2,2026-04-12,authoritative_v2_target_manifest_missing23_recovery,2026-01-20,authoritative_v2_effective_interval_exact
,False,2026-08-14T03:45:35.624857+00:00,At Rim FG% - Defense,89,,,0.646,0.75,0.104,Dillon Jones,1641794,2026-04-12,2026-01-20,2025-26,{},,39,1610612752,authoritative_v2,2026-04-12,authoritative_v2_target_manifest_missing23_recovery,2026-01-20,authoritative_v2_effective_interval_exact
,False,2026-08-14T03:45:35.624857+00:00,Short Mid Range Shot Frequency - Defense,89,,,0.193,0.064,-0.129,Dillon Jones,1641794,2026-04-12,2026-01-20,2025-26,{},,39,1610612752,authoritative_v2,2026-04-12,authoritative_v2_target_manifest_missing23_recovery,2026-01-20,authoritative_v2_effective_interval_exact
,False,2026-08-14T03:45:35.624857+00:00,Short Mid Range FG% - Defense,89,,,0.441,0.0,-0.441,Dillon Jones,1641794,2026-04-12,2026-01-20,2025-26,{},,39,1610612752,authoritative_v2,2026-04-12,authoritative_v2_target_manifest_missing23_recovery,2026-01-20,authoritative_v2_effective_interval_exact
,False,2026-08-14T03:45:35.624857+00:00,Long Mid Range Shot Frequency - Defense,89,,,0.08,0.106,0.026,Dillon Jones,1641794,2026-04-12,2026-01-20,2025-26,{},,39,1610612752,authoritative_v2,2026-04-12,authoritative_v2_target_manifest_missing23_recovery,2026-01-20,authoritative_v2_effective_interval_exact
,False,2026-08-14T03:45:35.624857+00:00,Long Mid Range FG% - Defense,89,,,0.403,0.0,-0.403,Dillon Jones,1641794,2026-04-12,2026-01-20,2025-26,{},,39,1610612752,authoritative_v2,2026-04-12,authoritative_v2_target_manifest_missing23_recovery,2026-01-20,authoritative_v2_effective_interval_exact
,False,2026-08-14T03:45:35.624857+00:00,Corner 3 Shot Frequency - Defense,89,,,0.123,0.128,0.005,Dillon Jones,1641794,2026-04-12,2026-01-20,2025-26,{},,39,1610612752,authoritative_v2,2026-04-12,authoritative_v2_target_manifest_missing23_recovery,2026-01-20,authoritative_v2_effective_interval_exact
,False,2026-08-14T03:45:35.624857+00:00,Corner 3 FG% - Defense,89,,,0.379,0.167,-0.212,Dillon Jones,1641794,2026-04-12,2026-01-20,2025-26,{},,39,1610612752,authoritative_v2,2026-04-12,authoritative_v2_target_manifest_missing23_recovery,2026-01-20,authoritative_v2_effective_interval_exact
,False,2026-08-14T03:45:35.624857+00:00,Arc 3 Shot Frequency - Defense,89,,,0.327,0.362,0.034,Dillon Jones,1641794,2026-04-12,2026-01-20,2025-26,{},,39,1610612752,authoritative_v2,2026-04-12,authoritative_v2_target_manifest_missing23_recovery,2026-01-20,authoritative_v2_effective_interval_exact
,False,2026-08-14T03:45:35.624857+00:00,Arc 3 FG% - Defense,89,,,0.35,0.353,0.003,Dillon Jones,1641794,2026-04-12,2026-01-20,2025-26,{},,39,1610612752,authoritative_v2,2026-04-12,authoritative_v2_target_manifest_missing23_recovery,2026-01-20,authoritative_v2_effective_interval_exact
,False,2026-08-14T03:45:35.624857+00:00,Pace,89,,,97.111,101.142,4.031,Dillon Jones,1641794,2026-04-12,2026-01-20,2025-26,{},,39,1610612752,authoritative_v2,2026-04-12,authoritative_v2_target_manifest_missing23_recovery,2026-01-20,authoritative_v2_effective_interval_exact
,False,2026-08-14T03:45:35.624857+00:00,Second Chance Efficiency,89,,,128.208,70.0,-58.208,Dillon Jones,1641794,2026-04-12,2026-01-20,2025-26,{},,39,1610612752,authoritative_v2,2026-04-12,authoritative_v2_target_manifest_missing23_recovery,2026-01-20,authoritative_v2_effective_interval_exact
,False,2026-08-14T03:45:35.624857+00:00,Penalty Efficiency,89,,,124.553,200.0,75.447,Dillon Jones,1641794,2026-04-12,2026-01-20,2025-26,{},,39,1610612752,authoritative_v2,2026-04-12,authoritative_v2_target_manifest_missing23_recovery,2026-01-20,authoritative_v2_effective_interval_exact
,False,2026-08-14T03:45:35.624857+00:00,Second Chance Possessions Per 100 Possessions,89,,,13.239,18.182,4.943,Dillon Jones,1641794,2026-04-12,2026-01-20,2025-26,{},,39,1610612752,authoritative_v2,2026-04-12,authoritative_v2_target_manifest_missing23_recovery,2026-01-20,authoritative_v2_effective_interval_exact
,False,2026-08-14T03:45:35.624857+00:00,First Chance Points Per 100 Possessions,89,,,103.255,112.727,9.473,Dillon Jones,1641794,2026-04-12,2026-01-20,2025-26,{},,39,1610612752,authoritative_v2,2026-04-12,authoritative_v2_target_manifest_missing23_recovery,2026-01-20,authoritative_v2_effective_interval_exact
,False,2026-08-14T03:45:35.624857+00:00,Second Chance Points Per 100 Possessions,89,,,16.974,12.727,-4.246,Dillon Jones,1641794,2026-04-12,2026-01-20,2025-26,{},,39,1610612752,authoritative_v2,2026-04-12,authoritative_v2_target_manifest_missing23_recovery,2026-01-20,authoritative_v2_effective_interval_exact
