season,player_id,team_id,player,canonical_classification,locked_segment_count,locked_source_supplied,expected_team_games,exact_team_games,expected_player_games,exact_player_games,exact_full_core_sufficient,locked_source_superseded_by_exact,selected_source_layer,covered_after_this_overlay
2000-01,1000,1610612745,Shandon Anderson,full_core,0,0,82,0,82,0,False,False,not_yet_supplied_after_exact_union_and_locked_layer,False
2000-01,1005,1610612745,Walt Williams,full_core,0,0,82,0,72,0,False,False,not_yet_supplied_after_exact_union_and_locked_layer,False
2000-01,1023,1610612760,Emanual Davis,full_core,0,0,82,0,62,0,False,False,not_yet_supplied_after_exact_union_and_locked_layer,False
2000-01,1032,1610612749,Darvin Ham,full_core,0,0,82,0,29,0,False,False,not_yet_supplied_after_exact_union_and_locked_layer,False
2000-01,1035,1610612759,Shawnelle Scott,full_core,0,0,82,0,27,0,False,False,not_yet_supplied_after_exact_union_and_locked_layer,False
2000-01,105,1610612748,Dan Majerle,full_core,0,0,82,0,53,0,False,False,not_yet_supplied_after_exact_union_and_locked_layer,False
2000-01,1051,1610612750,Dean Garrett,full_core,0,0,82,0,70,0,False,False,not_yet_supplied_after_exact_union_and_locked_layer,False
2000-01,1073,1610612750,Reggie Slater,full_core,0,0,82,0,55,0,False,False,not_yet_supplied_after_exact_union_and_locked_layer,False
2000-01,1074,1610612737,Matt Maloney,full_core,0,0,82,0,55,0,False,False,not_yet_supplied_after_exact_union_and_locked_layer,False
2000-01,1088,1610612765,Chucky Atkins,full_core,0,0,82,0,81,0,False,False,not_yet_supplied_after_exact_union_and_locked_layer,False
2000-01,109,1610612747,Robert Horry,full_core,0,0,82,0,79,0,False,False,not_yet_supplied_after_exact_union_and_locked_layer,False
2000-01,111,1610612750,LaPhonso Ellis,full_core,0,0,82,0,82,0,False,False,not_yet_supplied_after_exact_union_and_locked_layer,False
2000-01,1112,1610612765,Ben Wallace,full_core,0,0,82,0,80,0,False,False,not_yet_supplied_after_exact_union_and_locked_layer,False
2000-01,1114,1610612759,Jaren Jackson,full_core,0,0,82,0,16,0,False,False,not_yet_supplied_after_exact_union_and_locked_layer,False
2000-01,1134,1610612763,Ike Austin,full_core,0,0,82,0,52,0,False,False,not_yet_supplied_after_exact_union_and_locked_layer,False
2000-01,120,1610612757,Steven Smith,full_core,0,0,82,0,81,0,False,False,not_yet_supplied_after_exact_union_and_locked_layer,False
2000-01,121,1610612760,Patrick Ewing,full_core,0,0,82,0,79,0,False,False,not_yet_supplied_after_exact_union_and_locked_layer,False
2000-01,123,1610612743,Robert Pack,full_core,0,0,82,0,74,0,False,False,not_yet_supplied_after_exact_union_and_locked_layer,False
2000-01,124,1610612758,Vlade Divac,full_core,0,0,82,0,81,0,False,False,not_yet_supplied_after_exact_union_and_locked_layer,False
2000-01,128,1610612762,David Benoit,full_core,0,0,82,0,49,0,False,False,not_yet_supplied_after_exact_union_and_locked_layer,False
2000-01,133,1610612766,David Wesley,full_core,0,0,82,0,82,0,False,False,not_yet_supplied_after_exact_union_and_locked_layer,False
2000-01,136,1610612766,P.J. Brown,full_core,0,0,82,0,80,0,False,False,not_yet_supplied_after_exact_union_and_locked_layer,False
2000-01,1425,1610612751,Aaron Williams,full_core,0,0,82,0,82,0,False,False,not_yet_supplied_after_exact_union_and_locked_layer,False
2000-01,1434,1610612741,Dragan Tarlac,full_core,0,0,82,0,43,0,False,False,not_yet_supplied_after_exact_union_and_locked_layer,False
2000-01,1444,1610612758,Lawrence Funderburke,full_core,0,0,82,0,59,0,False,False,not_yet_supplied_after_exact_union_and_locked_layer,False
2000-01,146,1610612765,Jud Buechler,full_core,0,0,82,0,57,0,False,False,not_yet_supplied_after_exact_union_and_locked_layer,False
2000-01,147,1610612754,Jalen Rose,full_core,0,0,82,0,72,0,False,False,not_yet_supplied_after_exact_union_and_locked_layer,False
2000-01,1477,1610612748,Bruce Bowen,full_core,0,0,82,0,82,0,False,False,not_yet_supplied_after_exact_union_and_locked_layer,False
2000-01,1495,1610612759,Tim Duncan,full_core,0,0,82,0,82,0,False,False,not_yet_supplied_after_exact_union_and_locked_layer,False
2000-01,1496,1610612751,Keith Van Horn,full_core,0,0,82,0,49,0,False,False,not_yet_supplied_after_exact_union_and_locked_layer,False
2000-01,1497,1610612750,Chauncey Billups,full_core,0,0,82,0,77,0,False,False,not_yet_supplied_after_exact_union_and_locked_layer,False
2000-01,1498,1610612759,Antonio Daniels,full_core,0,0,82,0,79,0,False,False,not_yet_supplied_after_exact_union_and_locked_layer,False
2000-01,1499,1610612738,Tony Battie,full_core,0,0,82,0,40,0,False,False,not_yet_supplied_after_exact_union_and_locked_layer,False
2000-01,15,1610612746,Eric Piatkowski,full_core,0,0,82,0,81,0,False,False,not_yet_supplied_after_exact_union_and_locked_layer,False
2000-01,1500,1610612741,Ron Mercer,full_core,0,0,82,0,61,0,False,False,not_yet_supplied_after_exact_union_and_locked_layer,False
2000-01,1501,1610612749,Tim Thomas,full_core,0,0,82,0,76,0,False,False,not_yet_supplied_after_exact_union_and_locked_layer,False
2000-01,1502,1610612744,Adonal Foyle,full_core,0,0,82,0,58,0,False,False,not_yet_supplied_after_exact_union_and_locked_layer,False
2000-01,1503,1610612753,Tracy McGrady,full_core,0,0,82,0,77,0,False,False,not_yet_supplied_after_exact_union_and_locked_layer,False
2000-01,1504,1610612744,Danny Fortson,full_core,0,0,82,0,6,0,False,False,not_yet_supplied_after_exact_union_and_locked_layer,False
2000-01,1505,1610612743,Tariq Abdul-Wahad,full_core,0,0,82,0,29,0,False,False,not_yet_supplied_after_exact_union_and_locked_layer,False
2000-01,1506,1610612754,Austin Croshere,full_core,0,0,82,0,81,0,False,False,not_yet_supplied_after_exact_union_and_locked_layer,False
2000-01,1507,1610612759,Derek Anderson,full_core,0,0,82,0,82,0,False,False,not_yet_supplied_after_exact_union_and_locked_layer,False
2000-01,1508,1610612745,Maurice Taylor,full_core,0,0,82,0,69,0,False,False,not_yet_supplied_after_exact_union_and_locked_layer,False
2000-01,1509,1610612745,Kelvin Cato,full_core,0,0,82,0,35,0,False,False,not_yet_supplied_after_exact_union_and_locked_layer,False
2000-01,1513,1610612758,Scot Pollard,full_core,0,0,82,0,77,0,False,False,not_yet_supplied_after_exact_union_and_locked_layer,False
2000-01,1517,1610612758,Bobby Jackson,full_core,0,0,82,0,79,0,False,False,not_yet_supplied_after_exact_union_and_locked_layer,False
2000-01,1521,1610612762,Jacque Vaughn,full_core,0,0,82,0,82,0,False,False,not_yet_supplied_after_exact_union_and_locked_layer,False
2000-01,1531,1610612744,Marc Jackson,full_core,0,0,82,0,48,0,False,False,not_yet_supplied_after_exact_union_and_locked_layer,False
2000-01,1536,1610612751,Stephen Jackson,full_core,0,0,82,0,77,0,False,False,not_yet_supplied_after_exact_union_and_locked_layer,False
2000-01,1538,1610612739,Cedric Henderson,full_core,0,0,82,0,55,0,False,False,not_yet_supplied_after_exact_union_and_locked_layer,False
2000-01,1541,1610612761,Alvin Williams,full_core,0,0,82,0,82,0,False,False,not_yet_supplied_after_exact_union_and_locked_layer,False
2000-01,1544,1610612737,Chris Crawford,full_core,0,0,82,0,47,0,False,False,not_yet_supplied_after_exact_union_and_locked_layer,False
2000-01,1548,1610612738,Mark Blount,full_core,0,0,82,0,64,0,False,False,not_yet_supplied_after_exact_union_and_locked_layer,False
2000-01,1559,1610612738,Adrian Griffin,full_core,0,0,82,0,44,0,False,False,not_yet_supplied_after_exact_union_and_locked_layer,False
2000-01,1565,1610612761,Michael Stewart,full_core,0,0,82,0,26,0,False,False,not_yet_supplied_after_exact_union_and_locked_layer,False
2000-01,1607,1610612753,Troy Hudson,full_core,0,0,82,0,75,0,False,False,not_yet_supplied_after_exact_union_and_locked_layer,False
2000-01,1630,1610612765,Mikki Moore,full_core,0,0,82,0,81,0,False,False,not_yet_supplied_after_exact_union_and_locked_layer,False
2000-01,165,1610612745,Hakeem Olajuwon,full_core,0,0,82,0,58,0,False,False,not_yet_supplied_after_exact_union_and_locked_layer,False
2000-01,166,1610612747,Ron Harper,full_core,0,0,82,0,47,0,False,False,not_yet_supplied_after_exact_union_and_locked_layer,False
2000-01,168,1610612744,Chris Mills,full_core,0,0,82,0,15,0,False,False,not_yet_supplied_after_exact_union_and_locked_layer,False
2000-01,1709,1610612746,Michael Olowokandi,full_core,0,0,82,0,82,0,False,False,not_yet_supplied_after_exact_union_and_locked_layer,False
2000-01,1710,1610612763,Mike Bibby,full_core,0,0,82,0,82,0,False,False,not_yet_supplied_after_exact_union_and_locked_layer,False
2000-01,1711,1610612743,Raef LaFrentz,full_core,0,0,82,0,78,0,False,False,not_yet_supplied_after_exact_union_and_locked_layer,False
2000-01,1712,1610612744,Antawn Jamison,full_core,0,0,82,0,82,0,False,False,not_yet_supplied_after_exact_union_and_locked_layer,False
2000-01,1713,1610612761,Vince Carter,full_core,0,0,82,0,75,0,False,False,not_yet_supplied_after_exact_union_and_locked_layer,False
2000-01,1714,1610612739,Robert Traylor,full_core,0,0,82,0,70,0,False,False,not_yet_supplied_after_exact_union_and_locked_layer,False
2000-01,1715,1610612758,Jason Williams,full_core,0,0,82,0,77,0,False,False,not_yet_supplied_after_exact_union_and_locked_layer,False
2000-01,1716,1610612744,Larry Hughes,full_core,0,0,82,0,50,0,False,False,not_yet_supplied_after_exact_union_and_locked_layer,False
2000-01,1717,1610612742,Dirk Nowitzki,full_core,0,0,82,0,82,0,False,False,not_yet_supplied_after_exact_union_and_locked_layer,False
2000-01,1718,1610612738,Paul Pierce,full_core,0,0,82,0,82,0,False,False,not_yet_supplied_after_exact_union_and_locked_layer,False
2000-01,1719,1610612757,Bonzi Wells,full_core,0,0,82,0,75,0,False,False,not_yet_supplied_after_exact_union_and_locked_layer,False
2000-01,1720,1610612753,Michael Doleac,full_core,0,0,82,0,77,0,False,False,not_yet_supplied_after_exact_union_and_locked_layer,False
2000-01,1722,1610612763,Michael Dickerson,full_core,0,0,82,0,70,0,False,False,not_yet_supplied_after_exact_union_and_locked_layer,False
2000-01,1723,1610612739,Matt Harpring,full_core,0,0,82,0,56,0,False,False,not_yet_supplied_after_exact_union_and_locked_layer,False
2000-01,1724,1610612741,Bryce Drew,full_core,0,0,82,0,48,0,False,False,not_yet_supplied_after_exact_union_and_locked_layer,False
2000-01,1725,1610612750,Rasho Nesterovic,full_core,0,0,82,0,73,0,False,False,not_yet_supplied_after_exact_union_and_locked_layer,False
2000-01,1727,1610612753,Pat Garrity,full_core,0,0,82,0,76,0,False,False,not_yet_supplied_after_exact_union_and_locked_layer,False
2000-01,1729,1610612748,Ricky Davis,full_core,0,0,82,0,7,0,False,False,not_yet_supplied_after_exact_union_and_locked_layer,False
2000-01,1730,1610612746,Brian Skinner,full_core,0,0,82,0,39,0,False,False,not_yet_supplied_after_exact_union_and_locked_layer,False
2000-01,1731,1610612747,Tyronn Lue,full_core,0,0,82,0,38,0,False,False,not_yet_supplied_after_exact_union_and_locked_layer,False
2000-01,1733,1610612754,Al Harrington,full_core,0,0,82,0,78,0,False,False,not_yet_supplied_after_exact_union_and_locked_layer,False
2000-01,1734,1610612750,Sam Jacobson,full_core,0,0,82,0,14,0,False,False,not_yet_supplied_after_exact_union_and_locked_layer,False
2000-01,1736,1610612741,Corey Benjamin,full_core,0,0,82,0,65,0,False,False,not_yet_supplied_after_exact_union_and_locked_layer,False
2000-01,1739,1610612760,Ruben Patterson,full_core,0,0,82,0,76,0,False,False,not_yet_supplied_after_exact_union_and_locked_layer,False
2000-01,1740,1610612760,Rashard Lewis,full_core,0,0,82,0,78,0,False,False,not_yet_supplied_after_exact_union_and_locked_layer,False
2000-01,1741,1610612760,Jelani McCoy,full_core,0,0,82,0,70,0,False,False,not_yet_supplied_after_exact_union_and_locked_layer,False
2000-01,1742,1610612760,Shammond Williams,full_core,0,0,82,0,69,0,False,False,not_yet_supplied_after_exact_union_and_locked_layer,False
2000-01,1743,1610612754,Bruno Sundov,full_core,0,0,82,0,11,0,False,False,not_yet_supplied_after_exact_union_and_locked_layer,False
2000-01,1747,1610612749,Rafer Alston,full_core,0,0,82,0,37,0,False,False,not_yet_supplied_after_exact_union_and_locked_layer,False
2000-01,1749,1610612745,Cuttino Mobley,full_core,0,0,82,0,79,0,False,False,not_yet_supplied_after_exact_union_and_locked_layer,False
2000-01,1751,1610612764,Jahidi White,full_core,0,0,82,0,68,0,False,False,not_yet_supplied_after_exact_union_and_locked_layer,False
2000-01,176,1610612757,Antonio Harvey,full_core,0,0,82,0,12,0,False,False,not_yet_supplied_after_exact_union_and_locked_layer,False
2000-01,1760,1610612759,Derrick Dial,full_core,0,0,82,0,33,0,False,False,not_yet_supplied_after_exact_union_and_locked_layer,False
2000-01,1761,1610612742,Greg Buckner,full_core,0,0,82,0,37,0,False,False,not_yet_supplied_after_exact_union_and_locked_layer,False
2000-01,1763,1610612743,Ryan Bowen,full_core,0,0,82,0,57,0,False,False,not_yet_supplied_after_exact_union_and_locked_layer,False
2000-01,178,1610612762,Olden Polynice,full_core,0,0,82,0,81,0,False,False,not_yet_supplied_after_exact_union_and_locked_layer,False
2000-01,179,1610612738,Bryant Stith,full_core,0,0,82,0,78,0,False,False,not_yet_supplied_after_exact_union_and_locked_layer,False
2000-01,180,1610612762,John Crotty,full_core,0,0,82,0,31,0,False,False,not_yet_supplied_after_exact_union_and_locked_layer,False
2000-01,1800,1610612763,Damon Jones,full_core,0,0,82,0,71,0,False,False,not_yet_supplied_after_exact_union_and_locked_layer,False
2000-01,1802,1610612741,Brad Miller,full_core,0,0,82,0,57,0,False,False,not_yet_supplied_after_exact_union_and_locked_layer,False
2000-01,182,1610612765,Billy Owens,full_core,0,0,82,0,45,0,False,False,not_yet_supplied_after_exact_union_and_locked_layer,False
2000-01,185,1610612758,Chris Webber,full_core,0,0,82,0,70,0,False,False,not_yet_supplied_after_exact_union_and_locked_layer,False
2000-01,1853,1610612748,Anthony Carter,full_core,0,0,82,0,72,0,False,False,not_yet_supplied_after_exact_union_and_locked_layer,False
2000-01,1863,1610612746,Earl Boykins,full_core,0,0,82,0,10,0,False,False,not_yet_supplied_after_exact_union_and_locked_layer,False
2000-01,1882,1610612741,Elton Brand,full_core,0,0,82,0,74,0,False,False,not_yet_supplied_after_exact_union_and_locked_layer,False
2000-01,1883,1610612745,Steve Francis,full_core,0,0,82,0,80,0,False,False,not_yet_supplied_after_exact_union_and_locked_layer,False
2000-01,1884,1610612766,Baron Davis,full_core,0,0,82,0,82,0,False,False,not_yet_supplied_after_exact_union_and_locked_layer,False
2000-01,1885,1610612746,Lamar Odom,full_core,0,0,82,0,76,0,False,False,not_yet_supplied_after_exact_union_and_locked_layer,False
2000-01,1886,1610612754,Jonathan Bender,full_core,0,0,82,0,58,0,False,False,not_yet_supplied_after_exact_union_and_locked_layer,False
2000-01,1887,1610612750,Wally Szczerbiak,full_core,0,0,82,0,82,0,False,False,not_yet_supplied_after_exact_union_and_locked_layer,False
2000-01,1888,1610612764,Richard Hamilton,full_core,0,0,82,0,78,0,False,False,not_yet_supplied_after_exact_union_and_locked_layer,False
2000-01,1889,1610612739,Andre Miller,full_core,0,0,82,0,82,0,False,False,not_yet_supplied_after_exact_union_and_locked_layer,False
2000-01,1890,1610612756,Shawn Marion,full_core,0,0,82,0,79,0,False,False,not_yet_supplied_after_exact_union_and_locked_layer,False
2000-01,1891,1610612737,Jason Terry,full_core,0,0,82,0,82,0,False,False,not_yet_supplied_after_exact_union_and_locked_layer,False
2000-01,1892,1610612739,Trajan Langdon,full_core,0,0,82,0,65,0,False,False,not_yet_supplied_after_exact_union_and_locked_layer,False
2000-01,1894,1610612746,Corey Maggette,full_core,0,0,82,0,69,0,False,False,not_yet_supplied_after_exact_union_and_locked_layer,False
2000-01,1895,1610612750,William Avery,full_core,0,0,82,0,55,0,False,False,not_yet_supplied_after_exact_union_and_locked_layer,False
2000-01,1897,1610612741,Metta World Peace,full_core,0,0,82,0,76,0,False,False,not_yet_supplied_after_exact_union_and_locked_layer,False
2000-01,1898,1610612737,Cal Bowdler,full_core,0,0,82,0,44,0,False,False,not_yet_supplied_after_exact_union_and_locked_layer,False
2000-01,1899,1610612743,James Posey,full_core,0,0,82,0,82,0,False,False,not_yet_supplied_after_exact_union_and_locked_layer,False
2000-01,190,1610612748,Duane Causwell,full_core,0,0,82,0,31,0,False,False,not_yet_supplied_after_exact_union_and_locked_layer,False
2000-01,1900,1610612762,Quincy Lewis,full_core,0,0,82,0,35,0,False,False,not_yet_supplied_after_exact_union_and_locked_layer,False
2000-01,1901,1610612737,Dion Glover,full_core,0,0,82,0,57,0,False,False,not_yet_supplied_after_exact_union_and_locked_layer,False
2000-01,1902,1610612754,Jeff Foster,full_core,0,0,82,0,71,0,False,False,not_yet_supplied_after_exact_union_and_locked_layer,False
2000-01,1903,1610612745,Kenny Thomas,full_core,0,0,82,0,74,0,False,False,not_yet_supplied_after_exact_union_and_locked_layer,False
2000-01,1904,1610612747,Devean George,full_core,0,0,82,0,59,0,False,False,not_yet_supplied_after_exact_union_and_locked_layer,False
2000-01,1906,1610612766,Tim James,full_core,0,0,82,0,30,0,False,False,not_yet_supplied_after_exact_union_and_locked_layer,False
2000-01,1907,1610612744,Vonteego Cummings,full_core,0,0,82,0,66,0,False,False,not_yet_supplied_after_exact_union_and_locked_layer,False
2000-01,1908,1610612755,Jumaine Jones,full_core,0,0,82,0,65,0,False,False,not_yet_supplied_after_exact_union_and_locked_layer,False
2000-01,1909,1610612762,Scott Padgett,full_core,0,0,82,0,27,0,False,False,not_yet_supplied_after_exact_union_and_locked_layer,False
2000-01,1913,1610612741,Michael Ruffin,full_core,0,0,82,0,45,0,False,False,not_yet_supplied_after_exact_union_and_locked_layer,False
2000-01,1914,1610612738,Chris Herren,full_core,0,0,82,0,25,0,False,False,not_yet_supplied_after_exact_union_and_locked_layer,False
2000-01,1915,1610612751,Evan Eschmeyer,full_core,0,0,82,0,74,0,False,False,not_yet_supplied_after_exact_union_and_locked_layer,False
2000-01,1917,1610612742,Wang Zhi-zhi,full_core,0,0,82,0,5,0,False,False,not_yet_supplied_after_exact_union_and_locked_layer,False
2000-01,1919,1610612764,Laron Profit,full_core,0,0,82,0,35,0,False,False,not_yet_supplied_after_exact_union_and_locked_layer,False
2000-01,1924,1610612766,Lee Nailon,full_core,0,0,82,0,42,0,False,False,not_yet_supplied_after_exact_union_and_locked_layer,False
2000-01,1928,1610612755,Todd MacCulloch,full_core,0,0,82,0,63,0,False,False,not_yet_supplied_after_exact_union_and_locked_layer,False
2000-01,193,1610612748,Anthony Mason,full_core,0,0,82,0,80,0,False,False,not_yet_supplied_after_exact_union_and_locked_layer,False
2000-01,1930,1610612754,Lari Ketner,full_core,0,0,82,0,3,0,False,False,not_yet_supplied_after_exact_union_and_locked_layer,False
2000-01,1944,1610612766,Eddie Robinson,full_core,0,0,82,0,67,0,False,False,not_yet_supplied_after_exact_union_and_locked_layer,False
2000-01,1956,1610612759,Ira Newble,full_core,0,0,82,0,27,0,False,False,not_yet_supplied_after_exact_union_and_locked_layer,False
2000-01,198,1610612759,Danny Ferry,full_core,0,0,82,0,80,0,False,False,not_yet_supplied_after_exact_union_and_locked_layer,False
2000-01,1985,1610612746,Zendon Hamilton,full_core,0,0,82,0,3,0,False,False,not_yet_supplied_after_exact_union_and_locked_layer,False
2000-01,201,1610612756,Chris Dudley,full_core,0,0,82,0,53,0,False,False,not_yet_supplied_after_exact_union_and_locked_layer,False
2000-01,2030,1610612751,Kenyon Martin,full_core,0,0,82,0,68,0,False,False,not_yet_supplied_after_exact_union_and_locked_layer,False
2000-01,2031,1610612763,Stromile Swift,full_core,0,0,82,0,80,0,False,False,not_yet_supplied_after_exact_union_and_locked_layer,False
2000-01,2032,1610612746,Darius Miles,full_core,0,0,82,0,81,0,False,False,not_yet_supplied_after_exact_union_and_locked_layer,False
2000-01,2033,1610612741,Marcus Fizer,full_core,0,0,82,0,72,0,False,False,not_yet_supplied_after_exact_union_and_locked_layer,False
2000-01,2034,1610612753,Mike Miller,full_core,0,0,82,0,82,0,False,False,not_yet_supplied_after_exact_union_and_locked_layer,False
2000-01,2035,1610612737,DerMarr Johnson,full_core,0,0,82,0,78,0,False,False,not_yet_supplied_after_exact_union_and_locked_layer,False
2000-01,2036,1610612739,Chris Mihm,full_core,0,0,82,0,59,0,False,False,not_yet_supplied_after_exact_union_and_locked_layer,False
2000-01,2037,1610612741,Jamal Crawford,full_core,0,0,82,0,61,0,False,False,not_yet_supplied_after_exact_union_and_locked_layer,False
2000-01,2038,1610612749,Joel Przybilla,full_core,0,0,82,0,33,0,False,False,not_yet_supplied_after_exact_union_and_locked_layer,False
2000-01,2039,1610612746,Keyon Dooling,full_core,0,0,82,0,76,0,False,False,not_yet_supplied_after_exact_union_and_locked_layer,False
2000-01,2040,1610612738,Jerome Moiso,full_core,0,0,82,0,24,0,False,False,not_yet_supplied_after_exact_union_and_locked_layer,False
2000-01,2043,1610612765,Mateen Cleaves,full_core,0,0,82,0,78,0,False,False,not_yet_supplied_after_exact_union_and_locked_layer,False
2000-01,2044,1610612745,Jason Collier,full_core,0,0,82,0,23,0,False,False,not_yet_supplied_after_exact_union_and_locked_layer,False
2000-01,2045,1610612758,Hedo Turkoglu,full_core,0,0,82,0,74,0,False,False,not_yet_supplied_after_exact_union_and_locked_layer,False
2000-01,2046,1610612760,Desmond Mason,full_core,0,0,82,0,78,0,False,False,not_yet_supplied_after_exact_union_and_locked_layer,False
2000-01,2047,1610612746,Quentin Richardson,full_core,0,0,82,0,76,0,False,False,not_yet_supplied_after_exact_union_and_locked_layer,False
2000-01,2048,1610612766,Jamaal Magloire,full_core,0,0,82,0,74,0,False,False,not_yet_supplied_after_exact_union_and_locked_layer,False
2000-01,2050,1610612761,Morris Peterson,full_core,0,0,82,0,80,0,False,False,not_yet_supplied_after_exact_union_and_locked_layer,False
2000-01,2051,1610612742,Donnell Harvey,full_core,0,0,82,0,18,0,False,False,not_yet_supplied_after_exact_union_and_locked_layer,False
2000-01,2052,1610612762,DeShawn Stevenson,full_core,0,0,82,0,40,0,False,False,not_yet_supplied_after_exact_union_and_locked_layer,False
2000-01,2053,1610612741,Dalibor Bagaric,full_core,0,0,82,0,35,0,False,False,not_yet_supplied_after_exact_union_and_locked_layer,False
2000-01,2054,1610612756,Jake Tsakalidis,full_core,0,0,82,0,57,0,False,False,not_yet_supplied_after_exact_union_and_locked_layer,False
2000-01,2057,1610612757,Erick Barkley,full_core,0,0,82,0,8,0,False,False,not_yet_supplied_after_exact_union_and_locked_layer,False
2000-01,2058,1610612747,Mark Madsen,full_core,0,0,82,0,69,0,False,False,not_yet_supplied_after_exact_union_and_locked_layer,False
2000-01,2059,1610612742,Eduardo Najera,full_core,0,0,82,0,40,0,False,False,not_yet_supplied_after_exact_union_and_locked_layer,False
2000-01,2061,1610612745,Dan Langhi,full_core,0,0,82,0,33,0,False,False,not_yet_supplied_after_exact_union_and_locked_layer,False
2000-01,2062,1610612741,A.J. Guyton,full_core,0,0,82,0,33,0,False,False,not_yet_supplied_after_exact_union_and_locked_layer,False
2000-01,2063,1610612741,Jake Voskuhl,full_core,0,0,82,0,16,0,False,False,not_yet_supplied_after_exact_union_and_locked_layer,False
2000-01,2066,1610612751,Soumaila Samake,full_core,0,0,82,0,34,0,False,False,not_yet_supplied_after_exact_union_and_locked_layer,False
2000-01,2067,1610612748,Eddie House,full_core,0,0,82,0,50,0,False,False,not_yet_supplied_after_exact_union_and_locked_layer,False
2000-01,2068,1610612752,Lavor Postell,full_core,0,0,82,0,26,0,False,False,not_yet_supplied_after_exact_union_and_locked_layer,False
2000-01,2069,1610612737,Hanno Mottola,full_core,0,0,82,0,73,0,False,False,not_yet_supplied_after_exact_union_and_locked_layer,False
2000-01,2071,1610612760,Olumide Oyedeji,full_core,0,0,82,0,30,0,False,False,not_yet_supplied_after_exact_union_and_locked_layer,False
2000-01,2072,1610612749,Michael Redd,full_core,0,0,82,0,6,0,False,False,not_yet_supplied_after_exact_union_and_locked_layer,False
2000-01,2073,1610612765,Brian Cardinal,full_core,0,0,82,0,15,0,False,False,not_yet_supplied_after_exact_union_and_locked_layer,False
2000-01,2074,1610612758,Jabari Smith,full_core,0,0,82,0,9,0,False,False,not_yet_supplied_after_exact_union_and_locked_layer,False
2000-01,2078,1610612749,Jason Hart,full_core,0,0,82,0,1,0,False,False,not_yet_supplied_after_exact_union_and_locked_layer,False
2000-01,208,1610612749,Sam Cassell,full_core,0,0,82,0,76,0,False,False,not_yet_supplied_after_exact_union_and_locked_layer,False
2000-01,2084,1610612744,Chris Porter,full_core,0,0,82,0,51,0,False,False,not_yet_supplied_after_exact_union_and_locked_layer,False
2000-01,209,1610612761,Dell Curry,full_core,0,0,82,0,71,0,False,False,not_yet_supplied_after_exact_union_and_locked_layer,False
2000-01,2091,1610612756,Daniel Santiago,full_core,0,0,82,0,54,0,False,False,not_yet_supplied_after_exact_union_and_locked_layer,False
2000-01,2098,1610612747,Slava Medvedenko,full_core,0,0,82,0,7,0,False,False,not_yet_supplied_after_exact_union_and_locked_layer,False
2000-01,21,1610612757,Greg Anthony,full_core,0,0,82,0,58,0,False,False,not_yet_supplied_after_exact_union_and_locked_layer,False
2000-01,210,1610612750,Terrell Brandon,full_core,0,0,82,0,78,0,False,False,not_yet_supplied_after_exact_union_and_locked_layer,False
2000-01,2106,1610612760,Ruben Wolkowyski,full_core,0,0,82,0,34,0,False,False,not_yet_supplied_after_exact_union_and_locked_layer,False
2000-01,213,1610612761,Antonio Davis,full_core,0,0,82,0,78,0,False,False,not_yet_supplied_after_exact_union_and_locked_layer,False
2000-01,2130,1610612747,Mike Penberthy,full_core,0,0,82,0,53,0,False,False,not_yet_supplied_after_exact_union_and_locked_layer,False
2000-01,216,1610612747,Brian Shaw,full_core,0,0,82,0,80,0,False,False,not_yet_supplied_after_exact_union_and_locked_layer,False
2000-01,221,1610612739,Clar. Weatherspoon,full_core,0,0,82,0,82,0,False,False,not_yet_supplied_after_exact_union_and_locked_layer,False
2000-01,224,1610612748,Eddie Jones,full_core,0,0,82,0,63,0,False,False,not_yet_supplied_after_exact_union_and_locked_layer,False
2000-01,228,1610612744,Adam Keefe,full_core,0,0,82,0,67,0,False,False,not_yet_supplied_after_exact_union_and_locked_layer,False
2000-01,236,1610612763,Kevin Edwards,full_core,0,0,82,0,46,0,False,False,not_yet_supplied_after_exact_union_and_locked_layer,False
2000-01,238,1610612755,Tyrone Hill,full_core,0,0,82,0,76,0,False,False,not_yet_supplied_after_exact_union_and_locked_layer,False
2000-01,239,1610612758,Darrick Martin,full_core,0,0,82,0,31,0,False,False,not_yet_supplied_after_exact_union_and_locked_layer,False
2000-01,243,1610612755,Aaron McKie,full_core,0,0,82,0,76,0,False,False,not_yet_supplied_after_exact_union_and_locked_layer,False
2000-01,244,1610612753,Dee Brown,full_core,0,0,82,0,7,0,False,False,not_yet_supplied_after_exact_union_and_locked_layer,False
2000-01,248,1610612755,George Lynch,full_core,0,0,82,0,82,0,False,False,not_yet_supplied_after_exact_union_and_locked_layer,False
2000-01,251,1610612759,Sean Elliott,full_core,0,0,82,0,52,0,False,False,not_yet_supplied_after_exact_union_and_locked_layer,False
2000-01,252,1610612762,Karl Malone,full_core,0,0,82,0,81,0,False,False,not_yet_supplied_after_exact_union_and_locked_layer,False
2000-01,255,1610612753,Grant Hill,full_core,0,0,82,0,4,0,False,False,not_yet_supplied_after_exact_union_and_locked_layer,False
2000-01,258,1610612748,Brian Grant,full_core,0,0,82,0,82,0,False,False,not_yet_supplied_after_exact_union_and_locked_layer,False
2000-01,26,1610612752,Luc Longley,full_core,0,0,82,0,25,0,False,False,not_yet_supplied_after_exact_union_and_locked_layer,False
2000-01,270,1610612747,Horace Grant,full_core,0,0,82,0,77,0,False,False,not_yet_supplied_after_exact_union_and_locked_layer,False
2000-01,271,1610612751,Johnny Newman,full_core,0,0,82,0,82,0,False,False,not_yet_supplied_after_exact_union_and_locked_layer,False
2000-01,275,1610612752,Allan Houston,full_core,0,0,82,0,78,0,False,False,not_yet_supplied_after_exact_union_and_locked_layer,False
2000-01,278,1610612757,Stacey Augmon,full_core,0,0,82,0,66,0,False,False,not_yet_supplied_after_exact_union_and_locked_layer,False
2000-01,28,1610612763,Doug West,full_core,0,0,82,0,15,0,False,False,not_yet_supplied_after_exact_union_and_locked_layer,False
2000-01,280,1610612752,Felton Spencer,full_core,0,0,82,0,18,0,False,False,not_yet_supplied_after_exact_union_and_locked_layer,False
2000-01,281,1610612749,Scott Williams,full_core,0,0,82,0,66,0,False,False,not_yet_supplied_after_exact_union_and_locked_layer,False
2000-01,283,1610612749,Lindsey Hunter,full_core,0,0,82,0,82,0,False,False,not_yet_supplied_after_exact_union_and_locked_layer,False
2000-01,29,1610612751,Jim McIlvaine,full_core,0,0,82,0,18,0,False,False,not_yet_supplied_after_exact_union_and_locked_layer,False
2000-01,296,1610612747,Rick Fox,full_core,0,0,82,0,82,0,False,False,not_yet_supplied_after_exact_union_and_locked_layer,False
2000-01,297,1610612748,Alonzo Mourning,full_core,0,0,82,0,13,0,False,False,not_yet_supplied_after_exact_union_and_locked_layer,False
2000-01,299,1610612749,Glenn Robinson,full_core,0,0,82,0,76,0,False,False,not_yet_supplied_after_exact_union_and_locked_layer,False
2000-01,3,1610612763,Grant Long,full_core,0,0,82,0,66,0,False,False,not_yet_supplied_after_exact_union_and_locked_layer,False
2000-01,302,1610612744,Mookie Blaylock,full_core,0,0,82,0,69,0,False,False,not_yet_supplied_after_exact_union_and_locked_layer,False
2000-01,304,1610612762,John Stockton,full_core,0,0,82,0,82,0,False,False,not_yet_supplied_after_exact_union_and_locked_layer,False
2000-01,317,1610612762,John Starks,full_core,0,0,82,0,75,0,False,False,not_yet_supplied_after_exact_union_and_locked_layer,False
2000-01,323,1610612747,Greg Foster,full_core,0,0,82,0,62,0,False,False,not_yet_supplied_after_exact_union_and_locked_layer,False
2000-01,324,1610612750,Anthony Peeler,full_core,0,0,82,0,75,0,False,False,not_yet_supplied_after_exact_union_and_locked_layer,False
2000-01,330,1610612762,Danny Manning,full_core,0,0,82,0,82,0,False,False,not_yet_supplied_after_exact_union_and_locked_layer,False
2000-01,339,1610612756,Tom Gugliotta,full_core,0,0,82,0,57,0,False,False,not_yet_supplied_after_exact_union_and_locked_layer,False
2000-01,344,1610612765,Dana Barros,full_core,0,0,82,0,60,0,False,False,not_yet_supplied_after_exact_union_and_locked_layer,False
2000-01,345,1610612759,Terry Porter,full_core,0,0,82,0,80,0,False,False,not_yet_supplied_after_exact_union_and_locked_layer,False
2000-01,353,1610612753,Darrell Armstrong,full_core,0,0,82,0,75,0,False,False,not_yet_supplied_after_exact_union_and_locked_layer,False
2000-01,358,1610612756,Anfernee Hardaway,full_core,0,0,82,0,4,0,False,False,not_yet_supplied_after_exact_union_and_locked_layer,False
2000-01,361,1610612756,Clifford Robinson,full_core,0,0,82,0,82,0,False,False,not_yet_supplied_after_exact_union_and_locked_layer,False
2000-01,365,1610612754,Derrick McKey,full_core,0,0,82,0,66,0,False,False,not_yet_supplied_after_exact_union_and_locked_layer,False
2000-01,369,1610612752,Charlie Ward,full_core,0,0,82,0,61,0,False,False,not_yet_supplied_after_exact_union_and_locked_layer,False
2000-01,371,1610612754,Terry Mills,full_core,0,0,82,0,14,0,False,False,not_yet_supplied_after_exact_union_and_locked_layer,False
2000-01,375,1610612747,Isaiah Rider,full_core,0,0,82,0,67,0,False,False,not_yet_supplied_after_exact_union_and_locked_layer,False
2000-01,383,1610612751,Kendall Gill,full_core,0,0,82,0,31,0,False,False,not_yet_supplied_after_exact_union_and_locked_layer,False
2000-01,384,1610612743,Calbert Cheaney,full_core,0,0,82,0,9,0,False,False,not_yet_supplied_after_exact_union_and_locked_layer,False
2000-01,397,1610612754,Reggie Miller,full_core,0,0,82,0,81,0,False,False,not_yet_supplied_after_exact_union_and_locked_layer,False
2000-01,399,1610612746,Sean Rooks,full_core,0,0,82,0,82,0,False,False,not_yet_supplied_after_exact_union_and_locked_layer,False
2000-01,400,1610612746,Derek Strong,full_core,0,0,82,0,28,0,False,False,not_yet_supplied_after_exact_union_and_locked_layer,False
2000-01,406,1610612747,Shaquille O'Neal,full_core,0,0,82,0,74,0,False,False,not_yet_supplied_after_exact_union_and_locked_layer,False
2000-01,417,1610612750,Sam Mitchell,full_core,0,0,82,0,82,0,False,False,not_yet_supplied_after_exact_union_and_locked_layer,False
2000-01,42,1610612753,Monty Williams,full_core,0,0,82,0,82,0,False,False,not_yet_supplied_after_exact_union_and_locked_layer,False
2000-01,422,1610612759,Avery Johnson,full_core,0,0,82,0,55,0,False,False,not_yet_supplied_after_exact_union_and_locked_layer,False
2000-01,423,1610612739,Chris Gatling,full_core,0,0,82,0,74,0,False,False,not_yet_supplied_after_exact_union_and_locked_layer,False
2000-01,426,1610612743,Terry Davis,full_core,0,0,82,0,19,0,False,False,not_yet_supplied_after_exact_union_and_locked_layer,False
2000-01,428,1610612751,Sherman Douglas,full_core,0,0,82,0,59,0,False,False,not_yet_supplied_after_exact_union_and_locked_layer,False
2000-01,43,1610612764,Chris Whitney,full_core,0,0,82,0,59,0,False,False,not_yet_supplied_after_exact_union_and_locked_layer,False
2000-01,431,1610612757,Shawn Kemp,full_core,0,0,82,0,68,0,False,False,not_yet_supplied_after_exact_union_and_locked_layer,False
2000-01,435,1610612745,Carlos Rogers,full_core,0,0,82,0,39,0,False,False,not_yet_supplied_after_exact_union_and_locked_layer,False
2000-01,440,1610612754,Zan Tabak,full_core,0,0,82,0,55,0,False,False,not_yet_supplied_after_exact_union_and_locked_layer,False
2000-01,441,1610612739,Lamond Murray,full_core,0,0,82,0,78,0,False,False,not_yet_supplied_after_exact_union_and_locked_layer,False
2000-01,445,1610612739,Wesley Person,full_core,0,0,82,0,44,0,False,False,not_yet_supplied_after_exact_union_and_locked_layer,False
2000-01,446,1610612751,Lucious Harris,full_core,0,0,82,0,73,0,False,False,not_yet_supplied_after_exact_union_and_locked_layer,False
2000-01,448,1610612753,Bo Outlaw,full_core,0,0,82,0,80,0,False,False,not_yet_supplied_after_exact_union_and_locked_layer,False
2000-01,45,1610612743,George McCloud,full_core,0,0,82,0,76,0,False,False,not_yet_supplied_after_exact_union_and_locked_layer,False
2000-01,452,1610612760,Vin Baker,full_core,0,0,82,0,76,0,False,False,not_yet_supplied_after_exact_union_and_locked_layer,False
2000-01,458,1610612742,Howard Eisley,full_core,0,0,82,0,82,0,False,False,not_yet_supplied_after_exact_union_and_locked_layer,False
2000-01,461,1610612764,Popeye Jones,full_core,0,0,82,0,45,0,False,False,not_yet_supplied_after_exact_union_and_locked_layer,False
2000-01,467,1610612756,Jason Kidd,full_core,0,0,82,0,77,0,False,False,not_yet_supplied_after_exact_union_and_locked_layer,False
2000-01,468,1610612758,Jon Barry,full_core,0,0,82,0,62,0,False,False,not_yet_supplied_after_exact_union_and_locked_layer,False
2000-01,469,1610612766,Jamal Mashburn,full_core,0,0,82,0,76,0,False,False,not_yet_supplied_after_exact_union_and_locked_layer,False
2000-01,51,1610612763,Mahmoud Abdul-Rauf,full_core,0,0,82,0,41,0,False,False,not_yet_supplied_after_exact_union_and_locked_layer,False
2000-01,53,1610612756,Mario Elie,full_core,0,0,82,0,68,0,False,False,not_yet_supplied_after_exact_union_and_locked_layer,False
2000-01,56,1610612760,Gary Payton,full_core,0,0,82,0,79,0,False,False,not_yet_supplied_after_exact_union_and_locked_layer,False
2000-01,57,1610612758,Doug Christie,full_core,0,0,82,0,81,0,False,False,not_yet_supplied_after_exact_union_and_locked_layer,False
2000-01,63,1610612764,Michael Smith,full_core,0,0,82,0,79,0,False,False,not_yet_supplied_after_exact_union_and_locked_layer,False
2000-01,64,1610612754,Sam Perkins,full_core,0,0,82,0,64,0,False,False,not_yet_supplied_after_exact_union_and_locked_layer,False
2000-01,67,1610612750,Tom Hammonds,full_core,0,0,82,0,7,0,False,False,not_yet_supplied_after_exact_union_and_locked_layer,False
2000-01,672,1610612745,Matt Bullard,full_core,0,0,82,0,61,0,False,False,not_yet_supplied_after_exact_union_and_locked_layer,False
2000-01,673,1610612737,Alan Henderson,full_core,0,0,82,0,73,0,False,False,not_yet_supplied_after_exact_union_and_locked_layer,False
2000-01,677,1610612738,Eric Williams,full_core,0,0,82,0,81,0,False,False,not_yet_supplied_after_exact_union_and_locked_layer,False
2000-01,679,1610612749,Jason Caffey,full_core,0,0,82,0,70,0,False,False,not_yet_supplied_after_exact_union_and_locked_layer,False
2000-01,680,1610612753,John Amaechi,full_core,0,0,82,0,82,0,False,False,not_yet_supplied_after_exact_union_and_locked_layer,False
2000-01,682,1610612744,Bob Sura,full_core,0,0,82,0,53,0,False,False,not_yet_supplied_after_exact_union_and_locked_layer,False
2000-01,686,1610612743,Antonio McDyess,full_core,0,0,82,0,70,0,False,False,not_yet_supplied_after_exact_union_and_locked_layer,False
2000-01,688,1610612765,Michael Curry,full_core,0,0,82,0,68,0,False,False,not_yet_supplied_after_exact_union_and_locked_layer,False
2000-01,690,1610612753,Don Reid,full_core,0,0,82,0,64,0,False,False,not_yet_supplied_after_exact_union_and_locked_layer,False
2000-01,692,1610612753,Andrew DeClercq,full_core,0,0,82,0,67,0,False,False,not_yet_supplied_after_exact_union_and_locked_layer,False
2000-01,695,1610612766,Eldridge Recasner,full_core,0,0,82,0,43,0,False,False,not_yet_supplied_after_exact_union_and_locked_layer,False
2000-01,696,1610612754,Travis Best,full_core,0,0,82,0,77,0,False,False,not_yet_supplied_after_exact_union_and_locked_layer,False
2000-01,697,1610612741,Fred Hoiberg,full_core,0,0,82,0,74,0,False,False,not_yet_supplied_after_exact_union_and_locked_layer,False
2000-01,699,1610612760,Brent Barry,full_core,0,0,82,0,67,0,False,False,not_yet_supplied_after_exact_union_and_locked_layer,False
2000-01,70,1610612759,Steve Kerr,full_core,0,0,82,0,55,0,False,False,not_yet_supplied_after_exact_union_and_locked_layer,False
2000-01,702,1610612743,Voshon Lenard,full_core,0,0,82,0,80,0,False,False,not_yet_supplied_after_exact_union_and_locked_layer,False
2000-01,703,1610612752,Kurt Thomas,full_core,0,0,82,0,77,0,False,False,not_yet_supplied_after_exact_union_and_locked_layer,False
2000-01,708,1610612750,Kevin Garnett,full_core,0,0,82,0,81,0,False,False,not_yet_supplied_after_exact_union_and_locked_layer,False
2000-01,711,1610612765,Jerry Stackhouse,full_core,0,0,82,0,80,0,False,False,not_yet_supplied_after_exact_union_and_locked_layer,False
2000-01,713,1610612738,Chris Carr,full_core,0,0,82,0,35,0,False,False,not_yet_supplied_after_exact_union_and_locked_layer,False
2000-01,714,1610612742,Michael Finley,full_core,0,0,82,0,82,0,False,False,not_yet_supplied_after_exact_union_and_locked_layer,False
2000-01,717,1610612757,Arvydas Sabonis,full_core,0,0,82,0,61,0,False,False,not_yet_supplied_after_exact_union_and_locked_layer,False
2000-01,718,1610612742,Gary Trent,full_core,0,0,82,0,33,0,False,False,not_yet_supplied_after_exact_union_and_locked_layer,False
2000-01,72,1610612738,Kenny Anderson,full_core,0,0,82,0,33,0,False,False,not_yet_supplied_after_exact_union_and_locked_layer,False
2000-01,721,1610612754,Tyus Edney,full_core,0,0,82,0,24,0,False,False,not_yet_supplied_after_exact_union_and_locked_layer,False
2000-01,727,1610612755,Eric Snow,full_core,0,0,82,0,50,0,False,False,not_yet_supplied_after_exact_union_and_locked_layer,False
2000-01,731,1610612762,Greg Ostertag,full_core,0,0,82,0,81,0,False,False,not_yet_supplied_after_exact_union_and_locked_layer,False
2000-01,735,1610612763,Bryant Reeves,full_core,0,0,82,0,75,0,False,False,not_yet_supplied_after_exact_union_and_locked_layer,False
2000-01,739,1610612757,Rasheed Wallace,full_core,0,0,82,0,77,0,False,False,not_yet_supplied_after_exact_union_and_locked_layer,False
2000-01,753,1610612738,Randy Brown,full_core,0,0,82,0,54,0,False,False,not_yet_supplied_after_exact_union_and_locked_layer,False
2000-01,757,1610612757,Damon Stoudamire,full_core,0,0,82,0,82,0,False,False,not_yet_supplied_after_exact_union_and_locked_layer,False
2000-01,761,1610612755,Matt Geiger,full_core,0,0,82,0,35,0,False,False,not_yet_supplied_after_exact_union_and_locked_layer,False
2000-01,762,1610612742,Shawn Bradley,full_core,0,0,82,0,82,0,False,False,not_yet_supplied_after_exact_union_and_locked_layer,False
2000-01,763,1610612763,Tony Massenburg,full_core,0,0,82,0,52,0,False,False,not_yet_supplied_after_exact_union_and_locked_layer,False
2000-01,764,1610612759,David Robinson,full_core,0,0,82,0,80,0,False,False,not_yet_supplied_after_exact_union_and_locked_layer,False
2000-01,765,1610612766,Hersey Hawkins,full_core,0,0,82,0,59,0,False,False,not_yet_supplied_after_exact_union_and_locked_layer,False
2000-01,766,1610612760,David Wingate,full_core,0,0,82,0,1,0,False,False,not_yet_supplied_after_exact_union_and_locked_layer,False
2000-01,779,1610612752,Glen Rice,full_core,0,0,82,0,75,0,False,False,not_yet_supplied_after_exact_union_and_locked_layer,False
2000-01,781,1610612757,Will Perdue,full_core,0,0,82,0,13,0,False,False,not_yet_supplied_after_exact_union_and_locked_layer,False
2000-01,782,1610612764,Mitch Richmond,full_core,0,0,82,0,37,0,False,False,not_yet_supplied_after_exact_union_and_locked_layer,False
2000-01,84,1610612752,Latrell Sprewell,full_core,0,0,82,0,77,0,False,False,not_yet_supplied_after_exact_union_and_locked_layer,False
2000-01,85,1610612763,Brent Price,full_core,0,0,82,0,6,0,False,False,not_yet_supplied_after_exact_union_and_locked_layer,False
2000-01,89,1610612743,Nick Van Exel,full_core,0,0,82,0,71,0,False,False,not_yet_supplied_after_exact_union_and_locked_layer,False
2000-01,891,1610612761,Charles Oakley,full_core,0,0,82,0,78,0,False,False,not_yet_supplied_after_exact_union_and_locked_layer,False
2000-01,896,1610612748,Tim Hardaway,full_core,0,0,82,0,77,0,False,False,not_yet_supplied_after_exact_union_and_locked_layer,False
2000-01,901,1610612766,Otis Thorpe,full_core,0,0,82,0,49,0,False,False,not_yet_supplied_after_exact_union_and_locked_layer,False
2000-01,902,1610612739,Bimbo Coles,full_core,0,0,82,0,47,0,False,False,not_yet_supplied_after_exact_union_and_locked_layer,False
2000-01,904,1610612744,Chris Mullin,full_core,0,0,82,0,20,0,False,False,not_yet_supplied_after_exact_union_and_locked_layer,False
2000-01,905,1610612757,Dale Davis,full_core,0,0,82,0,81,0,False,False,not_yet_supplied_after_exact_union_and_locked_layer,False
2000-01,911,1610612749,Ervin Johnson,full_core,0,0,82,0,82,0,False,False,not_yet_supplied_after_exact_union_and_locked_layer,False
2000-01,913,1610612752,Larry Johnson,full_core,0,0,82,0,65,0,False,False,not_yet_supplied_after_exact_union_and_locked_layer,False
2000-01,915,1610612756,Rodney Rogers,full_core,0,0,82,0,82,0,False,False,not_yet_supplied_after_exact_union_and_locked_layer,False
2000-01,920,1610612748,A.C. Green,full_core,0,0,82,0,82,0,False,False,not_yet_supplied_after_exact_union_and_locked_layer,False
2000-01,922,1610612766,Elden Campbell,full_core,0,0,82,0,78,0,False,False,not_yet_supplied_after_exact_union_and_locked_layer,False
2000-01,923,1610612762,Donyell Marshall,full_core,0,0,82,0,81,0,False,False,not_yet_supplied_after_exact_union_and_locked_layer,False
2000-01,931,1610612748,Don MacLean,full_core,0,0,82,0,8,0,False,False,not_yet_supplied_after_exact_union_and_locked_layer,False
2000-01,934,1610612766,Derrick Coleman,full_core,0,0,82,0,34,0,False,False,not_yet_supplied_after_exact_union_and_locked_layer,False
2000-01,935,1610612762,Bryon Russell,full_core,0,0,82,0,78,0,False,False,not_yet_supplied_after_exact_union_and_locked_layer,False
2000-01,937,1610612757,Scottie Pippen,full_core,0,0,82,0,64,0,False,False,not_yet_supplied_after_exact_union_and_locked_layer,False
2000-01,947,1610612755,Allen Iverson,full_core,0,0,82,0,71,0,False,False,not_yet_supplied_after_exact_union_and_locked_layer,False
2000-01,948,1610612752,Marcus Camby,full_core,0,0,82,0,63,0,False,False,not_yet_supplied_after_exact_union_and_locked_layer,False
2000-01,949,1610612763,Shareef Abdur-Rahim,full_core,0,0,82,0,81,0,False,False,not_yet_supplied_after_exact_union_and_locked_layer,False
2000-01,950,1610612751,Stephon Marbury,full_core,0,0,82,0,67,0,False,False,not_yet_supplied_after_exact_union_and_locked_layer,False
2000-01,951,1610612749,Ray Allen,full_core,0,0,82,0,82,0,False,False,not_yet_supplied_after_exact_union_and_locked_layer,False
2000-01,952,1610612738,Antoine Walker,full_core,0,0,82,0,81,0,False,False,not_yet_supplied_after_exact_union_and_locked_layer,False
2000-01,953,1610612737,Lorenzen Wright,full_core,0,0,82,0,71,0,False,False,not_yet_supplied_after_exact_union_and_locked_layer,False
2000-01,955,1610612759,Samaki Walker,full_core,0,0,82,0,61,0,False,False,not_yet_supplied_after_exact_union_and_locked_layer,False
2000-01,956,1610612744,Erick Dampier,full_core,0,0,82,0,43,0,False,False,not_yet_supplied_after_exact_union_and_locked_layer,False
2000-01,957,1610612748,Todd Fuller,full_core,0,0,82,0,10,0,False,False,not_yet_supplied_after_exact_union_and_locked_layer,False
2000-01,958,1610612738,Vitaly Potapenko,full_core,0,0,82,0,82,0,False,False,not_yet_supplied_after_exact_union_and_locked_layer,False
2000-01,959,1610612742,Steve Nash,full_core,0,0,82,0,70,0,False,False,not_yet_supplied_after_exact_union_and_locked_layer,False
2000-01,96,1610612757,Detlef Schrempf,full_core,0,0,82,0,26,0,False,False,not_yet_supplied_after_exact_union_and_locked_layer,False
2000-01,960,1610612756,Tony Delk,full_core,0,0,82,0,82,0,False,False,not_yet_supplied_after_exact_union_and_locked_layer,False
2000-01,961,1610612765,John Wallace,full_core,0,0,82,0,40,0,False,False,not_yet_supplied_after_exact_union_and_locked_layer,False
2000-01,962,1610612738,Walter McCarty,full_core,0,0,82,0,60,0,False,False,not_yet_supplied_after_exact_union_and_locked_layer,False
2000-01,965,1610612747,Derek Fisher,full_core,0,0,82,0,20,0,False,False,not_yet_supplied_after_exact_union_and_locked_layer,False
2000-01,969,1610612752,Travis Knight,full_core,0,0,82,0,45,0,False,False,not_yet_supplied_after_exact_union_and_locked_layer,False
2000-01,976,1610612746,Jeff McInnis,full_core,0,0,82,0,81,0,False,False,not_yet_supplied_after_exact_union_and_locked_layer,False
2000-01,977,1610612747,Kobe Bryant,full_core,0,0,82,0,68,0,False,False,not_yet_supplied_after_exact_union_and_locked_layer,False
2000-01,978,1610612758,Peja Stojakovic,full_core,0,0,82,0,75,0,False,False,not_yet_supplied_after_exact_union_and_locked_layer,False
2000-01,979,1610612754,Jermaine O'Neal,full_core,0,0,82,0,81,0,False,False,not_yet_supplied_after_exact_union_and_locked_layer,False
2000-01,98,1610612758,Nick Anderson,full_core,0,0,82,0,21,0,False,False,not_yet_supplied_after_exact_union_and_locked_layer,False
2000-01,980,1610612739,Zydrunas Ilgauskas,full_core,0,0,82,0,24,0,False,False,not_yet_supplied_after_exact_union_and_locked_layer,False
2000-01,983,1610612745,Moochie Norris,full_core,0,0,82,0,82,0,False,False,not_yet_supplied_after_exact_union_and_locked_layer,False
2000-01,990,1610612759,Malik Rose,full_core,0,0,82,0,57,0,False,False,not_yet_supplied_after_exact_union_and_locked_layer,False
2000-01,994,1610612751,Jamie Feick,full_core,0,0,82,0,6,0,False,False,not_yet_supplied_after_exact_union_and_locked_layer,False
2000-01,998,1610612749,Mark Pope,full_core,0,0,82,0,63,0,False,False,not_yet_supplied_after_exact_union_and_locked_layer,False
2001-02,1000,1610612752,Shandon Anderson,full_core,0,0,82,0,82,0,False,False,not_yet_supplied_after_exact_union_and_locked_layer,False
2001-02,1005,1610612745,Walt Williams,full_core,0,0,82,0,48,0,False,False,not_yet_supplied_after_exact_union_and_locked_layer,False
2001-02,1023,1610612737,Emanual Davis,full_core,0,0,82,0,28,0,False,False,not_yet_supplied_after_exact_union_and_locked_layer,False
2001-02,1032,1610612749,Darvin Ham,full_core,0,0,82,0,70,0,False,False,not_yet_supplied_after_exact_union_and_locked_layer,False
2001-02,1043,1610612759,Amal McCaskill,full_core,0,0,82,0,27,0,False,False,not_yet_supplied_after_exact_union_and_locked_layer,False
2001-02,105,1610612756,Dan Majerle,full_core,0,0,82,0,65,0,False,False,not_yet_supplied_after_exact_union_and_locked_layer,False
2001-02,1088,1610612765,Chucky Atkins,full_core,0,0,82,0,79,0,False,False,not_yet_supplied_after_exact_union_and_locked_layer,False
2001-02,109,1610612747,Robert Horry,full_core,0,0,82,0,81,0,False,False,not_yet_supplied_after_exact_union_and_locked_layer,False
2001-02,111,1610612748,LaPhonso Ellis,full_core,0,0,82,0,66,0,False,False,not_yet_supplied_after_exact_union_and_locked_layer,False
2001-02,1112,1610612765,Ben Wallace,full_core,0,0,82,0,80,0,False,False,not_yet_supplied_after_exact_union_and_locked_layer,False
2001-02,120,1610612759,Steven Smith,full_core,0,0,82,0,77,0,False,False,not_yet_supplied_after_exact_union_and_locked_layer,False
2001-02,121,1610612753,Patrick Ewing,full_core,0,0,82,0,65,0,False,False,not_yet_supplied_after_exact_union_and_locked_layer,False
2001-02,124,1610612758,Vlade Divac,full_core,0,0,82,0,80,0,False,False,not_yet_supplied_after_exact_union_and_locked_layer,False
2001-02,133,1610612766,David Wesley,full_core,0,0,82,0,67,0,False,False,not_yet_supplied_after_exact_union_and_locked_layer,False
2001-02,136,1610612766,P.J. Brown,full_core,0,0,82,0,80,0,False,False,not_yet_supplied_after_exact_union_and_locked_layer,False
2001-02,1425,1610612751,Aaron Williams,full_core,0,0,82,0,82,0,False,False,not_yet_supplied_after_exact_union_and_locked_layer,False
2001-02,1442,1610612765,Zeljko Rebraca,full_core,0,0,82,0,74,0,False,False,not_yet_supplied_after_exact_union_and_locked_layer,False
2001-02,1444,1610612758,Lawrence Funderburke,full_core,0,0,82,0,56,0,False,False,not_yet_supplied_after_exact_union_and_locked_layer,False
2001-02,145,1610612761,Tracy Murray,full_core,0,0,82,0,40,0,False,False,not_yet_supplied_after_exact_union_and_locked_layer,False
2001-02,1477,1610612759,Bruce Bowen,full_core,0,0,82,0,59,0,False,False,not_yet_supplied_after_exact_union_and_locked_layer,False
2001-02,1495,1610612759,Tim Duncan,full_core,0,0,82,0,82,0,False,False,not_yet_supplied_after_exact_union_and_locked_layer,False
2001-02,1496,1610612751,Keith Van Horn,full_core,0,0,82,0,81,0,False,False,not_yet_supplied_after_exact_union_and_locked_layer,False
2001-02,1497,1610612750,Chauncey Billups,full_core,0,0,82,0,82,0,False,False,not_yet_supplied_after_exact_union_and_locked_layer,False
2001-02,1498,1610612759,Antonio Daniels,full_core,0,0,82,0,82,0,False,False,not_yet_supplied_after_exact_union_and_locked_layer,False
2001-02,1499,1610612738,Tony Battie,full_core,0,0,82,0,74,0,False,False,not_yet_supplied_after_exact_union_and_locked_layer,False
2001-02,15,1610612746,Eric Piatkowski,full_core,0,0,82,0,71,0,False,False,not_yet_supplied_after_exact_union_and_locked_layer,False
2001-02,1501,1610612749,Tim Thomas,full_core,0,0,82,0,74,0,False,False,not_yet_supplied_after_exact_union_and_locked_layer,False
2001-02,1502,1610612744,Adonal Foyle,full_core,0,0,82,0,79,0,False,False,not_yet_supplied_after_exact_union_and_locked_layer,False
2001-02,1503,1610612753,Tracy McGrady,full_core,0,0,82,0,76,0,False,False,not_yet_supplied_after_exact_union_and_locked_layer,False
2001-02,1504,1610612744,Danny Fortson,full_core,0,0,82,0,77,0,False,False,not_yet_supplied_after_exact_union_and_locked_layer,False
2001-02,1506,1610612754,Austin Croshere,full_core,0,0,82,0,76,0,False,False,not_yet_supplied_after_exact_union_and_locked_layer,False
2001-02,1507,1610612757,Derek Anderson,full_core,0,0,82,0,70,0,False,False,not_yet_supplied_after_exact_union_and_locked_layer,False
2001-02,1509,1610612745,Kelvin Cato,full_core,0,0,82,0,75,0,False,False,not_yet_supplied_after_exact_union_and_locked_layer,False
2001-02,1510,1610612763,Brevin Knight,full_core,0,0,82,0,53,0,False,False,not_yet_supplied_after_exact_union_and_locked_layer,False
2001-02,1513,1610612758,Scot Pollard,full_core,0,0,82,0,80,0,False,False,not_yet_supplied_after_exact_union_and_locked_layer,False
2001-02,1517,1610612758,Bobby Jackson,full_core,0,0,82,0,81,0,False,False,not_yet_supplied_after_exact_union_and_locked_layer,False
2001-02,1520,1610612759,Charles Smith,full_core,0,0,82,0,60,0,False,False,not_yet_supplied_after_exact_union_and_locked_layer,False
2001-02,1521,1610612737,Jacque Vaughn,full_core,0,0,82,0,82,0,False,False,not_yet_supplied_after_exact_union_and_locked_layer,False
2001-02,1536,1610612759,Stephen Jackson,full_core,0,0,82,0,23,0,False,False,not_yet_supplied_after_exact_union_and_locked_layer,False
2001-02,1538,1610612744,Cedric Henderson,full_core,0,0,82,0,12,0,False,False,not_yet_supplied_after_exact_union_and_locked_layer,False
2001-02,1541,1610612761,Alvin Williams,full_core,0,0,82,0,82,0,False,False,not_yet_supplied_after_exact_union_and_locked_layer,False
2001-02,1542,1610612760,Predrag Drobnjak,full_core,0,0,82,0,64,0,False,False,not_yet_supplied_after_exact_union_and_locked_layer,False
2001-02,1544,1610612737,Chris Crawford,full_core,0,0,82,0,7,0,False,False,not_yet_supplied_after_exact_union_and_locked_layer,False
2001-02,1548,1610612738,Mark Blount,full_core,0,0,82,0,44,0,False,False,not_yet_supplied_after_exact_union_and_locked_layer,False
2001-02,1559,1610612742,Adrian Griffin,full_core,0,0,82,0,58,0,False,False,not_yet_supplied_after_exact_union_and_locked_layer,False
2001-02,1565,1610612761,Michael Stewart,full_core,0,0,82,0,11,0,False,False,not_yet_supplied_after_exact_union_and_locked_layer,False
2001-02,1607,1610612753,Troy Hudson,full_core,0,0,82,0,81,0,False,False,not_yet_supplied_after_exact_union_and_locked_layer,False
2001-02,1609,1610612760,Art Long,full_core,0,0,82,0,63,0,False,False,not_yet_supplied_after_exact_union_and_locked_layer,False
2001-02,1630,1610612765,Mikki Moore,full_core,0,0,82,0,29,0,False,False,not_yet_supplied_after_exact_union_and_locked_layer,False
2001-02,164,1610612761,Chris Childs,full_core,0,0,82,0,69,0,False,False,not_yet_supplied_after_exact_union_and_locked_layer,False
2001-02,165,1610612761,Hakeem Olajuwon,full_core,0,0,82,0,61,0,False,False,not_yet_supplied_after_exact_union_and_locked_layer,False
2001-02,168,1610612744,Chris Mills,full_core,0,0,82,0,66,0,False,False,not_yet_supplied_after_exact_union_and_locked_layer,False
2001-02,1683,1610612752,Larry Robinson,full_core,0,0,82,0,2,0,False,False,not_yet_supplied_after_exact_union_and_locked_layer,False
2001-02,1709,1610612746,Michael Olowokandi,full_core,0,0,82,0,80,0,False,False,not_yet_supplied_after_exact_union_and_locked_layer,False
2001-02,1710,1610612758,Mike Bibby,full_core,0,0,82,0,80,0,False,False,not_yet_supplied_after_exact_union_and_locked_layer,False
2001-02,1712,1610612744,Antawn Jamison,full_core,0,0,82,0,82,0,False,False,not_yet_supplied_after_exact_union_and_locked_layer,False
2001-02,1713,1610612761,Vince Carter,full_core,0,0,82,0,60,0,False,False,not_yet_supplied_after_exact_union_and_locked_layer,False
2001-02,1714,1610612766,Robert Traylor,full_core,0,0,82,0,61,0,False,False,not_yet_supplied_after_exact_union_and_locked_layer,False
2001-02,1715,1610612763,Jason Williams,full_core,0,0,82,0,65,0,False,False,not_yet_supplied_after_exact_union_and_locked_layer,False
2001-02,1716,1610612744,Larry Hughes,full_core,0,0,82,0,73,0,False,False,not_yet_supplied_after_exact_union_and_locked_layer,False
2001-02,1717,1610612742,Dirk Nowitzki,full_core,0,0,82,0,76,0,False,False,not_yet_supplied_after_exact_union_and_locked_layer,False
2001-02,1718,1610612738,Paul Pierce,full_core,0,0,82,0,82,0,False,False,not_yet_supplied_after_exact_union_and_locked_layer,False
2001-02,1719,1610612757,Bonzi Wells,full_core,0,0,82,0,74,0,False,False,not_yet_supplied_after_exact_union_and_locked_layer,False
2001-02,1720,1610612739,Michael Doleac,full_core,0,0,82,0,42,0,False,False,not_yet_supplied_after_exact_union_and_locked_layer,False
2001-02,1721,1610612761,Keon Clark,full_core,0,0,82,0,81,0,False,False,not_yet_supplied_after_exact_union_and_locked_layer,False
2001-02,1722,1610612763,Michael Dickerson,full_core,0,0,82,0,4,0,False,False,not_yet_supplied_after_exact_union_and_locked_layer,False
2001-02,1723,1610612755,Matt Harpring,full_core,0,0,82,0,81,0,False,False,not_yet_supplied_after_exact_union_and_locked_layer,False
2001-02,1724,1610612766,Bryce Drew,full_core,0,0,82,0,61,0,False,False,not_yet_supplied_after_exact_union_and_locked_layer,False
2001-02,1725,1610612750,Rasho Nesterovic,full_core,0,0,82,0,82,0,False,False,not_yet_supplied_after_exact_union_and_locked_layer,False
2001-02,1727,1610612753,Pat Garrity,full_core,0,0,82,0,80,0,False,False,not_yet_supplied_after_exact_union_and_locked_layer,False
2001-02,1729,1610612739,Ricky Davis,full_core,0,0,82,0,82,0,False,False,not_yet_supplied_after_exact_union_and_locked_layer,False
2001-02,1730,1610612739,Brian Skinner,full_core,0,0,82,0,65,0,False,False,not_yet_supplied_after_exact_union_and_locked_layer,False
2001-02,1731,1610612764,Tyronn Lue,full_core,0,0,82,0,71,0,False,False,not_yet_supplied_after_exact_union_and_locked_layer,False
2001-02,1732,1610612750,Felipe Lopez,full_core,0,0,82,0,67,0,False,False,not_yet_supplied_after_exact_union_and_locked_layer,False
2001-02,1733,1610612754,Al Harrington,full_core,0,0,82,0,44,0,False,False,not_yet_supplied_after_exact_union_and_locked_layer,False
2001-02,1735,1610612748,Vladimir Stepania,full_core,0,0,82,0,67,0,False,False,not_yet_supplied_after_exact_union_and_locked_layer,False
2001-02,1737,1610612737,Nazr Mohammed,full_core,0,0,82,0,82,0,False,False,not_yet_supplied_after_exact_union_and_locked_layer,False
2001-02,1739,1610612757,Ruben Patterson,full_core,0,0,82,0,75,0,False,False,not_yet_supplied_after_exact_union_and_locked_layer,False
2001-02,1740,1610612760,Rashard Lewis,full_core,0,0,82,0,71,0,False,False,not_yet_supplied_after_exact_union_and_locked_layer,False
2001-02,1741,1610612747,Jelani McCoy,full_core,0,0,82,0,21,0,False,False,not_yet_supplied_after_exact_union_and_locked_layer,False
2001-02,1742,1610612760,Shammond Williams,full_core,0,0,82,0,50,0,False,False,not_yet_supplied_after_exact_union_and_locked_layer,False
2001-02,1743,1610612754,Bruno Sundov,full_core,0,0,82,0,21,0,False,False,not_yet_supplied_after_exact_union_and_locked_layer,False
2001-02,1744,1610612760,Jerome James,full_core,0,0,82,0,56,0,False,False,not_yet_supplied_after_exact_union_and_locked_layer,False
2001-02,1747,1610612749,Rafer Alston,full_core,0,0,82,0,50,0,False,False,not_yet_supplied_after_exact_union_and_locked_layer,False
2001-02,1749,1610612745,Cuttino Mobley,full_core,0,0,82,0,74,0,False,False,not_yet_supplied_after_exact_union_and_locked_layer,False
2001-02,1751,1610612764,Jahidi White,full_core,0,0,82,0,71,0,False,False,not_yet_supplied_after_exact_union_and_locked_layer,False
2001-02,1752,1610612748,Sean Marks,full_core,0,0,82,0,21,0,False,False,not_yet_supplied_after_exact_union_and_locked_layer,False
2001-02,1761,1610612742,Greg Buckner,full_core,0,0,82,0,44,0,False,False,not_yet_supplied_after_exact_union_and_locked_layer,False
2001-02,1763,1610612743,Ryan Bowen,full_core,0,0,82,0,75,0,False,False,not_yet_supplied_after_exact_union_and_locked_layer,False
2001-02,179,1610612739,Bryant Stith,full_core,0,0,82,0,50,0,False,False,not_yet_supplied_after_exact_union_and_locked_layer,False
2001-02,180,1610612762,John Crotty,full_core,0,0,82,0,41,0,False,False,not_yet_supplied_after_exact_union_and_locked_layer,False
2001-02,1800,1610612765,Damon Jones,full_core,0,0,82,0,67,0,False,False,not_yet_supplied_after_exact_union_and_locked_layer,False
2001-02,1838,1610612764,Tyrone Nesby,full_core,0,0,82,0,70,0,False,False,not_yet_supplied_after_exact_union_and_locked_layer,False
2001-02,185,1610612758,Chris Webber,full_core,0,0,82,0,54,0,False,False,not_yet_supplied_after_exact_union_and_locked_layer,False
2001-02,1853,1610612748,Anthony Carter,full_core,0,0,82,0,46,0,False,False,not_yet_supplied_after_exact_union_and_locked_layer,False
2001-02,1863,1610612746,Earl Boykins,full_core,0,0,82,0,68,0,False,False,not_yet_supplied_after_exact_union_and_locked_layer,False
2001-02,1882,1610612746,Elton Brand,full_core,0,0,82,0,80,0,False,False,not_yet_supplied_after_exact_union_and_locked_layer,False
2001-02,1883,1610612745,Steve Francis,full_core,0,0,82,0,57,0,False,False,not_yet_supplied_after_exact_union_and_locked_layer,False
2001-02,1884,1610612766,Baron Davis,full_core,0,0,82,0,82,0,False,False,not_yet_supplied_after_exact_union_and_locked_layer,False
2001-02,1885,1610612746,Lamar Odom,full_core,0,0,82,0,29,0,False,False,not_yet_supplied_after_exact_union_and_locked_layer,False
2001-02,1886,1610612754,Jonathan Bender,full_core,0,0,82,0,78,0,False,False,not_yet_supplied_after_exact_union_and_locked_layer,False
2001-02,1887,1610612750,Wally Szczerbiak,full_core,0,0,82,0,82,0,False,False,not_yet_supplied_after_exact_union_and_locked_layer,False
2001-02,1888,1610612764,Richard Hamilton,full_core,0,0,82,0,63,0,False,False,not_yet_supplied_after_exact_union_and_locked_layer,False
2001-02,1889,1610612739,Andre Miller,full_core,0,0,82,0,81,0,False,False,not_yet_supplied_after_exact_union_and_locked_layer,False
2001-02,1890,1610612756,Shawn Marion,full_core,0,0,82,0,81,0,False,False,not_yet_supplied_after_exact_union_and_locked_layer,False
2001-02,1891,1610612737,Jason Terry,full_core,0,0,82,0,78,0,False,False,not_yet_supplied_after_exact_union_and_locked_layer,False
2001-02,1892,1610612739,Trajan Langdon,full_core,0,0,82,0,44,0,False,False,not_yet_supplied_after_exact_union_and_locked_layer,False
2001-02,1894,1610612746,Corey Maggette,full_core,0,0,82,0,63,0,False,False,not_yet_supplied_after_exact_union_and_locked_layer,False
2001-02,1895,1610612750,William Avery,full_core,0,0,82,0,28,0,False,False,not_yet_supplied_after_exact_union_and_locked_layer,False
2001-02,1898,1610612737,Cal Bowdler,full_core,0,0,82,0,52,0,False,False,not_yet_supplied_after_exact_union_and_locked_layer,False
2001-02,1899,1610612743,James Posey,full_core,0,0,82,0,73,0,False,False,not_yet_supplied_after_exact_union_and_locked_layer,False
2001-02,1900,1610612762,Quincy Lewis,full_core,0,0,82,0,36,0,False,False,not_yet_supplied_after_exact_union_and_locked_layer,False
2001-02,1901,1610612737,Dion Glover,full_core,0,0,82,0,55,0,False,False,not_yet_supplied_after_exact_union_and_locked_layer,False
2001-02,1902,1610612754,Jeff Foster,full_core,0,0,82,0,82,0,False,False,not_yet_supplied_after_exact_union_and_locked_layer,False
2001-02,1903,1610612745,Kenny Thomas,full_core,0,0,82,0,72,0,False,False,not_yet_supplied_after_exact_union_and_locked_layer,False
2001-02,1904,1610612747,Devean George,full_core,0,0,82,0,82,0,False,False,not_yet_supplied_after_exact_union_and_locked_layer,False
2001-02,1905,1610612762,Andrei Kirilenko,full_core,0,0,82,0,82,0,False,False,not_yet_supplied_after_exact_union_and_locked_layer,False
2001-02,1907,1610612755,Vonteego Cummings,full_core,0,0,82,0,58,0,False,False,not_yet_supplied_after_exact_union_and_locked_layer,False
2001-02,1908,1610612739,Jumaine Jones,full_core,0,0,82,0,81,0,False,False,not_yet_supplied_after_exact_union_and_locked_layer,False
2001-02,1909,1610612762,Scott Padgett,full_core,0,0,82,0,75,0,False,False,not_yet_supplied_after_exact_union_and_locked_layer,False
2001-02,1915,1610612742,Evan Eschmeyer,full_core,0,0,82,0,31,0,False,False,not_yet_supplied_after_exact_union_and_locked_layer,False
2001-02,1916,1610612760,Calvin Booth,full_core,0,0,82,0,15,0,False,False,not_yet_supplied_after_exact_union_and_locked_layer,False
2001-02,1917,1610612742,Wang Zhi-zhi,full_core,0,0,82,0,55,0,False,False,not_yet_supplied_after_exact_union_and_locked_layer,False
2001-02,1918,1610612746,Obinna Ekezie,full_core,0,0,82,0,28,0,False,False,not_yet_supplied_after_exact_union_and_locked_layer,False
2001-02,1924,1610612766,Lee Nailon,full_core,0,0,82,0,79,0,False,False,not_yet_supplied_after_exact_union_and_locked_layer,False
2001-02,1928,1610612751,Todd MacCulloch,full_core,0,0,82,0,62,0,False,False,not_yet_supplied_after_exact_union_and_locked_layer,False
2001-02,193,1610612749,Anthony Mason,full_core,0,0,82,0,82,0,False,False,not_yet_supplied_after_exact_union_and_locked_layer,False
2001-02,1942,1610612746,Harold Jamison,full_core,0,0,82,0,25,0,False,False,not_yet_supplied_after_exact_union_and_locked_layer,False
2001-02,1944,1610612741,Eddie Robinson,full_core,0,0,82,0,29,0,False,False,not_yet_supplied_after_exact_union_and_locked_layer,False
2001-02,1952,1610612755,Raja Bell,full_core,0,0,82,0,74,0,False,False,not_yet_supplied_after_exact_union_and_locked_layer,False
2001-02,198,1610612759,Danny Ferry,full_core,0,0,82,0,50,0,False,False,not_yet_supplied_after_exact_union_and_locked_layer,False
2001-02,1985,1610612743,Zendon Hamilton,full_core,0,0,82,0,54,0,False,False,not_yet_supplied_after_exact_union_and_locked_layer,False
2001-02,201,1610612757,Chris Dudley,full_core,0,0,82,0,43,0,False,False,not_yet_supplied_after_exact_union_and_locked_layer,False
2001-02,2030,1610612751,Kenyon Martin,full_core,0,0,82,0,73,0,False,False,not_yet_supplied_after_exact_union_and_locked_layer,False
2001-02,2031,1610612763,Stromile Swift,full_core,0,0,82,0,68,0,False,False,not_yet_supplied_after_exact_union_and_locked_layer,False
2001-02,2032,1610612746,Darius Miles,full_core,0,0,82,0,82,0,False,False,not_yet_supplied_after_exact_union_and_locked_layer,False
2001-02,2033,1610612741,Marcus Fizer,full_core,0,0,82,0,76,0,False,False,not_yet_supplied_after_exact_union_and_locked_layer,False
2001-02,2034,1610612753,Mike Miller,full_core,0,0,82,0,63,0,False,False,not_yet_supplied_after_exact_union_and_locked_layer,False
2001-02,2035,1610612737,DerMarr Johnson,full_core,0,0,82,0,72,0,False,False,not_yet_supplied_after_exact_union_and_locked_layer,False
2001-02,2036,1610612739,Chris Mihm,full_core,0,0,82,0,74,0,False,False,not_yet_supplied_after_exact_union_and_locked_layer,False
2001-02,2037,1610612741,Jamal Crawford,full_core,0,0,82,0,23,0,False,False,not_yet_supplied_after_exact_union_and_locked_layer,False
2001-02,2038,1610612749,Joel Przybilla,full_core,0,0,82,0,71,0,False,False,not_yet_supplied_after_exact_union_and_locked_layer,False
2001-02,2039,1610612746,Keyon Dooling,full_core,0,0,82,0,14,0,False,False,not_yet_supplied_after_exact_union_and_locked_layer,False
2001-02,2040,1610612766,Jerome Moiso,full_core,0,0,82,0,15,0,False,False,not_yet_supplied_after_exact_union_and_locked_layer,False
2001-02,2041,1610612764,Etan Thomas,full_core,0,0,82,0,47,0,False,False,not_yet_supplied_after_exact_union_and_locked_layer,False
2001-02,2042,1610612764,Courtney Alexander,full_core,0,0,82,0,56,0,False,False,not_yet_supplied_after_exact_union_and_locked_layer,False
2001-02,2043,1610612758,Mateen Cleaves,full_core,0,0,82,0,32,0,False,False,not_yet_supplied_after_exact_union_and_locked_layer,False
2001-02,2044,1610612745,Jason Collier,full_core,0,0,82,0,25,0,False,False,not_yet_supplied_after_exact_union_and_locked_layer,False
2001-02,2045,1610612758,Hedo Turkoglu,full_core,0,0,82,0,80,0,False,False,not_yet_supplied_after_exact_union_and_locked_layer,False
2001-02,2046,1610612760,Desmond Mason,full_core,0,0,82,0,75,0,False,False,not_yet_supplied_after_exact_union_and_locked_layer,False
2001-02,2047,1610612746,Quentin Richardson,full_core,0,0,82,0,81,0,False,False,not_yet_supplied_after_exact_union_and_locked_layer,False
2001-02,2048,1610612766,Jamaal Magloire,full_core,0,0,82,0,82,0,False,False,not_yet_supplied_after_exact_union_and_locked_layer,False
2001-02,2049,1610612755,Speedy Claxton,full_core,0,0,82,0,67,0,False,False,not_yet_supplied_after_exact_union_and_locked_layer,False
2001-02,2050,1610612761,Morris Peterson,full_core,0,0,82,0,63,0,False,False,not_yet_supplied_after_exact_union_and_locked_layer,False
2001-02,2052,1610612762,DeShawn Stevenson,full_core,0,0,82,0,67,0,False,False,not_yet_supplied_after_exact_union_and_locked_layer,False
2001-02,2053,1610612741,Dalibor Bagaric,full_core,0,0,82,0,50,0,False,False,not_yet_supplied_after_exact_union_and_locked_layer,False
2001-02,2054,1610612756,Jake Tsakalidis,full_core,0,0,82,0,67,0,False,False,not_yet_supplied_after_exact_union_and_locked_layer,False
2001-02,2055,1610612761,Mamadou N'diaye,full_core,0,0,82,0,5,0,False,False,not_yet_supplied_after_exact_union_and_locked_layer,False
2001-02,2056,1610612754,Primoz Brezec,full_core,0,0,82,0,22,0,False,False,not_yet_supplied_after_exact_union_and_locked_layer,False
2001-02,2057,1610612757,Erick Barkley,full_core,0,0,82,0,19,0,False,False,not_yet_supplied_after_exact_union_and_locked_layer,False
2001-02,2058,1610612747,Mark Madsen,full_core,0,0,82,0,59,0,False,False,not_yet_supplied_after_exact_union_and_locked_layer,False
2001-02,2059,1610612742,Eduardo Najera,full_core,0,0,82,0,62,0,False,False,not_yet_supplied_after_exact_union_and_locked_layer,False
2001-02,2061,1610612745,Dan Langhi,full_core,0,0,82,0,34,0,False,False,not_yet_supplied_after_exact_union_and_locked_layer,False
2001-02,2062,1610612741,A.J. Guyton,full_core,0,0,82,0,45,0,False,False,not_yet_supplied_after_exact_union_and_locked_layer,False
2001-02,2063,1610612756,Jake Voskuhl,full_core,0,0,82,0,59,0,False,False,not_yet_supplied_after_exact_union_and_locked_layer,False
2001-02,2067,1610612748,Eddie House,full_core,0,0,82,0,64,0,False,False,not_yet_supplied_after_exact_union_and_locked_layer,False
2001-02,2068,1610612752,Lavor Postell,full_core,0,0,82,0,23,0,False,False,not_yet_supplied_after_exact_union_and_locked_layer,False
2001-02,2069,1610612737,Hanno Mottola,full_core,0,0,82,0,82,0,False,False,not_yet_supplied_after_exact_union_and_locked_layer,False
2001-02,2071,1610612760,Olumide Oyedeji,full_core,0,0,82,0,36,0,False,False,not_yet_supplied_after_exact_union_and_locked_layer,False
2001-02,2072,1610612749,Michael Redd,full_core,0,0,82,0,67,0,False,False,not_yet_supplied_after_exact_union_and_locked_layer,False
2001-02,2073,1610612765,Brian Cardinal,full_core,0,0,82,0,8,0,False,False,not_yet_supplied_after_exact_union_and_locked_layer,False
2001-02,208,1610612749,Sam Cassell,full_core,0,0,82,0,74,0,False,False,not_yet_supplied_after_exact_union_and_locked_layer,False
2001-02,2081,1610612748,Ernest Brown,full_core,0,0,82,0,3,0,False,False,not_yet_supplied_after_exact_union_and_locked_layer,False
2001-02,209,1610612761,Dell Curry,full_core,0,0,82,0,56,0,False,False,not_yet_supplied_after_exact_union_and_locked_layer,False
2001-02,2098,1610612747,Slava Medvedenko,full_core,0,0,82,0,71,0,False,False,not_yet_supplied_after_exact_union_and_locked_layer,False
2001-02,210,1610612750,Terrell Brandon,full_core,0,0,82,0,32,0,False,False,not_yet_supplied_after_exact_union_and_locked_layer,False
2001-02,2124,1610612748,Malik Allen,full_core,0,0,82,0,12,0,False,False,not_yet_supplied_after_exact_union_and_locked_layer,False
2001-02,213,1610612761,Antonio Davis,full_core,0,0,82,0,77,0,False,False,not_yet_supplied_after_exact_union_and_locked_layer,False
2001-02,2198,1610612764,Kwame Brown,full_core,0,0,82,0,57,0,False,False,not_yet_supplied_after_exact_union_and_locked_layer,False
2001-02,2199,1610612741,Tyson Chandler,full_core,0,0,82,0,71,0,False,False,not_yet_supplied_after_exact_union_and_locked_layer,False
2001-02,2200,1610612763,Pau Gasol,full_core,0,0,82,0,82,0,False,False,not_yet_supplied_after_exact_union_and_locked_layer,False
2001-02,2201,1610612741,Eddy Curry,full_core,0,0,82,0,72,0,False,False,not_yet_supplied_after_exact_union_and_locked_layer,False
2001-02,2202,1610612744,Jason Richardson,full_core,0,0,82,0,80,0,False,False,not_yet_supplied_after_exact_union_and_locked_layer,False
2001-02,2203,1610612763,Shane Battier,full_core,0,0,82,0,78,0,False,False,not_yet_supplied_after_exact_union_and_locked_layer,False
2001-02,2204,1610612745,Eddie Griffin,full_core,0,0,82,0,73,0,False,False,not_yet_supplied_after_exact_union_and_locked_layer,False
2001-02,2205,1610612739,DeSagana Diop,full_core,0,0,82,0,18,0,False,False,not_yet_supplied_after_exact_union_and_locked_layer,False
2001-02,2206,1610612765,Rodney White,full_core,0,0,82,0,16,0,False,False,not_yet_supplied_after_exact_union_and_locked_layer,False
2001-02,2208,1610612738,Kedrick Brown,full_core,0,0,82,0,29,0,False,False,not_yet_supplied_after_exact_union_and_locked_layer,False
2001-02,2209,1610612760,Vladimir Radmanovic,full_core,0,0,82,0,61,0,False,False,not_yet_supplied_after_exact_union_and_locked_layer,False
2001-02,221,1610612752,Clar. Weatherspoon,full_core,0,0,82,0,56,0,False,False,not_yet_supplied_after_exact_union_and_locked_layer,False
2001-02,2210,1610612751,Richard Jefferson,full_core,0,0,82,0,79,0,False,False,not_yet_supplied_after_exact_union_and_locked_layer,False
2001-02,2211,1610612744,Troy Murphy,full_core,0,0,82,0,82,0,False,False,not_yet_supplied_after_exact_union_and_locked_layer,False
2001-02,2212,1610612753,Steven Hunter,full_core,0,0,82,0,53,0,False,False,not_yet_supplied_after_exact_union_and_locked_layer,False
2001-02,2213,1610612766,Kirk Haston,full_core,0,0,82,0,15,0,False,False,not_yet_supplied_after_exact_union_and_locked_layer,False
2001-02,2214,1610612761,Michael Bradley,full_core,0,0,82,0,26,0,False,False,not_yet_supplied_after_exact_union_and_locked_layer,False
2001-02,2215,1610612751,Jason Collins,full_core,0,0,82,0,77,0,False,False,not_yet_supplied_after_exact_union_and_locked_layer,False
2001-02,2216,1610612757,Zach Randolph,full_core,0,0,82,0,40,0,False,False,not_yet_supplied_after_exact_union_and_locked_layer,False
2001-02,2217,1610612764,Brendan Haywood,full_core,0,0,82,0,62,0,False,False,not_yet_supplied_after_exact_union_and_locked_layer,False
2001-02,2218,1610612738,Joseph Forte,full_core,0,0,82,0,8,0,False,False,not_yet_supplied_after_exact_union_and_locked_layer,False
2001-02,2219,1610612753,Jeryl Sasser,full_core,0,0,82,0,7,0,False,False,not_yet_supplied_after_exact_union_and_locked_layer,False
2001-02,2220,1610612751,Brandon Armstrong,full_core,0,0,82,0,35,0,False,False,not_yet_supplied_after_exact_union_and_locked_layer,False
2001-02,2222,1610612758,Gerald Wallace,full_core,0,0,82,0,54,0,False,False,not_yet_supplied_after_exact_union_and_locked_layer,False
2001-02,2223,1610612755,Samuel Dalembert,full_core,0,0,82,0,34,0,False,False,not_yet_supplied_after_exact_union_and_locked_layer,False
2001-02,2224,1610612754,Jamaal Tinsley,full_core,0,0,82,0,80,0,False,False,not_yet_supplied_after_exact_union_and_locked_layer,False
2001-02,2225,1610612759,Tony Parker,full_core,0,0,82,0,77,0,False,False,not_yet_supplied_after_exact_union_and_locked_layer,False
2001-02,2226,1610612763,Will Solomon,full_core,0,0,82,0,62,0,False,False,not_yet_supplied_after_exact_union_and_locked_layer,False
2001-02,2228,1610612756,Alton Ford,full_core,0,0,82,0,52,0,False,False,not_yet_supplied_after_exact_union_and_locked_layer,False
2001-02,2230,1610612750,Maurice Evans,full_core,0,0,82,0,10,0,False,False,not_yet_supplied_after_exact_union_and_locked_layer,False
2001-02,2237,1610612765,Ratko Varda,full_core,0,0,82,0,1,0,False,False,not_yet_supplied_after_exact_union_and_locked_layer,False
2001-02,2238,1610612763,Antonis Fotsis,full_core,0,0,82,0,28,0,False,False,not_yet_supplied_after_exact_union_and_locked_layer,False
2001-02,2239,1610612741,Trenton Hassell,full_core,0,0,82,0,78,0,False,False,not_yet_supplied_after_exact_union_and_locked_layer,False
2001-02,224,1610612748,Eddie Jones,full_core,0,0,82,0,81,0,False,False,not_yet_supplied_after_exact_union_and_locked_layer,False
2001-02,2240,1610612744,Gilbert Arenas,full_core,0,0,82,0,47,0,False,False,not_yet_supplied_after_exact_union_and_locked_layer,False
2001-02,2242,1610612745,Terence Morris,full_core,0,0,82,0,68,0,False,False,not_yet_supplied_after_exact_union_and_locked_layer,False
2001-02,2243,1610612751,Brian Scalabrine,full_core,0,0,82,0,28,0,False,False,not_yet_supplied_after_exact_union_and_locked_layer,False
2001-02,2244,1610612739,Jeff Trepagnier,full_core,0,0,82,0,12,0,False,False,not_yet_supplied_after_exact_union_and_locked_layer,False
2001-02,2245,1610612755,Damone Brown,full_core,0,0,82,0,17,0,False,False,not_yet_supplied_after_exact_union_and_locked_layer,False
2001-02,2248,1610612760,Earl Watson,full_core,0,0,82,0,64,0,False,False,not_yet_supplied_after_exact_union_and_locked_layer,False
2001-02,2249,1610612754,Jamison Brewer,full_core,0,0,82,0,13,0,False,False,not_yet_supplied_after_exact_union_and_locked_layer,False
2001-02,2250,1610612764,Bobby Simmons,full_core,0,0,82,0,30,0,False,False,not_yet_supplied_after_exact_union_and_locked_layer,False
2001-02,2254,1610612750,Loren Woods,full_core,0,0,82,0,60,0,False,False,not_yet_supplied_after_exact_union_and_locked_layer,False
2001-02,2257,1610612757,Ruben Boumtje-Boumtje,full_core,0,0,82,0,33,0,False,False,not_yet_supplied_after_exact_union_and_locked_layer,False
2001-02,2260,1610612762,Jarron Collins,full_core,0,0,82,0,70,0,False,False,not_yet_supplied_after_exact_union_and_locked_layer,False
2001-02,2261,1610612743,Kenny Satterfield,full_core,0,0,82,0,36,0,False,False,not_yet_supplied_after_exact_union_and_locked_layer,False
2001-02,2264,1610612755,Alvin Jones,full_core,0,0,82,0,23,0,False,False,not_yet_supplied_after_exact_union_and_locked_layer,False
2001-02,2349,1610612765,Victor Alexander,full_core,0,0,82,0,14,0,False,False,not_yet_supplied_after_exact_union_and_locked_layer,False
2001-02,2351,1610612745,Oscar Torres,full_core,0,0,82,0,65,0,False,False,not_yet_supplied_after_exact_union_and_locked_layer,False
2001-02,2352,1610612744,Dean Oliver,full_core,0,0,82,0,20,0,False,False,not_yet_supplied_after_exact_union_and_locked_layer,False
2001-02,2357,1610612745,Tierre Brown,full_core,0,0,82,0,40,0,False,False,not_yet_supplied_after_exact_union_and_locked_layer,False
2001-02,238,1610612739,Tyrone Hill,full_core,0,0,82,0,26,0,False,False,not_yet_supplied_after_exact_union_and_locked_layer,False
2001-02,243,1610612755,Aaron McKie,full_core,0,0,82,0,48,0,False,False,not_yet_supplied_after_exact_union_and_locked_layer,False
2001-02,248,1610612766,George Lynch,full_core,0,0,82,0,45,0,False,False,not_yet_supplied_after_exact_union_and_locked_layer,False
2001-02,252,1610612762,Karl Malone,full_core,0,0,82,0,80,0,False,False,not_yet_supplied_after_exact_union_and_locked_layer,False
2001-02,255,1610612753,Grant Hill,full_core,0,0,82,0,14,0,False,False,not_yet_supplied_after_exact_union_and_locked_layer,False
2001-02,258,1610612748,Brian Grant,full_core,0,0,82,0,72,0,False,False,not_yet_supplied_after_exact_union_and_locked_layer,False
2001-02,270,1610612753,Horace Grant,full_core,0,0,82,0,76,0,False,False,not_yet_supplied_after_exact_union_and_locked_layer,False
2001-02,275,1610612752,Allan Houston,full_core,0,0,82,0,77,0,False,False,not_yet_supplied_after_exact_union_and_locked_layer,False
2001-02,278,1610612766,Stacey Augmon,full_core,0,0,82,0,77,0,False,False,not_yet_supplied_after_exact_union_and_locked_layer,False
2001-02,280,1610612752,Felton Spencer,full_core,0,0,82,0,32,0,False,False,not_yet_supplied_after_exact_union_and_locked_layer,False
2001-02,281,1610612743,Scott Williams,full_core,0,0,82,0,41,0,False,False,not_yet_supplied_after_exact_union_and_locked_layer,False
2001-02,283,1610612747,Lindsey Hunter,full_core,0,0,82,0,82,0,False,False,not_yet_supplied_after_exact_union_and_locked_layer,False
2001-02,296,1610612747,Rick Fox,full_core,0,0,82,0,82,0,False,False,not_yet_supplied_after_exact_union_and_locked_layer,False
2001-02,297,1610612748,Alonzo Mourning,full_core,0,0,82,0,75,0,False,False,not_yet_supplied_after_exact_union_and_locked_layer,False
2001-02,299,1610612749,Glenn Robinson,full_core,0,0,82,0,66,0,False,False,not_yet_supplied_after_exact_union_and_locked_layer,False
2001-02,3,1610612763,Grant Long,full_core,0,0,82,0,66,0,False,False,not_yet_supplied_after_exact_union_and_locked_layer,False
2001-02,302,1610612744,Mookie Blaylock,full_core,0,0,82,0,35,0,False,False,not_yet_supplied_after_exact_union_and_locked_layer,False
2001-02,304,1610612762,John Stockton,full_core,0,0,82,0,82,0,False,False,not_yet_supplied_after_exact_union_and_locked_layer,False
2001-02,317,1610612762,John Starks,full_core,0,0,82,0,66,0,False,False,not_yet_supplied_after_exact_union_and_locked_layer,False
2001-02,323,1610612749,Greg Foster,full_core,0,0,82,0,6,0,False,False,not_yet_supplied_after_exact_union_and_locked_layer,False
2001-02,324,1610612750,Anthony Peeler,full_core,0,0,82,0,82,0,False,False,not_yet_supplied_after_exact_union_and_locked_layer,False
2001-02,330,1610612742,Danny Manning,full_core,0,0,82,0,41,0,False,False,not_yet_supplied_after_exact_union_and_locked_layer,False
2001-02,339,1610612756,Tom Gugliotta,full_core,0,0,82,0,44,0,False,False,not_yet_supplied_after_exact_union_and_locked_layer,False
2001-02,344,1610612765,Dana Barros,full_core,0,0,82,0,29,0,False,False,not_yet_supplied_after_exact_union_and_locked_layer,False
2001-02,345,1610612759,Terry Porter,full_core,0,0,82,0,72,0,False,False,not_yet_supplied_after_exact_union_and_locked_layer,False
2001-02,348,1610612757,Mitchell Butler,full_core,0,0,82,0,11,0,False,False,not_yet_supplied_after_exact_union_and_locked_layer,False
2001-02,349,1610612752,Mark Jackson,full_core,0,0,82,0,82,0,False,False,not_yet_supplied_after_exact_union_and_locked_layer,False
2001-02,353,1610612753,Darrell Armstrong,full_core,0,0,82,0,82,0,False,False,not_yet_supplied_after_exact_union_and_locked_layer,False
2001-02,358,1610612756,Anfernee Hardaway,full_core,0,0,82,0,80,0,False,False,not_yet_supplied_after_exact_union_and_locked_layer,False
2001-02,361,1610612765,Clifford Robinson,full_core,0,0,82,0,80,0,False,False,not_yet_supplied_after_exact_union_and_locked_layer,False
2001-02,363,1610612764,Christian Laettner,full_core,0,0,82,0,57,0,False,False,not_yet_supplied_after_exact_union_and_locked_layer,False
2001-02,369,1610612752,Charlie Ward,full_core,0,0,82,0,63,0,False,False,not_yet_supplied_after_exact_union_and_locked_layer,False
2001-02,376,1610612761,Eric Montross,full_core,0,0,82,0,49,0,False,False,not_yet_supplied_after_exact_union_and_locked_layer,False
2001-02,383,1610612748,Kendall Gill,full_core,0,0,82,0,65,0,False,False,not_yet_supplied_after_exact_union_and_locked_layer,False
2001-02,384,1610612743,Calbert Cheaney,full_core,0,0,82,0,68,0,False,False,not_yet_supplied_after_exact_union_and_locked_layer,False
2001-02,389,1610612737,Toni Kukoc,full_core,0,0,82,0,59,0,False,False,not_yet_supplied_after_exact_union_and_locked_layer,False
2001-02,393,1610612748,Rod Strickland,full_core,0,0,82,0,76,0,False,False,not_yet_supplied_after_exact_union_and_locked_layer,False
2001-02,397,1610612754,Reggie Miller,full_core,0,0,82,0,79,0,False,False,not_yet_supplied_after_exact_union_and_locked_layer,False
2001-02,399,1610612746,Sean Rooks,full_core,0,0,82,0,61,0,False,False,not_yet_supplied_after_exact_union_and_locked_layer,False
2001-02,406,1610612747,Shaquille O'Neal,full_core,0,0,82,0,67,0,False,False,not_yet_supplied_after_exact_union_and_locked_layer,False
2001-02,417,1610612750,Sam Mitchell,full_core,0,0,82,0,74,0,False,False,not_yet_supplied_after_exact_union_and_locked_layer,False
2001-02,42,1610612753,Monty Williams,full_core,0,0,82,0,68,0,False,False,not_yet_supplied_after_exact_union_and_locked_layer,False
2001-02,423,1610612748,Chris Gatling,full_core,0,0,82,0,54,0,False,False,not_yet_supplied_after_exact_union_and_locked_layer,False
2001-02,43,1610612764,Chris Whitney,full_core,0,0,82,0,82,0,False,False,not_yet_supplied_after_exact_union_and_locked_layer,False
2001-02,431,1610612757,Shawn Kemp,full_core,0,0,82,0,75,0,False,False,not_yet_supplied_after_exact_union_and_locked_layer,False
2001-02,435,1610612754,Carlos Rogers,full_core,0,0,82,0,22,0,False,False,not_yet_supplied_after_exact_union_and_locked_layer,False
2001-02,441,1610612739,Lamond Murray,full_core,0,0,82,0,71,0,False,False,not_yet_supplied_after_exact_union_and_locked_layer,False
2001-02,445,1610612739,Wesley Person,full_core,0,0,82,0,78,0,False,False,not_yet_supplied_after_exact_union_and_locked_layer,False
2001-02,446,1610612751,Lucious Harris,full_core,0,0,82,0,74,0,False,False,not_yet_supplied_after_exact_union_and_locked_layer,False
2001-02,45,1610612743,George McCloud,full_core,0,0,82,0,69,0,False,False,not_yet_supplied_after_exact_union_and_locked_layer,False
2001-02,452,1610612760,Vin Baker,full_core,0,0,82,0,55,0,False,False,not_yet_supplied_after_exact_union_and_locked_layer,False
2001-02,458,1610612752,Howard Eisley,full_core,0,0,82,0,39,0,False,False,not_yet_supplied_after_exact_union_and_locked_layer,False
2001-02,461,1610612764,Popeye Jones,full_core,0,0,82,0,79,0,False,False,not_yet_supplied_after_exact_union_and_locked_layer,False
2001-02,467,1610612751,Jason Kidd,full_core,0,0,82,0,82,0,False,False,not_yet_supplied_after_exact_union_and_locked_layer,False
2001-02,468,1610612765,Jon Barry,full_core,0,0,82,0,82,0,False,False,not_yet_supplied_after_exact_union_and_locked_layer,False
2001-02,469,1610612766,Jamal Mashburn,full_core,0,0,82,0,40,0,False,False,not_yet_supplied_after_exact_union_and_locked_layer,False
2001-02,56,1610612760,Gary Payton,full_core,0,0,82,0,82,0,False,False,not_yet_supplied_after_exact_union_and_locked_layer,False
2001-02,57,1610612758,Doug Christie,full_core,0,0,82,0,81,0,False,False,not_yet_supplied_after_exact_union_and_locked_layer,False
2001-02,672,1610612766,Matt Bullard,full_core,0,0,82,0,31,0,False,False,not_yet_supplied_after_exact_union_and_locked_layer,False
2001-02,673,1610612737,Alan Henderson,full_core,0,0,82,0,26,0,False,False,not_yet_supplied_after_exact_union_and_locked_layer,False
2001-02,677,1610612738,Eric Williams,full_core,0,0,82,0,74,0,False,False,not_yet_supplied_after_exact_union_and_locked_layer,False
2001-02,679,1610612749,Jason Caffey,full_core,0,0,82,0,23,0,False,False,not_yet_supplied_after_exact_union_and_locked_layer,False
2001-02,680,1610612762,John Amaechi,full_core,0,0,82,0,54,0,False,False,not_yet_supplied_after_exact_union_and_locked_layer,False
2001-02,682,1610612744,Bob Sura,full_core,0,0,82,0,78,0,False,False,not_yet_supplied_after_exact_union_and_locked_layer,False
2001-02,685,1610612759,Cherokee Parks,full_core,0,0,82,0,42,0,False,False,not_yet_supplied_after_exact_union_and_locked_layer,False
2001-02,686,1610612743,Antonio McDyess,full_core,0,0,82,0,10,0,False,False,not_yet_supplied_after_exact_union_and_locked_layer,False
2001-02,688,1610612765,Michael Curry,full_core,0,0,82,0,82,0,False,False,not_yet_supplied_after_exact_union_and_locked_layer,False
2001-02,689,1610612737,Theo Ratliff,full_core,0,0,82,0,3,0,False,False,not_yet_supplied_after_exact_union_and_locked_layer,False
2001-02,690,1610612753,Don Reid,full_core,0,0,82,0,68,0,False,False,not_yet_supplied_after_exact_union_and_locked_layer,False
2001-02,692,1610612753,Andrew DeClercq,full_core,0,0,82,0,61,0,False,False,not_yet_supplied_after_exact_union_and_locked_layer,False
2001-02,693,1610612750,Joe Smith,full_core,0,0,82,0,72,0,False,False,not_yet_supplied_after_exact_union_and_locked_layer,False
2001-02,697,1610612741,Fred Hoiberg,full_core,0,0,82,0,79,0,False,False,not_yet_supplied_after_exact_union_and_locked_layer,False
2001-02,699,1610612760,Brent Barry,full_core,0,0,82,0,81,0,False,False,not_yet_supplied_after_exact_union_and_locked_layer,False
2001-02,70,1610612757,Steve Kerr,full_core,0,0,82,0,65,0,False,False,not_yet_supplied_after_exact_union_and_locked_layer,False
2001-02,702,1610612743,Voshon Lenard,full_core,0,0,82,0,71,0,False,False,not_yet_supplied_after_exact_union_and_locked_layer,False
2001-02,703,1610612752,Kurt Thomas,full_core,0,0,82,0,82,0,False,False,not_yet_supplied_after_exact_union_and_locked_layer,False
2001-02,708,1610612750,Kevin Garnett,full_core,0,0,82,0,81,0,False,False,not_yet_supplied_after_exact_union_and_locked_layer,False
2001-02,711,1610612765,Jerry Stackhouse,full_core,0,0,82,0,76,0,False,False,not_yet_supplied_after_exact_union_and_locked_layer,False
2001-02,714,1610612742,Michael Finley,full_core,0,0,82,0,69,0,False,False,not_yet_supplied_after_exact_union_and_locked_layer,False
2001-02,718,1610612750,Gary Trent,full_core,0,0,82,0,64,0,False,False,not_yet_supplied_after_exact_union_and_locked_layer,False
2001-02,72,1610612738,Kenny Anderson,full_core,0,0,82,0,76,0,False,False,not_yet_supplied_after_exact_union_and_locked_layer,False
2001-02,722,1610612765,Corliss Williamson,full_core,0,0,82,0,78,0,False,False,not_yet_supplied_after_exact_union_and_locked_layer,False
2001-02,727,1610612755,Eric Snow,full_core,0,0,82,0,61,0,False,False,not_yet_supplied_after_exact_union_and_locked_layer,False
2001-02,731,1610612762,Greg Ostertag,full_core,0,0,82,0,74,0,False,False,not_yet_supplied_after_exact_union_and_locked_layer,False
2001-02,739,1610612757,Rasheed Wallace,full_core,0,0,82,0,79,0,False,False,not_yet_supplied_after_exact_union_and_locked_layer,False
2001-02,757,1610612757,Damon Stoudamire,full_core,0,0,82,0,75,0,False,False,not_yet_supplied_after_exact_union_and_locked_layer,False
2001-02,762,1610612742,Shawn Bradley,full_core,0,0,82,0,53,0,False,False,not_yet_supplied_after_exact_union_and_locked_layer,False
2001-02,763,1610612763,Tony Massenburg,full_core,0,0,82,0,73,0,False,False,not_yet_supplied_after_exact_union_and_locked_layer,False
2001-02,764,1610612759,David Robinson,full_core,0,0,82,0,78,0,False,False,not_yet_supplied_after_exact_union_and_locked_layer,False
2001-02,779,1610612745,Glen Rice,full_core,0,0,82,0,20,0,False,False,not_yet_supplied_after_exact_union_and_locked_layer,False
2001-02,782,1610612747,Mitch Richmond,full_core,0,0,82,0,64,0,False,False,not_yet_supplied_after_exact_union_and_locked_layer,False
2001-02,788,1610612745,Kevin Willis,full_core,0,0,82,0,52,0,False,False,not_yet_supplied_after_exact_union_and_locked_layer,False
2001-02,84,1610612752,Latrell Sprewell,full_core,0,0,82,0,81,0,False,False,not_yet_supplied_after_exact_union_and_locked_layer,False
2001-02,85,1610612758,Brent Price,full_core,0,0,82,0,20,0,False,False,not_yet_supplied_after_exact_union_and_locked_layer,False
2001-02,87,1610612755,Dikembe Mutombo,full_core,0,0,82,0,80,0,False,False,not_yet_supplied_after_exact_union_and_locked_layer,False
2001-02,891,1610612741,Charles Oakley,full_core,0,0,82,0,57,0,False,False,not_yet_supplied_after_exact_union_and_locked_layer,False
2001-02,893,1610612764,Michael Jordan,full_core,0,0,82,0,60,0,False,False,not_yet_supplied_after_exact_union_and_locked_layer,False
2001-02,902,1610612739,Bimbo Coles,full_core,0,0,82,0,47,0,False,False,not_yet_supplied_after_exact_union_and_locked_layer,False
2001-02,905,1610612757,Dale Davis,full_core,0,0,82,0,78,0,False,False,not_yet_supplied_after_exact_union_and_locked_layer,False
2001-02,911,1610612749,Ervin Johnson,full_core,0,0,82,0,81,0,False,False,not_yet_supplied_after_exact_union_and_locked_layer,False
2001-02,916,1610612755,Corie Blount,full_core,0,0,82,0,72,0,False,False,not_yet_supplied_after_exact_union_and_locked_layer,False
2001-02,922,1610612766,Elden Campbell,full_core,0,0,82,0,77,0,False,False,not_yet_supplied_after_exact_union_and_locked_layer,False
2001-02,923,1610612762,Donyell Marshall,full_core,0,0,82,0,58,0,False,False,not_yet_supplied_after_exact_union_and_locked_layer,False
2001-02,93,1610612764,Hubert Davis,full_core,0,0,82,0,51,0,False,False,not_yet_supplied_after_exact_union_and_locked_layer,False
2001-02,934,1610612755,Derrick Coleman,full_core,0,0,82,0,58,0,False,False,not_yet_supplied_after_exact_union_and_locked_layer,False
2001-02,935,1610612762,Bryon Russell,full_core,0,0,82,0,66,0,False,False,not_yet_supplied_after_exact_union_and_locked_layer,False
2001-02,937,1610612757,Scottie Pippen,full_core,0,0,82,0,62,0,False,False,not_yet_supplied_after_exact_union_and_locked_layer,False
2001-02,947,1610612755,Allen Iverson,full_core,0,0,82,0,60,0,False,False,not_yet_supplied_after_exact_union_and_locked_layer,False
2001-02,948,1610612752,Marcus Camby,full_core,0,0,82,0,29,0,False,False,not_yet_supplied_after_exact_union_and_locked_layer,False
2001-02,949,1610612737,Shareef Abdur-Rahim,full_core,0,0,82,0,77,0,False,False,not_yet_supplied_after_exact_union_and_locked_layer,False
2001-02,95,1610612759,Mark Bryant,full_core,0,0,82,0,30,0,False,False,not_yet_supplied_after_exact_union_and_locked_layer,False
2001-02,950,1610612756,Stephon Marbury,full_core,0,0,82,0,82,0,False,False,not_yet_supplied_after_exact_union_and_locked_layer,False
2001-02,951,1610612749,Ray Allen,full_core,0,0,82,0,69,0,False,False,not_yet_supplied_after_exact_union_and_locked_layer,False
2001-02,952,1610612738,Antoine Walker,full_core,0,0,82,0,81,0,False,False,not_yet_supplied_after_exact_union_and_locked_layer,False
2001-02,953,1610612763,Lorenzen Wright,full_core,0,0,82,0,43,0,False,False,not_yet_supplied_after_exact_union_and_locked_layer,False
2001-02,954,1610612751,Kerry Kittles,full_core,0,0,82,0,82,0,False,False,not_yet_supplied_after_exact_union_and_locked_layer,False
2001-02,955,1610612747,Samaki Walker,full_core,0,0,82,0,69,0,False,False,not_yet_supplied_after_exact_union_and_locked_layer,False
2001-02,956,1610612744,Erick Dampier,full_core,0,0,82,0,73,0,False,False,not_yet_supplied_after_exact_union_and_locked_layer,False
2001-02,958,1610612738,Vitaly Potapenko,full_core,0,0,82,0,79,0,False,False,not_yet_supplied_after_exact_union_and_locked_layer,False
2001-02,959,1610612742,Steve Nash,full_core,0,0,82,0,82,0,False,False,not_yet_supplied_after_exact_union_and_locked_layer,False
2001-02,961,1610612756,John Wallace,full_core,0,0,82,0,46,0,False,False,not_yet_supplied_after_exact_union_and_locked_layer,False
2001-02,962,1610612738,Walter McCarty,full_core,0,0,82,0,56,0,False,False,not_yet_supplied_after_exact_union_and_locked_layer,False
2001-02,965,1610612747,Derek Fisher,full_core,0,0,82,0,70,0,False,False,not_yet_supplied_after_exact_union_and_locked_layer,False
2001-02,966,1610612761,Jerome Williams,full_core,0,0,82,0,68,0,False,False,not_yet_supplied_after_exact_union_and_locked_layer,False
2001-02,969,1610612752,Travis Knight,full_core,0,0,82,0,49,0,False,False,not_yet_supplied_after_exact_union_and_locked_layer,False
2001-02,970,1610612752,Othella Harrington,full_core,0,0,82,0,77,0,False,False,not_yet_supplied_after_exact_union_and_locked_layer,False
2001-02,976,1610612746,Jeff McInnis,full_core,0,0,82,0,81,0,False,False,not_yet_supplied_after_exact_union_and_locked_layer,False
2001-02,977,1610612747,Kobe Bryant,full_core,0,0,82,0,80,0,False,False,not_yet_supplied_after_exact_union_and_locked_layer,False
2001-02,978,1610612758,Peja Stojakovic,full_core,0,0,82,0,71,0,False,False,not_yet_supplied_after_exact_union_and_locked_layer,False
2001-02,979,1610612754,Jermaine O'Neal,full_core,0,0,82,0,72,0,False,False,not_yet_supplied_after_exact_union_and_locked_layer,False
2001-02,98,1610612763,Nick Anderson,full_core,0,0,82,0,15,0,False,False,not_yet_supplied_after_exact_union_and_locked_layer,False
2001-02,980,1610612739,Zydrunas Ilgauskas,full_core,0,0,82,0,62,0,False,False,not_yet_supplied_after_exact_union_and_locked_layer,False
2001-02,983,1610612745,Moochie Norris,full_core,0,0,82,0,82,0,False,False,not_yet_supplied_after_exact_union_and_locked_layer,False
2001-02,990,1610612759,Malik Rose,full_core,0,0,82,0,82,0,False,False,not_yet_supplied_after_exact_union_and_locked_layer,False
2001-02,998,1610612749,Mark Pope,full_core,0,0,82,0,45,0,False,False,not_yet_supplied_after_exact_union_and_locked_layer,False
2002-03,1000,1610612752,Shandon Anderson,full_core,0,0,82,79,82,79,False,False,not_yet_supplied_after_exact_union_and_locked_layer,False
2002-03,1005,1610612742,Walt Williams,full_core,0,0,82,80,66,64,False,False,not_yet_supplied_after_exact_union_and_locked_layer,False
2002-03,1023,1610612737,Emanual Davis,full_core,0,0,82,75,24,20,False,False,not_yet_supplied_after_exact_union_and_locked_layer,False
2002-03,1032,1610612737,Darvin Ham,full_core,0,0,82,75,75,68,False,False,not_yet_supplied_after_exact_union_and_locked_layer,False
2002-03,1038,1610612745,Juaquin Hawkins,full_core,0,0,82,81,58,57,False,False,not_yet_supplied_after_exact_union_and_locked_layer,False
2002-03,1065,1610612754,Erick Strickland,full_core,0,0,82,76,71,65,False,False,not_yet_supplied_after_exact_union_and_locked_layer,False
2002-03,1088,1610612765,Chucky Atkins,full_core,0,0,82,73,65,58,False,False,not_yet_supplied_after_exact_union_and_locked_layer,False
2002-03,109,1610612747,Robert Horry,full_core,0,0,82,78,80,76,False,False,not_yet_supplied_after_exact_union_and_locked_layer,False
2002-03,111,1610612748,LaPhonso Ellis,full_core,0,0,82,78,55,52,False,False,not_yet_supplied_after_exact_union_and_locked_layer,False
2002-03,1112,1610612765,Ben Wallace,full_core,0,0,82,73,73,65,False,False,not_yet_supplied_after_exact_union_and_locked_layer,False
2002-03,120,1610612759,Steven Smith,full_core,0,0,82,77,53,52,False,False,not_yet_supplied_after_exact_union_and_locked_layer,False
2002-03,124,1610612758,Vlade Divac,full_core,0,0,82,81,80,79,False,False,not_yet_supplied_after_exact_union_and_locked_layer,False
2002-03,133,1610612740,David Wesley,full_core,0,0,82,78,73,69,False,False,not_yet_supplied_after_exact_union_and_locked_layer,False
2002-03,136,1610612740,P.J. Brown,full_core,0,0,82,78,78,74,False,False,not_yet_supplied_after_exact_union_and_locked_layer,False
2002-03,1425,1610612751,Aaron Williams,full_core,0,0,82,78,81,77,False,False,not_yet_supplied_after_exact_union_and_locked_layer,False
2002-03,1442,1610612765,Zeljko Rebraca,full_core,0,0,82,73,30,26,False,False,not_yet_supplied_after_exact_union_and_locked_layer,False
2002-03,1444,1610612758,Lawrence Funderburke,full_core,0,0,82,81,27,27,False,False,not_yet_supplied_after_exact_union_and_locked_layer,False
2002-03,145,1610612747,Tracy Murray,full_core,0,0,82,78,31,29,False,False,not_yet_supplied_after_exact_union_and_locked_layer,False
2002-03,147,1610612741,Jalen Rose,full_core,0,0,82,79,82,79,False,False,not_yet_supplied_after_exact_union_and_locked_layer,False
2002-03,1477,1610612759,Bruce Bowen,full_core,0,0,82,77,82,77,False,False,not_yet_supplied_after_exact_union_and_locked_layer,False
2002-03,1495,1610612759,Tim Duncan,full_core,0,0,82,77,81,76,False,False,not_yet_supplied_after_exact_union_and_locked_layer,False
2002-03,1496,1610612755,Keith Van Horn,full_core,0,0,82,75,74,68,False,False,not_yet_supplied_after_exact_union_and_locked_layer,False
2002-03,1497,1610612765,Chauncey Billups,full_core,0,0,82,73,74,66,False,False,not_yet_supplied_after_exact_union_and_locked_layer,False
2002-03,1498,1610612757,Antonio Daniels,full_core,0,0,82,76,67,61,False,False,not_yet_supplied_after_exact_union_and_locked_layer,False
2002-03,1499,1610612738,Tony Battie,full_core,0,0,82,76,67,61,False,False,not_yet_supplied_after_exact_union_and_locked_layer,False
2002-03,15,1610612746,Eric Piatkowski,full_core,0,0,82,79,62,60,False,False,not_yet_supplied_after_exact_union_and_locked_layer,False
2002-03,1500,1610612754,Ron Mercer,full_core,0,0,82,76,72,68,False,False,not_yet_supplied_after_exact_union_and_locked_layer,False
2002-03,1501,1610612749,Tim Thomas,full_core,0,0,82,78,80,76,False,False,not_yet_supplied_after_exact_union_and_locked_layer,False
2002-03,1502,1610612744,Adonal Foyle,full_core,0,0,82,76,82,76,False,False,not_yet_supplied_after_exact_union_and_locked_layer,False
2002-03,1503,1610612753,Tracy McGrady,full_core,0,0,82,80,75,73,False,False,not_yet_supplied_after_exact_union_and_locked_layer,False
2002-03,1504,1610612744,Danny Fortson,full_core,0,0,82,76,17,16,False,False,not_yet_supplied_after_exact_union_and_locked_layer,False
2002-03,1505,1610612742,Tariq Abdul-Wahad,full_core,0,0,82,80,14,14,False,False,not_yet_supplied_after_exact_union_and_locked_layer,False
2002-03,1506,1610612754,Austin Croshere,full_core,0,0,82,76,49,45,False,False,not_yet_supplied_after_exact_union_and_locked_layer,False
2002-03,1507,1610612757,Derek Anderson,full_core,0,0,82,76,76,70,False,False,not_yet_supplied_after_exact_union_and_locked_layer,False
2002-03,1508,1610612745,Maurice Taylor,full_core,0,0,82,81,67,67,False,False,not_yet_supplied_after_exact_union_and_locked_layer,False
2002-03,1509,1610612745,Kelvin Cato,full_core,0,0,82,81,73,72,False,False,not_yet_supplied_after_exact_union_and_locked_layer,False
2002-03,1510,1610612763,Brevin Knight,full_core,0,0,82,78,55,51,False,False,not_yet_supplied_after_exact_union_and_locked_layer,False
2002-03,1513,1610612758,Scot Pollard,full_core,0,0,82,81,23,23,False,False,not_yet_supplied_after_exact_union_and_locked_layer,False
2002-03,1517,1610612758,Bobby Jackson,full_core,0,0,82,81,59,58,False,False,not_yet_supplied_after_exact_union_and_locked_layer,False
2002-03,1520,1610612757,Charles Smith,full_core,0,0,82,76,3,3,False,False,not_yet_supplied_after_exact_union_and_locked_layer,False
2002-03,1521,1610612753,Jacque Vaughn,full_core,0,0,82,80,80,78,False,False,not_yet_supplied_after_exact_union_and_locked_layer,False
2002-03,1531,1610612750,Marc Jackson,full_core,0,0,82,80,77,75,False,False,not_yet_supplied_after_exact_union_and_locked_layer,False
2002-03,1533,1610612751,Anthony Johnson,full_core,0,0,82,78,66,63,False,False,not_yet_supplied_after_exact_union_and_locked_layer,False
2002-03,1536,1610612759,Stephen Jackson,full_core,0,0,82,77,80,75,False,False,not_yet_supplied_after_exact_union_and_locked_layer,False
2002-03,1541,1610612761,Alvin Williams,full_core,0,0,82,80,78,76,False,False,not_yet_supplied_after_exact_union_and_locked_layer,False
2002-03,1542,1610612760,Predrag Drobnjak,full_core,0,0,82,77,82,77,False,False,not_yet_supplied_after_exact_union_and_locked_layer,False
2002-03,1544,1610612737,Chris Crawford,full_core,0,0,82,75,5,4,False,False,not_yet_supplied_after_exact_union_and_locked_layer,False
2002-03,1559,1610612742,Adrian Griffin,full_core,0,0,82,80,74,73,False,False,not_yet_supplied_after_exact_union_and_locked_layer,False
2002-03,1565,1610612739,Michael Stewart,full_core,0,0,82,73,47,44,False,False,not_yet_supplied_after_exact_union_and_locked_layer,False
2002-03,1594,1610612741,Rick Brunson,full_core,0,0,82,79,17,17,False,False,not_yet_supplied_after_exact_union_and_locked_layer,False
2002-03,1607,1610612750,Troy Hudson,full_core,0,0,82,80,79,78,False,False,not_yet_supplied_after_exact_union_and_locked_layer,False
2002-03,168,1610612744,Chris Mills,full_core,0,0,82,76,21,20,False,False,not_yet_supplied_after_exact_union_and_locked_layer,False
2002-03,1709,1610612746,Michael Olowokandi,full_core,0,0,82,79,36,34,False,False,not_yet_supplied_after_exact_union_and_locked_layer,False
2002-03,1710,1610612758,Mike Bibby,full_core,0,0,82,81,55,55,False,False,not_yet_supplied_after_exact_union_and_locked_layer,False
2002-03,1711,1610612742,Raef LaFrentz,full_core,0,0,82,80,69,67,False,False,not_yet_supplied_after_exact_union_and_locked_layer,False
2002-03,1712,1610612744,Antawn Jamison,full_core,0,0,82,76,82,76,False,False,not_yet_supplied_after_exact_union_and_locked_layer,False
2002-03,1713,1610612761,Vince Carter,full_core,0,0,82,80,43,42,False,False,not_yet_supplied_after_exact_union_and_locked_layer,False
2002-03,1714,1610612740,Robert Traylor,full_core,0,0,82,78,69,65,False,False,not_yet_supplied_after_exact_union_and_locked_layer,False
2002-03,1715,1610612763,Jason Williams,full_core,0,0,82,78,76,72,False,False,not_yet_supplied_after_exact_union_and_locked_layer,False
2002-03,1716,1610612764,Larry Hughes,full_core,0,0,82,76,67,64,False,False,not_yet_supplied_after_exact_union_and_locked_layer,False
2002-03,1717,1610612742,Dirk Nowitzki,full_core,0,0,82,80,80,78,False,False,not_yet_supplied_after_exact_union_and_locked_layer,False
2002-03,1718,1610612738,Paul Pierce,full_core,0,0,82,76,79,73,False,False,not_yet_supplied_after_exact_union_and_locked_layer,False
2002-03,1719,1610612757,Bonzi Wells,full_core,0,0,82,76,75,69,False,False,not_yet_supplied_after_exact_union_and_locked_layer,False
2002-03,1720,1610612752,Michael Doleac,full_core,0,0,82,79,75,72,False,False,not_yet_supplied_after_exact_union_and_locked_layer,False
2002-03,1721,1610612758,Keon Clark,full_core,0,0,82,81,80,79,False,False,not_yet_supplied_after_exact_union_and_locked_layer,False
2002-03,1722,1610612763,Michael Dickerson,full_core,0,0,82,78,6,6,False,False,not_yet_supplied_after_exact_union_and_locked_layer,False
2002-03,1723,1610612762,Matt Harpring,full_core,0,0,82,78,78,74,False,False,not_yet_supplied_after_exact_union_and_locked_layer,False
2002-03,1724,1610612740,Bryce Drew,full_core,0,0,82,78,13,13,False,False,not_yet_supplied_after_exact_union_and_locked_layer,False
2002-03,1725,1610612750,Rasho Nesterovic,full_core,0,0,82,80,77,76,False,False,not_yet_supplied_after_exact_union_and_locked_layer,False
2002-03,1727,1610612753,Pat Garrity,full_core,0,0,82,80,81,79,False,False,not_yet_supplied_after_exact_union_and_locked_layer,False
2002-03,1729,1610612739,Ricky Davis,full_core,0,0,82,73,79,70,False,False,not_yet_supplied_after_exact_union_and_locked_layer,False
2002-03,1730,1610612755,Brian Skinner,full_core,0,0,82,75,77,71,False,False,not_yet_supplied_after_exact_union_and_locked_layer,False
2002-03,1731,1610612764,Tyronn Lue,full_core,0,0,82,76,75,70,False,False,not_yet_supplied_after_exact_union_and_locked_layer,False
2002-03,1733,1610612754,Al Harrington,full_core,0,0,82,76,82,76,False,False,not_yet_supplied_after_exact_union_and_locked_layer,False
2002-03,1735,1610612748,Vladimir Stepania,full_core,0,0,82,78,79,75,False,False,not_yet_supplied_after_exact_union_and_locked_layer,False
2002-03,1737,1610612737,Nazr Mohammed,full_core,0,0,82,75,35,34,False,False,not_yet_supplied_after_exact_union_and_locked_layer,False
2002-03,1738,1610612760,Ansu Sesay,full_core,0,0,82,77,44,40,False,False,not_yet_supplied_after_exact_union_and_locked_layer,False
2002-03,1739,1610612757,Ruben Patterson,full_core,0,0,82,76,78,72,False,False,not_yet_supplied_after_exact_union_and_locked_layer,False
2002-03,1740,1610612760,Rashard Lewis,full_core,0,0,82,77,77,72,False,False,not_yet_supplied_after_exact_union_and_locked_layer,False
2002-03,1741,1610612761,Jelani McCoy,full_core,0,0,82,80,67,65,False,False,not_yet_supplied_after_exact_union_and_locked_layer,False
2002-03,1743,1610612738,Bruno Sundov,full_core,0,0,82,76,26,22,False,False,not_yet_supplied_after_exact_union_and_locked_layer,False
2002-03,1744,1610612760,Jerome James,full_core,0,0,82,77,51,48,False,False,not_yet_supplied_after_exact_union_and_locked_layer,False
2002-03,1749,1610612745,Cuttino Mobley,full_core,0,0,82,81,73,72,False,False,not_yet_supplied_after_exact_union_and_locked_layer,False
2002-03,1751,1610612764,Jahidi White,full_core,0,0,82,76,16,15,False,False,not_yet_supplied_after_exact_union_and_locked_layer,False
2002-03,1752,1610612748,Sean Marks,full_core,0,0,82,78,23,21,False,False,not_yet_supplied_after_exact_union_and_locked_layer,False
2002-03,1761,1610612755,Greg Buckner,full_core,0,0,82,75,75,68,False,False,not_yet_supplied_after_exact_union_and_locked_layer,False
2002-03,1762,1610612746,Tremaine Fowlkes,full_core,0,0,82,79,37,34,False,False,not_yet_supplied_after_exact_union_and_locked_layer,False
2002-03,1763,1610612743,Ryan Bowen,full_core,0,0,82,74,62,56,False,False,not_yet_supplied_after_exact_union_and_locked_layer,False
2002-03,1800,1610612758,Damon Jones,full_core,0,0,82,81,49,48,False,False,not_yet_supplied_after_exact_union_and_locked_layer,False
2002-03,1802,1610612754,Brad Miller,full_core,0,0,82,76,73,67,False,False,not_yet_supplied_after_exact_union_and_locked_layer,False
2002-03,185,1610612758,Chris Webber,full_core,0,0,82,81,67,66,False,False,not_yet_supplied_after_exact_union_and_locked_layer,False
2002-03,1853,1610612748,Anthony Carter,full_core,0,0,82,78,49,47,False,False,not_yet_supplied_after_exact_union_and_locked_layer,False
2002-03,1882,1610612746,Elton Brand,full_core,0,0,82,79,62,59,False,False,not_yet_supplied_after_exact_union_and_locked_layer,False
2002-03,1883,1610612745,Steve Francis,full_core,0,0,82,81,81,80,False,False,not_yet_supplied_after_exact_union_and_locked_layer,False
2002-03,1884,1610612740,Baron Davis,full_core,0,0,82,78,50,46,False,False,not_yet_supplied_after_exact_union_and_locked_layer,False
2002-03,1885,1610612746,Lamar Odom,full_core,0,0,82,79,49,48,False,False,not_yet_supplied_after_exact_union_and_locked_layer,False
2002-03,1886,1610612754,Jonathan Bender,full_core,0,0,82,76,46,45,False,False,not_yet_supplied_after_exact_union_and_locked_layer,False
2002-03,1887,1610612750,Wally Szczerbiak,full_core,0,0,82,80,52,50,False,False,not_yet_supplied_after_exact_union_and_locked_layer,False
2002-03,1888,1610612765,Richard Hamilton,full_core,0,0,82,73,82,73,False,False,not_yet_supplied_after_exact_union_and_locked_layer,False
2002-03,1889,1610612746,Andre Miller,full_core,0,0,82,79,80,77,False,False,not_yet_supplied_after_exact_union_and_locked_layer,False
2002-03,1890,1610612756,Shawn Marion,full_core,0,0,82,77,81,76,False,False,not_yet_supplied_after_exact_union_and_locked_layer,False
2002-03,1891,1610612737,Jason Terry,full_core,0,0,82,75,81,74,False,False,not_yet_supplied_after_exact_union_and_locked_layer,False
2002-03,1894,1610612746,Corey Maggette,full_core,0,0,82,79,64,62,False,False,not_yet_supplied_after_exact_union_and_locked_layer,False
2002-03,1897,1610612754,Metta World Peace,full_core,0,0,82,76,69,65,False,False,not_yet_supplied_after_exact_union_and_locked_layer,False
2002-03,1901,1610612737,Dion Glover,full_core,0,0,82,75,76,69,False,False,not_yet_supplied_after_exact_union_and_locked_layer,False
2002-03,1902,1610612754,Jeff Foster,full_core,0,0,82,76,77,71,False,False,not_yet_supplied_after_exact_union_and_locked_layer,False
2002-03,1904,1610612747,Devean George,full_core,0,0,82,78,71,67,False,False,not_yet_supplied_after_exact_union_and_locked_layer,False
2002-03,1905,1610612762,Andrei Kirilenko,full_core,0,0,82,78,80,76,False,False,not_yet_supplied_after_exact_union_and_locked_layer,False
2002-03,1908,1610612739,Jumaine Jones,full_core,0,0,82,73,80,72,False,False,not_yet_supplied_after_exact_union_and_locked_layer,False
2002-03,1909,1610612762,Scott Padgett,full_core,0,0,82,78,82,78,False,False,not_yet_supplied_after_exact_union_and_locked_layer,False
2002-03,1915,1610612742,Evan Eschmeyer,full_core,0,0,82,80,17,16,False,False,not_yet_supplied_after_exact_union_and_locked_layer,False
2002-03,1916,1610612760,Calvin Booth,full_core,0,0,82,77,46,43,False,False,not_yet_supplied_after_exact_union_and_locked_layer,False
2002-03,1917,1610612746,Wang Zhi-zhi,full_core,0,0,82,79,41,38,False,False,not_yet_supplied_after_exact_union_and_locked_layer,False
2002-03,1924,1610612752,Lee Nailon,full_core,0,0,82,79,38,36,False,False,not_yet_supplied_after_exact_union_and_locked_layer,False
2002-03,1928,1610612755,Todd MacCulloch,full_core,0,0,82,75,42,41,False,False,not_yet_supplied_after_exact_union_and_locked_layer,False
2002-03,193,1610612749,Anthony Mason,full_core,0,0,82,78,65,62,False,False,not_yet_supplied_after_exact_union_and_locked_layer,False
2002-03,1938,1610612759,Manu Ginobili,full_core,0,0,82,77,69,64,False,False,not_yet_supplied_after_exact_union_and_locked_layer,False
2002-03,1944,1610612741,Eddie Robinson,full_core,0,0,82,79,64,63,False,False,not_yet_supplied_after_exact_union_and_locked_layer,False
2002-03,1952,1610612742,Raja Bell,full_core,0,0,82,80,75,73,False,False,not_yet_supplied_after_exact_union_and_locked_layer,False
2002-03,1956,1610612737,Ira Newble,full_core,0,0,82,75,73,67,False,False,not_yet_supplied_after_exact_union_and_locked_layer,False
2002-03,1960,1610612739,Milt Palacio,full_core,0,0,82,73,80,71,False,False,not_yet_supplied_after_exact_union_and_locked_layer,False
2002-03,198,1610612759,Danny Ferry,full_core,0,0,82,77,64,61,False,False,not_yet_supplied_after_exact_union_and_locked_layer,False
2002-03,201,1610612757,Chris Dudley,full_core,0,0,82,76,3,3,False,False,not_yet_supplied_after_exact_union_and_locked_layer,False
2002-03,2030,1610612751,Kenyon Martin,full_core,0,0,82,78,77,73,False,False,not_yet_supplied_after_exact_union_and_locked_layer,False
2002-03,2031,1610612763,Stromile Swift,full_core,0,0,82,78,67,64,False,False,not_yet_supplied_after_exact_union_and_locked_layer,False
2002-03,2032,1610612739,Darius Miles,full_core,0,0,82,73,67,60,False,False,not_yet_supplied_after_exact_union_and_locked_layer,False
2002-03,2033,1610612741,Marcus Fizer,full_core,0,0,82,79,38,36,False,False,not_yet_supplied_after_exact_union_and_locked_layer,False
2002-03,2036,1610612739,Chris Mihm,full_core,0,0,82,73,52,46,False,False,not_yet_supplied_after_exact_union_and_locked_layer,False
2002-03,2037,1610612741,Jamal Crawford,full_core,0,0,82,79,80,77,False,False,not_yet_supplied_after_exact_union_and_locked_layer,False
2002-03,2038,1610612749,Joel Przybilla,full_core,0,0,82,78,32,29,False,False,not_yet_supplied_after_exact_union_and_locked_layer,False
2002-03,2039,1610612746,Keyon Dooling,full_core,0,0,82,79,55,52,False,False,not_yet_supplied_after_exact_union_and_locked_layer,False
2002-03,2040,1610612740,Jerome Moiso,full_core,0,0,82,78,51,49,False,False,not_yet_supplied_after_exact_union_and_locked_layer,False
2002-03,2041,1610612764,Etan Thomas,full_core,0,0,82,76,38,35,False,False,not_yet_supplied_after_exact_union_and_locked_layer,False
2002-03,2042,1610612740,Courtney Alexander,full_core,0,0,82,78,66,62,False,False,not_yet_supplied_after_exact_union_and_locked_layer,False
2002-03,2043,1610612758,Mateen Cleaves,full_core,0,0,82,81,12,12,False,False,not_yet_supplied_after_exact_union_and_locked_layer,False
2002-03,2044,1610612745,Jason Collier,full_core,0,0,82,81,13,13,False,False,not_yet_supplied_after_exact_union_and_locked_layer,False
2002-03,2045,1610612758,Hedo Turkoglu,full_core,0,0,82,81,67,67,False,False,not_yet_supplied_after_exact_union_and_locked_layer,False
2002-03,2047,1610612746,Quentin Richardson,full_core,0,0,82,79,59,58,False,False,not_yet_supplied_after_exact_union_and_locked_layer,False
2002-03,2048,1610612740,Jamaal Magloire,full_core,0,0,82,78,82,78,False,False,not_yet_supplied_after_exact_union_and_locked_layer,False
2002-03,2049,1610612759,Speedy Claxton,full_core,0,0,82,77,30,28,False,False,not_yet_supplied_after_exact_union_and_locked_layer,False
2002-03,2050,1610612761,Morris Peterson,full_core,0,0,82,80,82,80,False,False,not_yet_supplied_after_exact_union_and_locked_layer,False
2002-03,2051,1610612743,Donnell Harvey,full_core,0,0,82,74,77,69,False,False,not_yet_supplied_after_exact_union_and_locked_layer,False
2002-03,2052,1610612762,DeShawn Stevenson,full_core,0,0,82,78,61,57,False,False,not_yet_supplied_after_exact_union_and_locked_layer,False
2002-03,2053,1610612741,Dalibor Bagaric,full_core,0,0,82,79,10,10,False,False,not_yet_supplied_after_exact_union_and_locked_layer,False
2002-03,2054,1610612756,Jake Tsakalidis,full_core,0,0,82,77,33,32,False,False,not_yet_supplied_after_exact_union_and_locked_layer,False
2002-03,2055,1610612761,Mamadou N'diaye,full_core,0,0,82,80,22,22,False,False,not_yet_supplied_after_exact_union_and_locked_layer,False
2002-03,2056,1610612754,Primoz Brezec,full_core,0,0,82,76,22,21,False,False,not_yet_supplied_after_exact_union_and_locked_layer,False
2002-03,2058,1610612747,Mark Madsen,full_core,0,0,82,78,54,51,False,False,not_yet_supplied_after_exact_union_and_locked_layer,False
2002-03,2059,1610612742,Eduardo Najera,full_core,0,0,82,80,48,47,False,False,not_yet_supplied_after_exact_union_and_locked_layer,False
2002-03,2060,1610612746,Marko Jaric,full_core,0,0,82,79,66,63,False,False,not_yet_supplied_after_exact_union_and_locked_layer,False
2002-03,2061,1610612756,Dan Langhi,full_core,0,0,82,77,60,57,False,False,not_yet_supplied_after_exact_union_and_locked_layer,False
2002-03,2063,1610612756,Jake Voskuhl,full_core,0,0,82,77,65,60,False,False,not_yet_supplied_after_exact_union_and_locked_layer,False
2002-03,2067,1610612748,Eddie House,full_core,0,0,82,78,55,53,False,False,not_yet_supplied_after_exact_union_and_locked_layer,False
2002-03,2068,1610612752,Lavor Postell,full_core,0,0,82,79,12,11,False,False,not_yet_supplied_after_exact_union_and_locked_layer,False
2002-03,2071,1610612753,Olumide Oyedeji,full_core,0,0,82,80,27,27,False,False,not_yet_supplied_after_exact_union_and_locked_layer,False
2002-03,2072,1610612749,Michael Redd,full_core,0,0,82,78,82,78,False,False,not_yet_supplied_after_exact_union_and_locked_layer,False
2002-03,208,1610612749,Sam Cassell,full_core,0,0,82,78,78,74,False,False,not_yet_supplied_after_exact_union_and_locked_layer,False
2002-03,2080,1610612750,Igor Rakocevic,full_core,0,0,82,80,42,41,False,False,not_yet_supplied_after_exact_union_and_locked_layer,False
2002-03,2098,1610612747,Slava Medvedenko,full_core,0,0,82,78,58,54,False,False,not_yet_supplied_after_exact_union_and_locked_layer,False
2002-03,2124,1610612748,Malik Allen,full_core,0,0,82,78,80,76,False,False,not_yet_supplied_after_exact_union_and_locked_layer,False
2002-03,213,1610612761,Antonio Davis,full_core,0,0,82,80,53,53,False,False,not_yet_supplied_after_exact_union_and_locked_layer,False
2002-03,2143,1610612765,Pepe Sanchez,full_core,0,0,82,73,9,8,False,False,not_yet_supplied_after_exact_union_and_locked_layer,False
2002-03,216,1610612747,Brian Shaw,full_core,0,0,82,78,72,68,False,False,not_yet_supplied_after_exact_union_and_locked_layer,False
2002-03,2198,1610612764,Kwame Brown,full_core,0,0,82,76,80,74,False,False,not_yet_supplied_after_exact_union_and_locked_layer,False
2002-03,2199,1610612741,Tyson Chandler,full_core,0,0,82,79,75,72,False,False,not_yet_supplied_after_exact_union_and_locked_layer,False
2002-03,2200,1610612763,Pau Gasol,full_core,0,0,82,78,82,78,False,False,not_yet_supplied_after_exact_union_and_locked_layer,False
2002-03,2201,1610612741,Eddy Curry,full_core,0,0,82,79,81,78,False,False,not_yet_supplied_after_exact_union_and_locked_layer,False
2002-03,2202,1610612744,Jason Richardson,full_core,0,0,82,76,82,76,False,False,not_yet_supplied_after_exact_union_and_locked_layer,False
2002-03,2203,1610612763,Shane Battier,full_core,0,0,82,78,78,74,False,False,not_yet_supplied_after_exact_union_and_locked_layer,False
2002-03,2204,1610612745,Eddie Griffin,full_core,0,0,82,81,77,76,False,False,not_yet_supplied_after_exact_union_and_locked_layer,False
2002-03,2205,1610612739,DeSagana Diop,full_core,0,0,82,73,80,71,False,False,not_yet_supplied_after_exact_union_and_locked_layer,False
2002-03,2206,1610612743,Rodney White,full_core,0,0,82,74,72,65,False,False,not_yet_supplied_after_exact_union_and_locked_layer,False
2002-03,2207,1610612756,Joe Johnson,full_core,0,0,82,77,82,77,False,False,not_yet_supplied_after_exact_union_and_locked_layer,False
2002-03,2208,1610612738,Kedrick Brown,full_core,0,0,82,76,51,48,False,False,not_yet_supplied_after_exact_union_and_locked_layer,False
2002-03,2209,1610612760,Vladimir Radmanovic,full_core,0,0,82,77,72,68,False,False,not_yet_supplied_after_exact_union_and_locked_layer,False
2002-03,221,1610612752,Clar. Weatherspoon,full_core,0,0,82,79,79,76,False,False,not_yet_supplied_after_exact_union_and_locked_layer,False
2002-03,2210,1610612751,Richard Jefferson,full_core,0,0,82,78,80,76,False,False,not_yet_supplied_after_exact_union_and_locked_layer,False
2002-03,2211,1610612744,Troy Murphy,full_core,0,0,82,76,79,73,False,False,not_yet_supplied_after_exact_union_and_locked_layer,False
2002-03,2212,1610612753,Steven Hunter,full_core,0,0,82,80,33,32,False,False,not_yet_supplied_after_exact_union_and_locked_layer,False
2002-03,2213,1610612740,Kirk Haston,full_core,0,0,82,78,12,12,False,False,not_yet_supplied_after_exact_union_and_locked_layer,False
2002-03,2214,1610612761,Michael Bradley,full_core,0,0,82,80,67,65,False,False,not_yet_supplied_after_exact_union_and_locked_layer,False
2002-03,2215,1610612751,Jason Collins,full_core,0,0,82,78,81,77,False,False,not_yet_supplied_after_exact_union_and_locked_layer,False
2002-03,2216,1610612757,Zach Randolph,full_core,0,0,82,76,77,71,False,False,not_yet_supplied_after_exact_union_and_locked_layer,False
2002-03,2217,1610612764,Brendan Haywood,full_core,0,0,82,76,81,76,False,False,not_yet_supplied_after_exact_union_and_locked_layer,False
2002-03,2218,1610612760,Joseph Forte,full_core,0,0,82,77,17,15,False,False,not_yet_supplied_after_exact_union_and_locked_layer,False
2002-03,2219,1610612753,Jeryl Sasser,full_core,0,0,82,80,75,74,False,False,not_yet_supplied_after_exact_union_and_locked_layer,False
2002-03,2220,1610612751,Brandon Armstrong,full_core,0,0,82,78,17,17,False,False,not_yet_supplied_after_exact_union_and_locked_layer,False
2002-03,2222,1610612758,Gerald Wallace,full_core,0,0,82,81,47,46,False,False,not_yet_supplied_after_exact_union_and_locked_layer,False
2002-03,2224,1610612754,Jamaal Tinsley,full_core,0,0,82,76,73,67,False,False,not_yet_supplied_after_exact_union_and_locked_layer,False
2002-03,2225,1610612759,Tony Parker,full_core,0,0,82,77,82,77,False,False,not_yet_supplied_after_exact_union_and_locked_layer,False
2002-03,2228,1610612756,Alton Ford,full_core,0,0,82,77,11,11,False,False,not_yet_supplied_after_exact_union_and_locked_layer,False
2002-03,2229,1610612748,Mike James,full_core,0,0,82,78,78,74,False,False,not_yet_supplied_after_exact_union_and_locked_layer,False
2002-03,2239,1610612741,Trenton Hassell,full_core,0,0,82,79,82,79,False,False,not_yet_supplied_after_exact_union_and_locked_layer,False
2002-03,224,1610612748,Eddie Jones,full_core,0,0,82,78,47,44,False,False,not_yet_supplied_after_exact_union_and_locked_layer,False
2002-03,2240,1610612744,Gilbert Arenas,full_core,0,0,82,76,82,76,False,False,not_yet_supplied_after_exact_union_and_locked_layer,False
2002-03,2242,1610612745,Terence Morris,full_core,0,0,82,81,49,49,False,False,not_yet_supplied_after_exact_union_and_locked_layer,False
2002-03,2243,1610612751,Brian Scalabrine,full_core,0,0,82,78,59,56,False,False,not_yet_supplied_after_exact_union_and_locked_layer,False
2002-03,2246,1610612765,Mehmet Okur,full_core,0,0,82,73,72,65,False,False,not_yet_supplied_after_exact_union_and_locked_layer,False
2002-03,2248,1610612763,Earl Watson,full_core,0,0,82,78,79,75,False,False,not_yet_supplied_after_exact_union_and_locked_layer,False
2002-03,2249,1610612754,Jamison Brewer,full_core,0,0,82,76,10,9,False,False,not_yet_supplied_after_exact_union_and_locked_layer,False
2002-03,2253,1610612748,Sean Lampley,full_core,0,0,82,78,35,34,False,False,not_yet_supplied_after_exact_union_and_locked_layer,False
2002-03,2254,1610612750,Loren Woods,full_core,0,0,82,80,38,37,False,False,not_yet_supplied_after_exact_union_and_locked_layer,False
2002-03,2256,1610612748,Ken Johnson,full_core,0,0,82,78,16,15,False,False,not_yet_supplied_after_exact_union_and_locked_layer,False
2002-03,2257,1610612757,Ruben Boumtje-Boumtje,full_core,0,0,82,76,2,2,False,False,not_yet_supplied_after_exact_union_and_locked_layer,False
2002-03,2260,1610612762,Jarron Collins,full_core,0,0,82,78,22,21,False,False,not_yet_supplied_after_exact_union_and_locked_layer,False
2002-03,2306,1610612762,Carlos Arroyo,full_core,0,0,82,78,44,41,False,False,not_yet_supplied_after_exact_union_and_locked_layer,False
2002-03,2365,1610612743,Chris Andersen,full_core,0,0,82,74,59,53,False,False,not_yet_supplied_after_exact_union_and_locked_layer,False
2002-03,2370,1610612759,Mengke Bateer,full_core,0,0,82,77,12,12,False,False,not_yet_supplied_after_exact_union_and_locked_layer,False
2002-03,2397,1610612745,Yao Ming,full_core,0,0,82,81,82,81,False,False,not_yet_supplied_after_exact_union_and_locked_layer,False
2002-03,2398,1610612741,Jay Williams,full_core,0,0,82,79,75,72,False,False,not_yet_supplied_after_exact_union_and_locked_layer,False
2002-03,2399,1610612744,Mike Dunleavy,full_core,0,0,82,76,82,76,False,False,not_yet_supplied_after_exact_union_and_locked_layer,False
2002-03,2401,1610612743,Nikoloz Tskitishvili,full_core,0,0,82,74,81,73,False,False,not_yet_supplied_after_exact_union_and_locked_layer,False
2002-03,2402,1610612739,Dajuan Wagner,full_core,0,0,82,73,47,38,False,False,not_yet_supplied_after_exact_union_and_locked_layer,False
2002-03,2403,1610612743,Nene,full_core,0,0,82,74,80,72,False,False,not_yet_supplied_after_exact_union_and_locked_layer,False
2002-03,2404,1610612746,Chris Wilcox,full_core,0,0,82,79,46,44,False,False,not_yet_supplied_after_exact_union_and_locked_layer,False
2002-03,2405,1610612756,Amar'e Stoudemire,full_core,0,0,82,77,82,77,False,False,not_yet_supplied_after_exact_union_and_locked_layer,False
2002-03,2406,1610612748,Caron Butler,full_core,0,0,82,78,78,74,False,False,not_yet_supplied_after_exact_union_and_locked_layer,False
2002-03,2407,1610612764,Jared Jeffries,full_core,0,0,82,76,20,20,False,False,not_yet_supplied_after_exact_union_and_locked_layer,False
2002-03,2408,1610612746,Melvin Ely,full_core,0,0,82,79,52,50,False,False,not_yet_supplied_after_exact_union_and_locked_layer,False
2002-03,2409,1610612749,Marcus Haislip,full_core,0,0,82,78,39,37,False,False,not_yet_supplied_after_exact_union_and_locked_layer,False
2002-03,2410,1610612754,Fred Jones,full_core,0,0,82,76,19,16,False,False,not_yet_supplied_after_exact_union_and_locked_layer,False
2002-03,2411,1610612745,Bostjan Nachbar,full_core,0,0,82,81,14,14,False,False,not_yet_supplied_after_exact_union_and_locked_layer,False
2002-03,2412,1610612744,Jiri Welsch,full_core,0,0,82,76,37,34,False,False,not_yet_supplied_after_exact_union_and_locked_layer,False
2002-03,2413,1610612764,Juan Dixon,full_core,0,0,82,76,42,38,False,False,not_yet_supplied_after_exact_union_and_locked_layer,False
2002-03,2416,1610612747,Kareem Rush,full_core,0,0,82,78,76,73,False,False,not_yet_supplied_after_exact_union_and_locked_layer,False
2002-03,2417,1610612757,Qyntel Woods,full_core,0,0,82,76,53,48,False,False,not_yet_supplied_after_exact_union_and_locked_layer,False
2002-03,2418,1610612756,Casey Jacobsen,full_core,0,0,82,77,72,68,False,False,not_yet_supplied_after_exact_union_and_locked_layer,False
2002-03,2419,1610612765,Tayshaun Prince,full_core,0,0,82,73,42,40,False,False,not_yet_supplied_after_exact_union_and_locked_layer,False
2002-03,2421,1610612752,Frank Williams,full_core,0,0,82,79,21,18,False,False,not_yet_supplied_after_exact_union_and_locked_layer,False
2002-03,2422,1610612755,John Salmons,full_core,0,0,82,75,64,59,False,False,not_yet_supplied_after_exact_union_and_locked_layer,False
2002-03,2423,1610612761,Chris Jefferies,full_core,0,0,82,80,51,50,False,False,not_yet_supplied_after_exact_union_and_locked_layer,False
2002-03,2424,1610612737,Dan Dickau,full_core,0,0,82,75,50,47,False,False,not_yet_supplied_after_exact_union_and_locked_layer,False
2002-03,2425,1610612763,Robert Archibald,full_core,0,0,82,78,12,10,False,False,not_yet_supplied_after_exact_union_and_locked_layer,False
2002-03,2427,1610612741,Roger Mason Jr.,full_core,0,0,82,79,17,16,False,False,not_yet_supplied_after_exact_union_and_locked_layer,False
2002-03,2428,1610612743,Vincent Yarbrough,full_core,0,0,82,74,59,53,False,False,not_yet_supplied_after_exact_union_and_locked_layer,False
2002-03,2429,1610612749,Dan Gadzuric,full_core,0,0,82,78,49,47,False,False,not_yet_supplied_after_exact_union_and_locked_layer,False
2002-03,243,1610612755,Aaron McKie,full_core,0,0,82,75,80,73,False,False,not_yet_supplied_after_exact_union_and_locked_layer,False
2002-03,2430,1610612739,Carlos Boozer,full_core,0,0,82,73,81,72,False,False,not_yet_supplied_after_exact_union_and_locked_layer,False
2002-03,2432,1610612745,Tito Maddox,full_core,0,0,82,81,9,9,False,False,not_yet_supplied_after_exact_union_and_locked_layer,False
2002-03,2437,1610612741,Lonny Baxter,full_core,0,0,82,79,55,53,False,False,not_yet_supplied_after_exact_union_and_locked_layer,False
2002-03,2441,1610612749,Jamal Sampson,full_core,0,0,82,78,5,5,False,False,not_yet_supplied_after_exact_union_and_locked_layer,False
2002-03,2442,1610612763,Chris Owens,full_core,0,0,82,78,1,1,False,False,not_yet_supplied_after_exact_union_and_locked_layer,False
2002-03,2446,1610612748,Rasual Butler,full_core,0,0,82,78,72,68,False,False,not_yet_supplied_after_exact_union_and_locked_layer,False
2002-03,2447,1610612751,Tamar Slay,full_core,0,0,82,78,36,35,False,False,not_yet_supplied_after_exact_union_and_locked_layer,False
2002-03,2452,1610612738,J.R. Bremer,full_core,0,0,82,76,64,59,False,False,not_yet_supplied_after_exact_union_and_locked_layer,False
2002-03,2453,1610612743,Predrag Savovic,full_core,0,0,82,74,27,24,False,False,not_yet_supplied_after_exact_union_and_locked_layer,False
2002-03,2454,1610612743,Junior Harrington,full_core,0,0,82,74,82,74,False,False,not_yet_supplied_after_exact_union_and_locked_layer,False
2002-03,2456,1610612763,Cezary Trybanski,full_core,0,0,82,78,15,14,False,False,not_yet_supplied_after_exact_union_and_locked_layer,False
2002-03,2457,1610612747,Jannero Pargo,full_core,0,0,82,78,34,34,False,False,not_yet_supplied_after_exact_union_and_locked_layer,False
2002-03,2469,1610612753,Pat Burke,full_core,0,0,82,80,62,62,False,False,not_yet_supplied_after_exact_union_and_locked_layer,False
2002-03,2470,1610612739,Smush Parker,full_core,0,0,82,73,66,59,False,False,not_yet_supplied_after_exact_union_and_locked_layer,False
2002-03,2471,1610612763,Mike Batiste,full_core,0,0,82,78,75,71,False,False,not_yet_supplied_after_exact_union_and_locked_layer,False
2002-03,248,1610612740,George Lynch,full_core,0,0,82,78,81,77,False,False,not_yet_supplied_after_exact_union_and_locked_layer,False
2002-03,2501,1610612760,Reggie Evans,full_core,0,0,82,77,67,64,False,False,not_yet_supplied_after_exact_union_and_locked_layer,False
2002-03,252,1610612762,Karl Malone,full_core,0,0,82,78,81,77,False,False,not_yet_supplied_after_exact_union_and_locked_layer,False
2002-03,255,1610612753,Grant Hill,full_core,0,0,82,80,29,29,False,False,not_yet_supplied_after_exact_union_and_locked_layer,False
2002-03,258,1610612748,Brian Grant,full_core,0,0,82,78,82,78,False,False,not_yet_supplied_after_exact_union_and_locked_layer,False
2002-03,275,1610612752,Allan Houston,full_core,0,0,82,79,82,79,False,False,not_yet_supplied_after_exact_union_and_locked_layer,False
2002-03,278,1610612740,Stacey Augmon,full_core,0,0,82,78,70,67,False,False,not_yet_supplied_after_exact_union_and_locked_layer,False
2002-03,281,1610612756,Scott Williams,full_core,0,0,82,77,69,65,False,False,not_yet_supplied_after_exact_union_and_locked_layer,False
2002-03,283,1610612761,Lindsey Hunter,full_core,0,0,82,80,29,28,False,False,not_yet_supplied_after_exact_union_and_locked_layer,False
2002-03,296,1610612747,Rick Fox,full_core,0,0,82,78,76,72,False,False,not_yet_supplied_after_exact_union_and_locked_layer,False
2002-03,299,1610612737,Glenn Robinson,full_core,0,0,82,75,69,62,False,False,not_yet_supplied_after_exact_union_and_locked_layer,False
2002-03,304,1610612762,John Stockton,full_core,0,0,82,78,82,78,False,False,not_yet_supplied_after_exact_union_and_locked_layer,False
2002-03,324,1610612750,Anthony Peeler,full_core,0,0,82,80,82,80,False,False,not_yet_supplied_after_exact_union_and_locked_layer,False
2002-03,339,1610612756,Tom Gugliotta,full_core,0,0,82,77,27,26,False,False,not_yet_supplied_after_exact_union_and_locked_layer,False
2002-03,349,1610612762,Mark Jackson,full_core,0,0,82,78,82,78,False,False,not_yet_supplied_after_exact_union_and_locked_layer,False
2002-03,353,1610612753,Darrell Armstrong,full_core,0,0,82,80,82,80,False,False,not_yet_supplied_after_exact_union_and_locked_layer,False
2002-03,358,1610612756,Anfernee Hardaway,full_core,0,0,82,77,58,54,False,False,not_yet_supplied_after_exact_union_and_locked_layer,False
2002-03,361,1610612765,Clifford Robinson,full_core,0,0,82,73,81,72,False,False,not_yet_supplied_after_exact_union_and_locked_layer,False
2002-03,363,1610612764,Christian Laettner,full_core,0,0,82,76,76,70,False,False,not_yet_supplied_after_exact_union_and_locked_layer,False
2002-03,369,1610612752,Charlie Ward,full_core,0,0,82,79,66,64,False,False,not_yet_supplied_after_exact_union_and_locked_layer,False
2002-03,383,1610612750,Kendall Gill,full_core,0,0,82,80,82,80,False,False,not_yet_supplied_after_exact_union_and_locked_layer,False
2002-03,384,1610612762,Calbert Cheaney,full_core,0,0,82,78,81,77,False,False,not_yet_supplied_after_exact_union_and_locked_layer,False
2002-03,389,1610612749,Toni Kukoc,full_core,0,0,82,78,63,60,False,False,not_yet_supplied_after_exact_union_and_locked_layer,False
2002-03,393,1610612750,Rod Strickland,full_core,0,0,82,80,47,46,False,False,not_yet_supplied_after_exact_union_and_locked_layer,False
2002-03,397,1610612754,Reggie Miller,full_core,0,0,82,76,70,64,False,False,not_yet_supplied_after_exact_union_and_locked_layer,False
2002-03,399,1610612746,Sean Rooks,full_core,0,0,82,79,70,68,False,False,not_yet_supplied_after_exact_union_and_locked_layer,False
2002-03,406,1610612747,Shaquille O'Neal,full_core,0,0,82,78,67,63,False,False,not_yet_supplied_after_exact_union_and_locked_layer,False
2002-03,42,1610612755,Monty Williams,full_core,0,0,82,75,21,18,False,False,not_yet_supplied_after_exact_union_and_locked_layer,False
2002-03,422,1610612742,Avery Johnson,full_core,0,0,82,80,48,47,False,False,not_yet_supplied_after_exact_union_and_locked_layer,False
2002-03,431,1610612753,Shawn Kemp,full_core,0,0,82,80,79,77,False,False,not_yet_supplied_after_exact_union_and_locked_layer,False
2002-03,436,1610612743,Juwan Howard,full_core,0,0,82,74,77,70,False,False,not_yet_supplied_after_exact_union_and_locked_layer,False
2002-03,445,1610612763,Wesley Person,full_core,0,0,82,78,66,62,False,False,not_yet_supplied_after_exact_union_and_locked_layer,False
2002-03,446,1610612751,Lucious Harris,full_core,0,0,82,78,77,74,False,False,not_yet_supplied_after_exact_union_and_locked_layer,False
2002-03,448,1610612756,Bo Outlaw,full_core,0,0,82,77,80,75,False,False,not_yet_supplied_after_exact_union_and_locked_layer,False
2002-03,452,1610612738,Vin Baker,full_core,0,0,82,76,52,48,False,False,not_yet_supplied_after_exact_union_and_locked_layer,False
2002-03,458,1610612752,Howard Eisley,full_core,0,0,82,79,82,79,False,False,not_yet_supplied_after_exact_union_and_locked_layer,False
2002-03,461,1610612742,Popeye Jones,full_core,0,0,82,80,26,25,False,False,not_yet_supplied_after_exact_union_and_locked_layer,False
2002-03,467,1610612751,Jason Kidd,full_core,0,0,82,78,80,76,False,False,not_yet_supplied_after_exact_union_and_locked_layer,False
2002-03,468,1610612765,Jon Barry,full_core,0,0,82,73,80,71,False,False,not_yet_supplied_after_exact_union_and_locked_layer,False
2002-03,469,1610612740,Jamal Mashburn,full_core,0,0,82,78,82,78,False,False,not_yet_supplied_after_exact_union_and_locked_layer,False
2002-03,57,1610612758,Doug Christie,full_core,0,0,82,81,80,79,False,False,not_yet_supplied_after_exact_union_and_locked_layer,False
2002-03,673,1610612737,Alan Henderson,full_core,0,0,82,75,82,75,False,False,not_yet_supplied_after_exact_union_and_locked_layer,False
2002-03,677,1610612738,Eric Williams,full_core,0,0,82,76,82,76,False,False,not_yet_supplied_after_exact_union_and_locked_layer,False
2002-03,679,1610612749,Jason Caffey,full_core,0,0,82,78,51,50,False,False,not_yet_supplied_after_exact_union_and_locked_layer,False
2002-03,680,1610612762,John Amaechi,full_core,0,0,82,78,50,47,False,False,not_yet_supplied_after_exact_union_and_locked_layer,False
2002-03,682,1610612744,Bob Sura,full_core,0,0,82,76,55,51,False,False,not_yet_supplied_after_exact_union_and_locked_layer,False
2002-03,685,1610612746,Cherokee Parks,full_core,0,0,82,79,30,30,False,False,not_yet_supplied_after_exact_union_and_locked_layer,False
2002-03,688,1610612765,Michael Curry,full_core,0,0,82,73,78,69,False,False,not_yet_supplied_after_exact_union_and_locked_layer,False
2002-03,689,1610612737,Theo Ratliff,full_core,0,0,82,75,81,75,False,False,not_yet_supplied_after_exact_union_and_locked_layer,False
2002-03,690,1610612765,Don Reid,full_core,0,0,82,73,1,1,False,False,not_yet_supplied_after_exact_union_and_locked_layer,False
2002-03,692,1610612753,Andrew DeClercq,full_core,0,0,82,80,77,75,False,False,not_yet_supplied_after_exact_union_and_locked_layer,False
2002-03,693,1610612750,Joe Smith,full_core,0,0,82,80,54,52,False,False,not_yet_supplied_after_exact_union_and_locked_layer,False
2002-03,696,1610612748,Travis Best,full_core,0,0,82,78,72,69,False,False,not_yet_supplied_after_exact_union_and_locked_layer,False
2002-03,697,1610612741,Fred Hoiberg,full_core,0,0,82,79,63,60,False,False,not_yet_supplied_after_exact_union_and_locked_layer,False
2002-03,699,1610612760,Brent Barry,full_core,0,0,82,77,75,71,False,False,not_yet_supplied_after_exact_union_and_locked_layer,False
2002-03,70,1610612759,Steve Kerr,full_core,0,0,82,77,75,71,False,False,not_yet_supplied_after_exact_union_and_locked_layer,False
2002-03,702,1610612761,Voshon Lenard,full_core,0,0,82,80,63,61,False,False,not_yet_supplied_after_exact_union_and_locked_layer,False
2002-03,703,1610612752,Kurt Thomas,full_core,0,0,82,79,81,78,False,False,not_yet_supplied_after_exact_union_and_locked_layer,False
2002-03,708,1610612750,Kevin Garnett,full_core,0,0,82,80,82,80,False,False,not_yet_supplied_after_exact_union_and_locked_layer,False
2002-03,711,1610612764,Jerry Stackhouse,full_core,0,0,82,76,70,65,False,False,not_yet_supplied_after_exact_union_and_locked_layer,False
2002-03,714,1610612742,Michael Finley,full_core,0,0,82,80,69,67,False,False,not_yet_supplied_after_exact_union_and_locked_layer,False
2002-03,717,1610612757,Arvydas Sabonis,full_core,0,0,82,76,78,72,False,False,not_yet_supplied_after_exact_union_and_locked_layer,False
2002-03,718,1610612750,Gary Trent,full_core,0,0,82,80,80,78,False,False,not_yet_supplied_after_exact_union_and_locked_layer,False
2002-03,722,1610612765,Corliss Williamson,full_core,0,0,82,73,82,73,False,False,not_yet_supplied_after_exact_union_and_locked_layer,False
2002-03,727,1610612755,Eric Snow,full_core,0,0,82,75,82,75,False,False,not_yet_supplied_after_exact_union_and_locked_layer,False
2002-03,731,1610612762,Greg Ostertag,full_core,0,0,82,78,81,77,False,False,not_yet_supplied_after_exact_union_and_locked_layer,False
2002-03,739,1610612757,Rasheed Wallace,full_core,0,0,82,76,74,68,False,False,not_yet_supplied_after_exact_union_and_locked_layer,False
2002-03,753,1610612756,Randy Brown,full_core,0,0,82,77,32,30,False,False,not_yet_supplied_after_exact_union_and_locked_layer,False
2002-03,757,1610612757,Damon Stoudamire,full_core,0,0,82,76,59,57,False,False,not_yet_supplied_after_exact_union_and_locked_layer,False
2002-03,762,1610612742,Shawn Bradley,full_core,0,0,82,80,81,79,False,False,not_yet_supplied_after_exact_union_and_locked_layer,False
2002-03,764,1610612759,David Robinson,full_core,0,0,82,77,64,60,False,False,not_yet_supplied_after_exact_union_and_locked_layer,False
2002-03,779,1610612745,Glen Rice,full_core,0,0,82,81,62,61,False,False,not_yet_supplied_after_exact_union_and_locked_layer,False
2002-03,788,1610612759,Kevin Willis,full_core,0,0,82,77,71,67,False,False,not_yet_supplied_after_exact_union_and_locked_layer,False
2002-03,84,1610612752,Latrell Sprewell,full_core,0,0,82,79,74,71,False,False,not_yet_supplied_after_exact_union_and_locked_layer,False
2002-03,87,1610612751,Dikembe Mutombo,full_core,0,0,82,78,24,23,False,False,not_yet_supplied_after_exact_union_and_locked_layer,False
2002-03,89,1610612742,Nick Van Exel,full_core,0,0,82,80,73,71,False,False,not_yet_supplied_after_exact_union_and_locked_layer,False
2002-03,891,1610612764,Charles Oakley,full_core,0,0,82,76,42,38,False,False,not_yet_supplied_after_exact_union_and_locked_layer,False
2002-03,893,1610612764,Michael Jordan,full_core,0,0,82,76,82,76,False,False,not_yet_supplied_after_exact_union_and_locked_layer,False
2002-03,905,1610612757,Dale Davis,full_core,0,0,82,76,78,72,False,False,not_yet_supplied_after_exact_union_and_locked_layer,False
2002-03,911,1610612749,Ervin Johnson,full_core,0,0,82,78,69,65,False,False,not_yet_supplied_after_exact_union_and_locked_layer,False
2002-03,915,1610612751,Rodney Rogers,full_core,0,0,82,78,68,65,False,False,not_yet_supplied_after_exact_union_and_locked_layer,False
2002-03,916,1610612741,Corie Blount,full_core,0,0,82,79,50,49,False,False,not_yet_supplied_after_exact_union_and_locked_layer,False
2002-03,923,1610612741,Donyell Marshall,full_core,0,0,82,79,78,75,False,False,not_yet_supplied_after_exact_union_and_locked_layer,False
2002-03,93,1610612765,Hubert Davis,full_core,0,0,82,73,43,40,False,False,not_yet_supplied_after_exact_union_and_locked_layer,False
2002-03,934,1610612755,Derrick Coleman,full_core,0,0,82,75,64,59,False,False,not_yet_supplied_after_exact_union_and_locked_layer,False
2002-03,935,1610612764,Bryon Russell,full_core,0,0,82,76,70,65,False,False,not_yet_supplied_after_exact_union_and_locked_layer,False
2002-03,937,1610612757,Scottie Pippen,full_core,0,0,82,76,64,59,False,False,not_yet_supplied_after_exact_union_and_locked_layer,False
2002-03,947,1610612755,Allen Iverson,full_core,0,0,82,75,82,75,False,False,not_yet_supplied_after_exact_union_and_locked_layer,False
2002-03,948,1610612743,Marcus Camby,full_core,0,0,82,74,29,25,False,False,not_yet_supplied_after_exact_union_and_locked_layer,False
2002-03,949,1610612737,Shareef Abdur-Rahim,full_core,0,0,82,75,81,74,False,False,not_yet_supplied_after_exact_union_and_locked_layer,False
2002-03,950,1610612756,Stephon Marbury,full_core,0,0,82,77,81,76,False,False,not_yet_supplied_after_exact_union_and_locked_layer,False
2002-03,952,1610612738,Antoine Walker,full_core,0,0,82,76,78,72,False,False,not_yet_supplied_after_exact_union_and_locked_layer,False
2002-03,953,1610612763,Lorenzen Wright,full_core,0,0,82,78,70,68,False,False,not_yet_supplied_after_exact_union_and_locked_layer,False
2002-03,954,1610612751,Kerry Kittles,full_core,0,0,82,78,65,61,False,False,not_yet_supplied_after_exact_union_and_locked_layer,False
2002-03,955,1610612747,Samaki Walker,full_core,0,0,82,78,67,63,False,False,not_yet_supplied_after_exact_union_and_locked_layer,False
2002-03,956,1610612744,Erick Dampier,full_core,0,0,82,76,82,76,False,False,not_yet_supplied_after_exact_union_and_locked_layer,False
2002-03,958,1610612760,Vitaly Potapenko,full_core,0,0,82,77,26,24,False,False,not_yet_supplied_after_exact_union_and_locked_layer,False
2002-03,959,1610612742,Steve Nash,full_core,0,0,82,80,82,80,False,False,not_yet_supplied_after_exact_union_and_locked_layer,False
2002-03,960,1610612738,Tony Delk,full_core,0,0,82,76,67,61,False,False,not_yet_supplied_after_exact_union_and_locked_layer,False
2002-03,962,1610612738,Walter McCarty,full_core,0,0,82,76,82,76,False,False,not_yet_supplied_after_exact_union_and_locked_layer,False
2002-03,965,1610612747,Derek Fisher,full_core,0,0,82,78,82,78,False,False,not_yet_supplied_after_exact_union_and_locked_layer,False
2002-03,966,1610612761,Jerome Williams,full_core,0,0,82,80,71,69,False,False,not_yet_supplied_after_exact_union_and_locked_layer,False
2002-03,969,1610612752,Travis Knight,full_core,0,0,82,79,32,31,False,False,not_yet_supplied_after_exact_union_and_locked_layer,False
2002-03,970,1610612752,Othella Harrington,full_core,0,0,82,79,74,72,False,False,not_yet_supplied_after_exact_union_and_locked_layer,False
2002-03,976,1610612757,Jeff McInnis,full_core,0,0,82,76,75,70,False,False,not_yet_supplied_after_exact_union_and_locked_layer,False
2002-03,977,1610612747,Kobe Bryant,full_core,0,0,82,78,82,78,False,False,not_yet_supplied_after_exact_union_and_locked_layer,False
2002-03,978,1610612758,Peja Stojakovic,full_core,0,0,82,81,72,72,False,False,not_yet_supplied_after_exact_union_and_locked_layer,False
2002-03,979,1610612754,Jermaine O'Neal,full_core,0,0,82,76,77,71,False,False,not_yet_supplied_after_exact_union_and_locked_layer,False
2002-03,980,1610612739,Zydrunas Ilgauskas,full_core,0,0,82,73,81,72,False,False,not_yet_supplied_after_exact_union_and_locked_layer,False
2002-03,981,1610612755,Efthimios Rentzias,full_core,0,0,82,75,35,33,False,False,not_yet_supplied_after_exact_union_and_locked_layer,False
2002-03,983,1610612745,Moochie Norris,full_core,0,0,82,81,82,81,False,False,not_yet_supplied_after_exact_union_and_locked_layer,False
2002-03,990,1610612759,Malik Rose,full_core,0,0,82,77,79,74,False,False,not_yet_supplied_after_exact_union_and_locked_layer,False
2003-04,1032,1610612765,Darvin Ham,full_core,0,0,82,78,54,52,False,False,not_yet_supplied_after_exact_union_and_locked_layer,False
2003-04,1043,1610612755,Amal McCaskill,full_core,0,0,82,79,59,57,False,False,not_yet_supplied_after_exact_union_and_locked_layer,False
2003-04,1065,1610612749,Erick Strickland,full_core,0,0,82,76,43,39,False,False,not_yet_supplied_after_exact_union_and_locked_layer,False
2003-04,109,1610612759,Robert Horry,full_core,0,0,82,77,81,76,False,False,not_yet_supplied_after_exact_union_and_locked_layer,False
2003-04,1112,1610612765,Ben Wallace,full_core,0,0,82,78,81,78,False,False,not_yet_supplied_after_exact_union_and_locked_layer,False
2003-04,120,1610612740,Steven Smith,full_core,0,0,82,77,71,66,False,False,not_yet_supplied_after_exact_union_and_locked_layer,False
2003-04,124,1610612758,Vlade Divac,full_core,0,0,82,75,81,74,False,False,not_yet_supplied_after_exact_union_and_locked_layer,False
2003-04,133,1610612740,David Wesley,full_core,0,0,82,77,61,57,False,False,not_yet_supplied_after_exact_union_and_locked_layer,False
2003-04,136,1610612740,P.J. Brown,full_core,0,0,82,77,80,75,False,False,not_yet_supplied_after_exact_union_and_locked_layer,False
2003-04,1425,1610612751,Aaron Williams,full_core,0,0,82,78,72,69,False,False,not_yet_supplied_after_exact_union_and_locked_layer,False
2003-04,1477,1610612759,Bruce Bowen,full_core,0,0,82,77,82,77,False,False,not_yet_supplied_after_exact_union_and_locked_layer,False
2003-04,1495,1610612759,Tim Duncan,full_core,0,0,82,77,69,65,False,False,not_yet_supplied_after_exact_union_and_locked_layer,False
2003-04,1497,1610612765,Chauncey Billups,full_core,0,0,82,78,78,74,False,False,not_yet_supplied_after_exact_union_and_locked_layer,False
2003-04,1498,1610612760,Antonio Daniels,full_core,0,0,82,80,71,70,False,False,not_yet_supplied_after_exact_union_and_locked_layer,False
2003-04,15,1610612745,Eric Piatkowski,full_core,0,0,82,73,49,42,False,False,not_yet_supplied_after_exact_union_and_locked_layer,False
2003-04,1502,1610612744,Adonal Foyle,full_core,0,0,82,78,44,41,False,False,not_yet_supplied_after_exact_union_and_locked_layer,False
2003-04,1503,1610612753,Tracy McGrady,full_core,0,0,82,78,67,63,False,False,not_yet_supplied_after_exact_union_and_locked_layer,False
2003-04,1504,1610612742,Danny Fortson,full_core,0,0,82,77,56,52,False,False,not_yet_supplied_after_exact_union_and_locked_layer,False
2003-04,1506,1610612754,Austin Croshere,full_core,0,0,82,79,77,75,False,False,not_yet_supplied_after_exact_union_and_locked_layer,False
2003-04,1507,1610612757,Derek Anderson,full_core,0,0,82,78,51,48,False,False,not_yet_supplied_after_exact_union_and_locked_layer,False
2003-04,1508,1610612745,Maurice Taylor,full_core,0,0,82,73,75,68,False,False,not_yet_supplied_after_exact_union_and_locked_layer,False
2003-04,1509,1610612745,Kelvin Cato,full_core,0,0,82,73,69,62,False,False,not_yet_supplied_after_exact_union_and_locked_layer,False
2003-04,1513,1610612754,Scot Pollard,full_core,0,0,82,79,61,59,False,False,not_yet_supplied_after_exact_union_and_locked_layer,False
2003-04,1517,1610612758,Bobby Jackson,full_core,0,0,82,75,50,44,False,False,not_yet_supplied_after_exact_union_and_locked_layer,False
2003-04,1521,1610612737,Jacque Vaughn,full_core,0,0,82,81,71,70,False,False,not_yet_supplied_after_exact_union_and_locked_layer,False
2003-04,1531,1610612755,Marc Jackson,full_core,0,0,82,79,22,20,False,False,not_yet_supplied_after_exact_union_and_locked_layer,False
2003-04,1533,1610612754,Anthony Johnson,full_core,0,0,82,79,73,70,False,False,not_yet_supplied_after_exact_union_and_locked_layer,False
2003-04,1536,1610612737,Stephen Jackson,full_core,0,0,82,81,80,79,False,False,not_yet_supplied_after_exact_union_and_locked_layer,False
2003-04,1541,1610612761,Alvin Williams,full_core,0,0,82,81,56,56,False,False,not_yet_supplied_after_exact_union_and_locked_layer,False
2003-04,1542,1610612746,Predrag Drobnjak,full_core,0,0,82,77,61,56,False,False,not_yet_supplied_after_exact_union_and_locked_layer,False
2003-04,1544,1610612737,Chris Crawford,full_core,0,0,82,81,56,55,False,False,not_yet_supplied_after_exact_union_and_locked_layer,False
2003-04,1548,1610612738,Mark Blount,full_core,0,0,82,80,82,80,False,False,not_yet_supplied_after_exact_union_and_locked_layer,False
2003-04,1559,1610612745,Adrian Griffin,full_core,0,0,82,73,19,17,False,False,not_yet_supplied_after_exact_union_and_locked_layer,False
2003-04,1563,1610612739,Kevin Ollie,full_core,0,0,82,81,82,81,False,False,not_yet_supplied_after_exact_union_and_locked_layer,False
2003-04,1607,1610612750,Troy Hudson,full_core,0,0,82,80,29,27,False,False,not_yet_supplied_after_exact_union_and_locked_layer,False
2003-04,1709,1610612750,Michael Olowokandi,full_core,0,0,82,80,43,42,False,False,not_yet_supplied_after_exact_union_and_locked_layer,False
2003-04,1710,1610612758,Mike Bibby,full_core,0,0,82,75,82,75,False,False,not_yet_supplied_after_exact_union_and_locked_layer,False
2003-04,1711,1610612738,Raef LaFrentz,full_core,0,0,82,80,17,17,False,False,not_yet_supplied_after_exact_union_and_locked_layer,False
2003-04,1712,1610612742,Antawn Jamison,full_core,0,0,82,77,82,77,False,False,not_yet_supplied_after_exact_union_and_locked_layer,False
2003-04,1713,1610612761,Vince Carter,full_core,0,0,82,81,73,72,False,False,not_yet_supplied_after_exact_union_and_locked_layer,False
2003-04,1714,1610612740,Robert Traylor,full_core,0,0,82,77,71,66,False,False,not_yet_supplied_after_exact_union_and_locked_layer,False
2003-04,1715,1610612763,Jason Williams,full_core,0,0,82,76,72,66,False,False,not_yet_supplied_after_exact_union_and_locked_layer,False
2003-04,1716,1610612764,Larry Hughes,full_core,0,0,82,78,61,58,False,False,not_yet_supplied_after_exact_union_and_locked_layer,False
2003-04,1717,1610612742,Dirk Nowitzki,full_core,0,0,82,77,77,72,False,False,not_yet_supplied_after_exact_union_and_locked_layer,False
2003-04,1718,1610612738,Paul Pierce,full_core,0,0,82,80,80,78,False,False,not_yet_supplied_after_exact_union_and_locked_layer,False
2003-04,1723,1610612762,Matt Harpring,full_core,0,0,82,79,31,30,False,False,not_yet_supplied_after_exact_union_and_locked_layer,False
2003-04,1725,1610612759,Rasho Nesterovic,full_core,0,0,82,77,82,77,False,False,not_yet_supplied_after_exact_union_and_locked_layer,False
2003-04,1727,1610612753,Pat Garrity,full_core,0,0,82,78,2,2,False,False,not_yet_supplied_after_exact_union_and_locked_layer,False
2003-04,1730,1610612749,Brian Skinner,full_core,0,0,82,76,56,50,False,False,not_yet_supplied_after_exact_union_and_locked_layer,False
2003-04,1731,1610612753,Tyronn Lue,full_core,0,0,82,78,76,72,False,False,not_yet_supplied_after_exact_union_and_locked_layer,False
2003-04,1733,1610612754,Al Harrington,full_core,0,0,82,79,79,76,False,False,not_yet_supplied_after_exact_union_and_locked_layer,False
2003-04,1735,1610612757,Vladimir Stepania,full_core,0,0,82,78,42,40,False,False,not_yet_supplied_after_exact_union_and_locked_layer,False
2003-04,1738,1610612760,Ansu Sesay,full_core,0,0,82,80,57,55,False,False,not_yet_supplied_after_exact_union_and_locked_layer,False
2003-04,1739,1610612757,Ruben Patterson,full_core,0,0,82,78,73,69,False,False,not_yet_supplied_after_exact_union_and_locked_layer,False
2003-04,1740,1610612760,Rashard Lewis,full_core,0,0,82,80,80,78,False,False,not_yet_supplied_after_exact_union_and_locked_layer,False
2003-04,1744,1610612760,Jerome James,full_core,0,0,82,80,65,64,False,False,not_yet_supplied_after_exact_union_and_locked_layer,False
2003-04,1747,1610612748,Rafer Alston,full_core,0,0,82,78,82,78,False,False,not_yet_supplied_after_exact_union_and_locked_layer,False
2003-04,1749,1610612745,Cuttino Mobley,full_core,0,0,82,73,80,71,False,False,not_yet_supplied_after_exact_union_and_locked_layer,False
2003-04,1761,1610612755,Greg Buckner,full_core,0,0,82,79,53,52,False,False,not_yet_supplied_after_exact_union_and_locked_layer,False
2003-04,1762,1610612765,Tremaine Fowlkes,full_core,0,0,82,78,36,34,False,False,not_yet_supplied_after_exact_union_and_locked_layer,False
2003-04,1763,1610612743,Ryan Bowen,full_core,0,0,82,77,52,48,False,False,not_yet_supplied_after_exact_union_and_locked_layer,False
2003-04,1800,1610612749,Damon Jones,full_core,0,0,82,76,82,76,False,False,not_yet_supplied_after_exact_union_and_locked_layer,False
2003-04,1802,1610612758,Brad Miller,full_core,0,0,82,75,72,65,False,False,not_yet_supplied_after_exact_union_and_locked_layer,False
2003-04,185,1610612758,Chris Webber,full_core,0,0,82,75,23,22,False,False,not_yet_supplied_after_exact_union_and_locked_layer,False
2003-04,1863,1610612743,Earl Boykins,full_core,0,0,82,77,82,77,False,False,not_yet_supplied_after_exact_union_and_locked_layer,False
2003-04,1882,1610612746,Elton Brand,full_core,0,0,82,77,69,65,False,False,not_yet_supplied_after_exact_union_and_locked_layer,False
2003-04,1883,1610612745,Steve Francis,full_core,0,0,82,73,79,70,False,False,not_yet_supplied_after_exact_union_and_locked_layer,False
2003-04,1884,1610612740,Baron Davis,full_core,0,0,82,77,67,62,False,False,not_yet_supplied_after_exact_union_and_locked_layer,False
2003-04,1885,1610612748,Lamar Odom,full_core,0,0,82,78,80,76,False,False,not_yet_supplied_after_exact_union_and_locked_layer,False
2003-04,1886,1610612754,Jonathan Bender,full_core,0,0,82,79,21,21,False,False,not_yet_supplied_after_exact_union_and_locked_layer,False
2003-04,1887,1610612750,Wally Szczerbiak,full_core,0,0,82,80,28,27,False,False,not_yet_supplied_after_exact_union_and_locked_layer,False
2003-04,1888,1610612765,Richard Hamilton,full_core,0,0,82,78,78,74,False,False,not_yet_supplied_after_exact_union_and_locked_layer,False
2003-04,1889,1610612743,Andre Miller,full_core,0,0,82,77,82,77,False,False,not_yet_supplied_after_exact_union_and_locked_layer,False
2003-04,1890,1610612756,Shawn Marion,full_core,0,0,82,79,79,76,False,False,not_yet_supplied_after_exact_union_and_locked_layer,False
2003-04,1891,1610612737,Jason Terry,full_core,0,0,82,81,81,80,False,False,not_yet_supplied_after_exact_union_and_locked_layer,False
2003-04,1894,1610612746,Corey Maggette,full_core,0,0,82,77,73,69,False,False,not_yet_supplied_after_exact_union_and_locked_layer,False
2003-04,1897,1610612754,Metta World Peace,full_core,0,0,82,79,73,70,False,False,not_yet_supplied_after_exact_union_and_locked_layer,False
2003-04,1899,1610612763,James Posey,full_core,0,0,82,76,82,76,False,False,not_yet_supplied_after_exact_union_and_locked_layer,False
2003-04,1902,1610612754,Jeff Foster,full_core,0,0,82,79,82,79,False,False,not_yet_supplied_after_exact_union_and_locked_layer,False
2003-04,1903,1610612755,Kenny Thomas,full_core,0,0,82,79,74,71,False,False,not_yet_supplied_after_exact_union_and_locked_layer,False
2003-04,1904,1610612747,Devean George,full_core,0,0,82,74,82,74,False,False,not_yet_supplied_after_exact_union_and_locked_layer,False
2003-04,1905,1610612762,Andrei Kirilenko,full_core,0,0,82,79,78,76,False,False,not_yet_supplied_after_exact_union_and_locked_layer,False
2003-04,1908,1610612738,Jumaine Jones,full_core,0,0,82,80,42,41,False,False,not_yet_supplied_after_exact_union_and_locked_layer,False
2003-04,1909,1610612745,Scott Padgett,full_core,0,0,82,73,58,50,False,False,not_yet_supplied_after_exact_union_and_locked_layer,False
2003-04,1913,1610612762,Michael Ruffin,full_core,0,0,82,79,41,39,False,False,not_yet_supplied_after_exact_union_and_locked_layer,False
2003-04,1916,1610612760,Calvin Booth,full_core,0,0,82,80,71,69,False,False,not_yet_supplied_after_exact_union_and_locked_layer,False
2003-04,1922,1610612743,Francisco Elson,full_core,0,0,82,77,62,59,False,False,not_yet_supplied_after_exact_union_and_locked_layer,False
2003-04,1938,1610612759,Manu Ginobili,full_core,0,0,82,77,77,73,False,False,not_yet_supplied_after_exact_union_and_locked_layer,False
2003-04,1944,1610612741,Eddie Robinson,full_core,0,0,82,76,51,46,False,False,not_yet_supplied_after_exact_union_and_locked_layer,False
2003-04,1952,1610612762,Raja Bell,full_core,0,0,82,79,82,79,False,False,not_yet_supplied_after_exact_union_and_locked_layer,False
2003-04,1956,1610612739,Ira Newble,full_core,0,0,82,81,64,63,False,False,not_yet_supplied_after_exact_union_and_locked_layer,False
2003-04,1960,1610612761,Milt Palacio,full_core,0,0,82,81,59,59,False,False,not_yet_supplied_after_exact_union_and_locked_layer,False
2003-04,2030,1610612751,Kenyon Martin,full_core,0,0,82,78,65,61,False,False,not_yet_supplied_after_exact_union_and_locked_layer,False
2003-04,2031,1610612763,Stromile Swift,full_core,0,0,82,76,77,71,False,False,not_yet_supplied_after_exact_union_and_locked_layer,False
2003-04,2033,1610612741,Marcus Fizer,full_core,0,0,82,76,46,41,False,False,not_yet_supplied_after_exact_union_and_locked_layer,False
2003-04,2034,1610612763,Mike Miller,full_core,0,0,82,76,65,61,False,False,not_yet_supplied_after_exact_union_and_locked_layer,False
2003-04,2037,1610612741,Jamal Crawford,full_core,0,0,82,76,80,74,False,False,not_yet_supplied_after_exact_union_and_locked_layer,False
2003-04,2039,1610612746,Keyon Dooling,full_core,0,0,82,77,58,54,False,False,not_yet_supplied_after_exact_union_and_locked_layer,False
2003-04,2040,1610612761,Jerome Moiso,full_core,0,0,82,81,34,34,False,False,not_yet_supplied_after_exact_union_and_locked_layer,False
2003-04,2041,1610612764,Etan Thomas,full_core,0,0,82,78,79,75,False,False,not_yet_supplied_after_exact_union_and_locked_layer,False
2003-04,2045,1610612759,Hedo Turkoglu,full_core,0,0,82,77,80,75,False,False,not_yet_supplied_after_exact_union_and_locked_layer,False
2003-04,2046,1610612749,Desmond Mason,full_core,0,0,82,76,82,76,False,False,not_yet_supplied_after_exact_union_and_locked_layer,False
2003-04,2047,1610612746,Quentin Richardson,full_core,0,0,82,77,65,61,False,False,not_yet_supplied_after_exact_union_and_locked_layer,False
2003-04,2048,1610612740,Jamaal Magloire,full_core,0,0,82,77,82,77,False,False,not_yet_supplied_after_exact_union_and_locked_layer,False
2003-04,2049,1610612744,Speedy Claxton,full_core,0,0,82,78,60,56,False,False,not_yet_supplied_after_exact_union_and_locked_layer,False
2003-04,2050,1610612761,Morris Peterson,full_core,0,0,82,81,82,81,False,False,not_yet_supplied_after_exact_union_and_locked_layer,False
2003-04,2054,1610612763,Jake Tsakalidis,full_core,0,0,82,76,40,36,False,False,not_yet_supplied_after_exact_union_and_locked_layer,False
2003-04,2056,1610612754,Primoz Brezec,full_core,0,0,82,79,18,17,False,False,not_yet_supplied_after_exact_union_and_locked_layer,False
2003-04,2058,1610612750,Mark Madsen,full_core,0,0,82,80,72,70,False,False,not_yet_supplied_after_exact_union_and_locked_layer,False
2003-04,2059,1610612742,Eduardo Najera,full_core,0,0,82,77,58,54,False,False,not_yet_supplied_after_exact_union_and_locked_layer,False
2003-04,2060,1610612746,Marko Jaric,full_core,0,0,82,77,58,56,False,False,not_yet_supplied_after_exact_union_and_locked_layer,False
2003-04,2063,1610612756,Jake Voskuhl,full_core,0,0,82,79,66,63,False,False,not_yet_supplied_after_exact_union_and_locked_layer,False
2003-04,2067,1610612746,Eddie House,full_core,0,0,82,77,60,55,False,False,not_yet_supplied_after_exact_union_and_locked_layer,False
2003-04,2072,1610612749,Michael Redd,full_core,0,0,82,76,82,76,False,False,not_yet_supplied_after_exact_union_and_locked_layer,False
2003-04,2073,1610612744,Brian Cardinal,full_core,0,0,82,78,76,72,False,False,not_yet_supplied_after_exact_union_and_locked_layer,False
2003-04,208,1610612750,Sam Cassell,full_core,0,0,82,80,81,79,False,False,not_yet_supplied_after_exact_union_and_locked_layer,False
2003-04,2091,1610612749,Daniel Santiago,full_core,0,0,82,76,54,50,False,False,not_yet_supplied_after_exact_union_and_locked_layer,False
2003-04,2098,1610612747,Slava Medvedenko,full_core,0,0,82,74,68,61,False,False,not_yet_supplied_after_exact_union_and_locked_layer,False
2003-04,2124,1610612748,Malik Allen,full_core,0,0,82,78,45,42,False,False,not_yet_supplied_after_exact_union_and_locked_layer,False
2003-04,2198,1610612764,Kwame Brown,full_core,0,0,82,78,74,71,False,False,not_yet_supplied_after_exact_union_and_locked_layer,False
2003-04,2199,1610612741,Tyson Chandler,full_core,0,0,82,76,35,32,False,False,not_yet_supplied_after_exact_union_and_locked_layer,False
2003-04,2200,1610612763,Pau Gasol,full_core,0,0,82,76,78,72,False,False,not_yet_supplied_after_exact_union_and_locked_layer,False
2003-04,2201,1610612741,Eddy Curry,full_core,0,0,82,76,73,67,False,False,not_yet_supplied_after_exact_union_and_locked_layer,False
2003-04,2202,1610612744,Jason Richardson,full_core,0,0,82,78,78,74,False,False,not_yet_supplied_after_exact_union_and_locked_layer,False
2003-04,2203,1610612763,Shane Battier,full_core,0,0,82,76,79,74,False,False,not_yet_supplied_after_exact_union_and_locked_layer,False
2003-04,2205,1610612739,DeSagana Diop,full_core,0,0,82,81,56,55,False,False,not_yet_supplied_after_exact_union_and_locked_layer,False
2003-04,2206,1610612743,Rodney White,full_core,0,0,82,77,72,67,False,False,not_yet_supplied_after_exact_union_and_locked_layer,False
2003-04,2207,1610612756,Joe Johnson,full_core,0,0,82,79,82,79,False,False,not_yet_supplied_after_exact_union_and_locked_layer,False
2003-04,2209,1610612760,Vladimir Radmanovic,full_core,0,0,82,80,77,75,False,False,not_yet_supplied_after_exact_union_and_locked_layer,False
2003-04,2210,1610612751,Richard Jefferson,full_core,0,0,82,78,82,78,False,False,not_yet_supplied_after_exact_union_and_locked_layer,False
2003-04,2211,1610612744,Troy Murphy,full_core,0,0,82,78,28,27,False,False,not_yet_supplied_after_exact_union_and_locked_layer,False
2003-04,2212,1610612753,Steven Hunter,full_core,0,0,82,78,59,57,False,False,not_yet_supplied_after_exact_union_and_locked_layer,False
2003-04,2215,1610612751,Jason Collins,full_core,0,0,82,78,78,74,False,False,not_yet_supplied_after_exact_union_and_locked_layer,False
2003-04,2216,1610612757,Zach Randolph,full_core,0,0,82,78,81,77,False,False,not_yet_supplied_after_exact_union_and_locked_layer,False
2003-04,2217,1610612764,Brendan Haywood,full_core,0,0,82,78,77,73,False,False,not_yet_supplied_after_exact_union_and_locked_layer,False
2003-04,2220,1610612751,Brandon Armstrong,full_core,0,0,82,78,56,52,False,False,not_yet_supplied_after_exact_union_and_locked_layer,False
2003-04,2221,1610612762,Raul Lopez,full_core,0,0,82,79,82,79,False,False,not_yet_supplied_after_exact_union_and_locked_layer,False
2003-04,2222,1610612758,Gerald Wallace,full_core,0,0,82,75,37,36,False,False,not_yet_supplied_after_exact_union_and_locked_layer,False
2003-04,2223,1610612755,Samuel Dalembert,full_core,0,0,82,79,82,79,False,False,not_yet_supplied_after_exact_union_and_locked_layer,False
2003-04,2224,1610612754,Jamaal Tinsley,full_core,0,0,82,79,52,51,False,False,not_yet_supplied_after_exact_union_and_locked_layer,False
2003-04,2225,1610612759,Tony Parker,full_core,0,0,82,77,75,71,False,False,not_yet_supplied_after_exact_union_and_locked_layer,False
2003-04,2239,1610612750,Trenton Hassell,full_core,0,0,82,80,81,79,False,False,not_yet_supplied_after_exact_union_and_locked_layer,False
2003-04,224,1610612748,Eddie Jones,full_core,0,0,82,78,81,77,False,False,not_yet_supplied_after_exact_union_and_locked_layer,False
2003-04,2240,1610612764,Gilbert Arenas,full_core,0,0,82,78,55,53,False,False,not_yet_supplied_after_exact_union_and_locked_layer,False
2003-04,2243,1610612751,Brian Scalabrine,full_core,0,0,82,78,69,65,False,False,not_yet_supplied_after_exact_union_and_locked_layer,False
2003-04,2244,1610612743,Jeff Trepagnier,full_core,0,0,82,77,11,10,False,False,not_yet_supplied_after_exact_union_and_locked_layer,False
2003-04,2246,1610612765,Mehmet Okur,full_core,0,0,82,78,71,67,False,False,not_yet_supplied_after_exact_union_and_locked_layer,False
2003-04,2248,1610612763,Earl Watson,full_core,0,0,82,76,81,75,False,False,not_yet_supplied_after_exact_union_and_locked_layer,False
2003-04,2249,1610612754,Jamison Brewer,full_core,0,0,82,79,13,13,False,False,not_yet_supplied_after_exact_union_and_locked_layer,False
2003-04,2250,1610612746,Bobby Simmons,full_core,0,0,82,77,56,52,False,False,not_yet_supplied_after_exact_union_and_locked_layer,False
2003-04,2254,1610612748,Loren Woods,full_core,0,0,82,78,38,36,False,False,not_yet_supplied_after_exact_union_and_locked_layer,False
2003-04,2260,1610612762,Jarron Collins,full_core,0,0,82,79,81,78,False,False,not_yet_supplied_after_exact_union_and_locked_layer,False
2003-04,2306,1610612762,Carlos Arroyo,full_core,0,0,82,79,71,68,False,False,not_yet_supplied_after_exact_union_and_locked_layer,False
2003-04,2365,1610612743,Chris Andersen,full_core,0,0,82,77,71,67,False,False,not_yet_supplied_after_exact_union_and_locked_layer,False
2003-04,2366,1610612745,Mike Wilks,full_core,0,0,82,73,26,24,False,False,not_yet_supplied_after_exact_union_and_locked_layer,False
2003-04,2397,1610612745,Yao Ming,full_core,0,0,82,73,82,73,False,False,not_yet_supplied_after_exact_union_and_locked_layer,False
2003-04,2399,1610612744,Mike Dunleavy,full_core,0,0,82,78,75,71,False,False,not_yet_supplied_after_exact_union_and_locked_layer,False
2003-04,2400,1610612753,Drew Gooden,full_core,0,0,82,78,79,75,False,False,not_yet_supplied_after_exact_union_and_locked_layer,False
2003-04,2401,1610612743,Nikoloz Tskitishvili,full_core,0,0,82,77,39,37,False,False,not_yet_supplied_after_exact_union_and_locked_layer,False
2003-04,2402,1610612739,Dajuan Wagner,full_core,0,0,82,81,44,44,False,False,not_yet_supplied_after_exact_union_and_locked_layer,False
2003-04,2403,1610612743,Nene,full_core,0,0,82,77,77,72,False,False,not_yet_supplied_after_exact_union_and_locked_layer,False
2003-04,2404,1610612746,Chris Wilcox,full_core,0,0,82,77,65,61,False,False,not_yet_supplied_after_exact_union_and_locked_layer,False
2003-04,2405,1610612756,Amar'e Stoudemire,full_core,0,0,82,79,55,53,False,False,not_yet_supplied_after_exact_union_and_locked_layer,False
2003-04,2406,1610612748,Caron Butler,full_core,0,0,82,78,68,65,False,False,not_yet_supplied_after_exact_union_and_locked_layer,False
2003-04,2407,1610612764,Jared Jeffries,full_core,0,0,82,78,82,78,False,False,not_yet_supplied_after_exact_union_and_locked_layer,False
2003-04,2408,1610612746,Melvin Ely,full_core,0,0,82,77,42,39,False,False,not_yet_supplied_after_exact_union_and_locked_layer,False
2003-04,2409,1610612749,Marcus Haislip,full_core,0,0,82,76,31,30,False,False,not_yet_supplied_after_exact_union_and_locked_layer,False
2003-04,2410,1610612754,Fred Jones,full_core,0,0,82,79,81,78,False,False,not_yet_supplied_after_exact_union_and_locked_layer,False
2003-04,2411,1610612745,Bostjan Nachbar,full_core,0,0,82,73,45,40,False,False,not_yet_supplied_after_exact_union_and_locked_layer,False
2003-04,2412,1610612738,Jiri Welsch,full_core,0,0,82,80,81,79,False,False,not_yet_supplied_after_exact_union_and_locked_layer,False
2003-04,2413,1610612764,Juan Dixon,full_core,0,0,82,78,71,68,False,False,not_yet_supplied_after_exact_union_and_locked_layer,False
2003-04,2414,1610612762,Curtis Borchardt,full_core,0,0,82,79,16,15,False,False,not_yet_supplied_after_exact_union_and_locked_layer,False
2003-04,2415,1610612763,Ryan Humphrey,full_core,0,0,82,76,2,2,False,False,not_yet_supplied_after_exact_union_and_locked_layer,False
2003-04,2416,1610612747,Kareem Rush,full_core,0,0,82,74,72,66,False,False,not_yet_supplied_after_exact_union_and_locked_layer,False
2003-04,2417,1610612757,Qyntel Woods,full_core,0,0,82,78,62,58,False,False,not_yet_supplied_after_exact_union_and_locked_layer,False
2003-04,2418,1610612756,Casey Jacobsen,full_core,0,0,82,79,78,75,False,False,not_yet_supplied_after_exact_union_and_locked_layer,False
2003-04,2419,1610612765,Tayshaun Prince,full_core,0,0,82,78,82,78,False,False,not_yet_supplied_after_exact_union_and_locked_layer,False
2003-04,2422,1610612755,John Salmons,full_core,0,0,82,79,77,74,False,False,not_yet_supplied_after_exact_union_and_locked_layer,False
2003-04,2429,1610612749,Dan Gadzuric,full_core,0,0,82,76,75,69,False,False,not_yet_supplied_after_exact_union_and_locked_layer,False
2003-04,243,1610612755,Aaron McKie,full_core,0,0,82,79,75,72,False,False,not_yet_supplied_after_exact_union_and_locked_layer,False
2003-04,2430,1610612739,Carlos Boozer,full_core,0,0,82,81,75,75,False,False,not_yet_supplied_after_exact_union_and_locked_layer,False
2003-04,2436,1610612760,Flip Murray,full_core,0,0,82,80,82,80,False,False,not_yet_supplied_after_exact_union_and_locked_layer,False
2003-04,2441,1610612747,Jamal Sampson,full_core,0,0,82,74,10,10,False,False,not_yet_supplied_after_exact_union_and_locked_layer,False
2003-04,2443,1610612758,Darius Songaila,full_core,0,0,82,75,73,68,False,False,not_yet_supplied_after_exact_union_and_locked_layer,False
2003-04,2446,1610612748,Rasual Butler,full_core,0,0,82,78,45,44,False,False,not_yet_supplied_after_exact_union_and_locked_layer,False
2003-04,2447,1610612751,Tamar Slay,full_core,0,0,82,78,22,21,False,False,not_yet_supplied_after_exact_union_and_locked_layer,False
2003-04,248,1610612740,George Lynch,full_core,0,0,82,77,78,74,False,False,not_yet_supplied_after_exact_union_and_locked_layer,False
2003-04,2484,1610612759,Devin Brown,full_core,0,0,82,77,58,54,False,False,not_yet_supplied_after_exact_union_and_locked_layer,False
2003-04,2499,1610612760,Richie Frahm,full_core,0,0,82,80,54,53,False,False,not_yet_supplied_after_exact_union_and_locked_layer,False
2003-04,2501,1610612760,Reggie Evans,full_core,0,0,82,80,75,74,False,False,not_yet_supplied_after_exact_union_and_locked_layer,False
2003-04,252,1610612747,Karl Malone,full_core,0,0,82,74,42,36,False,False,not_yet_supplied_after_exact_union_and_locked_layer,False
2003-04,2544,1610612739,LeBron James,full_core,0,0,82,81,79,78,False,False,not_yet_supplied_after_exact_union_and_locked_layer,False
2003-04,2545,1610612765,Darko Milicic,full_core,0,0,82,78,34,32,False,False,not_yet_supplied_after_exact_union_and_locked_layer,False
2003-04,2546,1610612743,Carmelo Anthony,full_core,0,0,82,77,82,77,False,False,not_yet_supplied_after_exact_union_and_locked_layer,False
2003-04,2547,1610612761,Chris Bosh,full_core,0,0,82,81,75,74,False,False,not_yet_supplied_after_exact_union_and_locked_layer,False
2003-04,2548,1610612748,Dwyane Wade,full_core,0,0,82,78,61,58,False,False,not_yet_supplied_after_exact_union_and_locked_layer,False
2003-04,2549,1610612746,Chris Kaman,full_core,0,0,82,77,82,77,False,False,not_yet_supplied_after_exact_union_and_locked_layer,False
2003-04,2550,1610612741,Kirk Hinrich,full_core,0,0,82,76,76,70,False,False,not_yet_supplied_after_exact_union_and_locked_layer,False
2003-04,2551,1610612749,T.J. Ford,full_core,0,0,82,76,55,52,False,False,not_yet_supplied_after_exact_union_and_locked_layer,False
2003-04,2553,1610612764,Jarvis Hayes,full_core,0,0,82,78,70,67,False,False,not_yet_supplied_after_exact_union_and_locked_layer,False
2003-04,2554,1610612744,Mickael Pietrus,full_core,0,0,82,78,53,51,False,False,not_yet_supplied_after_exact_union_and_locked_layer,False
2003-04,2556,1610612738,Marcus Banks,full_core,0,0,82,80,81,79,False,False,not_yet_supplied_after_exact_union_and_locked_layer,False
2003-04,2557,1610612760,Luke Ridnour,full_core,0,0,82,80,69,67,False,False,not_yet_supplied_after_exact_union_and_locked_layer,False
2003-04,2558,1610612753,Reece Gaines,full_core,0,0,82,78,38,38,False,False,not_yet_supplied_after_exact_union_and_locked_layer,False
2003-04,2559,1610612763,Troy Bell,full_core,0,0,82,76,6,5,False,False,not_yet_supplied_after_exact_union_and_locked_layer,False
2003-04,2560,1610612756,Zarko Cabarkapa,full_core,0,0,82,79,49,47,False,False,not_yet_supplied_after_exact_union_and_locked_layer,False
2003-04,2561,1610612740,David West,full_core,0,0,82,77,71,67,False,False,not_yet_supplied_after_exact_union_and_locked_layer,False
2003-04,2562,1610612762,Sasha Pavlovic,full_core,0,0,82,79,79,76,False,False,not_yet_supplied_after_exact_union_and_locked_layer,False
2003-04,2563,1610612763,Dahntay Jones,full_core,0,0,82,76,20,18,False,False,not_yet_supplied_after_exact_union_and_locked_layer,False
2003-04,2564,1610612737,Boris Diaw,full_core,0,0,82,81,76,75,False,False,not_yet_supplied_after_exact_union_and_locked_layer,False
2003-04,2565,1610612751,Zoran Planinic,full_core,0,0,82,78,49,46,False,False,not_yet_supplied_after_exact_union_and_locked_layer,False
2003-04,2566,1610612757,Travis Outlaw,full_core,0,0,82,78,8,8,False,False,not_yet_supplied_after_exact_union_and_locked_layer,False
2003-04,2567,1610612747,Brian Cook,full_core,0,0,82,74,35,32,False,False,not_yet_supplied_after_exact_union_and_locked_layer,False
2003-04,2569,1610612750,Ndudi Ebi,full_core,0,0,82,80,17,17,False,False,not_yet_supplied_after_exact_union_and_locked_layer,False
2003-04,2570,1610612738,Kendrick Perkins,full_core,0,0,82,80,10,9,False,False,not_yet_supplied_after_exact_union_and_locked_layer,False
2003-04,2571,1610612756,Leandro Barbosa,full_core,0,0,82,79,70,67,False,False,not_yet_supplied_after_exact_union_and_locked_layer,False
2003-04,2572,1610612742,Josh Howard,full_core,0,0,82,77,67,62,False,False,not_yet_supplied_after_exact_union_and_locked_layer,False
2003-04,2574,1610612739,Jason Kapono,full_core,0,0,82,81,41,40,False,False,not_yet_supplied_after_exact_union_and_locked_layer,False
2003-04,2575,1610612747,Luke Walton,full_core,0,0,82,74,72,64,False,False,not_yet_supplied_after_exact_union_and_locked_layer,False
2003-04,258,1610612748,Brian Grant,full_core,0,0,82,78,76,72,False,False,not_yet_supplied_after_exact_union_and_locked_layer,False
2003-04,2580,1610612737,Travis Hansen,full_core,0,0,82,81,41,41,False,False,not_yet_supplied_after_exact_union_and_locked_layer,False
2003-04,2581,1610612764,Steve Blake,full_core,0,0,82,78,75,71,False,False,not_yet_supplied_after_exact_union_and_locked_layer,False
2003-04,2584,1610612755,Willie Green,full_core,0,0,82,79,53,51,False,False,not_yet_supplied_after_exact_union_and_locked_layer,False
2003-04,2585,1610612753,Zaza Pachulia,full_core,0,0,82,78,59,55,False,False,not_yet_supplied_after_exact_union_and_locked_layer,False
2003-04,2586,1610612753,Keith Bogans,full_core,0,0,82,78,73,69,False,False,not_yet_supplied_after_exact_union_and_locked_layer,False
2003-04,2590,1610612762,Mo Williams,full_core,0,0,82,79,57,54,False,False,not_yet_supplied_after_exact_union_and_locked_layer,False
2003-04,2592,1610612754,James Jones,full_core,0,0,82,79,6,6,False,False,not_yet_supplied_after_exact_union_and_locked_layer,False
2003-04,2594,1610612755,Kyle Korver,full_core,0,0,82,79,74,71,False,False,not_yet_supplied_after_exact_union_and_locked_layer,False
2003-04,2599,1610612738,Brandon Hunter,full_core,0,0,82,80,36,34,False,False,not_yet_supplied_after_exact_union_and_locked_layer,False
2003-04,2602,1610612748,Jerome Beasley,full_core,0,0,82,78,2,2,False,False,not_yet_supplied_after_exact_union_and_locked_layer,False
2003-04,2604,1610612763,Theron Smith,full_core,0,0,82,76,20,19,False,False,not_yet_supplied_after_exact_union_and_locked_layer,False
2003-04,2605,1610612742,Marquis Daniels,full_core,0,0,82,77,56,52,False,False,not_yet_supplied_after_exact_union_and_locked_layer,False
2003-04,2617,1610612748,Udonis Haslem,full_core,0,0,82,78,75,71,False,False,not_yet_supplied_after_exact_union_and_locked_layer,False
2003-04,2682,1610612759,Alex Garcia,full_core,0,0,82,77,2,2,False,False,not_yet_supplied_after_exact_union_and_locked_layer,False
2003-04,270,1610612747,Horace Grant,full_core,0,0,82,74,55,51,False,False,not_yet_supplied_after_exact_union_and_locked_layer,False
2003-04,278,1610612740,Stacey Augmon,full_core,0,0,82,77,69,65,False,False,not_yet_supplied_after_exact_union_and_locked_layer,False
2003-04,296,1610612747,Rick Fox,full_core,0,0,82,74,38,33,False,False,not_yet_supplied_after_exact_union_and_locked_layer,False
2003-04,297,1610612751,Alonzo Mourning,full_core,0,0,82,78,12,12,False,False,not_yet_supplied_after_exact_union_and_locked_layer,False
2003-04,299,1610612755,Glenn Robinson,full_core,0,0,82,79,42,40,False,False,not_yet_supplied_after_exact_union_and_locked_layer,False
2003-04,324,1610612758,Anthony Peeler,full_core,0,0,82,75,75,69,False,False,not_yet_supplied_after_exact_union_and_locked_layer,False
2003-04,348,1610612764,Mitchell Butler,full_core,0,0,82,78,41,40,False,False,not_yet_supplied_after_exact_union_and_locked_layer,False
2003-04,353,1610612740,Darrell Armstrong,full_core,0,0,82,77,79,74,False,False,not_yet_supplied_after_exact_union_and_locked_layer,False
2003-04,361,1610612744,Clifford Robinson,full_core,0,0,82,78,82,78,False,False,not_yet_supplied_after_exact_union_and_locked_layer,False
2003-04,363,1610612764,Christian Laettner,full_core,0,0,82,78,48,45,False,False,not_yet_supplied_after_exact_union_and_locked_layer,False
2003-04,383,1610612741,Kendall Gill,full_core,0,0,82,76,56,55,False,False,not_yet_supplied_after_exact_union_and_locked_layer,False
2003-04,384,1610612744,Calbert Cheaney,full_core,0,0,82,78,79,75,False,False,not_yet_supplied_after_exact_union_and_locked_layer,False
2003-04,389,1610612749,Toni Kukoc,full_core,0,0,82,76,73,67,False,False,not_yet_supplied_after_exact_union_and_locked_layer,False
2003-04,397,1610612754,Reggie Miller,full_core,0,0,82,79,80,77,False,False,not_yet_supplied_after_exact_union_and_locked_layer,False
2003-04,406,1610612747,Shaquille O'Neal,full_core,0,0,82,74,67,59,False,False,not_yet_supplied_after_exact_union_and_locked_layer,False
2003-04,422,1610612744,Avery Johnson,full_core,0,0,82,78,46,45,False,False,not_yet_supplied_after_exact_union_and_locked_layer,False
2003-04,43,1610612764,Chris Whitney,full_core,0,0,82,78,16,15,False,False,not_yet_supplied_after_exact_union_and_locked_layer,False
2003-04,436,1610612753,Juwan Howard,full_core,0,0,82,78,81,77,False,False,not_yet_supplied_after_exact_union_and_locked_layer,False
2003-04,441,1610612761,Lamond Murray,full_core,0,0,82,81,33,33,False,False,not_yet_supplied_after_exact_union_and_locked_layer,False
2003-04,446,1610612751,Lucious Harris,full_core,0,0,82,78,69,65,False,False,not_yet_supplied_after_exact_union_and_locked_layer,False
2003-04,448,1610612763,Bo Outlaw,full_core,0,0,82,76,82,76,False,False,not_yet_supplied_after_exact_union_and_locked_layer,False
2003-04,461,1610612744,Popeye Jones,full_core,0,0,82,78,5,4,False,False,not_yet_supplied_after_exact_union_and_locked_layer,False
2003-04,467,1610612751,Jason Kidd,full_core,0,0,82,78,67,64,False,False,not_yet_supplied_after_exact_union_and_locked_layer,False
2003-04,468,1610612743,Jon Barry,full_core,0,0,82,77,57,55,False,False,not_yet_supplied_after_exact_union_and_locked_layer,False
2003-04,469,1610612740,Jamal Mashburn,full_core,0,0,82,77,19,19,False,False,not_yet_supplied_after_exact_union_and_locked_layer,False
2003-04,56,1610612747,Gary Payton,full_core,0,0,82,74,82,74,False,False,not_yet_supplied_after_exact_union_and_locked_layer,False
2003-04,57,1610612758,Doug Christie,full_core,0,0,82,75,82,75,False,False,not_yet_supplied_after_exact_union_and_locked_layer,False
2003-04,673,1610612737,Alan Henderson,full_core,0,0,82,81,6,6,False,False,not_yet_supplied_after_exact_union_and_locked_layer,False
2003-04,688,1610612761,Michael Curry,full_core,0,0,82,81,70,69,False,False,not_yet_supplied_after_exact_union_and_locked_layer,False
2003-04,692,1610612753,Andrew DeClercq,full_core,0,0,82,78,71,68,False,False,not_yet_supplied_after_exact_union_and_locked_layer,False
2003-04,693,1610612749,Joe Smith,full_core,0,0,82,76,76,70,False,False,not_yet_supplied_after_exact_union_and_locked_layer,False
2003-04,696,1610612742,Travis Best,full_core,0,0,82,77,61,58,False,False,not_yet_supplied_after_exact_union_and_locked_layer,False
2003-04,697,1610612750,Fred Hoiberg,full_core,0,0,82,80,79,77,False,False,not_yet_supplied_after_exact_union_and_locked_layer,False
2003-04,699,1610612760,Brent Barry,full_core,0,0,82,80,59,58,False,False,not_yet_supplied_after_exact_union_and_locked_layer,False
2003-04,702,1610612743,Voshon Lenard,full_core,0,0,82,77,73,69,False,False,not_yet_supplied_after_exact_union_and_locked_layer,False
2003-04,708,1610612750,Kevin Garnett,full_core,0,0,82,80,82,80,False,False,not_yet_supplied_after_exact_union_and_locked_layer,False
2003-04,711,1610612764,Jerry Stackhouse,full_core,0,0,82,78,26,25,False,False,not_yet_supplied_after_exact_union_and_locked_layer,False
2003-04,714,1610612742,Michael Finley,full_core,0,0,82,77,72,68,False,False,not_yet_supplied_after_exact_union_and_locked_layer,False
2003-04,718,1610612750,Gary Trent,full_core,0,0,82,80,68,67,False,False,not_yet_supplied_after_exact_union_and_locked_layer,False
2003-04,72,1610612754,Kenny Anderson,full_core,0,0,82,79,44,42,False,False,not_yet_supplied_after_exact_union_and_locked_layer,False
2003-04,722,1610612765,Corliss Williamson,full_core,0,0,82,78,79,75,False,False,not_yet_supplied_after_exact_union_and_locked_layer,False
2003-04,727,1610612755,Eric Snow,full_core,0,0,82,79,82,79,False,False,not_yet_supplied_after_exact_union_and_locked_layer,False
2003-04,731,1610612762,Greg Ostertag,full_core,0,0,82,79,78,75,False,False,not_yet_supplied_after_exact_union_and_locked_layer,False
2003-04,754,1610612745,Jim Jackson,full_core,0,0,82,73,80,71,False,False,not_yet_supplied_after_exact_union_and_locked_layer,False
2003-04,757,1610612757,Damon Stoudamire,full_core,0,0,82,78,82,78,False,False,not_yet_supplied_after_exact_union_and_locked_layer,False
2003-04,762,1610612742,Shawn Bradley,full_core,0,0,82,77,66,61,False,False,not_yet_supplied_after_exact_union_and_locked_layer,False
2003-04,763,1610612758,Tony Massenburg,full_core,0,0,82,75,59,52,False,False,not_yet_supplied_after_exact_union_and_locked_layer,False
2003-04,788,1610612759,Kevin Willis,full_core,0,0,82,77,48,45,False,False,not_yet_supplied_after_exact_union_and_locked_layer,False
2003-04,84,1610612750,Latrell Sprewell,full_core,0,0,82,80,82,80,False,False,not_yet_supplied_after_exact_union_and_locked_layer,False
2003-04,89,1610612744,Nick Van Exel,full_core,0,0,82,78,39,37,False,False,not_yet_supplied_after_exact_union_and_locked_layer,False
2003-04,902,1610612748,Bimbo Coles,full_core,0,0,82,78,22,20,False,False,not_yet_supplied_after_exact_union_and_locked_layer,False
2003-04,905,1610612757,Dale Davis,full_core,0,0,82,78,76,72,False,False,not_yet_supplied_after_exact_union_and_locked_layer,False
2003-04,911,1610612750,Ervin Johnson,full_core,0,0,82,80,66,64,False,False,not_yet_supplied_after_exact_union_and_locked_layer,False
2003-04,915,1610612751,Rodney Rogers,full_core,0,0,82,78,69,65,False,False,not_yet_supplied_after_exact_union_and_locked_layer,False
2003-04,922,1610612765,Elden Campbell,full_core,0,0,82,78,65,61,False,False,not_yet_supplied_after_exact_union_and_locked_layer,False
2003-04,934,1610612755,Derrick Coleman,full_core,0,0,82,79,34,33,False,False,not_yet_supplied_after_exact_union_and_locked_layer,False
2003-04,935,1610612747,Bryon Russell,full_core,0,0,82,74,72,66,False,False,not_yet_supplied_after_exact_union_and_locked_layer,False
2003-04,937,1610612741,Scottie Pippen,full_core,0,0,82,76,23,20,False,False,not_yet_supplied_after_exact_union_and_locked_layer,False
2003-04,947,1610612755,Allen Iverson,full_core,0,0,82,79,48,46,False,False,not_yet_supplied_after_exact_union_and_locked_layer,False
2003-04,948,1610612743,Marcus Camby,full_core,0,0,82,77,72,67,False,False,not_yet_supplied_after_exact_union_and_locked_layer,False
2003-04,951,1610612760,Ray Allen,full_core,0,0,82,80,56,54,False,False,not_yet_supplied_after_exact_union_and_locked_layer,False
2003-04,952,1610612742,Antoine Walker,full_core,0,0,82,77,82,77,False,False,not_yet_supplied_after_exact_union_and_locked_layer,False
2003-04,953,1610612763,Lorenzen Wright,full_core,0,0,82,76,65,61,False,False,not_yet_supplied_after_exact_union_and_locked_layer,False
2003-04,954,1610612751,Kerry Kittles,full_core,0,0,82,78,82,78,False,False,not_yet_supplied_after_exact_union_and_locked_layer,False
2003-04,955,1610612748,Samaki Walker,full_core,0,0,82,78,33,32,False,False,not_yet_supplied_after_exact_union_and_locked_layer,False
2003-04,956,1610612744,Erick Dampier,full_core,0,0,82,78,74,71,False,False,not_yet_supplied_after_exact_union_and_locked_layer,False
2003-04,958,1610612760,Vitaly Potapenko,full_core,0,0,82,80,65,63,False,False,not_yet_supplied_after_exact_union_and_locked_layer,False
2003-04,959,1610612742,Steve Nash,full_core,0,0,82,77,78,73,False,False,not_yet_supplied_after_exact_union_and_locked_layer,False
2003-04,960,1610612742,Tony Delk,full_core,0,0,82,77,33,32,False,False,not_yet_supplied_after_exact_union_and_locked_layer,False
2003-04,961,1610612748,John Wallace,full_core,0,0,82,78,36,35,False,False,not_yet_supplied_after_exact_union_and_locked_layer,False
2003-04,962,1610612738,Walter McCarty,full_core,0,0,82,80,77,75,False,False,not_yet_supplied_after_exact_union_and_locked_layer,False
2003-04,965,1610612747,Derek Fisher,full_core,0,0,82,74,82,74,False,False,not_yet_supplied_after_exact_union_and_locked_layer,False
2003-04,977,1610612747,Kobe Bryant,full_core,0,0,82,74,65,58,False,False,not_yet_supplied_after_exact_union_and_locked_layer,False
2003-04,978,1610612758,Peja Stojakovic,full_core,0,0,82,75,81,74,False,False,not_yet_supplied_after_exact_union_and_locked_layer,False
2003-04,979,1610612754,Jermaine O'Neal,full_core,0,0,82,79,78,75,False,False,not_yet_supplied_after_exact_union_and_locked_layer,False
2003-04,980,1610612739,Zydrunas Ilgauskas,full_core,0,0,82,81,81,80,False,False,not_yet_supplied_after_exact_union_and_locked_layer,False
2003-04,990,1610612759,Malik Rose,full_core,0,0,82,77,67,63,False,False,not_yet_supplied_after_exact_union_and_locked_layer,False
2003-04,998,1610612743,Mark Pope,full_core,0,0,82,77,4,2,False,False,not_yet_supplied_after_exact_union_and_locked_layer,False
2004-05,1032,1610612765,Darvin Ham,full_core,0,0,82,75,47,44,False,False,not_yet_supplied_after_exact_union_and_locked_layer,False
2004-05,1065,1610612749,Erick Strickland,full_core,0,0,82,78,62,58,False,False,not_yet_supplied_after_exact_union_and_locked_layer,False
2004-05,1088,1610612747,Chucky Atkins,full_core,0,0,82,76,82,76,False,False,not_yet_supplied_after_exact_union_and_locked_layer,False
2004-05,109,1610612759,Robert Horry,full_core,0,0,82,80,75,73,False,False,not_yet_supplied_after_exact_union_and_locked_layer,False
2004-05,1112,1610612765,Ben Wallace,full_core,0,0,82,75,74,68,False,False,not_yet_supplied_after_exact_union_and_locked_layer,False
2004-05,124,1610612747,Vlade Divac,full_core,0,0,82,76,15,15,False,False,not_yet_supplied_after_exact_union_and_locked_layer,False
2004-05,136,1610612740,P.J. Brown,full_core,0,0,82,74,82,74,False,False,not_yet_supplied_after_exact_union_and_locked_layer,False
2004-05,1442,1610612746,Zeljko Rebraca,full_core,0,0,82,78,58,57,False,False,not_yet_supplied_after_exact_union_and_locked_layer,False
2004-05,147,1610612761,Jalen Rose,full_core,0,0,82,78,81,77,False,False,not_yet_supplied_after_exact_union_and_locked_layer,False
2004-05,1477,1610612759,Bruce Bowen,full_core,0,0,82,80,82,80,False,False,not_yet_supplied_after_exact_union_and_locked_layer,False
2004-05,1495,1610612759,Tim Duncan,full_core,0,0,82,80,66,65,False,False,not_yet_supplied_after_exact_union_and_locked_layer,False
2004-05,1497,1610612765,Chauncey Billups,full_core,0,0,82,75,80,73,False,False,not_yet_supplied_after_exact_union_and_locked_layer,False
2004-05,1498,1610612760,Antonio Daniels,full_core,0,0,82,76,75,69,False,False,not_yet_supplied_after_exact_union_and_locked_layer,False
2004-05,1499,1610612753,Tony Battie,full_core,0,0,82,80,81,79,False,False,not_yet_supplied_after_exact_union_and_locked_layer,False
2004-05,15,1610612741,Eric Piatkowski,full_core,0,0,82,78,68,65,False,False,not_yet_supplied_after_exact_union_and_locked_layer,False
2004-05,1500,1610612751,Ron Mercer,full_core,0,0,82,79,18,18,False,False,not_yet_supplied_after_exact_union_and_locked_layer,False
2004-05,1501,1610612752,Tim Thomas,full_core,0,0,82,80,71,71,False,False,not_yet_supplied_after_exact_union_and_locked_layer,False
2004-05,1502,1610612744,Adonal Foyle,full_core,0,0,82,79,78,75,False,False,not_yet_supplied_after_exact_union_and_locked_layer,False
2004-05,1503,1610612745,Tracy McGrady,full_core,0,0,82,78,78,74,False,False,not_yet_supplied_after_exact_union_and_locked_layer,False
2004-05,1504,1610612760,Danny Fortson,full_core,0,0,82,76,62,58,False,False,not_yet_supplied_after_exact_union_and_locked_layer,False
2004-05,1506,1610612754,Austin Croshere,full_core,0,0,82,71,73,64,False,False,not_yet_supplied_after_exact_union_and_locked_layer,False
2004-05,1507,1610612757,Derek Anderson,full_core,0,0,82,77,47,44,False,False,not_yet_supplied_after_exact_union_and_locked_layer,False
2004-05,1509,1610612753,Kelvin Cato,full_core,0,0,82,80,62,61,False,False,not_yet_supplied_after_exact_union_and_locked_layer,False
2004-05,1510,1610612766,Brevin Knight,full_core,0,0,82,80,66,64,False,False,not_yet_supplied_after_exact_union_and_locked_layer,False
2004-05,1513,1610612754,Scot Pollard,full_core,0,0,82,71,49,43,False,False,not_yet_supplied_after_exact_union_and_locked_layer,False
2004-05,1517,1610612758,Bobby Jackson,full_core,0,0,82,78,25,22,False,False,not_yet_supplied_after_exact_union_and_locked_layer,False
2004-05,1521,1610612751,Jacque Vaughn,full_core,0,0,82,79,71,69,False,False,not_yet_supplied_after_exact_union_and_locked_layer,False
2004-05,1531,1610612755,Marc Jackson,full_core,0,0,82,75,81,74,False,False,not_yet_supplied_after_exact_union_and_locked_layer,False
2004-05,1533,1610612754,Anthony Johnson,full_core,0,0,82,71,63,56,False,False,not_yet_supplied_after_exact_union_and_locked_layer,False
2004-05,1536,1610612754,Stephen Jackson,full_core,0,0,82,71,51,47,False,False,not_yet_supplied_after_exact_union_and_locked_layer,False
2004-05,1542,1610612737,Predrag Drobnjak,full_core,0,0,82,78,71,68,False,False,not_yet_supplied_after_exact_union_and_locked_layer,False
2004-05,1548,1610612738,Mark Blount,full_core,0,0,82,75,82,75,False,False,not_yet_supplied_after_exact_union_and_locked_layer,False
2004-05,1559,1610612741,Adrian Griffin,full_core,0,0,82,78,69,66,False,False,not_yet_supplied_after_exact_union_and_locked_layer,False
2004-05,1563,1610612755,Kevin Ollie,full_core,0,0,82,75,26,23,False,False,not_yet_supplied_after_exact_union_and_locked_layer,False
2004-05,1594,1610612746,Rick Brunson,full_core,0,0,82,78,80,76,False,False,not_yet_supplied_after_exact_union_and_locked_layer,False
2004-05,1607,1610612750,Troy Hudson,full_core,0,0,82,79,79,76,False,False,not_yet_supplied_after_exact_union_and_locked_layer,False
2004-05,1630,1610612746,Mikki Moore,full_core,0,0,82,78,74,70,False,False,not_yet_supplied_after_exact_union_and_locked_layer,False
2004-05,1709,1610612750,Michael Olowokandi,full_core,0,0,82,79,62,59,False,False,not_yet_supplied_after_exact_union_and_locked_layer,False
2004-05,1710,1610612758,Mike Bibby,full_core,0,0,82,78,80,76,False,False,not_yet_supplied_after_exact_union_and_locked_layer,False
2004-05,1711,1610612738,Raef LaFrentz,full_core,0,0,82,75,80,73,False,False,not_yet_supplied_after_exact_union_and_locked_layer,False
2004-05,1712,1610612764,Antawn Jamison,full_core,0,0,82,80,68,66,False,False,not_yet_supplied_after_exact_union_and_locked_layer,False
2004-05,1714,1610612739,Robert Traylor,full_core,0,0,82,80,74,72,False,False,not_yet_supplied_after_exact_union_and_locked_layer,False
2004-05,1715,1610612763,Jason Williams,full_core,0,0,82,78,71,68,False,False,not_yet_supplied_after_exact_union_and_locked_layer,False
2004-05,1716,1610612764,Larry Hughes,full_core,0,0,82,80,61,59,False,False,not_yet_supplied_after_exact_union_and_locked_layer,False
2004-05,1717,1610612742,Dirk Nowitzki,full_core,0,0,82,76,78,72,False,False,not_yet_supplied_after_exact_union_and_locked_layer,False
2004-05,1718,1610612738,Paul Pierce,full_core,0,0,82,75,82,75,False,False,not_yet_supplied_after_exact_union_and_locked_layer,False
2004-05,1719,1610612763,Bonzi Wells,full_core,0,0,82,78,69,66,False,False,not_yet_supplied_after_exact_union_and_locked_layer,False
2004-05,1720,1610612748,Michael Doleac,full_core,0,0,82,75,80,73,False,False,not_yet_supplied_after_exact_union_and_locked_layer,False
2004-05,1723,1610612762,Matt Harpring,full_core,0,0,82,77,78,73,False,False,not_yet_supplied_after_exact_union_and_locked_layer,False
2004-05,1725,1610612759,Rasho Nesterovic,full_core,0,0,82,80,70,68,False,False,not_yet_supplied_after_exact_union_and_locked_layer,False
2004-05,1727,1610612753,Pat Garrity,full_core,0,0,82,80,71,69,False,False,not_yet_supplied_after_exact_union_and_locked_layer,False
2004-05,1729,1610612738,Ricky Davis,full_core,0,0,82,75,82,75,False,False,not_yet_supplied_after_exact_union_and_locked_layer,False
2004-05,1733,1610612737,Al Harrington,full_core,0,0,82,78,66,63,False,False,not_yet_supplied_after_exact_union_and_locked_layer,False
2004-05,1739,1610612757,Ruben Patterson,full_core,0,0,82,77,70,65,False,False,not_yet_supplied_after_exact_union_and_locked_layer,False
2004-05,1740,1610612760,Rashard Lewis,full_core,0,0,82,76,71,66,False,False,not_yet_supplied_after_exact_union_and_locked_layer,False
2004-05,1743,1610612752,Bruno Sundov,full_core,0,0,82,80,21,20,False,False,not_yet_supplied_after_exact_union_and_locked_layer,False
2004-05,1744,1610612760,Jerome James,full_core,0,0,82,76,80,74,False,False,not_yet_supplied_after_exact_union_and_locked_layer,False
2004-05,1747,1610612761,Rafer Alston,full_core,0,0,82,78,80,76,False,False,not_yet_supplied_after_exact_union_and_locked_layer,False
2004-05,1752,1610612759,Sean Marks,full_core,0,0,82,80,23,22,False,False,not_yet_supplied_after_exact_union_and_locked_layer,False
2004-05,1761,1610612743,Greg Buckner,full_core,0,0,82,77,70,66,False,False,not_yet_supplied_after_exact_union_and_locked_layer,False
2004-05,1763,1610612745,Ryan Bowen,full_core,0,0,82,78,65,61,False,False,not_yet_supplied_after_exact_union_and_locked_layer,False
2004-05,1800,1610612748,Damon Jones,full_core,0,0,82,75,82,75,False,False,not_yet_supplied_after_exact_union_and_locked_layer,False
2004-05,1802,1610612758,Brad Miller,full_core,0,0,82,78,56,53,False,False,not_yet_supplied_after_exact_union_and_locked_layer,False
2004-05,1853,1610612750,Anthony Carter,full_core,0,0,82,79,66,64,False,False,not_yet_supplied_after_exact_union_and_locked_layer,False
2004-05,1863,1610612743,Earl Boykins,full_core,0,0,82,77,82,77,False,False,not_yet_supplied_after_exact_union_and_locked_layer,False
2004-05,1882,1610612746,Elton Brand,full_core,0,0,82,78,81,77,False,False,not_yet_supplied_after_exact_union_and_locked_layer,False
2004-05,1883,1610612753,Steve Francis,full_core,0,0,82,80,78,76,False,False,not_yet_supplied_after_exact_union_and_locked_layer,False
2004-05,1885,1610612747,Lamar Odom,full_core,0,0,82,76,64,59,False,False,not_yet_supplied_after_exact_union_and_locked_layer,False
2004-05,1886,1610612754,Jonathan Bender,full_core,0,0,82,71,7,6,False,False,not_yet_supplied_after_exact_union_and_locked_layer,False
2004-05,1887,1610612750,Wally Szczerbiak,full_core,0,0,82,79,81,78,False,False,not_yet_supplied_after_exact_union_and_locked_layer,False
2004-05,1888,1610612765,Richard Hamilton,full_core,0,0,82,75,76,69,False,False,not_yet_supplied_after_exact_union_and_locked_layer,False
2004-05,1889,1610612743,Andre Miller,full_core,0,0,82,77,82,77,False,False,not_yet_supplied_after_exact_union_and_locked_layer,False
2004-05,1890,1610612756,Shawn Marion,full_core,0,0,82,79,81,78,False,False,not_yet_supplied_after_exact_union_and_locked_layer,False
2004-05,1891,1610612742,Jason Terry,full_core,0,0,82,76,80,74,False,False,not_yet_supplied_after_exact_union_and_locked_layer,False
2004-05,1893,1610612762,Aleksandar Radojevic,full_core,0,0,82,77,12,10,False,False,not_yet_supplied_after_exact_union_and_locked_layer,False
2004-05,1894,1610612746,Corey Maggette,full_core,0,0,82,78,66,62,False,False,not_yet_supplied_after_exact_union_and_locked_layer,False
2004-05,1897,1610612754,Metta World Peace,full_core,0,0,82,71,7,6,False,False,not_yet_supplied_after_exact_union_and_locked_layer,False
2004-05,1899,1610612763,James Posey,full_core,0,0,82,78,50,48,False,False,not_yet_supplied_after_exact_union_and_locked_layer,False
2004-05,1902,1610612754,Jeff Foster,full_core,0,0,82,71,61,54,False,False,not_yet_supplied_after_exact_union_and_locked_layer,False
2004-05,1904,1610612747,Devean George,full_core,0,0,82,76,15,14,False,False,not_yet_supplied_after_exact_union_and_locked_layer,False
2004-05,1905,1610612762,Andrei Kirilenko,full_core,0,0,82,77,41,40,False,False,not_yet_supplied_after_exact_union_and_locked_layer,False
2004-05,1908,1610612747,Jumaine Jones,full_core,0,0,82,76,76,71,False,False,not_yet_supplied_after_exact_union_and_locked_layer,False
2004-05,1909,1610612745,Scott Padgett,full_core,0,0,82,78,66,63,False,False,not_yet_supplied_after_exact_union_and_locked_layer,False
2004-05,1913,1610612764,Michael Ruffin,full_core,0,0,82,80,79,77,False,False,not_yet_supplied_after_exact_union_and_locked_layer,False
2004-05,1917,1610612748,Wang Zhi-zhi,full_core,0,0,82,75,20,20,False,False,not_yet_supplied_after_exact_union_and_locked_layer,False
2004-05,1919,1610612764,Laron Profit,full_core,0,0,82,80,42,41,False,False,not_yet_supplied_after_exact_union_and_locked_layer,False
2004-05,1921,1610612762,Gordan Giricek,full_core,0,0,82,77,81,76,False,False,not_yet_supplied_after_exact_union_and_locked_layer,False
2004-05,1922,1610612743,Francisco Elson,full_core,0,0,82,77,67,62,False,False,not_yet_supplied_after_exact_union_and_locked_layer,False
2004-05,1924,1610612740,Lee Nailon,full_core,0,0,82,74,68,60,False,False,not_yet_supplied_after_exact_union_and_locked_layer,False
2004-05,1934,1610612751,Rodney Buford,full_core,0,0,82,79,64,62,False,False,not_yet_supplied_after_exact_union_and_locked_layer,False
2004-05,1938,1610612759,Manu Ginobili,full_core,0,0,82,80,74,72,False,False,not_yet_supplied_after_exact_union_and_locked_layer,False
2004-05,1952,1610612762,Raja Bell,full_core,0,0,82,77,63,59,False,False,not_yet_supplied_after_exact_union_and_locked_layer,False
2004-05,1956,1610612739,Ira Newble,full_core,0,0,82,80,74,72,False,False,not_yet_supplied_after_exact_union_and_locked_layer,False
2004-05,1960,1610612761,Milt Palacio,full_core,0,0,82,78,80,76,False,False,not_yet_supplied_after_exact_union_and_locked_layer,False
2004-05,2030,1610612743,Kenyon Martin,full_core,0,0,82,77,70,66,False,False,not_yet_supplied_after_exact_union_and_locked_layer,False
2004-05,2031,1610612763,Stromile Swift,full_core,0,0,82,78,60,57,False,False,not_yet_supplied_after_exact_union_and_locked_layer,False
2004-05,2032,1610612757,Darius Miles,full_core,0,0,82,77,63,60,False,False,not_yet_supplied_after_exact_union_and_locked_layer,False
2004-05,2034,1610612763,Mike Miller,full_core,0,0,82,78,76,72,False,False,not_yet_supplied_after_exact_union_and_locked_layer,False
2004-05,2035,1610612743,DerMarr Johnson,full_core,0,0,82,77,71,66,False,False,not_yet_supplied_after_exact_union_and_locked_layer,False
2004-05,2036,1610612747,Chris Mihm,full_core,0,0,82,76,75,69,False,False,not_yet_supplied_after_exact_union_and_locked_layer,False
2004-05,2037,1610612752,Jamal Crawford,full_core,0,0,82,80,70,69,False,False,not_yet_supplied_after_exact_union_and_locked_layer,False
2004-05,2038,1610612757,Joel Przybilla,full_core,0,0,82,77,76,71,False,False,not_yet_supplied_after_exact_union_and_locked_layer,False
2004-05,2039,1610612748,Keyon Dooling,full_core,0,0,82,75,74,68,False,False,not_yet_supplied_after_exact_union_and_locked_layer,False
2004-05,2041,1610612764,Etan Thomas,full_core,0,0,82,80,47,46,False,False,not_yet_supplied_after_exact_union_and_locked_layer,False
2004-05,2044,1610612737,Jason Collier,full_core,0,0,82,78,70,67,False,False,not_yet_supplied_after_exact_union_and_locked_layer,False
2004-05,2045,1610612753,Hedo Turkoglu,full_core,0,0,82,80,67,65,False,False,not_yet_supplied_after_exact_union_and_locked_layer,False
2004-05,2046,1610612749,Desmond Mason,full_core,0,0,82,78,80,76,False,False,not_yet_supplied_after_exact_union_and_locked_layer,False
2004-05,2047,1610612756,Quentin Richardson,full_core,0,0,82,79,79,76,False,False,not_yet_supplied_after_exact_union_and_locked_layer,False
2004-05,2048,1610612740,Jamaal Magloire,full_core,0,0,82,74,23,20,False,False,not_yet_supplied_after_exact_union_and_locked_layer,False
2004-05,2050,1610612761,Morris Peterson,full_core,0,0,82,78,82,78,False,False,not_yet_supplied_after_exact_union_and_locked_layer,False
2004-05,2052,1610612753,DeShawn Stevenson,full_core,0,0,82,80,55,54,False,False,not_yet_supplied_after_exact_union_and_locked_layer,False
2004-05,2054,1610612763,Jake Tsakalidis,full_core,0,0,82,78,31,30,False,False,not_yet_supplied_after_exact_union_and_locked_layer,False
2004-05,2055,1610612746,Mamadou N'diaye,full_core,0,0,82,78,11,10,False,False,not_yet_supplied_after_exact_union_and_locked_layer,False
2004-05,2056,1610612766,Primoz Brezec,full_core,0,0,82,80,72,70,False,False,not_yet_supplied_after_exact_union_and_locked_layer,False
2004-05,2058,1610612750,Mark Madsen,full_core,0,0,82,79,41,39,False,False,not_yet_supplied_after_exact_union_and_locked_layer,False
2004-05,2060,1610612746,Marko Jaric,full_core,0,0,82,78,50,47,False,False,not_yet_supplied_after_exact_union_and_locked_layer,False
2004-05,2063,1610612756,Jake Voskuhl,full_core,0,0,82,79,38,37,False,False,not_yet_supplied_after_exact_union_and_locked_layer,False
2004-05,2072,1610612749,Michael Redd,full_core,0,0,82,78,75,71,False,False,not_yet_supplied_after_exact_union_and_locked_layer,False
2004-05,2073,1610612763,Brian Cardinal,full_core,0,0,82,78,58,55,False,False,not_yet_supplied_after_exact_union_and_locked_layer,False
2004-05,2074,1610612751,Jabari Smith,full_core,0,0,82,79,45,43,False,False,not_yet_supplied_after_exact_union_and_locked_layer,False
2004-05,2078,1610612766,Jason Hart,full_core,0,0,82,80,74,73,False,False,not_yet_supplied_after_exact_union_and_locked_layer,False
2004-05,208,1610612750,Sam Cassell,full_core,0,0,82,79,59,56,False,False,not_yet_supplied_after_exact_union_and_locked_layer,False
2004-05,2091,1610612749,Daniel Santiago,full_core,0,0,82,78,11,10,False,False,not_yet_supplied_after_exact_union_and_locked_layer,False
2004-05,2098,1610612747,Slava Medvedenko,full_core,0,0,82,76,43,41,False,False,not_yet_supplied_after_exact_union_and_locked_layer,False
2004-05,2109,1610612754,Eddie Gill,full_core,0,0,82,71,73,63,False,False,not_yet_supplied_after_exact_union_and_locked_layer,False
2004-05,213,1610612741,Antonio Davis,full_core,0,0,82,78,72,68,False,False,not_yet_supplied_after_exact_union_and_locked_layer,False
2004-05,2198,1610612764,Kwame Brown,full_core,0,0,82,80,42,41,False,False,not_yet_supplied_after_exact_union_and_locked_layer,False
2004-05,2199,1610612741,Tyson Chandler,full_core,0,0,82,78,80,76,False,False,not_yet_supplied_after_exact_union_and_locked_layer,False
2004-05,2200,1610612763,Pau Gasol,full_core,0,0,82,78,56,53,False,False,not_yet_supplied_after_exact_union_and_locked_layer,False
2004-05,2201,1610612741,Eddy Curry,full_core,0,0,82,78,63,62,False,False,not_yet_supplied_after_exact_union_and_locked_layer,False
2004-05,2202,1610612744,Jason Richardson,full_core,0,0,82,79,72,69,False,False,not_yet_supplied_after_exact_union_and_locked_layer,False
2004-05,2203,1610612763,Shane Battier,full_core,0,0,82,78,80,76,False,False,not_yet_supplied_after_exact_union_and_locked_layer,False
2004-05,2204,1610612750,Eddie Griffin,full_core,0,0,82,79,70,67,False,False,not_yet_supplied_after_exact_union_and_locked_layer,False
2004-05,2205,1610612739,DeSagana Diop,full_core,0,0,82,80,39,39,False,False,not_yet_supplied_after_exact_union_and_locked_layer,False
2004-05,2207,1610612756,Joe Johnson,full_core,0,0,82,79,82,79,False,False,not_yet_supplied_after_exact_union_and_locked_layer,False
2004-05,2209,1610612760,Vladimir Radmanovic,full_core,0,0,82,76,63,58,False,False,not_yet_supplied_after_exact_union_and_locked_layer,False
2004-05,221,1610612745,Clar. Weatherspoon,full_core,0,0,82,78,40,38,False,False,not_yet_supplied_after_exact_union_and_locked_layer,False
2004-05,2210,1610612751,Richard Jefferson,full_core,0,0,82,79,33,32,False,False,not_yet_supplied_after_exact_union_and_locked_layer,False
2004-05,2211,1610612744,Troy Murphy,full_core,0,0,82,79,70,68,False,False,not_yet_supplied_after_exact_union_and_locked_layer,False
2004-05,2212,1610612756,Steven Hunter,full_core,0,0,82,79,76,73,False,False,not_yet_supplied_after_exact_union_and_locked_layer,False
2004-05,2215,1610612751,Jason Collins,full_core,0,0,82,79,80,77,False,False,not_yet_supplied_after_exact_union_and_locked_layer,False
2004-05,2216,1610612757,Zach Randolph,full_core,0,0,82,77,46,43,False,False,not_yet_supplied_after_exact_union_and_locked_layer,False
2004-05,2217,1610612764,Brendan Haywood,full_core,0,0,82,80,68,66,False,False,not_yet_supplied_after_exact_union_and_locked_layer,False
2004-05,2221,1610612762,Raul Lopez,full_core,0,0,82,77,31,29,False,False,not_yet_supplied_after_exact_union_and_locked_layer,False
2004-05,2222,1610612766,Gerald Wallace,full_core,0,0,82,80,70,68,False,False,not_yet_supplied_after_exact_union_and_locked_layer,False
2004-05,2223,1610612755,Samuel Dalembert,full_core,0,0,82,75,72,65,False,False,not_yet_supplied_after_exact_union_and_locked_layer,False
2004-05,2224,1610612754,Jamaal Tinsley,full_core,0,0,82,71,40,33,False,False,not_yet_supplied_after_exact_union_and_locked_layer,False
2004-05,2225,1610612759,Tony Parker,full_core,0,0,82,80,80,78,False,False,not_yet_supplied_after_exact_union_and_locked_layer,False
2004-05,2230,1610612758,Maurice Evans,full_core,0,0,82,78,65,63,False,False,not_yet_supplied_after_exact_union_and_locked_layer,False
2004-05,2239,1610612750,Trenton Hassell,full_core,0,0,82,79,82,79,False,False,not_yet_supplied_after_exact_union_and_locked_layer,False
2004-05,224,1610612748,Eddie Jones,full_core,0,0,82,75,80,74,False,False,not_yet_supplied_after_exact_union_and_locked_layer,False
2004-05,2240,1610612764,Gilbert Arenas,full_core,0,0,82,80,80,78,False,False,not_yet_supplied_after_exact_union_and_locked_layer,False
2004-05,2243,1610612751,Brian Scalabrine,full_core,0,0,82,79,54,53,False,False,not_yet_supplied_after_exact_union_and_locked_layer,False
2004-05,2246,1610612762,Mehmet Okur,full_core,0,0,82,77,82,77,False,False,not_yet_supplied_after_exact_union_and_locked_layer,False
2004-05,2248,1610612763,Earl Watson,full_core,0,0,82,78,80,76,False,False,not_yet_supplied_after_exact_union_and_locked_layer,False
2004-05,2250,1610612746,Bobby Simmons,full_core,0,0,82,78,75,72,False,False,not_yet_supplied_after_exact_union_and_locked_layer,False
2004-05,2254,1610612761,Loren Woods,full_core,0,0,82,78,45,43,False,False,not_yet_supplied_after_exact_union_and_locked_layer,False
2004-05,2260,1610612762,Jarron Collins,full_core,0,0,82,77,50,47,False,False,not_yet_supplied_after_exact_union_and_locked_layer,False
2004-05,2357,1610612747,Tierre Brown,full_core,0,0,82,76,76,70,False,False,not_yet_supplied_after_exact_union_and_locked_layer,False
2004-05,2365,1610612740,Chris Andersen,full_core,0,0,82,74,67,62,False,False,not_yet_supplied_after_exact_union_and_locked_layer,False
2004-05,2366,1610612759,Mike Wilks,full_core,0,0,82,80,48,47,False,False,not_yet_supplied_after_exact_union_and_locked_layer,False
2004-05,2397,1610612745,Yao Ming,full_core,0,0,82,78,80,76,False,False,not_yet_supplied_after_exact_union_and_locked_layer,False
2004-05,2399,1610612744,Mike Dunleavy,full_core,0,0,82,79,79,76,False,False,not_yet_supplied_after_exact_union_and_locked_layer,False
2004-05,2400,1610612739,Drew Gooden,full_core,0,0,82,80,82,80,False,False,not_yet_supplied_after_exact_union_and_locked_layer,False
2004-05,2402,1610612739,Dajuan Wagner,full_core,0,0,82,80,11,11,False,False,not_yet_supplied_after_exact_union_and_locked_layer,False
2004-05,2403,1610612743,Nene,full_core,0,0,82,77,55,51,False,False,not_yet_supplied_after_exact_union_and_locked_layer,False
2004-05,2404,1610612746,Chris Wilcox,full_core,0,0,82,78,54,52,False,False,not_yet_supplied_after_exact_union_and_locked_layer,False
2004-05,2405,1610612756,Amar'e Stoudemire,full_core,0,0,82,79,80,77,False,False,not_yet_supplied_after_exact_union_and_locked_layer,False
2004-05,2406,1610612747,Caron Butler,full_core,0,0,82,76,77,71,False,False,not_yet_supplied_after_exact_union_and_locked_layer,False
2004-05,2407,1610612764,Jared Jeffries,full_core,0,0,82,80,77,75,False,False,not_yet_supplied_after_exact_union_and_locked_layer,False
2004-05,2408,1610612766,Melvin Ely,full_core,0,0,82,80,79,77,False,False,not_yet_supplied_after_exact_union_and_locked_layer,False
2004-05,2410,1610612754,Fred Jones,full_core,0,0,82,71,77,66,False,False,not_yet_supplied_after_exact_union_and_locked_layer,False
2004-05,2413,1610612764,Juan Dixon,full_core,0,0,82,80,63,61,False,False,not_yet_supplied_after_exact_union_and_locked_layer,False
2004-05,2414,1610612762,Curtis Borchardt,full_core,0,0,82,77,67,65,False,False,not_yet_supplied_after_exact_union_and_locked_layer,False
2004-05,2415,1610612763,Ryan Humphrey,full_core,0,0,82,78,35,34,False,False,not_yet_supplied_after_exact_union_and_locked_layer,False
2004-05,2419,1610612765,Tayshaun Prince,full_core,0,0,82,75,82,75,False,False,not_yet_supplied_after_exact_union_and_locked_layer,False
2004-05,2420,1610612751,Nenad Krstic,full_core,0,0,82,79,75,72,False,False,not_yet_supplied_after_exact_union_and_locked_layer,False
2004-05,2421,1610612741,Frank Williams,full_core,0,0,82,78,9,9,False,False,not_yet_supplied_after_exact_union_and_locked_layer,False
2004-05,2422,1610612755,John Salmons,full_core,0,0,82,75,58,54,False,False,not_yet_supplied_after_exact_union_and_locked_layer,False
2004-05,2429,1610612749,Dan Gadzuric,full_core,0,0,82,78,81,77,False,False,not_yet_supplied_after_exact_union_and_locked_layer,False
2004-05,243,1610612755,Aaron McKie,full_core,0,0,82,75,68,63,False,False,not_yet_supplied_after_exact_union_and_locked_layer,False
2004-05,2430,1610612762,Carlos Boozer,full_core,0,0,82,77,51,47,False,False,not_yet_supplied_after_exact_union_and_locked_layer,False
2004-05,2435,1610612753,Mario Kasun,full_core,0,0,82,80,44,42,False,False,not_yet_supplied_after_exact_union_and_locked_layer,False
2004-05,2436,1610612760,Flip Murray,full_core,0,0,82,76,49,45,False,False,not_yet_supplied_after_exact_union_and_locked_layer,False
2004-05,2443,1610612758,Darius Songaila,full_core,0,0,82,78,81,77,False,False,not_yet_supplied_after_exact_union_and_locked_layer,False
2004-05,2446,1610612748,Rasual Butler,full_core,0,0,82,75,65,60,False,False,not_yet_supplied_after_exact_union_and_locked_layer,False
2004-05,2447,1610612766,Tamar Slay,full_core,0,0,82,80,8,8,False,False,not_yet_supplied_after_exact_union_and_locked_layer,False
2004-05,2457,1610612741,Jannero Pargo,full_core,0,0,82,78,32,30,False,False,not_yet_supplied_after_exact_union_and_locked_layer,False
2004-05,248,1610612740,George Lynch,full_core,0,0,82,74,44,39,False,False,not_yet_supplied_after_exact_union_and_locked_layer,False
2004-05,2484,1610612759,Devin Brown,full_core,0,0,82,80,67,66,False,False,not_yet_supplied_after_exact_union_and_locked_layer,False
2004-05,2499,1610612757,Richie Frahm,full_core,0,0,82,77,43,41,False,False,not_yet_supplied_after_exact_union_and_locked_layer,False
2004-05,2501,1610612760,Reggie Evans,full_core,0,0,82,76,79,73,False,False,not_yet_supplied_after_exact_union_and_locked_layer,False
2004-05,2544,1610612739,LeBron James,full_core,0,0,82,80,80,78,False,False,not_yet_supplied_after_exact_union_and_locked_layer,False
2004-05,2545,1610612765,Darko Milicic,full_core,0,0,82,75,37,36,False,False,not_yet_supplied_after_exact_union_and_locked_layer,False
2004-05,2546,1610612743,Carmelo Anthony,full_core,0,0,82,77,75,70,False,False,not_yet_supplied_after_exact_union_and_locked_layer,False
2004-05,2547,1610612761,Chris Bosh,full_core,0,0,82,78,81,77,False,False,not_yet_supplied_after_exact_union_and_locked_layer,False
2004-05,2548,1610612748,Dwyane Wade,full_core,0,0,82,75,77,71,False,False,not_yet_supplied_after_exact_union_and_locked_layer,False
2004-05,2549,1610612746,Chris Kaman,full_core,0,0,82,78,63,60,False,False,not_yet_supplied_after_exact_union_and_locked_layer,False
2004-05,255,1610612753,Grant Hill,full_core,0,0,82,80,67,65,False,False,not_yet_supplied_after_exact_union_and_locked_layer,False
2004-05,2550,1610612741,Kirk Hinrich,full_core,0,0,82,78,77,73,False,False,not_yet_supplied_after_exact_union_and_locked_layer,False
2004-05,2552,1610612752,Michael Sweetney,full_core,0,0,82,80,77,76,False,False,not_yet_supplied_after_exact_union_and_locked_layer,False
2004-05,2553,1610612764,Jarvis Hayes,full_core,0,0,82,80,54,53,False,False,not_yet_supplied_after_exact_union_and_locked_layer,False
2004-05,2554,1610612744,Mickael Pietrus,full_core,0,0,82,79,67,65,False,False,not_yet_supplied_after_exact_union_and_locked_layer,False
2004-05,2555,1610612760,Nick Collison,full_core,0,0,82,76,82,76,False,False,not_yet_supplied_after_exact_union_and_locked_layer,False
2004-05,2556,1610612738,Marcus Banks,full_core,0,0,82,75,81,74,False,False,not_yet_supplied_after_exact_union_and_locked_layer,False
2004-05,2557,1610612760,Luke Ridnour,full_core,0,0,82,76,82,76,False,False,not_yet_supplied_after_exact_union_and_locked_layer,False
2004-05,2561,1610612740,David West,full_core,0,0,82,74,30,29,False,False,not_yet_supplied_after_exact_union_and_locked_layer,False
2004-05,2562,1610612739,Sasha Pavlovic,full_core,0,0,82,80,65,64,False,False,not_yet_supplied_after_exact_union_and_locked_layer,False
2004-05,2563,1610612763,Dahntay Jones,full_core,0,0,82,78,52,49,False,False,not_yet_supplied_after_exact_union_and_locked_layer,False
2004-05,2564,1610612737,Boris Diaw,full_core,0,0,82,78,66,63,False,False,not_yet_supplied_after_exact_union_and_locked_layer,False
2004-05,2565,1610612751,Zoran Planinic,full_core,0,0,82,79,43,42,False,False,not_yet_supplied_after_exact_union_and_locked_layer,False
2004-05,2566,1610612757,Travis Outlaw,full_core,0,0,82,77,59,54,False,False,not_yet_supplied_after_exact_union_and_locked_layer,False
2004-05,2567,1610612747,Brian Cook,full_core,0,0,82,76,72,67,False,False,not_yet_supplied_after_exact_union_and_locked_layer,False
2004-05,2568,1610612765,Carlos Delfino,full_core,0,0,82,75,30,27,False,False,not_yet_supplied_after_exact_union_and_locked_layer,False
2004-05,2569,1610612750,Ndudi Ebi,full_core,0,0,82,79,2,2,False,False,not_yet_supplied_after_exact_union_and_locked_layer,False
2004-05,2570,1610612738,Kendrick Perkins,full_core,0,0,82,75,60,55,False,False,not_yet_supplied_after_exact_union_and_locked_layer,False
2004-05,2571,1610612756,Leandro Barbosa,full_core,0,0,82,79,63,60,False,False,not_yet_supplied_after_exact_union_and_locked_layer,False
2004-05,2572,1610612742,Josh Howard,full_core,0,0,82,76,76,70,False,False,not_yet_supplied_after_exact_union_and_locked_layer,False
2004-05,2574,1610612766,Jason Kapono,full_core,0,0,82,80,81,79,False,False,not_yet_supplied_after_exact_union_and_locked_layer,False
2004-05,2575,1610612747,Luke Walton,full_core,0,0,82,76,61,57,False,False,not_yet_supplied_after_exact_union_and_locked_layer,False
2004-05,258,1610612747,Brian Grant,full_core,0,0,82,76,69,64,False,False,not_yet_supplied_after_exact_union_and_locked_layer,False
2004-05,2581,1610612764,Steve Blake,full_core,0,0,82,80,44,43,False,False,not_yet_supplied_after_exact_union_and_locked_layer,False
2004-05,2584,1610612755,Willie Green,full_core,0,0,82,75,57,53,False,False,not_yet_supplied_after_exact_union_and_locked_layer,False
2004-05,2585,1610612749,Zaza Pachulia,full_core,0,0,82,78,74,71,False,False,not_yet_supplied_after_exact_union_and_locked_layer,False
2004-05,2586,1610612766,Keith Bogans,full_core,0,0,82,80,74,72,False,False,not_yet_supplied_after_exact_union_and_locked_layer,False
2004-05,2588,1610612761,Matt Bonner,full_core,0,0,82,78,82,78,False,False,not_yet_supplied_after_exact_union_and_locked_layer,False
2004-05,2590,1610612749,Mo Williams,full_core,0,0,82,78,80,76,False,False,not_yet_supplied_after_exact_union_and_locked_layer,False
2004-05,2592,1610612754,James Jones,full_core,0,0,82,71,75,65,False,False,not_yet_supplied_after_exact_union_and_locked_layer,False
2004-05,2594,1610612755,Kyle Korver,full_core,0,0,82,75,82,75,False,False,not_yet_supplied_after_exact_union_and_locked_layer,False
2004-05,2599,1610612753,Brandon Hunter,full_core,0,0,82,80,31,30,False,False,not_yet_supplied_after_exact_union_and_locked_layer,False
2004-05,2604,1610612766,Theron Smith,full_core,0,0,82,80,33,33,False,False,not_yet_supplied_after_exact_union_and_locked_layer,False
2004-05,2605,1610612742,Marquis Daniels,full_core,0,0,82,76,60,56,False,False,not_yet_supplied_after_exact_union_and_locked_layer,False
2004-05,2617,1610612748,Udonis Haslem,full_core,0,0,82,75,80,73,False,False,not_yet_supplied_after_exact_union_and_locked_layer,False
2004-05,2624,1610612746,Quinton Ross,full_core,0,0,82,78,78,74,False,False,not_yet_supplied_after_exact_union_and_locked_layer,False
2004-05,2648,1610612765,Ronald Dupree,full_core,0,0,82,75,47,44,False,False,not_yet_supplied_after_exact_union_and_locked_layer,False
2004-05,2668,1610612755,Josh Davis,full_core,0,0,82,75,42,39,False,False,not_yet_supplied_after_exact_union_and_locked_layer,False
2004-05,2669,1610612759,Linton Johnson,full_core,0,0,82,80,2,2,False,False,not_yet_supplied_after_exact_union_and_locked_layer,False
2004-05,2693,1610612762,Keith McLeod,full_core,0,0,82,77,53,50,False,False,not_yet_supplied_after_exact_union_and_locked_layer,False
2004-05,2730,1610612753,Dwight Howard,full_core,0,0,82,80,82,80,False,False,not_yet_supplied_after_exact_union_and_locked_layer,False
2004-05,2731,1610612766,Emeka Okafor,full_core,0,0,82,80,73,71,False,False,not_yet_supplied_after_exact_union_and_locked_layer,False
2004-05,2732,1610612741,Ben Gordon,full_core,0,0,82,78,82,78,False,False,not_yet_supplied_after_exact_union_and_locked_layer,False
2004-05,2733,1610612746,Shaun Livingston,full_core,0,0,82,78,30,28,False,False,not_yet_supplied_after_exact_union_and_locked_layer,False
2004-05,2734,1610612742,Devin Harris,full_core,0,0,82,76,76,70,False,False,not_yet_supplied_after_exact_union_and_locked_layer,False
2004-05,2735,1610612737,Josh Childress,full_core,0,0,82,78,80,76,False,False,not_yet_supplied_after_exact_union_and_locked_layer,False
2004-05,2736,1610612741,Luol Deng,full_core,0,0,82,78,61,60,False,False,not_yet_supplied_after_exact_union_and_locked_layer,False
2004-05,2737,1610612761,Rafael Araujo,full_core,0,0,82,78,59,57,False,False,not_yet_supplied_after_exact_union_and_locked_layer,False
2004-05,2738,1610612755,Andre Iguodala,full_core,0,0,82,75,82,75,False,False,not_yet_supplied_after_exact_union_and_locked_layer,False
2004-05,2739,1610612739,Luke Jackson,full_core,0,0,82,80,10,9,False,False,not_yet_supplied_after_exact_union_and_locked_layer,False
2004-05,2740,1610612744,Andris Biedrins,full_core,0,0,82,79,30,28,False,False,not_yet_supplied_after_exact_union_and_locked_layer,False
2004-05,2741,1610612760,Robert Swift,full_core,0,0,82,76,16,16,False,False,not_yet_supplied_after_exact_union_and_locked_layer,False
2004-05,2742,1610612757,Sebastian Telfair,full_core,0,0,82,77,68,64,False,False,not_yet_supplied_after_exact_union_and_locked_layer,False
2004-05,2743,1610612762,Kris Humphries,full_core,0,0,82,77,67,62,False,False,not_yet_supplied_after_exact_union_and_locked_layer,False
2004-05,2744,1610612738,Al Jefferson,full_core,0,0,82,75,71,64,False,False,not_yet_supplied_after_exact_union_and_locked_layer,False
2004-05,2745,1610612762,Kirk Snyder,full_core,0,0,82,77,68,64,False,False,not_yet_supplied_after_exact_union_and_locked_layer,False
2004-05,2746,1610612737,Josh Smith,full_core,0,0,82,78,74,70,False,False,not_yet_supplied_after_exact_union_and_locked_layer,False
2004-05,2747,1610612740,JR Smith,full_core,0,0,82,74,76,68,False,False,not_yet_supplied_after_exact_union_and_locked_layer,False
2004-05,2748,1610612748,Dorell Wright,full_core,0,0,82,75,3,3,False,False,not_yet_supplied_after_exact_union_and_locked_layer,False
2004-05,2749,1610612753,Jameer Nelson,full_core,0,0,82,80,79,77,False,False,not_yet_supplied_after_exact_union_and_locked_layer,False
2004-05,275,1610612752,Allan Houston,full_core,0,0,82,80,20,19,False,False,not_yet_supplied_after_exact_union_and_locked_layer,False
2004-05,2750,1610612742,Pavel Podkolzin,full_core,0,0,82,76,5,4,False,False,not_yet_supplied_after_exact_union_and_locked_layer,False
2004-05,2751,1610612757,Viktor Khryapa,full_core,0,0,82,77,32,30,False,False,not_yet_supplied_after_exact_union_and_locked_layer,False
2004-05,2753,1610612738,Delonte West,full_core,0,0,82,75,39,39,False,False,not_yet_supplied_after_exact_union_and_locked_layer,False
2004-05,2754,1610612738,Tony Allen,full_core,0,0,82,75,77,70,False,False,not_yet_supplied_after_exact_union_and_locked_layer,False
2004-05,2755,1610612758,Kevin Martin,full_core,0,0,82,78,45,44,False,False,not_yet_supplied_after_exact_union_and_locked_layer,False
2004-05,2756,1610612747,Sasha Vujacic,full_core,0,0,82,76,35,32,False,False,not_yet_supplied_after_exact_union_and_locked_layer,False
2004-05,2757,1610612759,Beno Udrih,full_core,0,0,82,80,80,78,False,False,not_yet_supplied_after_exact_union_and_locked_layer,False
2004-05,2758,1610612754,David Harrison,full_core,0,0,82,71,43,34,False,False,not_yet_supplied_after_exact_union_and_locked_layer,False
2004-05,2760,1610612739,Anderson Varejao,full_core,0,0,82,80,54,53,False,False,not_yet_supplied_after_exact_union_and_locked_layer,False
2004-05,2762,1610612764,Peter John Ramos,full_core,0,0,82,80,6,6,False,False,not_yet_supplied_after_exact_union_and_locked_layer,False
2004-05,2763,1610612746,Lionel Chalmers,full_core,0,0,82,78,36,36,False,False,not_yet_supplied_after_exact_union_and_locked_layer,False
2004-05,2764,1610612737,Donta Smith,full_core,0,0,82,78,38,36,False,False,not_yet_supplied_after_exact_union_and_locked_layer,False
2004-05,2765,1610612763,Andre Emmett,full_core,0,0,82,78,8,8,False,False,not_yet_supplied_after_exact_union_and_locked_layer,False
2004-05,2766,1610612763,Antonio Burks,full_core,0,0,82,78,24,21,False,False,not_yet_supplied_after_exact_union_and_locked_layer,False
2004-05,2767,1610612737,Royal Ivey,full_core,0,0,82,78,62,58,False,False,not_yet_supplied_after_exact_union_and_locked_layer,False
2004-05,2768,1610612741,Chris Duhon,full_core,0,0,82,78,82,78,False,False,not_yet_supplied_after_exact_union_and_locked_layer,False
2004-05,2770,1610612738,Justin Reed,full_core,0,0,82,75,23,21,False,False,not_yet_supplied_after_exact_union_and_locked_layer,False
2004-05,2772,1610612752,Trevor Ariza,full_core,0,0,82,80,80,78,False,False,not_yet_supplied_after_exact_union_and_locked_layer,False
2004-05,2774,1610612766,Bernard Robinson,full_core,0,0,82,80,31,31,False,False,not_yet_supplied_after_exact_union_and_locked_layer,False
2004-05,2775,1610612757,Ha Ha,full_core,0,0,82,77,19,17,False,False,not_yet_supplied_after_exact_union_and_locked_layer,False
2004-05,2776,1610612761,Pape Sow,full_core,0,0,82,78,27,25,False,False,not_yet_supplied_after_exact_union_and_locked_layer,False
2004-05,278,1610612753,Stacey Augmon,full_core,0,0,82,80,55,54,False,False,not_yet_supplied_after_exact_union_and_locked_layer,False
2004-05,2788,1610612742,DJ Mbenga,full_core,0,0,82,76,15,14,False,False,not_yet_supplied_after_exact_union_and_locked_layer,False
2004-05,2798,1610612765,Horace Jenkins,full_core,0,0,82,75,15,14,False,False,not_yet_supplied_after_exact_union_and_locked_layer,False
2004-05,2804,1610612741,Andres Nocioni,full_core,0,0,82,78,81,77,False,False,not_yet_supplied_after_exact_union_and_locked_layer,False
2004-05,281,1610612739,Scott Williams,full_core,0,0,82,80,19,18,False,False,not_yet_supplied_after_exact_union_and_locked_layer,False
2004-05,2823,1610612754,John Edwards,full_core,0,0,82,71,25,22,False,False,not_yet_supplied_after_exact_union_and_locked_layer,False
2004-05,283,1610612765,Lindsey Hunter,full_core,0,0,82,75,76,69,False,False,not_yet_supplied_after_exact_union_and_locked_layer,False
2004-05,2845,1610612758,Erik Daniels,full_core,0,0,82,78,21,20,False,False,not_yet_supplied_after_exact_union_and_locked_layer,False
2004-05,2863,1610612760,Damien Wilkins,full_core,0,0,82,76,29,28,False,False,not_yet_supplied_after_exact_union_and_locked_layer,False
2004-05,2876,1610612741,Jared Reiner,full_core,0,0,82,78,19,17,False,False,not_yet_supplied_after_exact_union_and_locked_layer,False
2004-05,292,1610612737,Anthony Miller,full_core,0,0,82,78,2,2,False,False,not_yet_supplied_after_exact_union_and_locked_layer,False
2004-05,324,1610612764,Anthony Peeler,full_core,0,0,82,80,40,39,False,False,not_yet_supplied_after_exact_union_and_locked_layer,False
2004-05,358,1610612752,Anfernee Hardaway,full_core,0,0,82,80,37,37,False,False,not_yet_supplied_after_exact_union_and_locked_layer,False
2004-05,363,1610612748,Christian Laettner,full_core,0,0,82,75,49,45,False,False,not_yet_supplied_after_exact_union_and_locked_layer,False
2004-05,369,1610612745,Charlie Ward,full_core,0,0,82,78,14,14,False,False,not_yet_supplied_after_exact_union_and_locked_layer,False
2004-05,384,1610612744,Calbert Cheaney,full_core,0,0,82,79,55,54,False,False,not_yet_supplied_after_exact_union_and_locked_layer,False
2004-05,389,1610612749,Toni Kukoc,full_core,0,0,82,78,53,52,False,False,not_yet_supplied_after_exact_union_and_locked_layer,False
2004-05,397,1610612754,Reggie Miller,full_core,0,0,82,71,66,58,False,False,not_yet_supplied_after_exact_union_and_locked_layer,False
2004-05,406,1610612748,Shaquille O'Neal,full_core,0,0,82,75,73,66,False,False,not_yet_supplied_after_exact_union_and_locked_layer,False
2004-05,436,1610612745,Juwan Howard,full_core,0,0,82,78,61,59,False,False,not_yet_supplied_after_exact_union_and_locked_layer,False
2004-05,441,1610612761,Lamond Murray,full_core,0,0,82,78,62,60,False,False,not_yet_supplied_after_exact_union_and_locked_layer,False
2004-05,446,1610612739,Lucious Harris,full_core,0,0,82,80,73,71,False,False,not_yet_supplied_after_exact_union_and_locked_layer,False
2004-05,458,1610612762,Howard Eisley,full_core,0,0,82,77,74,70,False,False,not_yet_supplied_after_exact_union_and_locked_layer,False
2004-05,467,1610612751,Jason Kidd,full_core,0,0,82,79,66,63,False,False,not_yet_supplied_after_exact_union_and_locked_layer,False
2004-05,682,1610612745,Bob Sura,full_core,0,0,82,78,61,57,False,False,not_yet_supplied_after_exact_union_and_locked_layer,False
2004-05,686,1610612765,Antonio McDyess,full_core,0,0,82,75,77,70,False,False,not_yet_supplied_after_exact_union_and_locked_layer,False
2004-05,689,1610612757,Theo Ratliff,full_core,0,0,82,77,63,60,False,False,not_yet_supplied_after_exact_union_and_locked_layer,False
2004-05,692,1610612753,Andrew DeClercq,full_core,0,0,82,80,8,8,False,False,not_yet_supplied_after_exact_union_and_locked_layer,False
2004-05,693,1610612749,Joe Smith,full_core,0,0,82,78,74,70,False,False,not_yet_supplied_after_exact_union_and_locked_layer,False
2004-05,696,1610612751,Travis Best,full_core,0,0,82,79,76,73,False,False,not_yet_supplied_after_exact_union_and_locked_layer,False
2004-05,697,1610612750,Fred Hoiberg,full_core,0,0,82,79,76,73,False,False,not_yet_supplied_after_exact_union_and_locked_layer,False
2004-05,699,1610612759,Brent Barry,full_core,0,0,82,80,81,79,False,False,not_yet_supplied_after_exact_union_and_locked_layer,False
2004-05,702,1610612743,Voshon Lenard,full_core,0,0,82,77,3,2,False,False,not_yet_supplied_after_exact_union_and_locked_layer,False
2004-05,703,1610612752,Kurt Thomas,full_core,0,0,82,80,80,78,False,False,not_yet_supplied_after_exact_union_and_locked_layer,False
2004-05,708,1610612750,Kevin Garnett,full_core,0,0,82,79,82,79,False,False,not_yet_supplied_after_exact_union_and_locked_layer,False
2004-05,711,1610612742,Jerry Stackhouse,full_core,0,0,82,76,56,51,False,False,not_yet_supplied_after_exact_union_and_locked_layer,False
2004-05,714,1610612742,Michael Finley,full_core,0,0,82,76,64,59,False,False,not_yet_supplied_after_exact_union_and_locked_layer,False
2004-05,727,1610612739,Eric Snow,full_core,0,0,82,80,81,79,False,False,not_yet_supplied_after_exact_union_and_locked_layer,False
2004-05,731,1610612758,Greg Ostertag,full_core,0,0,82,78,56,52,False,False,not_yet_supplied_after_exact_union_and_locked_layer,False
2004-05,739,1610612765,Rasheed Wallace,full_core,0,0,82,75,79,72,False,False,not_yet_supplied_after_exact_union_and_locked_layer,False
2004-05,757,1610612757,Damon Stoudamire,full_core,0,0,82,77,81,76,False,False,not_yet_supplied_after_exact_union_and_locked_layer,False
2004-05,762,1610612742,Shawn Bradley,full_core,0,0,82,76,77,71,False,False,not_yet_supplied_after_exact_union_and_locked_layer,False
2004-05,763,1610612759,Tony Massenburg,full_core,0,0,82,80,61,59,False,False,not_yet_supplied_after_exact_union_and_locked_layer,False
2004-05,788,1610612737,Kevin Willis,full_core,0,0,82,78,29,28,False,False,not_yet_supplied_after_exact_union_and_locked_layer,False
2004-05,84,1610612750,Latrell Sprewell,full_core,0,0,82,79,80,77,False,False,not_yet_supplied_after_exact_union_and_locked_layer,False
2004-05,87,1610612745,Dikembe Mutombo,full_core,0,0,82,78,80,76,False,False,not_yet_supplied_after_exact_union_and_locked_layer,False
2004-05,89,1610612757,Nick Van Exel,full_core,0,0,82,77,53,50,False,False,not_yet_supplied_after_exact_union_and_locked_layer,False
2004-05,911,1610612750,Ervin Johnson,full_core,0,0,82,79,46,45,False,False,not_yet_supplied_after_exact_union_and_locked_layer,False
2004-05,923,1610612761,Donyell Marshall,full_core,0,0,82,78,65,62,False,False,not_yet_supplied_after_exact_union_and_locked_layer,False
2004-05,935,1610612743,Bryon Russell,full_core,0,0,82,77,70,67,False,False,not_yet_supplied_after_exact_union_and_locked_layer,False
2004-05,947,1610612755,Allen Iverson,full_core,0,0,82,75,75,68,False,False,not_yet_supplied_after_exact_union_and_locked_layer,False
2004-05,948,1610612743,Marcus Camby,full_core,0,0,82,77,66,64,False,False,not_yet_supplied_after_exact_union_and_locked_layer,False
2004-05,949,1610612757,Shareef Abdur-Rahim,full_core,0,0,82,77,54,52,False,False,not_yet_supplied_after_exact_union_and_locked_layer,False
2004-05,950,1610612752,Stephon Marbury,full_core,0,0,82,80,82,80,False,False,not_yet_supplied_after_exact_union_and_locked_layer,False
2004-05,951,1610612760,Ray Allen,full_core,0,0,82,76,78,72,False,False,not_yet_supplied_after_exact_union_and_locked_layer,False
2004-05,953,1610612763,Lorenzen Wright,full_core,0,0,82,78,80,76,False,False,not_yet_supplied_after_exact_union_and_locked_layer,False
2004-05,954,1610612746,Kerry Kittles,full_core,0,0,82,78,11,10,False,False,not_yet_supplied_after_exact_union_and_locked_layer,False
2004-05,956,1610612742,Erick Dampier,full_core,0,0,82,76,59,54,False,False,not_yet_supplied_after_exact_union_and_locked_layer,False
2004-05,958,1610612760,Vitaly Potapenko,full_core,0,0,82,76,33,31,False,False,not_yet_supplied_after_exact_union_and_locked_layer,False
2004-05,959,1610612756,Steve Nash,full_core,0,0,82,79,75,72,False,False,not_yet_supplied_after_exact_union_and_locked_layer,False
2004-05,960,1610612737,Tony Delk,full_core,0,0,82,78,56,52,False,False,not_yet_supplied_after_exact_union_and_locked_layer,False
2004-05,965,1610612744,Derek Fisher,full_core,0,0,82,79,74,71,False,False,not_yet_supplied_after_exact_union_and_locked_layer,False
2004-05,966,1610612752,Jerome Williams,full_core,0,0,82,80,79,77,False,False,not_yet_supplied_after_exact_union_and_locked_layer,False
2004-05,970,1610612741,Othella Harrington,full_core,0,0,82,78,70,66,False,False,not_yet_supplied_after_exact_union_and_locked_layer,False
2004-05,976,1610612739,Jeff McInnis,full_core,0,0,82,80,76,74,False,False,not_yet_supplied_after_exact_union_and_locked_layer,False
2004-05,977,1610612747,Kobe Bryant,full_core,0,0,82,76,66,61,False,False,not_yet_supplied_after_exact_union_and_locked_layer,False
2004-05,978,1610612758,Peja Stojakovic,full_core,0,0,82,78,66,62,False,False,not_yet_supplied_after_exact_union_and_locked_layer,False
2004-05,979,1610612754,Jermaine O'Neal,full_core,0,0,82,71,44,42,False,False,not_yet_supplied_after_exact_union_and_locked_layer,False
2004-05,980,1610612739,Zydrunas Ilgauskas,full_core,0,0,82,80,78,76,False,False,not_yet_supplied_after_exact_union_and_locked_layer,False
2005-06,1000,1610612748,Shandon Anderson,full_core,0,0,82,81,48,47,False,False,not_yet_supplied_after_exact_union_and_locked_layer,False
2005-06,101106,1610612749,Andrew Bogut,full_core,0,0,82,81,82,81,False,False,not_yet_supplied_after_exact_union_and_locked_layer,False
2005-06,101107,1610612737,Marvin Williams,full_core,0,0,82,78,79,75,False,False,not_yet_supplied_after_exact_union_and_locked_layer,False
2005-06,101108,1610612740,Chris Paul,full_core,0,0,82,76,78,73,False,False,not_yet_supplied_after_exact_union_and_locked_layer,False
2005-06,101109,1610612766,Raymond Felton,full_core,0,0,82,79,80,78,False,False,not_yet_supplied_after_exact_union_and_locked_layer,False
2005-06,101110,1610612757,Martell Webster,full_core,0,0,82,79,61,58,False,False,not_yet_supplied_after_exact_union_and_locked_layer,False
2005-06,101111,1610612761,Charlie Villanueva,full_core,0,0,82,79,81,78,False,False,not_yet_supplied_after_exact_union_and_locked_layer,False
2005-06,101112,1610612752,Channing Frye,full_core,0,0,82,76,65,59,False,False,not_yet_supplied_after_exact_union_and_locked_layer,False
2005-06,101113,1610612744,Ike Diogu,full_core,0,0,82,77,69,64,False,False,not_yet_supplied_after_exact_union_and_locked_layer,False
2005-06,101114,1610612762,Deron Williams,full_core,0,0,82,81,80,79,False,False,not_yet_supplied_after_exact_union_and_locked_layer,False
2005-06,101115,1610612747,Andrew Bynum,full_core,0,0,82,74,46,42,False,False,not_yet_supplied_after_exact_union_and_locked_layer,False
2005-06,101117,1610612746,Yaroslav Korolev,full_core,0,0,82,77,24,22,False,False,not_yet_supplied_after_exact_union_and_locked_layer,False
2005-06,101118,1610612766,Sean May,full_core,0,0,82,79,23,22,False,False,not_yet_supplied_after_exact_union_and_locked_layer,False
2005-06,101119,1610612750,Rashad McCants,full_core,0,0,82,79,79,76,False,False,not_yet_supplied_after_exact_union_and_locked_layer,False
2005-06,101121,1610612761,Joey Graham,full_core,0,0,82,79,80,77,False,False,not_yet_supplied_after_exact_union_and_locked_layer,False
2005-06,101122,1610612754,Danny Granger,full_core,0,0,82,79,78,75,False,False,not_yet_supplied_after_exact_union_and_locked_layer,False
2005-06,101123,1610612738,Gerald Green,full_core,0,0,82,81,32,32,False,False,not_yet_supplied_after_exact_union_and_locked_layer,False
2005-06,101124,1610612763,Hakim Warrick,full_core,0,0,82,77,68,64,False,False,not_yet_supplied_after_exact_union_and_locked_layer,False
2005-06,101125,1610612743,Julius Hodge,full_core,0,0,82,73,14,12,False,False,not_yet_supplied_after_exact_union_and_locked_layer,False
2005-06,101126,1610612752,Nate Robinson,full_core,0,0,82,76,72,68,False,False,not_yet_supplied_after_exact_union_and_locked_layer,False
2005-06,101127,1610612757,Jarrett Jack,full_core,0,0,82,79,79,76,False,False,not_yet_supplied_after_exact_union_and_locked_layer,False
2005-06,101128,1610612758,Francisco Garcia,full_core,0,0,82,79,67,65,False,False,not_yet_supplied_after_exact_union_and_locked_layer,False
2005-06,101129,1610612745,Luther Head,full_core,0,0,82,79,80,77,False,False,not_yet_supplied_after_exact_union_and_locked_layer,False
2005-06,101130,1610612760,Johan Petro,full_core,0,0,82,80,68,66,False,False,not_yet_supplied_after_exact_union_and_locked_layer,False
2005-06,101131,1610612765,Jason Maxiell,full_core,0,0,82,75,26,24,False,False,not_yet_supplied_after_exact_union_and_locked_layer,False
2005-06,101132,1610612743,Linas Kleiza,full_core,0,0,82,73,61,53,False,False,not_yet_supplied_after_exact_union_and_locked_layer,False
2005-06,101134,1610612748,Wayne Simien,full_core,0,0,82,81,43,43,False,False,not_yet_supplied_after_exact_union_and_locked_layer,False
2005-06,101135,1610612752,David Lee,full_core,0,0,82,76,67,62,False,False,not_yet_supplied_after_exact_union_and_locked_layer,False
2005-06,101136,1610612737,Salim Stoudamire,full_core,0,0,82,78,61,58,False,False,not_yet_supplied_after_exact_union_and_locked_layer,False
2005-06,101137,1610612746,Daniel Ewing,full_core,0,0,82,77,66,62,False,False,not_yet_supplied_after_exact_union_and_locked_layer,False
2005-06,101138,1610612740,Brandon Bass,full_core,0,0,82,76,29,27,False,False,not_yet_supplied_after_exact_union_and_locked_layer,False
2005-06,101139,1610612762,CJ Miles,full_core,0,0,82,81,23,23,False,False,not_yet_supplied_after_exact_union_and_locked_layer,False
2005-06,101143,1610612753,Travis Diener,full_core,0,0,82,80,23,22,False,False,not_yet_supplied_after_exact_union_and_locked_layer,False
2005-06,101144,1610612747,Von Wafer,full_core,0,0,82,74,16,14,False,False,not_yet_supplied_after_exact_union_and_locked_layer,False
2005-06,101145,1610612744,Monta Ellis,full_core,0,0,82,77,49,44,False,False,not_yet_supplied_after_exact_union_and_locked_layer,False
2005-06,101147,1610612744,Chris Taft,full_core,0,0,82,77,17,17,False,False,not_yet_supplied_after_exact_union_and_locked_layer,False
2005-06,101149,1610612739,Martynas Andriuskevicius,full_core,0,0,82,78,6,6,False,False,not_yet_supplied_after_exact_union_and_locked_layer,False
2005-06,101150,1610612755,Lou Williams,full_core,0,0,82,78,30,29,False,False,not_yet_supplied_after_exact_union_and_locked_layer,False
2005-06,101152,1610612750,Bracey Wright,full_core,0,0,82,79,7,6,False,False,not_yet_supplied_after_exact_union_and_locked_layer,False
2005-06,101154,1610612764,Andray Blatche,full_core,0,0,82,79,29,29,False,False,not_yet_supplied_after_exact_union_and_locked_layer,False
2005-06,101155,1610612738,Ryan Gomes,full_core,0,0,82,81,61,60,False,False,not_yet_supplied_after_exact_union_and_locked_layer,False
2005-06,101156,1610612762,Robert Whaley,full_core,0,0,82,81,23,23,False,False,not_yet_supplied_after_exact_union_and_locked_layer,False
2005-06,101158,1610612738,Orien Greene,full_core,0,0,82,81,80,79,False,False,not_yet_supplied_after_exact_union_and_locked_layer,False
2005-06,101159,1610612756,Dijon Thompson,full_core,0,0,82,81,10,10,False,False,not_yet_supplied_after_exact_union_and_locked_layer,False
2005-06,101160,1610612763,Lawrence Roberts,full_core,0,0,82,77,33,31,False,False,not_yet_supplied_after_exact_union_and_locked_layer,False
2005-06,101161,1610612765,Amir Johnson,full_core,0,0,82,75,3,3,False,False,not_yet_supplied_after_exact_union_and_locked_layer,False
2005-06,101165,1610612765,Alex Acker,full_core,0,0,82,75,5,5,False,False,not_yet_supplied_after_exact_union_and_locked_layer,False
2005-06,101177,1610612759,Fabricio Oberto,full_core,0,0,82,80,59,58,False,False,not_yet_supplied_after_exact_union_and_locked_layer,False
2005-06,101178,1610612740,Arvydas Macijauskas,full_core,0,0,82,76,19,18,False,False,not_yet_supplied_after_exact_union_and_locked_layer,False
2005-06,101179,1610612758,Ronnie Price,full_core,0,0,82,79,29,28,False,False,not_yet_supplied_after_exact_union_and_locked_layer,False
2005-06,101180,1610612754,Sarunas Jasikevicius,full_core,0,0,82,79,75,73,False,False,not_yet_supplied_after_exact_union_and_locked_layer,False
2005-06,101181,1610612761,Jose Calderon,full_core,0,0,82,79,64,62,False,False,not_yet_supplied_after_exact_union_and_locked_layer,False
2005-06,101183,1610612755,Shavlik Randolph,full_core,0,0,82,78,57,55,False,False,not_yet_supplied_after_exact_union_and_locked_layer,False
2005-06,101185,1610612742,Rawle Marshall,full_core,0,0,82,81,23,22,False,False,not_yet_supplied_after_exact_union_and_locked_layer,False
2005-06,101187,1610612766,Alan Anderson,full_core,0,0,82,79,36,35,False,False,not_yet_supplied_after_exact_union_and_locked_layer,False
2005-06,101188,1610612741,Eddie Basden,full_core,0,0,82,79,19,19,False,False,not_yet_supplied_after_exact_union_and_locked_layer,False
2005-06,101189,1610612746,James Singleton,full_core,0,0,82,77,59,55,False,False,not_yet_supplied_after_exact_union_and_locked_layer,False
2005-06,101194,1610612763,Anthony Roberson,full_core,0,0,82,77,16,14,False,False,not_yet_supplied_after_exact_union_and_locked_layer,False
2005-06,101207,1610612766,Kevin Burleson,full_core,0,0,82,79,39,38,False,False,not_yet_supplied_after_exact_union_and_locked_layer,False
2005-06,101209,1610612747,Devin Green,full_core,0,0,82,74,27,27,False,False,not_yet_supplied_after_exact_union_and_locked_layer,False
2005-06,101212,1610612737,Esteban Batista,full_core,0,0,82,78,57,54,False,False,not_yet_supplied_after_exact_union_and_locked_layer,False
2005-06,101238,1610612746,Boniface Ndong,full_core,0,0,82,77,23,19,False,False,not_yet_supplied_after_exact_union_and_locked_layer,False
2005-06,101261,1610612762,Andre Owens,full_core,0,0,82,81,23,23,False,False,not_yet_supplied_after_exact_union_and_locked_layer,False
2005-06,109,1610612759,Robert Horry,full_core,0,0,82,80,63,61,False,False,not_yet_supplied_after_exact_union_and_locked_layer,False
2005-06,1112,1610612765,Ben Wallace,full_core,0,0,82,75,82,75,False,False,not_yet_supplied_after_exact_union_and_locked_layer,False
2005-06,133,1610612745,David Wesley,full_core,0,0,82,79,71,68,False,False,not_yet_supplied_after_exact_union_and_locked_layer,False
2005-06,136,1610612740,P.J. Brown,full_core,0,0,82,76,75,70,False,False,not_yet_supplied_after_exact_union_and_locked_layer,False
2005-06,1442,1610612746,Zeljko Rebraca,full_core,0,0,82,77,29,28,False,False,not_yet_supplied_after_exact_union_and_locked_layer,False
2005-06,1477,1610612759,Bruce Bowen,full_core,0,0,82,80,82,80,False,False,not_yet_supplied_after_exact_union_and_locked_layer,False
2005-06,1495,1610612759,Tim Duncan,full_core,0,0,82,80,80,78,False,False,not_yet_supplied_after_exact_union_and_locked_layer,False
2005-06,1496,1610612742,Keith Van Horn,full_core,0,0,82,81,53,52,False,False,not_yet_supplied_after_exact_union_and_locked_layer,False
2005-06,1497,1610612765,Chauncey Billups,full_core,0,0,82,75,81,74,False,False,not_yet_supplied_after_exact_union_and_locked_layer,False
2005-06,1498,1610612764,Antonio Daniels,full_core,0,0,82,79,79,76,False,False,not_yet_supplied_after_exact_union_and_locked_layer,False
2005-06,1499,1610612753,Tony Battie,full_core,0,0,82,80,82,80,False,False,not_yet_supplied_after_exact_union_and_locked_layer,False
2005-06,15,1610612741,Eric Piatkowski,full_core,0,0,82,79,29,27,False,False,not_yet_supplied_after_exact_union_and_locked_layer,False
2005-06,1502,1610612744,Adonal Foyle,full_core,0,0,82,77,77,72,False,False,not_yet_supplied_after_exact_union_and_locked_layer,False
2005-06,1503,1610612745,Tracy McGrady,full_core,0,0,82,79,47,45,False,False,not_yet_supplied_after_exact_union_and_locked_layer,False
2005-06,1504,1610612760,Danny Fortson,full_core,0,0,82,80,23,23,False,False,not_yet_supplied_after_exact_union_and_locked_layer,False
2005-06,1506,1610612754,Austin Croshere,full_core,0,0,82,79,50,48,False,False,not_yet_supplied_after_exact_union_and_locked_layer,False
2005-06,1508,1610612752,Maurice Taylor,full_core,0,0,82,76,67,66,False,False,not_yet_supplied_after_exact_union_and_locked_layer,False
2005-06,1510,1610612766,Brevin Knight,full_core,0,0,82,79,69,66,False,False,not_yet_supplied_after_exact_union_and_locked_layer,False
2005-06,1513,1610612754,Scot Pollard,full_core,0,0,82,79,45,44,False,False,not_yet_supplied_after_exact_union_and_locked_layer,False
2005-06,1517,1610612763,Bobby Jackson,full_core,0,0,82,77,71,68,False,False,not_yet_supplied_after_exact_union_and_locked_layer,False
2005-06,1533,1610612754,Anthony Johnson,full_core,0,0,82,79,75,72,False,False,not_yet_supplied_after_exact_union_and_locked_layer,False
2005-06,1536,1610612754,Stephen Jackson,full_core,0,0,82,79,81,78,False,False,not_yet_supplied_after_exact_union_and_locked_layer,False
2005-06,1541,1610612761,Alvin Williams,full_core,0,0,82,79,1,1,False,False,not_yet_supplied_after_exact_union_and_locked_layer,False
2005-06,1563,1610612755,Kevin Ollie,full_core,0,0,82,78,70,66,False,False,not_yet_supplied_after_exact_union_and_locked_layer,False
2005-06,1607,1610612750,Troy Hudson,full_core,0,0,82,79,36,36,False,False,not_yet_supplied_after_exact_union_and_locked_layer,False
2005-06,1630,1610612760,Mikki Moore,full_core,0,0,82,80,47,45,False,False,not_yet_supplied_after_exact_union_and_locked_layer,False
2005-06,1710,1610612758,Mike Bibby,full_core,0,0,82,79,82,79,False,False,not_yet_supplied_after_exact_union_and_locked_layer,False
2005-06,1711,1610612738,Raef LaFrentz,full_core,0,0,82,81,82,81,False,False,not_yet_supplied_after_exact_union_and_locked_layer,False
2005-06,1712,1610612764,Antawn Jamison,full_core,0,0,82,79,82,79,False,False,not_yet_supplied_after_exact_union_and_locked_layer,False
2005-06,1715,1610612748,Jason Williams,full_core,0,0,82,81,59,58,False,False,not_yet_supplied_after_exact_union_and_locked_layer,False
2005-06,1716,1610612739,Larry Hughes,full_core,0,0,82,78,36,35,False,False,not_yet_supplied_after_exact_union_and_locked_layer,False
2005-06,1717,1610612742,Dirk Nowitzki,full_core,0,0,82,81,81,80,False,False,not_yet_supplied_after_exact_union_and_locked_layer,False
2005-06,1718,1610612738,Paul Pierce,full_core,0,0,82,81,79,78,False,False,not_yet_supplied_after_exact_union_and_locked_layer,False
2005-06,1719,1610612758,Bonzi Wells,full_core,0,0,82,79,52,50,False,False,not_yet_supplied_after_exact_union_and_locked_layer,False
2005-06,1720,1610612748,Michael Doleac,full_core,0,0,82,81,31,31,False,False,not_yet_supplied_after_exact_union_and_locked_layer,False
2005-06,1723,1610612762,Matt Harpring,full_core,0,0,82,81,71,70,False,False,not_yet_supplied_after_exact_union_and_locked_layer,False
2005-06,1725,1610612759,Rasho Nesterovic,full_core,0,0,82,80,80,78,False,False,not_yet_supplied_after_exact_union_and_locked_layer,False
2005-06,1727,1610612753,Pat Garrity,full_core,0,0,82,80,57,56,False,False,not_yet_supplied_after_exact_union_and_locked_layer,False
2005-06,1731,1610612737,Tyronn Lue,full_core,0,0,82,78,51,51,False,False,not_yet_supplied_after_exact_union_and_locked_layer,False
2005-06,1733,1610612737,Al Harrington,full_core,0,0,82,78,76,72,False,False,not_yet_supplied_after_exact_union_and_locked_layer,False
2005-06,1737,1610612759,Nazr Mohammed,full_core,0,0,82,80,80,78,False,False,not_yet_supplied_after_exact_union_and_locked_layer,False
2005-06,1740,1610612760,Rashard Lewis,full_core,0,0,82,80,78,77,False,False,not_yet_supplied_after_exact_union_and_locked_layer,False
2005-06,1744,1610612752,Jerome James,full_core,0,0,82,76,44,41,False,False,not_yet_supplied_after_exact_union_and_locked_layer,False
2005-06,1747,1610612745,Rafer Alston,full_core,0,0,82,79,63,61,False,False,not_yet_supplied_after_exact_union_and_locked_layer,False
2005-06,1749,1610612746,Cuttino Mobley,full_core,0,0,82,77,79,75,False,False,not_yet_supplied_after_exact_union_and_locked_layer,False
2005-06,1752,1610612759,Sean Marks,full_core,0,0,82,80,25,24,False,False,not_yet_supplied_after_exact_union_and_locked_layer,False
2005-06,1761,1610612743,Greg Buckner,full_core,0,0,82,73,73,64,False,False,not_yet_supplied_after_exact_union_and_locked_layer,False
2005-06,1763,1610612745,Ryan Bowen,full_core,0,0,82,79,68,65,False,False,not_yet_supplied_after_exact_union_and_locked_layer,False
2005-06,1800,1610612739,Damon Jones,full_core,0,0,82,78,82,78,False,False,not_yet_supplied_after_exact_union_and_locked_layer,False
2005-06,1802,1610612758,Brad Miller,full_core,0,0,82,79,79,76,False,False,not_yet_supplied_after_exact_union_and_locked_layer,False
2005-06,185,1610612755,Chris Webber,full_core,0,0,82,78,75,71,False,False,not_yet_supplied_after_exact_union_and_locked_layer,False
2005-06,1853,1610612750,Anthony Carter,full_core,0,0,82,79,45,44,False,False,not_yet_supplied_after_exact_union_and_locked_layer,False
2005-06,1863,1610612743,Earl Boykins,full_core,0,0,82,73,60,55,False,False,not_yet_supplied_after_exact_union_and_locked_layer,False
2005-06,1882,1610612746,Elton Brand,full_core,0,0,82,77,79,74,False,False,not_yet_supplied_after_exact_union_and_locked_layer,False
2005-06,1884,1610612744,Baron Davis,full_core,0,0,82,77,54,53,False,False,not_yet_supplied_after_exact_union_and_locked_layer,False
2005-06,1885,1610612747,Lamar Odom,full_core,0,0,82,74,80,73,False,False,not_yet_supplied_after_exact_union_and_locked_layer,False
2005-06,1886,1610612754,Jonathan Bender,full_core,0,0,82,79,2,2,False,False,not_yet_supplied_after_exact_union_and_locked_layer,False
2005-06,1888,1610612765,Richard Hamilton,full_core,0,0,82,75,80,73,False,False,not_yet_supplied_after_exact_union_and_locked_layer,False
2005-06,1889,1610612743,Andre Miller,full_core,0,0,82,73,82,73,False,False,not_yet_supplied_after_exact_union_and_locked_layer,False
2005-06,1890,1610612756,Shawn Marion,full_core,0,0,82,81,81,80,False,False,not_yet_supplied_after_exact_union_and_locked_layer,False
2005-06,1891,1610612742,Jason Terry,full_core,0,0,82,81,80,79,False,False,not_yet_supplied_after_exact_union_and_locked_layer,False
2005-06,1894,1610612746,Corey Maggette,full_core,0,0,82,77,32,30,False,False,not_yet_supplied_after_exact_union_and_locked_layer,False
2005-06,1899,1610612748,James Posey,full_core,0,0,82,81,67,66,False,False,not_yet_supplied_after_exact_union_and_locked_layer,False
2005-06,1902,1610612754,Jeff Foster,full_core,0,0,82,79,63,60,False,False,not_yet_supplied_after_exact_union_and_locked_layer,False
2005-06,1903,1610612758,Kenny Thomas,full_core,0,0,82,79,82,79,False,False,not_yet_supplied_after_exact_union_and_locked_layer,False
2005-06,1904,1610612747,Devean George,full_core,0,0,82,74,71,64,False,False,not_yet_supplied_after_exact_union_and_locked_layer,False
2005-06,1905,1610612762,Andrei Kirilenko,full_core,0,0,82,81,69,68,False,False,not_yet_supplied_after_exact_union_and_locked_layer,False
2005-06,1908,1610612766,Jumaine Jones,full_core,0,0,82,79,76,73,False,False,not_yet_supplied_after_exact_union_and_locked_layer,False
2005-06,1913,1610612764,Michael Ruffin,full_core,0,0,82,79,76,73,False,False,not_yet_supplied_after_exact_union_and_locked_layer,False
2005-06,1916,1610612764,Calvin Booth,full_core,0,0,82,79,33,32,False,False,not_yet_supplied_after_exact_union_and_locked_layer,False
2005-06,1921,1610612762,Gordan Giricek,full_core,0,0,82,81,37,37,False,False,not_yet_supplied_after_exact_union_and_locked_layer,False
2005-06,1922,1610612743,Francisco Elson,full_core,0,0,82,73,72,63,False,False,not_yet_supplied_after_exact_union_and_locked_layer,False
2005-06,1938,1610612759,Manu Ginobili,full_core,0,0,82,80,65,63,False,False,not_yet_supplied_after_exact_union_and_locked_layer,False
2005-06,1952,1610612756,Raja Bell,full_core,0,0,82,81,79,78,False,False,not_yet_supplied_after_exact_union_and_locked_layer,False
2005-06,1956,1610612739,Ira Newble,full_core,0,0,82,78,36,32,False,False,not_yet_supplied_after_exact_union_and_locked_layer,False
2005-06,1960,1610612762,Milt Palacio,full_core,0,0,82,81,71,71,False,False,not_yet_supplied_after_exact_union_and_locked_layer,False
2005-06,2030,1610612743,Kenyon Martin,full_core,0,0,82,73,56,52,False,False,not_yet_supplied_after_exact_union_and_locked_layer,False
2005-06,2031,1610612745,Stromile Swift,full_core,0,0,82,79,66,63,False,False,not_yet_supplied_after_exact_union_and_locked_layer,False
2005-06,2032,1610612757,Darius Miles,full_core,0,0,82,79,40,38,False,False,not_yet_supplied_after_exact_union_and_locked_layer,False
2005-06,2034,1610612763,Mike Miller,full_core,0,0,82,77,74,69,False,False,not_yet_supplied_after_exact_union_and_locked_layer,False
2005-06,2035,1610612743,DerMarr Johnson,full_core,0,0,82,73,58,51,False,False,not_yet_supplied_after_exact_union_and_locked_layer,False
2005-06,2036,1610612747,Chris Mihm,full_core,0,0,82,74,59,54,False,False,not_yet_supplied_after_exact_union_and_locked_layer,False
2005-06,2037,1610612752,Jamal Crawford,full_core,0,0,82,76,79,73,False,False,not_yet_supplied_after_exact_union_and_locked_layer,False
2005-06,2038,1610612757,Joel Przybilla,full_core,0,0,82,79,56,55,False,False,not_yet_supplied_after_exact_union_and_locked_layer,False
2005-06,2039,1610612753,Keyon Dooling,full_core,0,0,82,80,50,48,False,False,not_yet_supplied_after_exact_union_and_locked_layer,False
2005-06,2041,1610612764,Etan Thomas,full_core,0,0,82,79,71,68,False,False,not_yet_supplied_after_exact_union_and_locked_layer,False
2005-06,2045,1610612753,Hedo Turkoglu,full_core,0,0,82,80,78,76,False,False,not_yet_supplied_after_exact_union_and_locked_layer,False
2005-06,2046,1610612740,Desmond Mason,full_core,0,0,82,76,70,66,False,False,not_yet_supplied_after_exact_union_and_locked_layer,False
2005-06,2047,1610612752,Quentin Richardson,full_core,0,0,82,76,55,51,False,False,not_yet_supplied_after_exact_union_and_locked_layer,False
2005-06,2048,1610612749,Jamaal Magloire,full_core,0,0,82,81,82,81,False,False,not_yet_supplied_after_exact_union_and_locked_layer,False
2005-06,2049,1610612740,Speedy Claxton,full_core,0,0,82,76,71,66,False,False,not_yet_supplied_after_exact_union_and_locked_layer,False
2005-06,2050,1610612761,Morris Peterson,full_core,0,0,82,79,82,79,False,False,not_yet_supplied_after_exact_union_and_locked_layer,False
2005-06,2052,1610612753,DeShawn Stevenson,full_core,0,0,82,80,82,80,False,False,not_yet_supplied_after_exact_union_and_locked_layer,False
2005-06,2054,1610612763,Jake Tsakalidis,full_core,0,0,82,77,51,49,False,False,not_yet_supplied_after_exact_union_and_locked_layer,False
2005-06,2056,1610612766,Primoz Brezec,full_core,0,0,82,79,79,76,False,False,not_yet_supplied_after_exact_union_and_locked_layer,False
2005-06,2058,1610612750,Mark Madsen,full_core,0,0,82,79,62,61,False,False,not_yet_supplied_after_exact_union_and_locked_layer,False
2005-06,2059,1610612743,Eduardo Najera,full_core,0,0,82,73,64,58,False,False,not_yet_supplied_after_exact_union_and_locked_layer,False
2005-06,2060,1610612750,Marko Jaric,full_core,0,0,82,79,75,73,False,False,not_yet_supplied_after_exact_union_and_locked_layer,False
2005-06,2063,1610612766,Jake Voskuhl,full_core,0,0,82,79,51,49,False,False,not_yet_supplied_after_exact_union_and_locked_layer,False
2005-06,2067,1610612756,Eddie House,full_core,0,0,82,81,81,80,False,False,not_yet_supplied_after_exact_union_and_locked_layer,False
2005-06,2072,1610612749,Michael Redd,full_core,0,0,82,81,80,79,False,False,not_yet_supplied_after_exact_union_and_locked_layer,False
2005-06,2073,1610612763,Brian Cardinal,full_core,0,0,82,77,36,33,False,False,not_yet_supplied_after_exact_union_and_locked_layer,False
2005-06,2078,1610612758,Jason Hart,full_core,0,0,82,79,66,63,False,False,not_yet_supplied_after_exact_union_and_locked_layer,False
2005-06,208,1610612746,Sam Cassell,full_core,0,0,82,77,78,73,False,False,not_yet_supplied_after_exact_union_and_locked_layer,False
2005-06,2109,1610612754,Eddie Gill,full_core,0,0,82,79,41,39,False,False,not_yet_supplied_after_exact_union_and_locked_layer,False
2005-06,2124,1610612741,Malik Allen,full_core,0,0,82,79,54,51,False,False,not_yet_supplied_after_exact_union_and_locked_layer,False
2005-06,2198,1610612747,Kwame Brown,full_core,0,0,82,74,72,64,False,False,not_yet_supplied_after_exact_union_and_locked_layer,False
2005-06,2199,1610612741,Tyson Chandler,full_core,0,0,82,79,79,76,False,False,not_yet_supplied_after_exact_union_and_locked_layer,False
2005-06,2200,1610612763,Pau Gasol,full_core,0,0,82,77,80,76,False,False,not_yet_supplied_after_exact_union_and_locked_layer,False
2005-06,2201,1610612752,Eddy Curry,full_core,0,0,82,76,72,67,False,False,not_yet_supplied_after_exact_union_and_locked_layer,False
2005-06,2202,1610612744,Jason Richardson,full_core,0,0,82,77,75,71,False,False,not_yet_supplied_after_exact_union_and_locked_layer,False
2005-06,2203,1610612763,Shane Battier,full_core,0,0,82,77,81,76,False,False,not_yet_supplied_after_exact_union_and_locked_layer,False
2005-06,2204,1610612750,Eddie Griffin,full_core,0,0,82,79,70,67,False,False,not_yet_supplied_after_exact_union_and_locked_layer,False
2005-06,2205,1610612742,DeSagana Diop,full_core,0,0,82,81,81,80,False,False,not_yet_supplied_after_exact_union_and_locked_layer,False
2005-06,2207,1610612737,Joe Johnson,full_core,0,0,82,78,82,78,False,False,not_yet_supplied_after_exact_union_and_locked_layer,False
2005-06,2211,1610612744,Troy Murphy,full_core,0,0,82,77,74,69,False,False,not_yet_supplied_after_exact_union_and_locked_layer,False
2005-06,2212,1610612755,Steven Hunter,full_core,0,0,82,78,69,66,False,False,not_yet_supplied_after_exact_union_and_locked_layer,False
2005-06,2214,1610612755,Michael Bradley,full_core,0,0,82,78,46,43,False,False,not_yet_supplied_after_exact_union_and_locked_layer,False
2005-06,2216,1610612757,Zach Randolph,full_core,0,0,82,79,74,71,False,False,not_yet_supplied_after_exact_union_and_locked_layer,False
2005-06,2217,1610612764,Brendan Haywood,full_core,0,0,82,79,79,76,False,False,not_yet_supplied_after_exact_union_and_locked_layer,False
2005-06,2222,1610612766,Gerald Wallace,full_core,0,0,82,79,55,53,False,False,not_yet_supplied_after_exact_union_and_locked_layer,False
2005-06,2223,1610612755,Samuel Dalembert,full_core,0,0,82,78,66,62,False,False,not_yet_supplied_after_exact_union_and_locked_layer,False
2005-06,2224,1610612754,Jamaal Tinsley,full_core,0,0,82,79,42,39,False,False,not_yet_supplied_after_exact_union_and_locked_layer,False
2005-06,2225,1610612759,Tony Parker,full_core,0,0,82,80,80,79,False,False,not_yet_supplied_after_exact_union_and_locked_layer,False
2005-06,2229,1610612761,Mike James,full_core,0,0,82,79,79,76,False,False,not_yet_supplied_after_exact_union_and_locked_layer,False
2005-06,2230,1610612765,Maurice Evans,full_core,0,0,82,75,80,73,False,False,not_yet_supplied_after_exact_union_and_locked_layer,False
2005-06,2239,1610612750,Trenton Hassell,full_core,0,0,82,79,77,74,False,False,not_yet_supplied_after_exact_union_and_locked_layer,False
2005-06,224,1610612763,Eddie Jones,full_core,0,0,82,77,75,72,False,False,not_yet_supplied_after_exact_union_and_locked_layer,False
2005-06,2240,1610612764,Gilbert Arenas,full_core,0,0,82,79,80,77,False,False,not_yet_supplied_after_exact_union_and_locked_layer,False
2005-06,2243,1610612738,Brian Scalabrine,full_core,0,0,82,81,71,70,False,False,not_yet_supplied_after_exact_union_and_locked_layer,False
2005-06,2246,1610612762,Mehmet Okur,full_core,0,0,82,81,82,81,False,False,not_yet_supplied_after_exact_union_and_locked_layer,False
2005-06,2250,1610612749,Bobby Simmons,full_core,0,0,82,81,75,74,False,False,not_yet_supplied_after_exact_union_and_locked_layer,False
2005-06,2254,1610612761,Loren Woods,full_core,0,0,82,79,27,26,False,False,not_yet_supplied_after_exact_union_and_locked_layer,False
2005-06,2260,1610612762,Jarron Collins,full_core,0,0,82,81,79,78,False,False,not_yet_supplied_after_exact_union_and_locked_layer,False
2005-06,2294,1610612749,Charlie Bell,full_core,0,0,82,81,59,58,False,False,not_yet_supplied_after_exact_union_and_locked_layer,False
2005-06,2397,1610612745,Yao Ming,full_core,0,0,82,79,57,55,False,False,not_yet_supplied_after_exact_union_and_locked_layer,False
2005-06,2399,1610612744,Mike Dunleavy,full_core,0,0,82,77,81,76,False,False,not_yet_supplied_after_exact_union_and_locked_layer,False
2005-06,2400,1610612739,Drew Gooden,full_core,0,0,82,78,79,76,False,False,not_yet_supplied_after_exact_union_and_locked_layer,False
2005-06,2403,1610612743,Nene,full_core,0,0,82,73,1,1,False,False,not_yet_supplied_after_exact_union_and_locked_layer,False
2005-06,2405,1610612756,Amar'e Stoudemire,full_core,0,0,82,81,3,3,False,False,not_yet_supplied_after_exact_union_and_locked_layer,False
2005-06,2406,1610612764,Caron Butler,full_core,0,0,82,79,75,72,False,False,not_yet_supplied_after_exact_union_and_locked_layer,False
2005-06,2407,1610612764,Jared Jeffries,full_core,0,0,82,79,77,74,False,False,not_yet_supplied_after_exact_union_and_locked_layer,False
2005-06,2408,1610612766,Melvin Ely,full_core,0,0,82,79,57,54,False,False,not_yet_supplied_after_exact_union_and_locked_layer,False
2005-06,2410,1610612754,Fred Jones,full_core,0,0,82,79,68,65,False,False,not_yet_supplied_after_exact_union_and_locked_layer,False
2005-06,2412,1610612749,Jiri Welsch,full_core,0,0,82,81,58,57,False,False,not_yet_supplied_after_exact_union_and_locked_layer,False
2005-06,2413,1610612757,Juan Dixon,full_core,0,0,82,79,76,73,False,False,not_yet_supplied_after_exact_union_and_locked_layer,False
2005-06,2419,1610612765,Tayshaun Prince,full_core,0,0,82,75,82,75,False,False,not_yet_supplied_after_exact_union_and_locked_layer,False
2005-06,2422,1610612755,John Salmons,full_core,0,0,82,78,82,78,False,False,not_yet_supplied_after_exact_union_and_locked_layer,False
2005-06,2424,1610612738,Dan Dickau,full_core,0,0,82,81,19,18,False,False,not_yet_supplied_after_exact_union_and_locked_layer,False
2005-06,2429,1610612749,Dan Gadzuric,full_core,0,0,82,81,74,73,False,False,not_yet_supplied_after_exact_union_and_locked_layer,False
2005-06,243,1610612747,Aaron McKie,full_core,0,0,82,74,14,13,False,False,not_yet_supplied_after_exact_union_and_locked_layer,False
2005-06,2430,1610612762,Carlos Boozer,full_core,0,0,82,81,33,32,False,False,not_yet_supplied_after_exact_union_and_locked_layer,False
2005-06,2435,1610612753,Mario Kasun,full_core,0,0,82,80,28,27,False,False,not_yet_supplied_after_exact_union_and_locked_layer,False
2005-06,2441,1610612758,Jamal Sampson,full_core,0,0,82,79,12,11,False,False,not_yet_supplied_after_exact_union_and_locked_layer,False
2005-06,2443,1610612741,Darius Songaila,full_core,0,0,82,79,62,60,False,False,not_yet_supplied_after_exact_union_and_locked_layer,False
2005-06,2446,1610612740,Rasual Butler,full_core,0,0,82,76,79,73,False,False,not_yet_supplied_after_exact_union_and_locked_layer,False
2005-06,2457,1610612741,Jannero Pargo,full_core,0,0,82,79,57,54,False,False,not_yet_supplied_after_exact_union_and_locked_layer,False
2005-06,2469,1610612756,Pat Burke,full_core,0,0,82,81,42,42,False,False,not_yet_supplied_after_exact_union_and_locked_layer,False
2005-06,2470,1610612747,Smush Parker,full_core,0,0,82,74,82,74,False,False,not_yet_supplied_after_exact_union_and_locked_layer,False
2005-06,2484,1610612762,Devin Brown,full_core,0,0,82,81,81,80,False,False,not_yet_supplied_after_exact_union_and_locked_layer,False
2005-06,2544,1610612739,LeBron James,full_core,0,0,82,78,79,75,False,False,not_yet_supplied_after_exact_union_and_locked_layer,False
2005-06,2546,1610612743,Carmelo Anthony,full_core,0,0,82,73,80,71,False,False,not_yet_supplied_after_exact_union_and_locked_layer,False
2005-06,2547,1610612761,Chris Bosh,full_core,0,0,82,79,70,68,False,False,not_yet_supplied_after_exact_union_and_locked_layer,False
2005-06,2548,1610612748,Dwyane Wade,full_core,0,0,82,81,75,74,False,False,not_yet_supplied_after_exact_union_and_locked_layer,False
2005-06,2549,1610612746,Chris Kaman,full_core,0,0,82,77,78,73,False,False,not_yet_supplied_after_exact_union_and_locked_layer,False
2005-06,255,1610612753,Grant Hill,full_core,0,0,82,80,21,20,False,False,not_yet_supplied_after_exact_union_and_locked_layer,False
2005-06,2550,1610612741,Kirk Hinrich,full_core,0,0,82,79,81,78,False,False,not_yet_supplied_after_exact_union_and_locked_layer,False
2005-06,2551,1610612749,T.J. Ford,full_core,0,0,82,81,72,71,False,False,not_yet_supplied_after_exact_union_and_locked_layer,False
2005-06,2552,1610612741,Michael Sweetney,full_core,0,0,82,79,66,65,False,False,not_yet_supplied_after_exact_union_and_locked_layer,False
2005-06,2553,1610612764,Jarvis Hayes,full_core,0,0,82,79,21,20,False,False,not_yet_supplied_after_exact_union_and_locked_layer,False
2005-06,2554,1610612744,Mickael Pietrus,full_core,0,0,82,77,52,47,False,False,not_yet_supplied_after_exact_union_and_locked_layer,False
2005-06,2555,1610612760,Nick Collison,full_core,0,0,82,80,66,65,False,False,not_yet_supplied_after_exact_union_and_locked_layer,False
2005-06,2557,1610612760,Luke Ridnour,full_core,0,0,82,80,79,77,False,False,not_yet_supplied_after_exact_union_and_locked_layer,False
2005-06,2558,1610612749,Reece Gaines,full_core,0,0,82,81,12,12,False,False,not_yet_supplied_after_exact_union_and_locked_layer,False
2005-06,2560,1610612744,Zarko Cabarkapa,full_core,0,0,82,77,61,57,False,False,not_yet_supplied_after_exact_union_and_locked_layer,False
2005-06,2561,1610612740,David West,full_core,0,0,82,76,74,69,False,False,not_yet_supplied_after_exact_union_and_locked_layer,False
2005-06,2562,1610612739,Sasha Pavlovic,full_core,0,0,82,78,53,50,False,False,not_yet_supplied_after_exact_union_and_locked_layer,False
2005-06,2563,1610612763,Dahntay Jones,full_core,0,0,82,77,71,66,False,False,not_yet_supplied_after_exact_union_and_locked_layer,False
2005-06,2564,1610612756,Boris Diaw,full_core,0,0,82,81,81,80,False,False,not_yet_supplied_after_exact_union_and_locked_layer,False
2005-06,2566,1610612757,Travis Outlaw,full_core,0,0,82,79,69,66,False,False,not_yet_supplied_after_exact_union_and_locked_layer,False
2005-06,2567,1610612747,Brian Cook,full_core,0,0,82,74,81,74,False,False,not_yet_supplied_after_exact_union_and_locked_layer,False
2005-06,2568,1610612765,Carlos Delfino,full_core,0,0,82,75,68,62,False,False,not_yet_supplied_after_exact_union_and_locked_layer,False
2005-06,2570,1610612738,Kendrick Perkins,full_core,0,0,82,81,68,67,False,False,not_yet_supplied_after_exact_union_and_locked_layer,False
2005-06,2571,1610612756,Leandro Barbosa,full_core,0,0,82,81,57,57,False,False,not_yet_supplied_after_exact_union_and_locked_layer,False
2005-06,2572,1610612742,Josh Howard,full_core,0,0,82,81,59,59,False,False,not_yet_supplied_after_exact_union_and_locked_layer,False
2005-06,2574,1610612748,Jason Kapono,full_core,0,0,82,81,51,51,False,False,not_yet_supplied_after_exact_union_and_locked_layer,False
2005-06,2575,1610612747,Luke Walton,full_core,0,0,82,74,69,61,False,False,not_yet_supplied_after_exact_union_and_locked_layer,False
2005-06,258,1610612756,Brian Grant,full_core,0,0,82,81,21,21,False,False,not_yet_supplied_after_exact_union_and_locked_layer,False
2005-06,2581,1610612757,Steve Blake,full_core,0,0,82,79,68,65,False,False,not_yet_supplied_after_exact_union_and_locked_layer,False
2005-06,2584,1610612755,Willie Green,partial,0,0,82,78,10,10,False,False,not_yet_supplied_after_exact_union_and_locked_layer,False
2005-06,2585,1610612737,Zaza Pachulia,full_core,0,0,82,78,78,74,False,False,not_yet_supplied_after_exact_union_and_locked_layer,False
2005-06,2588,1610612761,Matt Bonner,full_core,0,0,82,79,78,75,False,False,not_yet_supplied_after_exact_union_and_locked_layer,False
2005-06,2590,1610612749,Mo Williams,full_core,0,0,82,81,58,58,False,False,not_yet_supplied_after_exact_union_and_locked_layer,False
2005-06,2592,1610612756,James Jones,full_core,0,0,82,81,75,74,False,False,not_yet_supplied_after_exact_union_and_locked_layer,False
2005-06,2594,1610612755,Kyle Korver,full_core,0,0,82,78,82,78,False,False,not_yet_supplied_after_exact_union_and_locked_layer,False
2005-06,2605,1610612742,Marquis Daniels,full_core,0,0,82,81,62,61,False,False,not_yet_supplied_after_exact_union_and_locked_layer,False
2005-06,2617,1610612748,Udonis Haslem,full_core,0,0,82,81,81,80,False,False,not_yet_supplied_after_exact_union_and_locked_layer,False
2005-06,2624,1610612746,Quinton Ross,full_core,0,0,82,77,67,63,False,False,not_yet_supplied_after_exact_union_and_locked_layer,False
2005-06,2648,1610612750,Ronald Dupree,full_core,0,0,82,79,36,35,False,False,not_yet_supplied_after_exact_union_and_locked_layer,False
2005-06,2679,1610612766,Matt Carroll,full_core,0,0,82,79,78,75,False,False,not_yet_supplied_after_exact_union_and_locked_layer,False
2005-06,2693,1610612762,Keith McLeod,full_core,0,0,82,81,66,65,False,False,not_yet_supplied_after_exact_union_and_locked_layer,False
2005-06,2694,1610612742,Josh Powell,full_core,0,0,82,81,37,36,False,False,not_yet_supplied_after_exact_union_and_locked_layer,False
2005-06,2730,1610612753,Dwight Howard,full_core,0,0,82,80,82,80,False,False,not_yet_supplied_after_exact_union_and_locked_layer,False
2005-06,2731,1610612766,Emeka Okafor,full_core,0,0,82,79,26,25,False,False,not_yet_supplied_after_exact_union_and_locked_layer,False
2005-06,2732,1610612741,Ben Gordon,full_core,0,0,82,79,80,77,False,False,not_yet_supplied_after_exact_union_and_locked_layer,False
2005-06,2733,1610612746,Shaun Livingston,full_core,0,0,82,77,61,57,False,False,not_yet_supplied_after_exact_union_and_locked_layer,False
2005-06,2734,1610612742,Devin Harris,full_core,0,0,82,81,56,56,False,False,not_yet_supplied_after_exact_union_and_locked_layer,False
2005-06,2735,1610612737,Josh Childress,full_core,0,0,82,78,74,71,False,False,not_yet_supplied_after_exact_union_and_locked_layer,False
2005-06,2736,1610612741,Luol Deng,full_core,0,0,82,79,78,75,False,False,not_yet_supplied_after_exact_union_and_locked_layer,False
2005-06,2737,1610612761,Rafael Araujo,full_core,0,0,82,79,52,50,False,False,not_yet_supplied_after_exact_union_and_locked_layer,False
2005-06,2738,1610612755,Andre Iguodala,full_core,0,0,82,78,82,78,False,False,not_yet_supplied_after_exact_union_and_locked_layer,False
2005-06,2739,1610612739,Luke Jackson,full_core,0,0,82,78,36,36,False,False,not_yet_supplied_after_exact_union_and_locked_layer,False
2005-06,2740,1610612744,Andris Biedrins,full_core,0,0,82,77,68,64,False,False,not_yet_supplied_after_exact_union_and_locked_layer,False
2005-06,2741,1610612760,Robert Swift,full_core,0,0,82,80,47,45,False,False,not_yet_supplied_after_exact_union_and_locked_layer,False
2005-06,2742,1610612757,Sebastian Telfair,full_core,0,0,82,79,68,65,False,False,not_yet_supplied_after_exact_union_and_locked_layer,False
2005-06,2743,1610612762,Kris Humphries,full_core,0,0,82,81,62,61,False,False,not_yet_supplied_after_exact_union_and_locked_layer,False
2005-06,2744,1610612738,Al Jefferson,full_core,0,0,82,81,59,58,False,False,not_yet_supplied_after_exact_union_and_locked_layer,False
2005-06,2745,1610612740,Kirk Snyder,full_core,0,0,82,76,68,65,False,False,not_yet_supplied_after_exact_union_and_locked_layer,False
2005-06,2746,1610612737,Josh Smith,full_core,0,0,82,78,80,76,False,False,not_yet_supplied_after_exact_union_and_locked_layer,False
2005-06,2747,1610612740,JR Smith,full_core,0,0,82,76,55,51,False,False,not_yet_supplied_after_exact_union_and_locked_layer,False
2005-06,2748,1610612748,Dorell Wright,full_core,0,0,82,81,20,20,False,False,not_yet_supplied_after_exact_union_and_locked_layer,False
2005-06,2749,1610612753,Jameer Nelson,full_core,0,0,82,80,62,61,False,False,not_yet_supplied_after_exact_union_and_locked_layer,False
2005-06,2750,1610612742,Pavel Podkolzin,full_core,0,0,82,81,1,1,False,False,not_yet_supplied_after_exact_union_and_locked_layer,False
2005-06,2751,1610612757,Viktor Khryapa,full_core,0,0,82,79,69,66,False,False,not_yet_supplied_after_exact_union_and_locked_layer,False
2005-06,2753,1610612738,Delonte West,full_core,0,0,82,81,71,70,False,False,not_yet_supplied_after_exact_union_and_locked_layer,False
2005-06,2754,1610612738,Tony Allen,full_core,0,0,82,81,51,51,False,False,not_yet_supplied_after_exact_union_and_locked_layer,False
2005-06,2755,1610612758,Kevin Martin,full_core,0,0,82,79,72,70,False,False,not_yet_supplied_after_exact_union_and_locked_layer,False
2005-06,2756,1610612747,Sasha Vujacic,full_core,0,0,82,74,82,74,False,False,not_yet_supplied_after_exact_union_and_locked_layer,False
2005-06,2757,1610612759,Beno Udrih,full_core,0,0,82,80,54,52,False,False,not_yet_supplied_after_exact_union_and_locked_layer,False
2005-06,2758,1610612754,David Harrison,full_core,0,0,82,79,67,64,False,False,not_yet_supplied_after_exact_union_and_locked_layer,False
2005-06,2760,1610612739,Anderson Varejao,full_core,0,0,82,78,48,45,False,False,not_yet_supplied_after_exact_union_and_locked_layer,False
2005-06,2764,1610612737,Donta Smith,full_core,0,0,82,78,23,21,False,False,not_yet_supplied_after_exact_union_and_locked_layer,False
2005-06,2766,1610612763,Antonio Burks,full_core,0,0,82,77,57,53,False,False,not_yet_supplied_after_exact_union_and_locked_layer,False
2005-06,2767,1610612737,Royal Ivey,full_core,0,0,82,78,73,69,False,False,not_yet_supplied_after_exact_union_and_locked_layer,False
2005-06,2768,1610612741,Chris Duhon,full_core,0,0,82,79,74,71,False,False,not_yet_supplied_after_exact_union_and_locked_layer,False
2005-06,2774,1610612766,Bernard Robinson,full_core,0,0,82,79,66,63,False,False,not_yet_supplied_after_exact_union_and_locked_layer,False
2005-06,2775,1610612757,Ha Ha,full_core,0,0,82,79,27,25,False,False,not_yet_supplied_after_exact_union_and_locked_layer,False
2005-06,2776,1610612761,Pape Sow,full_core,0,0,82,79,42,40,False,False,not_yet_supplied_after_exact_union_and_locked_layer,False
2005-06,278,1610612753,Stacey Augmon,full_core,0,0,82,80,36,34,False,False,not_yet_supplied_after_exact_union_and_locked_layer,False
2005-06,2788,1610612742,DJ Mbenga,full_core,0,0,82,81,43,42,False,False,not_yet_supplied_after_exact_union_and_locked_layer,False
2005-06,2804,1610612741,Andres Nocioni,full_core,0,0,82,79,82,79,False,False,not_yet_supplied_after_exact_union_and_locked_layer,False
2005-06,2823,1610612737,John Edwards,full_core,0,0,82,78,40,39,False,False,not_yet_supplied_after_exact_union_and_locked_layer,False
2005-06,283,1610612765,Lindsey Hunter,full_core,0,0,82,75,30,28,False,False,not_yet_supplied_after_exact_union_and_locked_layer,False
2005-06,2852,1610612764,Awvee Storey,full_core,0,0,82,79,25,23,False,False,not_yet_supplied_after_exact_union_and_locked_layer,False
2005-06,2853,1610612748,Earl Barron,full_core,0,0,82,81,8,8,False,False,not_yet_supplied_after_exact_union_and_locked_layer,False
2005-06,2863,1610612760,Damien Wilkins,full_core,0,0,82,80,82,80,False,False,not_yet_supplied_after_exact_union_and_locked_layer,False
2005-06,2866,1610612752,Jackie Butler,full_core,0,0,82,76,55,49,False,False,not_yet_supplied_after_exact_union_and_locked_layer,False
2005-06,297,1610612748,Alonzo Mourning,full_core,0,0,82,81,65,64,False,False,not_yet_supplied_after_exact_union_and_locked_layer,False
2005-06,353,1610612742,Darrell Armstrong,full_core,0,0,82,81,62,61,False,False,not_yet_supplied_after_exact_union_and_locked_layer,False
2005-06,384,1610612744,Calbert Cheaney,full_core,0,0,82,77,42,40,False,False,not_yet_supplied_after_exact_union_and_locked_layer,False
2005-06,389,1610612749,Toni Kukoc,full_core,0,0,82,81,65,65,False,False,not_yet_supplied_after_exact_union_and_locked_layer,False
2005-06,406,1610612748,Shaquille O'Neal,full_core,0,0,82,81,59,58,False,False,not_yet_supplied_after_exact_union_and_locked_layer,False
2005-06,436,1610612745,Juwan Howard,full_core,0,0,82,79,80,77,False,False,not_yet_supplied_after_exact_union_and_locked_layer,False
2005-06,56,1610612748,Gary Payton,full_core,0,0,82,81,81,80,False,False,not_yet_supplied_after_exact_union_and_locked_layer,False
2005-06,673,1610612739,Alan Henderson,full_core,0,0,82,78,51,47,False,False,not_yet_supplied_after_exact_union_and_locked_layer,False
2005-06,677,1610612761,Eric Williams,full_core,0,0,82,79,28,26,False,False,not_yet_supplied_after_exact_union_and_locked_layer,False
2005-06,686,1610612765,Antonio McDyess,full_core,0,0,82,75,82,75,False,False,not_yet_supplied_after_exact_union_and_locked_layer,False
2005-06,689,1610612757,Theo Ratliff,full_core,0,0,82,79,55,54,False,False,not_yet_supplied_after_exact_union_and_locked_layer,False
2005-06,693,1610612749,Joe Smith,full_core,0,0,82,81,44,43,False,False,not_yet_supplied_after_exact_union_and_locked_layer,False
2005-06,699,1610612759,Brent Barry,full_core,0,0,82,80,74,72,False,False,not_yet_supplied_after_exact_union_and_locked_layer,False
2005-06,703,1610612756,Kurt Thomas,full_core,0,0,82,81,53,52,False,False,not_yet_supplied_after_exact_union_and_locked_layer,False
2005-06,708,1610612750,Kevin Garnett,full_core,0,0,82,79,76,74,False,False,not_yet_supplied_after_exact_union_and_locked_layer,False
2005-06,711,1610612742,Jerry Stackhouse,full_core,0,0,82,81,55,54,False,False,not_yet_supplied_after_exact_union_and_locked_layer,False
2005-06,714,1610612759,Michael Finley,full_core,0,0,82,80,77,75,False,False,not_yet_supplied_after_exact_union_and_locked_layer,False
2005-06,722,1610612758,Corliss Williamson,full_core,0,0,82,79,37,36,False,False,not_yet_supplied_after_exact_union_and_locked_layer,False
2005-06,727,1610612739,Eric Snow,full_core,0,0,82,78,82,78,False,False,not_yet_supplied_after_exact_union_and_locked_layer,False
2005-06,731,1610612762,Greg Ostertag,full_core,0,0,82,81,60,59,False,False,not_yet_supplied_after_exact_union_and_locked_layer,False
2005-06,739,1610612765,Rasheed Wallace,full_core,0,0,82,75,80,73,False,False,not_yet_supplied_after_exact_union_and_locked_layer,False
2005-06,757,1610612763,Damon Stoudamire,full_core,0,0,82,77,27,25,False,False,not_yet_supplied_after_exact_union_and_locked_layer,False
2005-06,87,1610612745,Dikembe Mutombo,full_core,0,0,82,79,64,63,False,False,not_yet_supplied_after_exact_union_and_locked_layer,False
2005-06,89,1610612759,Nick Van Exel,full_core,0,0,82,80,65,64,False,False,not_yet_supplied_after_exact_union_and_locked_layer,False
2005-06,905,1610612765,Dale Davis,full_core,0,0,82,75,28,24,False,False,not_yet_supplied_after_exact_union_and_locked_layer,False
2005-06,911,1610612749,Ervin Johnson,full_core,0,0,82,81,18,18,False,False,not_yet_supplied_after_exact_union_and_locked_layer,False
2005-06,923,1610612739,Donyell Marshall,full_core,0,0,82,78,81,77,False,False,not_yet_supplied_after_exact_union_and_locked_layer,False
2005-06,947,1610612755,Allen Iverson,full_core,0,0,82,78,72,69,False,False,not_yet_supplied_after_exact_union_and_locked_layer,False
2005-06,948,1610612743,Marcus Camby,full_core,0,0,82,73,56,50,False,False,not_yet_supplied_after_exact_union_and_locked_layer,False
2005-06,949,1610612758,Shareef Abdur-Rahim,full_core,0,0,82,79,72,69,False,False,not_yet_supplied_after_exact_union_and_locked_layer,False
2005-06,950,1610612752,Stephon Marbury,full_core,0,0,82,76,60,54,False,False,not_yet_supplied_after_exact_union_and_locked_layer,False
2005-06,951,1610612760,Ray Allen,full_core,0,0,82,80,78,76,False,False,not_yet_supplied_after_exact_union_and_locked_layer,False
2005-06,952,1610612748,Antoine Walker,full_core,0,0,82,81,82,81,False,False,not_yet_supplied_after_exact_union_and_locked_layer,False
2005-06,953,1610612763,Lorenzen Wright,full_core,0,0,82,77,78,73,False,False,not_yet_supplied_after_exact_union_and_locked_layer,False
2005-06,956,1610612742,Erick Dampier,full_core,0,0,82,81,82,81,False,False,not_yet_supplied_after_exact_union_and_locked_layer,False
2005-06,959,1610612756,Steve Nash,full_core,0,0,82,81,79,78,False,False,not_yet_supplied_after_exact_union_and_locked_layer,False
2005-06,962,1610612746,Walter McCarty,full_core,0,0,82,77,36,34,False,False,not_yet_supplied_after_exact_union_and_locked_layer,False
2005-06,965,1610612744,Derek Fisher,full_core,0,0,82,77,82,77,False,False,not_yet_supplied_after_exact_union_and_locked_layer,False
2005-06,970,1610612741,Othella Harrington,full_core,0,0,82,79,72,70,False,False,not_yet_supplied_after_exact_union_and_locked_layer,False
2005-06,977,1610612747,Kobe Bryant,full_core,0,0,82,74,80,72,False,False,not_yet_supplied_after_exact_union_and_locked_layer,False
2005-06,979,1610612754,Jermaine O'Neal,full_core,0,0,82,79,51,48,False,False,not_yet_supplied_after_exact_union_and_locked_layer,False
2005-06,980,1610612739,Zydrunas Ilgauskas,full_core,0,0,82,78,78,74,False,False,not_yet_supplied_after_exact_union_and_locked_layer,False
2005-06,990,1610612752,Malik Rose,full_core,0,0,82,76,72,66,False,False,not_yet_supplied_after_exact_union_and_locked_layer,False
2006-07,101189,1610612746,James Singleton,full_core,0,0,82,82,53,52,False,False,not_yet_supplied_after_exact_union_and_locked_layer,False
2006-07,1607,1610612750,Troy Hudson,full_core,0,0,82,82,34,33,False,False,not_yet_supplied_after_exact_union_and_locked_layer,False
2006-07,200761,1610612754,Shawne Williams,full_core,0,0,82,82,46,45,False,False,not_yet_supplied_after_exact_union_and_locked_layer,False
2006-07,2745,1610612745,Kirk Snyder,full_core,0,0,82,82,39,38,False,False,not_yet_supplied_after_exact_union_and_locked_layer,False
2007-08,201238,1610612737,Mario West,full_core,0,0,82,82,64,63,False,False,not_yet_supplied_after_exact_union_and_locked_layer,False
2007-08,2760,1610612739,Anderson Varejao,partial,0,0,82,82,48,48,False,False,not_yet_supplied_after_exact_union_and_locked_layer,False
2008-09,101110,1610612757,Martell Webster,full_core,0,0,82,81,1,1,False,False,not_yet_supplied_after_exact_union_and_locked_layer,False
2008-09,101112,1610612757,Channing Frye,full_core,0,0,82,81,63,62,False,False,not_yet_supplied_after_exact_union_and_locked_layer,False
2008-09,101114,1610612762,Deron Williams,full_core,0,0,82,81,68,67,False,False,not_yet_supplied_after_exact_union_and_locked_layer,False
2008-09,101139,1610612762,CJ Miles,full_core,0,0,82,81,72,71,False,False,not_yet_supplied_after_exact_union_and_locked_layer,False
2008-09,101179,1610612762,Ronnie Price,full_core,0,0,82,81,52,51,False,False,not_yet_supplied_after_exact_union_and_locked_layer,False
2008-09,101183,1610612757,Shavlik Randolph,full_core,0,0,82,81,10,9,False,False,not_yet_supplied_after_exact_union_and_locked_layer,False
2008-09,1510,1610612762,Brevin Knight,full_core,0,0,82,81,74,73,False,False,not_yet_supplied_after_exact_union_and_locked_layer,False
2008-09,1723,1610612762,Matt Harpring,full_core,0,0,82,81,63,62,False,False,not_yet_supplied_after_exact_union_and_locked_layer,False
2008-09,1904,1610612742,Devean George,full_core,0,0,82,82,43,42,False,False,not_yet_supplied_after_exact_union_and_locked_layer,False
2008-09,1905,1610612762,Andrei Kirilenko,full_core,0,0,82,81,67,66,False,False,not_yet_supplied_after_exact_union_and_locked_layer,False
2008-09,200746,1610612757,LaMarcus Aldridge,full_core,0,0,82,81,81,80,False,False,not_yet_supplied_after_exact_union_and_locked_layer,False
2008-09,200750,1610612757,Brandon Roy,full_core,0,0,82,81,78,77,False,False,not_yet_supplied_after_exact_union_and_locked_layer,False
2008-09,200758,1610612762,Ronnie Brewer,full_core,0,0,82,81,81,80,False,False,not_yet_supplied_after_exact_union_and_locked_layer,False
2008-09,200771,1610612757,Sergio Rodriguez,full_core,0,0,82,81,80,79,False,False,not_yet_supplied_after_exact_union_and_locked_layer,False
2008-09,200794,1610612762,Paul Millsap,full_core,0,0,82,81,76,75,False,False,not_yet_supplied_after_exact_union_and_locked_layer,False
2008-09,201141,1610612757,Greg Oden,full_core,0,0,82,81,61,60,False,False,not_yet_supplied_after_exact_union_and_locked_layer,False
2008-09,201164,1610612757,Rudy Fernandez,full_core,0,0,82,81,78,78,False,False,not_yet_supplied_after_exact_union_and_locked_layer,False
2008-09,201165,1610612762,Morris Almond,full_core,0,0,82,81,25,25,False,False,not_yet_supplied_after_exact_union_and_locked_layer,False
2008-09,201178,1610612762,Kyrylo Fesenko,full_core,0,0,82,81,21,21,False,False,not_yet_supplied_after_exact_union_and_locked_layer,False
2008-09,201573,1610612757,Jerryd Bayless,full_core,0,0,82,81,53,52,False,False,not_yet_supplied_after_exact_union_and_locked_layer,False
2008-09,201585,1610612762,Kosta Koufos,full_core,0,0,82,81,48,48,False,False,not_yet_supplied_after_exact_union_and_locked_layer,False
2008-09,201587,1610612757,Nicolas Batum,full_core,0,0,82,81,79,78,False,False,not_yet_supplied_after_exact_union_and_locked_layer,False
2008-09,2038,1610612757,Joel Przybilla,full_core,0,0,82,81,82,81,False,False,not_yet_supplied_after_exact_union_and_locked_layer,False
2008-09,2246,1610612762,Mehmet Okur,full_core,0,0,82,81,72,71,False,False,not_yet_supplied_after_exact_union_and_locked_layer,False
2008-09,2260,1610612762,Jarron Collins,full_core,0,0,82,81,26,25,False,False,not_yet_supplied_after_exact_union_and_locked_layer,False
2008-09,2430,1610612762,Carlos Boozer,full_core,0,0,82,81,37,36,False,False,not_yet_supplied_after_exact_union_and_locked_layer,False
2008-09,2566,1610612757,Travis Outlaw,full_core,0,0,82,81,81,80,False,False,not_yet_supplied_after_exact_union_and_locked_layer,False
2008-09,2581,1610612757,Steve Blake,full_core,0,0,82,81,69,68,False,False,not_yet_supplied_after_exact_union_and_locked_layer,False
2008-09,2594,1610612762,Kyle Korver,full_core,0,0,82,81,78,77,False,False,not_yet_supplied_after_exact_union_and_locked_layer,False
2009-10,101106,1610612749,Andrew Bogut,full_core,0,0,82,81,69,68,False,False,not_yet_supplied_after_exact_union_and_locked_layer,False
2009-10,101111,1610612765,Charlie Villanueva,full_core,0,0,82,81,78,77,False,False,not_yet_supplied_after_exact_union_and_locked_layer,False
2009-10,101118,1610612758,Sean May,full_core,0,0,82,81,37,37,False,False,not_yet_supplied_after_exact_union_and_locked_layer,False
2009-10,101128,1610612758,Francisco Garcia,full_core,0,0,82,81,25,24,False,False,not_yet_supplied_after_exact_union_and_locked_layer,False
2009-10,101131,1610612765,Jason Maxiell,full_core,0,0,82,81,76,75,False,False,not_yet_supplied_after_exact_union_and_locked_layer,False
2009-10,101141,1610612749,Ersan Ilyasova,full_core,0,0,82,81,81,80,False,False,not_yet_supplied_after_exact_union_and_locked_layer,False
2009-10,101198,1610612765,Will Bynum,full_core,0,0,82,81,63,62,False,False,not_yet_supplied_after_exact_union_and_locked_layer,False
2009-10,101211,1610612766,Stephen Graham,full_core,0,0,82,82,70,69,False,False,not_yet_supplied_after_exact_union_and_locked_layer,False
2009-10,101214,1610612739,Jawad Williams,full_core,0,0,82,81,54,54,False,False,not_yet_supplied_after_exact_union_and_locked_layer,False
2009-10,1088,1610612765,Chucky Atkins,full_core,0,0,82,81,40,40,False,False,not_yet_supplied_after_exact_union_and_locked_layer,False
2009-10,1112,1610612765,Ben Wallace,full_core,0,0,82,81,69,68,False,False,not_yet_supplied_after_exact_union_and_locked_layer,False
2009-10,1515,1610612739,Anthony Parker,full_core,0,0,82,81,81,80,False,False,not_yet_supplied_after_exact_union_and_locked_layer,False
2009-10,1888,1610612765,Richard Hamilton,full_core,0,0,82,81,46,46,False,False,not_yet_supplied_after_exact_union_and_locked_layer,False
2009-10,1938,1610612759,Manu Ginobili,partial,0,0,82,82,75,75,False,False,not_yet_supplied_after_exact_union_and_locked_layer,False
2009-10,200081,1610612739,Jamario Moon,full_core,0,0,82,81,61,60,False,False,not_yet_supplied_after_exact_union_and_locked_layer,False
2009-10,200789,1610612739,Daniel Gibson,full_core,0,0,82,81,56,55,False,False,not_yet_supplied_after_exact_union_and_locked_layer,False
2009-10,200796,1610612739,Leon Powe,full_core,0,0,82,81,20,20,False,False,not_yet_supplied_after_exact_union_and_locked_layer,False
2009-10,201150,1610612758,Spencer Hawes,full_core,0,0,82,81,72,71,False,False,not_yet_supplied_after_exact_union_and_locked_layer,False
2009-10,201155,1610612765,Rodney Stuckey,full_core,0,0,82,81,73,72,False,False,not_yet_supplied_after_exact_union_and_locked_layer,False
2009-10,201574,1610612758,Jason Thompson,full_core,0,0,82,81,75,74,False,False,not_yet_supplied_after_exact_union_and_locked_layer,False
2009-10,201581,1610612739,JJ Hickson,full_core,0,0,82,81,81,80,False,False,not_yet_supplied_after_exact_union_and_locked_layer,False
2009-10,201590,1610612758,Donte Greene,full_core,0,0,82,81,76,75,False,False,not_yet_supplied_after_exact_union_and_locked_layer,False
2009-10,201601,1610612749,Luc Mbah a Moute,full_core,0,0,82,81,73,72,False,False,not_yet_supplied_after_exact_union_and_locked_layer,False
2009-10,201936,1610612758,Tyreke Evans,full_core,0,0,82,81,72,71,False,False,not_yet_supplied_after_exact_union_and_locked_layer,False
2009-10,201943,1610612749,Brandon Jennings,full_core,0,0,82,81,82,81,False,False,not_yet_supplied_after_exact_union_and_locked_layer,False
2009-10,201948,1610612765,Austin Daye,full_core,0,0,82,81,69,68,False,False,not_yet_supplied_after_exact_union_and_locked_layer,False
2009-10,201956,1610612758,Omri Casspi,full_core,0,0,82,81,77,76,False,False,not_yet_supplied_after_exact_union_and_locked_layer,False
2009-10,201969,1610612765,DaJuan Summers,full_core,0,0,82,81,44,43,False,False,not_yet_supplied_after_exact_union_and_locked_layer,False
2009-10,201972,1610612758,Jon Brockman,full_core,0,0,82,81,52,52,False,False,not_yet_supplied_after_exact_union_and_locked_layer,False
2009-10,201973,1610612765,Jonas Jerebko,full_core,0,0,82,81,80,79,False,False,not_yet_supplied_after_exact_union_and_locked_layer,False
2009-10,201980,1610612739,Danny Green,full_core,0,0,82,81,20,20,False,False,not_yet_supplied_after_exact_union_and_locked_layer,False
2009-10,2072,1610612749,Michael Redd,full_core,0,0,82,81,18,18,False,False,not_yet_supplied_after_exact_union_and_locked_layer,False
2009-10,2198,1610612765,Kwame Brown,full_core,0,0,82,81,48,47,False,False,not_yet_supplied_after_exact_union_and_locked_layer,False
2009-10,2294,1610612749,Charlie Bell,full_core,0,0,82,81,71,71,False,False,not_yet_supplied_after_exact_union_and_locked_layer,False
2009-10,2404,1610612765,Chris Wilcox,full_core,0,0,82,81,34,33,False,False,not_yet_supplied_after_exact_union_and_locked_layer,False
2009-10,2419,1610612765,Tayshaun Prince,full_core,0,0,82,81,49,49,False,False,not_yet_supplied_after_exact_union_and_locked_layer,False
2009-10,2429,1610612749,Dan Gadzuric,full_core,0,0,82,81,32,32,False,False,not_yet_supplied_after_exact_union_and_locked_layer,False
2009-10,2544,1610612739,LeBron James,full_core,0,0,82,81,76,75,False,False,not_yet_supplied_after_exact_union_and_locked_layer,False
2009-10,2557,1610612749,Luke Ridnour,full_core,0,0,82,81,82,81,False,False,not_yet_supplied_after_exact_union_and_locked_layer,False
2009-10,2568,1610612749,Carlos Delfino,full_core,0,0,82,81,75,74,False,False,not_yet_supplied_after_exact_union_and_locked_layer,False
2009-10,2590,1610612739,Mo Williams,full_core,0,0,82,81,69,68,False,False,not_yet_supplied_after_exact_union_and_locked_layer,False
2009-10,2732,1610612765,Ben Gordon,full_core,0,0,82,81,62,61,False,False,not_yet_supplied_after_exact_union_and_locked_layer,False
2009-10,2753,1610612739,Delonte West,full_core,0,0,82,81,60,60,False,False,not_yet_supplied_after_exact_union_and_locked_layer,False
2009-10,2757,1610612758,Beno Udrih,full_core,0,0,82,81,79,78,False,False,not_yet_supplied_after_exact_union_and_locked_layer,False
2009-10,2760,1610612739,Anderson Varejao,full_core,0,0,82,81,76,75,False,False,not_yet_supplied_after_exact_union_and_locked_layer,False
2009-10,2804,1610612758,Andres Nocioni,full_core,0,0,82,81,75,74,False,False,not_yet_supplied_after_exact_union_and_locked_layer,False
2009-10,406,1610612739,Shaquille O'Neal,full_core,0,0,82,81,53,53,False,False,not_yet_supplied_after_exact_union_and_locked_layer,False
2009-10,703,1610612749,Kurt Thomas,full_core,0,0,82,81,70,69,False,False,not_yet_supplied_after_exact_union_and_locked_layer,False
2010-11,101107,1610612737,Marvin Williams,full_core,0,0,82,81,65,64,False,False,not_yet_supplied_after_exact_union_and_locked_layer,False
2010-11,101138,1610612753,Brandon Bass,full_core,0,0,82,81,76,75,False,False,not_yet_supplied_after_exact_union_and_locked_layer,False
2010-11,101150,1610612755,Lou Williams,full_core,0,0,82,81,75,74,False,False,not_yet_supplied_after_exact_union_and_locked_layer,False
2010-11,1499,1610612755,Tony Battie,full_core,0,0,82,81,38,37,False,False,not_yet_supplied_after_exact_union_and_locked_layer,False
2010-11,1882,1610612755,Elton Brand,full_core,0,0,82,81,81,80,False,False,not_yet_supplied_after_exact_union_and_locked_layer,False
2010-11,1899,1610612754,James Posey,full_core,0,0,82,82,49,48,False,False,not_yet_supplied_after_exact_union_and_locked_layer,False
2010-11,200755,1610612753,JJ Redick,full_core,0,0,82,81,59,58,False,False,not_yet_supplied_after_exact_union_and_locked_layer,False
2010-11,201143,1610612737,Al Horford,full_core,0,0,82,81,77,76,False,False,not_yet_supplied_after_exact_union_and_locked_layer,False
2010-11,201144,1610612763,Mike Conley,partial,0,0,82,82,81,81,False,False,not_yet_supplied_after_exact_union_and_locked_layer,False
2010-11,201150,1610612755,Spencer Hawes,full_core,0,0,82,81,81,80,False,False,not_yet_supplied_after_exact_union_and_locked_layer,False
2010-11,201152,1610612755,Thaddeus Young,full_core,0,0,82,81,82,81,False,False,not_yet_supplied_after_exact_union_and_locked_layer,False
2010-11,201202,1610612748,Joel Anthony,full_core,0,0,82,81,75,74,False,False,not_yet_supplied_after_exact_union_and_locked_layer,False
2010-11,201578,1610612755,Marreese Speights,full_core,0,0,82,81,64,63,False,False,not_yet_supplied_after_exact_union_and_locked_layer,False
2010-11,201583,1610612753,Ryan Anderson,full_core,0,0,82,81,64,63,False,False,not_yet_supplied_after_exact_union_and_locked_layer,False
2010-11,201596,1610612748,Mario Chalmers,full_core,0,0,82,81,70,69,False,False,not_yet_supplied_after_exact_union_and_locked_layer,False
2010-11,201950,1610612755,Jrue Holiday,full_core,0,0,82,81,82,81,False,False,not_yet_supplied_after_exact_union_and_locked_layer,False
2010-11,201952,1610612737,Jeff Teague,full_core,0,0,82,81,70,69,False,False,not_yet_supplied_after_exact_union_and_locked_layer,False
2010-11,201975,1610612755,Jodie Meeks,full_core,0,0,82,81,74,73,False,False,not_yet_supplied_after_exact_union_and_locked_layer,False
2010-11,202323,1610612755,Evan Turner,full_core,0,0,82,81,78,77,False,False,not_yet_supplied_after_exact_union_and_locked_layer,False
2010-11,202342,1610612755,Craig Brackins,full_core,0,0,82,81,3,3,False,False,not_yet_supplied_after_exact_union_and_locked_layer,False
2010-11,202354,1610612748,Dexter Pittman,full_core,0,0,82,81,2,2,False,False,not_yet_supplied_after_exact_union_and_locked_layer,False
2010-11,202377,1610612737,Pape Sy,full_core,0,0,82,81,3,3,False,False,not_yet_supplied_after_exact_union_and_locked_layer,False
2010-11,2034,1610612748,Mike Miller,full_core,0,0,82,81,41,41,False,False,not_yet_supplied_after_exact_union_and_locked_layer,False
2010-11,2037,1610612737,Jamal Crawford,full_core,0,0,82,81,76,75,False,False,not_yet_supplied_after_exact_union_and_locked_layer,False
2010-11,2041,1610612737,Etan Thomas,full_core,0,0,82,81,13,13,False,False,not_yet_supplied_after_exact_union_and_locked_layer,False
2010-11,2047,1610612753,Quentin Richardson,full_core,0,0,82,81,57,57,False,False,not_yet_supplied_after_exact_union_and_locked_layer,False
2010-11,2048,1610612748,Jamaal Magloire,full_core,0,0,82,81,18,18,False,False,not_yet_supplied_after_exact_union_and_locked_layer,False
2010-11,2067,1610612748,Eddie House,full_core,0,0,82,81,56,56,False,False,not_yet_supplied_after_exact_union_and_locked_layer,False
2010-11,2124,1610612753,Malik Allen,full_core,0,0,82,81,18,18,False,False,not_yet_supplied_after_exact_union_and_locked_layer,False
2010-11,2207,1610612737,Joe Johnson,full_core,0,0,82,81,72,72,False,False,not_yet_supplied_after_exact_union_and_locked_layer,False
2010-11,2215,1610612737,Jason Collins,full_core,0,0,82,81,49,47,False,False,not_yet_supplied_after_exact_union_and_locked_layer,False
2010-11,2443,1610612755,Darius Songaila,full_core,0,0,82,81,10,10,False,False,not_yet_supplied_after_exact_union_and_locked_layer,False
2010-11,2544,1610612748,LeBron James,full_core,0,0,82,81,79,78,False,False,not_yet_supplied_after_exact_union_and_locked_layer,False
2010-11,2547,1610612748,Chris Bosh,full_core,0,0,82,81,77,76,False,False,not_yet_supplied_after_exact_union_and_locked_layer,False
2010-11,2548,1610612748,Dwyane Wade,full_core,0,0,82,81,76,75,False,False,not_yet_supplied_after_exact_union_and_locked_layer,False
2010-11,2574,1610612755,Jason Kapono,full_core,0,0,82,81,24,23,False,False,not_yet_supplied_after_exact_union_and_locked_layer,False
2010-11,2585,1610612737,Zaza Pachulia,full_core,0,0,82,81,79,78,False,False,not_yet_supplied_after_exact_union_and_locked_layer,False
2010-11,2592,1610612748,James Jones,full_core,0,0,82,81,81,80,False,False,not_yet_supplied_after_exact_union_and_locked_layer,False
2010-11,2617,1610612748,Udonis Haslem,full_core,0,0,82,81,13,13,False,False,not_yet_supplied_after_exact_union_and_locked_layer,False
2010-11,2694,1610612737,Josh Powell,full_core,0,0,82,81,54,53,False,False,not_yet_supplied_after_exact_union_and_locked_layer,False
2010-11,2730,1610612753,Dwight Howard,full_core,0,0,82,81,78,77,False,False,not_yet_supplied_after_exact_union_and_locked_layer,False
2010-11,2738,1610612755,Andre Iguodala,full_core,0,0,82,81,67,66,False,False,not_yet_supplied_after_exact_union_and_locked_layer,False
2010-11,2746,1610612737,Josh Smith,full_core,0,0,82,81,77,76,False,False,not_yet_supplied_after_exact_union_and_locked_layer,False
2010-11,2749,1610612753,Jameer Nelson,full_core,0,0,82,81,76,75,False,False,not_yet_supplied_after_exact_union_and_locked_layer,False
2010-11,2768,1610612753,Chris Duhon,full_core,0,0,82,81,51,51,False,False,not_yet_supplied_after_exact_union_and_locked_layer,False
2010-11,2804,1610612755,Andres Nocioni,full_core,0,0,82,81,54,54,False,False,not_yet_supplied_after_exact_union_and_locked_layer,False
2010-11,436,1610612748,Juwan Howard,full_core,0,0,82,81,57,56,False,False,not_yet_supplied_after_exact_union_and_locked_layer,False
2010-11,980,1610612748,Zydrunas Ilgauskas,full_core,0,0,82,81,72,71,False,False,not_yet_supplied_after_exact_union_and_locked_layer,False
2011-12,201163,1610612743,Wilson Chandler,partial,0,0,66,66,8,8,False,False,not_yet_supplied_after_exact_union_and_locked_layer,False
2011-12,201566,1610612760,Russell Westbrook,partial,0,0,66,66,66,66,False,False,not_yet_supplied_after_exact_union_and_locked_layer,False
2011-12,202715,1610612758,Tyler Honeycutt,full_core,0,0,66,66,15,14,False,False,not_yet_supplied_after_exact_union_and_locked_layer,False
2012-13,101106,1610612744,Andrew Bogut,full_core,0,0,82,81,32,31,False,False,not_yet_supplied_after_exact_union_and_locked_layer,False
2012-13,101107,1610612762,Marvin Williams,full_core,0,0,82,81,73,72,False,False,not_yet_supplied_after_exact_union_and_locked_layer,False
2012-13,101108,1610612746,Chris Paul,full_core,0,0,82,80,70,68,False,False,not_yet_supplied_after_exact_union_and_locked_layer,False
2012-13,101109,1610612752,Raymond Felton,full_core,0,0,82,81,68,68,False,False,not_yet_supplied_after_exact_union_and_locked_layer,False
2012-13,101110,1610612764,Martell Webster,full_core,0,0,82,81,76,76,False,False,not_yet_supplied_after_exact_union_and_locked_layer,False
2012-13,101111,1610612765,Charlie Villanueva,full_core,0,0,82,81,69,68,False,False,not_yet_supplied_after_exact_union_and_locked_layer,False
2012-13,101114,1610612751,Deron Williams,full_core,0,0,82,81,78,77,False,False,not_yet_supplied_after_exact_union_and_locked_layer,False
2012-13,101122,1610612754,Danny Granger,full_core,0,0,81,80,5,5,False,False,not_yet_supplied_after_exact_union_and_locked_layer,False
2012-13,101123,1610612754,Gerald Green,full_core,0,0,81,80,60,59,False,False,not_yet_supplied_after_exact_union_and_locked_layer,False
2012-13,101126,1610612741,Nate Robinson,full_core,0,0,82,81,82,81,False,False,not_yet_supplied_after_exact_union_and_locked_layer,False
2012-13,101127,1610612744,Jarrett Jack,full_core,0,0,82,81,79,78,False,False,not_yet_supplied_after_exact_union_and_locked_layer,False
2012-13,101130,1610612737,Johan Petro,full_core,0,0,82,81,31,30,False,False,not_yet_supplied_after_exact_union_and_locked_layer,False
2012-13,101131,1610612765,Jason Maxiell,full_core,0,0,82,81,72,72,False,False,not_yet_supplied_after_exact_union_and_locked_layer,False
2012-13,101132,1610612761,Linas Kleiza,full_core,0,0,82,81,20,20,False,False,not_yet_supplied_after_exact_union_and_locked_layer,False
2012-13,101133,1610612754,Ian Mahinmi,full_core,0,0,81,80,80,79,False,False,not_yet_supplied_after_exact_union_and_locked_layer,False
2012-13,101135,1610612744,David Lee,full_core,0,0,82,81,79,78,False,False,not_yet_supplied_after_exact_union_and_locked_layer,False
2012-13,101138,1610612738,Brandon Bass,full_core,0,0,81,80,81,80,False,False,not_yet_supplied_after_exact_union_and_locked_layer,False
2012-13,101139,1610612739,CJ Miles,full_core,0,0,82,81,65,65,False,False,not_yet_supplied_after_exact_union_and_locked_layer,False
2012-13,101141,1610612749,Ersan Ilyasova,full_core,0,0,82,81,73,73,False,False,not_yet_supplied_after_exact_union_and_locked_layer,False
2012-13,101142,1610612746,Ronny Turiaf,full_core,0,0,82,80,65,64,False,False,not_yet_supplied_after_exact_union_and_locked_layer,False
2012-13,101145,1610612749,Monta Ellis,full_core,0,0,82,81,82,81,False,False,not_yet_supplied_after_exact_union_and_locked_layer,False
2012-13,101150,1610612737,Lou Williams,full_core,0,0,82,81,39,39,False,False,not_yet_supplied_after_exact_union_and_locked_layer,False
2012-13,101154,1610612751,Andray Blatche,full_core,0,0,82,81,82,81,False,False,not_yet_supplied_after_exact_union_and_locked_layer,False
2012-13,101161,1610612761,Amir Johnson,full_core,0,0,82,81,81,80,False,False,not_yet_supplied_after_exact_union_and_locked_layer,False
2012-13,101162,1610612756,Marcin Gortat,full_core,0,0,82,81,61,61,False,False,not_yet_supplied_after_exact_union_and_locked_layer,False
2012-13,101187,1610612761,Alan Anderson,full_core,0,0,82,81,65,64,False,False,not_yet_supplied_after_exact_union_and_locked_layer,False
2012-13,101198,1610612765,Will Bynum,full_core,0,0,82,81,65,64,False,False,not_yet_supplied_after_exact_union_and_locked_layer,False
2012-13,101236,1610612758,Chuck Hayes,full_core,0,0,82,81,74,74,False,False,not_yet_supplied_after_exact_union_and_locked_layer,False
2012-13,101249,1610612761,John Lucas III,full_core,0,0,82,81,63,62,False,False,not_yet_supplied_after_exact_union_and_locked_layer,False
2012-13,1495,1610612759,Tim Duncan,full_core,0,0,82,81,69,68,False,False,not_yet_supplied_after_exact_union_and_locked_layer,False
2012-13,1497,1610612746,Chauncey Billups,full_core,0,0,82,80,22,20,False,False,not_yet_supplied_after_exact_union_and_locked_layer,False
2012-13,1712,1610612747,Antawn Jamison,full_core,0,0,82,81,76,75,False,False,not_yet_supplied_after_exact_union_and_locked_layer,False
2012-13,1713,1610612742,Vince Carter,full_core,0,0,82,81,81,80,False,False,not_yet_supplied_after_exact_union_and_locked_layer,False
2012-13,1717,1610612742,Dirk Nowitzki,full_core,0,0,82,81,53,52,False,False,not_yet_supplied_after_exact_union_and_locked_layer,False
2012-13,1718,1610612738,Paul Pierce,full_core,0,0,81,80,77,76,False,False,not_yet_supplied_after_exact_union_and_locked_layer,False
2012-13,1733,1610612753,Al Harrington,full_core,0,0,82,81,10,10,False,False,not_yet_supplied_after_exact_union_and_locked_layer,False
2012-13,1737,1610612741,Nazr Mohammed,full_core,0,0,82,81,63,62,False,False,not_yet_supplied_after_exact_union_and_locked_layer,False
2012-13,1740,1610612748,Rashard Lewis,full_core,0,0,82,81,55,54,False,False,not_yet_supplied_after_exact_union_and_locked_layer,False
2012-13,1882,1610612742,Elton Brand,full_core,0,0,82,81,72,71,False,False,not_yet_supplied_after_exact_union_and_locked_layer,False
2012-13,1885,1610612746,Lamar Odom,full_core,0,0,82,80,82,80,False,False,not_yet_supplied_after_exact_union_and_locked_layer,False
2012-13,1888,1610612741,Richard Hamilton,full_core,0,0,82,81,50,49,False,False,not_yet_supplied_after_exact_union_and_locked_layer,False
2012-13,1889,1610612743,Andre Miller,full_core,0,0,82,81,82,81,False,False,not_yet_supplied_after_exact_union_and_locked_layer,False
2012-13,1890,1610612742,Shawn Marion,full_core,0,0,82,81,67,66,False,False,not_yet_supplied_after_exact_union_and_locked_layer,False
2012-13,1891,1610612738,Jason Terry,full_core,0,0,81,80,79,79,False,False,not_yet_supplied_after_exact_union_and_locked_layer,False
2012-13,1894,1610612765,Corey Maggette,full_core,0,0,82,81,18,18,False,False,not_yet_supplied_after_exact_union_and_locked_layer,False
2012-13,1897,1610612747,Metta World Peace,full_core,0,0,82,81,75,74,False,False,not_yet_supplied_after_exact_union_and_locked_layer,False
2012-13,1905,1610612750,Andrei Kirilenko,full_core,0,0,82,81,64,63,False,False,not_yet_supplied_after_exact_union_and_locked_layer,False
2012-13,1938,1610612759,Manu Ginobili,full_core,0,0,82,81,60,59,False,False,not_yet_supplied_after_exact_union_and_locked_layer,False
2012-13,200745,1610612761,Andrea Bargnani,full_core,0,0,82,81,35,35,False,False,not_yet_supplied_after_exact_union_and_locked_layer,False
2012-13,200746,1610612757,LaMarcus Aldridge,full_core,0,0,82,80,74,73,False,False,not_yet_supplied_after_exact_union_and_locked_layer,False
2012-13,200748,1610612766,Tyrus Thomas,full_core,0,0,82,81,26,25,False,False,not_yet_supplied_after_exact_union_and_locked_layer,False
2012-13,200750,1610612750,Brandon Roy,full_core,0,0,82,81,5,5,False,False,not_yet_supplied_after_exact_union_and_locked_layer,False
2012-13,200751,1610612762,Randy Foye,full_core,0,0,82,81,82,81,False,False,not_yet_supplied_after_exact_union_and_locked_layer,False
2012-13,200757,1610612760,Thabo Sefolosha,full_core,0,0,82,81,81,80,False,False,not_yet_supplied_after_exact_union_and_locked_layer,False
2012-13,200765,1610612738,Rajon Rondo,full_core,0,0,81,80,38,38,False,False,not_yet_supplied_after_exact_union_and_locked_layer,False
2012-13,200768,1610612761,Kyle Lowry,full_core,0,0,82,81,68,67,False,False,not_yet_supplied_after_exact_union_and_locked_layer,False
2012-13,200769,1610612756,Shannon Brown,full_core,0,0,82,81,59,58,False,False,not_yet_supplied_after_exact_union_and_locked_layer,False
2012-13,200777,1610612757,Joel Freeland,full_core,0,0,82,80,51,49,False,False,not_yet_supplied_after_exact_union_and_locked_layer,False
2012-13,200778,1610612752,James White,full_core,0,0,82,81,57,56,False,False,not_yet_supplied_after_exact_union_and_locked_layer,False
2012-13,200779,1610612752,Steve Novak,full_core,0,0,82,81,81,80,False,False,not_yet_supplied_after_exact_union_and_locked_layer,False
2012-13,200782,1610612756,PJ Tucker,full_core,0,0,82,81,79,78,False,False,not_yet_supplied_after_exact_union_and_locked_layer,False
2012-13,200789,1610612739,Daniel Gibson,full_core,0,0,82,81,46,46,False,False,not_yet_supplied_after_exact_union_and_locked_layer,False
2012-13,200794,1610612762,Paul Millsap,full_core,0,0,82,81,78,77,False,False,not_yet_supplied_after_exact_union_and_locked_layer,False
2012-13,200797,1610612746,Ryan Hollins,full_core,0,0,82,80,60,58,False,False,not_yet_supplied_after_exact_union_and_locked_layer,False
2012-13,200826,1610612750,J.J. Barea,full_core,0,0,82,81,74,73,False,False,not_yet_supplied_after_exact_union_and_locked_layer,False
2012-13,201142,1610612760,Kevin Durant,full_core,0,0,82,81,81,81,False,False,not_yet_supplied_after_exact_union_and_locked_layer,False
2012-13,201143,1610612737,Al Horford,full_core,0,0,82,81,74,74,False,False,not_yet_supplied_after_exact_union_and_locked_layer,False
2012-13,201144,1610612763,Mike Conley,full_core,0,0,82,81,80,79,False,False,not_yet_supplied_after_exact_union_and_locked_layer,False
2012-13,201145,1610612738,Jeff Green,full_core,0,0,81,80,81,80,False,False,not_yet_supplied_after_exact_union_and_locked_layer,False
2012-13,201147,1610612743,Corey Brewer,full_core,0,0,82,81,82,81,False,False,not_yet_supplied_after_exact_union_and_locked_layer,False
2012-13,201148,1610612742,Brandan Wright,full_core,0,0,82,81,64,63,False,False,not_yet_supplied_after_exact_union_and_locked_layer,False
2012-13,201149,1610612741,Joakim Noah,full_core,0,0,82,81,66,65,False,False,not_yet_supplied_after_exact_union_and_locked_layer,False
2012-13,201150,1610612755,Spencer Hawes,full_core,0,0,82,81,82,81,False,False,not_yet_supplied_after_exact_union_and_locked_layer,False
2012-13,201152,1610612755,Thaddeus Young,full_core,0,0,82,81,76,75,False,False,not_yet_supplied_after_exact_union_and_locked_layer,False
2012-13,201155,1610612765,Rodney Stuckey,full_core,0,0,82,81,76,75,False,False,not_yet_supplied_after_exact_union_and_locked_layer,False
2012-13,201156,1610612755,Nick Young,full_core,0,0,82,81,59,58,False,False,not_yet_supplied_after_exact_union_and_locked_layer,False
2012-13,201158,1610612741,Marco Belinelli,full_core,0,0,82,81,73,72,False,False,not_yet_supplied_after_exact_union_and_locked_layer,False
2012-13,201160,1610612740,Jason Smith,full_core,0,0,82,81,51,51,False,False,not_yet_supplied_after_exact_union_and_locked_layer,False
2012-13,201162,1610612756,Jared Dudley,full_core,0,0,82,81,79,78,False,False,not_yet_supplied_after_exact_union_and_locked_layer,False
2012-13,201163,1610612743,Wilson Chandler,full_core,0,0,82,81,43,42,False,False,not_yet_supplied_after_exact_union_and_locked_layer,False
2012-13,201167,1610612753,Arron Afflalo,full_core,0,0,82,81,64,64,False,False,not_yet_supplied_after_exact_union_and_locked_layer,False
2012-13,201168,1610612759,Tiago Splitter,full_core,0,0,82,81,81,81,False,False,not_yet_supplied_after_exact_union_and_locked_layer,False
2012-13,201171,1610612744,Carl Landry,full_core,0,0,82,81,81,80,False,False,not_yet_supplied_after_exact_union_and_locked_layer,False
2012-13,201175,1610612753,Glen Davis,full_core,0,0,82,81,34,34,False,False,not_yet_supplied_after_exact_union_and_locked_layer,False
2012-13,201188,1610612763,Marc Gasol,full_core,0,0,82,81,80,79,False,False,not_yet_supplied_after_exact_union_and_locked_layer,False
2012-13,201189,1610612761,Aaron Gray,full_core,0,0,82,81,42,41,False,False,not_yet_supplied_after_exact_union_and_locked_layer,False
2012-13,201196,1610612766,Ramon Sessions,full_core,0,0,82,81,61,61,False,False,not_yet_supplied_after_exact_union_and_locked_layer,False
2012-13,201202,1610612748,Joel Anthony,full_core,0,0,82,81,62,61,False,False,not_yet_supplied_after_exact_union_and_locked_layer,False
2012-13,201228,1610612751,C.J. Watson,full_core,0,0,82,81,80,79,False,False,not_yet_supplied_after_exact_union_and_locked_layer,False
2012-13,201229,1610612737,Anthony Tolliver,full_core,0,0,82,81,62,61,False,False,not_yet_supplied_after_exact_union_and_locked_layer,False
2012-13,201274,1610612737,Ivan Johnson,full_core,0,0,82,81,69,68,False,False,not_yet_supplied_after_exact_union_and_locked_layer,False
2012-13,201563,1610612756,Michael Beasley,full_core,0,0,82,81,75,74,False,False,not_yet_supplied_after_exact_union_and_locked_layer,False
2012-13,201564,1610612742,O.J. Mayo,full_core,0,0,82,81,82,81,False,False,not_yet_supplied_after_exact_union_and_locked_layer,False
2012-13,201566,1610612760,Russell Westbrook,full_core,0,0,82,81,82,81,False,False,not_yet_supplied_after_exact_union_and_locked_layer,False
2012-13,201567,1610612750,Kevin Love,full_core,0,0,82,81,18,18,False,False,not_yet_supplied_after_exact_union_and_locked_layer,False
2012-13,201568,1610612743,Danilo Gallinari,full_core,0,0,82,81,71,71,False,False,not_yet_supplied_after_exact_union_and_locked_layer,False
2012-13,201569,1610612740,Eric Gordon,full_core,0,0,82,81,42,41,False,False,not_yet_supplied_after_exact_union_and_locked_layer,False
2012-13,201571,1610612754,D.J. Augustin,full_core,0,0,81,80,76,75,False,False,not_yet_supplied_after_exact_union_and_locked_layer,False
2012-13,201572,1610612751,Brook Lopez,full_core,0,0,82,81,74,73,False,False,not_yet_supplied_after_exact_union_and_locked_layer,False
2012-13,201573,1610612763,Jerryd Bayless,full_core,0,0,82,81,80,79,False,False,not_yet_supplied_after_exact_union_and_locked_layer,False
2012-13,201574,1610612758,Jason Thompson,full_core,0,0,82,81,82,81,False,False,not_yet_supplied_after_exact_union_and_locked_layer,False
2012-13,201575,1610612744,Brandon Rush,full_core,0,0,82,81,2,2,False,False,not_yet_supplied_after_exact_union_and_locked_layer,False
2012-13,201576,1610612743,Anthony Randolph,full_core,0,0,82,81,39,38,False,False,not_yet_supplied_after_exact_union_and_locked_layer,False
2012-13,201577,1610612740,Robin Lopez,full_core,0,0,82,81,82,81,False,False,not_yet_supplied_after_exact_union_and_locked_layer,False
2012-13,201579,1610612754,Roy Hibbert,full_core,0,0,81,80,79,79,False,False,not_yet_supplied_after_exact_union_and_locked_layer,False
2012-13,201580,1610612743,JaVale McGee,full_core,0,0,82,81,79,78,False,False,not_yet_supplied_after_exact_union_and_locked_layer,False
2012-13,201581,1610612757,JJ Hickson,full_core,0,0,82,80,80,78,False,False,not_yet_supplied_after_exact_union_and_locked_layer,False
2012-13,201583,1610612740,Ryan Anderson,full_core,0,0,82,81,81,80,False,False,not_yet_supplied_after_exact_union_and_locked_layer,False
2012-13,201584,1610612738,Courtney Lee,full_core,0,0,81,80,78,77,False,False,not_yet_supplied_after_exact_union_and_locked_layer,False
2012-13,201585,1610612743,Kosta Koufos,full_core,0,0,82,81,81,80,False,False,not_yet_supplied_after_exact_union_and_locked_layer,False
2012-13,201586,1610612760,Serge Ibaka,full_core,0,0,82,81,80,79,False,False,not_yet_supplied_after_exact_union_and_locked_layer,False
2012-13,201587,1610612757,Nicolas Batum,full_core,0,0,82,80,73,73,False,False,not_yet_supplied_after_exact_union_and_locked_layer,False
2012-13,201588,1610612754,George Hill,full_core,0,0,81,80,76,76,False,False,not_yet_supplied_after_exact_union_and_locked_layer,False
2012-13,201589,1610612763,Darrell Arthur,full_core,0,0,82,81,59,58,False,False,not_yet_supplied_after_exact_union_and_locked_layer,False
2012-13,201591,1610612738,DJ White,full_core,0,0,81,80,12,11,False,False,not_yet_supplied_after_exact_union_and_locked_layer,False
2012-13,201593,1610612750,Nikola Pekovic,full_core,0,0,82,81,62,62,False,False,not_yet_supplied_after_exact_union_and_locked_layer,False
2012-13,201596,1610612748,Mario Chalmers,full_core,0,0,82,81,77,77,False,False,not_yet_supplied_after_exact_union_and_locked_layer,False
2012-13,201599,1610612746,DeAndre Jordan,full_core,0,0,82,80,82,80,False,False,not_yet_supplied_after_exact_union_and_locked_layer,False
2012-13,201600,1610612745,Omer Asik,full_core,0,0,82,81,82,81,False,False,not_yet_supplied_after_exact_union_and_locked_layer,False
2012-13,201601,1610612749,Luc Mbah a Moute,full_core,0,0,82,81,58,57,False,False,not_yet_supplied_after_exact_union_and_locked_layer,False
2012-13,201609,1610612756,Goran Dragic,full_core,0,0,82,81,77,77,False,False,not_yet_supplied_after_exact_union_and_locked_layer,False
2012-13,201858,1610612764,Cartier Martin,full_core,0,0,82,81,41,40,False,False,not_yet_supplied_after_exact_union_and_locked_layer,False
2012-13,201880,1610612750,Greg Stiemsma,full_core,0,0,82,81,76,75,False,False,not_yet_supplied_after_exact_union_and_locked_layer,False
2012-13,201933,1610612746,Blake Griffin,full_core,0,0,82,80,80,78,False,False,not_yet_supplied_after_exact_union_and_locked_layer,False
2012-13,201934,1610612760,Hasheem Thabeet,full_core,0,0,82,81,66,65,False,False,not_yet_supplied_after_exact_union_and_locked_layer,False
2012-13,201935,1610612745,James Harden,full_core,0,0,82,81,78,77,False,False,not_yet_supplied_after_exact_union_and_locked_layer,False
2012-13,201936,1610612758,Tyreke Evans,full_core,0,0,82,81,65,65,False,False,not_yet_supplied_after_exact_union_and_locked_layer,False
2012-13,201937,1610612750,Ricky Rubio,full_core,0,0,82,81,57,56,False,False,not_yet_supplied_after_exact_union_and_locked_layer,False
2012-13,201939,1610612744,Stephen Curry,full_core,0,0,82,81,78,77,False,False,not_yet_supplied_after_exact_union_and_locked_layer,False
2012-13,201941,1610612747,Jordan Hill,full_core,0,0,82,81,29,29,False,False,not_yet_supplied_after_exact_union_and_locked_layer,False
2012-13,201942,1610612761,DeMar DeRozan,full_core,0,0,82,81,82,81,False,False,not_yet_supplied_after_exact_union_and_locked_layer,False
2012-13,201943,1610612749,Brandon Jennings,full_core,0,0,82,81,80,79,False,False,not_yet_supplied_after_exact_union_and_locked_layer,False
2012-13,201945,1610612766,Gerald Henderson,full_core,0,0,82,81,68,67,False,False,not_yet_supplied_after_exact_union_and_locked_layer,False
2012-13,201946,1610612754,Tyler Hansbrough,full_core,0,0,81,80,81,80,False,False,not_yet_supplied_after_exact_union_and_locked_layer,False
2012-13,201947,1610612747,Earl Clark,full_core,0,0,82,81,59,57,False,False,not_yet_supplied_after_exact_union_and_locked_layer,False
2012-13,201949,1610612758,James Johnson,full_core,0,0,82,81,54,54,False,False,not_yet_supplied_after_exact_union_and_locked_layer,False
2012-13,201950,1610612755,Jrue Holiday,full_core,0,0,82,81,78,77,False,False,not_yet_supplied_after_exact_union_and_locked_layer,False
2012-13,201951,1610612743,Ty Lawson,full_core,0,0,82,81,73,72,False,False,not_yet_supplied_after_exact_union_and_locked_layer,False
2012-13,201952,1610612737,Jeff Teague,full_core,0,0,82,81,80,80,False,False,not_yet_supplied_after_exact_union_and_locked_layer,False
2012-13,201954,1610612742,Darren Collison,full_core,0,0,82,81,81,80,False,False,not_yet_supplied_after_exact_union_and_locked_layer,False
2012-13,201956,1610612739,Omri Casspi,full_core,0,0,82,81,43,42,False,False,not_yet_supplied_after_exact_union_and_locked_layer,False
2012-13,201957,1610612766,Byron Mullens,full_core,0,0,82,81,53,53,False,False,not_yet_supplied_after_exact_union_and_locked_layer,False
2012-13,201958,1610612742,Rodrigue Beaubois,full_core,0,0,82,81,45,45,False,False,not_yet_supplied_after_exact_union_and_locked_layer,False
2012-13,201959,1610612741,Taj Gibson,full_core,0,0,82,81,65,64,False,False,not_yet_supplied_after_exact_union_and_locked_layer,False
2012-13,201960,1610612762,DeMarre Carroll,full_core,0,0,82,81,66,66,False,False,not_yet_supplied_after_exact_union_and_locked_layer,False
2012-13,201964,1610612757,Victor Claver,full_core,0,0,82,80,49,47,False,False,not_yet_supplied_after_exact_union_and_locked_layer,False
2012-13,201965,1610612754,Jeff Ayres,full_core,0,0,81,80,37,36,False,False,not_yet_supplied_after_exact_union_and_locked_layer,False
2012-13,201967,1610612750,Dante Cunningham,full_core,0,0,82,81,80,79,False,False,not_yet_supplied_after_exact_union_and_locked_layer,False
2012-13,201971,1610612759,DeJuan Blair,full_core,0,0,82,81,61,60,False,False,not_yet_supplied_after_exact_union_and_locked_layer,False
2012-13,201973,1610612765,Jonas Jerebko,full_core,0,0,82,81,49,48,False,False,not_yet_supplied_after_exact_union_and_locked_layer,False
2012-13,201975,1610612747,Jodie Meeks,full_core,0,0,82,81,78,77,False,False,not_yet_supplied_after_exact_union_and_locked_layer,False
2012-13,201977,1610612758,Marcus Thornton,full_core,0,0,82,81,72,71,False,False,not_yet_supplied_after_exact_union_and_locked_layer,False
2012-13,201978,1610612750,Chase Budinger,full_core,0,0,82,81,23,22,False,False,not_yet_supplied_after_exact_union_and_locked_layer,False
2012-13,201980,1610612759,Danny Green,full_core,0,0,82,81,80,79,False,False,not_yet_supplied_after_exact_union_and_locked_layer,False
2012-13,201985,1610612764,AJ Price,full_core,0,0,82,81,57,56,False,False,not_yet_supplied_after_exact_union_and_locked_layer,False
2012-13,201986,1610612759,Nando De Colo,full_core,0,0,82,81,72,71,False,False,not_yet_supplied_after_exact_union_and_locked_layer,False
2012-13,201988,1610612759,Patty Mills,full_core,0,0,82,81,58,57,False,False,not_yet_supplied_after_exact_union_and_locked_layer,False
2012-13,202083,1610612757,Wesley Matthews,full_core,0,0,82,80,69,69,False,False,not_yet_supplied_after_exact_union_and_locked_layer,False
2012-13,202087,1610612739,Alonzo Gee,full_core,0,0,82,81,82,81,False,False,not_yet_supplied_after_exact_union_and_locked_layer,False
2012-13,202130,1610612766,Reggie Williams,full_core,0,0,82,81,40,40,False,False,not_yet_supplied_after_exact_union_and_locked_layer,False
2012-13,202322,1610612764,John Wall,full_core,0,0,82,81,49,48,False,False,not_yet_supplied_after_exact_union_and_locked_layer,False
2012-13,202323,1610612755,Evan Turner,full_core,0,0,82,81,82,81,False,False,not_yet_supplied_after_exact_union_and_locked_layer,False
2012-13,202324,1610612762,Derrick Favors,full_core,0,0,82,81,77,76,False,False,not_yet_supplied_after_exact_union_and_locked_layer,False
2012-13,202325,1610612756,Wesley Johnson,full_core,0,0,82,81,50,49,False,False,not_yet_supplied_after_exact_union_and_locked_layer,False
2012-13,202326,1610612758,DeMarcus Cousins,full_core,0,0,82,81,75,74,False,False,not_yet_supplied_after_exact_union_and_locked_layer,False
2012-13,202327,1610612749,Ekpe Udoh,full_core,0,0,82,81,76,75,False,False,not_yet_supplied_after_exact_union_and_locked_layer,False
2012-13,202328,1610612765,Greg Monroe,full_core,0,0,82,81,81,80,False,False,not_yet_supplied_after_exact_union_and_locked_layer,False
2012-13,202329,1610612740,Al-Farouq Aminu,full_core,0,0,82,81,76,75,False,False,not_yet_supplied_after_exact_union_and_locked_layer,False
2012-13,202330,1610612762,Gordon Hayward,full_core,0,0,82,81,72,71,False,False,not_yet_supplied_after_exact_union_and_locked_layer,False
2012-13,202331,1610612754,Paul George,full_core,0,0,81,80,79,79,False,False,not_yet_supplied_after_exact_union_and_locked_layer,False
2012-13,202333,1610612740,Xavier Henry,full_core,0,0,82,81,50,49,False,False,not_yet_supplied_after_exact_union_and_locked_layer,False
2012-13,202336,1610612749,Larry Sanders,full_core,0,0,82,81,71,71,False,False,not_yet_supplied_after_exact_union_and_locked_layer,False
2012-13,202337,1610612757,Luke Babbitt,full_core,0,0,82,80,62,61,False,False,not_yet_supplied_after_exact_union_and_locked_layer,False
2012-13,202338,1610612764,Kevin Seraphin,full_core,0,0,82,81,79,78,False,False,not_yet_supplied_after_exact_union_and_locked_layer,False
2012-13,202339,1610612746,Eric Bledsoe,full_core,0,0,82,80,76,74,False,False,not_yet_supplied_after_exact_union_and_locked_layer,False
2012-13,202340,1610612738,Avery Bradley,full_core,0,0,81,80,50,49,False,False,not_yet_supplied_after_exact_union_and_locked_layer,False
2012-13,202344,1610612764,Trevor Booker,full_core,0,0,82,81,48,47,False,False,not_yet_supplied_after_exact_union_and_locked_layer,False
2012-13,202347,1610612763,Quincy Pondexter,full_core,0,0,82,81,59,58,False,False,not_yet_supplied_after_exact_union_and_locked_layer,False
2012-13,202349,1610612740,Greivis Vasquez,full_core,0,0,82,81,78,78,False,False,not_yet_supplied_after_exact_union_and_locked_layer,False
2012-13,202350,1610612760,Daniel Orton,full_core,0,0,82,81,13,12,False,False,not_yet_supplied_after_exact_union_and_locked_layer,False
2012-13,202361,1610612761,Landry Fields,full_core,0,0,82,81,51,50,False,False,not_yet_supplied_after_exact_union_and_locked_layer,False
2012-13,202362,1610612754,Lance Stephenson,full_core,0,0,81,80,78,77,False,False,not_yet_supplied_after_exact_union_and_locked_layer,False
2012-13,202365,1610612747,Devin Ebanks,full_core,0,0,82,81,19,19,False,False,not_yet_supplied_after_exact_union_and_locked_layer,False
2012-13,202379,1610612762,Jeremy Evans,full_core,0,0,82,81,37,36,False,False,not_yet_supplied_after_exact_union_and_locked_layer,False
2012-13,202389,1610612743,Timofey Mozgov,full_core,0,0,82,81,40,39,False,False,not_yet_supplied_after_exact_union_and_locked_layer,False
2012-13,202390,1610612759,Gary Neal,full_core,0,0,82,81,68,67,False,False,not_yet_supplied_after_exact_union_and_locked_layer,False
2012-13,202391,1610612745,Jeremy Lin,full_core,0,0,82,81,82,81,False,False,not_yet_supplied_after_exact_union_and_locked_layer,False
2012-13,202498,1610612740,Lance Thomas,full_core,0,0,82,81,59,59,False,False,not_yet_supplied_after_exact_union_and_locked_layer,False
2012-13,202681,1610612739,Kyrie Irving,full_core,0,0,82,81,59,58,False,False,not_yet_supplied_after_exact_union_and_locked_layer,False
2012-13,202682,1610612750,Derrick Williams,full_core,0,0,82,81,78,77,False,False,not_yet_supplied_after_exact_union_and_locked_layer,False
2012-13,202683,1610612762,Enes Kanter,full_core,0,0,82,81,70,70,False,False,not_yet_supplied_after_exact_union_and_locked_layer,False
2012-13,202684,1610612739,Tristan Thompson,full_core,0,0,82,81,82,81,False,False,not_yet_supplied_after_exact_union_and_locked_layer,False
2012-13,202685,1610612761,Jonas Valanciunas,full_core,0,0,82,81,62,61,False,False,not_yet_supplied_after_exact_union_and_locked_layer,False
2012-13,202686,1610612764,Jan Vesely,full_core,0,0,82,81,50,49,False,False,not_yet_supplied_after_exact_union_and_locked_layer,False
2012-13,202687,1610612766,Bismack Biyombo,full_core,0,0,82,81,80,79,False,False,not_yet_supplied_after_exact_union_and_locked_layer,False
2012-13,202688,1610612765,Brandon Knight,full_core,0,0,82,81,75,74,False,False,not_yet_supplied_after_exact_union_and_locked_layer,False
2012-13,202689,1610612766,Kemba Walker,full_core,0,0,82,81,82,81,False,False,not_yet_supplied_after_exact_union_and_locked_layer,False
2012-13,202690,1610612758,Jimmer Fredette,full_core,0,0,82,81,69,68,False,False,not_yet_supplied_after_exact_union_and_locked_layer,False
2012-13,202691,1610612744,Klay Thompson,full_core,0,0,82,81,82,81,False,False,not_yet_supplied_after_exact_union_and_locked_layer,False
2012-13,202692,1610612762,Alec Burks,full_core,0,0,82,81,64,63,False,False,not_yet_supplied_after_exact_union_and_locked_layer,False
2012-13,202693,1610612756,Markieff Morris,full_core,0,0,82,81,82,81,False,False,not_yet_supplied_after_exact_union_and_locked_layer,False
2012-13,202695,1610612759,Kawhi Leonard,full_core,0,0,82,81,58,57,False,False,not_yet_supplied_after_exact_union_and_locked_layer,False
2012-13,202696,1610612753,Nikola Vucevic,full_core,0,0,82,81,77,76,False,False,not_yet_supplied_after_exact_union_and_locked_layer,False
2012-13,202697,1610612752,Iman Shumpert,full_core,0,0,82,81,45,44,False,False,not_yet_supplied_after_exact_union_and_locked_layer,False
2012-13,202698,1610612764,Chris Singleton,full_core,0,0,82,81,57,56,False,False,not_yet_supplied_after_exact_union_and_locked_layer,False
2012-13,202700,1610612745,Donatas Motiejunas,full_core,0,0,82,81,44,44,False,False,not_yet_supplied_after_exact_union_and_locked_layer,False
2012-13,202701,1610612757,Nolan Smith,full_core,0,0,82,80,40,40,False,False,not_yet_supplied_after_exact_union_and_locked_layer,False
2012-13,202702,1610612743,Kenneth Faried,full_core,0,0,82,81,80,80,False,False,not_yet_supplied_after_exact_union_and_locked_layer,False
2012-13,202704,1610612760,Reggie Jackson,full_core,0,0,82,81,70,69,False,False,not_yet_supplied_after_exact_union_and_locked_layer,False
2012-13,202705,1610612751,MarShon Brooks,full_core,0,0,82,81,73,72,False,False,not_yet_supplied_after_exact_union_and_locked_layer,False
2012-13,202706,1610612743,Jordan Hamilton,full_core,0,0,82,81,40,39,False,False,not_yet_supplied_after_exact_union_and_locked_layer,False
2012-13,202708,1610612748,Norris Cole,full_core,0,0,82,81,80,79,False,False,not_yet_supplied_after_exact_union_and_locked_layer,False
2012-13,202709,1610612759,Cory Joseph,full_core,0,0,82,81,28,27,False,False,not_yet_supplied_after_exact_union_and_locked_layer,False
2012-13,202710,1610612741,Jimmy Butler,full_core,0,0,82,81,82,81,False,False,not_yet_supplied_after_exact_union_and_locked_layer,False
2012-13,202713,1610612765,Kyle Singler,full_core,0,0,82,81,82,81,False,False,not_yet_supplied_after_exact_union_and_locked_layer,False
2012-13,202718,1610612745,Chandler Parsons,full_core,0,0,82,81,76,75,False,False,not_yet_supplied_after_exact_union_and_locked_layer,False
2012-13,202721,1610612747,Darius Morris,full_core,0,0,82,81,48,47,False,False,not_yet_supplied_after_exact_union_and_locked_layer,False
2012-13,202723,1610612750,Malcolm Lee,full_core,0,0,82,81,16,16,False,False,not_yet_supplied_after_exact_union_and_locked_layer,False
2012-13,202730,1610612755,Lavoy Allen,full_core,0,0,82,81,79,78,False,False,not_yet_supplied_after_exact_union_and_locked_layer,False
2012-13,202732,1610612760,DeAndre Liggins,full_core,0,0,82,81,39,38,False,False,not_yet_supplied_after_exact_union_and_locked_layer,False
2012-13,202734,1610612753,E'Twaun Moore,full_core,0,0,82,81,75,74,False,False,not_yet_supplied_after_exact_union_and_locked_layer,False
2012-13,202738,1610612758,Isaiah Thomas,full_core,0,0,82,81,79,78,False,False,not_yet_supplied_after_exact_union_and_locked_layer,False
2012-13,202933,1610612743,Julyan Stone,full_core,0,0,82,81,4,4,False,False,not_yet_supplied_after_exact_union_and_locked_layer,False
2012-13,202962,1610612745,Greg Smith,full_core,0,0,82,81,70,69,False,False,not_yet_supplied_after_exact_union_and_locked_layer,False
2012-13,203076,1610612740,Anthony Davis,full_core,0,0,82,81,64,64,False,False,not_yet_supplied_after_exact_union_and_locked_layer,False
2012-13,203077,1610612766,Michael Kidd-Gilchrist,full_core,0,0,82,81,78,77,False,False,not_yet_supplied_after_exact_union_and_locked_layer,False
2012-13,203078,1610612764,Bradley Beal,full_core,0,0,82,81,56,56,False,False,not_yet_supplied_after_exact_union_and_locked_layer,False
2012-13,203079,1610612739,Dion Waiters,full_core,0,0,82,81,61,60,False,False,not_yet_supplied_after_exact_union_and_locked_layer,False
2012-13,203081,1610612757,Damian Lillard,full_core,0,0,82,80,82,80,False,False,not_yet_supplied_after_exact_union_and_locked_layer,False
2012-13,203082,1610612761,Terrence Ross,full_core,0,0,82,81,73,73,False,False,not_yet_supplied_after_exact_union_and_locked_layer,False
2012-13,203083,1610612765,Andre Drummond,full_core,0,0,82,81,60,59,False,False,not_yet_supplied_after_exact_union_and_locked_layer,False
2012-13,203084,1610612744,Harrison Barnes,full_core,0,0,82,81,81,80,False,False,not_yet_supplied_after_exact_union_and_locked_layer,False
2012-13,203085,1610612740,Austin Rivers,full_core,0,0,82,81,61,61,False,False,not_yet_supplied_after_exact_union_and_locked_layer,False
2012-13,203086,1610612757,Meyers Leonard,full_core,0,0,82,80,69,67,False,False,not_yet_supplied_after_exact_union_and_locked_layer,False
2012-13,203087,1610612760,Jeremy Lamb,full_core,0,0,82,81,23,22,False,False,not_yet_supplied_after_exact_union_and_locked_layer,False
2012-13,203088,1610612756,Kendall Marshall,full_core,0,0,82,81,48,47,False,False,not_yet_supplied_after_exact_union_and_locked_layer,False
2012-13,203089,1610612749,John Henson,full_core,0,0,82,81,63,62,False,False,not_yet_supplied_after_exact_union_and_locked_layer,False
2012-13,203090,1610612753,Maurice Harkless,full_core,0,0,82,81,76,75,False,False,not_yet_supplied_after_exact_union_and_locked_layer,False
2012-13,203092,1610612739,Tyler Zeller,full_core,0,0,82,81,77,76,False,False,not_yet_supplied_after_exact_union_and_locked_layer,False
2012-13,203093,1610612745,Terrence Jones,full_core,0,0,82,81,19,18,False,False,not_yet_supplied_after_exact_union_and_locked_layer,False
2012-13,203094,1610612753,Andrew Nicholson,full_core,0,0,82,81,75,74,False,False,not_yet_supplied_after_exact_union_and_locked_layer,False
2012-13,203095,1610612743,Evan Fournier,full_core,0,0,82,81,38,37,False,False,not_yet_supplied_after_exact_union_and_locked_layer,False
2012-13,203096,1610612738,Jared Sullinger,full_core,0,0,81,80,45,45,False,False,not_yet_supplied_after_exact_union_and_locked_layer,False
2012-13,203097,1610612738,Fab Melo,full_core,0,0,81,80,6,5,False,False,not_yet_supplied_after_exact_union_and_locked_layer,False
2012-13,203098,1610612737,John Jenkins,full_core,0,0,82,81,61,60,False,False,not_yet_supplied_after_exact_union_and_locked_layer,False
2012-13,203099,1610612742,Jared Cunningham,full_core,0,0,82,81,8,8,False,False,not_yet_supplied_after_exact_union_and_locked_layer,False
2012-13,203100,1610612763,Tony Wroten,full_core,0,0,82,81,35,35,False,False,not_yet_supplied_after_exact_union_and_locked_layer,False
2012-13,203101,1610612754,Miles Plumlee,full_core,0,0,81,80,14,13,False,False,not_yet_supplied_after_exact_union_and_locked_layer,False
2012-13,203102,1610612755,Arnett Moultrie,full_core,0,0,82,81,47,46,False,False,not_yet_supplied_after_exact_union_and_locked_layer,False
2012-13,203103,1610612760,Perry Jones III,full_core,0,0,82,81,38,37,False,False,not_yet_supplied_after_exact_union_and_locked_layer,False
2012-13,203104,1610612741,Marquis Teague,full_core,0,0,82,81,48,48,False,False,not_yet_supplied_after_exact_union_and_locked_layer,False
2012-13,203105,1610612744,Festus Ezeli,full_core,0,0,82,81,78,77,False,False,not_yet_supplied_after_exact_union_and_locked_layer,False
2012-13,203106,1610612766,Jeffery Taylor,full_core,0,0,82,81,77,76,False,False,not_yet_supplied_after_exact_union_and_locked_layer,False
2012-13,203108,1610612742,Bernard James,full_core,0,0,82,81,46,45,False,False,not_yet_supplied_after_exact_union_and_locked_layer,False
2012-13,203109,1610612742,Jae Crowder,full_core,0,0,82,81,78,77,False,False,not_yet_supplied_after_exact_union_and_locked_layer,False
2012-13,203110,1610612744,Draymond Green,full_core,0,0,82,81,79,79,False,False,not_yet_supplied_after_exact_union_and_locked_layer,False
2012-13,203111,1610612754,Orlando Johnson,full_core,0,0,81,80,51,50,False,False,not_yet_supplied_after_exact_union_and_locked_layer,False
2012-13,203112,1610612761,Quincy Acy,full_core,0,0,82,81,29,28,False,False,not_yet_supplied_after_exact_union_and_locked_layer,False
2012-13,203113,1610612743,Quincy Miller,full_core,0,0,82,81,7,6,False,False,not_yet_supplied_after_exact_union_and_locked_layer,False
2012-13,203114,1610612765,Khris Middleton,full_core,0,0,82,81,27,26,False,False,not_yet_supplied_after_exact_union_and_locked_layer,False
2012-13,203115,1610612757,Will Barton,full_core,0,0,82,80,73,71,False,False,not_yet_supplied_after_exact_union_and_locked_layer,False
2012-13,203116,1610612751,Tyshawn Taylor,full_core,0,0,82,81,38,37,False,False,not_yet_supplied_after_exact_union_and_locked_layer,False
2012-13,203118,1610612737,Mike Scott,full_core,0,0,82,81,40,39,False,False,not_yet_supplied_after_exact_union_and_locked_layer,False
2012-13,203119,1610612765,Kim English,full_core,0,0,82,81,41,40,False,False,not_yet_supplied_after_exact_union_and_locked_layer,False
2012-13,203121,1610612740,Darius Miller,full_core,0,0,82,81,52,51,False,False,not_yet_supplied_after_exact_union_and_locked_layer,False
2012-13,203122,1610612762,Kevin Murphy,full_core,0,0,82,81,17,17,False,False,not_yet_supplied_after_exact_union_and_locked_layer,False
2012-13,203124,1610612753,Kyle O'Quinn,full_core,0,0,82,81,57,56,False,False,not_yet_supplied_after_exact_union_and_locked_layer,False
2012-13,203129,1610612751,Tornike Shengelia,full_core,0,0,82,81,19,19,False,False,not_yet_supplied_after_exact_union_and_locked_layer,False
2012-13,203135,1610612747,Robert Sacre,full_core,0,0,82,81,32,32,False,False,not_yet_supplied_after_exact_union_and_locked_layer,False
2012-13,203139,1610612765,Viacheslav Kravtsov,full_core,0,0,82,81,25,24,False,False,not_yet_supplied_after_exact_union_and_locked_layer,False
2012-13,203141,1610612751,Mirza Teletovic,full_core,0,0,82,81,53,52,False,False,not_yet_supplied_after_exact_union_and_locked_layer,False
2012-13,203142,1610612752,Chris Copeland,full_core,0,0,82,81,56,55,False,False,not_yet_supplied_after_exact_union_and_locked_layer,False
2012-13,203143,1610612752,Pablo Prigioni,full_core,0,0,82,81,78,77,False,False,not_yet_supplied_after_exact_union_and_locked_layer,False
2012-13,203144,1610612750,Alexey Shved,full_core,0,0,82,81,77,76,False,False,not_yet_supplied_after_exact_union_and_locked_layer,False
2012-13,203145,1610612744,Kent Bazemore,full_core,0,0,82,81,61,60,False,False,not_yet_supplied_after_exact_union_and_locked_layer,False
2012-13,203148,1610612740,Brian Roberts,full_core,0,0,82,81,78,77,False,False,not_yet_supplied_after_exact_union_and_locked_layer,False
2012-13,203162,1610612754,Ben Hansbrough,full_core,0,0,81,80,28,27,False,False,not_yet_supplied_after_exact_union_and_locked_layer,False
2012-13,203197,1610612756,Diante Garrett,full_core,0,0,82,81,19,18,False,False,not_yet_supplied_after_exact_union_and_locked_layer,False
2012-13,203199,1610612753,DeQuan Jones,full_core,0,0,82,81,63,62,False,False,not_yet_supplied_after_exact_union_and_locked_layer,False
2012-13,2034,1610612748,Mike Miller,full_core,0,0,82,81,59,58,False,False,not_yet_supplied_after_exact_union_and_locked_layer,False
2012-13,2037,1610612746,Jamal Crawford,full_core,0,0,82,80,76,74,False,False,not_yet_supplied_after_exact_union_and_locked_layer,False
2012-13,2038,1610612749,Joel Przybilla,full_core,0,0,82,81,12,12,False,False,not_yet_supplied_after_exact_union_and_locked_layer,False
2012-13,2045,1610612753,Hedo Turkoglu,full_core,0,0,82,81,11,11,False,False,not_yet_supplied_after_exact_union_and_locked_layer,False
2012-13,2052,1610612737,DeShawn Stevenson,full_core,0,0,82,81,56,55,False,False,not_yet_supplied_after_exact_union_and_locked_layer,False
2012-13,2198,1610612755,Kwame Brown,full_core,0,0,82,81,22,22,False,False,not_yet_supplied_after_exact_union_and_locked_layer,False
2012-13,2199,1610612752,Tyson Chandler,full_core,0,0,82,81,66,66,False,False,not_yet_supplied_after_exact_union_and_locked_layer,False
2012-13,2200,1610612747,Pau Gasol,full_core,0,0,82,81,49,48,False,False,not_yet_supplied_after_exact_union_and_locked_layer,False
2012-13,2202,1610612755,Jason Richardson,full_core,0,0,82,81,33,33,False,False,not_yet_supplied_after_exact_union_and_locked_layer,False
2012-13,2203,1610612748,Shane Battier,full_core,0,0,82,81,72,71,False,False,not_yet_supplied_after_exact_union_and_locked_layer,False
2012-13,2205,1610612766,DeSagana Diop,full_core,0,0,82,81,22,22,False,False,not_yet_supplied_after_exact_union_and_locked_layer,False
2012-13,2207,1610612751,Joe Johnson,full_core,0,0,82,81,72,71,False,False,not_yet_supplied_after_exact_union_and_locked_layer,False
2012-13,2209,1610612741,Vladimir Radmanovic,full_core,0,0,82,81,25,25,False,False,not_yet_supplied_after_exact_union_and_locked_layer,False
2012-13,2210,1610612744,Richard Jefferson,full_core,0,0,82,81,56,55,False,False,not_yet_supplied_after_exact_union_and_locked_layer,False
2012-13,2216,1610612763,Zach Randolph,full_core,0,0,82,81,76,75,False,False,not_yet_supplied_after_exact_union_and_locked_layer,False
2012-13,2217,1610612766,Brendan Haywood,full_core,0,0,82,81,61,61,False,False,not_yet_supplied_after_exact_union_and_locked_layer,False
2012-13,2222,1610612751,Gerald Wallace,full_core,0,0,82,81,69,68,False,False,not_yet_supplied_after_exact_union_and_locked_layer,False
2012-13,2223,1610612749,Samuel Dalembert,full_core,0,0,82,81,47,47,False,False,not_yet_supplied_after_exact_union_and_locked_layer,False
2012-13,2224,1610612762,Jamaal Tinsley,full_core,0,0,82,81,66,65,False,False,not_yet_supplied_after_exact_union_and_locked_layer,False
2012-13,2225,1610612759,Tony Parker,full_core,0,0,82,81,66,65,False,False,not_yet_supplied_after_exact_union_and_locked_layer,False
2012-13,2248,1610612762,Earl Watson,full_core,0,0,82,81,48,48,False,False,not_yet_supplied_after_exact_union_and_locked_layer,False
2012-13,2399,1610612749,Mike Dunleavy,full_core,0,0,82,81,75,74,False,False,not_yet_supplied_after_exact_union_and_locked_layer,False
2012-13,2400,1610612749,Drew Gooden,full_core,0,0,82,81,16,16,False,False,not_yet_supplied_after_exact_union_and_locked_layer,False
2012-13,2403,1610612764,Nene,full_core,0,0,82,81,61,61,False,False,not_yet_supplied_after_exact_union_and_locked_layer,False
2012-13,2404,1610612738,Chris Wilcox,full_core,0,0,81,80,61,60,False,False,not_yet_supplied_after_exact_union_and_locked_layer,False
2012-13,2405,1610612752,Amar'e Stoudemire,full_core,0,0,82,81,29,29,False,False,not_yet_supplied_after_exact_union_and_locked_layer,False
2012-13,2406,1610612746,Caron Butler,full_core,0,0,82,80,78,76,False,False,not_yet_supplied_after_exact_union_and_locked_layer,False
2012-13,2407,1610612757,Jared Jeffries,full_core,0,0,82,80,38,38,False,False,not_yet_supplied_after_exact_union_and_locked_layer,False
2012-13,2422,1610612758,John Salmons,full_core,0,0,82,81,76,75,False,False,not_yet_supplied_after_exact_union_and_locked_layer,False
2012-13,2427,1610612740,Roger Mason Jr.,full_core,0,0,82,81,69,68,False,False,not_yet_supplied_after_exact_union_and_locked_layer,False
2012-13,2430,1610612741,Carlos Boozer,full_core,0,0,82,81,79,78,False,False,not_yet_supplied_after_exact_union_and_locked_layer,False
2012-13,2440,1610612746,Matt Barnes,full_core,0,0,82,80,80,78,False,False,not_yet_supplied_after_exact_union_and_locked_layer,False
2012-13,2449,1610612756,Luis Scola,full_core,0,0,82,81,82,81,False,False,not_yet_supplied_after_exact_union_and_locked_layer,False
2012-13,2501,1610612751,Reggie Evans,full_core,0,0,82,81,80,79,False,False,not_yet_supplied_after_exact_union_and_locked_layer,False
2012-13,2544,1610612748,LeBron James,full_core,0,0,82,81,76,76,False,False,not_yet_supplied_after_exact_union_and_locked_layer,False
2012-13,2546,1610612752,Carmelo Anthony,full_core,0,0,82,81,67,67,False,False,not_yet_supplied_after_exact_union_and_locked_layer,False
2012-13,2547,1610612748,Chris Bosh,full_core,0,0,82,81,74,74,False,False,not_yet_supplied_after_exact_union_and_locked_layer,False
2012-13,2548,1610612748,Dwyane Wade,full_core,0,0,82,81,69,68,False,False,not_yet_supplied_after_exact_union_and_locked_layer,False
2012-13,2549,1610612742,Chris Kaman,full_core,0,0,82,81,66,65,False,False,not_yet_supplied_after_exact_union_and_locked_layer,False
2012-13,255,1610612746,Grant Hill,full_core,0,0,82,80,29,28,False,False,not_yet_supplied_after_exact_union_and_locked_layer,False
2012-13,2550,1610612741,Kirk Hinrich,full_core,0,0,82,81,60,59,False,False,not_yet_supplied_after_exact_union_and_locked_layer,False
2012-13,2555,1610612760,Nick Collison,full_core,0,0,82,81,81,81,False,False,not_yet_supplied_after_exact_union_and_locked_layer,False
2012-13,2557,1610612750,Luke Ridnour,full_core,0,0,82,81,82,81,False,False,not_yet_supplied_after_exact_union_and_locked_layer,False
2012-13,2561,1610612754,David West,full_core,0,0,81,80,73,73,False,False,not_yet_supplied_after_exact_union_and_locked_layer,False
2012-13,2562,1610612757,Sasha Pavlovic,full_core,0,0,82,80,39,37,False,False,not_yet_supplied_after_exact_union_and_locked_layer,False
2012-13,2564,1610612759,Boris Diaw,full_core,0,0,82,81,75,75,False,False,not_yet_supplied_after_exact_union_and_locked_layer,False
2012-13,2566,1610612758,Travis Outlaw,full_core,0,0,82,81,38,37,False,False,not_yet_supplied_after_exact_union_and_locked_layer,False
2012-13,2568,1610612745,Carlos Delfino,full_core,0,0,82,81,67,66,False,False,not_yet_supplied_after_exact_union_and_locked_layer,False
2012-13,2570,1610612760,Kendrick Perkins,full_core,0,0,82,81,78,78,False,False,not_yet_supplied_after_exact_union_and_locked_layer,False
2012-13,2575,1610612739,Luke Walton,full_core,0,0,82,81,50,50,False,False,not_yet_supplied_after_exact_union_and_locked_layer,False
2012-13,2581,1610612747,Steve Blake,full_core,0,0,82,81,45,44,False,False,not_yet_supplied_after_exact_union_and_locked_layer,False
2012-13,2584,1610612746,Willie Green,full_core,0,0,82,80,72,71,False,False,not_yet_supplied_after_exact_union_and_locked_layer,False
2012-13,2585,1610612737,Zaza Pachulia,full_core,0,0,82,81,52,52,False,False,not_yet_supplied_after_exact_union_and_locked_layer,False
2012-13,2586,1610612751,Keith Bogans,full_core,0,0,82,81,74,73,False,False,not_yet_supplied_after_exact_union_and_locked_layer,False
2012-13,2588,1610612759,Matt Bonner,full_core,0,0,82,81,68,67,False,False,not_yet_supplied_after_exact_union_and_locked_layer,False
2012-13,2590,1610612762,Mo Williams,full_core,0,0,82,81,46,45,False,False,not_yet_supplied_after_exact_union_and_locked_layer,False
2012-13,2592,1610612748,James Jones,full_core,0,0,82,81,38,37,False,False,not_yet_supplied_after_exact_union_and_locked_layer,False
2012-13,2594,1610612737,Kyle Korver,full_core,0,0,82,81,74,74,False,False,not_yet_supplied_after_exact_union_and_locked_layer,False
2012-13,2605,1610612749,Marquis Daniels,full_core,0,0,82,81,59,58,False,False,not_yet_supplied_after_exact_union_and_locked_layer,False
2012-13,2617,1610612748,Udonis Haslem,full_core,0,0,82,81,75,74,False,False,not_yet_supplied_after_exact_union_and_locked_layer,False
2012-13,2730,1610612747,Dwight Howard,full_core,0,0,82,81,76,75,False,False,not_yet_supplied_after_exact_union_and_locked_layer,False
2012-13,2731,1610612764,Emeka Okafor,full_core,0,0,82,81,79,79,False,False,not_yet_supplied_after_exact_union_and_locked_layer,False
2012-13,2732,1610612766,Ben Gordon,full_core,0,0,82,81,75,74,False,False,not_yet_supplied_after_exact_union_and_locked_layer,False
2012-13,2734,1610612737,Devin Harris,full_core,0,0,82,81,58,58,False,False,not_yet_supplied_after_exact_union_and_locked_layer,False
2012-13,2736,1610612741,Luol Deng,full_core,0,0,82,81,75,74,False,False,not_yet_supplied_after_exact_union_and_locked_layer,False
2012-13,2738,1610612743,Andre Iguodala,full_core,0,0,82,81,80,79,False,False,not_yet_supplied_after_exact_union_and_locked_layer,False
2012-13,2740,1610612744,Andris Biedrins,full_core,0,0,82,81,53,53,False,False,not_yet_supplied_after_exact_union_and_locked_layer,False
2012-13,2743,1610612751,Kris Humphries,full_core,0,0,82,81,65,64,False,False,not_yet_supplied_after_exact_union_and_locked_layer,False
2012-13,2744,1610612762,Al Jefferson,full_core,0,0,82,81,78,77,False,False,not_yet_supplied_after_exact_union_and_locked_layer,False
2012-13,2746,1610612737,Josh Smith,full_core,0,0,82,81,76,76,False,False,not_yet_supplied_after_exact_union_and_locked_layer,False
2012-13,2747,1610612752,JR Smith,full_core,0,0,82,81,80,80,False,False,not_yet_supplied_after_exact_union_and_locked_layer,False
2012-13,2748,1610612755,Dorell Wright,full_core,0,0,82,81,79,78,False,False,not_yet_supplied_after_exact_union_and_locked_layer,False
2012-13,2749,1610612753,Jameer Nelson,full_core,0,0,82,81,56,56,False,False,not_yet_supplied_after_exact_union_and_locked_layer,False
2012-13,2754,1610612763,Tony Allen,full_core,0,0,82,81,79,78,False,False,not_yet_supplied_after_exact_union_and_locked_layer,False
2012-13,2755,1610612760,Kevin Martin,full_core,0,0,82,81,77,77,False,False,not_yet_supplied_after_exact_union_and_locked_layer,False
2012-13,2760,1610612739,Anderson Varejao,full_core,0,0,82,81,25,25,False,False,not_yet_supplied_after_exact_union_and_locked_layer,False
2012-13,2767,1610612755,Royal Ivey,full_core,0,0,82,81,53,53,False,False,not_yet_supplied_after_exact_union_and_locked_layer,False
2012-13,2768,1610612747,Chris Duhon,full_core,0,0,82,81,46,46,False,False,not_yet_supplied_after_exact_union_and_locked_layer,False
2012-13,2772,1610612764,Trevor Ariza,full_core,0,0,82,81,56,56,False,False,not_yet_supplied_after_exact_union_and_locked_layer,False
2012-13,2863,1610612755,Damien Wilkins,full_core,0,0,82,81,61,60,False,False,not_yet_supplied_after_exact_union_and_locked_layer,False
2012-13,467,1610612752,Jason Kidd,full_core,0,0,82,81,76,76,False,False,not_yet_supplied_after_exact_union_and_locked_layer,False
2012-13,708,1610612738,Kevin Garnett,full_core,0,0,81,80,68,68,False,False,not_yet_supplied_after_exact_union_and_locked_layer,False
2012-13,711,1610612751,Jerry Stackhouse,full_core,0,0,82,81,37,36,False,False,not_yet_supplied_after_exact_union_and_locked_layer,False
2012-13,739,1610612752,Rasheed Wallace,full_core,0,0,82,81,21,21,False,False,not_yet_supplied_after_exact_union_and_locked_layer,False
2012-13,948,1610612752,Marcus Camby,full_core,0,0,82,81,24,24,False,False,not_yet_supplied_after_exact_union_and_locked_layer,False
2012-13,951,1610612748,Ray Allen,full_core,0,0,82,81,79,78,False,False,not_yet_supplied_after_exact_union_and_locked_layer,False
2012-13,959,1610612747,Steve Nash,full_core,0,0,82,81,50,50,False,False,not_yet_supplied_after_exact_union_and_locked_layer,False
2012-13,977,1610612747,Kobe Bryant,full_core,0,0,82,81,78,78,False,False,not_yet_supplied_after_exact_union_and_locked_layer,False
2012-13,979,1610612756,Jermaine O'Neal,full_core,0,0,82,81,55,55,False,False,not_yet_supplied_after_exact_union_and_locked_layer,False
2013-14,101110,1610612764,Martell Webster,full_core,0,0,82,81,78,77,False,False,not_yet_supplied_after_exact_union_and_locked_layer,False
2013-14,101161,1610612761,Amir Johnson,full_core,0,0,82,81,77,76,False,False,not_yet_supplied_after_exact_union_and_locked_layer,False
2013-14,101162,1610612764,Marcin Gortat,full_core,0,0,82,81,81,80,False,False,not_yet_supplied_after_exact_union_and_locked_layer,False
2013-14,1733,1610612764,Al Harrington,full_core,0,0,82,81,34,33,False,False,not_yet_supplied_after_exact_union_and_locked_layer,False
2013-14,200768,1610612761,Kyle Lowry,full_core,0,0,82,81,79,78,False,False,not_yet_supplied_after_exact_union_and_locked_layer,False
2013-14,200779,1610612761,Steve Novak,full_core,0,0,82,81,54,53,False,False,not_yet_supplied_after_exact_union_and_locked_layer,False
2013-14,201942,1610612761,DeMar DeRozan,full_core,0,0,82,81,79,78,False,False,not_yet_supplied_after_exact_union_and_locked_layer,False
2013-14,201946,1610612761,Tyler Hansbrough,full_core,0,0,82,81,64,63,False,False,not_yet_supplied_after_exact_union_and_locked_layer,False
2013-14,202066,1610612764,Garrett Temple,full_core,0,0,82,81,75,74,False,False,not_yet_supplied_after_exact_union_and_locked_layer,False
2013-14,202322,1610612764,John Wall,full_core,0,0,82,81,82,81,False,False,not_yet_supplied_after_exact_union_and_locked_layer,False
2013-14,202338,1610612764,Kevin Seraphin,full_core,0,0,82,81,53,53,False,False,not_yet_supplied_after_exact_union_and_locked_layer,False
2013-14,202344,1610612764,Trevor Booker,full_core,0,0,82,81,72,71,False,False,not_yet_supplied_after_exact_union_and_locked_layer,False
2013-14,202361,1610612761,Landry Fields,full_core,0,0,82,81,30,29,False,False,not_yet_supplied_after_exact_union_and_locked_layer,False
2013-14,202685,1610612761,Jonas Valanciunas,full_core,0,0,82,81,81,80,False,False,not_yet_supplied_after_exact_union_and_locked_layer,False
2013-14,202698,1610612764,Chris Singleton,full_core,0,0,82,81,25,24,False,False,not_yet_supplied_after_exact_union_and_locked_layer,False
2013-14,202779,1610612761,Dwight Buycks,full_core,0,0,82,81,14,14,False,False,not_yet_supplied_after_exact_union_and_locked_layer,False
2013-14,202933,1610612761,Julyan Stone,full_core,0,0,82,81,21,21,False,False,not_yet_supplied_after_exact_union_and_locked_layer,False
2013-14,203078,1610612764,Bradley Beal,full_core,0,0,82,81,73,72,False,False,not_yet_supplied_after_exact_union_and_locked_layer,False
2013-14,203082,1610612761,Terrence Ross,full_core,0,0,82,81,81,80,False,False,not_yet_supplied_after_exact_union_and_locked_layer,False
2013-14,203318,1610612764,Glen Rice,full_core,0,0,82,81,11,11,False,False,not_yet_supplied_after_exact_union_and_locked_layer,False
2013-14,203490,1610612764,Otto Porter Jr.,full_core,0,0,82,81,37,37,False,False,not_yet_supplied_after_exact_union_and_locked_layer,False
2013-14,2403,1610612764,Nene,full_core,0,0,82,81,53,53,False,False,not_yet_supplied_after_exact_union_and_locked_layer,False
2013-14,2772,1610612764,Trevor Ariza,full_core,0,0,82,81,77,76,False,False,not_yet_supplied_after_exact_union_and_locked_layer,False
2014-15,200797,1610612758,Ryan Hollins,full_core,0,0,82,82,46,45,False,False,not_yet_supplied_after_exact_union_and_locked_layer,False
2015-16,101111,1610612742,Charlie Villanueva,full_core,0,0,82,82,62,61,False,False,not_yet_supplied_after_exact_union_and_locked_layer,False
2015-16,101133,1610612754,Ian Mahinmi,full_core,0,0,82,81,71,71,False,False,not_yet_supplied_after_exact_union_and_locked_layer,False
2015-16,101139,1610612754,CJ Miles,full_core,0,0,82,81,64,63,False,False,not_yet_supplied_after_exact_union_and_locked_layer,False
2015-16,101145,1610612754,Monta Ellis,full_core,0,0,82,81,81,80,False,False,not_yet_supplied_after_exact_union_and_locked_layer,False
2015-16,1626146,1610612757,Cliff Alexander,full_core,0,0,82,81,8,8,False,False,not_yet_supplied_after_exact_union_and_locked_layer,False
2015-16,1626153,1610612761,Delon Wright,full_core,0,0,82,81,27,27,False,False,not_yet_supplied_after_exact_union_and_locked_layer,False
2015-16,1626167,1610612754,Myles Turner,full_core,0,0,82,81,60,59,False,False,not_yet_supplied_after_exact_union_and_locked_layer,False
2015-16,1626176,1610612754,Rakeem Christmas,full_core,0,0,82,81,1,1,False,False,not_yet_supplied_after_exact_union_and_locked_layer,False
2015-16,1626181,1610612761,Norman Powell,full_core,0,0,82,81,49,48,False,False,not_yet_supplied_after_exact_union_and_locked_layer,False
2015-16,1626192,1610612757,Pat Connaughton,full_core,0,0,82,81,34,34,False,False,not_yet_supplied_after_exact_union_and_locked_layer,False
2015-16,1626202,1610612754,Joe Young,full_core,0,0,82,81,41,40,False,False,not_yet_supplied_after_exact_union_and_locked_layer,False
2015-16,1626242,1610612757,Luis Montero,full_core,0,0,82,81,12,12,False,False,not_yet_supplied_after_exact_union_and_locked_layer,False
2015-16,1626257,1610612742,Salah Mejri,full_core,0,0,82,82,34,33,False,False,not_yet_supplied_after_exact_union_and_locked_layer,False
2015-16,200768,1610612761,Kyle Lowry,full_core,0,0,82,81,77,76,False,False,not_yet_supplied_after_exact_union_and_locked_layer,False
2015-16,201155,1610612754,Rodney Stuckey,full_core,0,0,82,81,58,58,False,False,not_yet_supplied_after_exact_union_and_locked_layer,False
2015-16,201567,1610612739,Kevin Love,full_core,0,0,82,81,77,76,False,False,not_yet_supplied_after_exact_union_and_locked_layer,False
2015-16,201588,1610612754,George Hill,full_core,0,0,82,81,74,73,False,False,not_yet_supplied_after_exact_union_and_locked_layer,False
2015-16,201619,1610612739,Sasha Kaun,full_core,0,0,82,81,25,24,False,False,not_yet_supplied_after_exact_union_and_locked_layer,False
2015-16,201941,1610612754,Jordan Hill,full_core,0,0,82,81,73,72,False,False,not_yet_supplied_after_exact_union_and_locked_layer,False
2015-16,201942,1610612761,DeMar DeRozan,full_core,0,0,82,81,78,77,False,False,not_yet_supplied_after_exact_union_and_locked_layer,False
2015-16,201945,1610612757,Gerald Henderson,full_core,0,0,82,81,72,71,False,False,not_yet_supplied_after_exact_union_and_locked_layer,False
2015-16,201949,1610612761,James Johnson,full_core,0,0,82,81,57,57,False,False,not_yet_supplied_after_exact_union_and_locked_layer,False
2015-16,201960,1610612761,DeMarre Carroll,full_core,0,0,82,81,26,26,False,False,not_yet_supplied_after_exact_union_and_locked_layer,False
2015-16,202329,1610612757,Al-Farouq Aminu,full_core,0,0,82,81,82,81,False,False,not_yet_supplied_after_exact_union_and_locked_layer,False
2015-16,202331,1610612754,Paul George,full_core,0,0,82,81,81,80,False,False,not_yet_supplied_after_exact_union_and_locked_layer,False
2015-16,202334,1610612757,Ed Davis,full_core,0,0,82,81,81,80,False,False,not_yet_supplied_after_exact_union_and_locked_layer,False
2015-16,202335,1610612761,Patrick Patterson,full_core,0,0,82,81,79,78,False,False,not_yet_supplied_after_exact_union_and_locked_layer,False
2015-16,202389,1610612739,Timofey Mozgov,full_core,0,0,82,81,76,75,False,False,not_yet_supplied_after_exact_union_and_locked_layer,False
2015-16,202681,1610612739,Kyrie Irving,full_core,0,0,82,81,53,52,False,False,not_yet_supplied_after_exact_union_and_locked_layer,False
2015-16,202684,1610612739,Tristan Thompson,full_core,0,0,82,81,82,81,False,False,not_yet_supplied_after_exact_union_and_locked_layer,False
2015-16,202685,1610612761,Jonas Valanciunas,full_core,0,0,82,81,60,59,False,False,not_yet_supplied_after_exact_union_and_locked_layer,False
2015-16,202687,1610612761,Bismack Biyombo,full_core,0,0,82,81,82,81,False,False,not_yet_supplied_after_exact_union_and_locked_layer,False
2015-16,202697,1610612739,Iman Shumpert,full_core,0,0,82,81,54,53,False,False,not_yet_supplied_after_exact_union_and_locked_layer,False
2015-16,202709,1610612761,Cory Joseph,full_core,0,0,82,81,80,79,False,False,not_yet_supplied_after_exact_union_and_locked_layer,False
2015-16,202730,1610612754,Lavoy Allen,full_core,0,0,82,81,79,78,False,False,not_yet_supplied_after_exact_union_and_locked_layer,False
2015-16,203081,1610612757,Damian Lillard,full_core,0,0,82,81,75,74,False,False,not_yet_supplied_after_exact_union_and_locked_layer,False
2015-16,203082,1610612761,Terrence Ross,full_core,0,0,82,81,73,72,False,False,not_yet_supplied_after_exact_union_and_locked_layer,False
2015-16,203086,1610612757,Meyers Leonard,full_core,0,0,82,81,61,60,False,False,not_yet_supplied_after_exact_union_and_locked_layer,False
2015-16,203090,1610612757,Maurice Harkless,full_core,0,0,82,81,78,77,False,False,not_yet_supplied_after_exact_union_and_locked_layer,False
2015-16,2034,1610612743,Mike Miller,full_core,0,0,82,82,46,45,False,False,not_yet_supplied_after_exact_union_and_locked_layer,False
2015-16,203459,1610612757,Allen Crabbe,full_core,0,0,82,81,81,80,False,False,not_yet_supplied_after_exact_union_and_locked_layer,False
2015-16,203468,1610612757,CJ McCollum,full_core,0,0,82,81,80,79,False,False,not_yet_supplied_after_exact_union_and_locked_layer,False
2015-16,203486,1610612757,Mason Plumlee,full_core,0,0,82,81,82,81,False,False,not_yet_supplied_after_exact_union_and_locked_layer,False
2015-16,203488,1610612737,Mike Muscala,full_core,0,0,82,82,60,59,False,False,not_yet_supplied_after_exact_union_and_locked_layer,False
2015-16,203512,1610612761,Lucas Nogueira,full_core,0,0,82,81,29,29,False,False,not_yet_supplied_after_exact_union_and_locked_layer,False
2015-16,203521,1610612739,Matthew Dellavedova,full_core,0,0,82,81,76,75,False,False,not_yet_supplied_after_exact_union_and_locked_layer,False
2015-16,203524,1610612754,Solomon Hill,full_core,0,0,82,81,59,58,False,False,not_yet_supplied_after_exact_union_and_locked_layer,False
2015-16,203909,1610612745,KJ McDaniels,full_core,0,0,82,82,37,36,False,False,not_yet_supplied_after_exact_union_and_locked_layer,False
2015-16,203922,1610612754,Glenn Robinson III,full_core,0,0,82,81,45,44,False,False,not_yet_supplied_after_exact_union_and_locked_layer,False
2015-16,203943,1610612757,Noah Vonleh,full_core,0,0,82,81,78,77,False,False,not_yet_supplied_after_exact_union_and_locked_layer,False
2015-16,203963,1610612754,Shayne Whittington,full_core,0,0,82,81,7,7,False,False,not_yet_supplied_after_exact_union_and_locked_layer,False
2015-16,203998,1610612761,Bruno Caboclo,full_core,0,0,82,81,6,6,False,False,not_yet_supplied_after_exact_union_and_locked_layer,False
2015-16,2210,1610612739,Richard Jefferson,full_core,0,0,82,81,74,73,False,False,not_yet_supplied_after_exact_union_and_locked_layer,False
2015-16,2449,1610612761,Luis Scola,full_core,0,0,82,81,76,75,False,False,not_yet_supplied_after_exact_union_and_locked_layer,False
2015-16,2544,1610612739,LeBron James,full_core,0,0,82,81,76,75,False,False,not_yet_supplied_after_exact_union_and_locked_layer,False
2015-16,2549,1610612757,Chris Kaman,full_core,0,0,82,81,16,16,False,False,not_yet_supplied_after_exact_union_and_locked_layer,False
2015-16,2590,1610612739,Mo Williams,full_core,0,0,82,81,41,41,False,False,not_yet_supplied_after_exact_union_and_locked_layer,False
2015-16,2592,1610612739,James Jones,full_core,0,0,82,81,48,48,False,False,not_yet_supplied_after_exact_union_and_locked_layer,False
2015-16,2747,1610612739,JR Smith,full_core,0,0,82,81,77,76,False,False,not_yet_supplied_after_exact_union_and_locked_layer,False
2016-17,1626159,1610612748,Justise Winslow,full_core,0,0,82,81,18,17,False,False,not_yet_supplied_after_exact_union_and_locked_layer,False
2016-17,1626161,1610612758,Willie Cauley-Stein,full_core,0,0,82,81,75,75,False,False,not_yet_supplied_after_exact_union_and_locked_layer,False
2016-17,1626176,1610612754,Rakeem Christmas,full_core,0,0,82,82,29,28,False,False,not_yet_supplied_after_exact_union_and_locked_layer,False
2016-17,1626196,1610612748,Josh Richardson,full_core,0,0,82,81,53,53,False,False,not_yet_supplied_after_exact_union_and_locked_layer,False
2016-17,1626246,1610612765,Boban Marjanovic,full_core,0,0,82,82,35,34,False,False,not_yet_supplied_after_exact_union_and_locked_layer,False
2016-17,1627746,1610612758,Skal Labissiere,full_core,0,0,82,81,33,33,False,False,not_yet_supplied_after_exact_union_and_locked_layer,False
2016-17,1627781,1610612758,Malachi Richardson,full_core,0,0,82,81,22,22,False,False,not_yet_supplied_after_exact_union_and_locked_layer,False
2016-17,1627834,1610612758,Georgios Papagiannis,full_core,0,0,82,81,22,22,False,False,not_yet_supplied_after_exact_union_and_locked_layer,False
2016-17,200752,1610612758,Rudy Gay,full_core,0,0,82,81,30,29,False,False,not_yet_supplied_after_exact_union_and_locked_layer,False
2016-17,201167,1610612758,Arron Afflalo,full_core,0,0,82,81,61,60,False,False,not_yet_supplied_after_exact_union_and_locked_layer,False
2016-17,201177,1610612748,Josh McRoberts,full_core,0,0,82,81,22,22,False,False,not_yet_supplied_after_exact_union_and_locked_layer,False
2016-17,201229,1610612758,Anthony Tolliver,full_core,0,0,82,81,65,64,False,False,not_yet_supplied_after_exact_union_and_locked_layer,False
2016-17,201585,1610612758,Kosta Koufos,full_core,0,0,82,81,71,70,False,False,not_yet_supplied_after_exact_union_and_locked_layer,False
2016-17,201609,1610612748,Goran Dragic,full_core,0,0,82,81,73,72,False,False,not_yet_supplied_after_exact_union_and_locked_layer,False
2016-17,201949,1610612748,James Johnson,full_core,0,0,82,81,76,75,False,False,not_yet_supplied_after_exact_union_and_locked_layer,False
2016-17,201951,1610612758,Ty Lawson,full_core,0,0,82,81,69,68,False,False,not_yet_supplied_after_exact_union_and_locked_layer,False
2016-17,201954,1610612758,Darren Collison,full_core,0,0,82,81,68,68,False,False,not_yet_supplied_after_exact_union_and_locked_layer,False
2016-17,201961,1610612748,Wayne Ellington,full_core,0,0,82,81,62,62,False,False,not_yet_supplied_after_exact_union_and_locked_layer,False
2016-17,202066,1610612758,Garrett Temple,full_core,0,0,82,81,65,64,False,False,not_yet_supplied_after_exact_union_and_locked_layer,False
2016-17,202337,1610612748,Luke Babbitt,full_core,0,0,82,81,68,67,False,False,not_yet_supplied_after_exact_union_and_locked_layer,False
2016-17,202355,1610612748,Hassan Whiteside,full_core,0,0,82,81,77,76,False,False,not_yet_supplied_after_exact_union_and_locked_layer,False
2016-17,203079,1610612748,Dion Waiters,full_core,0,0,82,81,46,45,False,False,not_yet_supplied_after_exact_union_and_locked_layer,False
2016-17,203186,1610612748,Willie Reed,full_core,0,0,82,81,71,70,False,False,not_yet_supplied_after_exact_union_and_locked_layer,False
2016-17,203463,1610612758,Ben McLemore,full_core,0,0,82,81,61,60,False,False,not_yet_supplied_after_exact_union_and_locked_layer,False
2016-17,203585,1610612748,Rodney McGruder,full_core,0,0,82,81,78,77,False,False,not_yet_supplied_after_exact_union_and_locked_layer,False
2016-17,204020,1610612748,Tyler Johnson,full_core,0,0,82,81,73,72,False,False,not_yet_supplied_after_exact_union_and_locked_layer,False
2016-17,2617,1610612748,Udonis Haslem,full_core,0,0,82,81,16,15,False,False,not_yet_supplied_after_exact_union_and_locked_layer,False
2016-17,2756,1610612752,Sasha Vujacic,full_core,0,0,82,82,42,41,False,False,not_yet_supplied_after_exact_union_and_locked_layer,False
2017-18,101107,1610612766,Marvin Williams,full_core,0,0,82,81,78,77,False,False,not_yet_supplied_after_exact_union_and_locked_layer,False
2017-18,101108,1610612745,Chris Paul,full_core,0,0,82,80,58,57,False,False,not_yet_supplied_after_exact_union_and_locked_layer,False
2017-18,101109,1610612760,Raymond Felton,full_core,0,0,82,81,82,81,False,False,not_yet_supplied_after_exact_union_and_locked_layer,False
2017-18,101133,1610612764,Ian Mahinmi,full_core,0,0,82,81,77,76,False,False,not_yet_supplied_after_exact_union_and_locked_layer,False
2017-18,101161,1610612755,Amir Johnson,full_core,0,0,82,80,74,73,False,False,not_yet_supplied_after_exact_union_and_locked_layer,False
2017-18,101162,1610612764,Marcin Gortat,full_core,0,0,82,81,82,81,False,False,not_yet_supplied_after_exact_union_and_locked_layer,False
2017-18,101181,1610612739,Jose Calderon,full_core,0,0,82,80,57,55,False,False,not_yet_supplied_after_exact_union_and_locked_layer,False
2017-18,1626147,1610612755,Justin Anderson,full_core,0,0,82,80,38,38,False,False,not_yet_supplied_after_exact_union_and_locked_layer,False
2017-18,1626150,1610612763,Andrew Harrison,full_core,0,0,82,81,56,55,False,False,not_yet_supplied_after_exact_union_and_locked_layer,False
2017-18,1626156,1610612751,D'Angelo Russell,full_core,0,0,82,81,48,47,False,False,not_yet_supplied_after_exact_union_and_locked_layer,False
2017-18,1626158,1610612755,Richaun Holmes,full_core,0,0,82,80,48,46,False,False,not_yet_supplied_after_exact_union_and_locked_layer,False
2017-18,1626159,1610612748,Justise Winslow,full_core,0,0,82,80,68,66,False,False,not_yet_supplied_after_exact_union_and_locked_layer,False
2017-18,1626161,1610612758,Willie Cauley-Stein,full_core,0,0,82,80,73,71,False,False,not_yet_supplied_after_exact_union_and_locked_layer,False
2017-18,1626162,1610612764,Kelly Oubre Jr.,full_core,0,0,82,81,81,80,False,False,not_yet_supplied_after_exact_union_and_locked_layer,False
2017-18,1626163,1610612766,Frank Kaminsky,full_core,0,0,82,81,79,78,False,False,not_yet_supplied_after_exact_union_and_locked_layer,False
2017-18,1626164,1610612756,Devin Booker,full_core,0,0,82,81,54,53,False,False,not_yet_supplied_after_exact_union_and_locked_layer,False
2017-18,1626167,1610612754,Myles Turner,full_core,0,0,82,80,65,63,False,False,not_yet_supplied_after_exact_union_and_locked_layer,False
2017-18,1626172,1610612744,Kevon Looney,full_core,0,0,82,79,66,63,False,False,not_yet_supplied_after_exact_union_and_locked_layer,False
2017-18,1626175,1610612748,Jordan Mickey,full_core,0,0,82,80,23,21,False,False,not_yet_supplied_after_exact_union_and_locked_layer,False
2017-18,1626177,1610612760,Dakari Johnson,full_core,0,0,82,81,31,31,False,False,not_yet_supplied_after_exact_union_and_locked_layer,False
2017-18,1626178,1610612751,Rondae Hollis-Jefferson,full_core,0,0,82,81,68,67,False,False,not_yet_supplied_after_exact_union_and_locked_layer,False
2017-18,1626179,1610612738,Terry Rozier,full_core,0,0,82,80,80,78,False,False,not_yet_supplied_after_exact_union_and_locked_layer,False
2017-18,1626185,1610612763,Jarell Martin,full_core,0,0,82,81,73,72,False,False,not_yet_supplied_after_exact_union_and_locked_layer,False
2017-18,1626188,1610612744,Quinn Cook,full_core,0,0,82,79,33,33,False,False,not_yet_supplied_after_exact_union_and_locked_layer,False
2017-18,1626191,1610612764,Chris McCullough,full_core,0,0,82,81,19,19,False,False,not_yet_supplied_after_exact_union_and_locked_layer,False
2017-18,1626192,1610612757,Pat Connaughton,full_core,0,0,82,79,82,79,False,False,not_yet_supplied_after_exact_union_and_locked_layer,False
2017-18,1626196,1610612748,Josh Richardson,full_core,0,0,82,80,81,79,False,False,not_yet_supplied_after_exact_union_and_locked_layer,False
2017-18,1626199,1610612759,Darrun Hilliard,full_core,0,0,82,80,14,14,False,False,not_yet_supplied_after_exact_union_and_locked_layer,False
2017-18,1626202,1610612754,Joe Young,full_core,0,0,82,80,53,51,False,False,not_yet_supplied_after_exact_union_and_locked_layer,False
2017-18,1626203,1610612766,Treveon Graham,full_core,0,0,82,81,63,62,False,False,not_yet_supplied_after_exact_union_and_locked_layer,False
2017-18,1626209,1610612753,Mario Hezonja,full_core,0,0,82,80,75,73,False,False,not_yet_supplied_after_exact_union_and_locked_layer,False
2017-18,1626210,1610612756,Alan Williams,full_core,0,0,82,81,5,5,False,False,not_yet_supplied_after_exact_union_and_locked_layer,False
2017-18,1626220,1610612762,Royce O'Neale,full_core,0,0,82,81,69,68,False,False,not_yet_supplied_after_exact_union_and_locked_layer,False
2017-18,1626224,1610612739,Cedi Osman,full_core,0,0,82,80,61,59,False,False,not_yet_supplied_after_exact_union_and_locked_layer,False
2017-18,1626257,1610612742,Salah Mejri,full_core,0,0,82,80,61,59,False,False,not_yet_supplied_after_exact_union_and_locked_layer,False
2017-18,1627098,1610612737,Malcolm Delaney,full_core,0,0,82,79,54,51,False,False,not_yet_supplied_after_exact_union_and_locked_layer,False
2017-18,1627732,1610612755,Ben Simmons,full_core,0,0,82,80,81,79,False,False,not_yet_supplied_after_exact_union_and_locked_layer,False
2017-18,1627733,1610612756,Dragan Bender,full_core,0,0,82,81,82,81,False,False,not_yet_supplied_after_exact_union_and_locked_layer,False
2017-18,1627734,1610612754,Domantas Sabonis,full_core,0,0,82,80,74,72,False,False,not_yet_supplied_after_exact_union_and_locked_layer,False
2017-18,1627737,1610612756,Marquese Chriss,full_core,0,0,82,81,72,71,False,False,not_yet_supplied_after_exact_union_and_locked_layer,False
2017-18,1627738,1610612763,Deyonta Davis,full_core,0,0,82,81,62,61,False,False,not_yet_supplied_after_exact_union_and_locked_layer,False
2017-18,1627741,1610612758,Buddy Hield,full_core,0,0,82,80,80,78,False,False,not_yet_supplied_after_exact_union_and_locked_layer,False
2017-18,1627742,1610612747,Brandon Ingram,full_core,0,0,82,79,59,56,False,False,not_yet_supplied_after_exact_union_and_locked_layer,False
2017-18,1627745,1610612744,Damian Jones,full_core,0,0,82,79,15,15,False,False,not_yet_supplied_after_exact_union_and_locked_layer,False
2017-18,1627746,1610612758,Skal Labissiere,full_core,0,0,82,80,60,58,False,False,not_yet_supplied_after_exact_union_and_locked_layer,False
2017-18,1627747,1610612751,Caris LeVert,full_core,0,0,82,81,71,70,False,False,not_yet_supplied_after_exact_union_and_locked_layer,False
2017-18,1627748,1610612749,Thon Maker,full_core,0,0,82,79,74,71,False,False,not_yet_supplied_after_exact_union_and_locked_layer,False
2017-18,1627749,1610612759,Dejounte Murray,full_core,0,0,82,80,81,79,False,False,not_yet_supplied_after_exact_union_and_locked_layer,False
2017-18,1627752,1610612737,Taurean Prince,full_core,0,0,82,79,82,79,False,False,not_yet_supplied_after_exact_union_and_locked_layer,False
2017-18,1627753,1610612745,Zhou Qi,full_core,0,0,82,80,18,17,False,False,not_yet_supplied_after_exact_union_and_locked_layer,False
2017-18,1627755,1610612756,Tyler Ulis,full_core,0,0,82,81,71,70,False,False,not_yet_supplied_after_exact_union_and_locked_layer,False
2017-18,1627759,1610612738,Jaylen Brown,full_core,0,0,82,80,70,69,False,False,not_yet_supplied_after_exact_union_and_locked_layer,False
2017-18,1627761,1610612737,DeAndre' Bembry,full_core,0,0,82,79,26,26,False,False,not_yet_supplied_after_exact_union_and_locked_layer,False
2017-18,1627763,1610612749,Malcolm Brogdon,full_core,0,0,82,79,48,45,False,False,not_yet_supplied_after_exact_union_and_locked_layer,False
2017-18,1627767,1610612740,Cheick Diallo,full_core,0,0,82,78,52,49,False,False,not_yet_supplied_after_exact_union_and_locked_layer,False
2017-18,1627772,1610612760,Daniel Hamilton,full_core,0,0,82,81,6,6,False,False,not_yet_supplied_after_exact_union_and_locked_layer,False
2017-18,1627774,1610612757,Jake Layman,full_core,0,0,82,79,34,33,False,False,not_yet_supplied_after_exact_union_and_locked_layer,False
2017-18,1627775,1610612744,Patrick McCaw,full_core,0,0,82,79,57,54,False,False,not_yet_supplied_after_exact_union_and_locked_layer,False
2017-18,1627778,1610612745,Chinanu Onuaku,full_core,0,0,82,80,1,1,False,False,not_yet_supplied_after_exact_union_and_locked_layer,False
2017-18,1627779,1610612766,Marcus Paige,full_core,0,0,82,81,5,5,False,False,not_yet_supplied_after_exact_union_and_locked_layer,False
2017-18,1627782,1610612763,Wayne Selden,full_core,0,0,82,81,35,35,False,False,not_yet_supplied_after_exact_union_and_locked_layer,False
2017-18,1627785,1610612751,Isaiah Whitehead,full_core,0,0,82,81,16,16,False,False,not_yet_supplied_after_exact_union_and_locked_layer,False
2017-18,1627788,1610612755,Furkan Korkmaz,full_core,0,0,82,80,14,14,False,False,not_yet_supplied_after_exact_union_and_locked_layer,False
2017-18,1627789,1610612755,Timothe Luwawu-Cabarrot,full_core,0,0,82,80,52,50,False,False,not_yet_supplied_after_exact_union_and_locked_layer,False
2017-18,1627790,1610612739,Ante Zizic,full_core,0,0,82,80,32,31,False,False,not_yet_supplied_after_exact_union_and_locked_layer,False
2017-18,1627812,1610612742,Yogi Ferrell,full_core,0,0,82,80,82,80,False,False,not_yet_supplied_after_exact_union_and_locked_layer,False
2017-18,1627816,1610612754,Alex Poythress,partial,0,0,82,80,25,24,False,False,not_yet_supplied_after_exact_union_and_locked_layer,False
2017-18,1627819,1610612737,Isaiah Taylor,full_core,0,0,82,79,67,65,False,False,not_yet_supplied_after_exact_union_and_locked_layer,False
2017-18,1627824,1610612738,Guerschon Yabusele,full_core,0,0,82,80,33,33,False,False,not_yet_supplied_after_exact_union_and_locked_layer,False
2017-18,1627826,1610612747,Ivica Zubac,full_core,0,0,82,79,43,42,False,False,not_yet_supplied_after_exact_union_and_locked_layer,False
2017-18,1627827,1610612742,Dorian Finney-Smith,full_core,0,0,82,80,21,19,False,False,not_yet_supplied_after_exact_union_and_locked_layer,False
2017-18,1627846,1610612738,Abdel Nader,full_core,0,0,82,80,48,47,False,False,not_yet_supplied_after_exact_union_and_locked_layer,False
2017-18,1627854,1610612759,Bryn Forbes,full_core,0,0,82,80,80,78,False,False,not_yet_supplied_after_exact_union_and_locked_layer,False
2017-18,1627856,1610612759,Matt Costello,full_core,0,0,82,80,4,4,False,False,not_yet_supplied_after_exact_union_and_locked_layer,False
2017-18,1627936,1610612747,Alex Caruso,full_core,0,0,82,79,37,37,False,False,not_yet_supplied_after_exact_union_and_locked_layer,False
2017-18,1628365,1610612755,Markelle Fultz,full_core,0,0,82,80,14,14,False,False,not_yet_supplied_after_exact_union_and_locked_layer,False
2017-18,1628366,1610612747,Lonzo Ball,full_core,0,0,82,79,52,49,False,False,not_yet_supplied_after_exact_union_and_locked_layer,False
2017-18,1628367,1610612756,Josh Jackson,full_core,0,0,82,81,77,76,False,False,not_yet_supplied_after_exact_union_and_locked_layer,False
2017-18,1628368,1610612758,De'Aaron Fox,full_core,0,0,82,80,73,71,False,False,not_yet_supplied_after_exact_union_and_locked_layer,False
2017-18,1628369,1610612738,Jayson Tatum,full_core,0,0,82,80,80,78,False,False,not_yet_supplied_after_exact_union_and_locked_layer,False
2017-18,1628370,1610612766,Malik Monk,full_core,0,0,82,81,63,62,False,False,not_yet_supplied_after_exact_union_and_locked_layer,False
2017-18,1628371,1610612753,Jonathan Isaac,full_core,0,0,82,80,27,25,False,False,not_yet_supplied_after_exact_union_and_locked_layer,False
2017-18,1628372,1610612742,Dennis Smith Jr.,full_core,0,0,82,80,69,69,False,False,not_yet_supplied_after_exact_union_and_locked_layer,False
2017-18,1628378,1610612762,Donovan Mitchell,full_core,0,0,82,81,79,78,False,False,not_yet_supplied_after_exact_union_and_locked_layer,False
2017-18,1628380,1610612757,Zach Collins,full_core,0,0,82,79,66,65,False,False,not_yet_supplied_after_exact_union_and_locked_layer,False
2017-18,1628381,1610612737,John Collins,full_core,0,0,82,79,74,71,False,False,not_yet_supplied_after_exact_union_and_locked_layer,False
2017-18,1628382,1610612758,Justin Jackson,full_core,0,0,82,80,68,67,False,False,not_yet_supplied_after_exact_union_and_locked_layer,False
2017-18,1628386,1610612751,Jarrett Allen,full_core,0,0,82,81,72,71,False,False,not_yet_supplied_after_exact_union_and_locked_layer,False
2017-18,1628387,1610612754,Ike Anigbogu,full_core,0,0,82,80,11,11,False,False,not_yet_supplied_after_exact_union_and_locked_layer,False
2017-18,1628388,1610612754,TJ Leaf,full_core,0,0,82,80,53,52,False,False,not_yet_supplied_after_exact_union_and_locked_layer,False
2017-18,1628389,1610612748,Bam Adebayo,full_core,0,0,82,80,69,68,False,False,not_yet_supplied_after_exact_union_and_locked_layer,False
2017-18,1628390,1610612760,Terrance Ferguson,full_core,0,0,82,81,61,61,False,False,not_yet_supplied_after_exact_union_and_locked_layer,False
2017-18,1628391,1610612749,D.J. Wilson,full_core,0,0,82,79,22,21,False,False,not_yet_supplied_after_exact_union_and_locked_layer,False
2017-18,1628395,1610612744,Jordan Bell,full_core,0,0,82,79,57,56,False,False,not_yet_supplied_after_exact_union_and_locked_layer,False
2017-18,1628396,1610612762,Tony Bradley,full_core,0,0,82,81,9,9,False,False,not_yet_supplied_after_exact_union_and_locked_layer,False
2017-18,1628397,1610612763,Ivan Rabb,full_core,0,0,82,81,36,36,False,False,not_yet_supplied_after_exact_union_and_locked_layer,False
2017-18,1628398,1610612747,Kyle Kuzma,full_core,0,0,82,79,77,74,False,False,not_yet_supplied_after_exact_union_and_locked_layer,False
2017-18,1628400,1610612738,Semi Ojeleye,full_core,0,0,82,80,73,71,False,False,not_yet_supplied_after_exact_union_and_locked_layer,False
2017-18,1628401,1610612759,Derrick White,full_core,0,0,82,80,17,17,False,False,not_yet_supplied_after_exact_union_and_locked_layer,False
2017-18,1628403,1610612757,Caleb Swanigan,full_core,0,0,82,79,27,26,False,False,not_yet_supplied_after_exact_union_and_locked_layer,False
2017-18,1628404,1610612747,Josh Hart,full_core,0,0,82,79,63,60,False,False,not_yet_supplied_after_exact_union_and_locked_layer,False
2017-18,1628405,1610612742,Johnathan Motley,full_core,0,0,82,80,11,11,False,False,not_yet_supplied_after_exact_union_and_locked_layer,False
2017-18,1628407,1610612766,Dwayne Bacon,full_core,0,0,82,81,53,52,False,False,not_yet_supplied_after_exact_union_and_locked_layer,False
2017-18,1628408,1610612760,PJ Dozier,full_core,0,0,82,81,2,2,False,False,not_yet_supplied_after_exact_union_and_locked_layer,False
2017-18,1628409,1610612756,Alec Peters,full_core,0,0,82,81,20,20,False,False,not_yet_supplied_after_exact_union_and_locked_layer,False
2017-18,1628410,1610612754,Edmond Sumner,full_core,0,0,82,80,1,1,False,False,not_yet_supplied_after_exact_union_and_locked_layer,False
2017-18,1628411,1610612753,Wes Iwundu,full_core,0,0,82,80,62,62,False,False,not_yet_supplied_after_exact_union_and_locked_layer,False
2017-18,1628412,1610612758,Frank Mason,full_core,0,0,82,80,52,51,False,False,not_yet_supplied_after_exact_union_and_locked_layer,False
2017-18,1628415,1610612763,Dillon Brooks,full_core,0,0,82,81,82,81,False,False,not_yet_supplied_after_exact_union_and_locked_layer,False
2017-18,1628416,1610612737,Tyler Dorsey,full_core,0,0,82,79,56,54,False,False,not_yet_supplied_after_exact_union_and_locked_layer,False
2017-18,1628418,1610612747,Thomas Bryant,full_core,0,0,82,79,15,15,False,False,not_yet_supplied_after_exact_union_and_locked_layer,False
2017-18,1628421,1610612764,Devin Robinson,full_core,0,0,82,81,1,1,False,False,not_yet_supplied_after_exact_union_and_locked_layer,False
2017-18,1628424,1610612763,Kobi Simmons,full_core,0,0,82,81,32,31,False,False,not_yet_supplied_after_exact_union_and_locked_layer,False
2017-18,1628425,1610612749,Sterling Brown,full_core,0,0,82,79,54,53,False,False,not_yet_supplied_after_exact_union_and_locked_layer,False
2017-18,1628429,1610612740,Charles Cooke,full_core,0,0,82,78,13,12,False,False,not_yet_supplied_after_exact_union_and_locked_layer,False
2017-18,1628432,1610612756,Davon Reed,full_core,0,0,82,81,21,21,False,False,not_yet_supplied_after_exact_union_and_locked_layer,False
2017-18,1628443,1610612738,Kadeem Allen,full_core,0,0,82,80,18,18,False,False,not_yet_supplied_after_exact_union_and_locked_layer,False
2017-18,1628444,1610612738,Jabari Bird,full_core,0,0,82,80,13,13,False,False,not_yet_supplied_after_exact_union_and_locked_layer,False
2017-18,1628449,1610612744,Chris Boucher,full_core,0,0,82,79,1,1,False,False,not_yet_supplied_after_exact_union_and_locked_layer,False
2017-18,1628464,1610612738,Daniel Theis,full_core,0,0,82,80,63,61,False,False,not_yet_supplied_after_exact_union_and_locked_layer,False
2017-18,1628467,1610612742,Maxi Kleber,full_core,0,0,82,80,72,71,False,False,not_yet_supplied_after_exact_union_and_locked_layer,False
2017-18,1628476,1610612748,Derrick Walton Jr.,full_core,0,0,82,80,16,15,False,False,not_yet_supplied_after_exact_union_and_locked_layer,False
2017-18,1628493,1610612766,Mangok Mathiang,full_core,0,0,82,81,4,4,False,False,not_yet_supplied_after_exact_union_and_locked_layer,False
2017-18,1628503,1610612753,Jamel Artis,full_core,0,0,82,80,15,15,False,False,not_yet_supplied_after_exact_union_and_locked_layer,False
2017-18,1713,1610612758,Vince Carter,full_core,0,0,82,80,58,56,False,False,not_yet_supplied_after_exact_union_and_locked_layer,False
2017-18,1717,1610612742,Dirk Nowitzki,full_core,0,0,82,80,77,75,False,False,not_yet_supplied_after_exact_union_and_locked_layer,False
2017-18,1891,1610612749,Jason Terry,full_core,0,0,82,79,51,48,False,False,not_yet_supplied_after_exact_union_and_locked_layer,False
2017-18,1938,1610612759,Manu Ginobili,full_core,0,0,82,80,65,63,False,False,not_yet_supplied_after_exact_union_and_locked_layer,False
2017-18,200746,1610612759,LaMarcus Aldridge,full_core,0,0,82,80,75,73,False,False,not_yet_supplied_after_exact_union_and_locked_layer,False
2017-18,200752,1610612759,Rudy Gay,full_core,0,0,82,80,57,55,False,False,not_yet_supplied_after_exact_union_and_locked_layer,False
2017-18,200755,1610612755,JJ Redick,full_core,0,0,82,80,70,68,False,False,not_yet_supplied_after_exact_union_and_locked_layer,False
2017-18,200757,1610612762,Thabo Sefolosha,full_core,0,0,82,81,38,38,False,False,not_yet_supplied_after_exact_union_and_locked_layer,False
2017-18,200765,1610612740,Rajon Rondo,full_core,0,0,82,78,65,62,False,False,not_yet_supplied_after_exact_union_and_locked_layer,False
2017-18,200782,1610612745,PJ Tucker,full_core,0,0,82,80,82,80,False,False,not_yet_supplied_after_exact_union_and_locked_layer,False
2017-18,200826,1610612742,J.J. Barea,full_core,0,0,82,80,69,67,False,False,not_yet_supplied_after_exact_union_and_locked_layer,False
2017-18,201142,1610612744,Kevin Durant,full_core,0,0,82,79,68,65,False,False,not_yet_supplied_after_exact_union_and_locked_layer,False
2017-18,201143,1610612738,Al Horford,full_core,0,0,82,80,72,71,False,False,not_yet_supplied_after_exact_union_and_locked_layer,False
2017-18,201144,1610612763,Mike Conley,full_core,0,0,82,81,12,12,False,False,not_yet_supplied_after_exact_union_and_locked_layer,False
2017-18,201145,1610612739,Jeff Green,full_core,0,0,82,80,78,76,False,False,not_yet_supplied_after_exact_union_and_locked_layer,False
2017-18,201152,1610612754,Thaddeus Young,full_core,0,0,82,80,81,79,False,False,not_yet_supplied_after_exact_union_and_locked_layer,False
2017-18,201156,1610612744,Nick Young,full_core,0,0,82,79,80,77,False,False,not_yet_supplied_after_exact_union_and_locked_layer,False
2017-18,201160,1610612764,Jason Smith,full_core,0,0,82,81,33,33,False,False,not_yet_supplied_after_exact_union_and_locked_layer,False
2017-18,201162,1610612756,Jared Dudley,full_core,0,0,82,81,48,47,False,False,not_yet_supplied_after_exact_union_and_locked_layer,False
2017-18,201167,1610612753,Arron Afflalo,full_core,0,0,82,80,53,51,False,False,not_yet_supplied_after_exact_union_and_locked_layer,False
2017-18,201188,1610612763,Marc Gasol,full_core,0,0,82,81,73,72,False,False,not_yet_supplied_after_exact_union_and_locked_layer,False
2017-18,201566,1610612760,Russell Westbrook,full_core,0,0,82,81,80,79,False,False,not_yet_supplied_after_exact_union_and_locked_layer,False
2017-18,201567,1610612739,Kevin Love,full_core,0,0,82,80,59,57,False,False,not_yet_supplied_after_exact_union_and_locked_layer,False
2017-18,201569,1610612745,Eric Gordon,full_core,0,0,82,80,69,67,False,False,not_yet_supplied_after_exact_union_and_locked_layer,False
2017-18,201571,1610612753,D.J. Augustin,full_core,0,0,82,80,75,74,False,False,not_yet_supplied_after_exact_union_and_locked_layer,False
2017-18,201572,1610612747,Brook Lopez,full_core,0,0,82,79,74,71,False,False,not_yet_supplied_after_exact_union_and_locked_layer,False
2017-18,201573,1610612755,Jerryd Bayless,full_core,0,0,82,80,39,38,False,False,not_yet_supplied_after_exact_union_and_locked_layer,False
2017-18,201578,1610612753,Marreese Speights,full_core,0,0,82,80,52,50,False,False,not_yet_supplied_after_exact_union_and_locked_layer,False
2017-18,201580,1610612744,JaVale McGee,full_core,0,0,82,79,65,63,False,False,not_yet_supplied_after_exact_union_and_locked_layer,False
2017-18,201583,1610612745,Ryan Anderson,full_core,0,0,82,80,66,64,False,False,not_yet_supplied_after_exact_union_and_locked_layer,False
2017-18,201585,1610612758,Kosta Koufos,full_core,0,0,82,80,71,69,False,False,not_yet_supplied_after_exact_union_and_locked_layer,False
2017-18,201587,1610612766,Nicolas Batum,full_core,0,0,82,81,64,64,False,False,not_yet_supplied_after_exact_union_and_locked_layer,False
2017-18,201596,1610612763,Mario Chalmers,full_core,0,0,82,81,66,66,False,False,not_yet_supplied_after_exact_union_and_locked_layer,False
2017-18,201601,1610612745,Luc Mbah a Moute,full_core,0,0,82,80,61,59,False,False,not_yet_supplied_after_exact_union_and_locked_layer,False
2017-18,201609,1610612748,Goran Dragic,full_core,0,0,82,80,75,73,False,False,not_yet_supplied_after_exact_union_and_locked_layer,False
2017-18,201935,1610612745,James Harden,full_core,0,0,82,80,72,70,False,False,not_yet_supplied_after_exact_union_and_locked_layer,False
2017-18,201936,1610612763,Tyreke Evans,full_core,0,0,82,81,52,51,False,False,not_yet_supplied_after_exact_union_and_locked_layer,False
2017-18,201937,1610612762,Ricky Rubio,full_core,0,0,82,81,77,76,False,False,not_yet_supplied_after_exact_union_and_locked_layer,False
2017-18,201939,1610612744,Stephen Curry,full_core,0,0,82,79,51,49,False,False,not_yet_supplied_after_exact_union_and_locked_layer,False
2017-18,201949,1610612748,James Johnson,full_core,0,0,82,80,73,71,False,False,not_yet_supplied_after_exact_union_and_locked_layer,False
2017-18,201950,1610612740,Jrue Holiday,full_core,0,0,82,78,81,77,False,False,not_yet_supplied_after_exact_union_and_locked_layer,False
2017-18,201954,1610612754,Darren Collison,full_core,0,0,82,80,69,67,False,False,not_yet_supplied_after_exact_union_and_locked_layer,False
2017-18,201960,1610612751,DeMarre Carroll,full_core,0,0,82,81,73,72,False,False,not_yet_supplied_after_exact_union_and_locked_layer,False
2017-18,201961,1610612748,Wayne Ellington,full_core,0,0,82,80,77,75,False,False,not_yet_supplied_after_exact_union_and_locked_layer,False
2017-18,201973,1610612762,Jonas Jerebko,full_core,0,0,82,81,74,73,False,False,not_yet_supplied_after_exact_union_and_locked_layer,False
2017-18,201975,1610612764,Jodie Meeks,full_core,0,0,82,81,77,76,False,False,not_yet_supplied_after_exact_union_and_locked_layer,False
2017-18,201980,1610612759,Danny Green,full_core,0,0,82,80,70,68,False,False,not_yet_supplied_after_exact_union_and_locked_layer,False
2017-18,201988,1610612759,Patty Mills,full_core,0,0,82,80,82,80,False,False,not_yet_supplied_after_exact_union_and_locked_layer,False
2017-18,202066,1610612758,Garrett Temple,full_core,0,0,82,80,65,63,False,False,not_yet_supplied_after_exact_union_and_locked_layer,False
2017-18,202083,1610612742,Wesley Matthews,full_core,0,0,82,80,63,61,False,False,not_yet_supplied_after_exact_union_and_locked_layer,False
2017-18,202322,1610612764,John Wall,full_core,0,0,82,81,41,40,False,False,not_yet_supplied_after_exact_union_and_locked_layer,False
2017-18,202323,1610612757,Evan Turner,full_core,0,0,82,79,79,76,False,False,not_yet_supplied_after_exact_union_and_locked_layer,False
2017-18,202324,1610612762,Derrick Favors,full_core,0,0,82,81,77,76,False,False,not_yet_supplied_after_exact_union_and_locked_layer,False
2017-18,202326,1610612740,DeMarcus Cousins,full_core,0,0,82,78,48,45,False,False,not_yet_supplied_after_exact_union_and_locked_layer,False
2017-18,202327,1610612762,Ekpe Udoh,full_core,0,0,82,81,63,62,False,False,not_yet_supplied_after_exact_union_and_locked_layer,False
2017-18,202329,1610612757,Al-Farouq Aminu,full_core,0,0,82,79,69,66,False,False,not_yet_supplied_after_exact_union_and_locked_layer,False
2017-18,202330,1610612738,Gordon Hayward,full_core,0,0,82,80,1,1,False,False,not_yet_supplied_after_exact_union_and_locked_layer,False
2017-18,202331,1610612760,Paul George,full_core,0,0,82,81,79,78,False,False,not_yet_supplied_after_exact_union_and_locked_layer,False
2017-18,202334,1610612757,Ed Davis,full_core,0,0,82,79,78,75,False,False,not_yet_supplied_after_exact_union_and_locked_layer,False
2017-18,202335,1610612760,Patrick Patterson,full_core,0,0,82,81,82,81,False,False,not_yet_supplied_after_exact_union_and_locked_layer,False
2017-18,202355,1610612748,Hassan Whiteside,full_core,0,0,82,80,54,53,False,False,not_yet_supplied_after_exact_union_and_locked_layer,False
2017-18,202362,1610612754,Lance Stephenson,full_core,0,0,82,80,82,80,False,False,not_yet_supplied_after_exact_union_and_locked_layer,False
2017-18,202389,1610612751,Timofey Mozgov,full_core,0,0,82,81,31,30,False,False,not_yet_supplied_after_exact_union_and_locked_layer,False
2017-18,202391,1610612751,Jeremy Lin,full_core,0,0,82,81,1,1,False,False,not_yet_supplied_after_exact_union_and_locked_layer,False
2017-18,202681,1610612738,Kyrie Irving,full_core,0,0,82,80,60,58,False,False,not_yet_supplied_after_exact_union_and_locked_layer,False
2017-18,202684,1610612739,Tristan Thompson,full_core,0,0,82,80,53,51,False,False,not_yet_supplied_after_exact_union_and_locked_layer,False
2017-18,202687,1610612753,Bismack Biyombo,full_core,0,0,82,80,82,80,False,False,not_yet_supplied_after_exact_union_and_locked_layer,False
2017-18,202689,1610612766,Kemba Walker,full_core,0,0,82,81,80,79,False,False,not_yet_supplied_after_exact_union_and_locked_layer,False
2017-18,202691,1610612744,Klay Thompson,full_core,0,0,82,79,73,70,False,False,not_yet_supplied_after_exact_union_and_locked_layer,False
2017-18,202692,1610612762,Alec Burks,full_core,0,0,82,81,64,64,False,False,not_yet_supplied_after_exact_union_and_locked_layer,False
2017-18,202693,1610612764,Markieff Morris,full_core,0,0,82,81,73,73,False,False,not_yet_supplied_after_exact_union_and_locked_layer,False
2017-18,202694,1610612738,Marcus Morris,full_core,0,0,82,80,54,53,False,False,not_yet_supplied_after_exact_union_and_locked_layer,False
2017-18,202695,1610612759,Kawhi Leonard,full_core,0,0,82,80,9,9,False,False,not_yet_supplied_after_exact_union_and_locked_layer,False
2017-18,202696,1610612753,Nikola Vucevic,full_core,0,0,82,80,57,55,False,False,not_yet_supplied_after_exact_union_and_locked_layer,False
2017-18,202709,1610612754,Cory Joseph,full_core,0,0,82,80,82,80,False,False,not_yet_supplied_after_exact_union_and_locked_layer,False
2017-18,202711,1610612754,Bojan Bogdanovic,full_core,0,0,82,80,80,78,False,False,not_yet_supplied_after_exact_union_and_locked_layer,False
2017-18,202713,1610612760,Kyle Singler,full_core,0,0,82,81,12,12,False,False,not_yet_supplied_after_exact_union_and_locked_layer,False
2017-18,202714,1610612753,Shelvin Mack,full_core,0,0,82,80,69,67,False,False,not_yet_supplied_after_exact_union_and_locked_layer,False
2017-18,202718,1610612763,Chandler Parsons,full_core,0,0,82,81,36,36,False,False,not_yet_supplied_after_exact_union_and_locked_layer,False
2017-18,202722,1610612759,Davis Bertans,full_core,0,0,82,80,77,75,False,False,not_yet_supplied_after_exact_union_and_locked_layer,False
2017-18,202734,1610612740,E'Twaun Moore,full_core,0,0,82,78,82,78,False,False,not_yet_supplied_after_exact_union_and_locked_layer,False
2017-18,202779,1610612765,Dwight Buycks,partial,0,0,82,82,29,29,False,False,not_yet_supplied_after_exact_union_and_locked_layer,False
2017-18,202933,1610612766,Julyan Stone,full_core,0,0,82,81,23,22,False,False,not_yet_supplied_after_exact_union_and_locked_layer,False
2017-18,203076,1610612740,Anthony Davis,full_core,0,0,82,78,75,72,False,False,not_yet_supplied_after_exact_union_and_locked_layer,False
2017-18,203077,1610612766,Michael Kidd-Gilchrist,full_core,0,0,82,81,74,74,False,False,not_yet_supplied_after_exact_union_and_locked_layer,False
2017-18,203078,1610612764,Bradley Beal,full_core,0,0,82,81,82,81,False,False,not_yet_supplied_after_exact_union_and_locked_layer,False
2017-18,203079,1610612748,Dion Waiters,full_core,0,0,82,80,30,28,False,False,not_yet_supplied_after_exact_union_and_locked_layer,False
2017-18,203081,1610612757,Damian Lillard,full_core,0,0,82,79,73,70,False,False,not_yet_supplied_after_exact_union_and_locked_layer,False
2017-18,203082,1610612753,Terrence Ross,full_core,0,0,82,80,24,22,False,False,not_yet_supplied_after_exact_union_and_locked_layer,False
2017-18,203084,1610612742,Harrison Barnes,full_core,0,0,82,80,77,75,False,False,not_yet_supplied_after_exact_union_and_locked_layer,False
2017-18,203086,1610612757,Meyers Leonard,full_core,0,0,82,79,33,32,False,False,not_yet_supplied_after_exact_union_and_locked_layer,False
2017-18,203087,1610612766,Jeremy Lamb,full_core,0,0,82,81,80,79,False,False,not_yet_supplied_after_exact_union_and_locked_layer,False
2017-18,203089,1610612749,John Henson,full_core,0,0,82,79,76,73,False,False,not_yet_supplied_after_exact_union_and_locked_layer,False
2017-18,203090,1610612757,Maurice Harkless,full_core,0,0,82,79,59,57,False,False,not_yet_supplied_after_exact_union_and_locked_layer,False
2017-18,203095,1610612753,Evan Fournier,full_core,0,0,82,80,57,55,False,False,not_yet_supplied_after_exact_union_and_locked_layer,False
2017-18,203101,1610612737,Miles Plumlee,full_core,0,0,82,79,55,55,False,False,not_yet_supplied_after_exact_union_and_locked_layer,False
2017-18,203107,1610612764,Tomas Satoransky,full_core,0,0,82,81,73,72,False,False,not_yet_supplied_after_exact_union_and_locked_layer,False
2017-18,203110,1610612744,Draymond Green,full_core,0,0,82,79,70,67,False,False,not_yet_supplied_after_exact_union_and_locked_layer,False
2017-18,203112,1610612751,Quincy Acy,full_core,0,0,82,81,70,69,False,False,not_yet_supplied_after_exact_union_and_locked_layer,False
2017-18,203114,1610612749,Khris Middleton,full_core,0,0,82,79,82,79,False,False,not_yet_supplied_after_exact_union_and_locked_layer,False
2017-18,203118,1610612764,Mike Scott,full_core,0,0,82,81,76,75,False,False,not_yet_supplied_after_exact_union_and_locked_layer,False
2017-18,203121,1610612740,Darius Miller,full_core,0,0,82,78,82,78,False,False,not_yet_supplied_after_exact_union_and_locked_layer,False
2017-18,203145,1610612737,Kent Bazemore,full_core,0,0,82,79,65,62,False,False,not_yet_supplied_after_exact_union_and_locked_layer,False
2017-18,203210,1610612763,JaMychal Green,full_core,0,0,82,81,55,54,False,False,not_yet_supplied_after_exact_union_and_locked_layer,False
2017-18,203382,1610612738,Aron Baynes,full_core,0,0,82,80,81,79,False,False,not_yet_supplied_after_exact_union_and_locked_layer,False
2017-18,203457,1610612742,Nerlens Noel,full_core,0,0,82,80,29,27,False,False,not_yet_supplied_after_exact_union_and_locked_layer,False
2017-18,203458,1610612756,Alex Len,full_core,0,0,82,81,69,68,False,False,not_yet_supplied_after_exact_union_and_locked_layer,False
2017-18,203459,1610612751,Allen Crabbe,full_core,0,0,82,81,75,74,False,False,not_yet_supplied_after_exact_union_and_locked_layer,False
2017-18,203460,1610612760,Andre Roberson,full_core,0,0,82,81,39,39,False,False,not_yet_supplied_after_exact_union_and_locked_layer,False
2017-18,203463,1610612763,Ben McLemore,full_core,0,0,82,81,56,55,False,False,not_yet_supplied_after_exact_union_and_locked_layer,False
2017-18,203464,1610612759,Brandon Paul,full_core,0,0,82,80,64,62,False,False,not_yet_supplied_after_exact_union_and_locked_layer,False
2017-18,203468,1610612757,CJ McCollum,full_core,0,0,82,79,81,78,False,False,not_yet_supplied_after_exact_union_and_locked_layer,False
2017-18,203469,1610612766,Cody Zeller,full_core,0,0,82,81,33,33,False,False,not_yet_supplied_after_exact_union_and_locked_layer,False
2017-18,203471,1610612737,Dennis Schroder,full_core,0,0,82,79,67,65,False,False,not_yet_supplied_after_exact_union_and_locked_layer,False
2017-18,203473,1610612737,Dewayne Dedmon,full_core,0,0,82,79,62,59,False,False,not_yet_supplied_after_exact_union_and_locked_layer,False
2017-18,203482,1610612748,Kelly Olynyk,full_core,0,0,82,80,76,74,False,False,not_yet_supplied_after_exact_union_and_locked_layer,False
2017-18,203484,1610612747,Kentavious Caldwell-Pope,full_core,0,0,82,79,74,71,False,False,not_yet_supplied_after_exact_union_and_locked_layer,False
2017-18,203487,1610612766,Michael Carter-Williams,full_core,0,0,82,81,52,52,False,False,not_yet_supplied_after_exact_union_and_locked_layer,False
2017-18,203488,1610612737,Mike Muscala,full_core,0,0,82,79,53,50,False,False,not_yet_supplied_after_exact_union_and_locked_layer,False
2017-18,203490,1610612764,Otto Porter Jr.,full_core,0,0,82,81,77,76,False,False,not_yet_supplied_after_exact_union_and_locked_layer,False
2017-18,203496,1610612755,Robert Covington,full_core,0,0,82,80,80,78,False,False,not_yet_supplied_after_exact_union_and_locked_layer,False
2017-18,203497,1610612762,Rudy Gobert,full_core,0,0,82,81,56,55,False,False,not_yet_supplied_after_exact_union_and_locked_layer,False
2017-18,203499,1610612738,Shane Larkin,full_core,0,0,82,80,54,52,False,False,not_yet_supplied_after_exact_union_and_locked_layer,False
2017-18,203500,1610612760,Steven Adams,full_core,0,0,82,81,76,75,False,False,not_yet_supplied_after_exact_union_and_locked_layer,False
2017-18,203503,1610612749,Tony Snell,full_core,0,0,82,79,75,72,False,False,not_yet_supplied_after_exact_union_and_locked_layer,False
2017-18,203506,1610612754,Victor Oladipo,full_core,0,0,82,80,75,74,False,False,not_yet_supplied_after_exact_union_and_locked_layer,False
2017-18,203507,1610612749,Giannis Antetokounmpo,full_core,0,0,82,79,75,72,False,False,not_yet_supplied_after_exact_union_and_locked_layer,False
2017-18,203518,1610612760,Alex Abrines,full_core,0,0,82,81,75,74,False,False,not_yet_supplied_after_exact_union_and_locked_layer,False
2017-18,203521,1610612749,Matthew Dellavedova,full_core,0,0,82,79,38,36,False,False,not_yet_supplied_after_exact_union_and_locked_layer,False
2017-18,203524,1610612740,Solomon Hill,full_core,0,0,82,78,12,11,False,False,not_yet_supplied_after_exact_union_and_locked_layer,False
2017-18,203526,1610612762,Raul Neto,full_core,0,0,82,81,41,40,False,False,not_yet_supplied_after_exact_union_and_locked_layer,False
2017-18,203530,1610612759,Joffrey Lauvergne,full_core,0,0,82,80,55,54,False,False,not_yet_supplied_after_exact_union_and_locked_layer,False
2017-18,203546,1610612740,Ian Clark,full_core,0,0,82,78,74,70,False,False,not_yet_supplied_after_exact_union_and_locked_layer,False
2017-18,203584,1610612756,Troy Daniels,full_core,0,0,82,81,79,78,False,False,not_yet_supplied_after_exact_union_and_locked_layer,False
2017-18,203585,1610612748,Rodney McGruder,full_core,0,0,82,80,18,18,False,False,not_yet_supplied_after_exact_union_and_locked_layer,False
2017-18,203613,1610612753,Jonathon Simmons,full_core,0,0,82,80,69,67,False,False,not_yet_supplied_after_exact_union_and_locked_layer,False
2017-18,203705,1610612737,Josh Magette,full_core,0,0,82,79,18,16,False,False,not_yet_supplied_after_exact_union_and_locked_layer,False
2017-18,203710,1610612746,C.J. Williams,partial,0,0,82,82,38,38,False,False,not_yet_supplied_after_exact_union_and_locked_layer,False
2017-18,203894,1610612757,Shabazz Napier,full_core,0,0,82,79,74,71,False,False,not_yet_supplied_after_exact_union_and_locked_layer,False
2017-18,203898,1610612747,Tyler Ennis,full_core,0,0,82,79,54,53,False,False,not_yet_supplied_after_exact_union_and_locked_layer,False
2017-18,203915,1610612751,Spencer Dinwiddie,full_core,0,0,82,81,80,79,False,False,not_yet_supplied_after_exact_union_and_locked_layer,False
2017-18,203920,1610612753,Khem Birch,full_core,0,0,82,80,42,42,False,False,not_yet_supplied_after_exact_union_and_locked_layer,False
2017-18,203922,1610612754,Glenn Robinson III,full_core,0,0,82,80,23,23,False,False,not_yet_supplied_after_exact_union_and_locked_layer,False
2017-18,203924,1610612760,Jerami Grant,full_core,0,0,82,81,81,80,False,False,not_yet_supplied_after_exact_union_and_locked_layer,False
2017-18,203925,1610612751,Joe Harris,full_core,0,0,82,81,78,77,False,False,not_yet_supplied_after_exact_union_and_locked_layer,False
2017-18,203932,1610612753,Aaron Gordon,full_core,0,0,82,80,58,57,False,False,not_yet_supplied_after_exact_union_and_locked_layer,False
2017-18,203933,1610612756,T.J. Warren,full_core,0,0,82,81,65,64,False,False,not_yet_supplied_after_exact_union_and_locked_layer,False
2017-18,203935,1610612738,Marcus Smart,full_core,0,0,82,80,54,52,False,False,not_yet_supplied_after_exact_union_and_locked_layer,False
2017-18,203937,1610612759,Kyle Anderson,full_core,0,0,82,80,74,72,False,False,not_yet_supplied_after_exact_union_and_locked_layer,False
2017-18,203939,1610612742,Dwight Powell,full_core,0,0,82,80,79,77,False,False,not_yet_supplied_after_exact_union_and_locked_layer,False
2017-18,203944,1610612747,Julius Randle,full_core,0,0,82,79,82,79,False,False,not_yet_supplied_after_exact_union_and_locked_layer,False
2017-18,203953,1610612749,Jabari Parker,full_core,0,0,82,79,31,31,False,False,not_yet_supplied_after_exact_union_and_locked_layer,False
2017-18,203954,1610612755,Joel Embiid,full_core,0,0,82,80,63,61,False,False,not_yet_supplied_after_exact_union_and_locked_layer,False
2017-18,203957,1610612762,Dante Exum,full_core,0,0,82,81,14,13,False,False,not_yet_supplied_after_exact_union_and_locked_layer,False
2017-18,203960,1610612758,JaKarr Sampson,full_core,0,0,82,80,22,21,False,False,not_yet_supplied_after_exact_union_and_locked_layer,False
2017-18,203962,1610612760,Josh Huestis,full_core,0,0,82,81,69,69,False,False,not_yet_supplied_after_exact_union_and_locked_layer,False
2017-18,203967,1610612755,Dario Saric,full_core,0,0,82,80,78,77,False,False,not_yet_supplied_after_exact_union_and_locked_layer,False
2017-18,203991,1610612745,Clint Capela,full_core,0,0,82,80,74,72,False,False,not_yet_supplied_after_exact_union_and_locked_layer,False
2017-18,203992,1610612758,Bogdan Bogdanovic,full_core,0,0,82,80,78,77,False,False,not_yet_supplied_after_exact_union_and_locked_layer,False
2017-18,203994,1610612757,Jusuf Nurkic,full_core,0,0,82,79,79,76,False,False,not_yet_supplied_after_exact_union_and_locked_layer,False
2017-18,204020,1610612748,Tyler Johnson,full_core,0,0,82,80,72,70,False,False,not_yet_supplied_after_exact_union_and_locked_layer,False
2017-18,204022,1610612758,Jack Cooley,full_core,0,0,82,80,7,7,False,False,not_yet_supplied_after_exact_union_and_locked_layer,False
2017-18,204025,1610612764,Tim Frazier,full_core,0,0,82,81,59,58,False,False,not_yet_supplied_after_exact_union_and_locked_layer,False
2017-18,204028,1610612745,Tarik Black,full_core,0,0,82,80,51,49,False,False,not_yet_supplied_after_exact_union_and_locked_layer,False
2017-18,204060,1610612762,Joe Ingles,full_core,0,0,82,81,82,81,False,False,not_yet_supplied_after_exact_union_and_locked_layer,False
2017-18,204066,1610612739,John Holland,full_core,0,0,82,80,24,24,False,False,not_yet_supplied_after_exact_union_and_locked_layer,False
2017-18,204456,1610612755,T.J. McConnell,full_core,0,0,82,80,76,74,False,False,not_yet_supplied_after_exact_union_and_locked_layer,False
2017-18,2199,1610612756,Tyson Chandler,full_core,0,0,82,81,46,46,False,False,not_yet_supplied_after_exact_union_and_locked_layer,False
2017-18,2200,1610612759,Pau Gasol,full_core,0,0,82,80,77,75,False,False,not_yet_supplied_after_exact_union_and_locked_layer,False
2017-18,2216,1610612758,Zach Randolph,full_core,0,0,82,80,59,57,False,False,not_yet_supplied_after_exact_union_and_locked_layer,False
2017-18,2225,1610612759,Tony Parker,full_core,0,0,82,80,55,54,False,False,not_yet_supplied_after_exact_union_and_locked_layer,False
2017-18,2403,1610612745,Nene,full_core,0,0,82,80,52,50,False,False,not_yet_supplied_after_exact_union_and_locked_layer,False
2017-18,2544,1610612739,LeBron James,full_core,0,0,82,80,82,80,False,False,not_yet_supplied_after_exact_union_and_locked_layer,False
2017-18,2546,1610612760,Carmelo Anthony,full_core,0,0,82,81,78,77,False,False,not_yet_supplied_after_exact_union_and_locked_layer,False
2017-18,2555,1610612760,Nick Collison,full_core,0,0,82,81,15,15,False,False,not_yet_supplied_after_exact_union_and_locked_layer,False
2017-18,2561,1610612744,David West,full_core,0,0,82,79,73,70,False,False,not_yet_supplied_after_exact_union_and_locked_layer,False
2017-18,2585,1610612744,Zaza Pachulia,full_core,0,0,82,79,69,67,False,False,not_yet_supplied_after_exact_union_and_locked_layer,False
2017-18,2594,1610612739,Kyle Korver,full_core,0,0,82,80,73,71,False,False,not_yet_supplied_after_exact_union_and_locked_layer,False
2017-18,2617,1610612748,Udonis Haslem,full_core,0,0,82,80,14,13,False,False,not_yet_supplied_after_exact_union_and_locked_layer,False
2017-18,2730,1610612766,Dwight Howard,full_core,0,0,82,81,81,80,False,False,not_yet_supplied_after_exact_union_and_locked_layer,False
2017-18,2733,1610612744,Shaun Livingston,full_core,0,0,82,79,71,69,False,False,not_yet_supplied_after_exact_union_and_locked_layer,False
2017-18,2736,1610612747,Luol Deng,full_core,0,0,82,79,1,1,False,False,not_yet_supplied_after_exact_union_and_locked_layer,False
2017-18,2738,1610612744,Andre Iguodala,full_core,0,0,82,79,64,61,False,False,not_yet_supplied_after_exact_union_and_locked_layer,False
2017-18,2744,1610612754,Al Jefferson,full_core,0,0,82,80,36,36,False,False,not_yet_supplied_after_exact_union_and_locked_layer,False
2017-18,2747,1610612739,JR Smith,full_core,0,0,82,80,80,78,False,False,not_yet_supplied_after_exact_union_and_locked_layer,False
2017-18,2772,1610612745,Trevor Ariza,full_core,0,0,82,80,67,65,False,False,not_yet_supplied_after_exact_union_and_locked_layer,False
2018-19,101133,1610612764,Ian Mahinmi,full_core,0,0,82,81,34,34,False,False,not_yet_supplied_after_exact_union_and_locked_layer,False
2018-19,101141,1610612749,Ersan Ilyasova,full_core,0,0,82,81,67,66,False,False,not_yet_supplied_after_exact_union_and_locked_layer,False
2018-19,1626143,1610612740,Jahlil Okafor,full_core,0,0,82,81,59,58,False,False,not_yet_supplied_after_exact_union_and_locked_layer,False
2018-19,1626144,1610612752,Emmanuel Mudiay,full_core,0,0,82,81,59,58,False,False,not_yet_supplied_after_exact_union_and_locked_layer,False
2018-19,1626145,1610612750,Tyus Jones,full_core,0,0,82,81,68,68,False,False,not_yet_supplied_after_exact_union_and_locked_layer,False
2018-19,1626157,1610612750,Karl-Anthony Towns,full_core,0,0,82,81,77,76,False,False,not_yet_supplied_after_exact_union_and_locked_layer,False
2018-19,1626158,1610612756,Richaun Holmes,full_core,0,0,82,80,70,70,False,False,not_yet_supplied_after_exact_union_and_locked_layer,False
2018-19,1626161,1610612758,Willie Cauley-Stein,full_core,0,0,82,81,81,80,False,False,not_yet_supplied_after_exact_union_and_locked_layer,False
2018-19,1626164,1610612756,Devin Booker,full_core,0,0,82,80,64,62,False,False,not_yet_supplied_after_exact_union_and_locked_layer,False
2018-19,1626168,1610612743,Trey Lyles,full_core,0,0,82,81,63,62,False,False,not_yet_supplied_after_exact_union_and_locked_layer,False
2018-19,1626192,1610612749,Pat Connaughton,full_core,0,0,82,81,61,60,False,False,not_yet_supplied_after_exact_union_and_locked_layer,False
2018-19,1626209,1610612752,Mario Hezonja,full_core,0,0,82,81,58,57,False,False,not_yet_supplied_after_exact_union_and_locked_layer,False
2018-19,1626220,1610612762,Royce O'Neale,full_core,0,0,82,81,82,81,False,False,not_yet_supplied_after_exact_union_and_locked_layer,False
2018-19,1626245,1610612741,Cristiano Felicio,full_core,0,0,82,81,60,59,False,False,not_yet_supplied_after_exact_union_and_locked_layer,False
2018-19,1627733,1610612756,Dragan Bender,full_core,0,0,82,80,46,44,False,False,not_yet_supplied_after_exact_union_and_locked_layer,False
2018-19,1627736,1610612743,Malik Beasley,full_core,0,0,82,81,81,80,False,False,not_yet_supplied_after_exact_union_and_locked_layer,False
2018-19,1627739,1610612741,Kris Dunn,full_core,0,0,82,81,46,46,False,False,not_yet_supplied_after_exact_union_and_locked_layer,False
2018-19,1627741,1610612758,Buddy Hield,full_core,0,0,82,81,82,81,False,False,not_yet_supplied_after_exact_union_and_locked_layer,False
2018-19,1627742,1610612747,Brandon Ingram,full_core,0,0,82,81,52,51,False,False,not_yet_supplied_after_exact_union_and_locked_layer,False
2018-19,1627750,1610612743,Jamal Murray,full_core,0,0,82,81,75,74,False,False,not_yet_supplied_after_exact_union_and_locked_layer,False
2018-19,1627763,1610612749,Malcolm Brogdon,full_core,0,0,82,81,64,63,False,False,not_yet_supplied_after_exact_union_and_locked_layer,False
2018-19,1627767,1610612740,Cheick Diallo,full_core,0,0,82,81,64,63,False,False,not_yet_supplied_after_exact_union_and_locked_layer,False
2018-19,1627777,1610612762,Georges Niang,full_core,0,0,82,81,59,58,False,False,not_yet_supplied_after_exact_union_and_locked_layer,False
2018-19,1627812,1610612758,Yogi Ferrell,full_core,0,0,82,81,71,71,False,False,not_yet_supplied_after_exact_union_and_locked_layer,False
2018-19,1627823,1610612743,Juancho Hernangomez,full_core,0,0,82,81,70,69,False,False,not_yet_supplied_after_exact_union_and_locked_layer,False
2018-19,1627853,1610612741,Ryan Arcidiacono,full_core,0,0,82,81,81,80,False,False,not_yet_supplied_after_exact_union_and_locked_layer,False
2018-19,1627936,1610612747,Alex Caruso,full_core,0,0,82,81,25,25,False,False,not_yet_supplied_after_exact_union_and_locked_layer,False
2018-19,1628366,1610612747,Lonzo Ball,full_core,0,0,82,81,47,46,False,False,not_yet_supplied_after_exact_union_and_locked_layer,False
2018-19,1628367,1610612756,Josh Jackson,full_core,0,0,82,80,79,77,False,False,not_yet_supplied_after_exact_union_and_locked_layer,False
2018-19,1628368,1610612758,De'Aaron Fox,full_core,0,0,82,81,81,80,False,False,not_yet_supplied_after_exact_union_and_locked_layer,False
2018-19,1628373,1610612752,Frank Ntilikina,full_core,0,0,82,81,43,42,False,False,not_yet_supplied_after_exact_union_and_locked_layer,False
2018-19,1628374,1610612741,Lauri Markkanen,full_core,0,0,82,81,52,52,False,False,not_yet_supplied_after_exact_union_and_locked_layer,False
2018-19,1628378,1610612762,Donovan Mitchell,full_core,0,0,82,81,77,76,False,False,not_yet_supplied_after_exact_union_and_locked_layer,False
2018-19,1628385,1610612758,Harry Giles III,full_core,0,0,82,81,58,57,False,False,not_yet_supplied_after_exact_union_and_locked_layer,False
2018-19,1628391,1610612749,D.J. Wilson,full_core,0,0,82,81,48,47,False,False,not_yet_supplied_after_exact_union_and_locked_layer,False
2018-19,1628396,1610612762,Tony Bradley,full_core,0,0,82,81,3,3,False,False,not_yet_supplied_after_exact_union_and_locked_layer,False
2018-19,1628398,1610612747,Kyle Kuzma,full_core,0,0,82,81,70,69,False,False,not_yet_supplied_after_exact_union_and_locked_layer,False
2018-19,1628399,1610612743,Tyler Lydon,full_core,0,0,82,81,25,24,False,False,not_yet_supplied_after_exact_union_and_locked_layer,False
2018-19,1628402,1610612740,Frank Jackson,full_core,0,0,82,81,61,60,False,False,not_yet_supplied_after_exact_union_and_locked_layer,False
2018-19,1628404,1610612747,Josh Hart,full_core,0,0,82,81,67,66,False,False,not_yet_supplied_after_exact_union_and_locked_layer,False
2018-19,1628410,1610612754,Edmond Sumner,partial,0,0,82,82,23,23,False,False,not_yet_supplied_after_exact_union_and_locked_layer,False
2018-19,1628412,1610612758,Frank Mason,full_core,0,0,82,81,38,37,False,False,not_yet_supplied_after_exact_union_and_locked_layer,False
2018-19,1628418,1610612764,Thomas Bryant,full_core,0,0,82,81,72,71,False,False,not_yet_supplied_after_exact_union_and_locked_layer,False
2018-19,1628420,1610612743,Monte Morris,full_core,0,0,82,81,82,81,False,False,not_yet_supplied_after_exact_union_and_locked_layer,False
2018-19,1628421,1610612764,Devin Robinson,full_core,0,0,82,81,7,7,False,False,not_yet_supplied_after_exact_union_and_locked_layer,False
2018-19,1628422,1610612752,Damyean Dotson,full_core,0,0,82,81,73,72,False,False,not_yet_supplied_after_exact_union_and_locked_layer,False
2018-19,1628425,1610612749,Sterling Brown,full_core,0,0,82,81,58,57,False,False,not_yet_supplied_after_exact_union_and_locked_layer,False
2018-19,1628436,1610612752,Luke Kornet,full_core,0,0,82,81,46,46,False,False,not_yet_supplied_after_exact_union_and_locked_layer,False
2018-19,1628439,1610612752,Isaiah Hicks,full_core,0,0,82,81,3,3,False,False,not_yet_supplied_after_exact_union_and_locked_layer,False
2018-19,1628449,1610612761,Chris Boucher,partial,0,0,82,82,28,28,False,False,not_yet_supplied_after_exact_union_and_locked_layer,False
2018-19,1628463,1610612762,Tyler Cavanaugh,full_core,0,0,82,81,11,11,False,False,not_yet_supplied_after_exact_union_and_locked_layer,False
2018-19,1628469,1610612741,Antonio Blakeney,full_core,0,0,82,81,57,56,False,False,not_yet_supplied_after_exact_union_and_locked_layer,False
2018-19,1628470,1610612743,Torrey Craig,full_core,0,0,82,81,75,74,False,False,not_yet_supplied_after_exact_union_and_locked_layer,False
2018-19,1628513,1610612762,Naz Mitrou-Long,full_core,0,0,82,81,14,14,False,False,not_yet_supplied_after_exact_union_and_locked_layer,False
2018-19,1628959,1610612741,Rawle Alkins,full_core,0,0,82,81,10,10,False,False,not_yet_supplied_after_exact_union_and_locked_layer,False
2018-19,1628960,1610612762,Grayson Allen,full_core,0,0,82,81,38,37,False,False,not_yet_supplied_after_exact_union_and_locked_layer,False
2018-19,1628963,1610612758,Marvin Bagley III,full_core,0,0,82,81,62,61,False,False,not_yet_supplied_after_exact_union_and_locked_layer,False
2018-19,1628966,1610612750,Keita Bates-Diop,full_core,0,0,82,81,30,30,False,False,not_yet_supplied_after_exact_union_and_locked_layer,False
2018-19,1628969,1610612756,Mikal Bridges,full_core,0,0,82,80,82,80,False,False,not_yet_supplied_after_exact_union_and_locked_layer,False
2018-19,1628972,1610612764,Troy Brown Jr.,full_core,0,0,82,81,52,51,False,False,not_yet_supplied_after_exact_union_and_locked_layer,False
2018-19,1628976,1610612741,Wendell Carter Jr.,full_core,0,0,82,81,44,43,False,False,not_yet_supplied_after_exact_union_and_locked_layer,False
2018-19,1628978,1610612749,Donte DiVincenzo,full_core,0,0,82,81,27,27,False,False,not_yet_supplied_after_exact_union_and_locked_layer,False
2018-19,1628990,1610612741,Chandler Hutchison,full_core,0,0,82,81,44,43,False,False,not_yet_supplied_after_exact_union_and_locked_layer,False
2018-19,1628994,1610612756,George King,full_core,0,0,82,80,1,1,False,False,not_yet_supplied_after_exact_union_and_locked_layer,False
2018-19,1628995,1610612752,Kevin Knox,full_core,0,0,82,81,75,74,False,False,not_yet_supplied_after_exact_union_and_locked_layer,False
2018-19,1628999,1610612748,Yante Maten,partial,0,0,82,82,2,2,False,False,not_yet_supplied_after_exact_union_and_locked_layer,False
2018-19,1629001,1610612756,De'Anthony Melton,full_core,0,0,82,80,50,48,False,False,not_yet_supplied_after_exact_union_and_locked_layer,False
2018-19,1629006,1610612750,Josh Okogie,full_core,0,0,82,81,74,73,False,False,not_yet_supplied_after_exact_union_and_locked_layer,False
2018-19,1629011,1610612752,Mitchell Robinson,full_core,0,0,82,81,66,65,False,False,not_yet_supplied_after_exact_union_and_locked_layer,False
2018-19,1629019,1610612752,Allonzo Trier,partial,0,0,82,81,64,63,False,False,not_yet_supplied_after_exact_union_and_locked_layer,False
2018-19,1629020,1610612743,Jarred Vanderbilt,full_core,0,0,82,81,17,16,False,False,not_yet_supplied_after_exact_union_and_locked_layer,False
2018-19,1629021,1610612747,Moritz Wagner,full_core,0,0,82,81,43,43,False,False,not_yet_supplied_after_exact_union_and_locked_layer,False
2018-19,1629026,1610612740,Kenrich Williams,full_core,0,0,82,81,46,45,False,False,not_yet_supplied_after_exact_union_and_locked_layer,False
2018-19,1629028,1610612756,Deandre Ayton,full_core,0,0,82,80,71,70,False,False,not_yet_supplied_after_exact_union_and_locked_layer,False
2018-19,1629057,1610612738,Robert Williams III,full_core,0,0,82,82,32,31,False,False,not_yet_supplied_after_exact_union_and_locked_layer,False
2018-19,1629059,1610612756,Elie Okobo,full_core,0,0,82,80,53,52,False,False,not_yet_supplied_after_exact_union_and_locked_layer,False
2018-19,1629067,1610612747,Isaac Bonga,full_core,0,0,82,81,22,22,False,False,not_yet_supplied_after_exact_union_and_locked_layer,False
2018-19,1629109,1610612745,Gary Clark,partial,0,0,82,82,51,51,False,False,not_yet_supplied_after_exact_union_and_locked_layer,False
2018-19,1629118,1610612743,Thomas Welsh,full_core,0,0,82,81,11,10,False,False,not_yet_supplied_after_exact_union_and_locked_layer,False
2018-19,1629121,1610612737,Jaylen Adams,partial,0,0,82,82,34,34,False,False,not_yet_supplied_after_exact_union_and_locked_layer,False
2018-19,1629123,1610612750,Jared Terrell,full_core,0,0,82,81,14,14,False,False,not_yet_supplied_after_exact_union_and_locked_layer,False
2018-19,1629126,1610612760,Deonte Burton,partial,0,0,82,82,32,32,False,False,not_yet_supplied_after_exact_union_and_locked_layer,False
2018-19,1629130,1610612748,Duncan Robinson,partial,0,0,82,82,15,15,False,False,not_yet_supplied_after_exact_union_and_locked_layer,False
2018-19,200757,1610612762,Thabo Sefolosha,full_core,0,0,82,81,50,49,False,False,not_yet_supplied_after_exact_union_and_locked_layer,False
2018-19,200765,1610612747,Rajon Rondo,full_core,0,0,82,81,46,45,False,False,not_yet_supplied_after_exact_union_and_locked_layer,False
2018-19,200794,1610612743,Paul Millsap,full_core,0,0,82,81,70,69,False,False,not_yet_supplied_after_exact_union_and_locked_layer,False
2018-19,201145,1610612764,Jeff Green,full_core,0,0,82,81,77,76,False,False,not_yet_supplied_after_exact_union_and_locked_layer,False
2018-19,201229,1610612750,Anthony Tolliver,full_core,0,0,82,81,65,64,False,False,not_yet_supplied_after_exact_union_and_locked_layer,False
2018-19,201565,1610612750,Derrick Rose,full_core,0,0,82,81,51,50,False,False,not_yet_supplied_after_exact_union_and_locked_layer,False
2018-19,201572,1610612749,Brook Lopez,full_core,0,0,82,81,81,80,False,False,not_yet_supplied_after_exact_union_and_locked_layer,False
2018-19,201577,1610612741,Robin Lopez,full_core,0,0,82,81,74,73,False,False,not_yet_supplied_after_exact_union_and_locked_layer,False
2018-19,201580,1610612747,JaVale McGee,full_core,0,0,82,81,75,74,False,False,not_yet_supplied_after_exact_union_and_locked_layer,False
2018-19,201585,1610612758,Kosta Koufos,full_core,0,0,82,81,42,41,False,False,not_yet_supplied_after_exact_union_and_locked_layer,False
2018-19,201937,1610612762,Ricky Rubio,full_core,0,0,82,81,68,67,False,False,not_yet_supplied_after_exact_union_and_locked_layer,False
2018-19,201950,1610612740,Jrue Holiday,full_core,0,0,82,81,67,67,False,False,not_yet_supplied_after_exact_union_and_locked_layer,False
2018-19,201952,1610612750,Jeff Teague,full_core,0,0,82,81,42,41,False,False,not_yet_supplied_after_exact_union_and_locked_layer,False
2018-19,201959,1610612750,Taj Gibson,full_core,0,0,82,81,70,69,False,False,not_yet_supplied_after_exact_union_and_locked_layer,False
2018-19,202322,1610612764,John Wall,full_core,0,0,82,81,32,32,False,False,not_yet_supplied_after_exact_union_and_locked_layer,False
2018-19,202324,1610612762,Derrick Favors,full_core,0,0,82,81,76,75,False,False,not_yet_supplied_after_exact_union_and_locked_layer,False
2018-19,202327,1610612762,Ekpe Udoh,full_core,0,0,82,81,51,50,False,False,not_yet_supplied_after_exact_union_and_locked_layer,False
2018-19,202339,1610612749,Eric Bledsoe,full_core,0,0,82,81,78,78,False,False,not_yet_supplied_after_exact_union_and_locked_layer,False
2018-19,202357,1610612758,Nemanja Bjelica,full_core,0,0,82,81,77,76,False,False,not_yet_supplied_after_exact_union_and_locked_layer,False
2018-19,202362,1610612747,Lance Stephenson,full_core,0,0,82,81,68,67,False,False,not_yet_supplied_after_exact_union_and_locked_layer,False
2018-19,202498,1610612752,Lance Thomas,full_core,0,0,82,81,46,45,False,False,not_yet_supplied_after_exact_union_and_locked_layer,False
2018-19,202734,1610612740,E'Twaun Moore,full_core,0,0,82,81,53,53,False,False,not_yet_supplied_after_exact_union_and_locked_layer,False
2018-19,202738,1610612743,Isaiah Thomas,full_core,0,0,82,81,12,12,False,False,not_yet_supplied_after_exact_union_and_locked_layer,False
2018-19,203076,1610612740,Anthony Davis,full_core,0,0,82,81,56,55,False,False,not_yet_supplied_after_exact_union_and_locked_layer,False
2018-19,203078,1610612764,Bradley Beal,full_core,0,0,82,81,82,81,False,False,not_yet_supplied_after_exact_union_and_locked_layer,False
2018-19,203107,1610612764,Tomas Satoransky,full_core,0,0,82,81,80,79,False,False,not_yet_supplied_after_exact_union_and_locked_layer,False
2018-19,203109,1610612762,Jae Crowder,full_core,0,0,82,81,80,79,False,False,not_yet_supplied_after_exact_union_and_locked_layer,False
2018-19,203114,1610612749,Khris Middleton,full_core,0,0,82,81,77,76,False,False,not_yet_supplied_after_exact_union_and_locked_layer,False
2018-19,203115,1610612743,Will Barton,full_core,0,0,82,81,43,43,False,False,not_yet_supplied_after_exact_union_and_locked_layer,False
2018-19,203121,1610612740,Darius Miller,full_core,0,0,82,81,69,68,False,False,not_yet_supplied_after_exact_union_and_locked_layer,False
2018-19,203476,1610612750,Gorgui Dieng,full_core,0,0,82,81,76,75,False,False,not_yet_supplied_after_exact_union_and_locked_layer,False
2018-19,203484,1610612747,Kentavious Caldwell-Pope,full_core,0,0,82,81,82,81,False,False,not_yet_supplied_after_exact_union_and_locked_layer,False
2018-19,203486,1610612743,Mason Plumlee,full_core,0,0,82,81,82,81,False,False,not_yet_supplied_after_exact_union_and_locked_layer,False
2018-19,203497,1610612762,Rudy Gobert,full_core,0,0,82,81,81,80,False,False,not_yet_supplied_after_exact_union_and_locked_layer,False
2018-19,203503,1610612749,Tony Snell,full_core,0,0,82,81,74,73,False,False,not_yet_supplied_after_exact_union_and_locked_layer,False
2018-19,203507,1610612749,Giannis Antetokounmpo,full_core,0,0,82,81,72,71,False,False,not_yet_supplied_after_exact_union_and_locked_layer,False
2018-19,203524,1610612740,Solomon Hill,full_core,0,0,82,81,44,44,False,False,not_yet_supplied_after_exact_union_and_locked_layer,False
2018-19,203526,1610612762,Raul Neto,full_core,0,0,82,81,37,37,False,False,not_yet_supplied_after_exact_union_and_locked_layer,False
2018-19,203546,1610612740,Ian Clark,full_core,0,0,82,81,60,59,False,False,not_yet_supplied_after_exact_union_and_locked_layer,False
2018-19,203584,1610612756,Troy Daniels,full_core,0,0,82,80,51,50,False,False,not_yet_supplied_after_exact_union_and_locked_layer,False
2018-19,2037,1610612756,Jamal Crawford,full_core,0,0,82,80,64,63,False,False,not_yet_supplied_after_exact_union_and_locked_layer,False
2018-19,203710,1610612750,C.J. Williams,full_core,0,0,82,81,15,15,False,False,not_yet_supplied_after_exact_union_and_locked_layer,False
2018-19,203895,1610612764,Jordan McRae,partial,0,0,82,81,27,26,False,False,not_yet_supplied_after_exact_union_and_locked_layer,False
2018-19,203897,1610612741,Zach LaVine,full_core,0,0,82,81,63,62,False,False,not_yet_supplied_after_exact_union_and_locked_layer,False
2018-19,203901,1610612740,Elfrid Payton,full_core,0,0,82,81,42,41,False,False,not_yet_supplied_after_exact_union_and_locked_layer,False
2018-19,203914,1610612743,Gary Harris,full_core,0,0,82,81,57,56,False,False,not_yet_supplied_after_exact_union_and_locked_layer,False
2018-19,203933,1610612756,T.J. Warren,full_core,0,0,82,80,43,42,False,False,not_yet_supplied_after_exact_union_and_locked_layer,False
2018-19,203943,1610612752,Noah Vonleh,full_core,0,0,82,81,68,67,False,False,not_yet_supplied_after_exact_union_and_locked_layer,False
2018-19,203944,1610612740,Julius Randle,full_core,0,0,82,81,73,72,False,False,not_yet_supplied_after_exact_union_and_locked_layer,False
2018-19,203952,1610612750,Andrew Wiggins,full_core,0,0,82,81,73,72,False,False,not_yet_supplied_after_exact_union_and_locked_layer,False
2018-19,203957,1610612762,Dante Exum,full_core,0,0,82,81,42,41,False,False,not_yet_supplied_after_exact_union_and_locked_layer,False
2018-19,203992,1610612758,Bogdan Bogdanovic,full_core,0,0,82,81,70,69,False,False,not_yet_supplied_after_exact_union_and_locked_layer,False
2018-19,203999,1610612743,Nikola Jokic,full_core,0,0,82,81,80,79,False,False,not_yet_supplied_after_exact_union_and_locked_layer,False
2018-19,204060,1610612762,Joe Ingles,full_core,0,0,82,81,82,81,False,False,not_yet_supplied_after_exact_union_and_locked_layer,False
2018-19,2544,1610612747,LeBron James,full_core,0,0,82,81,55,54,False,False,not_yet_supplied_after_exact_union_and_locked_layer,False
2018-19,2730,1610612764,Dwight Howard,full_core,0,0,82,81,9,9,False,False,not_yet_supplied_after_exact_union_and_locked_layer,False
2018-19,2736,1610612750,Luol Deng,full_core,0,0,82,81,22,21,False,False,not_yet_supplied_after_exact_union_and_locked_layer,False
2019-20,101108,1610612760,Chris Paul,full_core,0,0,72,71,70,70,False,False,not_yet_supplied_after_exact_union_and_locked_layer,False
2019-20,101133,1610612764,Ian Mahinmi,full_core,0,0,72,71,38,37,False,False,not_yet_supplied_after_exact_union_and_locked_layer,False
2019-20,101150,1610612746,Lou Williams,full_core,0,0,72,70,65,64,False,False,not_yet_supplied_after_exact_union_and_locked_layer,False
2019-20,1626143,1610612740,Jahlil Okafor,full_core,0,0,72,71,30,29,False,False,not_yet_supplied_after_exact_union_and_locked_layer,False
2019-20,1626149,1610612746,Montrezl Harrell,full_core,0,0,72,70,63,62,False,False,not_yet_supplied_after_exact_union_and_locked_layer,False
2019-20,1626157,1610612750,Karl-Anthony Towns,full_core,0,0,64,63,35,34,False,False,not_yet_supplied_after_exact_union_and_locked_layer,False
2019-20,1626158,1610612758,Richaun Holmes,full_core,0,0,72,71,44,44,False,False,not_yet_supplied_after_exact_union_and_locked_layer,False
2019-20,1626167,1610612754,Myles Turner,full_core,0,0,73,71,62,61,False,False,not_yet_supplied_after_exact_union_and_locked_layer,False
2019-20,1626169,1610612761,Stanley Johnson,full_core,0,0,72,70,25,23,False,False,not_yet_supplied_after_exact_union_and_locked_layer,False
2019-20,1626171,1610612752,Bobby Portis,full_core,0,0,66,65,66,65,False,False,not_yet_supplied_after_exact_union_and_locked_layer,False
2019-20,1626174,1610612765,Christian Wood,full_core,0,0,66,65,62,61,False,False,not_yet_supplied_after_exact_union_and_locked_layer,False
2019-20,1626178,1610612761,Rondae Hollis-Jefferson,full_core,0,0,72,70,60,59,False,False,not_yet_supplied_after_exact_union_and_locked_layer,False
2019-20,1626181,1610612761,Norman Powell,full_core,0,0,72,70,52,50,False,False,not_yet_supplied_after_exact_union_and_locked_layer,False
2019-20,1626204,1610612739,Larry Nance Jr.,full_core,0,0,65,64,56,56,False,False,not_yet_supplied_after_exact_union_and_locked_layer,False
2019-20,1626224,1610612739,Cedi Osman,full_core,0,0,65,64,65,64,False,False,not_yet_supplied_after_exact_union_and_locked_layer,False
2019-20,1626245,1610612741,Cristiano Felicio,full_core,0,0,65,64,22,22,False,False,not_yet_supplied_after_exact_union_and_locked_layer,False
2019-20,1626259,1610612761,Malcolm Miller,full_core,0,0,72,70,28,26,False,False,not_yet_supplied_after_exact_union_and_locked_layer,False
2019-20,1627734,1610612754,Domantas Sabonis,full_core,0,0,73,71,62,61,False,False,not_yet_supplied_after_exact_union_and_locked_layer,False
2019-20,1627739,1610612741,Kris Dunn,full_core,0,0,65,64,51,50,False,False,not_yet_supplied_after_exact_union_and_locked_layer,False
2019-20,1627741,1610612758,Buddy Hield,full_core,0,0,72,71,72,71,False,False,not_yet_supplied_after_exact_union_and_locked_layer,False
2019-20,1627742,1610612740,Brandon Ingram,full_core,0,0,72,71,62,61,False,False,not_yet_supplied_after_exact_union_and_locked_layer,False
2019-20,1627748,1610612765,Thon Maker,full_core,0,0,66,65,60,59,False,False,not_yet_supplied_after_exact_union_and_locked_layer,False
2019-20,1627750,1610612743,Jamal Murray,full_core,0,0,73,72,59,58,False,False,not_yet_supplied_after_exact_union_and_locked_layer,False
2019-20,1627756,1610612741,Denzel Valentine,full_core,0,0,65,64,36,35,False,False,not_yet_supplied_after_exact_union_and_locked_layer,False
2019-20,1627759,1610612738,Jaylen Brown,full_core,0,0,72,71,57,56,False,False,not_yet_supplied_after_exact_union_and_locked_layer,False
2019-20,1627763,1610612754,Malcolm Brogdon,full_core,0,0,73,71,54,52,False,False,not_yet_supplied_after_exact_union_and_locked_layer,False
2019-20,1627774,1610612750,Jake Layman,full_core,0,0,64,63,23,23,False,False,not_yet_supplied_after_exact_union_and_locked_layer,False
2019-20,1627775,1610612761,Patrick McCaw,full_core,0,0,72,70,37,37,False,False,not_yet_supplied_after_exact_union_and_locked_layer,False
2019-20,1627783,1610612761,Pascal Siakam,full_core,0,0,72,70,60,59,False,False,not_yet_supplied_after_exact_union_and_locked_layer,False
2019-20,1627790,1610612739,Ante Zizic,full_core,0,0,65,64,22,21,False,False,not_yet_supplied_after_exact_union_and_locked_layer,False
2019-20,1627812,1610612758,Yogi Ferrell,full_core,0,0,72,71,50,49,False,False,not_yet_supplied_after_exact_union_and_locked_layer,False
2019-20,1627814,1610612744,Damion Lee,partial,0,0,65,65,49,49,False,False,not_yet_supplied_after_exact_union_and_locked_layer,False
2019-20,1627826,1610612746,Ivica Zubac,full_core,0,0,72,70,72,70,False,False,not_yet_supplied_after_exact_union_and_locked_layer,False
2019-20,1627832,1610612761,Fred VanVleet,full_core,0,0,72,70,54,53,False,False,not_yet_supplied_after_exact_union_and_locked_layer,False
2019-20,1627846,1610612760,Abdel Nader,full_core,0,0,72,71,55,55,False,False,not_yet_supplied_after_exact_union_and_locked_layer,False
2019-20,1627853,1610612741,Ryan Arcidiacono,full_core,0,0,65,64,58,57,False,False,not_yet_supplied_after_exact_union_and_locked_layer,False
2019-20,1627884,1610612748,Derrick Jones Jr.,full_core,0,0,73,72,59,58,False,False,not_yet_supplied_after_exact_union_and_locked_layer,False
2019-20,1627885,1610612741,Shaquille Harrison,full_core,0,0,65,64,43,42,False,False,not_yet_supplied_after_exact_union_and_locked_layer,False
2019-20,1627982,1610612740,Josh Gray,full_core,0,0,72,71,2,2,False,False,not_yet_supplied_after_exact_union_and_locked_layer,False
2019-20,1628366,1610612740,Lonzo Ball,full_core,0,0,72,71,63,62,False,False,not_yet_supplied_after_exact_union_and_locked_layer,False
2019-20,1628368,1610612758,De'Aaron Fox,full_core,0,0,72,71,51,50,False,False,not_yet_supplied_after_exact_union_and_locked_layer,False
2019-20,1628369,1610612738,Jayson Tatum,full_core,0,0,72,71,66,65,False,False,not_yet_supplied_after_exact_union_and_locked_layer,False
2019-20,1628372,1610612752,Dennis Smith Jr.,full_core,0,0,66,65,34,33,False,False,not_yet_supplied_after_exact_union_and_locked_layer,False
2019-20,1628373,1610612752,Frank Ntilikina,full_core,0,0,66,65,57,56,False,False,not_yet_supplied_after_exact_union_and_locked_layer,False
2019-20,1628374,1610612741,Lauri Markkanen,full_core,0,0,65,64,50,49,False,False,not_yet_supplied_after_exact_union_and_locked_layer,False
2019-20,1628379,1610612765,Luke Kennard,full_core,0,0,66,65,28,28,False,False,not_yet_supplied_after_exact_union_and_locked_layer,False
2019-20,1628384,1610612761,OG Anunoby,full_core,0,0,72,70,69,68,False,False,not_yet_supplied_after_exact_union_and_locked_layer,False
2019-20,1628385,1610612758,Harry Giles III,full_core,0,0,72,71,46,45,False,False,not_yet_supplied_after_exact_union_and_locked_layer,False
2019-20,1628388,1610612754,TJ Leaf,full_core,0,0,73,71,28,27,False,False,not_yet_supplied_after_exact_union_and_locked_layer,False
2019-20,1628389,1610612748,Bam Adebayo,full_core,0,0,73,72,72,72,False,False,not_yet_supplied_after_exact_union_and_locked_layer,False
2019-20,1628390,1610612760,Terrance Ferguson,full_core,0,0,72,71,56,55,False,False,not_yet_supplied_after_exact_union_and_locked_layer,False
2019-20,1628400,1610612738,Semi Ojeleye,full_core,0,0,72,71,69,68,False,False,not_yet_supplied_after_exact_union_and_locked_layer,False
2019-20,1628402,1610612740,Frank Jackson,full_core,0,0,72,71,59,58,False,False,not_yet_supplied_after_exact_union_and_locked_layer,False
2019-20,1628404,1610612740,Josh Hart,full_core,0,0,72,71,65,64,False,False,not_yet_supplied_after_exact_union_and_locked_layer,False
2019-20,1628405,1610612746,Johnathan Motley,full_core,0,0,72,70,13,13,False,False,not_yet_supplied_after_exact_union_and_locked_layer,False
2019-20,1628408,1610612743,PJ Dozier,partial,0,0,73,72,29,28,False,False,not_yet_supplied_after_exact_union_and_locked_layer,False
2019-20,1628410,1610612754,Edmond Sumner,full_core,0,0,73,71,31,29,False,False,not_yet_supplied_after_exact_union_and_locked_layer,False
2019-20,1628418,1610612764,Thomas Bryant,full_core,0,0,72,71,46,46,False,False,not_yet_supplied_after_exact_union_and_locked_layer,False
2019-20,1628420,1610612743,Monte Morris,full_core,0,0,73,72,73,72,False,False,not_yet_supplied_after_exact_union_and_locked_layer,False
2019-20,1628422,1610612752,Damyean Dotson,full_core,0,0,66,65,48,47,False,False,not_yet_supplied_after_exact_union_and_locked_layer,False
2019-20,1628427,1610612743,Vlatko Cancar,full_core,0,0,73,72,14,14,False,False,not_yet_supplied_after_exact_union_and_locked_layer,False
2019-20,1628436,1610612741,Luke Kornet,full_core,0,0,65,64,36,36,False,False,not_yet_supplied_after_exact_union_and_locked_layer,False
2019-20,1628443,1610612752,Kadeem Allen,full_core,0,0,66,65,10,10,False,False,not_yet_supplied_after_exact_union_and_locked_layer,False
2019-20,1628449,1610612761,Chris Boucher,full_core,0,0,72,70,62,60,False,False,not_yet_supplied_after_exact_union_and_locked_layer,False
2019-20,1628464,1610612738,Daniel Theis,full_core,0,0,72,71,65,65,False,False,not_yet_supplied_after_exact_union_and_locked_layer,False
2019-20,1628470,1610612743,Torrey Craig,full_core,0,0,73,72,58,57,False,False,not_yet_supplied_after_exact_union_and_locked_layer,False
2019-20,1628513,1610612754,Naz Mitrou-Long,full_core,0,0,73,71,5,4,False,False,not_yet_supplied_after_exact_union_and_locked_layer,False
2019-20,1628963,1610612758,Marvin Bagley III,full_core,0,0,72,71,13,13,False,False,not_yet_supplied_after_exact_union_and_locked_layer,False
2019-20,1628968,1610612754,Brian Bowen II,full_core,0,0,73,71,6,5,False,False,not_yet_supplied_after_exact_union_and_locked_layer,False
2019-20,1628971,1610612765,Bruce Brown,full_core,0,0,66,65,58,57,False,False,not_yet_supplied_after_exact_union_and_locked_layer,False
2019-20,1628972,1610612764,Troy Brown Jr.,full_core,0,0,72,71,69,68,False,False,not_yet_supplied_after_exact_union_and_locked_layer,False
2019-20,1628976,1610612741,Wendell Carter Jr.,full_core,0,0,65,64,43,42,False,False,not_yet_supplied_after_exact_union_and_locked_layer,False
2019-20,1628977,1610612760,Hamidou Diallo,full_core,0,0,72,71,46,45,False,False,not_yet_supplied_after_exact_union_and_locked_layer,False
2019-20,1628983,1610612760,Shai Gilgeous-Alexander,full_core,0,0,72,71,70,69,False,False,not_yet_supplied_after_exact_union_and_locked_layer,False
2019-20,1628987,1610612760,Kevin Hervey,partial,0,0,72,71,10,9,False,False,not_yet_supplied_after_exact_union_and_locked_layer,False
2019-20,1628988,1610612754,Aaron Holiday,full_core,0,0,73,71,66,64,False,False,not_yet_supplied_after_exact_union_and_locked_layer,False
2019-20,1628990,1610612741,Chandler Hutchison,full_core,0,0,65,64,28,28,False,False,not_yet_supplied_after_exact_union_and_locked_layer,False
2019-20,1628993,1610612754,Alize Johnson,full_core,0,0,73,71,17,16,False,False,not_yet_supplied_after_exact_union_and_locked_layer,False
2019-20,1628995,1610612752,Kevin Knox II,full_core,0,0,66,65,65,64,False,False,not_yet_supplied_after_exact_union_and_locked_layer,False
2019-20,1629004,1610612765,Svi Mykhailiuk,full_core,0,0,66,65,56,55,False,False,not_yet_supplied_after_exact_union_and_locked_layer,False
2019-20,1629006,1610612750,Josh Okogie,full_core,0,0,64,63,62,61,False,False,not_yet_supplied_after_exact_union_and_locked_layer,False
2019-20,1629008,1610612743,Michael Porter Jr.,full_core,0,0,73,72,55,55,False,False,not_yet_supplied_after_exact_union_and_locked_layer,False
2019-20,1629011,1610612752,Mitchell Robinson,full_core,0,0,66,65,61,60,False,False,not_yet_supplied_after_exact_union_and_locked_layer,False
2019-20,1629012,1610612739,Collin Sexton,full_core,0,0,65,64,65,64,False,False,not_yet_supplied_after_exact_union_and_locked_layer,False
2019-20,1629013,1610612746,Landry Shamet,full_core,0,0,72,70,53,53,False,False,not_yet_supplied_after_exact_union_and_locked_layer,False
2019-20,1629017,1610612765,Khyri Thomas,full_core,0,0,66,65,8,8,False,False,not_yet_supplied_after_exact_union_and_locked_layer,False
2019-20,1629019,1610612752,Allonzo Trier,full_core,0,0,66,65,24,23,False,False,not_yet_supplied_after_exact_union_and_locked_layer,False
2019-20,1629021,1610612764,Moritz Wagner,full_core,0,0,72,71,45,45,False,False,not_yet_supplied_after_exact_union_and_locked_layer,False
2019-20,1629026,1610612740,Kenrich Williams,full_core,0,0,72,71,39,38,False,False,not_yet_supplied_after_exact_union_and_locked_layer,False
2019-20,1629035,1610612738,Carsen Edwards,full_core,0,0,72,71,37,36,False,False,not_yet_supplied_after_exact_union_and_locked_layer,False
2019-20,1629048,1610612754,Goga Bitadze,full_core,0,0,73,71,54,52,False,False,not_yet_supplied_after_exact_union_and_locked_layer,False
2019-20,1629052,1610612761,Oshae Brissett,full_core,0,0,72,70,19,19,False,False,not_yet_supplied_after_exact_union_and_locked_layer,False
2019-20,1629056,1610612761,Terence Davis,full_core,0,0,72,70,72,70,False,False,not_yet_supplied_after_exact_union_and_locked_layer,False
2019-20,1629057,1610612738,Robert Williams III,full_core,0,0,72,71,29,28,False,False,not_yet_supplied_after_exact_union_and_locked_layer,False
2019-20,1629060,1610612764,Rui Hachimura,full_core,0,0,72,71,48,48,False,False,not_yet_supplied_after_exact_union_and_locked_layer,False
2019-20,1629065,1610612744,Ky Bowman,partial,0,0,65,65,45,45,False,False,not_yet_supplied_after_exact_union_and_locked_layer,False
2019-20,1629067,1610612764,Isaac Bonga,full_core,0,0,72,71,66,65,False,False,not_yet_supplied_after_exact_union_and_locked_layer,False
2019-20,1629103,1610612750,Kelan Martin,full_core,0,0,64,63,31,30,False,False,not_yet_supplied_after_exact_union_and_locked_layer,False
2019-20,1629126,1610612760,Deonte Burton,full_core,0,0,72,71,39,38,False,False,not_yet_supplied_after_exact_union_and_locked_layer,False
2019-20,1629130,1610612748,Duncan Robinson,full_core,0,0,73,72,73,72,False,False,not_yet_supplied_after_exact_union_and_locked_layer,False
2019-20,1629134,1610612748,Kendrick Nunn,full_core,0,0,73,72,67,66,False,False,not_yet_supplied_after_exact_union_and_locked_layer,False
2019-20,1629162,1610612750,Jordan McLaughlin,full_core,0,0,64,63,30,29,False,False,not_yet_supplied_after_exact_union_and_locked_layer,False
2019-20,1629164,1610612737,Brandon Goodwin,partial,0,0,67,67,34,34,False,False,not_yet_supplied_after_exact_union_and_locked_layer,False
2019-20,1629597,1610612740,Zylan Cheatham,full_core,0,0,72,71,4,4,False,False,not_yet_supplied_after_exact_union_and_locked_layer,False
2019-20,1629598,1610612745,Chris Clemons,partial,0,0,72,72,33,33,False,False,not_yet_supplied_after_exact_union_and_locked_layer,False
2019-20,1629599,1610612746,Amir Coffey,full_core,0,0,72,70,18,17,False,False,not_yet_supplied_after_exact_union_and_locked_layer,False
2019-20,1629605,1610612738,Tacko Fall,full_core,0,0,72,71,7,6,False,False,not_yet_supplied_after_exact_union_and_locked_layer,False
2019-20,1629608,1610612761,Dewan Hernandez,full_core,0,0,72,70,6,5,False,False,not_yet_supplied_after_exact_union_and_locked_layer,False
2019-20,1629610,1610612758,DaQuan Jeffries,full_core,0,0,72,71,13,13,False,False,not_yet_supplied_after_exact_union_and_locked_layer,False
2019-20,1629611,1610612746,Terance Mann,full_core,0,0,72,70,41,40,False,False,not_yet_supplied_after_exact_union_and_locked_layer,False
2019-20,1629622,1610612741,Max Strus,full_core,0,0,65,64,2,2,False,False,not_yet_supplied_after_exact_union_and_locked_layer,False
2019-20,1629626,1610612743,Bol Bol,full_core,0,0,73,72,6,5,False,False,not_yet_supplied_after_exact_union_and_locked_layer,False
2019-20,1629627,1610612740,Zion Williamson,full_core,0,0,72,71,24,24,False,False,not_yet_supplied_after_exact_union_and_locked_layer,False
2019-20,1629628,1610612752,RJ Barrett,full_core,0,0,66,65,56,55,False,False,not_yet_supplied_after_exact_union_and_locked_layer,False
2019-20,1629632,1610612741,Coby White,full_core,0,0,65,64,65,64,False,False,not_yet_supplied_after_exact_union_and_locked_layer,False
2019-20,1629633,1610612750,Jarrett Culver,full_core,0,0,64,63,63,62,False,False,not_yet_supplied_after_exact_union_and_locked_layer,False
2019-20,1629635,1610612765,Sekou Doumbouya,full_core,0,0,66,65,38,37,False,False,not_yet_supplied_after_exact_union_and_locked_layer,False
2019-20,1629636,1610612739,Darius Garland,full_core,0,0,65,64,59,58,False,False,not_yet_supplied_after_exact_union_and_locked_layer,False
2019-20,1629637,1610612740,Jaxson Hayes,full_core,0,0,72,71,64,63,False,False,not_yet_supplied_after_exact_union_and_locked_layer,False
2019-20,1629638,1610612740,Nickeil Alexander-Walker,full_core,0,0,72,71,47,46,False,False,not_yet_supplied_after_exact_union_and_locked_layer,False
2019-20,1629639,1610612748,Tyler Herro,full_core,0,0,73,72,55,54,False,False,not_yet_supplied_after_exact_union_and_locked_layer,False
2019-20,1629641,1610612738,Romeo Langford,full_core,0,0,72,71,32,32,False,False,not_yet_supplied_after_exact_union_and_locked_layer,False
2019-20,1629644,1610612748,KZ Okpala,full_core,0,0,73,72,5,5,False,False,not_yet_supplied_after_exact_union_and_locked_layer,False
2019-20,1629645,1610612739,Kevin Porter Jr.,full_core,0,0,65,64,50,50,False,False,not_yet_supplied_after_exact_union_and_locked_layer,False
2019-20,1629647,1610612760,Darius Bazley,full_core,0,0,72,71,61,60,False,False,not_yet_supplied_after_exact_union_and_locked_layer,False
2019-20,1629648,1610612765,Jordan Bone,full_core,0,0,66,65,10,10,False,False,not_yet_supplied_after_exact_union_and_locked_layer,False
2019-20,1629649,1610612752,Ignas Brazdeikis,full_core,0,0,66,65,9,9,False,False,not_yet_supplied_after_exact_union_and_locked_layer,False
2019-20,1629652,1610612760,Luguentz Dort,partial,0,0,72,71,36,36,False,False,not_yet_supplied_after_exact_union_and_locked_layer,False
2019-20,1629655,1610612741,Daniel Gafford,full_core,0,0,65,64,43,42,False,False,not_yet_supplied_after_exact_union_and_locked_layer,False
2019-20,1629657,1610612758,Kyle Guy,full_core,0,0,72,71,3,3,False,False,not_yet_supplied_after_exact_union_and_locked_layer,False
2019-20,1629662,1610612746,Mfiondu Kabengele,full_core,0,0,72,70,12,12,False,False,not_yet_supplied_after_exact_union_and_locked_layer,False
2019-20,1629663,1610612765,Louis King,full_core,0,0,66,65,10,10,False,False,not_yet_supplied_after_exact_union_and_locked_layer,False
2019-20,1629669,1610612750,Jaylen Nowell,full_core,0,0,64,63,15,15,False,False,not_yet_supplied_after_exact_union_and_locked_layer,False
2019-20,1629675,1610612750,Naz Reid,full_core,0,0,64,63,30,29,False,False,not_yet_supplied_after_exact_union_and_locked_layer,False
2019-20,1629678,1610612764,Admiral Schofield,full_core,0,0,72,71,33,32,False,False,not_yet_supplied_after_exact_union_and_locked_layer,False
2019-20,1629682,1610612738,Tremont Waters,full_core,0,0,72,71,11,11,False,False,not_yet_supplied_after_exact_union_and_locked_layer,False
2019-20,1629683,1610612759,Quinndary Weatherspoon,full_core,0,0,71,71,11,10,False,False,not_yet_supplied_after_exact_union_and_locked_layer,False
2019-20,1629684,1610612738,Grant Williams,full_core,0,0,72,71,69,68,False,False,not_yet_supplied_after_exact_union_and_locked_layer,False
2019-20,1629690,1610612741,Adam Mokoka,full_core,0,0,65,64,11,11,False,False,not_yet_supplied_after_exact_union_and_locked_layer,False
2019-20,1629713,1610612758,Justin James,full_core,0,0,72,71,36,35,False,False,not_yet_supplied_after_exact_union_and_locked_layer,False
2019-20,1629726,1610612764,Garrison Mathews,full_core,0,0,72,71,18,17,False,False,not_yet_supplied_after_exact_union_and_locked_layer,False
2019-20,1629731,1610612739,Dean Wade,partial,0,0,65,64,12,12,False,False,not_yet_supplied_after_exact_union_and_locked_layer,False
2019-20,1629735,1610612748,Chris Silva,partial,0,0,73,72,44,43,False,False,not_yet_supplied_after_exact_union_and_locked_layer,False
2019-20,1629738,1610612738,Vincent Poirier,full_core,0,0,72,71,21,20,False,False,not_yet_supplied_after_exact_union_and_locked_layer,False
2019-20,1629740,1610612740,Nicolo Melli,full_core,0,0,72,71,60,59,False,False,not_yet_supplied_after_exact_union_and_locked_layer,False
2019-20,1629744,1610612761,Matt Thomas,full_core,0,0,72,70,41,39,False,False,not_yet_supplied_after_exact_union_and_locked_layer,False
2019-20,1629750,1610612738,Javonte Green,full_core,0,0,72,71,48,47,False,False,not_yet_supplied_after_exact_union_and_locked_layer,False
2019-20,200755,1610612740,JJ Redick,full_core,0,0,72,71,60,59,False,False,not_yet_supplied_after_exact_union_and_locked_layer,False
2019-20,200768,1610612761,Kyle Lowry,full_core,0,0,72,70,58,57,False,False,not_yet_supplied_after_exact_union_and_locked_layer,False
2019-20,200794,1610612743,Paul Millsap,full_core,0,0,73,72,51,50,False,False,not_yet_supplied_after_exact_union_and_locked_layer,False
2019-20,201152,1610612741,Thaddeus Young,full_core,0,0,65,64,64,63,False,False,not_yet_supplied_after_exact_union_and_locked_layer,False
2019-20,201188,1610612761,Marc Gasol,full_core,0,0,72,70,44,42,False,False,not_yet_supplied_after_exact_union_and_locked_layer,False
2019-20,201565,1610612765,Derrick Rose,full_core,0,0,66,65,50,49,False,False,not_yet_supplied_after_exact_union_and_locked_layer,False
2019-20,201567,1610612739,Kevin Love,full_core,0,0,65,64,56,55,False,False,not_yet_supplied_after_exact_union_and_locked_layer,False
2019-20,201568,1610612760,Danilo Gallinari,full_core,0,0,72,71,62,61,False,False,not_yet_supplied_after_exact_union_and_locked_layer,False
2019-20,201586,1610612761,Serge Ibaka,full_core,0,0,72,70,55,54,False,False,not_yet_supplied_after_exact_union_and_locked_layer,False
2019-20,201609,1610612748,Goran Dragic,full_core,0,0,73,72,59,59,False,False,not_yet_supplied_after_exact_union_and_locked_layer,False
2019-20,201933,1610612765,Blake Griffin,full_core,0,0,66,65,18,18,False,False,not_yet_supplied_after_exact_union_and_locked_layer,False
2019-20,201950,1610612740,Jrue Holiday,full_core,0,0,72,71,61,60,False,False,not_yet_supplied_after_exact_union_and_locked_layer,False
2019-20,201959,1610612752,Taj Gibson,full_core,0,0,66,65,62,61,False,False,not_yet_supplied_after_exact_union_and_locked_layer,False
2019-20,201961,1610612752,Wayne Ellington,full_core,0,0,66,65,36,36,False,False,not_yet_supplied_after_exact_union_and_locked_layer,False
2019-20,201976,1610612746,Patrick Beverley,full_core,0,0,72,70,51,50,False,False,not_yet_supplied_after_exact_union_and_locked_layer,False
2019-20,202324,1610612740,Derrick Favors,full_core,0,0,72,71,51,50,False,False,not_yet_supplied_after_exact_union_and_locked_layer,False
2019-20,202330,1610612738,Gordon Hayward,full_core,0,0,72,71,52,51,False,False,not_yet_supplied_after_exact_union_and_locked_layer,False
2019-20,202331,1610612746,Paul George,full_core,0,0,72,70,48,47,False,False,not_yet_supplied_after_exact_union_and_locked_layer,False
2019-20,202335,1610612746,Patrick Patterson,full_core,0,0,72,70,59,57,False,False,not_yet_supplied_after_exact_union_and_locked_layer,False
2019-20,202357,1610612758,Nemanja Bjelica,full_core,0,0,72,71,72,71,False,False,not_yet_supplied_after_exact_union_and_locked_layer,False
2019-20,202397,1610612764,Ish Smith,full_core,0,0,72,71,68,67,False,False,not_yet_supplied_after_exact_union_and_locked_layer,False
2019-20,202683,1610612738,Enes Kanter,full_core,0,0,72,71,58,58,False,False,not_yet_supplied_after_exact_union_and_locked_layer,False
2019-20,202684,1610612739,Tristan Thompson,full_core,0,0,65,64,57,56,False,False,not_yet_supplied_after_exact_union_and_locked_layer,False
2019-20,202689,1610612738,Kemba Walker,full_core,0,0,72,71,56,55,False,False,not_yet_supplied_after_exact_union_and_locked_layer,False
2019-20,202695,1610612746,Kawhi Leonard,full_core,0,0,72,70,57,57,False,False,not_yet_supplied_after_exact_union_and_locked_layer,False
2019-20,202709,1610612758,Cory Joseph,full_core,0,0,72,71,72,71,False,False,not_yet_supplied_after_exact_union_and_locked_layer,False
2019-20,202710,1610612748,Jimmy Butler,full_core,0,0,73,72,58,58,False,False,not_yet_supplied_after_exact_union_and_locked_layer,False
2019-20,202722,1610612764,Davis Bertans,full_core,0,0,72,71,54,53,False,False,not_yet_supplied_after_exact_union_and_locked_layer,False
2019-20,202734,1610612740,E'Twaun Moore,full_core,0,0,72,71,56,55,False,False,not_yet_supplied_after_exact_union_and_locked_layer,False
2019-20,202954,1610612738,Brad Wanamaker,full_core,0,0,72,71,71,70,False,False,not_yet_supplied_after_exact_union_and_locked_layer,False
2019-20,203078,1610612764,Bradley Beal,full_core,0,0,72,71,57,56,False,False,not_yet_supplied_after_exact_union_and_locked_layer,False
2019-20,203084,1610612758,Harrison Barnes,full_core,0,0,72,71,72,71,False,False,not_yet_supplied_after_exact_union_and_locked_layer,False
2019-20,203086,1610612748,Meyers Leonard,full_core,0,0,73,72,51,50,False,False,not_yet_supplied_after_exact_union_and_locked_layer,False
2019-20,203087,1610612754,Jeremy Lamb,full_core,0,0,73,71,46,45,False,False,not_yet_supplied_after_exact_union_and_locked_layer,False
2019-20,203107,1610612741,Tomas Satoransky,full_core,0,0,65,64,65,64,False,False,not_yet_supplied_after_exact_union_and_locked_layer,False
2019-20,203115,1610612743,Will Barton,full_core,0,0,73,72,58,58,False,False,not_yet_supplied_after_exact_union_and_locked_layer,False
2019-20,203200,1610612754,Justin Holiday,full_core,0,0,73,71,73,71,False,False,not_yet_supplied_after_exact_union_and_locked_layer,False
2019-20,203210,1610612746,JaMychal Green,full_core,0,0,72,70,63,62,False,False,not_yet_supplied_after_exact_union_and_locked_layer,False
2019-20,203457,1610612760,Nerlens Noel,full_core,0,0,72,71,61,60,False,False,not_yet_supplied_after_exact_union_and_locked_layer,False
2019-20,203460,1610612760,Andre Roberson,full_core,0,0,72,71,7,6,False,False,not_yet_supplied_after_exact_union_and_locked_layer,False
2019-20,203471,1610612760,Dennis Schroder,full_core,0,0,72,71,65,64,False,False,not_yet_supplied_after_exact_union_and_locked_layer,False
2019-20,203482,1610612748,Kelly Olynyk,full_core,0,0,73,72,67,66,False,False,not_yet_supplied_after_exact_union_and_locked_layer,False
2019-20,203486,1610612743,Mason Plumlee,full_core,0,0,73,72,61,60,False,False,not_yet_supplied_after_exact_union_and_locked_layer,False
2019-20,203488,1610612760,Mike Muscala,full_core,0,0,72,71,47,46,False,False,not_yet_supplied_after_exact_union_and_locked_layer,False
2019-20,203490,1610612741,Otto Porter Jr.,full_core,0,0,65,64,14,14,False,False,not_yet_supplied_after_exact_union_and_locked_layer,False
2019-20,203493,1610612752,Reggie Bullock,full_core,0,0,66,65,29,29,False,False,not_yet_supplied_after_exact_union_and_locked_layer,False
2019-20,203500,1610612760,Steven Adams,full_core,0,0,72,71,63,62,False,False,not_yet_supplied_after_exact_union_and_locked_layer,False
2019-20,203503,1610612765,Tony Snell,full_core,0,0,66,65,59,58,False,False,not_yet_supplied_after_exact_union_and_locked_layer,False
2019-20,203506,1610612754,Victor Oladipo,full_core,0,0,73,71,19,19,False,False,not_yet_supplied_after_exact_union_and_locked_layer,False
2019-20,203521,1610612739,Matthew Dellavedova,full_core,0,0,65,64,57,56,False,False,not_yet_supplied_after_exact_union_and_locked_layer,False
2019-20,203585,1610612746,Rodney McGruder,full_core,0,0,72,70,56,55,False,False,not_yet_supplied_after_exact_union_and_locked_layer,False
2019-20,203658,1610612755,Norvel Pelle,partial,0,0,73,73,24,24,False,False,not_yet_supplied_after_exact_union_and_locked_layer,False
2019-20,203897,1610612741,Zach LaVine,full_core,0,0,65,64,60,59,False,False,not_yet_supplied_after_exact_union_and_locked_layer,False
2019-20,203901,1610612752,Elfrid Payton,full_core,0,0,66,65,45,44,False,False,not_yet_supplied_after_exact_union_and_locked_layer,False
2019-20,203914,1610612743,Gary Harris,full_core,0,0,73,72,56,56,False,False,not_yet_supplied_after_exact_union_and_locked_layer,False
2019-20,203924,1610612743,Jerami Grant,full_core,0,0,73,72,71,70,False,False,not_yet_supplied_after_exact_union_and_locked_layer,False
2019-20,203926,1610612754,Doug McDermott,full_core,0,0,73,71,69,67,False,False,not_yet_supplied_after_exact_union_and_locked_layer,False
2019-20,203933,1610612754,T.J. Warren,full_core,0,0,73,71,67,66,False,False,not_yet_supplied_after_exact_union_and_locked_layer,False
2019-20,203935,1610612738,Marcus Smart,full_core,0,0,72,71,60,59,False,False,not_yet_supplied_after_exact_union_and_locked_layer,False
2019-20,203944,1610612752,Julius Randle,full_core,0,0,66,65,64,63,False,False,not_yet_supplied_after_exact_union_and_locked_layer,False
2019-20,203960,1610612754,JaKarr Sampson,full_core,0,0,73,71,34,33,False,False,not_yet_supplied_after_exact_union_and_locked_layer,False
2019-20,203992,1610612758,Bogdan Bogdanovic,full_core,0,0,72,71,61,60,False,False,not_yet_supplied_after_exact_union_and_locked_layer,False
2019-20,203999,1610612743,Nikola Jokic,full_core,0,0,73,72,73,72,False,False,not_yet_supplied_after_exact_union_and_locked_layer,False
2019-20,204038,1610612765,Langston Galloway,full_core,0,0,66,65,66,65,False,False,not_yet_supplied_after_exact_union_and_locked_layer,False
2019-20,204456,1610612754,T.J. McConnell,full_core,0,0,73,71,71,69,False,False,not_yet_supplied_after_exact_union_and_locked_layer,False
2019-20,2617,1610612748,Udonis Haslem,full_core,0,0,73,72,4,3,False,False,not_yet_supplied_after_exact_union_and_locked_layer,False
2020-21,1626167,1610612754,Myles Turner,full_core,0,0,72,71,47,47,False,False,not_yet_supplied_after_exact_union_and_locked_layer,False
2020-21,1626168,1610612759,Trey Lyles,full_core,0,0,72,71,23,23,False,False,not_yet_supplied_after_exact_union_and_locked_layer,False
2020-21,1626195,1610612740,Willy Hernangomez,full_core,0,0,72,71,47,46,False,False,not_yet_supplied_after_exact_union_and_locked_layer,False
2020-21,1626245,1610612741,Cristiano Felicio,full_core,0,0,72,71,18,18,False,False,not_yet_supplied_after_exact_union_and_locked_layer,False
2020-21,1627734,1610612754,Domantas Sabonis,full_core,0,0,72,71,62,61,False,False,not_yet_supplied_after_exact_union_and_locked_layer,False
2020-21,1627742,1610612740,Brandon Ingram,full_core,0,0,72,71,61,60,False,False,not_yet_supplied_after_exact_union_and_locked_layer,False
2020-21,1627749,1610612759,Dejounte Murray,full_core,0,0,72,71,67,66,False,False,not_yet_supplied_after_exact_union_and_locked_layer,False
2020-21,1627750,1610612743,Jamal Murray,full_core,0,0,72,71,48,47,False,False,not_yet_supplied_after_exact_union_and_locked_layer,False
2020-21,1627751,1610612759,Jakob Poeltl,full_core,0,0,72,71,69,68,False,False,not_yet_supplied_after_exact_union_and_locked_layer,False
2020-21,1627756,1610612741,Denzel Valentine,full_core,0,0,72,71,62,61,False,False,not_yet_supplied_after_exact_union_and_locked_layer,False
2020-21,1627759,1610612738,Jaylen Brown,full_core,0,0,72,71,58,57,False,False,not_yet_supplied_after_exact_union_and_locked_layer,False
2020-21,1627763,1610612754,Malcolm Brogdon,full_core,0,0,72,71,56,56,False,False,not_yet_supplied_after_exact_union_and_locked_layer,False
2020-21,1627853,1610612741,Ryan Arcidiacono,full_core,0,0,72,71,44,43,False,False,not_yet_supplied_after_exact_union_and_locked_layer,False
2020-21,1627884,1610612757,Derrick Jones Jr.,full_core,0,0,72,71,58,57,False,False,not_yet_supplied_after_exact_union_and_locked_layer,False
2020-21,1628366,1610612740,Lonzo Ball,full_core,0,0,72,71,55,54,False,False,not_yet_supplied_after_exact_union_and_locked_layer,False
2020-21,1628369,1610612738,Jayson Tatum,full_core,0,0,72,71,64,63,False,False,not_yet_supplied_after_exact_union_and_locked_layer,False
2020-21,1628374,1610612741,Lauri Markkanen,full_core,0,0,72,71,51,50,False,False,not_yet_supplied_after_exact_union_and_locked_layer,False
2020-21,1628385,1610612757,Harry Giles III,full_core,0,0,72,71,38,38,False,False,not_yet_supplied_after_exact_union_and_locked_layer,False
2020-21,1628400,1610612738,Semi Ojeleye,full_core,0,0,72,71,56,55,False,False,not_yet_supplied_after_exact_union_and_locked_layer,False
2020-21,1628401,1610612759,Derrick White,full_core,0,0,72,71,36,35,False,False,not_yet_supplied_after_exact_union_and_locked_layer,False
2020-21,1628404,1610612740,Josh Hart,full_core,0,0,72,71,47,46,False,False,not_yet_supplied_after_exact_union_and_locked_layer,False
2020-21,1628408,1610612743,PJ Dozier,full_core,0,0,72,71,50,49,False,False,not_yet_supplied_after_exact_union_and_locked_layer,False
2020-21,1628410,1610612754,Edmond Sumner,full_core,0,0,72,71,53,52,False,False,not_yet_supplied_after_exact_union_and_locked_layer,False
2020-21,1628418,1610612764,Thomas Bryant,full_core,0,0,72,71,10,10,False,False,not_yet_supplied_after_exact_union_and_locked_layer,False
2020-21,1628420,1610612743,Monte Morris,full_core,0,0,72,71,47,47,False,False,not_yet_supplied_after_exact_union_and_locked_layer,False
2020-21,1628427,1610612743,Vlatko Cancar,full_core,0,0,72,71,41,41,False,False,not_yet_supplied_after_exact_union_and_locked_layer,False
2020-21,1628966,1610612759,Keita Bates-Diop,full_core,0,0,72,71,30,30,False,False,not_yet_supplied_after_exact_union_and_locked_layer,False
2020-21,1628988,1610612754,Aaron Holiday,full_core,0,0,72,71,66,65,False,False,not_yet_supplied_after_exact_union_and_locked_layer,False
2020-21,1629008,1610612743,Michael Porter Jr.,full_core,0,0,72,71,61,60,False,False,not_yet_supplied_after_exact_union_and_locked_layer,False
2020-21,1629014,1610612757,Anfernee Simons,full_core,0,0,72,71,64,63,False,False,not_yet_supplied_after_exact_union_and_locked_layer,False
2020-21,1629022,1610612759,Lonnie Walker IV,full_core,0,0,72,71,60,59,False,False,not_yet_supplied_after_exact_union_and_locked_layer,False
2020-21,1629035,1610612738,Carsen Edwards,full_core,0,0,72,71,31,31,False,False,not_yet_supplied_after_exact_union_and_locked_layer,False
2020-21,1629048,1610612754,Goga Bitadze,full_core,0,0,72,71,45,44,False,False,not_yet_supplied_after_exact_union_and_locked_layer,False
2020-21,1629057,1610612738,Robert Williams III,full_core,0,0,72,71,52,51,False,False,not_yet_supplied_after_exact_union_and_locked_layer,False
2020-21,1629060,1610612764,Rui Hachimura,full_core,0,0,72,71,57,56,False,False,not_yet_supplied_after_exact_union_and_locked_layer,False
2020-21,1629067,1610612764,Isaac Bonga,full_core,0,0,72,71,40,40,False,False,not_yet_supplied_after_exact_union_and_locked_layer,False
2020-21,1629103,1610612754,Kelan Martin,full_core,0,0,72,71,35,34,False,False,not_yet_supplied_after_exact_union_and_locked_layer,False
2020-21,1629117,1610612740,Wenyen Gabriel,full_core,0,0,72,71,21,21,False,False,not_yet_supplied_after_exact_union_and_locked_layer,False
2020-21,1629139,1610612761,Yuta Watanabe,partial,0,0,72,72,50,50,False,False,not_yet_supplied_after_exact_union_and_locked_layer,False
2020-21,1629234,1610612759,Drew Eubanks,full_core,0,0,72,71,54,53,False,False,not_yet_supplied_after_exact_union_and_locked_layer,False
2020-21,1629308,1610612744,Juan Toscano-Anderson,partial,0,0,72,72,53,53,False,False,not_yet_supplied_after_exact_union_and_locked_layer,False
2020-21,1629603,1610612749,Mamadi Diakite,partial,0,0,72,72,14,14,False,False,not_yet_supplied_after_exact_union_and_locked_layer,False
2020-21,1629604,1610612757,CJ Elleby,full_core,0,0,72,71,30,30,False,False,not_yet_supplied_after_exact_union_and_locked_layer,False
2020-21,1629605,1610612738,Tacko Fall,full_core,0,0,72,71,18,18,False,False,not_yet_supplied_after_exact_union_and_locked_layer,False
2020-21,1629607,1610612752,Jared Harper,partial,0,0,72,72,8,8,False,False,not_yet_supplied_after_exact_union_and_locked_layer,False
2020-21,1629626,1610612743,Bol Bol,full_core,0,0,72,71,32,32,False,False,not_yet_supplied_after_exact_union_and_locked_layer,False
2020-21,1629627,1610612740,Zion Williamson,full_core,0,0,72,71,61,60,False,False,not_yet_supplied_after_exact_union_and_locked_layer,False
2020-21,1629632,1610612741,Coby White,full_core,0,0,72,71,69,68,False,False,not_yet_supplied_after_exact_union_and_locked_layer,False
2020-21,1629637,1610612740,Jaxson Hayes,full_core,0,0,72,71,60,59,False,False,not_yet_supplied_after_exact_union_and_locked_layer,False
2020-21,1629638,1610612740,Nickeil Alexander-Walker,full_core,0,0,72,71,46,45,False,False,not_yet_supplied_after_exact_union_and_locked_layer,False
2020-21,1629640,1610612759,Keldon Johnson,full_core,0,0,72,71,69,68,False,False,not_yet_supplied_after_exact_union_and_locked_layer,False
2020-21,1629641,1610612738,Romeo Langford,full_core,0,0,72,71,18,18,False,False,not_yet_supplied_after_exact_union_and_locked_layer,False
2020-21,1629642,1610612757,Nassir Little,full_core,0,0,72,71,48,47,False,False,not_yet_supplied_after_exact_union_and_locked_layer,False
2020-21,1629650,1610612760,Moses Brown,partial,0,0,72,72,43,43,False,False,not_yet_supplied_after_exact_union_and_locked_layer,False
2020-21,1629653,1610612741,Devon Dotson,full_core,0,0,72,71,11,11,False,False,not_yet_supplied_after_exact_union_and_locked_layer,False
2020-21,1629677,1610612759,Luka Samanic,full_core,0,0,72,71,33,33,False,False,not_yet_supplied_after_exact_union_and_locked_layer,False
2020-21,1629682,1610612738,Tremont Waters,full_core,0,0,72,71,26,26,False,False,not_yet_supplied_after_exact_union_and_locked_layer,False
2020-21,1629683,1610612759,Quinndary Weatherspoon,full_core,0,0,72,71,20,20,False,False,not_yet_supplied_after_exact_union_and_locked_layer,False
2020-21,1629684,1610612738,Grant Williams,full_core,0,0,72,71,63,63,False,False,not_yet_supplied_after_exact_union_and_locked_layer,False
2020-21,1629690,1610612741,Adam Mokoka,full_core,0,0,72,71,14,14,False,False,not_yet_supplied_after_exact_union_and_locked_layer,False
2020-21,1629712,1610612740,Didi Louzada,partial,0,0,72,71,3,3,False,False,not_yet_supplied_after_exact_union_and_locked_layer,False
2020-21,1629726,1610612764,Garrison Mathews,full_core,0,0,72,71,64,63,False,False,not_yet_supplied_after_exact_union_and_locked_layer,False
2020-21,1629833,1610612757,Keljin Blevins,full_core,0,0,72,71,17,17,False,False,not_yet_supplied_after_exact_union_and_locked_layer,False
2020-21,1630166,1610612764,Deni Avdija,full_core,0,0,72,71,54,54,False,False,not_yet_supplied_after_exact_union_and_locked_layer,False
2020-21,1630170,1610612759,Devin Vassell,full_core,0,0,72,71,62,62,False,False,not_yet_supplied_after_exact_union_and_locked_layer,False
2020-21,1630172,1610612741,Patrick Williams,full_core,0,0,72,71,71,70,False,False,not_yet_supplied_after_exact_union_and_locked_layer,False
2020-21,1630174,1610612738,Aaron Nesmith,full_core,0,0,72,71,46,45,False,False,not_yet_supplied_after_exact_union_and_locked_layer,False
2020-21,1630184,1610612740,Kira Lewis Jr.,full_core,0,0,72,71,54,53,False,False,not_yet_supplied_after_exact_union_and_locked_layer,False
2020-21,1630192,1610612743,Zeke Nnaji,full_core,0,0,72,71,42,41,False,False,not_yet_supplied_after_exact_union_and_locked_layer,False
2020-21,1630194,1610612755,Paul Reed,partial,0,0,72,72,26,26,False,False,not_yet_supplied_after_exact_union_and_locked_layer,False
2020-21,1630199,1610612754,Cassius Stanley,full_core,0,0,72,71,24,24,False,False,not_yet_supplied_after_exact_union_and_locked_layer,False
2020-21,1630200,1610612759,Tre Jones,full_core,0,0,72,71,37,37,False,False,not_yet_supplied_after_exact_union_and_locked_layer,False
2020-21,1630202,1610612738,Payton Pritchard,full_core,0,0,72,71,66,65,False,False,not_yet_supplied_after_exact_union_and_locked_layer,False
2020-21,1630205,1610612739,Lamar Stevens,partial,0,0,72,72,40,40,False,False,not_yet_supplied_after_exact_union_and_locked_layer,False
2020-21,1630210,1610612743,Markus Howard,full_core,0,0,72,71,37,37,False,False,not_yet_supplied_after_exact_union_and_locked_layer,False
2020-21,1630216,1610612764,Cassius Winston,full_core,0,0,72,71,22,22,False,False,not_yet_supplied_after_exact_union_and_locked_layer,False
2020-21,1630230,1610612740,Naji Marshall,partial,0,0,72,71,32,32,False,False,not_yet_supplied_after_exact_union_and_locked_layer,False
2020-21,1630264,1610612764,Anthony Gill,full_core,0,0,72,71,26,26,False,False,not_yet_supplied_after_exact_union_and_locked_layer,False
2020-21,1630267,1610612743,Facundo Campazzo,full_core,0,0,72,71,65,64,False,False,not_yet_supplied_after_exact_union_and_locked_layer,False
2020-21,200752,1610612759,Rudy Gay,full_core,0,0,72,71,63,62,False,False,not_yet_supplied_after_exact_union_and_locked_layer,False
2020-21,200794,1610612743,Paul Millsap,full_core,0,0,72,71,56,55,False,False,not_yet_supplied_after_exact_union_and_locked_layer,False
2020-21,201152,1610612741,Thaddeus Young,full_core,0,0,72,71,68,67,False,False,not_yet_supplied_after_exact_union_and_locked_layer,False
2020-21,201566,1610612764,Russell Westbrook,full_core,0,0,72,71,65,64,False,False,not_yet_supplied_after_exact_union_and_locked_layer,False
2020-21,201577,1610612764,Robin Lopez,full_core,0,0,72,71,71,70,False,False,not_yet_supplied_after_exact_union_and_locked_layer,False
2020-21,201942,1610612759,DeMar DeRozan,full_core,0,0,72,71,61,60,False,False,not_yet_supplied_after_exact_union_and_locked_layer,False
2020-21,201988,1610612759,Patty Mills,full_core,0,0,72,71,68,67,False,False,not_yet_supplied_after_exact_union_and_locked_layer,False
2020-21,202066,1610612741,Garrett Temple,full_core,0,0,72,71,56,56,False,False,not_yet_supplied_after_exact_union_and_locked_layer,False
2020-21,202339,1610612740,Eric Bledsoe,full_core,0,0,72,71,71,70,False,False,not_yet_supplied_after_exact_union_and_locked_layer,False
2020-21,202397,1610612764,Ish Smith,full_core,0,0,72,71,44,43,False,False,not_yet_supplied_after_exact_union_and_locked_layer,False
2020-21,202683,1610612757,Enes Kanter,full_core,0,0,72,71,72,71,False,False,not_yet_supplied_after_exact_union_and_locked_layer,False
2020-21,202684,1610612738,Tristan Thompson,full_core,0,0,72,71,54,53,False,False,not_yet_supplied_after_exact_union_and_locked_layer,False
2020-21,202689,1610612738,Kemba Walker,full_core,0,0,72,71,43,42,False,False,not_yet_supplied_after_exact_union_and_locked_layer,False
2020-21,202722,1610612764,Davis Bertans,full_core,0,0,72,71,57,56,False,False,not_yet_supplied_after_exact_union_and_locked_layer,False
2020-21,203078,1610612764,Bradley Beal,full_core,0,0,72,71,60,59,False,False,not_yet_supplied_after_exact_union_and_locked_layer,False
2020-21,203081,1610612757,Damian Lillard,full_core,0,0,72,71,67,67,False,False,not_yet_supplied_after_exact_union_and_locked_layer,False
2020-21,203087,1610612754,Jeremy Lamb,full_core,0,0,72,71,36,36,False,False,not_yet_supplied_after_exact_union_and_locked_layer,False
2020-21,203107,1610612741,Tomas Satoransky,full_core,0,0,72,71,58,57,False,False,not_yet_supplied_after_exact_union_and_locked_layer,False
2020-21,203115,1610612743,Will Barton,full_core,0,0,72,71,56,55,False,False,not_yet_supplied_after_exact_union_and_locked_layer,False
2020-21,203200,1610612754,Justin Holiday,full_core,0,0,72,71,72,71,False,False,not_yet_supplied_after_exact_union_and_locked_layer,False
2020-21,203210,1610612743,JaMychal Green,full_core,0,0,72,71,58,57,False,False,not_yet_supplied_after_exact_union_and_locked_layer,False
2020-21,203468,1610612757,CJ McCollum,full_core,0,0,72,71,47,46,False,False,not_yet_supplied_after_exact_union_and_locked_layer,False
2020-21,203496,1610612757,Robert Covington,full_core,0,0,72,71,70,69,False,False,not_yet_supplied_after_exact_union_and_locked_layer,False
2020-21,203500,1610612740,Steven Adams,full_core,0,0,72,71,58,58,False,False,not_yet_supplied_after_exact_union_and_locked_layer,False
2020-21,203526,1610612764,Raul Neto,full_core,0,0,72,71,64,63,False,False,not_yet_supplied_after_exact_union_and_locked_layer,False
2020-21,203897,1610612741,Zach LaVine,full_core,0,0,72,71,58,57,False,False,not_yet_supplied_after_exact_union_and_locked_layer,False
2020-21,203926,1610612754,Doug McDermott,full_core,0,0,72,71,66,65,False,False,not_yet_supplied_after_exact_union_and_locked_layer,False
2020-21,203933,1610612754,T.J. Warren,full_core,0,0,72,71,4,4,False,False,not_yet_supplied_after_exact_union_and_locked_layer,False
2020-21,203935,1610612738,Marcus Smart,full_core,0,0,72,71,48,48,False,False,not_yet_supplied_after_exact_union_and_locked_layer,False
2020-21,203960,1610612754,JaKarr Sampson,full_core,0,0,72,71,29,29,False,False,not_yet_supplied_after_exact_union_and_locked_layer,False
2020-21,203994,1610612757,Jusuf Nurkic,full_core,0,0,72,71,37,36,False,False,not_yet_supplied_after_exact_union_and_locked_layer,False
2020-21,203999,1610612743,Nikola Jokic,full_core,0,0,72,71,72,71,False,False,not_yet_supplied_after_exact_union_and_locked_layer,False
2020-21,204456,1610612754,T.J. McConnell,full_core,0,0,72,71,69,68,False,False,not_yet_supplied_after_exact_union_and_locked_layer,False
2020-21,2546,1610612757,Carmelo Anthony,full_core,0,0,72,71,69,68,False,False,not_yet_supplied_after_exact_union_and_locked_layer,False
2021-22,1626162,1610612766,Kelly Oubre Jr.,full_core,0,0,82,80,76,74,False,False,not_yet_supplied_after_exact_union_and_locked_layer,False
2021-22,1626167,1610612754,Myles Turner,full_core,0,0,82,81,42,42,False,False,not_yet_supplied_after_exact_union_and_locked_layer,False
2021-22,1626171,1610612749,Bobby Portis,full_core,0,0,82,81,72,71,False,False,not_yet_supplied_after_exact_union_and_locked_layer,False
2021-22,1626179,1610612766,Terry Rozier,full_core,0,0,82,80,73,71,False,False,not_yet_supplied_after_exact_union_and_locked_layer,False
2021-22,1626192,1610612749,Pat Connaughton,full_core,0,0,82,81,65,64,False,False,not_yet_supplied_after_exact_union_and_locked_layer,False
2021-22,1626224,1610612739,Cedi Osman,full_core,0,0,82,81,66,65,False,False,not_yet_supplied_after_exact_union_and_locked_layer,False
2021-22,1627759,1610612738,Jaylen Brown,full_core,0,0,82,81,66,65,False,False,not_yet_supplied_after_exact_union_and_locked_layer,False
2021-22,1627763,1610612754,Malcolm Brogdon,full_core,0,0,82,81,36,35,False,False,not_yet_supplied_after_exact_union_and_locked_layer,False
2021-22,1627783,1610612761,Pascal Siakam,full_core,0,0,82,80,68,66,False,False,not_yet_supplied_after_exact_union_and_locked_layer,False
2021-22,1627832,1610612761,Fred VanVleet,full_core,0,0,82,80,65,63,False,False,not_yet_supplied_after_exact_union_and_locked_layer,False
2021-22,1628365,1610612753,Markelle Fultz,full_core,0,0,82,81,18,17,False,False,not_yet_supplied_after_exact_union_and_locked_layer,False
2021-22,1628369,1610612738,Jayson Tatum,full_core,0,0,82,81,76,76,False,False,not_yet_supplied_after_exact_union_and_locked_layer,False
2021-22,1628370,1610612747,Malik Monk,full_core,0,0,82,81,76,75,False,False,not_yet_supplied_after_exact_union_and_locked_layer,False
2021-22,1628374,1610612739,Lauri Markkanen,full_core,0,0,82,81,61,60,False,False,not_yet_supplied_after_exact_union_and_locked_layer,False
2021-22,1628384,1610612761,OG Anunoby,full_core,0,0,82,80,48,47,False,False,not_yet_supplied_after_exact_union_and_locked_layer,False
2021-22,1628386,1610612739,Jarrett Allen,full_core,0,0,82,81,56,56,False,False,not_yet_supplied_after_exact_union_and_locked_layer,False
2021-22,1628449,1610612761,Chris Boucher,full_core,0,0,82,80,80,78,False,False,not_yet_supplied_after_exact_union_and_locked_layer,False
2021-22,1628960,1610612749,Grayson Allen,full_core,0,0,82,81,66,66,False,False,not_yet_supplied_after_exact_union_and_locked_layer,False
2021-22,1628964,1610612753,Mo Bamba,full_core,0,0,82,81,71,70,False,False,not_yet_supplied_after_exact_union_and_locked_layer,False
2021-22,1628970,1610612766,Miles Bridges,full_core,0,0,82,80,80,78,False,False,not_yet_supplied_after_exact_union_and_locked_layer,False
2021-22,1628971,1610612751,Bruce Brown,full_core,0,0,82,81,72,71,False,False,not_yet_supplied_after_exact_union_and_locked_layer,False
2021-22,1628976,1610612753,Wendell Carter Jr.,full_core,0,0,82,81,62,62,False,False,not_yet_supplied_after_exact_union_and_locked_layer,False
2021-22,1628983,1610612760,Shai Gilgeous-Alexander,full_core,0,0,82,81,56,55,False,False,not_yet_supplied_after_exact_union_and_locked_layer,False
2021-22,1628998,1610612766,Cody Martin,full_core,0,0,82,80,71,69,False,False,not_yet_supplied_after_exact_union_and_locked_layer,False
2021-22,1629004,1610612761,Svi Mykhailiuk,full_core,0,0,82,80,56,56,False,False,not_yet_supplied_after_exact_union_and_locked_layer,False
2021-22,1629012,1610612739,Collin Sexton,full_core,0,0,82,81,11,11,False,False,not_yet_supplied_after_exact_union_and_locked_layer,False
2021-22,1629018,1610612761,Gary Trent Jr.,full_core,0,0,82,80,70,68,False,False,not_yet_supplied_after_exact_union_and_locked_layer,False
2021-22,1629021,1610612753,Moritz Wagner,full_core,0,0,82,81,63,62,False,False,not_yet_supplied_after_exact_union_and_locked_layer,False
2021-22,1629023,1610612766,P.J. Washington,full_core,0,0,82,80,65,63,False,False,not_yet_supplied_after_exact_union_and_locked_layer,False
2021-22,1629026,1610612760,Kenrich Williams,full_core,0,0,82,81,49,49,False,False,not_yet_supplied_after_exact_union_and_locked_layer,False
2021-22,1629048,1610612754,Goga Bitadze,full_core,0,0,82,81,50,49,False,False,not_yet_supplied_after_exact_union_and_locked_layer,False
2021-22,1629052,1610612754,Oshae Brissett,full_core,0,0,82,81,67,66,False,False,not_yet_supplied_after_exact_union_and_locked_layer,False
2021-22,1629057,1610612738,Robert Williams III,full_core,0,0,82,81,61,61,False,False,not_yet_supplied_after_exact_union_and_locked_layer,False
2021-22,1629067,1610612761,Isaac Bonga,full_core,0,0,82,80,15,15,False,False,not_yet_supplied_after_exact_union_and_locked_layer,False
2021-22,1629083,1610612766,Arnoldas Kulboka,full_core,0,0,82,80,2,2,False,False,not_yet_supplied_after_exact_union_and_locked_layer,False
2021-22,1629139,1610612761,Yuta Watanabe,full_core,0,0,82,80,38,38,False,False,not_yet_supplied_after_exact_union_and_locked_layer,False
2021-22,1629636,1610612739,Darius Garland,full_core,0,0,82,81,68,67,False,False,not_yet_supplied_after_exact_union_and_locked_layer,False
2021-22,1629643,1610612753,Chuma Okeke,full_core,0,0,82,81,70,69,False,False,not_yet_supplied_after_exact_union_and_locked_layer,False
2021-22,1629647,1610612760,Darius Bazley,full_core,0,0,82,81,69,68,False,False,not_yet_supplied_after_exact_union_and_locked_layer,False
2021-22,1629649,1610612753,Ignas Brazdeikis,full_core,0,0,82,81,42,41,False,False,not_yet_supplied_after_exact_union_and_locked_layer,False
2021-22,1629651,1610612751,Nic Claxton,full_core,0,0,82,81,47,46,False,False,not_yet_supplied_after_exact_union_and_locked_layer,False
2021-22,1629652,1610612760,Luguentz Dort,full_core,0,0,82,81,51,51,False,False,not_yet_supplied_after_exact_union_and_locked_layer,False
2021-22,1629656,1610612752,Quentin Grimes,full_core,0,0,82,82,46,45,False,False,not_yet_supplied_after_exact_union_and_locked_layer,False
2021-22,1629659,1610612747,Talen Horton-Tucker,full_core,0,0,82,81,60,59,False,False,not_yet_supplied_after_exact_union_and_locked_layer,False
2021-22,1629660,1610612760,Ty Jerome,full_core,0,0,82,81,48,48,False,False,not_yet_supplied_after_exact_union_and_locked_layer,False
2021-22,1629667,1610612766,Jalen McDaniels,full_core,0,0,82,80,55,53,False,False,not_yet_supplied_after_exact_union_and_locked_layer,False
2021-22,1629670,1610612749,Jordan Nwora,full_core,0,0,82,81,62,62,False,False,not_yet_supplied_after_exact_union_and_locked_layer,False
2021-22,1629676,1610612760,Isaiah Roby,full_core,0,0,82,81,45,44,False,False,not_yet_supplied_after_exact_union_and_locked_layer,False
2021-22,1629681,1610612763,Killian Tillie,partial,0,0,82,82,36,36,False,False,not_yet_supplied_after_exact_union_and_locked_layer,False
2021-22,1629684,1610612738,Grant Williams,full_core,0,0,82,81,77,76,False,False,not_yet_supplied_after_exact_union_and_locked_layer,False
2021-22,1629685,1610612739,Dylan Windler,full_core,0,0,82,81,50,50,False,False,not_yet_supplied_after_exact_union_and_locked_layer,False
2021-22,1629726,1610612745,Garrison Mathews,partial,0,0,82,82,65,65,False,False,not_yet_supplied_after_exact_union_and_locked_layer,False
2021-22,1629731,1610612739,Dean Wade,full_core,0,0,82,81,51,50,False,False,not_yet_supplied_after_exact_union_and_locked_layer,False
2021-22,1630163,1610612766,LaMelo Ball,full_core,0,0,82,80,75,73,False,False,not_yet_supplied_after_exact_union_and_locked_layer,False
2021-22,1630171,1610612739,Isaac Okoro,full_core,0,0,82,81,67,66,False,False,not_yet_supplied_after_exact_union_and_locked_layer,False
2021-22,1630173,1610612761,Precious Achiuwa,full_core,0,0,82,80,73,71,False,False,not_yet_supplied_after_exact_union_and_locked_layer,False
2021-22,1630174,1610612738,Aaron Nesmith,full_core,0,0,82,81,52,51,False,False,not_yet_supplied_after_exact_union_and_locked_layer,False
2021-22,1630175,1610612753,Cole Anthony,full_core,0,0,82,81,65,64,False,False,not_yet_supplied_after_exact_union_and_locked_layer,False
2021-22,1630177,1610612760,Theo Maledon,full_core,0,0,82,81,51,50,False,False,not_yet_supplied_after_exact_union_and_locked_layer,False
2021-22,1630181,1610612753,R.J. Hampton,full_core,0,0,82,81,64,63,False,False,not_yet_supplied_after_exact_union_and_locked_layer,False
2021-22,1630197,1610612760,Aleksej Pokusevski,full_core,0,0,82,81,61,60,False,False,not_yet_supplied_after_exact_union_and_locked_layer,False
2021-22,1630201,1610612761,Malachi Flynn,full_core,0,0,82,80,44,44,False,False,not_yet_supplied_after_exact_union_and_locked_layer,False
2021-22,1630202,1610612738,Payton Pritchard,full_core,0,0,82,81,71,70,False,False,not_yet_supplied_after_exact_union_and_locked_layer,False
2021-22,1630205,1610612739,Lamar Stevens,full_core,0,0,82,81,63,62,False,False,not_yet_supplied_after_exact_union_and_locked_layer,False
2021-22,1630208,1610612766,Nick Richards,full_core,0,0,82,80,50,49,False,False,not_yet_supplied_after_exact_union_and_locked_layer,False
2021-22,1630227,1610612745,Daishen Nix,partial,0,0,82,82,24,24,False,False,not_yet_supplied_after_exact_union_and_locked_layer,False
2021-22,1630249,1610612760,Vit Krejci,full_core,0,0,82,81,30,29,False,False,not_yet_supplied_after_exact_union_and_locked_layer,False
2021-22,1630271,1610612738,Brodric Thomas,full_core,0,0,82,81,12,12,False,False,not_yet_supplied_after_exact_union_and_locked_layer,False
2021-22,1630525,1610612761,David Johnson,full_core,0,0,82,80,2,2,False,False,not_yet_supplied_after_exact_union_and_locked_layer,False
2021-22,1630526,1610612760,Jeremiah Robinson-Earl,full_core,0,0,82,81,49,49,False,False,not_yet_supplied_after_exact_union_and_locked_layer,False
2021-22,1630532,1610612753,Franz Wagner,full_core,0,0,82,81,79,78,False,False,not_yet_supplied_after_exact_union_and_locked_layer,False
2021-22,1630537,1610612754,Chris Duarte,full_core,0,0,82,81,55,54,False,False,not_yet_supplied_after_exact_union_and_locked_layer,False
2021-22,1630539,1610612766,Kai Jones,full_core,0,0,82,80,21,21,False,False,not_yet_supplied_after_exact_union_and_locked_layer,False
2021-22,1630543,1610612754,Isaiah Jackson,full_core,0,0,82,81,36,35,False,False,not_yet_supplied_after_exact_union_and_locked_layer,False
2021-22,1630544,1610612760,Tre Mann,full_core,0,0,82,81,60,59,False,False,not_yet_supplied_after_exact_union_and_locked_layer,False
2021-22,1630547,1610612766,James Bouknight,full_core,0,0,82,80,31,31,False,False,not_yet_supplied_after_exact_union_and_locked_layer,False
2021-22,1630549,1610612751,Day'Ron Sharpe,full_core,0,0,82,81,32,32,False,False,not_yet_supplied_after_exact_union_and_locked_layer,False
2021-22,1630550,1610612766,JT Thor,full_core,0,0,82,80,33,32,False,False,not_yet_supplied_after_exact_union_and_locked_layer,False
2021-22,1630551,1610612761,Justin Champagnie,full_core,0,0,82,80,36,36,False,False,not_yet_supplied_after_exact_union_and_locked_layer,False
2021-22,1630556,1610612751,Kessler Edwards,partial,0,0,82,81,48,47,False,False,not_yet_supplied_after_exact_union_and_locked_layer,False
2021-22,1630559,1610612747,Austin Reaves,full_core,0,0,82,81,61,60,False,False,not_yet_supplied_after_exact_union_and_locked_layer,False
2021-22,1630560,1610612751,Cam Thomas,full_core,0,0,82,81,67,67,False,False,not_yet_supplied_after_exact_union_and_locked_layer,False
2021-22,1630561,1610612751,David Duke Jr.,full_core,0,0,82,81,22,22,False,False,not_yet_supplied_after_exact_union_and_locked_layer,False
2021-22,1630567,1610612761,Scottie Barnes,full_core,0,0,82,80,74,72,False,False,not_yet_supplied_after_exact_union_and_locked_layer,False
2021-22,1630570,1610612757,Trendon Watford,partial,0,0,82,82,48,48,False,False,not_yet_supplied_after_exact_union_and_locked_layer,False
2021-22,1630572,1610612749,Sandro Mamukelashvili,full_core,0,0,82,81,41,41,False,False,not_yet_supplied_after_exact_union_and_locked_layer,False
2021-22,1630573,1610612738,Sam Hauser,partial,0,0,82,81,26,25,False,False,not_yet_supplied_after_exact_union_and_locked_layer,False
2021-22,1630575,1610612766,Scottie Lewis,full_core,0,0,82,80,2,2,False,False,not_yet_supplied_after_exact_union_and_locked_layer,False
2021-22,1630581,1610612760,Josh Giddey,full_core,0,0,82,81,54,54,False,False,not_yet_supplied_after_exact_union_and_locked_layer,False
2021-22,1630591,1610612753,Jalen Suggs,full_core,0,0,82,81,48,48,False,False,not_yet_supplied_after_exact_union_and_locked_layer,False
2021-22,1630596,1610612739,Evan Mobley,full_core,0,0,82,81,69,68,False,False,not_yet_supplied_after_exact_union_and_locked_layer,False
2021-22,1630598,1610612760,Aaron Wiggins,partial,0,0,82,81,50,50,False,False,not_yet_supplied_after_exact_union_and_locked_layer,False
2021-22,1630613,1610612754,Duane Washington Jr.,partial,0,0,82,81,48,47,False,False,not_yet_supplied_after_exact_union_and_locked_layer,False
2021-22,1630625,1610612761,Dalano Banton,full_core,0,0,82,80,64,63,False,False,not_yet_supplied_after_exact_union_and_locked_layer,False
2021-22,1630631,1610612740,Jose Alvarado,partial,0,0,82,82,54,54,False,False,not_yet_supplied_after_exact_union_and_locked_layer,False
2021-22,200746,1610612751,LaMarcus Aldridge,full_core,0,0,82,81,47,47,False,False,not_yet_supplied_after_exact_union_and_locked_layer,False
2021-22,201142,1610612751,Kevin Durant,full_core,0,0,82,81,55,54,False,False,not_yet_supplied_after_exact_union_and_locked_layer,False
2021-22,201143,1610612738,Al Horford,full_core,0,0,82,81,69,69,False,False,not_yet_supplied_after_exact_union_and_locked_layer,False
2021-22,201566,1610612747,Russell Westbrook,full_core,0,0,82,81,78,77,False,False,not_yet_supplied_after_exact_union_and_locked_layer,False
2021-22,201567,1610612739,Kevin Love,full_core,0,0,82,81,74,73,False,False,not_yet_supplied_after_exact_union_and_locked_layer,False
2021-22,201572,1610612749,Brook Lopez,full_core,0,0,82,81,13,12,False,False,not_yet_supplied_after_exact_union_and_locked_layer,False
2021-22,201577,1610612753,Robin Lopez,full_core,0,0,82,81,36,35,False,False,not_yet_supplied_after_exact_union_and_locked_layer,False
2021-22,201588,1610612749,George Hill,full_core,0,0,82,81,54,53,False,False,not_yet_supplied_after_exact_union_and_locked_layer,False
2021-22,201933,1610612751,Blake Griffin,full_core,0,0,82,81,56,56,False,False,not_yet_supplied_after_exact_union_and_locked_layer,False
2021-22,201950,1610612749,Jrue Holiday,full_core,0,0,82,81,67,66,False,False,not_yet_supplied_after_exact_union_and_locked_layer,False
2021-22,201961,1610612747,Wayne Ellington,full_core,0,0,82,81,43,42,False,False,not_yet_supplied_after_exact_union_and_locked_layer,False
2021-22,201988,1610612751,Patty Mills,full_core,0,0,82,81,81,80,False,False,not_yet_supplied_after_exact_union_and_locked_layer,False
2021-22,202324,1610612760,Derrick Favors,full_core,0,0,82,81,39,39,False,False,not_yet_supplied_after_exact_union_and_locked_layer,False
2021-22,202330,1610612766,Gordon Hayward,full_core,0,0,82,80,49,49,False,False,not_yet_supplied_after_exact_union_and_locked_layer,False
2021-22,202334,1610612739,Ed Davis,full_core,0,0,82,81,31,30,False,False,not_yet_supplied_after_exact_union_and_locked_layer,False
2021-22,202340,1610612747,Avery Bradley,full_core,0,0,82,81,62,61,False,False,not_yet_supplied_after_exact_union_and_locked_layer,False
2021-22,202681,1610612751,Kyrie Irving,full_core,0,0,82,81,29,28,False,False,not_yet_supplied_after_exact_union_and_locked_layer,False
2021-22,203076,1610612747,Anthony Davis,full_core,0,0,82,81,40,40,False,False,not_yet_supplied_after_exact_union_and_locked_layer,False
2021-22,203082,1610612753,Terrence Ross,full_core,0,0,82,81,63,63,False,False,not_yet_supplied_after_exact_union_and_locked_layer,False
2021-22,203114,1610612749,Khris Middleton,full_core,0,0,82,81,66,65,False,False,not_yet_supplied_after_exact_union_and_locked_layer,False
2021-22,203145,1610612747,Kent Bazemore,full_core,0,0,82,81,39,39,False,False,not_yet_supplied_after_exact_union_and_locked_layer,False
2021-22,203486,1610612766,Mason Plumlee,full_core,0,0,82,80,73,71,False,False,not_yet_supplied_after_exact_union_and_locked_layer,False
2021-22,203488,1610612760,Mike Muscala,full_core,0,0,82,81,43,43,False,False,not_yet_supplied_after_exact_union_and_locked_layer,False
2021-22,203507,1610612749,Giannis Antetokounmpo,full_core,0,0,82,81,67,66,False,False,not_yet_supplied_after_exact_union_and_locked_layer,False
2021-22,203648,1610612749,Thanasis Antetokounmpo,full_core,0,0,82,81,48,48,False,False,not_yet_supplied_after_exact_union_and_locked_layer,False
2021-22,203914,1610612753,Gary Harris,full_core,0,0,82,81,61,61,False,False,not_yet_supplied_after_exact_union_and_locked_layer,False
2021-22,203920,1610612761,Khem Birch,full_core,0,0,82,80,55,53,False,False,not_yet_supplied_after_exact_union_and_locked_layer,False
2021-22,203925,1610612751,Joe Harris,full_core,0,0,82,81,14,14,False,False,not_yet_supplied_after_exact_union_and_locked_layer,False
2021-22,203935,1610612738,Marcus Smart,full_core,0,0,82,81,71,70,False,False,not_yet_supplied_after_exact_union_and_locked_layer,False
2021-22,204456,1610612754,T.J. McConnell,full_core,0,0,82,81,27,27,False,False,not_yet_supplied_after_exact_union_and_locked_layer,False
2021-22,2544,1610612747,LeBron James,full_core,0,0,82,81,56,55,False,False,not_yet_supplied_after_exact_union_and_locked_layer,False
2021-22,2546,1610612747,Carmelo Anthony,full_core,0,0,82,81,69,68,False,False,not_yet_supplied_after_exact_union_and_locked_layer,False
2021-22,2730,1610612747,Dwight Howard,full_core,0,0,82,81,60,60,False,False,not_yet_supplied_after_exact_union_and_locked_layer,False
2022-23,101108,1610612756,Chris Paul,full_core,0,0,82,81,59,59,False,False,not_yet_supplied_after_exact_union_and_locked_layer,False
2022-23,1626145,1610612763,Tyus Jones,full_core,0,0,82,81,80,79,False,False,not_yet_supplied_after_exact_union_and_locked_layer,False
2022-23,1626153,1610612764,Delon Wright,full_core,0,0,82,81,50,49,False,False,not_yet_supplied_after_exact_union_and_locked_layer,False
2022-23,1626158,1610612758,Richaun Holmes,full_core,0,0,82,77,42,41,False,False,not_yet_supplied_after_exact_union_and_locked_layer,False
2022-23,1626162,1610612766,Kelly Oubre Jr.,full_core,0,0,82,80,48,47,False,False,not_yet_supplied_after_exact_union_and_locked_layer,False
2022-23,1626164,1610612756,Devin Booker,full_core,0,0,82,81,53,52,False,False,not_yet_supplied_after_exact_union_and_locked_layer,False
2022-23,1626166,1610612756,Cameron Payne,full_core,0,0,82,81,48,47,False,False,not_yet_supplied_after_exact_union_and_locked_layer,False
2022-23,1626168,1610612758,Trey Lyles,full_core,0,0,82,77,74,71,False,False,not_yet_supplied_after_exact_union_and_locked_layer,False
2022-23,1626171,1610612749,Bobby Portis,full_core,0,0,82,80,70,68,False,False,not_yet_supplied_after_exact_union_and_locked_layer,False
2022-23,1626172,1610612744,Kevon Looney,full_core,0,0,82,81,82,81,False,False,not_yet_supplied_after_exact_union_and_locked_layer,False
2022-23,1626174,1610612742,Christian Wood,full_core,0,0,82,81,67,66,False,False,not_yet_supplied_after_exact_union_and_locked_layer,False
2022-23,1626179,1610612766,Terry Rozier,full_core,0,0,82,80,63,62,False,False,not_yet_supplied_after_exact_union_and_locked_layer,False
2022-23,1626181,1610612746,Norman Powell,full_core,0,0,82,81,60,60,False,False,not_yet_supplied_after_exact_union_and_locked_layer,False
2022-23,1626192,1610612749,Pat Connaughton,full_core,0,0,82,80,61,59,False,False,not_yet_supplied_after_exact_union_and_locked_layer,False
2022-23,1626195,1610612740,Willy Hernangomez,full_core,0,0,82,80,37,36,False,False,not_yet_supplied_after_exact_union_and_locked_layer,False
2022-23,1626204,1610612740,Larry Nance Jr.,full_core,0,0,82,80,65,64,False,False,not_yet_supplied_after_exact_union_and_locked_layer,False
2022-23,1626224,1610612739,Cedi Osman,full_core,0,0,82,79,77,74,False,False,not_yet_supplied_after_exact_union_and_locked_layer,False
2022-23,1627734,1610612758,Domantas Sabonis,full_core,0,0,82,77,79,74,False,False,not_yet_supplied_after_exact_union_and_locked_layer,False
2022-23,1627742,1610612740,Brandon Ingram,full_core,0,0,82,80,45,44,False,False,not_yet_supplied_after_exact_union_and_locked_layer,False
2022-23,1627747,1610612739,Caris LeVert,full_core,0,0,82,79,74,72,False,False,not_yet_supplied_after_exact_union_and_locked_layer,False
2022-23,1627814,1610612756,Damion Lee,full_core,0,0,82,81,74,73,False,False,not_yet_supplied_after_exact_union_and_locked_layer,False
2022-23,1627826,1610612746,Ivica Zubac,full_core,0,0,82,81,76,75,False,False,not_yet_supplied_after_exact_union_and_locked_layer,False
2022-23,1627884,1610612741,Derrick Jones Jr.,full_core,0,0,82,81,64,63,False,False,not_yet_supplied_after_exact_union_and_locked_layer,False
2022-23,1627936,1610612741,Alex Caruso,full_core,0,0,82,81,67,66,False,False,not_yet_supplied_after_exact_union_and_locked_layer,False
2022-23,1628368,1610612758,De'Aaron Fox,full_core,0,0,82,77,73,68,False,False,not_yet_supplied_after_exact_union_and_locked_layer,False
2022-23,1628370,1610612758,Malik Monk,full_core,0,0,82,77,77,72,False,False,not_yet_supplied_after_exact_union_and_locked_layer,False
2022-23,1628372,1610612766,Dennis Smith Jr.,full_core,0,0,82,80,54,54,False,False,not_yet_supplied_after_exact_union_and_locked_layer,False
2022-23,1628373,1610612742,Frank Ntilikina,full_core,0,0,82,81,47,46,False,False,not_yet_supplied_after_exact_union_and_locked_layer,False
2022-23,1628374,1610612762,Lauri Markkanen,full_core,0,0,82,79,66,64,False,False,not_yet_supplied_after_exact_union_and_locked_layer,False
2022-23,1628378,1610612739,Donovan Mitchell,full_core,0,0,82,79,68,67,False,False,not_yet_supplied_after_exact_union_and_locked_layer,False
2022-23,1628380,1610612759,Zach Collins,full_core,0,0,82,80,63,61,False,False,not_yet_supplied_after_exact_union_and_locked_layer,False
2022-23,1628386,1610612739,Jarrett Allen,full_core,0,0,82,79,68,65,False,False,not_yet_supplied_after_exact_union_and_locked_layer,False
2022-23,1628392,1610612752,Isaiah Hartenstein,full_core,0,0,82,81,82,81,False,False,not_yet_supplied_after_exact_union_and_locked_layer,False
2022-23,1628398,1610612764,Kyle Kuzma,full_core,0,0,82,81,64,64,False,False,not_yet_supplied_after_exact_union_and_locked_layer,False
2022-23,1628415,1610612763,Dillon Brooks,full_core,0,0,82,81,73,72,False,False,not_yet_supplied_after_exact_union_and_locked_layer,False
2022-23,1628420,1610612764,Monte Morris,full_core,0,0,82,81,62,62,False,False,not_yet_supplied_after_exact_union_and_locked_layer,False
2022-23,1628467,1610612742,Maxi Kleber,full_core,0,0,82,81,37,37,False,False,not_yet_supplied_after_exact_union_and_locked_layer,False
2022-23,1628470,1610612756,Torrey Craig,full_core,0,0,82,81,79,78,False,False,not_yet_supplied_after_exact_union_and_locked_layer,False
2022-23,1628960,1610612749,Grayson Allen,full_core,0,0,82,80,72,70,False,False,not_yet_supplied_after_exact_union_and_locked_layer,False
2022-23,1628962,1610612762,Udoka Azubuike,full_core,0,0,82,79,36,34,False,False,not_yet_supplied_after_exact_union_and_locked_layer,False
2022-23,1628963,1610612765,Marvin Bagley III,full_core,0,0,82,80,42,41,False,False,not_yet_supplied_after_exact_union_and_locked_layer,False
2022-23,1628966,1610612759,Keita Bates-Diop,full_core,0,0,82,80,67,65,False,False,not_yet_supplied_after_exact_union_and_locked_layer,False
2022-23,1628972,1610612747,Troy Brown Jr.,full_core,0,0,82,79,76,73,False,False,not_yet_supplied_after_exact_union_and_locked_layer,False
2022-23,1628973,1610612752,Jalen Brunson,full_core,0,0,82,81,68,67,False,False,not_yet_supplied_after_exact_union_and_locked_layer,False
2022-23,1628975,1610612749,Jevon Carter,full_core,0,0,82,80,81,79,False,False,not_yet_supplied_after_exact_union_and_locked_layer,False
2022-23,1628977,1610612765,Hamidou Diallo,full_core,0,0,82,80,56,54,False,False,not_yet_supplied_after_exact_union_and_locked_layer,False
2022-23,1628978,1610612744,Donte DiVincenzo,full_core,0,0,82,81,72,71,False,False,not_yet_supplied_after_exact_union_and_locked_layer,False
2022-23,1628983,1610612760,Shai Gilgeous-Alexander,full_core,0,0,82,79,68,66,False,False,not_yet_supplied_after_exact_union_and_locked_layer,False
2022-23,1628989,1610612758,Kevin Huerter,full_core,0,0,82,77,75,71,False,False,not_yet_supplied_after_exact_union_and_locked_layer,False
2022-23,1628991,1610612763,Jaren Jackson Jr.,full_core,0,0,82,81,63,62,False,False,not_yet_supplied_after_exact_union_and_locked_layer,False
2022-23,1628998,1610612766,Cody Martin,full_core,0,0,82,80,7,7,False,False,not_yet_supplied_after_exact_union_and_locked_layer,False
2022-23,1629002,1610612758,Chimezie Metu,full_core,0,0,82,77,66,61,False,False,not_yet_supplied_after_exact_union_and_locked_layer,False
2022-23,1629006,1610612756,Josh Okogie,full_core,0,0,82,81,72,72,False,False,not_yet_supplied_after_exact_union_and_locked_layer,False
2022-23,1629011,1610612752,Mitchell Robinson,full_core,0,0,82,81,59,58,False,False,not_yet_supplied_after_exact_union_and_locked_layer,False
2022-23,1629012,1610612762,Collin Sexton,full_core,0,0,82,79,48,46,False,False,not_yet_supplied_after_exact_union_and_locked_layer,False
2022-23,1629013,1610612756,Landry Shamet,full_core,0,0,82,81,40,39,False,False,not_yet_supplied_after_exact_union_and_locked_layer,False
2022-23,1629022,1610612747,Lonnie Walker IV,full_core,0,0,82,79,56,53,False,False,not_yet_supplied_after_exact_union_and_locked_layer,False
2022-23,1629023,1610612766,P.J. Washington,full_core,0,0,82,80,73,72,False,False,not_yet_supplied_after_exact_union_and_locked_layer,False
2022-23,1629026,1610612760,Kenrich Williams,full_core,0,0,82,79,53,52,False,False,not_yet_supplied_after_exact_union_and_locked_layer,False
2022-23,1629028,1610612756,Deandre Ayton,full_core,0,0,82,81,67,66,False,False,not_yet_supplied_after_exact_union_and_locked_layer,False
2022-23,1629029,1610612742,Luka Doncic,full_core,0,0,82,81,66,66,False,False,not_yet_supplied_after_exact_union_and_locked_layer,False
2022-23,1629033,1610612742,Theo Pinson,full_core,0,0,82,81,40,39,False,False,not_yet_supplied_after_exact_union_and_locked_layer,False
2022-23,1629056,1610612758,Terence Davis,full_core,0,0,82,77,64,60,False,False,not_yet_supplied_after_exact_union_and_locked_layer,False
2022-23,1629111,1610612756,Jock Landale,full_core,0,0,82,81,69,68,False,False,not_yet_supplied_after_exact_union_and_locked_layer,False
2022-23,1629117,1610612747,Wenyen Gabriel,full_core,0,0,82,79,68,65,False,False,not_yet_supplied_after_exact_union_and_locked_layer,False
2022-23,1629599,1610612746,Amir Coffey,full_core,0,0,82,81,50,49,False,False,not_yet_supplied_after_exact_union_and_locked_layer,False
2022-23,1629603,1610612739,Mamadi Diakite,full_core,0,0,82,79,22,20,False,False,not_yet_supplied_after_exact_union_and_locked_layer,False
2022-23,1629611,1610612746,Terance Mann,full_core,0,0,82,81,81,80,False,False,not_yet_supplied_after_exact_union_and_locked_layer,False
2022-23,1629627,1610612740,Zion Williamson,full_core,0,0,82,80,29,27,False,False,not_yet_supplied_after_exact_union_and_locked_layer,False
2022-23,1629628,1610612752,RJ Barrett,full_core,0,0,82,81,73,73,False,False,not_yet_supplied_after_exact_union_and_locked_layer,False
2022-23,1629630,1610612763,Ja Morant,full_core,0,0,82,81,61,60,False,False,not_yet_supplied_after_exact_union_and_locked_layer,False
2022-23,1629632,1610612741,Coby White,full_core,0,0,82,81,74,73,False,False,not_yet_supplied_after_exact_union_and_locked_layer,False
2022-23,1629634,1610612763,Brandon Clarke,full_core,0,0,82,81,56,56,False,False,not_yet_supplied_after_exact_union_and_locked_layer,False
2022-23,1629636,1610612739,Darius Garland,full_core,0,0,82,79,69,67,False,False,not_yet_supplied_after_exact_union_and_locked_layer,False
2022-23,1629637,1610612740,Jaxson Hayes,full_core,0,0,82,80,47,46,False,False,not_yet_supplied_after_exact_union_and_locked_layer,False
2022-23,1629640,1610612759,Keldon Johnson,full_core,0,0,82,80,63,63,False,False,not_yet_supplied_after_exact_union_and_locked_layer,False
2022-23,1629641,1610612759,Romeo Langford,full_core,0,0,82,80,43,42,False,False,not_yet_supplied_after_exact_union_and_locked_layer,False
2022-23,1629645,1610612745,Kevin Porter Jr.,full_core,0,0,82,79,59,58,False,False,not_yet_supplied_after_exact_union_and_locked_layer,False
2022-23,1629652,1610612760,Luguentz Dort,full_core,0,0,82,79,74,71,False,False,not_yet_supplied_after_exact_union_and_locked_layer,False
2022-23,1629655,1610612764,Daniel Gafford,full_core,0,0,82,81,78,77,False,False,not_yet_supplied_after_exact_union_and_locked_layer,False
2022-23,1629656,1610612752,Quentin Grimes,full_core,0,0,82,81,71,70,False,False,not_yet_supplied_after_exact_union_and_locked_layer,False
2022-23,1629659,1610612762,Talen Horton-Tucker,full_core,0,0,82,79,65,63,False,False,not_yet_supplied_after_exact_union_and_locked_layer,False
2022-23,1629660,1610612744,Ty Jerome,full_core,0,0,82,81,45,44,False,False,not_yet_supplied_after_exact_union_and_locked_layer,False
2022-23,1629673,1610612744,Jordan Poole,full_core,0,0,82,81,82,81,False,False,not_yet_supplied_after_exact_union_and_locked_layer,False
2022-23,1629674,1610612758,Neemias Queta,full_core,0,0,82,77,5,5,False,False,not_yet_supplied_after_exact_union_and_locked_layer,False
2022-23,1629678,1610612753,Admiral Schofield,partial,0,0,82,82,37,37,False,False,not_yet_supplied_after_exact_union_and_locked_layer,False
2022-23,1629685,1610612739,Dylan Windler,full_core,0,0,82,79,3,3,False,False,not_yet_supplied_after_exact_union_and_locked_layer,False
2022-23,1629723,1610612763,John Konchar,full_core,0,0,82,81,72,71,False,False,not_yet_supplied_after_exact_union_and_locked_layer,False
2022-23,1629731,1610612739,Dean Wade,full_core,0,0,82,79,44,42,False,False,not_yet_supplied_after_exact_union_and_locked_layer,False
2022-23,1629750,1610612741,Javonte Green,full_core,0,0,82,81,32,32,False,False,not_yet_supplied_after_exact_union_and_locked_layer,False
2022-23,1630163,1610612766,LaMelo Ball,full_core,0,0,82,80,36,36,False,False,not_yet_supplied_after_exact_union_and_locked_layer,False
2022-23,1630165,1610612765,Killian Hayes,full_core,0,0,82,80,76,74,False,False,not_yet_supplied_after_exact_union_and_locked_layer,False
2022-23,1630166,1610612764,Deni Avdija,full_core,0,0,82,81,76,75,False,False,not_yet_supplied_after_exact_union_and_locked_layer,False
2022-23,1630167,1610612752,Obi Toppin,full_core,0,0,82,81,67,66,False,False,not_yet_supplied_after_exact_union_and_locked_layer,False
2022-23,1630170,1610612759,Devin Vassell,full_core,0,0,82,80,38,37,False,False,not_yet_supplied_after_exact_union_and_locked_layer,False
2022-23,1630171,1610612739,Isaac Okoro,full_core,0,0,82,79,76,74,False,False,not_yet_supplied_after_exact_union_and_locked_layer,False
2022-23,1630172,1610612741,Patrick Williams,full_core,0,0,82,81,82,81,False,False,not_yet_supplied_after_exact_union_and_locked_layer,False
2022-23,1630177,1610612766,Theo Maledon,full_core,0,0,82,80,44,42,False,False,not_yet_supplied_after_exact_union_and_locked_layer,False
2022-23,1630182,1610612742,Josh Green,full_core,0,0,82,81,60,60,False,False,not_yet_supplied_after_exact_union_and_locked_layer,False
2022-23,1630184,1610612740,Kira Lewis Jr.,full_core,0,0,82,80,25,25,False,False,not_yet_supplied_after_exact_union_and_locked_layer,False
2022-23,1630191,1610612765,Isaiah Stewart,full_core,0,0,82,80,50,49,False,False,not_yet_supplied_after_exact_union_and_locked_layer,False
2022-23,1630193,1610612752,Immanuel Quickley,full_core,0,0,82,81,81,80,False,False,not_yet_supplied_after_exact_union_and_locked_layer,False
2022-23,1630197,1610612760,Aleksej Pokusevski,full_core,0,0,82,79,34,34,False,False,not_yet_supplied_after_exact_union_and_locked_layer,False
2022-23,1630198,1610612760,Isaiah Joe,full_core,0,0,82,79,73,70,False,False,not_yet_supplied_after_exact_union_and_locked_layer,False
2022-23,1630200,1610612759,Tre Jones,full_core,0,0,82,80,68,68,False,False,not_yet_supplied_after_exact_union_and_locked_layer,False
2022-23,1630205,1610612739,Lamar Stevens,full_core,0,0,82,79,62,59,False,False,not_yet_supplied_after_exact_union_and_locked_layer,False
2022-23,1630208,1610612766,Nick Richards,full_core,0,0,82,80,65,63,False,False,not_yet_supplied_after_exact_union_and_locked_layer,False
2022-23,1630214,1610612763,Xavier Tillman,full_core,0,0,82,81,61,60,False,False,not_yet_supplied_after_exact_union_and_locked_layer,False
2022-23,1630217,1610612763,Desmond Bane,full_core,0,0,82,81,58,58,False,False,not_yet_supplied_after_exact_union_and_locked_layer,False
2022-23,1630224,1610612745,Jalen Green,full_core,0,0,82,79,76,73,False,False,not_yet_supplied_after_exact_union_and_locked_layer,False
2022-23,1630225,1610612764,Isaiah Todd,full_core,0,0,82,81,6,6,False,False,not_yet_supplied_after_exact_union_and_locked_layer,False
2022-23,1630227,1610612745,Daishen Nix,full_core,0,0,82,79,57,55,False,False,not_yet_supplied_after_exact_union_and_locked_layer,False
2022-23,1630228,1610612744,Jonathan Kuminga,full_core,0,0,82,81,67,66,False,False,not_yet_supplied_after_exact_union_and_locked_layer,False
2022-23,1630230,1610612740,Naji Marshall,full_core,0,0,82,80,77,75,False,False,not_yet_supplied_after_exact_union_and_locked_layer,False
2022-23,1630231,1610612745,Kenyon Martin Jr.,full_core,0,0,82,79,82,79,False,False,not_yet_supplied_after_exact_union_and_locked_layer,False
2022-23,1630237,1610612744,Anthony Lamb,full_core,0,0,82,81,62,61,False,False,not_yet_supplied_after_exact_union_and_locked_layer,False
2022-23,1630245,1610612741,Ayo Dosunmu,full_core,0,0,82,81,80,79,False,False,not_yet_supplied_after_exact_union_and_locked_layer,False
2022-23,1630250,1610612741,Marko Simonovic,full_core,0,0,82,81,7,7,False,False,not_yet_supplied_after_exact_union_and_locked_layer,False
2022-23,1630256,1610612745,Jae'Sean Tate,full_core,0,0,82,79,31,30,False,False,not_yet_supplied_after_exact_union_and_locked_layer,False
2022-23,1630264,1610612764,Anthony Gill,full_core,0,0,82,81,59,58,False,False,not_yet_supplied_after_exact_union_and_locked_layer,False
2022-23,1630322,1610612760,Lindy Waters III,partial,0,0,82,79,41,39,False,False,not_yet_supplied_after_exact_union_and_locked_layer,False
2022-23,1630526,1610612760,Jeremiah Robinson-Earl,full_core,0,0,82,79,43,43,False,False,not_yet_supplied_after_exact_union_and_locked_layer,False
2022-23,1630527,1610612746,Brandon Boston Jr.,full_core,0,0,82,81,22,21,False,False,not_yet_supplied_after_exact_union_and_locked_layer,False
2022-23,1630528,1610612745,Josh Christopher,full_core,0,0,82,79,64,61,False,False,not_yet_supplied_after_exact_union_and_locked_layer,False
2022-23,1630529,1610612740,Herbert Jones,full_core,0,0,82,80,66,64,False,False,not_yet_supplied_after_exact_union_and_locked_layer,False
2022-23,1630530,1610612740,Trey Murphy III,full_core,0,0,82,80,79,77,False,False,not_yet_supplied_after_exact_union_and_locked_layer,False
2022-23,1630533,1610612763,Ziaire Williams,full_core,0,0,82,81,37,37,False,False,not_yet_supplied_after_exact_union_and_locked_layer,False
2022-23,1630534,1610612762,Ochai Agbaji,full_core,0,0,82,79,59,57,False,False,not_yet_supplied_after_exact_union_and_locked_layer,False
2022-23,1630539,1610612766,Kai Jones,full_core,0,0,82,80,46,44,False,False,not_yet_supplied_after_exact_union_and_locked_layer,False
2022-23,1630540,1610612752,Miles McBride,full_core,0,0,82,81,64,63,False,False,not_yet_supplied_after_exact_union_and_locked_layer,False
2022-23,1630541,1610612744,Moses Moody,full_core,0,0,82,81,63,62,False,False,not_yet_supplied_after_exact_union_and_locked_layer,False
2022-23,1630544,1610612760,Tre Mann,full_core,0,0,82,79,67,65,False,False,not_yet_supplied_after_exact_union_and_locked_layer,False
2022-23,1630547,1610612766,James Bouknight,full_core,0,0,82,80,34,32,False,False,not_yet_supplied_after_exact_union_and_locked_layer,False
2022-23,1630548,1610612762,Johnny Juzang,full_core,0,0,82,79,18,17,False,False,not_yet_supplied_after_exact_union_and_locked_layer,False
2022-23,1630550,1610612766,JT Thor,full_core,0,0,82,80,69,68,False,False,not_yet_supplied_after_exact_union_and_locked_layer,False
2022-23,1630554,1610612746,Jason Preston,full_core,0,0,82,81,14,13,False,False,not_yet_supplied_after_exact_union_and_locked_layer,False
2022-23,1630557,1610612764,Corey Kispert,full_core,0,0,82,81,74,73,False,False,not_yet_supplied_after_exact_union_and_locked_layer,False
2022-23,1630558,1610612758,Davion Mitchell,full_core,0,0,82,77,80,75,False,False,not_yet_supplied_after_exact_union_and_locked_layer,False
2022-23,1630559,1610612747,Austin Reaves,full_core,0,0,82,79,64,61,False,False,not_yet_supplied_after_exact_union_and_locked_layer,False
2022-23,1630578,1610612745,Alperen Sengun,full_core,0,0,82,79,75,72,False,False,not_yet_supplied_after_exact_union_and_locked_layer,False
2022-23,1630579,1610612752,Jericho Sims,full_core,0,0,82,81,52,52,False,False,not_yet_supplied_after_exact_union_and_locked_layer,False
2022-23,1630581,1610612760,Josh Giddey,full_core,0,0,82,79,76,73,False,False,not_yet_supplied_after_exact_union_and_locked_layer,False
2022-23,1630583,1610612763,Santi Aldama,full_core,0,0,82,81,77,77,False,False,not_yet_supplied_after_exact_union_and_locked_layer,False
2022-23,1630586,1610612745,Usman Garuba,full_core,0,0,82,79,75,73,False,False,not_yet_supplied_after_exact_union_and_locked_layer,False
2022-23,1630587,1610612765,Isaiah Livers,full_core,0,0,82,80,52,50,False,False,not_yet_supplied_after_exact_union_and_locked_layer,False
2022-23,1630590,1610612747,Scotty Pippen Jr.,full_core,0,0,82,79,6,6,False,False,not_yet_supplied_after_exact_union_and_locked_layer,False
2022-23,1630593,1610612742,McKinley Wright IV,full_core,0,0,82,81,27,26,False,False,not_yet_supplied_after_exact_union_and_locked_layer,False
2022-23,1630595,1610612765,Cade Cunningham,full_core,0,0,82,80,12,12,False,False,not_yet_supplied_after_exact_union_and_locked_layer,False
2022-23,1630596,1610612739,Evan Mobley,full_core,0,0,82,79,79,76,False,False,not_yet_supplied_after_exact_union_and_locked_layer,False
2022-23,1630598,1610612760,Aaron Wiggins,full_core,0,0,82,79,70,67,False,False,not_yet_supplied_after_exact_union_and_locked_layer,False
2022-23,1630600,1610612739,Isaiah Mobley,full_core,0,0,82,79,12,11,False,False,not_yet_supplied_after_exact_union_and_locked_layer,False
2022-23,1630620,1610612745,Darius Days,full_core,0,0,82,79,4,3,False,False,not_yet_supplied_after_exact_union_and_locked_layer,False
2022-23,1630631,1610612740,Jose Alvarado,full_core,0,0,82,80,61,59,False,False,not_yet_supplied_after_exact_union_and_locked_layer,False
2022-23,1630688,1610612756,Ish Wainright,partial,0,0,82,81,60,59,False,False,not_yet_supplied_after_exact_union_and_locked_layer,False
2022-23,1630692,1610612764,Jordan Goodwin,partial,0,0,82,81,62,61,False,False,not_yet_supplied_after_exact_union_and_locked_layer,False
2022-23,1630695,1610612762,Micah Potter,full_core,0,0,82,79,7,7,False,False,not_yet_supplied_after_exact_union_and_locked_layer,False
2022-23,1630699,1610612749,MarJon Beauchamp,full_core,0,0,82,80,52,51,False,False,not_yet_supplied_after_exact_union_and_locked_layer,False
2022-23,1630700,1610612740,Dyson Daniels,full_core,0,0,82,80,59,58,False,False,not_yet_supplied_after_exact_union_and_locked_layer,False
2022-23,1630702,1610612742,Jaden Hardy,full_core,0,0,82,81,48,47,False,False,not_yet_supplied_after_exact_union_and_locked_layer,False
2022-23,1631093,1610612765,Jaden Ivey,full_core,0,0,82,80,74,72,False,False,not_yet_supplied_after_exact_union_and_locked_layer,False
2022-23,1631095,1610612745,Jabari Smith Jr.,full_core,0,0,82,79,79,76,False,False,not_yet_supplied_after_exact_union_and_locked_layer,False
2022-23,1631098,1610612764,Johnny Davis,full_core,0,0,82,81,28,27,False,False,not_yet_supplied_after_exact_union_and_locked_layer,False
2022-23,1631099,1610612758,Keegan Murray,full_core,0,0,82,77,80,75,False,False,not_yet_supplied_after_exact_union_and_locked_layer,False
2022-23,1631102,1610612745,TyTy Washington Jr.,full_core,0,0,82,79,31,29,False,False,not_yet_supplied_after_exact_union_and_locked_layer,False
2022-23,1631103,1610612759,Malaki Branham,full_core,0,0,82,80,66,64,False,False,not_yet_supplied_after_exact_union_and_locked_layer,False
2022-23,1631104,1610612759,Blake Wesley,full_core,0,0,82,80,37,35,False,False,not_yet_supplied_after_exact_union_and_locked_layer,False
2022-23,1631105,1610612765,Jalen Duren,full_core,0,0,82,80,67,65,False,False,not_yet_supplied_after_exact_union_and_locked_layer,False
2022-23,1631106,1610612745,Tari Eason,full_core,0,0,82,79,82,79,False,False,not_yet_supplied_after_exact_union_and_locked_layer,False
2022-23,1631108,1610612747,Max Christie,full_core,0,0,82,79,41,40,False,False,not_yet_supplied_after_exact_union_and_locked_layer,False
2022-23,1631109,1610612766,Mark Williams,full_core,0,0,82,80,43,42,False,False,not_yet_supplied_after_exact_union_and_locked_layer,False
2022-23,1631110,1610612759,Jeremy Sochan,full_core,0,0,82,80,56,56,False,False,not_yet_supplied_after_exact_union_and_locked_layer,False
2022-23,1631114,1610612760,Jalen Williams,full_core,0,0,82,79,75,72,False,False,not_yet_supplied_after_exact_union_and_locked_layer,False
2022-23,1631116,1610612744,Patrick Baldwin Jr.,full_core,0,0,82,81,31,30,False,False,not_yet_supplied_after_exact_union_and_locked_layer,False
2022-23,1631117,1610612762,Walker Kessler,full_core,0,0,82,79,74,71,False,False,not_yet_supplied_after_exact_union_and_locked_layer,False
2022-23,1631119,1610612760,Jaylin Williams,full_core,0,0,82,79,49,47,False,False,not_yet_supplied_after_exact_union_and_locked_layer,False
2022-23,1631121,1610612766,Bryce McGowens,partial,0,0,82,80,46,45,False,False,not_yet_supplied_after_exact_union_and_locked_layer,False
2022-23,1631157,1610612744,Ryan Rollins,full_core,0,0,82,81,12,12,False,False,not_yet_supplied_after_exact_union_and_locked_layer,False
2022-23,1631165,1610612758,Keon Ellis,full_core,0,0,82,77,16,14,False,False,not_yet_supplied_after_exact_union_and_locked_layer,False
2022-23,1631172,1610612760,Ousmane Dieng,full_core,0,0,82,79,39,37,False,False,not_yet_supplied_after_exact_union_and_locked_layer,False
2022-23,1631205,1610612765,Buddy Boeheim,full_core,0,0,82,80,10,10,False,False,not_yet_supplied_after_exact_union_and_locked_layer,False
2022-23,1631207,1610612741,Dalen Terry,full_core,0,0,82,81,38,38,False,False,not_yet_supplied_after_exact_union_and_locked_layer,False
2022-23,1631217,1610612746,Moussa Diabate,full_core,0,0,82,81,22,21,False,False,not_yet_supplied_after_exact_union_and_locked_layer,False
2022-23,1631222,1610612763,Jake LaRavia,full_core,0,0,82,81,35,34,False,False,not_yet_supplied_after_exact_union_and_locked_layer,False
2022-23,1631223,1610612763,David Roddy,full_core,0,0,82,81,70,69,False,False,not_yet_supplied_after_exact_union_and_locked_layer,False
2022-23,1631230,1610612759,Dominick Barlow,full_core,0,0,82,80,28,27,False,False,not_yet_supplied_after_exact_union_and_locked_layer,False
2022-23,1631246,1610612763,Vince Williams Jr.,full_core,0,0,82,81,15,14,False,False,not_yet_supplied_after_exact_union_and_locked_layer,False
2022-23,1631254,1610612763,Kenneth Lofton Jr.,partial,0,0,82,81,24,23,False,False,not_yet_supplied_after_exact_union_and_locked_layer,False
2022-23,1631260,1610612749,AJ Green,full_core,0,0,82,80,35,35,False,False,not_yet_supplied_after_exact_union_and_locked_layer,False
2022-23,1631306,1610612747,Cole Swider,full_core,0,0,82,79,7,7,False,False,not_yet_supplied_after_exact_union_and_locked_layer,False
2022-23,1631309,1610612745,Trevor Hudgins,full_core,0,0,82,79,5,5,False,False,not_yet_supplied_after_exact_union_and_locked_layer,False
2022-23,1631323,1610612762,Simone Fontecchio,full_core,0,0,82,79,52,49,False,False,not_yet_supplied_after_exact_union_and_locked_layer,False
2022-23,200752,1610612762,Rudy Gay,full_core,0,0,82,79,56,54,False,False,not_yet_supplied_after_exact_union_and_locked_layer,False
2022-23,201565,1610612752,Derrick Rose,full_core,0,0,82,81,27,27,False,False,not_yet_supplied_after_exact_union_and_locked_layer,False
2022-23,201572,1610612749,Brook Lopez,full_core,0,0,82,80,78,76,False,False,not_yet_supplied_after_exact_union_and_locked_layer,False
2022-23,201577,1610612739,Robin Lopez,full_core,0,0,82,79,37,36,False,False,not_yet_supplied_after_exact_union_and_locked_layer,False
2022-23,201580,1610612742,JaVale McGee,full_core,0,0,82,81,42,41,False,False,not_yet_supplied_after_exact_union_and_locked_layer,False
2022-23,201587,1610612746,Nicolas Batum,full_core,0,0,82,81,78,77,False,False,not_yet_supplied_after_exact_union_and_locked_layer,False
2022-23,201937,1610612739,Ricky Rubio,full_core,0,0,82,79,33,31,False,False,not_yet_supplied_after_exact_union_and_locked_layer,False
2022-23,201939,1610612744,Stephen Curry,full_core,0,0,82,81,56,55,False,False,not_yet_supplied_after_exact_union_and_locked_layer,False
2022-23,201942,1610612741,DeMar DeRozan,full_core,0,0,82,81,74,73,False,False,not_yet_supplied_after_exact_union_and_locked_layer,False
2022-23,201950,1610612749,Jrue Holiday,full_core,0,0,82,80,67,65,False,False,not_yet_supplied_after_exact_union_and_locked_layer,False
2022-23,201959,1610612764,Taj Gibson,full_core,0,0,82,81,48,47,False,False,not_yet_supplied_after_exact_union_and_locked_layer,False
2022-23,202066,1610612740,Garrett Temple,full_core,0,0,82,80,25,25,False,False,not_yet_supplied_after_exact_union_and_locked_layer,False
2022-23,202083,1610612749,Wesley Matthews,full_core,0,0,82,80,52,50,False,False,not_yet_supplied_after_exact_union_and_locked_layer,False
2022-23,202330,1610612766,Gordon Hayward,full_core,0,0,82,80,50,49,False,False,not_yet_supplied_after_exact_union_and_locked_layer,False
2022-23,202331,1610612746,Paul George,full_core,0,0,82,81,56,56,False,False,not_yet_supplied_after_exact_union_and_locked_layer,False
2022-23,202685,1610612740,Jonas Valanciunas,full_core,0,0,82,80,79,77,False,False,not_yet_supplied_after_exact_union_and_locked_layer,False
2022-23,202687,1610612756,Bismack Biyombo,full_core,0,0,82,81,61,60,False,False,not_yet_supplied_after_exact_union_and_locked_layer,False
2022-23,202691,1610612744,Klay Thompson,full_core,0,0,82,81,69,69,False,False,not_yet_supplied_after_exact_union_and_locked_layer,False
2022-23,202692,1610612765,Alec Burks,full_core,0,0,82,80,51,49,False,False,not_yet_supplied_after_exact_union_and_locked_layer,False
2022-23,202694,1610612746,Marcus Morris Sr.,full_core,0,0,82,81,65,64,False,False,not_yet_supplied_after_exact_union_and_locked_layer,False
2022-23,202695,1610612746,Kawhi Leonard,full_core,0,0,82,81,52,52,False,False,not_yet_supplied_after_exact_union_and_locked_layer,False
2022-23,202696,1610612741,Nikola Vucevic,full_core,0,0,82,81,82,81,False,False,not_yet_supplied_after_exact_union_and_locked_layer,False
2022-23,202709,1610612765,Cory Joseph,full_core,0,0,82,80,62,61,False,False,not_yet_supplied_after_exact_union_and_locked_layer,False
2022-23,202711,1610612765,Bojan Bogdanovic,full_core,0,0,82,80,59,57,False,False,not_yet_supplied_after_exact_union_and_locked_layer,False
2022-23,202722,1610612742,Davis Bertans,full_core,0,0,82,81,45,44,False,False,not_yet_supplied_after_exact_union_and_locked_layer,False
2022-23,203076,1610612747,Anthony Davis,full_core,0,0,82,79,56,53,False,False,not_yet_supplied_after_exact_union_and_locked_layer,False
2022-23,203078,1610612764,Bradley Beal,full_core,0,0,82,81,50,50,False,False,not_yet_supplied_after_exact_union_and_locked_layer,False
2022-23,203083,1610612741,Andre Drummond,full_core,0,0,82,81,67,66,False,False,not_yet_supplied_after_exact_union_and_locked_layer,False
2022-23,203084,1610612758,Harrison Barnes,full_core,0,0,82,77,82,77,False,False,not_yet_supplied_after_exact_union_and_locked_layer,False
2022-23,203095,1610612752,Evan Fournier,full_core,0,0,82,81,27,26,False,False,not_yet_supplied_after_exact_union_and_locked_layer,False
2022-23,203110,1610612744,Draymond Green,full_core,0,0,82,81,73,72,False,False,not_yet_supplied_after_exact_union_and_locked_layer,False
2022-23,203114,1610612749,Khris Middleton,full_core,0,0,82,80,33,32,False,False,not_yet_supplied_after_exact_union_and_locked_layer,False
2022-23,203210,1610612744,JaMychal Green,full_core,0,0,82,81,57,57,False,False,not_yet_supplied_after_exact_union_and_locked_layer,False
2022-23,203458,1610612758,Alex Len,full_core,0,0,82,77,26,24,False,False,not_yet_supplied_after_exact_union_and_locked_layer,False
2022-23,203468,1610612740,CJ McCollum,full_core,0,0,82,80,75,73,False,False,not_yet_supplied_after_exact_union_and_locked_layer,False
2022-23,203471,1610612747,Dennis Schroder,full_core,0,0,82,79,66,64,False,False,not_yet_supplied_after_exact_union_and_locked_layer,False
2022-23,203482,1610612762,Kelly Olynyk,full_core,0,0,82,79,68,65,False,False,not_yet_supplied_after_exact_union_and_locked_layer,False
2022-23,203493,1610612742,Reggie Bullock,full_core,0,0,82,81,78,77,False,False,not_yet_supplied_after_exact_union_and_locked_layer,False
2022-23,203496,1610612746,Robert Covington,full_core,0,0,82,81,48,47,False,False,not_yet_supplied_after_exact_union_and_locked_layer,False
2022-23,203500,1610612763,Steven Adams,full_core,0,0,82,81,42,41,False,False,not_yet_supplied_after_exact_union_and_locked_layer,False
2022-23,203501,1610612742,Tim Hardaway Jr.,full_core,0,0,82,81,71,70,False,False,not_yet_supplied_after_exact_union_and_locked_layer,False
2022-23,203507,1610612749,Giannis Antetokounmpo,full_core,0,0,82,80,63,61,False,False,not_yet_supplied_after_exact_union_and_locked_layer,False
2022-23,203521,1610612758,Matthew Dellavedova,full_core,0,0,82,77,32,29,False,False,not_yet_supplied_after_exact_union_and_locked_layer,False
2022-23,203526,1610612739,Raul Neto,full_core,0,0,82,79,48,46,False,False,not_yet_supplied_after_exact_union_and_locked_layer,False
2022-23,203585,1610612765,Rodney McGruder,full_core,0,0,82,80,32,31,False,False,not_yet_supplied_after_exact_union_and_locked_layer,False
2022-23,203648,1610612749,Thanasis Antetokounmpo,full_core,0,0,82,80,37,37,False,False,not_yet_supplied_after_exact_union_and_locked_layer,False
2022-23,203897,1610612741,Zach LaVine,full_core,0,0,82,81,77,76,False,False,not_yet_supplied_after_exact_union_and_locked_layer,False
2022-23,203903,1610612762,Jordan Clarkson,full_core,0,0,82,79,61,59,False,False,not_yet_supplied_after_exact_union_and_locked_layer,False
2022-23,203926,1610612759,Doug McDermott,full_core,0,0,82,80,64,62,False,False,not_yet_supplied_after_exact_union_and_locked_layer,False
2022-23,203939,1610612742,Dwight Powell,full_core,0,0,82,81,76,75,False,False,not_yet_supplied_after_exact_union_and_locked_layer,False
2022-23,203944,1610612752,Julius Randle,full_core,0,0,82,81,77,77,False,False,not_yet_supplied_after_exact_union_and_locked_layer,False
2022-23,203952,1610612744,Andrew Wiggins,full_core,0,0,82,81,37,37,False,False,not_yet_supplied_after_exact_union_and_locked_layer,False
2022-23,204001,1610612764,Kristaps Porzingis,full_core,0,0,82,81,65,65,False,False,not_yet_supplied_after_exact_union_and_locked_layer,False
2022-23,204060,1610612749,Joe Ingles,full_core,0,0,82,80,46,45,False,False,not_yet_supplied_after_exact_union_and_locked_layer,False
2022-23,2544,1610612747,LeBron James,full_core,0,0,82,79,55,53,False,False,not_yet_supplied_after_exact_union_and_locked_layer,False
2022-23,2738,1610612744,Andre Iguodala,full_core,0,0,82,81,8,8,False,False,not_yet_supplied_after_exact_union_and_locked_layer,False
2023-24,1626156,1610612747,D'Angelo Russell,full_core,0,0,82,80,76,74,False,False,not_yet_supplied_after_exact_union_and_locked_layer,False
2023-24,1626174,1610612747,Christian Wood,full_core,0,0,82,80,50,50,False,False,not_yet_supplied_after_exact_union_and_locked_layer,False
2023-24,1626204,1610612740,Larry Nance Jr.,full_core,0,0,82,81,61,60,False,False,not_yet_supplied_after_exact_union_and_locked_layer,False
2023-24,1627742,1610612740,Brandon Ingram,full_core,0,0,82,81,64,63,False,False,not_yet_supplied_after_exact_union_and_locked_layer,False
2023-24,1627751,1610612761,Jakob Poeltl,full_core,0,0,82,81,50,49,False,False,not_yet_supplied_after_exact_union_and_locked_layer,False
2023-24,1627752,1610612747,Taurean Prince,full_core,0,0,82,80,78,76,False,False,not_yet_supplied_after_exact_union_and_locked_layer,False
2023-24,1628379,1610612763,Luke Kennard,full_core,0,0,82,81,39,39,False,False,not_yet_supplied_after_exact_union_and_locked_layer,False
2023-24,1628449,1610612761,Chris Boucher,full_core,0,0,82,81,50,50,False,False,not_yet_supplied_after_exact_union_and_locked_layer,False
2023-24,1628983,1610612760,Shai Gilgeous-Alexander,full_core,0,0,82,81,75,74,False,False,not_yet_supplied_after_exact_union_and_locked_layer,False
2023-24,1628991,1610612763,Jaren Jackson Jr.,full_core,0,0,82,81,66,66,False,False,not_yet_supplied_after_exact_union_and_locked_layer,False
2023-24,1629018,1610612761,Gary Trent Jr.,full_core,0,0,82,81,71,70,False,False,not_yet_supplied_after_exact_union_and_locked_layer,False
2023-24,1629020,1610612747,Jarred Vanderbilt,full_core,0,0,82,80,29,29,False,False,not_yet_supplied_after_exact_union_and_locked_layer,False
2023-24,1629026,1610612760,Kenrich Williams,full_core,0,0,82,81,69,68,False,False,not_yet_supplied_after_exact_union_and_locked_layer,False
2023-24,1629060,1610612747,Rui Hachimura,full_core,0,0,82,80,68,66,False,False,not_yet_supplied_after_exact_union_and_locked_layer,False
2023-24,1629216,1610612747,Gabe Vincent,full_core,0,0,82,80,11,9,False,False,not_yet_supplied_after_exact_union_and_locked_layer,False
2023-24,1629627,1610612740,Zion Williamson,full_core,0,0,82,81,70,69,False,False,not_yet_supplied_after_exact_union_and_locked_layer,False
2023-24,1629629,1610612747,Cam Reddish,full_core,0,0,82,80,48,48,False,False,not_yet_supplied_after_exact_union_and_locked_layer,False
2023-24,1629630,1610612763,Ja Morant,full_core,0,0,82,81,9,9,False,False,not_yet_supplied_after_exact_union_and_locked_layer,False
2023-24,1629634,1610612763,Brandon Clarke,full_core,0,0,82,81,6,6,False,False,not_yet_supplied_after_exact_union_and_locked_layer,False
2023-24,1629637,1610612747,Jaxson Hayes,full_core,0,0,82,80,70,68,False,False,not_yet_supplied_after_exact_union_and_locked_layer,False
2023-24,1629652,1610612760,Luguentz Dort,full_core,0,0,82,81,79,78,False,False,not_yet_supplied_after_exact_union_and_locked_layer,False
2023-24,1629667,1610612761,Jalen McDaniels,full_core,0,0,82,81,50,50,False,False,not_yet_supplied_after_exact_union_and_locked_layer,False
2023-24,1629674,1610612738,Neemias Queta,partial,0,0,82,82,28,28,False,False,not_yet_supplied_after_exact_union_and_locked_layer,False
2023-24,1629723,1610612763,John Konchar,full_core,0,0,82,81,55,55,False,False,not_yet_supplied_after_exact_union_and_locked_layer,False
2023-24,1630198,1610612760,Isaiah Joe,full_core,0,0,82,81,78,78,False,False,not_yet_supplied_after_exact_union_and_locked_layer,False
2023-24,1630215,1610612764,Jared Butler,partial,0,0,82,82,40,40,False,False,not_yet_supplied_after_exact_union_and_locked_layer,False
2023-24,1630217,1610612763,Desmond Bane,full_core,0,0,82,81,42,42,False,False,not_yet_supplied_after_exact_union_and_locked_layer,False
2023-24,1630230,1610612740,Naji Marshall,full_core,0,0,82,81,66,66,False,False,not_yet_supplied_after_exact_union_and_locked_layer,False
2023-24,1630322,1610612760,Lindy Waters III,partial,0,0,82,81,38,37,False,False,not_yet_supplied_after_exact_union_and_locked_layer,False
2023-24,1630346,1610612740,Matt Ryan,partial,0,0,82,81,28,27,False,False,not_yet_supplied_after_exact_union_and_locked_layer,False
2023-24,1630529,1610612740,Herbert Jones,full_core,0,0,82,81,76,75,False,False,not_yet_supplied_after_exact_union_and_locked_layer,False
2023-24,1630530,1610612740,Trey Murphy III,full_core,0,0,82,81,57,56,False,False,not_yet_supplied_after_exact_union_and_locked_layer,False
2023-24,1630533,1610612763,Ziaire Williams,full_core,0,0,82,81,51,51,False,False,not_yet_supplied_after_exact_union_and_locked_layer,False
2023-24,1630543,1610612754,Isaiah Jackson,full_core,0,0,82,82,59,58,False,False,not_yet_supplied_after_exact_union_and_locked_layer,False
2023-24,1630559,1610612747,Austin Reaves,full_core,0,0,82,80,82,80,False,False,not_yet_supplied_after_exact_union_and_locked_layer,False
2023-24,1630567,1610612761,Scottie Barnes,full_core,0,0,82,81,60,59,False,False,not_yet_supplied_after_exact_union_and_locked_layer,False
2023-24,1630581,1610612760,Josh Giddey,full_core,0,0,82,81,80,79,False,False,not_yet_supplied_after_exact_union_and_locked_layer,False
2023-24,1630583,1610612763,Santi Aldama,full_core,0,0,82,81,61,61,False,False,not_yet_supplied_after_exact_union_and_locked_layer,False
2023-24,1630592,1610612751,Jalen Wilson,partial,0,0,82,82,43,43,False,False,not_yet_supplied_after_exact_union_and_locked_layer,False
2023-24,1630598,1610612760,Aaron Wiggins,full_core,0,0,82,81,78,77,False,False,not_yet_supplied_after_exact_union_and_locked_layer,False
2023-24,1630604,1610612740,E.J. Liddell,full_core,0,0,82,81,8,8,False,False,not_yet_supplied_after_exact_union_and_locked_layer,False
2023-24,1630611,1610612744,Gui Santos,partial,0,0,82,82,23,23,False,False,not_yet_supplied_after_exact_union_and_locked_layer,False
2023-24,1630631,1610612740,Jose Alvarado,full_core,0,0,82,81,56,55,False,False,not_yet_supplied_after_exact_union_and_locked_layer,False
2023-24,1630639,1610612742,A.J. Lawson,partial,0,0,82,82,42,42,False,False,not_yet_supplied_after_exact_union_and_locked_layer,False
2023-24,1630647,1610612764,Eugene Omoruyi,partial,0,0,82,82,43,43,False,False,not_yet_supplied_after_exact_union_and_locked_layer,False
2023-24,1630649,1610612765,Stanley Umude,partial,0,0,82,82,24,24,False,False,not_yet_supplied_after_exact_union_and_locked_layer,False
2023-24,1630658,1610612747,Colin Castleton,full_core,0,0,82,80,16,15,False,False,not_yet_supplied_after_exact_union_and_locked_layer,False
2023-24,1630700,1610612740,Dyson Daniels,full_core,0,0,82,81,61,60,False,False,not_yet_supplied_after_exact_union_and_locked_layer,False
2023-24,1630846,1610612760,Olivier Sarr,full_core,0,0,82,81,15,15,False,False,not_yet_supplied_after_exact_union_and_locked_layer,False
2023-24,1631096,1610612760,Chet Holmgren,full_core,0,0,82,81,82,81,False,False,not_yet_supplied_after_exact_union_and_locked_layer,False
2023-24,1631108,1610612747,Max Christie,full_core,0,0,82,80,67,66,False,False,not_yet_supplied_after_exact_union_and_locked_layer,False
2023-24,1631112,1610612754,Kendall Brown,partial,0,0,82,82,15,15,False,False,not_yet_supplied_after_exact_union_and_locked_layer,False
2023-24,1631114,1610612760,Jalen Williams,full_core,0,0,82,81,71,71,False,False,not_yet_supplied_after_exact_union_and_locked_layer,False
2023-24,1631119,1610612760,Jaylin Williams,full_core,0,0,82,81,69,68,False,False,not_yet_supplied_after_exact_union_and_locked_layer,False
2023-24,1631165,1610612758,Keon Ellis,partial,0,0,82,82,57,57,False,False,not_yet_supplied_after_exact_union_and_locked_layer,False
2023-24,1631172,1610612760,Ousmane Dieng,full_core,0,0,82,81,33,32,False,False,not_yet_supplied_after_exact_union_and_locked_layer,False
2023-24,1631220,1610612740,Dereon Seabron,full_core,0,0,82,81,6,6,False,False,not_yet_supplied_after_exact_union_and_locked_layer,False
2023-24,1631222,1610612763,Jake LaRavia,full_core,0,0,82,81,35,34,False,False,not_yet_supplied_after_exact_union_and_locked_layer,False
2023-24,1631241,1610612761,Javon Freeman-Liberty,partial,0,0,82,81,22,22,False,False,not_yet_supplied_after_exact_union_and_locked_layer,False
2023-24,1631246,1610612763,Vince Williams Jr.,partial,0,0,82,81,52,52,False,False,not_yet_supplied_after_exact_union_and_locked_layer,False
2023-24,1641711,1610612761,Gradey Dick,full_core,0,0,82,81,60,59,False,False,not_yet_supplied_after_exact_union_and_locked_layer,False
2023-24,1641713,1610612763,GG Jackson,partial,0,0,82,81,48,47,False,False,not_yet_supplied_after_exact_union_and_locked_layer,False
2023-24,1641717,1610612760,Cason Wallace,full_core,0,0,82,81,82,81,False,False,not_yet_supplied_after_exact_union_and_locked_layer,False
2023-24,1641720,1610612747,Jalen Hood-Schifino,full_core,0,0,82,80,21,21,False,False,not_yet_supplied_after_exact_union_and_locked_layer,False
2023-24,1641721,1610612747,Maxwell Lewis,full_core,0,0,82,80,34,33,False,False,not_yet_supplied_after_exact_union_and_locked_layer,False
2023-24,1641722,1610612740,Jordan Hawkins,full_core,0,0,82,81,67,67,False,False,not_yet_supplied_after_exact_union_and_locked_layer,False
2023-24,1641749,1610612760,Keyontae Johnson,full_core,0,0,82,81,9,9,False,False,not_yet_supplied_after_exact_union_and_locked_layer,False
2023-24,1641774,1610612764,Tristan Vukcevic,partial,0,0,82,82,10,10,False,False,not_yet_supplied_after_exact_union_and_locked_layer,False
2023-24,1641854,1610612739,Craig Porter Jr.,partial,0,0,82,82,51,51,False,False,not_yet_supplied_after_exact_union_and_locked_layer,False
2023-24,1641871,1610612757,Duop Reath,partial,0,0,82,82,68,68,False,False,not_yet_supplied_after_exact_union_and_locked_layer,False
2023-24,1641931,1610612741,Onuralp Bitim,partial,0,0,82,82,23,23,False,False,not_yet_supplied_after_exact_union_and_locked_layer,False
2023-24,201565,1610612763,Derrick Rose,full_core,0,0,82,81,24,24,False,False,not_yet_supplied_after_exact_union_and_locked_layer,False
2023-24,202066,1610612761,Garrett Temple,full_core,0,0,82,81,27,27,False,False,not_yet_supplied_after_exact_union_and_locked_layer,False
2023-24,202685,1610612740,Jonas Valanciunas,full_core,0,0,82,81,82,81,False,False,not_yet_supplied_after_exact_union_and_locked_layer,False
2023-24,203076,1610612747,Anthony Davis,full_core,0,0,82,80,76,74,False,False,not_yet_supplied_after_exact_union_and_locked_layer,False
2023-24,203468,1610612740,CJ McCollum,full_core,0,0,82,81,66,65,False,False,not_yet_supplied_after_exact_union_and_locked_layer,False
2023-24,203469,1610612740,Cody Zeller,full_core,0,0,82,81,43,41,False,False,not_yet_supplied_after_exact_union_and_locked_layer,False
2023-24,203935,1610612763,Marcus Smart,full_core,0,0,82,81,20,20,False,False,not_yet_supplied_after_exact_union_and_locked_layer,False
2023-24,2544,1610612747,LeBron James,full_core,0,0,82,80,71,69,False,False,not_yet_supplied_after_exact_union_and_locked_layer,False
2024-25,1626157,1610612752,Karl-Anthony Towns,full_core,0,0,82,81,72,71,False,False,not_yet_supplied_after_exact_union_and_locked_layer,False
2024-25,1626158,1610612764,Richaun Holmes,full_core,0,0,82,81,31,30,False,False,not_yet_supplied_after_exact_union_and_locked_layer,False
2024-25,1626162,1610612755,Kelly Oubre Jr.,full_core,0,0,82,80,60,59,False,False,not_yet_supplied_after_exact_union_and_locked_layer,False
2024-25,1626166,1610612752,Cameron Payne,full_core,0,0,82,81,72,71,False,False,not_yet_supplied_after_exact_union_and_locked_layer,False
2024-25,1626167,1610612754,Myles Turner,full_core,0,0,82,81,72,72,False,False,not_yet_supplied_after_exact_union_and_locked_layer,False
2024-25,1626168,1610612758,Trey Lyles,full_core,0,0,82,80,69,67,False,False,not_yet_supplied_after_exact_union_and_locked_layer,False
2024-25,1626171,1610612749,Bobby Portis,full_core,0,0,82,81,49,49,False,False,not_yet_supplied_after_exact_union_and_locked_layer,False
2024-25,1626172,1610612744,Kevon Looney,full_core,0,0,82,81,76,75,False,False,not_yet_supplied_after_exact_union_and_locked_layer,False
2024-25,1626179,1610612748,Terry Rozier,full_core,0,0,82,81,64,63,False,False,not_yet_supplied_after_exact_union_and_locked_layer,False
2024-25,1626192,1610612749,Pat Connaughton,full_core,0,0,82,81,41,40,False,False,not_yet_supplied_after_exact_union_and_locked_layer,False
2024-25,1627734,1610612758,Domantas Sabonis,full_core,0,0,82,80,70,68,False,False,not_yet_supplied_after_exact_union_and_locked_layer,False
2024-25,1627736,1610612765,Malik Beasley,full_core,0,0,82,81,82,81,False,False,not_yet_supplied_after_exact_union_and_locked_layer,False
2024-25,1627741,1610612744,Buddy Hield,full_core,0,0,82,81,82,81,False,False,not_yet_supplied_after_exact_union_and_locked_layer,False
2024-25,1627750,1610612743,Jamal Murray,full_core,0,0,82,81,67,67,False,False,not_yet_supplied_after_exact_union_and_locked_layer,False
2024-25,1627751,1610612761,Jakob Poeltl,full_core,0,0,82,81,57,56,False,False,not_yet_supplied_after_exact_union_and_locked_layer,False
2024-25,1627752,1610612749,Taurean Prince,full_core,0,0,82,81,80,79,False,False,not_yet_supplied_after_exact_union_and_locked_layer,False
2024-25,1627759,1610612738,Jaylen Brown,full_core,0,0,82,81,63,62,False,False,not_yet_supplied_after_exact_union_and_locked_layer,False
2024-25,1627763,1610612764,Malcolm Brogdon,full_core,0,0,82,81,24,23,False,False,not_yet_supplied_after_exact_union_and_locked_layer,False
2024-25,1627780,1610612744,Gary Payton II,full_core,0,0,82,81,62,61,False,False,not_yet_supplied_after_exact_union_and_locked_layer,False
2024-25,1627783,1610612754,Pascal Siakam,full_core,0,0,82,81,78,77,False,False,not_yet_supplied_after_exact_union_and_locked_layer,False
2024-25,1627824,1610612755,Guerschon Yabusele,full_core,0,0,82,80,70,69,False,False,not_yet_supplied_after_exact_union_and_locked_layer,False
2024-25,1627832,1610612745,Fred VanVleet,full_core,0,0,82,79,60,57,False,False,not_yet_supplied_after_exact_union_and_locked_layer,False
2024-25,1628369,1610612738,Jayson Tatum,full_core,0,0,82,81,72,71,False,False,not_yet_supplied_after_exact_union_and_locked_layer,False
2024-25,1628370,1610612758,Malik Monk,full_core,0,0,82,80,65,63,False,False,not_yet_supplied_after_exact_union_and_locked_layer,False
2024-25,1628374,1610612762,Lauri Markkanen,full_core,0,0,82,81,47,47,False,False,not_yet_supplied_after_exact_union_and_locked_layer,False
2024-25,1628381,1610612762,John Collins,full_core,0,0,82,81,40,40,False,False,not_yet_supplied_after_exact_union_and_locked_layer,False
2024-25,1628384,1610612752,OG Anunoby,full_core,0,0,82,81,74,73,False,False,not_yet_supplied_after_exact_union_and_locked_layer,False
2024-25,1628389,1610612748,Bam Adebayo,full_core,0,0,82,81,78,77,False,False,not_yet_supplied_after_exact_union_and_locked_layer,False
2024-25,1628401,1610612738,Derrick White,full_core,0,0,82,81,76,75,False,False,not_yet_supplied_after_exact_union_and_locked_layer,False
2024-25,1628404,1610612752,Josh Hart,full_core,0,0,82,81,77,76,False,False,not_yet_supplied_after_exact_union_and_locked_layer,False
2024-25,1628415,1610612745,Dillon Brooks,full_core,0,0,82,79,75,73,False,False,not_yet_supplied_after_exact_union_and_locked_layer,False
2024-25,1628427,1610612743,Vlatko Čančar,full_core,0,0,82,81,13,13,False,False,not_yet_supplied_after_exact_union_and_locked_layer,False
2024-25,1628436,1610612738,Luke Kornet,full_core,0,0,82,81,73,72,False,False,not_yet_supplied_after_exact_union_and_locked_layer,False
2024-25,1628449,1610612761,Chris Boucher,full_core,0,0,82,81,50,49,False,False,not_yet_supplied_after_exact_union_and_locked_layer,False
2024-25,1628969,1610612752,Mikal Bridges,full_core,0,0,82,81,82,81,False,False,not_yet_supplied_after_exact_union_and_locked_layer,False
2024-25,1628973,1610612752,Jalen Brunson,full_core,0,0,82,81,65,64,False,False,not_yet_supplied_after_exact_union_and_locked_layer,False
2024-25,1628978,1610612750,Donte DiVincenzo,full_core,0,0,82,80,62,61,False,False,not_yet_supplied_after_exact_union_and_locked_layer,False
2024-25,1628988,1610612745,Aaron Holiday,full_core,0,0,82,79,62,59,False,False,not_yet_supplied_after_exact_union_and_locked_layer,False
2024-25,1629004,1610612762,Svi Mykhailiuk,full_core,0,0,82,81,38,37,False,False,not_yet_supplied_after_exact_union_and_locked_layer,False
2024-25,1629008,1610612743,Michael Porter Jr.,full_core,0,0,82,81,77,77,False,False,not_yet_supplied_after_exact_union_and_locked_layer,False
2024-25,1629011,1610612752,Mitchell Robinson,full_core,0,0,82,81,17,16,False,False,not_yet_supplied_after_exact_union_and_locked_layer,False
2024-25,1629012,1610612762,Collin Sexton,full_core,0,0,82,81,63,62,False,False,not_yet_supplied_after_exact_union_and_locked_layer,False
2024-25,1629014,1610612757,Anfernee Simons,full_core,0,0,82,80,70,69,False,False,not_yet_supplied_after_exact_union_and_locked_layer,False
2024-25,1629018,1610612749,Gary Trent Jr.,full_core,0,0,82,81,74,73,False,False,not_yet_supplied_after_exact_union_and_locked_layer,False
2024-25,1629020,1610612747,Jarred Vanderbilt,full_core,0,0,82,81,36,35,False,False,not_yet_supplied_after_exact_union_and_locked_layer,False
2024-25,1629023,1610612742,P.J. Washington,full_core,0,0,82,81,57,57,False,False,not_yet_supplied_after_exact_union_and_locked_layer,False
2024-25,1629028,1610612757,Deandre Ayton,full_core,0,0,82,80,40,39,False,False,not_yet_supplied_after_exact_union_and_locked_layer,False
2024-25,1629057,1610612757,Robert Williams III,full_core,0,0,82,80,20,20,False,False,not_yet_supplied_after_exact_union_and_locked_layer,False
2024-25,1629060,1610612747,Rui Hachimura,full_core,0,0,82,81,59,59,False,False,not_yet_supplied_after_exact_union_and_locked_layer,False
2024-25,1629098,1610612745,Jack McVeigh,full_core,0,0,82,79,9,9,False,False,not_yet_supplied_after_exact_union_and_locked_layer,False
2024-25,1629111,1610612745,Jock Landale,full_core,0,0,82,79,42,41,False,False,not_yet_supplied_after_exact_union_and_locked_layer,False
2024-25,1629130,1610612748,Duncan Robinson,full_core,0,0,82,81,74,73,False,False,not_yet_supplied_after_exact_union_and_locked_layer,False
2024-25,1629216,1610612747,Gabe Vincent,full_core,0,0,82,81,72,71,False,False,not_yet_supplied_after_exact_union_and_locked_layer,False
2024-25,1629312,1610612748,Haywood Highsmith,full_core,0,0,82,81,74,73,False,False,not_yet_supplied_after_exact_union_and_locked_layer,False
2024-25,1629614,1610612754,Andrew Nembhard,full_core,0,0,82,81,65,64,False,False,not_yet_supplied_after_exact_union_and_locked_layer,False
2024-25,1629618,1610612743,Jalen Pickett,full_core,0,0,82,81,49,48,False,False,not_yet_supplied_after_exact_union_and_locked_layer,False
2024-25,1629628,1610612761,RJ Barrett,full_core,0,0,82,81,58,57,False,False,not_yet_supplied_after_exact_union_and_locked_layer,False
2024-25,1629637,1610612747,Jaxson Hayes,full_core,0,0,82,81,56,55,False,False,not_yet_supplied_after_exact_union_and_locked_layer,False
2024-25,1629638,1610612750,Nickeil Alexander-Walker,full_core,0,0,82,80,82,80,False,False,not_yet_supplied_after_exact_union_and_locked_layer,False
2024-25,1629639,1610612748,Tyler Herro,full_core,0,0,82,81,77,76,False,False,not_yet_supplied_after_exact_union_and_locked_layer,False
2024-25,1629655,1610612742,Daniel Gafford,full_core,0,0,82,81,57,56,False,False,not_yet_supplied_after_exact_union_and_locked_layer,False
2024-25,1629673,1610612764,Jordan Poole,full_core,0,0,82,81,68,67,False,False,not_yet_supplied_after_exact_union_and_locked_layer,False
2024-25,1629674,1610612738,Neemias Queta,full_core,0,0,82,81,62,61,False,False,not_yet_supplied_after_exact_union_and_locked_layer,False
2024-25,1629675,1610612750,Naz Reid,full_core,0,0,82,80,80,79,False,False,not_yet_supplied_after_exact_union_and_locked_layer,False
2024-25,1629680,1610612757,Matisse Thybulle,full_core,0,0,82,80,15,14,False,False,not_yet_supplied_after_exact_union_and_locked_layer,False
2024-25,1630162,1610612750,Anthony Edwards,full_core,0,0,82,80,79,77,False,False,not_yet_supplied_after_exact_union_and_locked_layer,False
2024-25,1630166,1610612757,Deni Avdija,full_core,0,0,82,80,72,71,False,False,not_yet_supplied_after_exact_union_and_locked_layer,False
2024-25,1630167,1610612754,Obi Toppin,full_core,0,0,82,81,79,78,False,False,not_yet_supplied_after_exact_union_and_locked_layer,False
2024-25,1630169,1610612754,Tyrese Haliburton,full_core,0,0,82,81,73,72,False,False,not_yet_supplied_after_exact_union_and_locked_layer,False
2024-25,1630173,1610612752,Precious Achiuwa,full_core,0,0,82,81,57,57,False,False,not_yet_supplied_after_exact_union_and_locked_layer,False
2024-25,1630174,1610612754,Aaron Nesmith,full_core,0,0,82,81,45,44,False,False,not_yet_supplied_after_exact_union_and_locked_layer,False
2024-25,1630178,1610612755,Tyrese Maxey,full_core,0,0,82,80,52,51,False,False,not_yet_supplied_after_exact_union_and_locked_layer,False
2024-25,1630183,1610612750,Jaden McDaniels,full_core,0,0,82,80,82,80,False,False,not_yet_supplied_after_exact_union_and_locked_layer,False
2024-25,1630191,1610612765,Isaiah Stewart,full_core,0,0,82,81,72,71,False,False,not_yet_supplied_after_exact_union_and_locked_layer,False
2024-25,1630192,1610612743,Zeke Nnaji,full_core,0,0,82,81,57,56,False,False,not_yet_supplied_after_exact_union_and_locked_layer,False
2024-25,1630193,1610612761,Immanuel Quickley,full_core,0,0,82,81,33,33,False,False,not_yet_supplied_after_exact_union_and_locked_layer,False
2024-25,1630194,1610612765,Paul Reed,full_core,0,0,82,81,45,44,False,False,not_yet_supplied_after_exact_union_and_locked_layer,False
2024-25,1630202,1610612738,Payton Pritchard,full_core,0,0,82,81,80,79,False,False,not_yet_supplied_after_exact_union_and_locked_layer,False
2024-25,1630214,1610612738,Xavier Tillman,full_core,0,0,82,81,33,33,False,False,not_yet_supplied_after_exact_union_and_locked_layer,False
2024-25,1630222,1610612758,Mason Jones,full_core,0,0,82,80,10,10,False,False,not_yet_supplied_after_exact_union_and_locked_layer,False
2024-25,1630224,1610612745,Jalen Green,full_core,0,0,82,79,82,79,False,False,not_yet_supplied_after_exact_union_and_locked_layer,False
2024-25,1630228,1610612744,Jonathan Kuminga,full_core,0,0,82,81,47,46,False,False,not_yet_supplied_after_exact_union_and_locked_layer,False
2024-25,1630230,1610612742,Naji Marshall,full_core,0,0,82,81,69,68,False,False,not_yet_supplied_after_exact_union_and_locked_layer,False
2024-25,1630256,1610612745,Jae'Sean Tate,full_core,0,0,82,79,52,50,False,False,not_yet_supplied_after_exact_union_and_locked_layer,False
2024-25,1630264,1610612764,Anthony Gill,full_core,0,0,82,81,51,50,False,False,not_yet_supplied_after_exact_union_and_locked_layer,False
2024-25,1630288,1610612755,Jeff Dowtin Jr.,full_core,0,0,82,80,41,40,False,False,not_yet_supplied_after_exact_union_and_locked_layer,False
2024-25,1630314,1610612742,Brandon Williams,partial,0,0,82,81,33,33,False,False,not_yet_supplied_after_exact_union_and_locked_layer,False
2024-25,1630527,1610612740,Brandon Boston,partial,0,0,82,82,42,42,False,False,not_yet_supplied_after_exact_union_and_locked_layer,False
2024-25,1630528,1610612748,Josh Christopher,full_core,0,0,82,81,14,14,False,False,not_yet_supplied_after_exact_union_and_locked_layer,False
2024-25,1630534,1610612761,Ochai Agbaji,full_core,0,0,82,81,64,63,False,False,not_yet_supplied_after_exact_union_and_locked_layer,False
2024-25,1630540,1610612752,Miles McBride,full_core,0,0,82,81,64,63,False,False,not_yet_supplied_after_exact_union_and_locked_layer,False
2024-25,1630541,1610612744,Moses Moody,full_core,0,0,82,81,74,73,False,False,not_yet_supplied_after_exact_union_and_locked_layer,False
2024-25,1630543,1610612754,Isaiah Jackson,full_core,0,0,82,81,5,5,False,False,not_yet_supplied_after_exact_union_and_locked_layer,False
2024-25,1630545,1610612750,Terrence Shannon Jr.,full_core,0,0,82,80,32,32,False,False,not_yet_supplied_after_exact_union_and_locked_layer,False
2024-25,1630548,1610612762,Johnny Juzang,full_core,0,0,82,81,64,63,False,False,not_yet_supplied_after_exact_union_and_locked_layer,False
2024-25,1630551,1610612764,Justin Champagnie,partial,0,0,82,81,62,61,False,False,not_yet_supplied_after_exact_union_and_locked_layer,False
2024-25,1630556,1610612742,Kessler Edwards,full_core,0,0,82,81,40,39,False,False,not_yet_supplied_after_exact_union_and_locked_layer,False
2024-25,1630557,1610612764,Corey Kispert,full_core,0,0,82,81,61,60,False,False,not_yet_supplied_after_exact_union_and_locked_layer,False
2024-25,1630559,1610612747,Austin Reaves,full_core,0,0,82,81,73,72,False,False,not_yet_supplied_after_exact_union_and_locked_layer,False
2024-25,1630567,1610612761,Scottie Barnes,full_core,0,0,82,81,65,65,False,False,not_yet_supplied_after_exact_union_and_locked_layer,False
2024-25,1630568,1610612750,Luka Garza,full_core,0,0,82,80,38,38,False,False,not_yet_supplied_after_exact_union_and_locked_layer,False
2024-25,1630573,1610612738,Sam Hauser,full_core,0,0,82,81,71,70,False,False,not_yet_supplied_after_exact_union_and_locked_layer,False
2024-25,1630574,1610612752,Ariel Hukporti,partial,0,0,82,81,25,25,False,False,not_yet_supplied_after_exact_union_and_locked_layer,False
2024-25,1630578,1610612745,Alperen Sengun,full_core,0,0,82,79,76,73,False,False,not_yet_supplied_after_exact_union_and_locked_layer,False
2024-25,1630595,1610612765,Cade Cunningham,full_core,0,0,82,81,70,69,False,False,not_yet_supplied_after_exact_union_and_locked_layer,False
2024-25,1630611,1610612744,Gui Santos,full_core,0,0,82,81,56,55,False,False,not_yet_supplied_after_exact_union_and_locked_layer,False
2024-25,1630625,1610612757,Dalano Banton,full_core,0,0,82,80,67,65,False,False,not_yet_supplied_after_exact_union_and_locked_layer,False
2024-25,1630643,1610612763,Jay Huff,partial,0,0,82,82,64,64,False,False,not_yet_supplied_after_exact_union_and_locked_layer,False
2024-25,1630649,1610612749,Stanley Umude,full_core,0,0,82,81,22,22,False,False,not_yet_supplied_after_exact_union_and_locked_layer,False
2024-25,1630695,1610612762,Micah Potter,full_core,0,0,82,81,38,37,False,False,not_yet_supplied_after_exact_union_and_locked_layer,False
2024-25,1630696,1610612748,Dru Smith,full_core,0,0,82,81,14,14,False,False,not_yet_supplied_after_exact_union_and_locked_layer,False
2024-25,1630702,1610612742,Jaden Hardy,full_core,0,0,82,81,57,56,False,False,not_yet_supplied_after_exact_union_and_locked_layer,False
2024-25,1630703,1610612757,Scoot Henderson,full_core,0,0,82,80,66,65,False,False,not_yet_supplied_after_exact_union_and_locked_layer,False
2024-25,1631093,1610612765,Jaden Ivey,full_core,0,0,82,81,30,30,False,False,not_yet_supplied_after_exact_union_and_locked_layer,False
2024-25,1631095,1610612745,Jabari Smith Jr.,full_core,0,0,82,79,57,54,False,False,not_yet_supplied_after_exact_union_and_locked_layer,False
2024-25,1631097,1610612754,Bennedict Mathurin,full_core,0,0,82,81,72,71,False,False,not_yet_supplied_after_exact_union_and_locked_layer,False
2024-25,1631099,1610612758,Keegan Murray,full_core,0,0,82,80,76,74,False,False,not_yet_supplied_after_exact_union_and_locked_layer,False
2024-25,1631101,1610612757,Shaedon Sharpe,full_core,0,0,82,80,72,71,False,False,not_yet_supplied_after_exact_union_and_locked_layer,False
2024-25,1631105,1610612765,Jalen Duren,full_core,0,0,82,81,78,77,False,False,not_yet_supplied_after_exact_union_and_locked_layer,False
2024-25,1631106,1610612745,Tari Eason,full_core,0,0,82,79,57,55,False,False,not_yet_supplied_after_exact_union_and_locked_layer,False
2024-25,1631107,1610612748,Nikola Jović,full_core,0,0,82,81,46,45,False,False,not_yet_supplied_after_exact_union_and_locked_layer,False
2024-25,1631117,1610612762,Walker Kessler,full_core,0,0,82,81,58,58,False,False,not_yet_supplied_after_exact_union_and_locked_layer,False
2024-25,1631120,1610612738,JD Davison,partial,0,0,82,81,16,16,False,False,not_yet_supplied_after_exact_union_and_locked_layer,False
2024-25,1631121,1610612757,Bryce McGowens,full_core,0,0,82,80,13,13,False,False,not_yet_supplied_after_exact_union_and_locked_layer,False
2024-25,1631124,1610612743,Julian Strawther,full_core,0,0,82,81,65,65,False,False,not_yet_supplied_after_exact_union_and_locked_layer,False
2024-25,1631128,1610612743,Christian Braun,full_core,0,0,82,81,79,78,False,False,not_yet_supplied_after_exact_union_and_locked_layer,False
2024-25,1631131,1610612762,Oscar Tshiebwe,full_core,0,0,82,81,14,13,False,False,not_yet_supplied_after_exact_union_and_locked_layer,False
2024-25,1631132,1610612747,Christian Koloko,full_core,0,0,82,81,37,37,False,False,not_yet_supplied_after_exact_union_and_locked_layer,False
2024-25,1631133,1610612757,Jabari Walker,full_core,0,0,82,80,60,58,False,False,not_yet_supplied_after_exact_union_and_locked_layer,False
2024-25,1631159,1610612750,Leonard Miller,full_core,0,0,82,80,13,13,False,False,not_yet_supplied_after_exact_union_and_locked_layer,False
2024-25,1631165,1610612758,Keon Ellis,full_core,0,0,82,80,80,78,False,False,not_yet_supplied_after_exact_union_and_locked_layer,False
2024-25,1631169,1610612750,Josh Minott,full_core,0,0,82,80,46,44,False,False,not_yet_supplied_after_exact_union_and_locked_layer,False
2024-25,1631170,1610612748,Jaime Jaquez Jr.,full_core,0,0,82,81,66,65,False,False,not_yet_supplied_after_exact_union_and_locked_layer,False
2024-25,1631200,1610612757,Kris Murray,full_core,0,0,82,80,69,67,False,False,not_yet_supplied_after_exact_union_and_locked_layer,False
2024-25,1631204,1610612765,Marcus Sasser,full_core,0,0,82,81,57,56,False,False,not_yet_supplied_after_exact_union_and_locked_layer,False
2024-25,1631212,1610612743,Peyton Watson,full_core,0,0,82,81,68,67,False,False,not_yet_supplied_after_exact_union_and_locked_layer,False
2024-25,1631213,1610612751,Tyrese Martin,partial,0,0,82,82,60,60,False,False,not_yet_supplied_after_exact_union_and_locked_layer,False
2024-25,1631217,1610612766,Moussa Diabaté,partial,0,0,82,82,71,71,False,False,not_yet_supplied_after_exact_union_and_locked_layer,False
2024-25,1631218,1610612744,Trayce Jackson-Davis,full_core,0,0,82,81,62,61,False,False,not_yet_supplied_after_exact_union_and_locked_layer,False
2024-25,1631230,1610612737,Dominick Barlow,partial,0,0,82,82,35,35,False,False,not_yet_supplied_after_exact_union_and_locked_layer,False
2024-25,1631245,1610612754,Quenton Jackson,full_core,0,0,82,81,28,28,False,False,not_yet_supplied_after_exact_union_and_locked_layer,False
2024-25,1631248,1610612738,Baylor Scheierman,full_core,0,0,82,81,31,31,False,False,not_yet_supplied_after_exact_union_and_locked_layer,False
2024-25,1631260,1610612749,AJ Green,full_core,0,0,82,81,73,72,False,False,not_yet_supplied_after_exact_union_and_locked_layer,False
2024-25,1631303,1610612757,Justin Minaya,full_core,0,0,82,80,19,18,False,False,not_yet_supplied_after_exact_union_and_locked_layer,False
2024-25,1631323,1610612765,Simone Fontecchio,full_core,0,0,82,81,75,75,False,False,not_yet_supplied_after_exact_union_and_locked_layer,False
2024-25,1631466,1610612745,Nate Williams,partial,0,0,82,79,20,20,False,False,not_yet_supplied_after_exact_union_and_locked_layer,False
2024-25,1641707,1610612762,Taylor Hendricks,full_core,0,0,82,81,3,3,False,False,not_yet_supplied_after_exact_union_and_locked_layer,False
2024-25,1641708,1610612745,Amen Thompson,full_core,0,0,82,79,69,67,False,False,not_yet_supplied_after_exact_union_and_locked_layer,False
2024-25,1641709,1610612765,Ausar Thompson,full_core,0,0,82,81,59,59,False,False,not_yet_supplied_after_exact_union_and_locked_layer,False
2024-25,1641711,1610612761,Gradey Dick,full_core,0,0,82,81,54,53,False,False,not_yet_supplied_after_exact_union_and_locked_layer,False
2024-25,1641712,1610612757,Rayan Rupert,full_core,0,0,82,80,52,50,False,False,not_yet_supplied_after_exact_union_and_locked_layer,False
2024-25,1641715,1610612745,Cam Whitmore,full_core,0,0,82,79,51,50,False,False,not_yet_supplied_after_exact_union_and_locked_layer,False
2024-25,1641716,1610612754,Jarace Walker,full_core,0,0,82,81,75,75,False,False,not_yet_supplied_after_exact_union_and_locked_layer,False
2024-25,1641718,1610612762,Keyonte George,full_core,0,0,82,81,67,66,False,False,not_yet_supplied_after_exact_union_and_locked_layer,False
2024-25,1641725,1610612743,Trey Alexander,full_core,0,0,82,81,23,24,False,False,not_yet_supplied_after_exact_union_and_locked_layer,False
2024-25,1641726,1610612742,Dereck Lively II,full_core,0,0,82,81,36,36,False,False,not_yet_supplied_after_exact_union_and_locked_layer,False
2024-25,1641729,1610612762,Brice Sensabaugh,full_core,0,0,82,81,71,70,False,False,not_yet_supplied_after_exact_union_and_locked_layer,False
2024-25,1641731,1610612764,Bilal Coulibaly,full_core,0,0,82,81,59,58,False,False,not_yet_supplied_after_exact_union_and_locked_layer,False
2024-25,1641737,1610612755,Adem Bona,full_core,0,0,82,80,58,58,False,False,not_yet_supplied_after_exact_union_and_locked_layer,False
2024-25,1641739,1610612757,Toumani Camara,full_core,0,0,82,80,78,76,False,False,not_yet_supplied_after_exact_union_and_locked_layer,False
2024-25,1641740,1610612750,Jaylen Clark,partial,0,0,82,80,40,39,False,False,not_yet_supplied_after_exact_union_and_locked_layer,False
2024-25,1641741,1610612755,Ricky Council IV,full_core,0,0,82,80,73,71,False,False,not_yet_supplied_after_exact_union_and_locked_layer,False
2024-25,1641748,1610612749,Andre Jackson Jr.,full_core,0,0,82,81,67,66,False,False,not_yet_supplied_after_exact_union_and_locked_layer,False
2024-25,1641752,1610612765,Bobi Klintman,full_core,0,0,82,81,8,8,False,False,not_yet_supplied_after_exact_union_and_locked_layer,False
2024-25,1641753,1610612749,Chris Livingston,full_core,0,0,82,81,21,21,False,False,not_yet_supplied_after_exact_union_and_locked_layer,False
2024-25,1641755,1610612752,Kevin McCullar Jr.,full_core,0,0,82,81,4,4,False,False,not_yet_supplied_after_exact_union_and_locked_layer,False
2024-25,1641757,1610612746,Jordan Miller,partial,0,0,82,82,37,37,False,False,not_yet_supplied_after_exact_union_and_locked_layer,False
2024-25,1641764,1610612744,Brandin Podziemski,full_core,0,0,82,81,64,63,False,False,not_yet_supplied_after_exact_union_and_locked_layer,False
2024-25,1641765,1610612742,Olivier-Maxence Prosper,full_core,0,0,82,81,52,51,False,False,not_yet_supplied_after_exact_union_and_locked_layer,False
2024-25,1641767,1610612754,Ben Sheppard,full_core,0,0,82,81,63,62,False,False,not_yet_supplied_after_exact_union_and_locked_layer,False
2024-25,1641774,1610612764,Tristan Vukcevic,full_core,0,0,82,81,35,34,False,False,not_yet_supplied_after_exact_union_and_locked_layer,False
2024-25,1641775,1610612738,Jordan Walsh,full_core,0,0,82,81,52,51,False,False,not_yet_supplied_after_exact_union_and_locked_layer,False
2024-25,1641790,1610612743,PJ Hall,full_core,0,0,82,81,19,19,False,False,not_yet_supplied_after_exact_union_and_locked_layer,False
2024-25,1641796,1610612748,Pelle Larsson,full_core,0,0,82,81,55,54,False,False,not_yet_supplied_after_exact_union_and_locked_layer,False
2024-25,1641809,1610612738,Drew Peterson,full_core,0,0,82,81,25,25,False,False,not_yet_supplied_after_exact_union_and_locked_layer,False
2024-25,1641816,1610612743,Hunter Tyson,full_core,0,0,82,81,51,50,False,False,not_yet_supplied_after_exact_union_and_locked_layer,False
2024-25,1641842,1610612765,Ronald Holland II,full_core,0,0,82,81,81,80,False,False,not_yet_supplied_after_exact_union_and_locked_layer,False
2024-25,1641871,1610612757,Duop Reath,full_core,0,0,82,80,46,45,False,False,not_yet_supplied_after_exact_union_and_locked_layer,False
2024-25,1641890,1610612749,Tyler Smith,full_core,0,0,82,81,23,23,False,False,not_yet_supplied_after_exact_union_and_locked_layer,False
2024-25,1642259,1610612764,Alex Sarr,full_core,0,0,82,81,67,66,False,False,not_yet_supplied_after_exact_union_and_locked_layer,False
2024-25,1642262,1610612762,Cody Williams,full_core,0,0,82,81,50,50,False,False,not_yet_supplied_after_exact_union_and_locked_layer,False
2024-25,1642263,1610612745,Reed Sheppard,full_core,0,0,82,79,52,50,False,False,not_yet_supplied_after_exact_union_and_locked_layer,False
2024-25,1642265,1610612750,Rob Dillingham,full_core,0,0,82,80,49,48,False,False,not_yet_supplied_after_exact_union_and_locked_layer,False
2024-25,1642266,1610612761,Ja'Kobe Walter,full_core,0,0,82,81,52,52,False,False,not_yet_supplied_after_exact_union_and_locked_layer,False
2024-25,1642267,1610612764,Bub Carrington,full_core,0,0,82,81,82,81,False,False,not_yet_supplied_after_exact_union_and_locked_layer,False
2024-25,1642268,1610612762,Isaiah Collier,full_core,0,0,82,81,71,71,False,False,not_yet_supplied_after_exact_union_and_locked_layer,False
2024-25,1642269,1610612758,Devin Carter,full_core,0,0,82,80,36,35,False,False,not_yet_supplied_after_exact_union_and_locked_layer,False
2024-25,1642270,1610612757,Donovan Clingan,full_core,0,0,82,80,67,65,False,False,not_yet_supplied_after_exact_union_and_locked_layer,False
2024-25,1642271,1610612762,Kyle Filipowski,full_core,0,0,82,81,72,71,False,False,not_yet_supplied_after_exact_union_and_locked_layer,False
2024-25,1642272,1610612755,Jared McCain,full_core,0,0,82,80,23,22,False,False,not_yet_supplied_after_exact_union_and_locked_layer,False
2024-25,1642273,1610612764,Kyshawn George,full_core,0,0,82,81,68,67,False,False,not_yet_supplied_after_exact_union_and_locked_layer,False
2024-25,1642276,1610612748,Kel'el Ware,full_core,0,0,82,81,64,63,False,False,not_yet_supplied_after_exact_union_and_locked_layer,False
2024-25,1642277,1610612754,Johnny Furphy,full_core,0,0,82,81,50,49,False,False,not_yet_supplied_after_exact_union_and_locked_layer,False
2024-25,1642278,1610612752,Tyler Kolek,full_core,0,0,82,81,41,41,False,False,not_yet_supplied_after_exact_union_and_locked_layer,False
2024-25,1642279,1610612761,Ulrich Chomche,full_core,0,0,82,81,7,7,False,False,not_yet_supplied_after_exact_union_and_locked_layer,False
2024-25,1642347,1610612761,Jamal Shead,full_core,0,0,82,81,75,74,False,False,not_yet_supplied_after_exact_union_and_locked_layer,False
2024-25,1642348,1610612755,Justin Edwards,partial,0,0,82,80,44,43,False,False,not_yet_supplied_after_exact_union_and_locked_layer,False
2024-25,1642349,1610612760,Ajay Mitchell,partial,0,0,82,82,36,36,False,False,not_yet_supplied_after_exact_union_and_locked_layer,False
2024-25,1642352,1610612748,Keshad Johnson,partial,0,0,82,81,16,16,False,False,not_yet_supplied_after_exact_union_and_locked_layer,False
2024-25,1642355,1610612747,Bronny James,full_core,0,0,82,81,27,27,False,False,not_yet_supplied_after_exact_union_and_locked_layer,False
2024-25,1642359,1610612752,Pacôme Dadiet,full_core,0,0,82,81,18,18,False,False,not_yet_supplied_after_exact_union_and_locked_layer,False
2024-25,1642366,1610612744,Quinten Post,partial,0,0,82,81,42,42,False,False,not_yet_supplied_after_exact_union_and_locked_layer,False
2024-25,1642367,1610612761,Jonathan Mogbo,full_core,0,0,82,81,63,62,False,False,not_yet_supplied_after_exact_union_and_locked_layer,False
2024-25,1642368,1610612745,N'Faly Dante,full_core,0,0,82,79,4,4,False,False,not_yet_supplied_after_exact_union_and_locked_layer,False
2024-25,1642384,1610612758,Isaiah Crawford,full_core,0,0,82,80,15,15,False,False,not_yet_supplied_after_exact_union_and_locked_layer,False
2024-25,1642399,1610612750,Jesse Edwards,full_core,0,0,82,80,2,2,False,False,not_yet_supplied_after_exact_union_and_locked_layer,False
2024-25,1642402,1610612754,Enrique Freeman,full_core,0,0,82,81,22,22,False,False,not_yet_supplied_after_exact_union_and_locked_layer,False
2024-25,1642403,1610612758,Isaac Jones,partial,0,0,82,80,40,40,False,False,not_yet_supplied_after_exact_union_and_locked_layer,False
2024-25,1642419,1610612761,Jamison Battle,partial,0,0,82,81,59,58,False,False,not_yet_supplied_after_exact_union_and_locked_layer,False
2024-25,1642450,1610612765,Daniss Jenkins,full_core,0,0,82,81,7,7,False,False,not_yet_supplied_after_exact_union_and_locked_layer,False
2024-25,1642461,1610612743,Spencer Jones,full_core,0,0,82,81,20,20,False,False,not_yet_supplied_after_exact_union_and_locked_layer,False
2024-25,200768,1610612755,Kyle Lowry,full_core,0,0,82,80,35,35,False,False,not_yet_supplied_after_exact_union_and_locked_layer,False
2024-25,201143,1610612738,Al Horford,full_core,0,0,82,81,60,59,False,False,not_yet_supplied_after_exact_union_and_locked_layer,False
2024-25,201144,1610612750,Mike Conley,full_core,0,0,82,80,71,69,False,False,not_yet_supplied_after_exact_union_and_locked_layer,False
2024-25,201145,1610612745,Jeff Green,full_core,0,0,82,79,32,32,False,False,not_yet_supplied_after_exact_union_and_locked_layer,False
2024-25,201566,1610612743,Russell Westbrook,full_core,0,0,82,81,75,74,False,False,not_yet_supplied_after_exact_union_and_locked_layer,False
2024-25,201567,1610612748,Kevin Love,full_core,0,0,82,81,23,23,False,False,not_yet_supplied_after_exact_union_and_locked_layer,False
2024-25,201569,1610612755,Eric Gordon,full_core,0,0,82,80,39,38,False,False,not_yet_supplied_after_exact_union_and_locked_layer,False
2024-25,201572,1610612749,Brook Lopez,full_core,0,0,82,81,80,79,False,False,not_yet_supplied_after_exact_union_and_locked_layer,False
2024-25,201599,1610612743,DeAndre Jordan,full_core,0,0,82,81,56,55,False,False,not_yet_supplied_after_exact_union_and_locked_layer,False
2024-25,201939,1610612744,Stephen Curry,full_core,0,0,82,81,70,69,False,False,not_yet_supplied_after_exact_union_and_locked_layer,False
2024-25,201942,1610612758,DeMar DeRozan,full_core,0,0,82,80,77,75,False,False,not_yet_supplied_after_exact_union_and_locked_layer,False
2024-25,201949,1610612754,James Johnson,full_core,0,0,82,81,12,12,False,False,not_yet_supplied_after_exact_union_and_locked_layer,False
2024-25,201950,1610612738,Jrue Holiday,full_core,0,0,82,81,62,62,False,False,not_yet_supplied_after_exact_union_and_locked_layer,False
2024-25,202066,1610612761,Garrett Temple,full_core,0,0,82,81,28,28,False,False,not_yet_supplied_after_exact_union_and_locked_layer,False
2024-25,202331,1610612755,Paul George,full_core,0,0,82,80,41,41,False,False,not_yet_supplied_after_exact_union_and_locked_layer,False
2024-25,202681,1610612742,Kyrie Irving,full_core,0,0,82,81,50,49,False,False,not_yet_supplied_after_exact_union_and_locked_layer,False
2024-25,202691,1610612742,Klay Thompson,full_core,0,0,82,81,72,71,False,False,not_yet_supplied_after_exact_union_and_locked_layer,False
2024-25,202692,1610612748,Alec Burks,full_core,0,0,82,81,49,49,False,False,not_yet_supplied_after_exact_union_and_locked_layer,False
2024-25,202699,1610612765,Tobias Harris,full_core,0,0,82,81,73,72,False,False,not_yet_supplied_after_exact_union_and_locked_layer,False
2024-25,203081,1610612749,Damian Lillard,full_core,0,0,82,81,58,58,False,False,not_yet_supplied_after_exact_union_and_locked_layer,False
2024-25,203083,1610612755,Andre Drummond,full_core,0,0,82,80,40,39,False,False,not_yet_supplied_after_exact_union_and_locked_layer,False
2024-25,203110,1610612744,Draymond Green,full_core,0,0,82,81,68,67,False,False,not_yet_supplied_after_exact_union_and_locked_layer,False
2024-25,203497,1610612750,Rudy Gobert,full_core,0,0,82,80,72,70,False,False,not_yet_supplied_after_exact_union_and_locked_layer,False
2024-25,203500,1610612745,Steven Adams,full_core,0,0,82,79,57,54,False,False,not_yet_supplied_after_exact_union_and_locked_layer,False
2024-25,203501,1610612765,Tim Hardaway Jr.,full_core,0,0,82,81,77,77,False,False,not_yet_supplied_after_exact_union_and_locked_layer,False
2024-25,203507,1610612749,Giannis Antetokounmpo,full_core,0,0,82,81,67,66,False,False,not_yet_supplied_after_exact_union_and_locked_layer,False
2024-25,203903,1610612762,Jordan Clarkson,full_core,0,0,82,81,37,37,False,False,not_yet_supplied_after_exact_union_and_locked_layer,False
2024-25,203915,1610612742,Spencer Dinwiddie,full_core,0,0,82,81,79,78,False,False,not_yet_supplied_after_exact_union_and_locked_layer,False
2024-25,203924,1610612757,Jerami Grant,full_core,0,0,82,80,47,46,False,False,not_yet_supplied_after_exact_union_and_locked_layer,False
2024-25,203926,1610612758,Doug McDermott,full_core,0,0,82,80,42,41,False,False,not_yet_supplied_after_exact_union_and_locked_layer,False
2024-25,203932,1610612743,Aaron Gordon,full_core,0,0,82,81,51,50,False,False,not_yet_supplied_after_exact_union_and_locked_layer,False
2024-25,203939,1610612742,Dwight Powell,full_core,0,0,82,81,55,55,False,False,not_yet_supplied_after_exact_union_and_locked_layer,False
2024-25,203944,1610612750,Julius Randle,full_core,0,0,82,80,69,67,False,False,not_yet_supplied_after_exact_union_and_locked_layer,False
2024-25,203954,1610612755,Joel Embiid,full_core,0,0,82,80,19,19,False,False,not_yet_supplied_after_exact_union_and_locked_layer,False
2024-25,203957,1610612742,Danté Exum,full_core,0,0,82,81,20,19,False,False,not_yet_supplied_after_exact_union_and_locked_layer,False
2024-25,203967,1610612743,Dario Šarić,full_core,0,0,82,81,16,16,False,False,not_yet_supplied_after_exact_union_and_locked_layer,False
2024-25,203999,1610612743,Nikola Jokić,full_core,0,0,82,81,70,69,False,False,not_yet_supplied_after_exact_union_and_locked_layer,False
2024-25,204001,1610612738,Kristaps Porziņģis,full_core,0,0,82,81,42,42,False,False,not_yet_supplied_after_exact_union_and_locked_layer,False
2024-25,204060,1610612750,Joe Ingles,full_core,0,0,82,80,19,18,False,False,not_yet_supplied_after_exact_union_and_locked_layer,False
2024-25,204456,1610612754,T.J. McConnell,full_core,0,0,82,81,79,78,False,False,not_yet_supplied_after_exact_union_and_locked_layer,False
2024-25,2544,1610612747,LeBron James,full_core,0,0,82,81,70,69,False,False,not_yet_supplied_after_exact_union_and_locked_layer,False
2025-26,1626157,1610612752,Karl-Anthony Towns,full_core,0,0,82,0,75,0,False,False,not_yet_supplied_after_exact_union_and_locked_layer,False
2025-26,1626162,1610612755,Kelly Oubre Jr.,full_core,0,0,82,0,50,0,False,False,not_yet_supplied_after_exact_union_and_locked_layer,False
2025-26,1626164,1610612756,Devin Booker,full_core,0,0,82,0,64,0,False,False,not_yet_supplied_after_exact_union_and_locked_layer,False
2025-26,1626167,1610612749,Myles Turner,full_core,0,0,82,0,71,0,False,False,not_yet_supplied_after_exact_union_and_locked_layer,False
2025-26,1626171,1610612749,Bobby Portis,full_core,0,0,82,0,67,0,False,False,not_yet_supplied_after_exact_union_and_locked_layer,False
2025-26,1626172,1610612740,Kevon Looney,full_core,0,0,82,0,21,0,False,False,not_yet_supplied_after_exact_union_and_locked_layer,False
2025-26,1626181,1610612748,Norman Powell,full_core,0,0,82,0,58,0,False,False,not_yet_supplied_after_exact_union_and_locked_layer,False
2025-26,1626204,1610612739,Larry Nance Jr.,full_core,0,0,82,0,35,0,False,False,not_yet_supplied_after_exact_union_and_locked_layer,False
2025-26,1626220,1610612756,Royce O'Neale,full_core,0,0,82,0,78,0,False,False,not_yet_supplied_after_exact_union_and_locked_layer,False
2025-26,1627734,1610612758,Domantas Sabonis,full_core,0,0,82,0,19,0,False,False,not_yet_supplied_after_exact_union_and_locked_layer,False
2025-26,1627739,1610612746,Kris Dunn,full_core,0,0,82,0,82,0,False,False,not_yet_supplied_after_exact_union_and_locked_layer,False
2025-26,1627742,1610612761,Brandon Ingram,full_core,0,0,82,0,77,0,False,False,not_yet_supplied_after_exact_union_and_locked_layer,False
2025-26,1627747,1610612765,Caris LeVert,full_core,0,0,82,0,60,0,False,False,not_yet_supplied_after_exact_union_and_locked_layer,False
2025-26,1627749,1610612740,Dejounte Murray,full_core,0,0,82,0,14,0,False,False,not_yet_supplied_after_exact_union_and_locked_layer,False
2025-26,1627750,1610612743,Jamal Murray,full_core,0,0,82,0,75,0,False,False,not_yet_supplied_after_exact_union_and_locked_layer,False
2025-26,1627751,1610612761,Jakob Poeltl,full_core,0,0,82,0,46,0,False,False,not_yet_supplied_after_exact_union_and_locked_layer,False
2025-26,1627752,1610612749,Taurean Prince,full_core,0,0,82,0,26,0,False,False,not_yet_supplied_after_exact_union_and_locked_layer,False
2025-26,1627759,1610612738,Jaylen Brown,full_core,0,0,82,0,71,0,False,False,not_yet_supplied_after_exact_union_and_locked_layer,False
2025-26,1627780,1610612744,Gary Payton II,full_core,0,0,82,0,73,0,False,False,not_yet_supplied_after_exact_union_and_locked_layer,False
2025-26,1627783,1610612754,Pascal Siakam,full_core,0,0,82,0,62,0,False,False,not_yet_supplied_after_exact_union_and_locked_layer,False
2025-26,1627827,1610612745,Dorian Finney-Smith,full_core,0,0,82,0,37,0,False,False,not_yet_supplied_after_exact_union_and_locked_layer,False
2025-26,1627884,1610612746,Derrick Jones Jr.,full_core,0,0,82,0,50,0,False,False,not_yet_supplied_after_exact_union_and_locked_layer,False
2025-26,1627936,1610612760,Alex Caruso,full_core,0,0,82,0,56,0,False,False,not_yet_supplied_after_exact_union_and_locked_layer,False
2025-26,1628368,1610612759,De'Aaron Fox,full_core,0,0,82,0,72,0,False,False,not_yet_supplied_after_exact_union_and_locked_layer,False
2025-26,1628369,1610612738,Jayson Tatum,full_core,0,0,82,0,16,0,False,False,not_yet_supplied_after_exact_union_and_locked_layer,False
2025-26,1628370,1610612758,Malik Monk,full_core,0,0,82,0,62,0,False,False,not_yet_supplied_after_exact_union_and_locked_layer,False
2025-26,1628371,1610612753,Jonathan Isaac,full_core,0,0,82,0,52,0,False,False,not_yet_supplied_after_exact_union_and_locked_layer,False
2025-26,1628374,1610612762,Lauri Markkanen,full_core,0,0,82,0,42,0,False,False,not_yet_supplied_after_exact_union_and_locked_layer,False
2025-26,1628378,1610612739,Donovan Mitchell,full_core,0,0,82,0,70,0,False,False,not_yet_supplied_after_exact_union_and_locked_layer,False
2025-26,1628380,1610612741,Zach Collins,full_core,0,0,82,0,10,0,False,False,not_yet_supplied_after_exact_union_and_locked_layer,False
2025-26,1628381,1610612746,John Collins,full_core,0,0,82,0,69,0,False,False,not_yet_supplied_after_exact_union_and_locked_layer,False
2025-26,1628384,1610612752,OG Anunoby,full_core,0,0,82,0,67,0,False,False,not_yet_supplied_after_exact_union_and_locked_layer,False
2025-26,1628386,1610612739,Jarrett Allen,full_core,0,0,82,0,56,0,False,False,not_yet_supplied_after_exact_union_and_locked_layer,False
2025-26,1628389,1610612748,Bam Adebayo,full_core,0,0,82,0,73,0,False,False,not_yet_supplied_after_exact_union_and_locked_layer,False
2025-26,1628392,1610612760,Isaiah Hartenstein,full_core,0,0,82,0,47,0,False,False,not_yet_supplied_after_exact_union_and_locked_layer,False
2025-26,1628398,1610612749,Kyle Kuzma,full_core,0,0,82,0,69,0,False,False,not_yet_supplied_after_exact_union_and_locked_layer,False
2025-26,1628401,1610612738,Derrick White,full_core,0,0,82,0,77,0,False,False,not_yet_supplied_after_exact_union_and_locked_layer,False
2025-26,1628404,1610612752,Josh Hart,full_core,0,0,82,0,66,0,False,False,not_yet_supplied_after_exact_union_and_locked_layer,False
2025-26,1628415,1610612756,Dillon Brooks,full_core,0,0,82,0,56,0,False,False,not_yet_supplied_after_exact_union_and_locked_layer,False
2025-26,1628418,1610612739,Thomas Bryant,full_core,0,0,82,0,60,0,False,False,not_yet_supplied_after_exact_union_and_locked_layer,False
2025-26,1628436,1610612759,Luke Kornet,full_core,0,0,82,0,68,0,False,False,not_yet_supplied_after_exact_union_and_locked_layer,False
2025-26,1628467,1610612747,Maxi Kleber,full_core,0,0,82,0,43,0,False,False,not_yet_supplied_after_exact_union_and_locked_layer,False
2025-26,1628960,1610612756,Grayson Allen,full_core,0,0,82,0,51,0,False,False,not_yet_supplied_after_exact_union_and_locked_layer,False
2025-26,1628969,1610612752,Mikal Bridges,full_core,0,0,82,0,82,0,False,False,not_yet_supplied_after_exact_union_and_locked_layer,False
2025-26,1628970,1610612766,Miles Bridges,full_core,0,0,82,0,77,0,False,False,not_yet_supplied_after_exact_union_and_locked_layer,False
2025-26,1628971,1610612743,Bruce Brown,full_core,0,0,82,0,82,0,False,False,not_yet_supplied_after_exact_union_and_locked_layer,False
2025-26,1628973,1610612752,Jalen Brunson,full_core,0,0,82,0,74,0,False,False,not_yet_supplied_after_exact_union_and_locked_layer,False
2025-26,1628976,1610612753,Wendell Carter Jr.,full_core,0,0,82,0,78,0,False,False,not_yet_supplied_after_exact_union_and_locked_layer,False
2025-26,1628978,1610612750,Donte DiVincenzo,full_core,0,0,82,0,82,0,False,False,not_yet_supplied_after_exact_union_and_locked_layer,False
2025-26,1628983,1610612760,Shai Gilgeous-Alexander,full_core,0,0,82,0,68,0,False,False,not_yet_supplied_after_exact_union_and_locked_layer,False
2025-26,1628988,1610612745,Aaron Holiday,full_core,0,0,82,0,57,0,False,False,not_yet_supplied_after_exact_union_and_locked_layer,False
2025-26,1628997,1610612742,Caleb Martin,full_core,0,0,82,0,58,0,False,False,not_yet_supplied_after_exact_union_and_locked_layer,False
2025-26,1629001,1610612744,De'Anthony Melton,full_core,0,0,82,0,49,0,False,False,not_yet_supplied_after_exact_union_and_locked_layer,False
2025-26,1629004,1610612762,Svi Mykhailiuk,full_core,0,0,82,0,50,0,False,False,not_yet_supplied_after_exact_union_and_locked_layer,False
2025-26,1629006,1610612745,Josh Okogie,full_core,0,0,82,0,78,0,False,False,not_yet_supplied_after_exact_union_and_locked_layer,False
2025-26,1629008,1610612751,Michael Porter Jr.,full_core,0,0,82,0,52,0,False,False,not_yet_supplied_after_exact_union_and_locked_layer,False
2025-26,1629011,1610612752,Mitchell Robinson,full_core,0,0,82,0,60,0,False,False,not_yet_supplied_after_exact_union_and_locked_layer,False
2025-26,1629013,1610612752,Landry Shamet,full_core,0,0,82,0,51,0,False,False,not_yet_supplied_after_exact_union_and_locked_layer,False
2025-26,1629018,1610612749,Gary Trent Jr.,full_core,0,0,82,0,65,0,False,False,not_yet_supplied_after_exact_union_and_locked_layer,False
2025-26,1629020,1610612747,Jarred Vanderbilt,full_core,0,0,82,0,65,0,False,False,not_yet_supplied_after_exact_union_and_locked_layer,False
2025-26,1629021,1610612753,Moritz Wagner,full_core,0,0,82,0,36,0,False,False,not_yet_supplied_after_exact_union_and_locked_layer,False
2025-26,1629023,1610612742,P.J. Washington,full_core,0,0,82,0,56,0,False,False,not_yet_supplied_after_exact_union_and_locked_layer,False
2025-26,1629026,1610612760,Kenrich Williams,full_core,0,0,82,0,56,0,False,False,not_yet_supplied_after_exact_union_and_locked_layer,False
2025-26,1629028,1610612747,Deandre Ayton,full_core,0,0,82,0,72,0,False,False,not_yet_supplied_after_exact_union_and_locked_layer,False
2025-26,1629029,1610612747,Luka Dončić,full_core,0,0,82,0,64,0,False,False,not_yet_supplied_after_exact_union_and_locked_layer,False
2025-26,1629048,1610612753,Goga Bitadze,full_core,0,0,82,0,64,0,False,False,not_yet_supplied_after_exact_union_and_locked_layer,False
2025-26,1629057,1610612757,Robert Williams III,full_core,0,0,82,0,59,0,False,False,not_yet_supplied_after_exact_union_and_locked_layer,False
2025-26,1629060,1610612747,Rui Hachimura,full_core,0,0,82,0,68,0,False,False,not_yet_supplied_after_exact_union_and_locked_layer,False
2025-26,1629130,1610612765,Duncan Robinson,full_core,0,0,82,0,77,0,False,False,not_yet_supplied_after_exact_union_and_locked_layer,False
2025-26,1629162,1610612759,Jordan McLaughlin,full_core,0,0,82,0,44,0,False,False,not_yet_supplied_after_exact_union_and_locked_layer,False
2025-26,1629234,1610612758,Drew Eubanks,full_core,0,0,82,0,42,0,False,False,not_yet_supplied_after_exact_union_and_locked_layer,False
2025-26,1629611,1610612751,Terance Mann,full_core,0,0,82,0,63,0,False,False,not_yet_supplied_after_exact_union_and_locked_layer,False
2025-26,1629614,1610612754,Andrew Nembhard,full_core,0,0,82,0,57,0,False,False,not_yet_supplied_after_exact_union_and_locked_layer,False
2025-26,1629618,1610612743,Jalen Pickett,full_core,0,0,82,0,50,0,False,False,not_yet_supplied_after_exact_union_and_locked_layer,False
2025-26,1629622,1610612739,Max Strus,full_core,0,0,82,0,12,0,False,False,not_yet_supplied_after_exact_union_and_locked_layer,False
2025-26,1629627,1610612740,Zion Williamson,full_core,0,0,82,0,62,0,False,False,not_yet_supplied_after_exact_union_and_locked_layer,False
2025-26,1629628,1610612761,RJ Barrett,full_core,0,0,82,0,57,0,False,False,not_yet_supplied_after_exact_union_and_locked_layer,False
2025-26,1629630,1610612763,Ja Morant,full_core,0,0,82,0,20,0,False,False,not_yet_supplied_after_exact_union_and_locked_layer,False
2025-26,1629634,1610612763,Brandon Clarke,full_core,0,0,82,0,2,0,False,False,not_yet_supplied_after_exact_union_and_locked_layer,False
2025-26,1629637,1610612747,Jaxson Hayes,full_core,0,0,82,0,66,0,False,False,not_yet_supplied_after_exact_union_and_locked_layer,False
2025-26,1629638,1610612737,Nickeil Alexander-Walker,full_core,0,0,82,0,78,0,False,False,not_yet_supplied_after_exact_union_and_locked_layer,False
2025-26,1629639,1610612748,Tyler Herro,full_core,0,0,82,0,33,0,False,False,not_yet_supplied_after_exact_union_and_locked_layer,False
2025-26,1629640,1610612759,Keldon Johnson,full_core,0,0,82,0,82,0,False,False,not_yet_supplied_after_exact_union_and_locked_layer,False
2025-26,1629645,1610612749,Kevin Porter Jr.,full_core,0,0,82,0,38,0,False,False,not_yet_supplied_after_exact_union_and_locked_layer,False
2025-26,1629651,1610612751,Nic Claxton,full_core,0,0,82,0,69,0,False,False,not_yet_supplied_after_exact_union_and_locked_layer,False
2025-26,1629652,1610612760,Luguentz Dort,full_core,0,0,82,0,69,0,False,False,not_yet_supplied_after_exact_union_and_locked_layer,False
2025-26,1629655,1610612742,Daniel Gafford,full_core,0,0,82,0,55,0,False,False,not_yet_supplied_after_exact_union_and_locked_layer,False
2025-26,1629656,1610612755,Quentin Grimes,full_core,0,0,82,0,75,0,False,False,not_yet_supplied_after_exact_union_and_locked_layer,False
2025-26,1629660,1610612763,Ty Jerome,full_core,0,0,82,0,15,0,False,False,not_yet_supplied_after_exact_union_and_locked_layer,False
2025-26,1629661,1610612743,Cameron Johnson,full_core,0,0,82,0,54,0,False,False,not_yet_supplied_after_exact_union_and_locked_layer,False
2025-26,1629673,1610612740,Jordan Poole,full_core,0,0,82,0,39,0,False,False,not_yet_supplied_after_exact_union_and_locked_layer,False
2025-26,1629674,1610612738,Neemias Queta,full_core,0,0,82,0,76,0,False,False,not_yet_supplied_after_exact_union_and_locked_layer,False
2025-26,1629675,1610612750,Naz Reid,full_core,0,0,82,0,77,0,False,False,not_yet_supplied_after_exact_union_and_locked_layer,False
2025-26,1629680,1610612757,Matisse Thybulle,full_core,0,0,82,0,30,0,False,False,not_yet_supplied_after_exact_union_and_locked_layer,False
2025-26,1629684,1610612766,Grant Williams,full_core,0,0,82,0,36,0,False,False,not_yet_supplied_after_exact_union_and_locked_layer,False
2025-26,1629731,1610612739,Dean Wade,full_core,0,0,82,0,59,0,False,False,not_yet_supplied_after_exact_union_and_locked_layer,False
2025-26,1629750,1610612765,Javonte Green,full_core,0,0,82,0,82,0,False,False,not_yet_supplied_after_exact_union_and_locked_layer,False
2025-26,1630162,1610612750,Anthony Edwards,full_core,0,0,82,0,61,0,False,False,not_yet_supplied_after_exact_union_and_locked_layer,False
2025-26,1630163,1610612766,LaMelo Ball,full_core,0,0,82,0,72,0,False,False,not_yet_supplied_after_exact_union_and_locked_layer,False
2025-26,1630166,1610612757,Deni Avdija,full_core,0,0,82,0,66,0,False,False,not_yet_supplied_after_exact_union_and_locked_layer,False
2025-26,1630167,1610612754,Obi Toppin,full_core,0,0,82,0,24,0,False,False,not_yet_supplied_after_exact_union_and_locked_layer,False
2025-26,1630168,1610612737,Onyeka Okongwu,full_core,0,0,82,0,74,0,False,False,not_yet_supplied_after_exact_union_and_locked_layer,False
2025-26,1630170,1610612759,Devin Vassell,full_core,0,0,82,0,67,0,False,False,not_yet_supplied_after_exact_union_and_locked_layer,False
2025-26,1630171,1610612741,Isaac Okoro,full_core,0,0,82,0,63,0,False,False,not_yet_supplied_after_exact_union_and_locked_layer,False
2025-26,1630172,1610612741,Patrick Williams,full_core,0,0,82,0,72,0,False,False,not_yet_supplied_after_exact_union_and_locked_layer,False
2025-26,1630174,1610612754,Aaron Nesmith,full_core,0,0,82,0,45,0,False,False,not_yet_supplied_after_exact_union_and_locked_layer,False
2025-26,1630178,1610612755,Tyrese Maxey,full_core,0,0,82,0,70,0,False,False,not_yet_supplied_after_exact_union_and_locked_layer,False
2025-26,1630180,1610612740,Saddiq Bey,full_core,0,0,82,0,72,0,False,False,not_yet_supplied_after_exact_union_and_locked_layer,False
2025-26,1630182,1610612766,Josh Green,full_core,0,0,82,0,58,0,False,False,not_yet_supplied_after_exact_union_and_locked_layer,False
2025-26,1630183,1610612750,Jaden McDaniels,full_core,0,0,82,0,73,0,False,False,not_yet_supplied_after_exact_union_and_locked_layer,False
2025-26,1630188,1610612741,Jalen Smith,full_core,0,0,82,0,53,0,False,False,not_yet_supplied_after_exact_union_and_locked_layer,False
2025-26,1630191,1610612765,Isaiah Stewart,full_core,0,0,82,0,58,0,False,False,not_yet_supplied_after_exact_union_and_locked_layer,False
2025-26,1630192,1610612743,Zeke Nnaji,full_core,0,0,82,0,52,0,False,False,not_yet_supplied_after_exact_union_and_locked_layer,False
2025-26,1630193,1610612761,Immanuel Quickley,full_core,0,0,82,0,70,0,False,False,not_yet_supplied_after_exact_union_and_locked_layer,False
2025-26,1630194,1610612765,Paul Reed,full_core,0,0,82,0,65,0,False,False,not_yet_supplied_after_exact_union_and_locked_layer,False
2025-26,1630198,1610612760,Isaiah Joe,full_core,0,0,82,0,71,0,False,False,not_yet_supplied_after_exact_union_and_locked_layer,False
2025-26,1630200,1610612741,Tre Jones,full_core,0,0,82,0,65,0,False,False,not_yet_supplied_after_exact_union_and_locked_layer,False
2025-26,1630202,1610612738,Payton Pritchard,full_core,0,0,82,0,79,0,False,False,not_yet_supplied_after_exact_union_and_locked_layer,False
2025-26,1630217,1610612753,Desmond Bane,full_core,0,0,82,0,82,0,False,False,not_yet_supplied_after_exact_union_and_locked_layer,False
2025-26,1630224,1610612756,Jalen Green,full_core,0,0,82,0,32,0,False,False,not_yet_supplied_after_exact_union_and_locked_layer,False
2025-26,1630230,1610612742,Naji Marshall,full_core,0,0,82,0,74,0,False,False,not_yet_supplied_after_exact_union_and_locked_layer,False
2025-26,1630241,1610612739,Sam Merrill,full_core,0,0,82,0,52,0,False,False,not_yet_supplied_after_exact_union_and_locked_layer,False
2025-26,1630256,1610612745,Jae'Sean Tate,full_core,0,0,82,0,46,0,False,False,not_yet_supplied_after_exact_union_and_locked_layer,False
2025-26,1630264,1610612764,Anthony Gill,full_core,0,0,82,0,55,0,False,False,not_yet_supplied_after_exact_union_and_locked_layer,False
2025-26,1630311,1610612744,Pat Spencer,full_core,0,0,82,0,66,0,False,False,not_yet_supplied_after_exact_union_and_locked_layer,False
2025-26,1630314,1610612742,Brandon Williams,full_core,0,0,82,0,66,0,False,False,not_yet_supplied_after_exact_union_and_locked_layer,False
2025-26,1630322,1610612759,Lindy Waters III,full_core,0,0,82,0,40,0,False,False,not_yet_supplied_after_exact_union_and_locked_layer,False
2025-26,1630529,1610612740,Herbert Jones,full_core,0,0,82,0,56,0,False,False,not_yet_supplied_after_exact_union_and_locked_layer,False
2025-26,1630530,1610612740,Trey Murphy III,full_core,0,0,82,0,66,0,False,False,not_yet_supplied_after_exact_union_and_locked_layer,False
2025-26,1630532,1610612753,Franz Wagner,full_core,0,0,82,0,34,0,False,False,not_yet_supplied_after_exact_union_and_locked_layer,False
2025-26,1630533,1610612751,Ziaire Williams,full_core,0,0,82,0,56,0,False,False,not_yet_supplied_after_exact_union_and_locked_layer,False
2025-26,1630536,1610612764,Sharife Cooper,full_core,0,0,82,0,41,0,False,False,not_yet_supplied_after_exact_union_and_locked_layer,False
2025-26,1630538,1610612750,Bones Hyland,full_core,0,0,82,0,71,0,False,False,not_yet_supplied_after_exact_union_and_locked_layer,False
2025-26,1630540,1610612752,Miles McBride,full_core,0,0,82,0,41,0,False,False,not_yet_supplied_after_exact_union_and_locked_layer,False
2025-26,1630541,1610612744,Moses Moody,full_core,0,0,82,0,60,0,False,False,not_yet_supplied_after_exact_union_and_locked_layer,False
2025-26,1630544,1610612766,Tre Mann,full_core,0,0,82,0,53,0,False,False,not_yet_supplied_after_exact_union_and_locked_layer,False
2025-26,1630545,1610612750,Terrence Shannon Jr.,full_core,0,0,82,0,43,0,False,False,not_yet_supplied_after_exact_union_and_locked_layer,False
2025-26,1630549,1610612751,Day'Ron Sharpe,full_core,0,0,82,0,62,0,False,False,not_yet_supplied_after_exact_union_and_locked_layer,False
2025-26,1630551,1610612764,Justin Champagnie,full_core,0,0,82,0,69,0,False,False,not_yet_supplied_after_exact_union_and_locked_layer,False
2025-26,1630552,1610612737,Jalen Johnson,full_core,0,0,82,0,72,0,False,False,not_yet_supplied_after_exact_union_and_locked_layer,False
2025-26,1630558,1610612748,Davion Mitchell,full_core,0,0,82,0,70,0,False,False,not_yet_supplied_after_exact_union_and_locked_layer,False
2025-26,1630559,1610612747,Austin Reaves,full_core,0,0,82,0,51,0,False,False,not_yet_supplied_after_exact_union_and_locked_layer,False
2025-26,1630567,1610612761,Scottie Barnes,full_core,0,0,82,0,80,0,False,False,not_yet_supplied_after_exact_union_and_locked_layer,False
2025-26,1630568,1610612738,Luka Garza,full_core,0,0,82,0,69,0,False,False,not_yet_supplied_after_exact_union_and_locked_layer,False
2025-26,1630570,1610612755,Trendon Watford,full_core,0,0,82,0,53,0,False,False,not_yet_supplied_after_exact_union_and_locked_layer,False
2025-26,1630572,1610612761,Sandro Mamukelashvili,full_core,0,0,82,0,80,0,False,False,not_yet_supplied_after_exact_union_and_locked_layer,False
2025-26,1630573,1610612738,Sam Hauser,full_core,0,0,82,0,78,0,False,False,not_yet_supplied_after_exact_union_and_locked_layer,False
2025-26,1630574,1610612752,Ariel Hukporti,full_core,0,0,82,0,54,0,False,False,not_yet_supplied_after_exact_union_and_locked_layer,False
2025-26,1630577,1610612759,Julian Champagnie,full_core,0,0,82,0,82,0,False,False,not_yet_supplied_after_exact_union_and_locked_layer,False
2025-26,1630578,1610612745,Alperen Sengun,full_core,0,0,82,0,72,0,False,False,not_yet_supplied_after_exact_union_and_locked_layer,False
2025-26,1630579,1610612749,Jericho Sims,full_core,0,0,82,0,67,0,False,False,not_yet_supplied_after_exact_union_and_locked_layer,False
2025-26,1630581,1610612741,Josh Giddey,full_core,0,0,82,0,54,0,False,False,not_yet_supplied_after_exact_union_and_locked_layer,False
2025-26,1630583,1610612763,Santi Aldama,full_core,0,0,82,0,43,0,False,False,not_yet_supplied_after_exact_union_and_locked_layer,False
2025-26,1630587,1610612756,Isaiah Livers,full_core,0,0,82,0,36,0,False,False,not_yet_supplied_after_exact_union_and_locked_layer,False
2025-26,1630590,1610612763,Scotty Pippen Jr.,full_core,0,0,82,0,10,0,False,False,not_yet_supplied_after_exact_union_and_locked_layer,False
2025-26,1630591,1610612753,Jalen Suggs,full_core,0,0,82,0,57,0,False,False,not_yet_supplied_after_exact_union_and_locked_layer,False
2025-26,1630592,1610612751,Jalen Wilson,full_core,0,0,82,0,54,0,False,False,not_yet_supplied_after_exact_union_and_locked_layer,False
2025-26,1630595,1610612765,Cade Cunningham,full_core,0,0,82,0,64,0,False,False,not_yet_supplied_after_exact_union_and_locked_layer,False
2025-26,1630596,1610612739,Evan Mobley,full_core,0,0,82,0,65,0,False,False,not_yet_supplied_after_exact_union_and_locked_layer,False
2025-26,1630598,1610612760,Aaron Wiggins,full_core,0,0,82,0,65,0,False,False,not_yet_supplied_after_exact_union_and_locked_layer,False
2025-26,1630604,1610612751,E.J. Liddell,full_core,0,0,82,0,26,0,False,False,not_yet_supplied_after_exact_union_and_locked_layer,False
2025-26,1630611,1610612744,Gui Santos,full_core,0,0,82,0,68,0,False,False,not_yet_supplied_after_exact_union_and_locked_layer,False
2025-26,1630619,1610612742,Moussa Cisse,full_core,0,0,82,0,38,0,False,False,not_yet_supplied_after_exact_union_and_locked_layer,False
2025-26,1630621,1610612740,Hunter Dickinson,full_core,0,0,82,0,5,0,False,False,not_yet_supplied_after_exact_union_and_locked_layer,False
2025-26,1630623,1610612751,Tyson Etienne,full_core,0,0,82,0,24,0,False,False,not_yet_supplied_after_exact_union_and_locked_layer,False
2025-26,1630639,1610612761,A.J. Lawson,full_core,0,0,82,0,24,0,False,False,not_yet_supplied_after_exact_union_and_locked_layer,False
2025-26,1630643,1610612754,Jay Huff,full_core,0,0,82,0,82,0,False,False,not_yet_supplied_after_exact_union_and_locked_layer,False
2025-26,1630658,1610612753,Colin Castleton,full_core,0,0,82,0,4,0,False,False,not_yet_supplied_after_exact_union_and_locked_layer,False
2025-26,1630692,1610612756,Jordan Goodwin,full_core,0,0,82,0,70,0,False,False,not_yet_supplied_after_exact_union_and_locked_layer,False
2025-26,1630696,1610612748,Dru Smith,full_core,0,0,82,0,70,0,False,False,not_yet_supplied_after_exact_union_and_locked_layer,False
2025-26,1630700,1610612737,Dyson Daniels,full_core,0,0,82,0,76,0,False,False,not_yet_supplied_after_exact_union_and_locked_layer,False
2025-26,1630703,1610612757,Scoot Henderson,full_core,0,0,82,0,30,0,False,False,not_yet_supplied_after_exact_union_and_locked_layer,False
2025-26,1630811,1610612737,Keaton Wallace,full_core,0,0,82,0,53,0,False,False,not_yet_supplied_after_exact_union_and_locked_layer,False
2025-26,1630828,1610612749,Alex Antetokounmpo,full_core,0,0,82,0,6,0,False,False,not_yet_supplied_after_exact_union_and_locked_layer,False
2025-26,1631094,1610612753,Paolo Banchero,full_core,0,0,82,0,72,0,False,False,not_yet_supplied_after_exact_union_and_locked_layer,False
2025-26,1631095,1610612745,Jabari Smith Jr.,full_core,0,0,82,0,77,0,False,False,not_yet_supplied_after_exact_union_and_locked_layer,False
2025-26,1631096,1610612760,Chet Holmgren,full_core,0,0,82,0,69,0,False,False,not_yet_supplied_after_exact_union_and_locked_layer,False
2025-26,1631099,1610612758,Keegan Murray,full_core,0,0,82,0,23,0,False,False,not_yet_supplied_after_exact_union_and_locked_layer,False
2025-26,1631101,1610612757,Shaedon Sharpe,full_core,0,0,82,0,50,0,False,False,not_yet_supplied_after_exact_union_and_locked_layer,False
2025-26,1631104,1610612757,Blake Wesley,full_core,0,0,82,0,31,0,False,False,not_yet_supplied_after_exact_union_and_locked_layer,False
2025-26,1631105,1610612765,Jalen Duren,full_core,0,0,82,0,70,0,False,False,not_yet_supplied_after_exact_union_and_locked_layer,False
2025-26,1631106,1610612745,Tari Eason,full_core,0,0,82,0,60,0,False,False,not_yet_supplied_after_exact_union_and_locked_layer,False
2025-26,1631107,1610612748,Nikola Jović,full_core,0,0,82,0,47,0,False,False,not_yet_supplied_after_exact_union_and_locked_layer,False
2025-26,1631108,1610612742,Max Christie,full_core,0,0,82,0,77,0,False,False,not_yet_supplied_after_exact_union_and_locked_layer,False
2025-26,1631109,1610612756,Mark Williams,full_core,0,0,82,0,60,0,False,False,not_yet_supplied_after_exact_union_and_locked_layer,False
2025-26,1631114,1610612760,Jalen Williams,full_core,0,0,82,0,33,0,False,False,not_yet_supplied_after_exact_union_and_locked_layer,False
2025-26,1631117,1610612762,Walker Kessler,full_core,0,0,82,0,5,0,False,False,not_yet_supplied_after_exact_union_and_locked_layer,False
2025-26,1631119,1610612760,Jaylin Williams,full_core,0,0,82,0,65,0,False,False,not_yet_supplied_after_exact_union_and_locked_layer,False
2025-26,1631120,1610612745,JD Davison,partial,0,0,82,0,28,0,False,False,not_yet_supplied_after_exact_union_and_locked_layer,False
2025-26,1631121,1610612740,Bryce McGowens,partial,0,0,82,0,42,0,False,False,not_yet_supplied_after_exact_union_and_locked_layer,False
2025-26,1631124,1610612743,Julian Strawther,full_core,0,0,82,0,57,0,False,False,not_yet_supplied_after_exact_union_and_locked_layer,False
2025-26,1631126,1610612757,Caleb Love,full_core,0,0,82,0,49,0,False,False,not_yet_supplied_after_exact_union_and_locked_layer,False
2025-26,1631127,1610612759,Harrison Ingram,full_core,0,0,82,0,7,0,False,False,not_yet_supplied_after_exact_union_and_locked_layer,False
2025-26,1631128,1610612743,Christian Braun,full_core,0,0,82,0,44,0,False,False,not_yet_supplied_after_exact_union_and_locked_layer,False
2025-26,1631131,1610612762,Oscar Tshiebwe,full_core,0,0,82,0,27,0,False,False,not_yet_supplied_after_exact_union_and_locked_layer,False
2025-26,1631133,1610612755,Jabari Walker,partial,0,0,82,0,64,0,False,False,not_yet_supplied_after_exact_union_and_locked_layer,False
2025-26,1631157,1610612749,Ryan Rollins,full_core,0,0,82,0,74,0,False,False,not_yet_supplied_after_exact_union_and_locked_layer,False
2025-26,1631170,1610612748,Jaime Jaquez Jr.,full_core,0,0,82,0,75,0,False,False,not_yet_supplied_after_exact_union_and_locked_layer,False
2025-26,1631199,1610612738,Ron Harper Jr.,partial,0,0,82,0,29,0,False,False,not_yet_supplied_after_exact_union_and_locked_layer,False
2025-26,1631200,1610612757,Kris Murray,full_core,0,0,82,0,57,0,False,False,not_yet_supplied_after_exact_union_and_locked_layer,False
2025-26,1631204,1610612765,Marcus Sasser,full_core,0,0,82,0,38,0,False,False,not_yet_supplied_after_exact_union_and_locked_layer,False
2025-26,1631212,1610612743,Peyton Watson,full_core,0,0,82,0,54,0,False,False,not_yet_supplied_after_exact_union_and_locked_layer,False
2025-26,1631217,1610612766,Moussa Diabaté,full_core,0,0,82,0,73,0,False,False,not_yet_supplied_after_exact_union_and_locked_layer,False
2025-26,1631221,1610612756,Collin Gillespie,full_core,0,0,82,0,80,0,False,False,not_yet_supplied_after_exact_union_and_locked_layer,False
2025-26,1631222,1610612747,Jake LaRavia,full_core,0,0,82,0,82,0,False,False,not_yet_supplied_after_exact_union_and_locked_layer,False
2025-26,1631230,1610612755,Dominick Barlow,partial,0,0,82,0,71,0,False,False,not_yet_supplied_after_exact_union_and_locked_layer,False
2025-26,1631243,1610612737,Mouhamed Gueye,full_core,0,0,82,0,77,0,False,False,not_yet_supplied_after_exact_union_and_locked_layer,False
2025-26,1631245,1610612754,Quenton Jackson,partial,0,0,82,0,49,0,False,False,not_yet_supplied_after_exact_union_and_locked_layer,False
2025-26,1631248,1610612738,Baylor Scheierman,full_core,0,0,82,0,77,0,False,False,not_yet_supplied_after_exact_union_and_locked_layer,False
2025-26,1631250,1610612749,Pete Nance,partial,0,0,82,0,47,0,False,False,not_yet_supplied_after_exact_union_and_locked_layer,False
2025-26,1631255,1610612740,Karlo Matković,full_core,0,0,82,0,62,0,False,False,not_yet_supplied_after_exact_union_and_locked_layer,False
2025-26,1631260,1610612749,AJ Green,full_core,0,0,82,0,78,0,False,False,not_yet_supplied_after_exact_union_and_locked_layer,False
2025-26,1631288,1610612753,Jamal Cain,partial,0,0,82,0,40,0,False,False,not_yet_supplied_after_exact_union_and_locked_layer,False
2025-26,1631321,1610612757,Sidy Cissoko,partial,0,0,82,0,75,0,False,False,not_yet_supplied_after_exact_union_and_locked_layer,False
2025-26,1631323,1610612748,Simone Fontecchio,full_core,0,0,82,0,70,0,False,False,not_yet_supplied_after_exact_union_and_locked_layer,False
2025-26,1631342,1610612758,Daeqwon Plowden,full_core,0,0,82,0,32,0,False,False,not_yet_supplied_after_exact_union_and_locked_layer,False
2025-26,1641705,1610612759,Victor Wembanyama,full_core,0,0,82,0,64,0,False,False,not_yet_supplied_after_exact_union_and_locked_layer,False
2025-26,1641706,1610612766,Brandon Miller,full_core,0,0,82,0,65,0,False,False,not_yet_supplied_after_exact_union_and_locked_layer,False
2025-26,1641708,1610612745,Amen Thompson,full_core,0,0,82,0,79,0,False,False,not_yet_supplied_after_exact_union_and_locked_layer,False
2025-26,1641709,1610612765,Ausar Thompson,full_core,0,0,82,0,73,0,False,False,not_yet_supplied_after_exact_union_and_locked_layer,False
2025-26,1641710,1610612753,Anthony Black,full_core,0,0,82,0,64,0,False,False,not_yet_supplied_after_exact_union_and_locked_layer,False
2025-26,1641711,1610612761,Gradey Dick,full_core,0,0,82,0,76,0,False,False,not_yet_supplied_after_exact_union_and_locked_layer,False
2025-26,1641713,1610612763,GG Jackson,full_core,0,0,82,0,55,0,False,False,not_yet_supplied_after_exact_union_and_locked_layer,False
2025-26,1641715,1610612764,Cam Whitmore,full_core,0,0,82,0,21,0,False,False,not_yet_supplied_after_exact_union_and_locked_layer,False
2025-26,1641716,1610612754,Jarace Walker,full_core,0,0,82,0,76,0,False,False,not_yet_supplied_after_exact_union_and_locked_layer,False
2025-26,1641717,1610612760,Cason Wallace,full_core,0,0,82,0,77,0,False,False,not_yet_supplied_after_exact_union_and_locked_layer,False
2025-26,1641718,1610612762,Keyonte George,full_core,0,0,82,0,54,0,False,False,not_yet_supplied_after_exact_union_and_locked_layer,False
2025-26,1641722,1610612740,Jordan Hawkins,full_core,0,0,82,0,51,0,False,False,not_yet_supplied_after_exact_union_and_locked_layer,False
2025-26,1641724,1610612753,Jett Howard,full_core,0,0,82,0,55,0,False,False,not_yet_supplied_after_exact_union_and_locked_layer,False
2025-26,1641725,1610612740,Trey Alexander,full_core,0,0,82,0,9,0,False,False,not_yet_supplied_after_exact_union_and_locked_layer,False
2025-26,1641726,1610612742,Dereck Lively II,full_core,0,0,82,0,7,0,False,False,not_yet_supplied_after_exact_union_and_locked_layer,False
2025-26,1641729,1610612762,Brice Sensabaugh,full_core,0,0,82,0,75,0,False,False,not_yet_supplied_after_exact_union_and_locked_layer,False
2025-26,1641730,1610612751,Noah Clowney,full_core,0,0,82,0,66,0,False,False,not_yet_supplied_after_exact_union_and_locked_layer,False
2025-26,1641731,1610612764,Bilal Coulibaly,full_core,0,0,82,0,56,0,False,False,not_yet_supplied_after_exact_union_and_locked_layer,False
2025-26,1641733,1610612747,Nick Smith Jr.,partial,0,0,82,0,30,0,False,False,not_yet_supplied_after_exact_union_and_locked_layer,False
2025-26,1641737,1610612755,Adem Bona,full_core,0,0,82,0,71,0,False,False,not_yet_supplied_after_exact_union_and_locked_layer,False
2025-26,1641739,1610612757,Toumani Camara,full_core,0,0,82,0,82,0,False,False,not_yet_supplied_after_exact_union_and_locked_layer,False
2025-26,1641740,1610612750,Jaylen Clark,full_core,0,0,82,0,68,0,False,False,not_yet_supplied_after_exact_union_and_locked_layer,False
2025-26,1641744,1610612763,Zach Edey,full_core,0,0,82,0,11,0,False,False,not_yet_supplied_after_exact_union_and_locked_layer,False
2025-26,1641747,1610612743,DaRon Holmes II,full_core,0,0,82,0,25,0,False,False,not_yet_supplied_after_exact_union_and_locked_layer,False
2025-26,1641748,1610612749,Andre Jackson Jr.,full_core,0,0,82,0,48,0,False,False,not_yet_supplied_after_exact_union_and_locked_layer,False
2025-26,1641750,1610612766,Ryan Kalkbrenner,full_core,0,0,82,0,69,0,False,False,not_yet_supplied_after_exact_union_and_locked_layer,False
2025-26,1641755,1610612752,Kevin McCullar Jr.,full_core,0,0,82,0,21,0,False,False,not_yet_supplied_after_exact_union_and_locked_layer,False
2025-26,1641757,1610612746,Jordan Miller,partial,0,0,82,0,60,0,False,False,not_yet_supplied_after_exact_union_and_locked_layer,False
2025-26,1641764,1610612744,Brandin Podziemski,full_core,0,0,82,0,82,0,False,False,not_yet_supplied_after_exact_union_and_locked_layer,False
2025-26,1641765,1610612763,Olivier-Maxence Prosper,partial,0,0,82,0,53,0,False,False,not_yet_supplied_after_exact_union_and_locked_layer,False
2025-26,1641767,1610612754,Ben Sheppard,full_core,0,0,82,0,65,0,False,False,not_yet_supplied_after_exact_union_and_locked_layer,False
2025-26,1641772,1610612739,Nae'Qwan Tomlin,partial,0,0,82,0,64,0,False,False,not_yet_supplied_after_exact_union_and_locked_layer,False
2025-26,1641774,1610612764,Tristan Vukcevic,partial,0,0,82,0,49,0,False,False,not_yet_supplied_after_exact_union_and_locked_layer,False
2025-26,1641775,1610612738,Jordan Walsh,full_core,0,0,82,0,68,0,False,False,not_yet_supplied_after_exact_union_and_locked_layer,False
2025-26,1641780,1610612755,Johni Broome,full_core,0,0,82,0,11,0,False,False,not_yet_supplied_after_exact_union_and_locked_layer,False
2025-26,1641783,1610612753,Tristan da Silva,full_core,0,0,82,0,77,0,False,False,not_yet_supplied_after_exact_union_and_locked_layer,False
2025-26,1641796,1610612748,Pelle Larsson,full_core,0,0,82,0,70,0,False,False,not_yet_supplied_after_exact_union_and_locked_layer,False
2025-26,1641810,1610612766,Antonio Reeves,full_core,0,0,82,0,10,0,False,False,not_yet_supplied_after_exact_union_and_locked_layer,False
2025-26,1641815,1610612758,Isaiah Stevens,full_core,0,0,82,0,3,0,False,False,not_yet_supplied_after_exact_union_and_locked_layer,False
2025-26,1641824,1610612741,Matas Buzelis,full_core,0,0,82,0,77,0,False,False,not_yet_supplied_after_exact_union_and_locked_layer,False
2025-26,1641842,1610612765,Ronald Holland II,full_core,0,0,82,0,78,0,False,False,not_yet_supplied_after_exact_union_and_locked_layer,False
2025-26,1641854,1610612739,Craig Porter Jr.,full_core,0,0,82,0,64,0,False,False,not_yet_supplied_after_exact_union_and_locked_layer,False
2025-26,1641989,1610612762,Elijah Harkless,full_core,0,0,82,0,26,0,False,False,not_yet_supplied_after_exact_union_and_locked_layer,False
2025-26,1641998,1610612752,Trey Jemison III,full_core,0,0,82,0,13,0,False,False,not_yet_supplied_after_exact_union_and_locked_layer,False
2025-26,1642066,1610612748,Myron Gardner,partial,0,0,82,0,45,0,False,False,not_yet_supplied_after_exact_union_and_locked_layer,False
2025-26,1642258,1610612737,Zaccharie Risacher,full_core,0,0,82,0,67,0,False,False,not_yet_supplied_after_exact_union_and_locked_layer,False
2025-26,1642259,1610612764,Alex Sarr,full_core,0,0,82,0,48,0,False,False,not_yet_supplied_after_exact_union_and_locked_layer,False
2025-26,1642260,1610612760,Nikola Topić,full_core,0,0,82,0,10,0,False,False,not_yet_supplied_after_exact_union_and_locked_layer,False
2025-26,1642261,1610612747,Dalton Knecht,full_core,0,0,82,0,54,0,False,False,not_yet_supplied_after_exact_union_and_locked_layer,False
2025-26,1642262,1610612762,Cody Williams,full_core,0,0,82,0,67,0,False,False,not_yet_supplied_after_exact_union_and_locked_layer,False
2025-26,1642263,1610612745,Reed Sheppard,full_core,0,0,82,0,82,0,False,False,not_yet_supplied_after_exact_union_and_locked_layer,False
2025-26,1642264,1610612759,Stephon Castle,full_core,0,0,82,0,68,0,False,False,not_yet_supplied_after_exact_union_and_locked_layer,False
2025-26,1642266,1610612761,Ja'Kobe Walter,full_core,0,0,82,0,72,0,False,False,not_yet_supplied_after_exact_union_and_locked_layer,False
2025-26,1642267,1610612764,Bub Carrington,full_core,0,0,82,0,82,0,False,False,not_yet_supplied_after_exact_union_and_locked_layer,False
2025-26,1642268,1610612762,Isaiah Collier,full_core,0,0,82,0,59,0,False,False,not_yet_supplied_after_exact_union_and_locked_layer,False
2025-26,1642269,1610612758,Devin Carter,full_core,0,0,82,0,38,0,False,False,not_yet_supplied_after_exact_union_and_locked_layer,False
2025-26,1642270,1610612757,Donovan Clingan,full_core,0,0,82,0,77,0,False,False,not_yet_supplied_after_exact_union_and_locked_layer,False
2025-26,1642271,1610612762,Kyle Filipowski,full_core,0,0,82,0,77,0,False,False,not_yet_supplied_after_exact_union_and_locked_layer,False
2025-26,1642273,1610612764,Kyshawn George,full_core,0,0,82,0,48,0,False,False,not_yet_supplied_after_exact_union_and_locked_layer,False
2025-26,1642274,1610612740,Yves Missi,full_core,0,0,82,0,66,0,False,False,not_yet_supplied_after_exact_union_and_locked_layer,False
2025-26,1642275,1610612766,Tidjane Salaün,full_core,0,0,82,0,37,0,False,False,not_yet_supplied_after_exact_union_and_locked_layer,False
2025-26,1642276,1610612748,Kel'el Ware,full_core,0,0,82,0,77,0,False,False,not_yet_supplied_after_exact_union_and_locked_layer,False
2025-26,1642277,1610612754,Johnny Furphy,full_core,0,0,82,0,35,0,False,False,not_yet_supplied_after_exact_union_and_locked_layer,False
2025-26,1642278,1610612752,Tyler Kolek,full_core,0,0,82,0,62,0,False,False,not_yet_supplied_after_exact_union_and_locked_layer,False
2025-26,1642281,1610612739,Jaylon Tyson,full_core,0,0,82,0,66,0,False,False,not_yet_supplied_after_exact_union_and_locked_layer,False
2025-26,1642285,1610612763,Cam Spencer,full_core,0,0,82,0,72,0,False,False,not_yet_supplied_after_exact_union_and_locked_layer,False
2025-26,1642345,1610612756,Oso Ighodaro,full_core,0,0,82,0,82,0,False,False,not_yet_supplied_after_exact_union_and_locked_layer,False
2025-26,1642346,1610612756,Ryan Dunn,full_core,0,0,82,0,70,0,False,False,not_yet_supplied_after_exact_union_and_locked_layer,False
2025-26,1642347,1610612761,Jamal Shead,full_core,0,0,82,0,82,0,False,False,not_yet_supplied_after_exact_union_and_locked_layer,False
2025-26,1642348,1610612755,Justin Edwards,full_core,0,0,82,0,64,0,False,False,not_yet_supplied_after_exact_union_and_locked_layer,False
2025-26,1642349,1610612760,Ajay Mitchell,full_core,0,0,82,0,57,0,False,False,not_yet_supplied_after_exact_union_and_locked_layer,False
2025-26,1642352,1610612748,Keshad Johnson,full_core,0,0,82,0,32,0,False,False,not_yet_supplied_after_exact_union_and_locked_layer,False
2025-26,1642353,1610612746,Cam Christie,full_core,0,0,82,0,55,0,False,False,not_yet_supplied_after_exact_union_and_locked_layer,False
2025-26,1642355,1610612747,Bronny James,full_core,0,0,82,0,42,0,False,False,not_yet_supplied_after_exact_union_and_locked_layer,False
2025-26,1642357,1610612759,David Jones Garcia,full_core,0,0,82,0,11,0,False,False,not_yet_supplied_after_exact_union_and_locked_layer,False
2025-26,1642359,1610612752,Pacôme Dadiet,full_core,0,0,82,0,29,0,False,False,not_yet_supplied_after_exact_union_and_locked_layer,False
2025-26,1642363,1610612758,Nique Clifford,full_core,0,0,82,0,75,0,False,False,not_yet_supplied_after_exact_union_and_locked_layer,False
2025-26,1642364,1610612764,Jamir Watkins,partial,0,0,82,0,50,0,False,False,not_yet_supplied_after_exact_union_and_locked_layer,False
2025-26,1642366,1610612744,Quinten Post,full_core,0,0,82,0,67,0,False,False,not_yet_supplied_after_exact_union_and_locked_layer,False
2025-26,1642367,1610612761,Jonathan Mogbo,full_core,0,0,82,0,40,0,False,False,not_yet_supplied_after_exact_union_and_locked_layer,False
2025-26,1642377,1610612763,Jaylen Wells,full_core,0,0,82,0,69,0,False,False,not_yet_supplied_after_exact_union_and_locked_layer,False
2025-26,1642382,1610612760,Branden Carlson,full_core,0,0,82,0,42,0,False,False,not_yet_supplied_after_exact_union_and_locked_layer,False
2025-26,1642384,1610612745,Isaiah Crawford,full_core,0,0,82,0,14,0,False,False,not_yet_supplied_after_exact_union_and_locked_layer,False
2025-26,1642402,1610612750,Enrique Freeman,full_core,0,0,82,0,4,0,False,False,not_yet_supplied_after_exact_union_and_locked_layer,False
2025-26,1642404,1610612765,Chaz Lanier,full_core,0,0,82,0,34,0,False,False,not_yet_supplied_after_exact_union_and_locked_layer,False
2025-26,1642419,1610612761,Jamison Battle,full_core,0,0,82,0,61,0,False,False,not_yet_supplied_after_exact_union_and_locked_layer,False
2025-26,1642443,1610612748,Jahmir Young,partial,0,0,82,0,14,0,False,False,not_yet_supplied_after_exact_union_and_locked_layer,False
2025-26,1642449,1610612765,Tolu Smith,partial,0,0,82,0,15,0,False,False,not_yet_supplied_after_exact_union_and_locked_layer,False
2025-26,1642450,1610612765,Daniss Jenkins,partial,0,0,82,0,72,0,False,False,not_yet_supplied_after_exact_union_and_locked_layer,False
2025-26,1642461,1610612743,Spencer Jones,full_core,0,0,82,0,64,0,False,False,not_yet_supplied_after_exact_union_and_locked_layer,False
2025-26,1642843,1610612742,Cooper Flagg,full_core,0,0,82,0,70,0,False,False,not_yet_supplied_after_exact_union_and_locked_layer,False
2025-26,1642844,1610612759,Dylan Harper,full_core,0,0,82,0,69,0,False,False,not_yet_supplied_after_exact_union_and_locked_layer,False
2025-26,1642845,1610612755,VJ Edgecombe,full_core,0,0,82,0,75,0,False,False,not_yet_supplied_after_exact_union_and_locked_layer,False
2025-26,1642846,1610612762,Ace Bailey,full_core,0,0,82,0,72,0,False,False,not_yet_supplied_after_exact_union_and_locked_layer,False
2025-26,1642847,1610612740,Jeremiah Fears,full_core,0,0,82,0,82,0,False,False,not_yet_supplied_after_exact_union_and_locked_layer,False
2025-26,1642848,1610612764,Tre Johnson,full_core,0,0,82,0,60,0,False,False,not_yet_supplied_after_exact_union_and_locked_layer,False
2025-26,1642849,1610612751,Nolan Traore,full_core,0,0,82,0,56,0,False,False,not_yet_supplied_after_exact_union_and_locked_layer,False
2025-26,1642851,1610612766,Kon Knueppel,full_core,0,0,82,0,81,0,False,False,not_yet_supplied_after_exact_union_and_locked_layer,False
2025-26,1642852,1610612740,Derik Queen,full_core,0,0,82,0,81,0,False,False,not_yet_supplied_after_exact_union_and_locked_layer,False
2025-26,1642853,1610612756,Rasheer Fleming,full_core,0,0,82,0,55,0,False,False,not_yet_supplied_after_exact_union_and_locked_layer,False
2025-26,1642854,1610612737,Asa Newell,full_core,0,0,82,0,44,0,False,False,not_yet_supplied_after_exact_union_and_locked_layer,False
2025-26,1642855,1610612741,Noa Essengue,full_core,0,0,82,0,2,0,False,False,not_yet_supplied_after_exact_union_and_locked_layer,False
2025-26,1642856,1610612751,Egor Dëmin,full_core,0,0,82,0,52,0,False,False,not_yet_supplied_after_exact_union_and_locked_layer,False
2025-26,1642857,1610612748,Kasparas Jakučionis,full_core,0,0,82,0,53,0,False,False,not_yet_supplied_after_exact_union_and_locked_layer,False
2025-26,1642859,1610612753,Jase Richardson,full_core,0,0,82,0,54,0,False,False,not_yet_supplied_after_exact_union_and_locked_layer,False
2025-26,1642860,1610612764,Will Riley,full_core,0,0,82,0,74,0,False,False,not_yet_supplied_after_exact_union_and_locked_layer,False
2025-26,1642862,1610612766,Liam McNeeley,full_core,0,0,82,0,31,0,False,False,not_yet_supplied_after_exact_union_and_locked_layer,False
2025-26,1642863,1610612756,Khaman Maluach,full_core,0,0,82,0,46,0,False,False,not_yet_supplied_after_exact_union_and_locked_layer,False
2025-26,1642864,1610612738,Hugo González,full_core,0,0,82,0,74,0,False,False,not_yet_supplied_after_exact_union_and_locked_layer,False
2025-26,1642866,1610612750,Joan Beringer,full_core,0,0,82,0,40,0,False,False,not_yet_supplied_after_exact_union_and_locked_layer,False
2025-26,1642867,1610612761,Collin Murray-Boyles,full_core,0,0,82,0,57,0,False,False,not_yet_supplied_after_exact_union_and_locked_layer,False
2025-26,1642868,1610612759,Carter Bryant,full_core,0,0,82,0,71,0,False,False,not_yet_supplied_after_exact_union_and_locked_layer,False
2025-26,1642869,1610612753,Noah Penda,full_core,0,0,82,0,59,0,False,False,not_yet_supplied_after_exact_union_and_locked_layer,False
2025-26,1642873,1610612738,Amari Williams,partial,0,0,82,0,22,0,False,False,not_yet_supplied_after_exact_union_and_locked_layer,False
2025-26,1642874,1610612751,Danny Wolf,full_core,0,0,82,0,57,0,False,False,not_yet_supplied_after_exact_union_and_locked_layer,False
2025-26,1642875,1610612758,Maxime Raynaud,full_core,0,0,82,0,74,0,False,False,not_yet_supplied_after_exact_union_and_locked_layer,False
2025-26,1642876,1610612747,Adou Thiero,full_core,0,0,82,0,25,0,False,False,not_yet_supplied_after_exact_union_and_locked_layer,False
2025-26,1642877,1610612740,Micah Peavy,full_core,0,0,82,0,61,0,False,False,not_yet_supplied_after_exact_union_and_locked_layer,False
2025-26,1642878,1610612739,Tyrese Proctor,full_core,0,0,82,0,50,0,False,False,not_yet_supplied_after_exact_union_and_locked_layer,False
2025-26,1642879,1610612751,Ben Saraf,full_core,0,0,82,0,44,0,False,False,not_yet_supplied_after_exact_union_and_locked_layer,False
2025-26,1642880,1610612754,Kam Jones,full_core,0,0,82,0,37,0,False,False,not_yet_supplied_after_exact_union_and_locked_layer,False
2025-26,1642883,1610612766,Sion James,full_core,0,0,82,0,82,0,False,False,not_yet_supplied_after_exact_union_and_locked_layer,False
2025-26,1642884,1610612748,Vladislav Goldin,full_core,0,0,82,0,9,0,False,False,not_yet_supplied_after_exact_union_and_locked_layer,False
2025-26,1642885,1610612752,Mohamed Diawara,full_core,0,0,82,0,69,0,False,False,not_yet_supplied_after_exact_union_and_locked_layer,False
2025-26,1642886,1610612756,Koby Brea,full_core,0,0,82,0,12,0,False,False,not_yet_supplied_after_exact_union_and_locked_layer,False
2025-26,1642905,1610612757,Yang Hansen,full_core,0,0,82,0,43,0,False,False,not_yet_supplied_after_exact_union_and_locked_layer,False
2025-26,1642907,1610612763,Cedric Coward,full_core,0,0,82,0,62,0,False,False,not_yet_supplied_after_exact_union_and_locked_layer,False
2025-26,1642910,1610612738,John Tonje,partial,0,0,82,0,6,0,False,False,not_yet_supplied_after_exact_union_and_locked_layer,False
2025-26,1642911,1610612750,Rocco Zikarsky,full_core,0,0,82,0,5,0,False,False,not_yet_supplied_after_exact_union_and_locked_layer,False
2025-26,1642914,1610612763,Javon Small,full_core,0,0,82,0,41,0,False,False,not_yet_supplied_after_exact_union_and_locked_layer,False
2025-26,1642917,1610612738,Max Shulga,partial,0,0,82,0,11,0,False,False,not_yet_supplied_after_exact_union_and_locked_layer,False
2025-26,1642918,1610612761,Alijah Martin,full_core,0,0,82,0,23,0,False,False,not_yet_supplied_after_exact_union_and_locked_layer,False
2025-26,1642920,1610612746,Kobe Sanders,partial,0,0,82,0,68,0,False,False,not_yet_supplied_after_exact_union_and_locked_layer,False
2025-26,1642928,1610612758,Dylan Cardwell,partial,0,0,82,0,44,0,False,False,not_yet_supplied_after_exact_union_and_locked_layer,False
2025-26,1642935,1610612761,Chucky Hepburn,full_core,0,0,82,0,2,0,False,False,not_yet_supplied_after_exact_union_and_locked_layer,False
2025-26,1642938,1610612743,Curtis Jones,full_core,0,0,82,0,10,0,False,False,not_yet_supplied_after_exact_union_and_locked_layer,False
2025-26,1642942,1610612763,Jahmai Mashack,partial,0,0,82,0,31,0,False,False,not_yet_supplied_after_exact_union_and_locked_layer,False
2025-26,1642948,1610612742,Ryan Nembhard,partial,0,0,82,0,60,0,False,False,not_yet_supplied_after_exact_union_and_locked_layer,False
2025-26,1642949,1610612746,Yanic Konan Niederhäuser,full_core,0,0,82,0,41,0,False,False,not_yet_supplied_after_exact_union_and_locked_layer,False
2025-26,1642950,1610612741,Lachlan Olbrich,full_core,0,0,82,0,37,0,False,False,not_yet_supplied_after_exact_union_and_locked_layer,False
2025-26,1642954,1610612744,Will Richard,full_core,0,0,82,0,69,0,False,False,not_yet_supplied_after_exact_union_and_locked_layer,False
2025-26,1642962,1610612751,Drake Powell,full_core,0,0,82,0,63,0,False,False,not_yet_supplied_after_exact_union_and_locked_layer,False
2025-26,1642964,1610612760,Brooks Barnhizer,full_core,0,0,82,0,40,0,False,False,not_yet_supplied_after_exact_union_and_locked_layer,False
2025-26,1643007,1610612754,Taelon Peter,full_core,0,0,82,0,38,0,False,False,not_yet_supplied_after_exact_union_and_locked_layer,False
2025-26,1643024,1610612747,Chris Mañon,full_core,0,0,82,0,9,0,False,False,not_yet_supplied_after_exact_union_and_locked_layer,False
2025-26,200768,1610612755,Kyle Lowry,full_core,0,0,82,0,14,0,False,False,not_yet_supplied_after_exact_union_and_locked_layer,False
2025-26,201142,1610612745,Kevin Durant,full_core,0,0,82,0,78,0,False,False,not_yet_supplied_after_exact_union_and_locked_layer,False
2025-26,201143,1610612744,Al Horford,full_core,0,0,82,0,45,0,False,False,not_yet_supplied_after_exact_union_and_locked_layer,False
2025-26,201145,1610612745,Jeff Green,full_core,0,0,82,0,30,0,False,False,not_yet_supplied_after_exact_union_and_locked_layer,False
2025-26,201566,1610612758,Russell Westbrook,full_core,0,0,82,0,64,0,False,False,not_yet_supplied_after_exact_union_and_locked_layer,False
2025-26,201567,1610612762,Kevin Love,full_core,0,0,82,0,37,0,False,False,not_yet_supplied_after_exact_union_and_locked_layer,False
2025-26,201572,1610612746,Brook Lopez,full_core,0,0,82,0,75,0,False,False,not_yet_supplied_after_exact_union_and_locked_layer,False
2025-26,201587,1610612746,Nicolas Batum,full_core,0,0,82,0,74,0,False,False,not_yet_supplied_after_exact_union_and_locked_layer,False
2025-26,201939,1610612744,Stephen Curry,full_core,0,0,82,0,43,0,False,False,not_yet_supplied_after_exact_union_and_locked_layer,False
2025-26,201942,1610612758,DeMar DeRozan,full_core,0,0,82,0,77,0,False,False,not_yet_supplied_after_exact_union_and_locked_layer,False
2025-26,201950,1610612757,Jrue Holiday,full_core,0,0,82,0,53,0,False,False,not_yet_supplied_after_exact_union_and_locked_layer,False
2025-26,202066,1610612761,Garrett Temple,full_core,0,0,82,0,22,0,False,False,not_yet_supplied_after_exact_union_and_locked_layer,False
2025-26,202331,1610612755,Paul George,full_core,0,0,82,0,37,0,False,False,not_yet_supplied_after_exact_union_and_locked_layer,False
2025-26,202685,1610612743,Jonas Valančiūnas,full_core,0,0,82,0,65,0,False,False,not_yet_supplied_after_exact_union_and_locked_layer,False
2025-26,202687,1610612759,Bismack Biyombo,full_core,0,0,82,0,25,0,False,False,not_yet_supplied_after_exact_union_and_locked_layer,False
2025-26,202691,1610612742,Klay Thompson,full_core,0,0,82,0,69,0,False,False,not_yet_supplied_after_exact_union_and_locked_layer,False
2025-26,202695,1610612746,Kawhi Leonard,full_core,0,0,82,0,65,0,False,False,not_yet_supplied_after_exact_union_and_locked_layer,False
2025-26,202699,1610612765,Tobias Harris,full_core,0,0,82,0,63,0,False,False,not_yet_supplied_after_exact_union_and_locked_layer,False
2025-26,202710,1610612744,Jimmy Butler III,full_core,0,0,82,0,38,0,False,False,not_yet_supplied_after_exact_union_and_locked_layer,False
2025-26,203078,1610612746,Bradley Beal,full_core,0,0,82,0,6,0,False,False,not_yet_supplied_after_exact_union_and_locked_layer,False
2025-26,203083,1610612755,Andre Drummond,full_core,0,0,82,0,63,0,False,False,not_yet_supplied_after_exact_union_and_locked_layer,False
2025-26,203084,1610612759,Harrison Barnes,full_core,0,0,82,0,77,0,False,False,not_yet_supplied_after_exact_union_and_locked_layer,False
2025-26,203110,1610612744,Draymond Green,full_core,0,0,82,0,68,0,False,False,not_yet_supplied_after_exact_union_and_locked_layer,False
2025-26,203482,1610612759,Kelly Olynyk,full_core,0,0,82,0,41,0,False,False,not_yet_supplied_after_exact_union_and_locked_layer,False
2025-26,203484,1610612763,Kentavious Caldwell-Pope,full_core,0,0,82,0,51,0,False,False,not_yet_supplied_after_exact_union_and_locked_layer,False
2025-26,203497,1610612750,Rudy Gobert,full_core,0,0,82,0,76,0,False,False,not_yet_supplied_after_exact_union_and_locked_layer,False
2025-26,203500,1610612745,Steven Adams,full_core,0,0,82,0,32,0,False,False,not_yet_supplied_after_exact_union_and_locked_layer,False
2025-26,203501,1610612743,Tim Hardaway Jr.,full_core,0,0,82,0,80,0,False,False,not_yet_supplied_after_exact_union_and_locked_layer,False
2025-26,203507,1610612749,Giannis Antetokounmpo,full_core,0,0,82,0,36,0,False,False,not_yet_supplied_after_exact_union_and_locked_layer,False
2025-26,203648,1610612749,Thanasis Antetokounmpo,full_core,0,0,82,0,34,0,False,False,not_yet_supplied_after_exact_union_and_locked_layer,False
2025-26,203897,1610612758,Zach LaVine,full_core,0,0,82,0,39,0,False,False,not_yet_supplied_after_exact_union_and_locked_layer,False
2025-26,203903,1610612752,Jordan Clarkson,full_core,0,0,82,0,72,0,False,False,not_yet_supplied_after_exact_union_and_locked_layer,False
2025-26,203914,1610612749,Gary Harris,full_core,0,0,82,0,48,0,False,False,not_yet_supplied_after_exact_union_and_locked_layer,False
2025-26,203924,1610612757,Jerami Grant,full_core,0,0,82,0,57,0,False,False,not_yet_supplied_after_exact_union_and_locked_layer,False
2025-26,203926,1610612758,Doug McDermott,full_core,0,0,82,0,29,0,False,False,not_yet_supplied_after_exact_union_and_locked_layer,False
2025-26,203932,1610612743,Aaron Gordon,full_core,0,0,82,0,36,0,False,False,not_yet_supplied_after_exact_union_and_locked_layer,False
2025-26,203935,1610612747,Marcus Smart,full_core,0,0,82,0,62,0,False,False,not_yet_supplied_after_exact_union_and_locked_layer,False
2025-26,203939,1610612742,Dwight Powell,full_core,0,0,82,0,63,0,False,False,not_yet_supplied_after_exact_union_and_locked_layer,False
2025-26,203944,1610612750,Julius Randle,full_core,0,0,82,0,79,0,False,False,not_yet_supplied_after_exact_union_and_locked_layer,False
2025-26,203952,1610612748,Andrew Wiggins,full_core,0,0,82,0,68,0,False,False,not_yet_supplied_after_exact_union_and_locked_layer,False
2025-26,203954,1610612755,Joel Embiid,full_core,0,0,82,0,38,0,False,False,not_yet_supplied_after_exact_union_and_locked_layer,False
2025-26,203991,1610612745,Clint Capela,full_core,0,0,82,0,75,0,False,False,not_yet_supplied_after_exact_union_and_locked_layer,False
2025-26,203992,1610612746,Bogdan Bogdanović,full_core,0,0,82,0,23,0,False,False,not_yet_supplied_after_exact_union_and_locked_layer,False
2025-26,203994,1610612762,Jusuf Nurkić,full_core,0,0,82,0,41,0,False,False,not_yet_supplied_after_exact_union_and_locked_layer,False
2025-26,203999,1610612743,Nikola Jokić,full_core,0,0,82,0,65,0,False,False,not_yet_supplied_after_exact_union_and_locked_layer,False
2025-26,204060,1610612750,Joe Ingles,full_core,0,0,82,0,27,0,False,False,not_yet_supplied_after_exact_union_and_locked_layer,False
2025-26,204456,1610612754,T.J. McConnell,full_core,0,0,82,0,56,0,False,False,not_yet_supplied_after_exact_union_and_locked_layer,False
2025-26,2544,1610612747,LeBron James,full_core,0,0,82,0,60,0,False,False,not_yet_supplied_after_exact_union_and_locked_layer,False
