season,team_id,game_id,game_date,source,source_commit
2004-05,1610612749,20400005,2004-11-03,shufinskiy_nba_data_pinned_static,e829d4678be1e075f99e5d41a1c5f97089be446b
2004-05,1610612749,20400037,2004-11-06,shufinskiy_nba_data_pinned_static,e829d4678be1e075f99e5d41a1c5f97089be446b
2004-05,1610612749,20400064,2004-11-10,shufinskiy_nba_data_pinned_static,e829d4678be1e075f99e5d41a1c5f97089be446b
2004-05,1610612749,20400086,2004-11-13,shufinskiy_nba_data_pinned_static,e829d4678be1e075f99e5d41a1c5f97089be446b
2004-05,1610612749,20400093,2004-11-14,shufinskiy_nba_data_pinned_static,e829d4678be1e075f99e5d41a1c5f97089be446b
2004-05,1610612749,20400112,2004-11-17,shufinskiy_nba_data_pinned_static,e829d4678be1e075f99e5d41a1c5f97089be446b
2004-05,1610612749,20400127,2004-11-19,shufinskiy_nba_data_pinned_static,e829d4678be1e075f99e5d41a1c5f97089be446b
2004-05,1610612749,20400144,2004-11-21,shufinskiy_nba_data_pinned_static,e829d4678be1e075f99e5d41a1c5f97089be446b
2004-05,1610612749,20400158,2004-11-23,shufinskiy_nba_data_pinned_static,e829d4678be1e075f99e5d41a1c5f97089be446b
2004-05,1610612749,20400168,2004-11-24,shufinskiy_nba_data_pinned_static,e829d4678be1e075f99e5d41a1c5f97089be446b
2004-05,1610612749,20400191,2004-11-27,shufinskiy_nba_data_pinned_static,e829d4678be1e075f99e5d41a1c5f97089be446b
2004-05,1610612749,20400205,2004-11-30,shufinskiy_nba_data_pinned_static,e829d4678be1e075f99e5d41a1c5f97089be446b
2004-05,1610612749,20400211,2004-12-01,shufinskiy_nba_data_pinned_static,e829d4678be1e075f99e5d41a1c5f97089be446b
2004-05,1610612749,20400239,2004-12-04,shufinskiy_nba_data_pinned_static,e829d4678be1e075f99e5d41a1c5f97089be446b
2004-05,1610612749,20400257,2004-12-07,shufinskiy_nba_data_pinned_static,e829d4678be1e075f99e5d41a1c5f97089be446b
2004-05,1610612749,20400267,2004-12-08,shufinskiy_nba_data_pinned_static,e829d4678be1e075f99e5d41a1c5f97089be446b
2004-05,1610612749,20400283,2004-12-10,shufinskiy_nba_data_pinned_static,e829d4678be1e075f99e5d41a1c5f97089be446b
2004-05,1610612749,20400298,2004-12-12,shufinskiy_nba_data_pinned_static,e829d4678be1e075f99e5d41a1c5f97089be446b
2004-05,1610612749,20400311,2004-12-14,shufinskiy_nba_data_pinned_static,e829d4678be1e075f99e5d41a1c5f97089be446b
2004-05,1610612749,20400327,2004-12-16,shufinskiy_nba_data_pinned_static,e829d4678be1e075f99e5d41a1c5f97089be446b
2004-05,1610612749,20400345,2004-12-18,shufinskiy_nba_data_pinned_static,e829d4678be1e075f99e5d41a1c5f97089be446b
2004-05,1610612749,20400373,2004-12-22,shufinskiy_nba_data_pinned_static,e829d4678be1e075f99e5d41a1c5f97089be446b
2004-05,1610612749,20400385,2004-12-26,shufinskiy_nba_data_pinned_static,e829d4678be1e075f99e5d41a1c5f97089be446b
2004-05,1610612749,20400402,2004-12-28,shufinskiy_nba_data_pinned_static,e829d4678be1e075f99e5d41a1c5f97089be446b
2004-05,1610612749,20400410,2004-12-29,shufinskiy_nba_data_pinned_static,e829d4678be1e075f99e5d41a1c5f97089be446b
2004-05,1610612749,20400426,2004-12-31,shufinskiy_nba_data_pinned_static,e829d4678be1e075f99e5d41a1c5f97089be446b
2004-05,1610612749,20400437,2005-01-02,shufinskiy_nba_data_pinned_static,e829d4678be1e075f99e5d41a1c5f97089be446b
2004-05,1610612749,20400449,2005-01-04,shufinskiy_nba_data_pinned_static,e829d4678be1e075f99e5d41a1c5f97089be446b
2004-05,1610612749,20400459,2005-01-05,shufinskiy_nba_data_pinned_static,e829d4678be1e075f99e5d41a1c5f97089be446b
2004-05,1610612749,20400468,2005-01-07,shufinskiy_nba_data_pinned_static,e829d4678be1e075f99e5d41a1c5f97089be446b
2004-05,1610612749,20400485,2005-01-08,shufinskiy_nba_data_pinned_static,e829d4678be1e075f99e5d41a1c5f97089be446b
2004-05,1610612749,20400500,2005-01-11,shufinskiy_nba_data_pinned_static,e829d4678be1e075f99e5d41a1c5f97089be446b
2004-05,1610612749,20400510,2005-01-12,shufinskiy_nba_data_pinned_static,e829d4678be1e075f99e5d41a1c5f97089be446b
2004-05,1610612749,20400526,2005-01-14,shufinskiy_nba_data_pinned_static,e829d4678be1e075f99e5d41a1c5f97089be446b
2004-05,1610612749,20400535,2005-01-15,shufinskiy_nba_data_pinned_static,e829d4678be1e075f99e5d41a1c5f97089be446b
2004-05,1610612749,20400545,2005-01-17,shufinskiy_nba_data_pinned_static,e829d4678be1e075f99e5d41a1c5f97089be446b
2004-05,1610612749,20400563,2005-01-19,shufinskiy_nba_data_pinned_static,e829d4678be1e075f99e5d41a1c5f97089be446b
2004-05,1610612749,20400579,2005-01-21,shufinskiy_nba_data_pinned_static,e829d4678be1e075f99e5d41a1c5f97089be446b
2004-05,1610612749,20400594,2005-01-23,shufinskiy_nba_data_pinned_static,e829d4678be1e075f99e5d41a1c5f97089be446b
2004-05,1610612749,20400617,2005-01-26,shufinskiy_nba_data_pinned_static,e829d4678be1e075f99e5d41a1c5f97089be446b
2004-05,1610612749,20400634,2005-01-28,shufinskiy_nba_data_pinned_static,e829d4678be1e075f99e5d41a1c5f97089be446b
2004-05,1610612749,20400651,2005-01-30,shufinskiy_nba_data_pinned_static,e829d4678be1e075f99e5d41a1c5f97089be446b
2004-05,1610612749,20400662,2005-02-01,shufinskiy_nba_data_pinned_static,e829d4678be1e075f99e5d41a1c5f97089be446b
2004-05,1610612749,20400684,2005-02-04,shufinskiy_nba_data_pinned_static,e829d4678be1e075f99e5d41a1c5f97089be446b
2004-05,1610612749,20400690,2005-02-05,shufinskiy_nba_data_pinned_static,e829d4678be1e075f99e5d41a1c5f97089be446b
2004-05,1610612749,20400711,2005-02-08,shufinskiy_nba_data_pinned_static,e829d4678be1e075f99e5d41a1c5f97089be446b
2004-05,1610612749,20400718,2005-02-09,shufinskiy_nba_data_pinned_static,e829d4678be1e075f99e5d41a1c5f97089be446b
2004-05,1610612749,20400744,2005-02-12,shufinskiy_nba_data_pinned_static,e829d4678be1e075f99e5d41a1c5f97089be446b
2004-05,1610612749,20400759,2005-02-14,shufinskiy_nba_data_pinned_static,e829d4678be1e075f99e5d41a1c5f97089be446b
2004-05,1610612749,20400776,2005-02-16,shufinskiy_nba_data_pinned_static,e829d4678be1e075f99e5d41a1c5f97089be446b
2004-05,1610612749,20400782,2005-02-22,shufinskiy_nba_data_pinned_static,e829d4678be1e075f99e5d41a1c5f97089be446b
2004-05,1610612749,20400793,2005-02-23,shufinskiy_nba_data_pinned_static,e829d4678be1e075f99e5d41a1c5f97089be446b
2004-05,1610612749,20400808,2005-02-25,shufinskiy_nba_data_pinned_static,e829d4678be1e075f99e5d41a1c5f97089be446b
2004-05,1610612749,20400821,2005-02-27,shufinskiy_nba_data_pinned_static,e829d4678be1e075f99e5d41a1c5f97089be446b
2004-05,1610612749,20400837,2005-03-01,shufinskiy_nba_data_pinned_static,e829d4678be1e075f99e5d41a1c5f97089be446b
2004-05,1610612749,20400861,2005-03-04,shufinskiy_nba_data_pinned_static,e829d4678be1e075f99e5d41a1c5f97089be446b
2004-05,1610612749,20400870,2005-03-05,shufinskiy_nba_data_pinned_static,e829d4678be1e075f99e5d41a1c5f97089be446b
2004-05,1610612749,20400882,2005-03-07,shufinskiy_nba_data_pinned_static,e829d4678be1e075f99e5d41a1c5f97089be446b
2004-05,1610612749,20400889,2005-03-08,shufinskiy_nba_data_pinned_static,e829d4678be1e075f99e5d41a1c5f97089be446b
2004-05,1610612749,20400909,2005-03-11,shufinskiy_nba_data_pinned_static,e829d4678be1e075f99e5d41a1c5f97089be446b
2004-05,1610612749,20400917,2005-03-12,shufinskiy_nba_data_pinned_static,e829d4678be1e075f99e5d41a1c5f97089be446b
2004-05,1610612749,20400933,2005-03-14,shufinskiy_nba_data_pinned_static,e829d4678be1e075f99e5d41a1c5f97089be446b
2004-05,1610612749,20400948,2005-03-16,shufinskiy_nba_data_pinned_static,e829d4678be1e075f99e5d41a1c5f97089be446b
2004-05,1610612749,20400964,2005-03-18,shufinskiy_nba_data_pinned_static,e829d4678be1e075f99e5d41a1c5f97089be446b
2004-05,1610612749,20400982,2005-03-20,shufinskiy_nba_data_pinned_static,e829d4678be1e075f99e5d41a1c5f97089be446b
2004-05,1610612749,20400997,2005-03-22,shufinskiy_nba_data_pinned_static,e829d4678be1e075f99e5d41a1c5f97089be446b
2004-05,1610612749,20401004,2005-03-23,shufinskiy_nba_data_pinned_static,e829d4678be1e075f99e5d41a1c5f97089be446b
2004-05,1610612749,20401020,2005-03-25,shufinskiy_nba_data_pinned_static,e829d4678be1e075f99e5d41a1c5f97089be446b
2004-05,1610612749,20401031,2005-03-26,shufinskiy_nba_data_pinned_static,e829d4678be1e075f99e5d41a1c5f97089be446b
2004-05,1610612749,20401040,2005-03-28,shufinskiy_nba_data_pinned_static,e829d4678be1e075f99e5d41a1c5f97089be446b
2004-05,1610612749,20401058,2005-03-30,shufinskiy_nba_data_pinned_static,e829d4678be1e075f99e5d41a1c5f97089be446b
2004-05,1610612749,20401073,2005-04-01,shufinskiy_nba_data_pinned_static,e829d4678be1e075f99e5d41a1c5f97089be446b
2004-05,1610612749,20401086,2005-04-03,shufinskiy_nba_data_pinned_static,e829d4678be1e075f99e5d41a1c5f97089be446b
2004-05,1610612749,20401106,2005-04-06,shufinskiy_nba_data_pinned_static,e829d4678be1e075f99e5d41a1c5f97089be446b
2004-05,1610612749,20401126,2005-04-08,shufinskiy_nba_data_pinned_static,e829d4678be1e075f99e5d41a1c5f97089be446b
2004-05,1610612749,20401134,2005-04-09,shufinskiy_nba_data_pinned_static,e829d4678be1e075f99e5d41a1c5f97089be446b
2004-05,1610612749,20401147,2005-04-11,shufinskiy_nba_data_pinned_static,e829d4678be1e075f99e5d41a1c5f97089be446b
2004-05,1610612749,20401164,2005-04-13,shufinskiy_nba_data_pinned_static,e829d4678be1e075f99e5d41a1c5f97089be446b
2004-05,1610612749,20401176,2005-04-15,shufinskiy_nba_data_pinned_static,e829d4678be1e075f99e5d41a1c5f97089be446b
2004-05,1610612749,20401188,2005-04-16,shufinskiy_nba_data_pinned_static,e829d4678be1e075f99e5d41a1c5f97089be446b
2004-05,1610612749,20401201,2005-04-18,shufinskiy_nba_data_pinned_static,e829d4678be1e075f99e5d41a1c5f97089be446b
2004-05,1610612749,20401213,2005-04-19,shufinskiy_nba_data_pinned_static,e829d4678be1e075f99e5d41a1c5f97089be446b
2004-05,1610612760,20400015,2004-11-03,shufinskiy_nba_data_pinned_static,e829d4678be1e075f99e5d41a1c5f97089be446b
2004-05,1610612760,20400029,2004-11-05,shufinskiy_nba_data_pinned_static,e829d4678be1e075f99e5d41a1c5f97089be446b
2004-05,1610612760,20400043,2004-11-07,shufinskiy_nba_data_pinned_static,e829d4678be1e075f99e5d41a1c5f97089be446b
2004-05,1610612760,20400057,2004-11-09,shufinskiy_nba_data_pinned_static,e829d4678be1e075f99e5d41a1c5f97089be446b
2004-05,1610612760,20400068,2004-11-10,shufinskiy_nba_data_pinned_static,e829d4678be1e075f99e5d41a1c5f97089be446b
2004-05,1610612760,20400079,2004-11-12,shufinskiy_nba_data_pinned_static,e829d4678be1e075f99e5d41a1c5f97089be446b
2004-05,1610612760,20400094,2004-11-14,shufinskiy_nba_data_pinned_static,e829d4678be1e075f99e5d41a1c5f97089be446b
2004-05,1610612760,20400098,2004-11-16,shufinskiy_nba_data_pinned_static,e829d4678be1e075f99e5d41a1c5f97089be446b
2004-05,1610612760,20400109,2004-11-17,shufinskiy_nba_data_pinned_static,e829d4678be1e075f99e5d41a1c5f97089be446b
2004-05,1610612760,20400120,2004-11-19,shufinskiy_nba_data_pinned_static,e829d4678be1e075f99e5d41a1c5f97089be446b
2004-05,1610612760,20400138,2004-11-21,shufinskiy_nba_data_pinned_static,e829d4678be1e075f99e5d41a1c5f97089be446b
2004-05,1610612760,20400155,2004-11-23,shufinskiy_nba_data_pinned_static,e829d4678be1e075f99e5d41a1c5f97089be446b
2004-05,1610612760,20400165,2004-11-24,shufinskiy_nba_data_pinned_static,e829d4678be1e075f99e5d41a1c5f97089be446b
2004-05,1610612760,20400183,2004-11-26,shufinskiy_nba_data_pinned_static,e829d4678be1e075f99e5d41a1c5f97089be446b
2004-05,1610612760,20400197,2004-11-28,shufinskiy_nba_data_pinned_static,e829d4678be1e075f99e5d41a1c5f97089be446b
2004-05,1610612760,20400210,2004-11-30,shufinskiy_nba_data_pinned_static,e829d4678be1e075f99e5d41a1c5f97089be446b
2004-05,1610612760,20400219,2004-12-01,shufinskiy_nba_data_pinned_static,e829d4678be1e075f99e5d41a1c5f97089be446b
2004-05,1610612760,20400245,2004-12-04,shufinskiy_nba_data_pinned_static,e829d4678be1e075f99e5d41a1c5f97089be446b
2004-05,1610612760,20400270,2004-12-08,shufinskiy_nba_data_pinned_static,e829d4678be1e075f99e5d41a1c5f97089be446b
2004-05,1610612760,20400274,2004-12-09,shufinskiy_nba_data_pinned_static,e829d4678be1e075f99e5d41a1c5f97089be446b
2004-05,1610612760,20400293,2004-12-11,shufinskiy_nba_data_pinned_static,e829d4678be1e075f99e5d41a1c5f97089be446b
2004-05,1610612760,20400315,2004-12-14,shufinskiy_nba_data_pinned_static,e829d4678be1e075f99e5d41a1c5f97089be446b
2004-05,1610612760,20400339,2004-12-17,shufinskiy_nba_data_pinned_static,e829d4678be1e075f99e5d41a1c5f97089be446b
2004-05,1610612760,20400376,2004-12-22,shufinskiy_nba_data_pinned_static,e829d4678be1e075f99e5d41a1c5f97089be446b
2004-05,1610612760,20400398,2004-12-27,shufinskiy_nba_data_pinned_static,e829d4678be1e075f99e5d41a1c5f97089be446b
2004-05,1610612760,20400406,2004-12-28,shufinskiy_nba_data_pinned_static,e829d4678be1e075f99e5d41a1c5f97089be446b
2004-05,1610612760,20400417,2004-12-30,shufinskiy_nba_data_pinned_static,e829d4678be1e075f99e5d41a1c5f97089be446b
2004-05,1610612760,20400422,2004-12-31,shufinskiy_nba_data_pinned_static,e829d4678be1e075f99e5d41a1c5f97089be446b
2004-05,1610612760,20400443,2005-01-03,shufinskiy_nba_data_pinned_static,e829d4678be1e075f99e5d41a1c5f97089be446b
2004-05,1610612760,20400456,2005-01-05,shufinskiy_nba_data_pinned_static,e829d4678be1e075f99e5d41a1c5f97089be446b
2004-05,1610612760,20400465,2005-01-06,shufinskiy_nba_data_pinned_static,e829d4678be1e075f99e5d41a1c5f97089be446b
2004-05,1610612760,20400490,2005-01-09,shufinskiy_nba_data_pinned_static,e829d4678be1e075f99e5d41a1c5f97089be446b
2004-05,1610612760,20400504,2005-01-11,shufinskiy_nba_data_pinned_static,e829d4678be1e075f99e5d41a1c5f97089be446b
2004-05,1610612760,20400514,2005-01-12,shufinskiy_nba_data_pinned_static,e829d4678be1e075f99e5d41a1c5f97089be446b
2004-05,1610612760,20400529,2005-01-14,shufinskiy_nba_data_pinned_static,e829d4678be1e075f99e5d41a1c5f97089be446b
2004-05,1610612760,20400543,2005-01-16,shufinskiy_nba_data_pinned_static,e829d4678be1e075f99e5d41a1c5f97089be446b
2004-05,1610612760,20400559,2005-01-18,shufinskiy_nba_data_pinned_static,e829d4678be1e075f99e5d41a1c5f97089be446b
2004-05,1610612760,20400583,2005-01-21,shufinskiy_nba_data_pinned_static,e829d4678be1e075f99e5d41a1c5f97089be446b
2004-05,1610612760,20400598,2005-01-23,shufinskiy_nba_data_pinned_static,e829d4678be1e075f99e5d41a1c5f97089be446b
2004-05,1610612760,20400611,2005-01-25,shufinskiy_nba_data_pinned_static,e829d4678be1e075f99e5d41a1c5f97089be446b
2004-05,1610612760,20400620,2005-01-26,shufinskiy_nba_data_pinned_static,e829d4678be1e075f99e5d41a1c5f97089be446b
2004-05,1610612760,20400638,2005-01-28,shufinskiy_nba_data_pinned_static,e829d4678be1e075f99e5d41a1c5f97089be446b
2004-05,1610612760,20400657,2005-01-31,shufinskiy_nba_data_pinned_static,e829d4678be1e075f99e5d41a1c5f97089be446b
2004-05,1610612760,20400667,2005-02-01,shufinskiy_nba_data_pinned_static,e829d4678be1e075f99e5d41a1c5f97089be446b
2004-05,1610612760,20400698,2005-02-05,shufinskiy_nba_data_pinned_static,e829d4678be1e075f99e5d41a1c5f97089be446b
2004-05,1610612760,20400716,2005-02-08,shufinskiy_nba_data_pinned_static,e829d4678be1e075f99e5d41a1c5f97089be446b
2004-05,1610612760,20400729,2005-02-10,shufinskiy_nba_data_pinned_static,e829d4678be1e075f99e5d41a1c5f97089be446b
2004-05,1610612760,20400740,2005-02-11,shufinskiy_nba_data_pinned_static,e829d4678be1e075f99e5d41a1c5f97089be446b
2004-05,1610612760,20400754,2005-02-13,shufinskiy_nba_data_pinned_static,e829d4678be1e075f99e5d41a1c5f97089be446b
2004-05,1610612760,20400779,2005-02-16,shufinskiy_nba_data_pinned_static,e829d4678be1e075f99e5d41a1c5f97089be446b
2004-05,1610612760,20400787,2005-02-22,shufinskiy_nba_data_pinned_static,e829d4678be1e075f99e5d41a1c5f97089be446b
2004-05,1610612760,20400794,2005-02-23,shufinskiy_nba_data_pinned_static,e829d4678be1e075f99e5d41a1c5f97089be446b
2004-05,1610612760,20400812,2005-02-25,shufinskiy_nba_data_pinned_static,e829d4678be1e075f99e5d41a1c5f97089be446b
2004-05,1610612760,20400821,2005-02-27,shufinskiy_nba_data_pinned_static,e829d4678be1e075f99e5d41a1c5f97089be446b
2004-05,1610612760,20400836,2005-03-01,shufinskiy_nba_data_pinned_static,e829d4678be1e075f99e5d41a1c5f97089be446b
2004-05,1610612760,20400844,2005-03-02,shufinskiy_nba_data_pinned_static,e829d4678be1e075f99e5d41a1c5f97089be446b
2004-05,1610612760,20400865,2005-03-04,shufinskiy_nba_data_pinned_static,e829d4678be1e075f99e5d41a1c5f97089be446b
2004-05,1610612760,20400879,2005-03-06,shufinskiy_nba_data_pinned_static,e829d4678be1e075f99e5d41a1c5f97089be446b
2004-05,1610612760,20400894,2005-03-08,shufinskiy_nba_data_pinned_static,e829d4678be1e075f99e5d41a1c5f97089be446b
2004-05,1610612760,20400913,2005-03-11,shufinskiy_nba_data_pinned_static,e829d4678be1e075f99e5d41a1c5f97089be446b
2004-05,1610612760,20400925,2005-03-13,shufinskiy_nba_data_pinned_static,e829d4678be1e075f99e5d41a1c5f97089be446b
2004-05,1610612760,20400940,2005-03-15,shufinskiy_nba_data_pinned_static,e829d4678be1e075f99e5d41a1c5f97089be446b
2004-05,1610612760,20400947,2005-03-16,shufinskiy_nba_data_pinned_static,e829d4678be1e075f99e5d41a1c5f97089be446b
2004-05,1610612760,20400969,2005-03-18,shufinskiy_nba_data_pinned_static,e829d4678be1e075f99e5d41a1c5f97089be446b
2004-05,1610612760,20400984,2005-03-20,shufinskiy_nba_data_pinned_static,e829d4678be1e075f99e5d41a1c5f97089be446b
2004-05,1610612760,20400997,2005-03-22,shufinskiy_nba_data_pinned_static,e829d4678be1e075f99e5d41a1c5f97089be446b
2004-05,1610612760,20401012,2005-03-24,shufinskiy_nba_data_pinned_static,e829d4678be1e075f99e5d41a1c5f97089be446b
2004-05,1610612760,20401021,2005-03-25,shufinskiy_nba_data_pinned_static,e829d4678be1e075f99e5d41a1c5f97089be446b
2004-05,1610612760,20401036,2005-03-27,shufinskiy_nba_data_pinned_static,e829d4678be1e075f99e5d41a1c5f97089be446b
2004-05,1610612760,20401050,2005-03-29,shufinskiy_nba_data_pinned_static,e829d4678be1e075f99e5d41a1c5f97089be446b
2004-05,1610612760,20401059,2005-03-30,shufinskiy_nba_data_pinned_static,e829d4678be1e075f99e5d41a1c5f97089be446b
2004-05,1610612760,20401078,2005-04-01,shufinskiy_nba_data_pinned_static,e829d4678be1e075f99e5d41a1c5f97089be446b
2004-05,1610612760,20401091,2005-04-03,shufinskiy_nba_data_pinned_static,e829d4678be1e075f99e5d41a1c5f97089be446b
2004-05,1610612760,20401104,2005-04-05,shufinskiy_nba_data_pinned_static,e829d4678be1e075f99e5d41a1c5f97089be446b
2004-05,1610612760,20401130,2005-04-08,shufinskiy_nba_data_pinned_static,e829d4678be1e075f99e5d41a1c5f97089be446b
2004-05,1610612760,20401137,2005-04-09,shufinskiy_nba_data_pinned_static,e829d4678be1e075f99e5d41a1c5f97089be446b
2004-05,1610612760,20401153,2005-04-11,shufinskiy_nba_data_pinned_static,e829d4678be1e075f99e5d41a1c5f97089be446b
2004-05,1610612760,20401168,2005-04-13,shufinskiy_nba_data_pinned_static,e829d4678be1e075f99e5d41a1c5f97089be446b
2004-05,1610612760,20401184,2005-04-15,shufinskiy_nba_data_pinned_static,e829d4678be1e075f99e5d41a1c5f97089be446b
2004-05,1610612760,20401195,2005-04-17,shufinskiy_nba_data_pinned_static,e829d4678be1e075f99e5d41a1c5f97089be446b
2004-05,1610612760,20401215,2005-04-19,shufinskiy_nba_data_pinned_static,e829d4678be1e075f99e5d41a1c5f97089be446b
2004-05,1610612760,20401227,2005-04-20,shufinskiy_nba_data_pinned_static,e829d4678be1e075f99e5d41a1c5f97089be446b
2015-16,1610612761,21500009,2015-10-28,shufinskiy_nba_data_pinned_static,e829d4678be1e075f99e5d41a1c5f97089be446b
2015-16,1610612761,21500024,2015-10-30,shufinskiy_nba_data_pinned_static,e829d4678be1e075f99e5d41a1c5f97089be446b
2015-16,1610612761,21500042,2015-11-01,shufinskiy_nba_data_pinned_static,e829d4678be1e075f99e5d41a1c5f97089be446b
2015-16,1610612761,21500057,2015-11-03,shufinskiy_nba_data_pinned_static,e829d4678be1e075f99e5d41a1c5f97089be446b
2015-16,1610612761,21500066,2015-11-04,shufinskiy_nba_data_pinned_static,e829d4678be1e075f99e5d41a1c5f97089be446b
2015-16,1610612761,21500075,2015-11-06,shufinskiy_nba_data_pinned_static,e829d4678be1e075f99e5d41a1c5f97089be446b
2015-16,1610612761,21500096,2015-11-08,shufinskiy_nba_data_pinned_static,e829d4678be1e075f99e5d41a1c5f97089be446b
2015-16,1610612761,21500109,2015-11-10,shufinskiy_nba_data_pinned_static,e829d4678be1e075f99e5d41a1c5f97089be446b
2015-16,1610612761,21500115,2015-11-11,shufinskiy_nba_data_pinned_static,e829d4678be1e075f99e5d41a1c5f97089be446b
2015-16,1610612761,21500131,2015-11-13,shufinskiy_nba_data_pinned_static,e829d4678be1e075f99e5d41a1c5f97089be446b
2015-16,1610612761,21500150,2015-11-15,shufinskiy_nba_data_pinned_static,e829d4678be1e075f99e5d41a1c5f97089be446b
2015-16,1610612761,21500164,2015-11-17,shufinskiy_nba_data_pinned_static,e829d4678be1e075f99e5d41a1c5f97089be446b
2015-16,1610612761,21500173,2015-11-18,shufinskiy_nba_data_pinned_static,e829d4678be1e075f99e5d41a1c5f97089be446b
2015-16,1610612761,21500188,2015-11-20,shufinskiy_nba_data_pinned_static,e829d4678be1e075f99e5d41a1c5f97089be446b
2015-16,1610612761,21500196,2015-11-22,shufinskiy_nba_data_pinned_static,e829d4678be1e075f99e5d41a1c5f97089be446b
2015-16,1610612761,21500219,2015-11-25,shufinskiy_nba_data_pinned_static,e829d4678be1e075f99e5d41a1c5f97089be446b
2015-16,1610612761,21500239,2015-11-28,shufinskiy_nba_data_pinned_static,e829d4678be1e075f99e5d41a1c5f97089be446b
2015-16,1610612761,21500250,2015-11-29,shufinskiy_nba_data_pinned_static,e829d4678be1e075f99e5d41a1c5f97089be446b
2015-16,1610612761,21500272,2015-12-02,shufinskiy_nba_data_pinned_static,e829d4678be1e075f99e5d41a1c5f97089be446b
2015-16,1610612761,21500278,2015-12-03,shufinskiy_nba_data_pinned_static,e829d4678be1e075f99e5d41a1c5f97089be446b
2015-16,1610612761,21500290,2015-12-05,shufinskiy_nba_data_pinned_static,e829d4678be1e075f99e5d41a1c5f97089be446b
2015-16,1610612761,21500308,2015-12-07,shufinskiy_nba_data_pinned_static,e829d4678be1e075f99e5d41a1c5f97089be446b
2015-16,1610612761,21500323,2015-12-09,shufinskiy_nba_data_pinned_static,e829d4678be1e075f99e5d41a1c5f97089be446b
2015-16,1610612761,21500337,2015-12-11,shufinskiy_nba_data_pinned_static,e829d4678be1e075f99e5d41a1c5f97089be446b
2015-16,1610612761,21500355,2015-12-13,shufinskiy_nba_data_pinned_static,e829d4678be1e075f99e5d41a1c5f97089be446b
2015-16,1610612761,21500357,2015-12-14,shufinskiy_nba_data_pinned_static,e829d4678be1e075f99e5d41a1c5f97089be446b
2015-16,1610612761,21500383,2015-12-17,shufinskiy_nba_data_pinned_static,e829d4678be1e075f99e5d41a1c5f97089be446b
2015-16,1610612761,21500390,2015-12-18,shufinskiy_nba_data_pinned_static,e829d4678be1e075f99e5d41a1c5f97089be446b
2015-16,1610612761,21500408,2015-12-20,shufinskiy_nba_data_pinned_static,e829d4678be1e075f99e5d41a1c5f97089be446b
2015-16,1610612761,21500421,2015-12-22,shufinskiy_nba_data_pinned_static,e829d4678be1e075f99e5d41a1c5f97089be446b
2015-16,1610612761,21500441,2015-12-26,shufinskiy_nba_data_pinned_static,e829d4678be1e075f99e5d41a1c5f97089be446b
2015-16,1610612761,21500463,2015-12-28,shufinskiy_nba_data_pinned_static,e829d4678be1e075f99e5d41a1c5f97089be446b
2015-16,1610612761,21500477,2015-12-30,shufinskiy_nba_data_pinned_static,e829d4678be1e075f99e5d41a1c5f97089be446b
2015-16,1610612761,21500492,2016-01-01,shufinskiy_nba_data_pinned_static,e829d4678be1e075f99e5d41a1c5f97089be446b
2015-16,1610612761,21500507,2016-01-03,shufinskiy_nba_data_pinned_static,e829d4678be1e075f99e5d41a1c5f97089be446b
2015-16,1610612761,21500511,2016-01-04,shufinskiy_nba_data_pinned_static,e829d4678be1e075f99e5d41a1c5f97089be446b
2015-16,1610612761,21500529,2016-01-06,shufinskiy_nba_data_pinned_static,e829d4678be1e075f99e5d41a1c5f97089be446b
2015-16,1610612761,21500540,2016-01-08,shufinskiy_nba_data_pinned_static,e829d4678be1e075f99e5d41a1c5f97089be446b
2015-16,1610612761,21500554,2016-01-09,shufinskiy_nba_data_pinned_static,e829d4678be1e075f99e5d41a1c5f97089be446b
2015-16,1610612761,21500588,2016-01-14,shufinskiy_nba_data_pinned_static,e829d4678be1e075f99e5d41a1c5f97089be446b
2015-16,1610612761,21500621,2016-01-18,shufinskiy_nba_data_pinned_static,e829d4678be1e075f99e5d41a1c5f97089be446b
2015-16,1610612761,21500633,2016-01-20,shufinskiy_nba_data_pinned_static,e829d4678be1e075f99e5d41a1c5f97089be446b
2015-16,1610612761,21500649,2016-01-22,shufinskiy_nba_data_pinned_static,e829d4678be1e075f99e5d41a1c5f97089be446b
2015-16,1610612761,21500666,2016-01-24,shufinskiy_nba_data_pinned_static,e829d4678be1e075f99e5d41a1c5f97089be446b
2015-16,1610612761,21500680,2016-01-26,shufinskiy_nba_data_pinned_static,e829d4678be1e075f99e5d41a1c5f97089be446b
2015-16,1610612761,21500694,2016-01-28,shufinskiy_nba_data_pinned_static,e829d4678be1e075f99e5d41a1c5f97089be446b
2015-16,1610612761,21500708,2016-01-30,shufinskiy_nba_data_pinned_static,e829d4678be1e075f99e5d41a1c5f97089be446b
2015-16,1610612761,21500727,2016-02-01,shufinskiy_nba_data_pinned_static,e829d4678be1e075f99e5d41a1c5f97089be446b
2015-16,1610612761,21500732,2016-02-02,shufinskiy_nba_data_pinned_static,e829d4678be1e075f99e5d41a1c5f97089be446b
2015-16,1610612761,21500748,2016-02-04,shufinskiy_nba_data_pinned_static,e829d4678be1e075f99e5d41a1c5f97089be446b
2015-16,1610612761,21500779,2016-02-08,shufinskiy_nba_data_pinned_static,e829d4678be1e075f99e5d41a1c5f97089be446b
2015-16,1610612761,21500797,2016-02-10,shufinskiy_nba_data_pinned_static,e829d4678be1e075f99e5d41a1c5f97089be446b
2015-16,1610612761,21500809,2016-02-19,shufinskiy_nba_data_pinned_static,e829d4678be1e075f99e5d41a1c5f97089be446b
2015-16,1610612761,21500829,2016-02-21,shufinskiy_nba_data_pinned_static,e829d4678be1e075f99e5d41a1c5f97089be446b
2015-16,1610612761,21500835,2016-02-22,shufinskiy_nba_data_pinned_static,e829d4678be1e075f99e5d41a1c5f97089be446b
2015-16,1610612761,21500849,2016-02-24,shufinskiy_nba_data_pinned_static,e829d4678be1e075f99e5d41a1c5f97089be446b
2015-16,1610612761,21500864,2016-02-26,shufinskiy_nba_data_pinned_static,e829d4678be1e075f99e5d41a1c5f97089be446b
2015-16,1610612761,21500879,2016-02-28,shufinskiy_nba_data_pinned_static,e829d4678be1e075f99e5d41a1c5f97089be446b
2015-16,1610612761,21500900,2016-03-02,shufinskiy_nba_data_pinned_static,e829d4678be1e075f99e5d41a1c5f97089be446b
2015-16,1610612761,21500916,2016-03-04,shufinskiy_nba_data_pinned_static,e829d4678be1e075f99e5d41a1c5f97089be446b
2015-16,1610612761,21500936,2016-03-06,shufinskiy_nba_data_pinned_static,e829d4678be1e075f99e5d41a1c5f97089be446b
2015-16,1610612761,21500944,2016-03-08,shufinskiy_nba_data_pinned_static,e829d4678be1e075f99e5d41a1c5f97089be446b
2015-16,1610612761,21500959,2016-03-10,shufinskiy_nba_data_pinned_static,e829d4678be1e075f99e5d41a1c5f97089be446b
2015-16,1610612761,21500977,2016-03-12,shufinskiy_nba_data_pinned_static,e829d4678be1e075f99e5d41a1c5f97089be446b
2015-16,1610612761,21500991,2016-03-14,shufinskiy_nba_data_pinned_static,e829d4678be1e075f99e5d41a1c5f97089be446b
2015-16,1610612761,21501000,2016-03-15,shufinskiy_nba_data_pinned_static,e829d4678be1e075f99e5d41a1c5f97089be446b
2015-16,1610612761,21501012,2016-03-17,shufinskiy_nba_data_pinned_static,e829d4678be1e075f99e5d41a1c5f97089be446b
2015-16,1610612761,21501023,2016-03-18,shufinskiy_nba_data_pinned_static,e829d4678be1e075f99e5d41a1c5f97089be446b
2015-16,1610612761,21501038,2016-03-20,shufinskiy_nba_data_pinned_static,e829d4678be1e075f99e5d41a1c5f97089be446b
2015-16,1610612761,21501057,2016-03-23,shufinskiy_nba_data_pinned_static,e829d4678be1e075f99e5d41a1c5f97089be446b
2015-16,1610612761,21501077,2016-03-25,shufinskiy_nba_data_pinned_static,e829d4678be1e075f99e5d41a1c5f97089be446b
2015-16,1610612761,21501084,2016-03-26,shufinskiy_nba_data_pinned_static,e829d4678be1e075f99e5d41a1c5f97089be446b
2015-16,1610612761,21501098,2016-03-28,shufinskiy_nba_data_pinned_static,e829d4678be1e075f99e5d41a1c5f97089be446b
2015-16,1610612761,21501113,2016-03-30,shufinskiy_nba_data_pinned_static,e829d4678be1e075f99e5d41a1c5f97089be446b
2015-16,1610612761,21501132,2016-04-01,shufinskiy_nba_data_pinned_static,e829d4678be1e075f99e5d41a1c5f97089be446b
2015-16,1610612761,21501140,2016-04-02,shufinskiy_nba_data_pinned_static,e829d4678be1e075f99e5d41a1c5f97089be446b
2015-16,1610612761,21501156,2016-04-05,shufinskiy_nba_data_pinned_static,e829d4678be1e075f99e5d41a1c5f97089be446b
2015-16,1610612761,21501173,2016-04-07,shufinskiy_nba_data_pinned_static,e829d4678be1e075f99e5d41a1c5f97089be446b
2015-16,1610612761,21501183,2016-04-08,shufinskiy_nba_data_pinned_static,e829d4678be1e075f99e5d41a1c5f97089be446b
2015-16,1610612761,21501202,2016-04-10,shufinskiy_nba_data_pinned_static,e829d4678be1e075f99e5d41a1c5f97089be446b
2015-16,1610612761,21501214,2016-04-12,shufinskiy_nba_data_pinned_static,e829d4678be1e075f99e5d41a1c5f97089be446b
2015-16,1610612761,21501218,2016-04-13,shufinskiy_nba_data_pinned_static,e829d4678be1e075f99e5d41a1c5f97089be446b
2017-18,1610612744,21700002,2017-10-17,shufinskiy_nba_data_pinned_static,e829d4678be1e075f99e5d41a1c5f97089be446b
2017-18,1610612744,21700025,2017-10-20,shufinskiy_nba_data_pinned_static,e829d4678be1e075f99e5d41a1c5f97089be446b
2017-18,1610612744,21700033,2017-10-21,shufinskiy_nba_data_pinned_static,e829d4678be1e075f99e5d41a1c5f97089be446b
2017-18,1610612744,21700045,2017-10-23,shufinskiy_nba_data_pinned_static,e829d4678be1e075f99e5d41a1c5f97089be446b
2017-18,1610612744,21700063,2017-10-25,shufinskiy_nba_data_pinned_static,e829d4678be1e075f99e5d41a1c5f97089be446b
2017-18,1610612744,21700075,2017-10-27,shufinskiy_nba_data_pinned_static,e829d4678be1e075f99e5d41a1c5f97089be446b
2017-18,1610612744,21700091,2017-10-29,shufinskiy_nba_data_pinned_static,e829d4678be1e075f99e5d41a1c5f97089be446b
2017-18,1610612744,21700100,2017-10-30,shufinskiy_nba_data_pinned_static,e829d4678be1e075f99e5d41a1c5f97089be446b
2017-18,1610612744,21700117,2017-11-02,shufinskiy_nba_data_pinned_static,e829d4678be1e075f99e5d41a1c5f97089be446b
2017-18,1610612744,21700135,2017-11-04,shufinskiy_nba_data_pinned_static,e829d4678be1e075f99e5d41a1c5f97089be446b
2017-18,1610612744,21700148,2017-11-06,shufinskiy_nba_data_pinned_static,e829d4678be1e075f99e5d41a1c5f97089be446b
2017-18,1610612744,21700163,2017-11-08,shufinskiy_nba_data_pinned_static,e829d4678be1e075f99e5d41a1c5f97089be446b
2017-18,1610612744,21700184,2017-11-11,shufinskiy_nba_data_pinned_static,e829d4678be1e075f99e5d41a1c5f97089be446b
2017-18,1610612744,21700199,2017-11-13,shufinskiy_nba_data_pinned_static,e829d4678be1e075f99e5d41a1c5f97089be446b
2017-18,1610612744,21700215,2017-11-16,shufinskiy_nba_data_pinned_static,e829d4678be1e075f99e5d41a1c5f97089be446b
2017-18,1610612744,21700231,2017-11-18,shufinskiy_nba_data_pinned_static,e829d4678be1e075f99e5d41a1c5f97089be446b
2017-18,1610612744,21700236,2017-11-19,shufinskiy_nba_data_pinned_static,e829d4678be1e075f99e5d41a1c5f97089be446b
2017-18,1610612744,21700263,2017-11-22,shufinskiy_nba_data_pinned_static,e829d4678be1e075f99e5d41a1c5f97089be446b
2017-18,1610612744,21700276,2017-11-24,shufinskiy_nba_data_pinned_static,e829d4678be1e075f99e5d41a1c5f97089be446b
2017-18,1610612744,21700284,2017-11-25,shufinskiy_nba_data_pinned_static,e829d4678be1e075f99e5d41a1c5f97089be446b
2017-18,1610612744,21700296,2017-11-27,shufinskiy_nba_data_pinned_static,e829d4678be1e075f99e5d41a1c5f97089be446b
2017-18,1610612744,21700312,2017-11-29,shufinskiy_nba_data_pinned_static,e829d4678be1e075f99e5d41a1c5f97089be446b
2017-18,1610612744,21700318,2017-12-01,shufinskiy_nba_data_pinned_static,e829d4678be1e075f99e5d41a1c5f97089be446b
2017-18,1610612744,21700335,2017-12-03,shufinskiy_nba_data_pinned_static,e829d4678be1e075f99e5d41a1c5f97089be446b
2017-18,1610612744,21700346,2017-12-04,shufinskiy_nba_data_pinned_static,e829d4678be1e075f99e5d41a1c5f97089be446b
2017-18,1610612744,21700358,2017-12-06,shufinskiy_nba_data_pinned_static,e829d4678be1e075f99e5d41a1c5f97089be446b
2017-18,1610612744,21700368,2017-12-08,shufinskiy_nba_data_pinned_static,e829d4678be1e075f99e5d41a1c5f97089be446b
2017-18,1610612744,21700395,2017-12-11,shufinskiy_nba_data_pinned_static,e829d4678be1e075f99e5d41a1c5f97089be446b
2017-18,1610612744,21700417,2017-12-14,shufinskiy_nba_data_pinned_static,e829d4678be1e075f99e5d41a1c5f97089be446b
2017-18,1610612744,21700450,2017-12-18,shufinskiy_nba_data_pinned_static,e829d4678be1e075f99e5d41a1c5f97089be446b
2017-18,1610612744,21700464,2017-12-20,shufinskiy_nba_data_pinned_static,e829d4678be1e075f99e5d41a1c5f97089be446b
2017-18,1610612744,21700479,2017-12-22,shufinskiy_nba_data_pinned_static,e829d4678be1e075f99e5d41a1c5f97089be446b
2017-18,1610612744,21700489,2017-12-23,shufinskiy_nba_data_pinned_static,e829d4678be1e075f99e5d41a1c5f97089be446b
2017-18,1610612744,21700494,2017-12-25,shufinskiy_nba_data_pinned_static,e829d4678be1e075f99e5d41a1c5f97089be446b
2017-18,1610612744,21700514,2017-12-27,shufinskiy_nba_data_pinned_static,e829d4678be1e075f99e5d41a1c5f97089be446b
2017-18,1610612744,21700528,2017-12-29,shufinskiy_nba_data_pinned_static,e829d4678be1e075f99e5d41a1c5f97089be446b
2017-18,1610612744,21700535,2017-12-30,shufinskiy_nba_data_pinned_static,e829d4678be1e075f99e5d41a1c5f97089be446b
2017-18,1610612744,21700562,2018-01-03,shufinskiy_nba_data_pinned_static,e829d4678be1e075f99e5d41a1c5f97089be446b
2017-18,1610612744,21700566,2018-01-04,shufinskiy_nba_data_pinned_static,e829d4678be1e075f99e5d41a1c5f97089be446b
2017-18,1610612744,21700578,2018-01-06,shufinskiy_nba_data_pinned_static,e829d4678be1e075f99e5d41a1c5f97089be446b
2017-18,1610612744,21700597,2018-01-08,shufinskiy_nba_data_pinned_static,e829d4678be1e075f99e5d41a1c5f97089be446b
2017-18,1610612744,21700613,2018-01-10,shufinskiy_nba_data_pinned_static,e829d4678be1e075f99e5d41a1c5f97089be446b
2017-18,1610612744,21700622,2018-01-12,shufinskiy_nba_data_pinned_static,e829d4678be1e075f99e5d41a1c5f97089be446b
2017-18,1610612744,21700631,2018-01-13,shufinskiy_nba_data_pinned_static,e829d4678be1e075f99e5d41a1c5f97089be446b
2017-18,1610612744,21700646,2018-01-15,shufinskiy_nba_data_pinned_static,e829d4678be1e075f99e5d41a1c5f97089be446b
2017-18,1610612744,21700657,2018-01-17,shufinskiy_nba_data_pinned_static,e829d4678be1e075f99e5d41a1c5f97089be446b
2017-18,1610612744,21700679,2018-01-20,shufinskiy_nba_data_pinned_static,e829d4678be1e075f99e5d41a1c5f97089be446b
2017-18,1610612744,21700699,2018-01-23,shufinskiy_nba_data_pinned_static,e829d4678be1e075f99e5d41a1c5f97089be446b
2017-18,1610612744,21700713,2018-01-25,shufinskiy_nba_data_pinned_static,e829d4678be1e075f99e5d41a1c5f97089be446b
2017-18,1610612744,21700728,2018-01-27,shufinskiy_nba_data_pinned_static,e829d4678be1e075f99e5d41a1c5f97089be446b
2017-18,1610612744,21700751,2018-01-30,shufinskiy_nba_data_pinned_static,e829d4678be1e075f99e5d41a1c5f97089be446b
2017-18,1610612744,21700774,2018-02-02,shufinskiy_nba_data_pinned_static,e829d4678be1e075f99e5d41a1c5f97089be446b
2017-18,1610612744,21700782,2018-02-03,shufinskiy_nba_data_pinned_static,e829d4678be1e075f99e5d41a1c5f97089be446b
2017-18,1610612744,21700803,2018-02-06,shufinskiy_nba_data_pinned_static,e829d4678be1e075f99e5d41a1c5f97089be446b
2017-18,1610612744,21700815,2018-02-08,shufinskiy_nba_data_pinned_static,e829d4678be1e075f99e5d41a1c5f97089be446b
2017-18,1610612744,21700831,2018-02-10,shufinskiy_nba_data_pinned_static,e829d4678be1e075f99e5d41a1c5f97089be446b
2017-18,1610612744,21700846,2018-02-12,shufinskiy_nba_data_pinned_static,e829d4678be1e075f99e5d41a1c5f97089be446b
2017-18,1610612744,21700864,2018-02-14,shufinskiy_nba_data_pinned_static,e829d4678be1e075f99e5d41a1c5f97089be446b
2017-18,1610612744,21700872,2018-02-22,shufinskiy_nba_data_pinned_static,e829d4678be1e075f99e5d41a1c5f97089be446b
2017-18,1610612744,21700887,2018-02-24,shufinskiy_nba_data_pinned_static,e829d4678be1e075f99e5d41a1c5f97089be446b
2017-18,1610612744,21700900,2018-02-26,shufinskiy_nba_data_pinned_static,e829d4678be1e075f99e5d41a1c5f97089be446b
2017-18,1610612744,21700917,2018-02-28,shufinskiy_nba_data_pinned_static,e829d4678be1e075f99e5d41a1c5f97089be446b
2017-18,1610612744,21700928,2018-03-02,shufinskiy_nba_data_pinned_static,e829d4678be1e075f99e5d41a1c5f97089be446b
2017-18,1610612744,21700963,2018-03-06,shufinskiy_nba_data_pinned_static,e829d4678be1e075f99e5d41a1c5f97089be446b
2017-18,1610612744,21700976,2018-03-08,shufinskiy_nba_data_pinned_static,e829d4678be1e075f99e5d41a1c5f97089be446b
2017-18,1610612744,21700984,2018-03-09,shufinskiy_nba_data_pinned_static,e829d4678be1e075f99e5d41a1c5f97089be446b
2017-18,1610612744,21700994,2018-03-11,shufinskiy_nba_data_pinned_static,e829d4678be1e075f99e5d41a1c5f97089be446b
2017-18,1610612744,21701019,2018-03-14,shufinskiy_nba_data_pinned_static,e829d4678be1e075f99e5d41a1c5f97089be446b
2017-18,1610612744,21701033,2018-03-16,shufinskiy_nba_data_pinned_static,e829d4678be1e075f99e5d41a1c5f97089be446b
2017-18,1610612744,21701044,2018-03-17,shufinskiy_nba_data_pinned_static,e829d4678be1e075f99e5d41a1c5f97089be446b
2017-18,1610612744,21701056,2018-03-19,shufinskiy_nba_data_pinned_static,e829d4678be1e075f99e5d41a1c5f97089be446b
2017-18,1610612744,21701087,2018-03-23,shufinskiy_nba_data_pinned_static,e829d4678be1e075f99e5d41a1c5f97089be446b
2017-18,1610612744,21701102,2018-03-25,shufinskiy_nba_data_pinned_static,e829d4678be1e075f99e5d41a1c5f97089be446b
2017-18,1610612744,21701114,2018-03-27,shufinskiy_nba_data_pinned_static,e829d4678be1e075f99e5d41a1c5f97089be446b
2017-18,1610612744,21701128,2018-03-29,shufinskiy_nba_data_pinned_static,e829d4678be1e075f99e5d41a1c5f97089be446b
2017-18,1610612744,21701142,2018-03-31,shufinskiy_nba_data_pinned_static,e829d4678be1e075f99e5d41a1c5f97089be446b
2017-18,1610612744,21701153,2018-04-01,shufinskiy_nba_data_pinned_static,e829d4678be1e075f99e5d41a1c5f97089be446b
2017-18,1610612744,21701163,2018-04-03,shufinskiy_nba_data_pinned_static,e829d4678be1e075f99e5d41a1c5f97089be446b
2017-18,1610612744,21701175,2018-04-05,shufinskiy_nba_data_pinned_static,e829d4678be1e075f99e5d41a1c5f97089be446b
2017-18,1610612744,21701195,2018-04-07,shufinskiy_nba_data_pinned_static,e829d4678be1e075f99e5d41a1c5f97089be446b
2017-18,1610612744,21701203,2018-04-08,shufinskiy_nba_data_pinned_static,e829d4678be1e075f99e5d41a1c5f97089be446b
2017-18,1610612744,21701217,2018-04-10,shufinskiy_nba_data_pinned_static,e829d4678be1e075f99e5d41a1c5f97089be446b
2017-18,1610612755,21700006,2017-10-18,shufinskiy_nba_data_pinned_static,e829d4678be1e075f99e5d41a1c5f97089be446b
2017-18,1610612755,21700019,2017-10-20,shufinskiy_nba_data_pinned_static,e829d4678be1e075f99e5d41a1c5f97089be446b
2017-18,1610612755,21700027,2017-10-21,shufinskiy_nba_data_pinned_static,e829d4678be1e075f99e5d41a1c5f97089be446b
2017-18,1610612755,21700041,2017-10-23,shufinskiy_nba_data_pinned_static,e829d4678be1e075f99e5d41a1c5f97089be446b
2017-18,1610612755,21700057,2017-10-25,shufinskiy_nba_data_pinned_static,e829d4678be1e075f99e5d41a1c5f97089be446b
2017-18,1610612755,21700081,2017-10-28,shufinskiy_nba_data_pinned_static,e829d4678be1e075f99e5d41a1c5f97089be446b
2017-18,1610612755,21700095,2017-10-30,shufinskiy_nba_data_pinned_static,e829d4678be1e075f99e5d41a1c5f97089be446b
2017-18,1610612755,21700107,2017-11-01,shufinskiy_nba_data_pinned_static,e829d4678be1e075f99e5d41a1c5f97089be446b
2017-18,1610612755,21700121,2017-11-03,shufinskiy_nba_data_pinned_static,e829d4678be1e075f99e5d41a1c5f97089be446b
2017-18,1610612755,21700156,2017-11-07,shufinskiy_nba_data_pinned_static,e829d4678be1e075f99e5d41a1c5f97089be446b
2017-18,1610612755,21700167,2017-11-09,shufinskiy_nba_data_pinned_static,e829d4678be1e075f99e5d41a1c5f97089be446b
2017-18,1610612755,21700184,2017-11-11,shufinskiy_nba_data_pinned_static,e829d4678be1e075f99e5d41a1c5f97089be446b
2017-18,1610612755,21700200,2017-11-13,shufinskiy_nba_data_pinned_static,e829d4678be1e075f99e5d41a1c5f97089be446b
2017-18,1610612755,21700214,2017-11-15,shufinskiy_nba_data_pinned_static,e829d4678be1e075f99e5d41a1c5f97089be446b
2017-18,1610612755,21700231,2017-11-18,shufinskiy_nba_data_pinned_static,e829d4678be1e075f99e5d41a1c5f97089be446b
2017-18,1610612755,21700244,2017-11-20,shufinskiy_nba_data_pinned_static,e829d4678be1e075f99e5d41a1c5f97089be446b
2017-18,1610612755,21700255,2017-11-22,shufinskiy_nba_data_pinned_static,e829d4678be1e075f99e5d41a1c5f97089be446b
2017-18,1610612755,21700278,2017-11-25,shufinskiy_nba_data_pinned_static,e829d4678be1e075f99e5d41a1c5f97089be446b
2017-18,1610612755,21700291,2017-11-27,shufinskiy_nba_data_pinned_static,e829d4678be1e075f99e5d41a1c5f97089be446b
2017-18,1610612755,21700305,2017-11-29,shufinskiy_nba_data_pinned_static,e829d4678be1e075f99e5d41a1c5f97089be446b
2017-18,1610612755,21700314,2017-11-30,shufinskiy_nba_data_pinned_static,e829d4678be1e075f99e5d41a1c5f97089be446b
2017-18,1610612755,21700330,2017-12-02,shufinskiy_nba_data_pinned_static,e829d4678be1e075f99e5d41a1c5f97089be446b
2017-18,1610612755,21700341,2017-12-04,shufinskiy_nba_data_pinned_static,e829d4678be1e075f99e5d41a1c5f97089be446b
2017-18,1610612755,21700363,2017-12-07,shufinskiy_nba_data_pinned_static,e829d4678be1e075f99e5d41a1c5f97089be446b
2017-18,1610612755,21700379,2017-12-09,shufinskiy_nba_data_pinned_static,e829d4678be1e075f99e5d41a1c5f97089be446b
2017-18,1610612755,21700389,2017-12-10,shufinskiy_nba_data_pinned_static,e829d4678be1e075f99e5d41a1c5f97089be446b
2017-18,1610612755,21700401,2017-12-12,shufinskiy_nba_data_pinned_static,e829d4678be1e075f99e5d41a1c5f97089be446b
2017-18,1610612755,21700421,2017-12-15,shufinskiy_nba_data_pinned_static,e829d4678be1e075f99e5d41a1c5f97089be446b
2017-18,1610612755,21700444,2017-12-18,shufinskiy_nba_data_pinned_static,e829d4678be1e075f99e5d41a1c5f97089be446b
2017-18,1610612755,21700451,2017-12-19,shufinskiy_nba_data_pinned_static,e829d4678be1e075f99e5d41a1c5f97089be446b
2017-18,1610612755,21700467,2017-12-21,shufinskiy_nba_data_pinned_static,e829d4678be1e075f99e5d41a1c5f97089be446b
2017-18,1610612755,21700480,2017-12-23,shufinskiy_nba_data_pinned_static,e829d4678be1e075f99e5d41a1c5f97089be446b
2017-18,1610612755,21700493,2017-12-25,shufinskiy_nba_data_pinned_static,e829d4678be1e075f99e5d41a1c5f97089be446b
2017-18,1610612755,21700520,2017-12-28,shufinskiy_nba_data_pinned_static,e829d4678be1e075f99e5d41a1c5f97089be446b
2017-18,1610612755,21700536,2017-12-30,shufinskiy_nba_data_pinned_static,e829d4678be1e075f99e5d41a1c5f97089be446b
2017-18,1610612755,21700544,2017-12-31,shufinskiy_nba_data_pinned_static,e829d4678be1e075f99e5d41a1c5f97089be446b
2017-18,1610612755,21700555,2018-01-03,shufinskiy_nba_data_pinned_static,e829d4678be1e075f99e5d41a1c5f97089be446b
2017-18,1610612755,21700569,2018-01-05,shufinskiy_nba_data_pinned_static,e829d4678be1e075f99e5d41a1c5f97089be446b
2017-18,1610612755,21700614,2018-01-11,shufinskiy_nba_data_pinned_static,e829d4678be1e075f99e5d41a1c5f97089be446b
2017-18,1610612755,21700639,2018-01-15,shufinskiy_nba_data_pinned_static,e829d4678be1e075f99e5d41a1c5f97089be446b
2017-18,1610612755,21700663,2018-01-18,shufinskiy_nba_data_pinned_static,e829d4678be1e075f99e5d41a1c5f97089be446b
2017-18,1610612755,21700678,2018-01-20,shufinskiy_nba_data_pinned_static,e829d4678be1e075f99e5d41a1c5f97089be446b
2017-18,1610612755,21700690,2018-01-22,shufinskiy_nba_data_pinned_static,e829d4678be1e075f99e5d41a1c5f97089be446b
2017-18,1610612755,21700704,2018-01-24,shufinskiy_nba_data_pinned_static,e829d4678be1e075f99e5d41a1c5f97089be446b
2017-18,1610612755,21700722,2018-01-26,shufinskiy_nba_data_pinned_static,e829d4678be1e075f99e5d41a1c5f97089be446b
2017-18,1610612755,21700736,2018-01-28,shufinskiy_nba_data_pinned_static,e829d4678be1e075f99e5d41a1c5f97089be446b
2017-18,1610612755,21700741,2018-01-29,shufinskiy_nba_data_pinned_static,e829d4678be1e075f99e5d41a1c5f97089be446b
2017-18,1610612755,21700756,2018-01-31,shufinskiy_nba_data_pinned_static,e829d4678be1e075f99e5d41a1c5f97089be446b
2017-18,1610612755,21700770,2018-02-02,shufinskiy_nba_data_pinned_static,e829d4678be1e075f99e5d41a1c5f97089be446b
2017-18,1610612755,21700777,2018-02-03,shufinskiy_nba_data_pinned_static,e829d4678be1e075f99e5d41a1c5f97089be446b
2017-18,1610612755,21700802,2018-02-06,shufinskiy_nba_data_pinned_static,e829d4678be1e075f99e5d41a1c5f97089be446b
2017-18,1610612755,21700818,2018-02-09,shufinskiy_nba_data_pinned_static,e829d4678be1e075f99e5d41a1c5f97089be446b
2017-18,1610612755,21700828,2018-02-10,shufinskiy_nba_data_pinned_static,e829d4678be1e075f99e5d41a1c5f97089be446b
2017-18,1610612755,21700842,2018-02-12,shufinskiy_nba_data_pinned_static,e829d4678be1e075f99e5d41a1c5f97089be446b
2017-18,1610612755,21700855,2018-02-14,shufinskiy_nba_data_pinned_static,e829d4678be1e075f99e5d41a1c5f97089be446b
2017-18,1610612755,21700870,2018-02-22,shufinskiy_nba_data_pinned_static,e829d4678be1e075f99e5d41a1c5f97089be446b
2017-18,1610612755,21700884,2018-02-24,shufinskiy_nba_data_pinned_static,e829d4678be1e075f99e5d41a1c5f97089be446b
2017-18,1610612755,21700895,2018-02-25,shufinskiy_nba_data_pinned_static,e829d4678be1e075f99e5d41a1c5f97089be446b
2017-18,1610612755,21700909,2018-02-27,shufinskiy_nba_data_pinned_static,e829d4678be1e075f99e5d41a1c5f97089be446b
2017-18,1610612755,21700923,2018-03-01,shufinskiy_nba_data_pinned_static,e829d4678be1e075f99e5d41a1c5f97089be446b
2017-18,1610612755,21700927,2018-03-02,shufinskiy_nba_data_pinned_static,e829d4678be1e075f99e5d41a1c5f97089be446b
2017-18,1610612755,21700947,2018-03-04,shufinskiy_nba_data_pinned_static,e829d4678be1e075f99e5d41a1c5f97089be446b
2017-18,1610612755,21700957,2018-03-06,shufinskiy_nba_data_pinned_static,e829d4678be1e075f99e5d41a1c5f97089be446b
2017-18,1610612755,21700973,2018-03-08,shufinskiy_nba_data_pinned_static,e829d4678be1e075f99e5d41a1c5f97089be446b
2017-18,1610612755,21700999,2018-03-11,shufinskiy_nba_data_pinned_static,e829d4678be1e075f99e5d41a1c5f97089be446b
2017-18,1610612755,21701005,2018-03-13,shufinskiy_nba_data_pinned_static,e829d4678be1e075f99e5d41a1c5f97089be446b
2017-18,1610612755,21701022,2018-03-15,shufinskiy_nba_data_pinned_static,e829d4678be1e075f99e5d41a1c5f97089be446b
2017-18,1610612755,21701030,2018-03-16,shufinskiy_nba_data_pinned_static,e829d4678be1e075f99e5d41a1c5f97089be446b
2017-18,1610612755,21701052,2018-03-19,shufinskiy_nba_data_pinned_static,e829d4678be1e075f99e5d41a1c5f97089be446b
2017-18,1610612755,21701066,2018-03-21,shufinskiy_nba_data_pinned_static,e829d4678be1e075f99e5d41a1c5f97089be446b
2017-18,1610612755,21701073,2018-03-22,shufinskiy_nba_data_pinned_static,e829d4678be1e075f99e5d41a1c5f97089be446b
2017-18,1610612755,21701088,2018-03-24,shufinskiy_nba_data_pinned_static,e829d4678be1e075f99e5d41a1c5f97089be446b
2017-18,1610612755,21701105,2018-03-26,shufinskiy_nba_data_pinned_static,e829d4678be1e075f99e5d41a1c5f97089be446b
2017-18,1610612755,21701118,2018-03-28,shufinskiy_nba_data_pinned_static,e829d4678be1e075f99e5d41a1c5f97089be446b
2017-18,1610612755,21701130,2018-03-30,shufinskiy_nba_data_pinned_static,e829d4678be1e075f99e5d41a1c5f97089be446b
2017-18,1610612755,21701143,2018-04-01,shufinskiy_nba_data_pinned_static,e829d4678be1e075f99e5d41a1c5f97089be446b
2017-18,1610612755,21701157,2018-04-03,shufinskiy_nba_data_pinned_static,e829d4678be1e075f99e5d41a1c5f97089be446b
2017-18,1610612755,21701169,2018-04-04,shufinskiy_nba_data_pinned_static,e829d4678be1e075f99e5d41a1c5f97089be446b
2017-18,1610612755,21701183,2018-04-06,shufinskiy_nba_data_pinned_static,e829d4678be1e075f99e5d41a1c5f97089be446b
2017-18,1610612755,21701198,2018-04-08,shufinskiy_nba_data_pinned_static,e829d4678be1e075f99e5d41a1c5f97089be446b
2017-18,1610612755,21701214,2018-04-10,shufinskiy_nba_data_pinned_static,e829d4678be1e075f99e5d41a1c5f97089be446b
2017-18,1610612755,21701223,2018-04-11,shufinskiy_nba_data_pinned_static,e829d4678be1e075f99e5d41a1c5f97089be446b
2021-22,1610612744,22100002,2021-10-19,shufinskiy_nba_data_pinned_static,e829d4678be1e075f99e5d41a1c5f97089be446b
2021-22,1610612744,22100016,2021-10-21,shufinskiy_nba_data_pinned_static,e829d4678be1e075f99e5d41a1c5f97089be446b
2021-22,1610612744,22100039,2021-10-24,shufinskiy_nba_data_pinned_static,e829d4678be1e075f99e5d41a1c5f97089be446b
2021-22,1610612744,22100051,2021-10-26,shufinskiy_nba_data_pinned_static,e829d4678be1e075f99e5d41a1c5f97089be446b
2021-22,1610612744,22100070,2021-10-28,shufinskiy_nba_data_pinned_static,e829d4678be1e075f99e5d41a1c5f97089be446b
2021-22,1610612744,22100086,2021-10-30,shufinskiy_nba_data_pinned_static,e829d4678be1e075f99e5d41a1c5f97089be446b
2021-22,1610612744,22100117,2021-11-03,shufinskiy_nba_data_pinned_static,e829d4678be1e075f99e5d41a1c5f97089be446b
2021-22,1610612744,22100130,2021-11-05,shufinskiy_nba_data_pinned_static,e829d4678be1e075f99e5d41a1c5f97089be446b
2021-22,1610612744,22100145,2021-11-07,shufinskiy_nba_data_pinned_static,e829d4678be1e075f99e5d41a1c5f97089be446b
2021-22,1610612744,22100152,2021-11-08,shufinskiy_nba_data_pinned_static,e829d4678be1e075f99e5d41a1c5f97089be446b
2021-22,1610612744,22100169,2021-11-10,shufinskiy_nba_data_pinned_static,e829d4678be1e075f99e5d41a1c5f97089be446b
2021-22,1610612744,22100183,2021-11-12,shufinskiy_nba_data_pinned_static,e829d4678be1e075f99e5d41a1c5f97089be446b
2021-22,1610612744,22100194,2021-11-14,shufinskiy_nba_data_pinned_static,e829d4678be1e075f99e5d41a1c5f97089be446b
2021-22,1610612744,22100210,2021-11-16,shufinskiy_nba_data_pinned_static,e829d4678be1e075f99e5d41a1c5f97089be446b
2021-22,1610612744,22100224,2021-11-18,shufinskiy_nba_data_pinned_static,e829d4678be1e075f99e5d41a1c5f97089be446b
2021-22,1610612744,22100231,2021-11-19,shufinskiy_nba_data_pinned_static,e829d4678be1e075f99e5d41a1c5f97089be446b
2021-22,1610612744,22100252,2021-11-21,shufinskiy_nba_data_pinned_static,e829d4678be1e075f99e5d41a1c5f97089be446b
2021-22,1610612744,22100278,2021-11-24,shufinskiy_nba_data_pinned_static,e829d4678be1e075f99e5d41a1c5f97089be446b
2021-22,1610612744,22100290,2021-11-26,shufinskiy_nba_data_pinned_static,e829d4678be1e075f99e5d41a1c5f97089be446b
2021-22,1610612744,22100300,2021-11-28,shufinskiy_nba_data_pinned_static,e829d4678be1e075f99e5d41a1c5f97089be446b
2021-22,1610612744,22100316,2021-11-30,shufinskiy_nba_data_pinned_static,e829d4678be1e075f99e5d41a1c5f97089be446b
2021-22,1610612744,22100340,2021-12-03,shufinskiy_nba_data_pinned_static,e829d4678be1e075f99e5d41a1c5f97089be446b
2021-22,1610612744,22100346,2021-12-04,shufinskiy_nba_data_pinned_static,e829d4678be1e075f99e5d41a1c5f97089be446b
2021-22,1610612744,22100361,2021-12-06,shufinskiy_nba_data_pinned_static,e829d4678be1e075f99e5d41a1c5f97089be446b
2021-22,1610612744,22100376,2021-12-08,shufinskiy_nba_data_pinned_static,e829d4678be1e075f99e5d41a1c5f97089be446b
2021-22,1610612744,22100396,2021-12-11,shufinskiy_nba_data_pinned_static,e829d4678be1e075f99e5d41a1c5f97089be446b
2021-22,1610612744,22100405,2021-12-13,shufinskiy_nba_data_pinned_static,e829d4678be1e075f99e5d41a1c5f97089be446b
2021-22,1610612744,22100414,2021-12-14,shufinskiy_nba_data_pinned_static,e829d4678be1e075f99e5d41a1c5f97089be446b
2021-22,1610612744,22100435,2021-12-17,shufinskiy_nba_data_pinned_static,e829d4678be1e075f99e5d41a1c5f97089be446b
2021-22,1610612744,22100443,2021-12-18,shufinskiy_nba_data_pinned_static,e829d4678be1e075f99e5d41a1c5f97089be446b
2021-22,1610612744,22100462,2021-12-20,shufinskiy_nba_data_pinned_static,e829d4678be1e075f99e5d41a1c5f97089be446b
2021-22,1610612744,22100485,2021-12-23,shufinskiy_nba_data_pinned_static,e829d4678be1e075f99e5d41a1c5f97089be446b
2021-22,1610612744,22100490,2021-12-25,shufinskiy_nba_data_pinned_static,e829d4678be1e075f99e5d41a1c5f97089be446b
2021-22,1610612744,22100514,2021-12-28,shufinskiy_nba_data_pinned_static,e829d4678be1e075f99e5d41a1c5f97089be446b
2021-22,1610612744,22100544,2022-01-01,shufinskiy_nba_data_pinned_static,e829d4678be1e075f99e5d41a1c5f97089be446b
2021-22,1610612744,22100559,2022-01-03,shufinskiy_nba_data_pinned_static,e829d4678be1e075f99e5d41a1c5f97089be446b
2021-22,1610612744,22100572,2022-01-05,shufinskiy_nba_data_pinned_static,e829d4678be1e075f99e5d41a1c5f97089be446b
2021-22,1610612744,22100580,2022-01-06,shufinskiy_nba_data_pinned_static,e829d4678be1e075f99e5d41a1c5f97089be446b
2021-22,1610612744,22100604,2022-01-09,shufinskiy_nba_data_pinned_static,e829d4678be1e075f99e5d41a1c5f97089be446b
2021-22,1610612744,22100614,2022-01-11,shufinskiy_nba_data_pinned_static,e829d4678be1e075f99e5d41a1c5f97089be446b
2021-22,1610612744,22100627,2022-01-13,shufinskiy_nba_data_pinned_static,e829d4678be1e075f99e5d41a1c5f97089be446b
2021-22,1610612744,22100637,2022-01-14,shufinskiy_nba_data_pinned_static,e829d4678be1e075f99e5d41a1c5f97089be446b
2021-22,1610612744,22100652,2022-01-16,shufinskiy_nba_data_pinned_static,e829d4678be1e075f99e5d41a1c5f97089be446b
2021-22,1610612744,22100667,2022-01-18,shufinskiy_nba_data_pinned_static,e829d4678be1e075f99e5d41a1c5f97089be446b
2021-22,1610612744,22100683,2022-01-20,shufinskiy_nba_data_pinned_static,e829d4678be1e075f99e5d41a1c5f97089be446b
2021-22,1610612744,22100694,2022-01-21,shufinskiy_nba_data_pinned_static,e829d4678be1e075f99e5d41a1c5f97089be446b
2021-22,1610612744,22100708,2022-01-23,shufinskiy_nba_data_pinned_static,e829d4678be1e075f99e5d41a1c5f97089be446b
2021-22,1610612744,22100720,2022-01-25,shufinskiy_nba_data_pinned_static,e829d4678be1e075f99e5d41a1c5f97089be446b
2021-22,1610612744,22100734,2022-01-27,shufinskiy_nba_data_pinned_static,e829d4678be1e075f99e5d41a1c5f97089be446b
2021-22,1610612744,22100750,2022-01-29,shufinskiy_nba_data_pinned_static,e829d4678be1e075f99e5d41a1c5f97089be446b
2021-22,1610612744,22100764,2022-01-31,shufinskiy_nba_data_pinned_static,e829d4678be1e075f99e5d41a1c5f97089be446b
2021-22,1610612744,22100771,2022-02-01,shufinskiy_nba_data_pinned_static,e829d4678be1e075f99e5d41a1c5f97089be446b
2021-22,1610612744,22100785,2022-02-03,shufinskiy_nba_data_pinned_static,e829d4678be1e075f99e5d41a1c5f97089be446b
2021-22,1610612744,22100813,2022-02-07,shufinskiy_nba_data_pinned_static,e829d4678be1e075f99e5d41a1c5f97089be446b
2021-22,1610612744,22100828,2022-02-09,shufinskiy_nba_data_pinned_static,e829d4678be1e075f99e5d41a1c5f97089be446b
2021-22,1610612744,22100837,2022-02-10,shufinskiy_nba_data_pinned_static,e829d4678be1e075f99e5d41a1c5f97089be446b
2021-22,1610612744,22100854,2022-02-12,shufinskiy_nba_data_pinned_static,e829d4678be1e075f99e5d41a1c5f97089be446b
2021-22,1610612744,22100866,2022-02-14,shufinskiy_nba_data_pinned_static,e829d4678be1e075f99e5d41a1c5f97089be446b
2021-22,1610612744,22100883,2022-02-16,shufinskiy_nba_data_pinned_static,e829d4678be1e075f99e5d41a1c5f97089be446b
2021-22,1610612744,22100894,2022-02-24,shufinskiy_nba_data_pinned_static,e829d4678be1e075f99e5d41a1c5f97089be446b
2021-22,1610612744,22100917,2022-02-27,shufinskiy_nba_data_pinned_static,e829d4678be1e075f99e5d41a1c5f97089be446b
2021-22,1610612744,22100930,2022-03-01,shufinskiy_nba_data_pinned_static,e829d4678be1e075f99e5d41a1c5f97089be446b
2021-22,1610612744,22100943,2022-03-03,shufinskiy_nba_data_pinned_static,e829d4678be1e075f99e5d41a1c5f97089be446b
2021-22,1610612744,22100959,2022-03-05,shufinskiy_nba_data_pinned_static,e829d4678be1e075f99e5d41a1c5f97089be446b
2021-22,1610612744,22100528,2022-03-07,shufinskiy_nba_data_pinned_static,e829d4678be1e075f99e5d41a1c5f97089be446b
2021-22,1610612744,22100980,2022-03-08,shufinskiy_nba_data_pinned_static,e829d4678be1e075f99e5d41a1c5f97089be446b
2021-22,1610612744,22100994,2022-03-10,shufinskiy_nba_data_pinned_static,e829d4678be1e075f99e5d41a1c5f97089be446b
2021-22,1610612744,22101008,2022-03-12,shufinskiy_nba_data_pinned_static,e829d4678be1e075f99e5d41a1c5f97089be446b
2021-22,1610612744,22101025,2022-03-14,shufinskiy_nba_data_pinned_static,e829d4678be1e075f99e5d41a1c5f97089be446b
2021-22,1610612744,22101042,2022-03-16,shufinskiy_nba_data_pinned_static,e829d4678be1e075f99e5d41a1c5f97089be446b
2021-22,1610612744,22101070,2022-03-20,shufinskiy_nba_data_pinned_static,e829d4678be1e075f99e5d41a1c5f97089be446b
2021-22,1610612744,22101080,2022-03-22,shufinskiy_nba_data_pinned_static,e829d4678be1e075f99e5d41a1c5f97089be446b
2021-22,1610612744,22101088,2022-03-23,shufinskiy_nba_data_pinned_static,e829d4678be1e075f99e5d41a1c5f97089be446b
2021-22,1610612744,22101102,2022-03-25,shufinskiy_nba_data_pinned_static,e829d4678be1e075f99e5d41a1c5f97089be446b
2021-22,1610612744,22101117,2022-03-27,shufinskiy_nba_data_pinned_static,e829d4678be1e075f99e5d41a1c5f97089be446b
2021-22,1610612744,22101129,2022-03-28,shufinskiy_nba_data_pinned_static,e829d4678be1e075f99e5d41a1c5f97089be446b
2021-22,1610612744,22101145,2022-03-30,shufinskiy_nba_data_pinned_static,e829d4678be1e075f99e5d41a1c5f97089be446b
2021-22,1610612744,22101165,2022-04-02,shufinskiy_nba_data_pinned_static,e829d4678be1e075f99e5d41a1c5f97089be446b
2021-22,1610612744,22101176,2022-04-03,shufinskiy_nba_data_pinned_static,e829d4678be1e075f99e5d41a1c5f97089be446b
2021-22,1610612744,22101202,2022-04-07,shufinskiy_nba_data_pinned_static,e829d4678be1e075f99e5d41a1c5f97089be446b
2021-22,1610612744,22101215,2022-04-09,shufinskiy_nba_data_pinned_static,e829d4678be1e075f99e5d41a1c5f97089be446b
2021-22,1610612744,22101225,2022-04-10,shufinskiy_nba_data_pinned_static,e829d4678be1e075f99e5d41a1c5f97089be446b
2021-22,1610612754,22100003,2021-10-20,shufinskiy_nba_data_pinned_static,e829d4678be1e075f99e5d41a1c5f97089be446b
2021-22,1610612754,22100019,2021-10-22,shufinskiy_nba_data_pinned_static,e829d4678be1e075f99e5d41a1c5f97089be446b
2021-22,1610612754,22100028,2021-10-23,shufinskiy_nba_data_pinned_static,e829d4678be1e075f99e5d41a1c5f97089be446b
2021-22,1610612754,22100042,2021-10-25,shufinskiy_nba_data_pinned_static,e829d4678be1e075f99e5d41a1c5f97089be446b
2021-22,1610612754,22100058,2021-10-27,shufinskiy_nba_data_pinned_static,e829d4678be1e075f99e5d41a1c5f97089be446b
2021-22,1610612754,22100072,2021-10-29,shufinskiy_nba_data_pinned_static,e829d4678be1e075f99e5d41a1c5f97089be446b
2021-22,1610612754,22100081,2021-10-30,shufinskiy_nba_data_pinned_static,e829d4678be1e075f99e5d41a1c5f97089be446b
2021-22,1610612754,22100095,2021-11-01,shufinskiy_nba_data_pinned_static,e829d4678be1e075f99e5d41a1c5f97089be446b
2021-22,1610612754,22100109,2021-11-03,shufinskiy_nba_data_pinned_static,e829d4678be1e075f99e5d41a1c5f97089be446b
2021-22,1610612754,22100131,2021-11-05,shufinskiy_nba_data_pinned_static,e829d4678be1e075f99e5d41a1c5f97089be446b
2021-22,1610612754,22100143,2021-11-07,shufinskiy_nba_data_pinned_static,e829d4678be1e075f99e5d41a1c5f97089be446b
2021-22,1610612754,22100167,2021-11-10,shufinskiy_nba_data_pinned_static,e829d4678be1e075f99e5d41a1c5f97089be446b
2021-22,1610612754,22100172,2021-11-11,shufinskiy_nba_data_pinned_static,e829d4678be1e075f99e5d41a1c5f97089be446b
2021-22,1610612754,22100186,2021-11-13,shufinskiy_nba_data_pinned_static,e829d4678be1e075f99e5d41a1c5f97089be446b
2021-22,1610612754,22100203,2021-11-15,shufinskiy_nba_data_pinned_static,e829d4678be1e075f99e5d41a1c5f97089be446b
2021-22,1610612754,22100214,2021-11-17,shufinskiy_nba_data_pinned_static,e829d4678be1e075f99e5d41a1c5f97089be446b
2021-22,1610612754,22100230,2021-11-19,shufinskiy_nba_data_pinned_static,e829d4678be1e075f99e5d41a1c5f97089be446b
2021-22,1610612754,22100240,2021-11-20,shufinskiy_nba_data_pinned_static,e829d4678be1e075f99e5d41a1c5f97089be446b
2021-22,1610612754,22100257,2021-11-22,shufinskiy_nba_data_pinned_static,e829d4678be1e075f99e5d41a1c5f97089be446b
2021-22,1610612754,22100268,2021-11-24,shufinskiy_nba_data_pinned_static,e829d4678be1e075f99e5d41a1c5f97089be446b
2021-22,1610612754,22100284,2021-11-26,shufinskiy_nba_data_pinned_static,e829d4678be1e075f99e5d41a1c5f97089be446b
2021-22,1610612754,22100301,2021-11-28,shufinskiy_nba_data_pinned_static,e829d4678be1e075f99e5d41a1c5f97089be446b
2021-22,1610612754,22100309,2021-11-29,shufinskiy_nba_data_pinned_static,e829d4678be1e075f99e5d41a1c5f97089be446b
2021-22,1610612754,22100319,2021-12-01,shufinskiy_nba_data_pinned_static,e829d4678be1e075f99e5d41a1c5f97089be446b
2021-22,1610612754,22100333,2021-12-03,shufinskiy_nba_data_pinned_static,e829d4678be1e075f99e5d41a1c5f97089be446b
2021-22,1610612754,22100355,2021-12-06,shufinskiy_nba_data_pinned_static,e829d4678be1e075f99e5d41a1c5f97089be446b
2021-22,1610612754,22100369,2021-12-08,shufinskiy_nba_data_pinned_static,e829d4678be1e075f99e5d41a1c5f97089be446b
2021-22,1610612754,22100383,2021-12-10,shufinskiy_nba_data_pinned_static,e829d4678be1e075f99e5d41a1c5f97089be446b
2021-22,1610612754,22100405,2021-12-13,shufinskiy_nba_data_pinned_static,e829d4678be1e075f99e5d41a1c5f97089be446b
2021-22,1610612754,22100421,2021-12-15,shufinskiy_nba_data_pinned_static,e829d4678be1e075f99e5d41a1c5f97089be446b
2021-22,1610612754,22100428,2021-12-16,shufinskiy_nba_data_pinned_static,e829d4678be1e075f99e5d41a1c5f97089be446b
2021-22,1610612754,22100465,2021-12-21,shufinskiy_nba_data_pinned_static,e829d4678be1e075f99e5d41a1c5f97089be446b
2021-22,1610612754,22100476,2021-12-23,shufinskiy_nba_data_pinned_static,e829d4678be1e075f99e5d41a1c5f97089be446b
2021-22,1610612754,22100499,2021-12-26,shufinskiy_nba_data_pinned_static,e829d4678be1e075f99e5d41a1c5f97089be446b
2021-22,1610612754,22100517,2021-12-29,shufinskiy_nba_data_pinned_static,e829d4678be1e075f99e5d41a1c5f97089be446b
2021-22,1610612754,22100530,2021-12-31,shufinskiy_nba_data_pinned_static,e829d4678be1e075f99e5d41a1c5f97089be446b
2021-22,1610612754,22100547,2022-01-02,shufinskiy_nba_data_pinned_static,e829d4678be1e075f99e5d41a1c5f97089be446b
2021-22,1610612754,22100564,2022-01-04,shufinskiy_nba_data_pinned_static,e829d4678be1e075f99e5d41a1c5f97089be446b
2021-22,1610612754,22100571,2022-01-05,shufinskiy_nba_data_pinned_static,e829d4678be1e075f99e5d41a1c5f97089be446b
2021-22,1610612754,22100594,2022-01-08,shufinskiy_nba_data_pinned_static,e829d4678be1e075f99e5d41a1c5f97089be446b
2021-22,1610612754,22100609,2022-01-10,shufinskiy_nba_data_pinned_static,e829d4678be1e075f99e5d41a1c5f97089be446b
2021-22,1610612754,22100618,2022-01-12,shufinskiy_nba_data_pinned_static,e829d4678be1e075f99e5d41a1c5f97089be446b
2021-22,1610612754,22100634,2022-01-14,shufinskiy_nba_data_pinned_static,e829d4678be1e075f99e5d41a1c5f97089be446b
2021-22,1610612754,22100659,2022-01-17,shufinskiy_nba_data_pinned_static,e829d4678be1e075f99e5d41a1c5f97089be446b
2021-22,1610612754,22100680,2022-01-19,shufinskiy_nba_data_pinned_static,e829d4678be1e075f99e5d41a1c5f97089be446b
2021-22,1610612754,22100683,2022-01-20,shufinskiy_nba_data_pinned_static,e829d4678be1e075f99e5d41a1c5f97089be446b
2021-22,1610612754,22100697,2022-01-22,shufinskiy_nba_data_pinned_static,e829d4678be1e075f99e5d41a1c5f97089be446b
2021-22,1610612754,22100712,2022-01-24,shufinskiy_nba_data_pinned_static,e829d4678be1e075f99e5d41a1c5f97089be446b
2021-22,1610612754,22100723,2022-01-26,shufinskiy_nba_data_pinned_static,e829d4678be1e075f99e5d41a1c5f97089be446b
2021-22,1610612754,22100741,2022-01-28,shufinskiy_nba_data_pinned_static,e829d4678be1e075f99e5d41a1c5f97089be446b
2021-22,1610612754,22100746,2022-01-29,shufinskiy_nba_data_pinned_static,e829d4678be1e075f99e5d41a1c5f97089be446b
2021-22,1610612754,22100760,2022-01-31,shufinskiy_nba_data_pinned_static,e829d4678be1e075f99e5d41a1c5f97089be446b
2021-22,1610612754,22100773,2022-02-02,shufinskiy_nba_data_pinned_static,e829d4678be1e075f99e5d41a1c5f97089be446b
2021-22,1610612754,22100789,2022-02-04,shufinskiy_nba_data_pinned_static,e829d4678be1e075f99e5d41a1c5f97089be446b
2021-22,1610612754,22100805,2022-02-06,shufinskiy_nba_data_pinned_static,e829d4678be1e075f99e5d41a1c5f97089be446b
2021-22,1610612754,22100816,2022-02-08,shufinskiy_nba_data_pinned_static,e829d4678be1e075f99e5d41a1c5f97089be446b
2021-22,1610612754,22100839,2022-02-11,shufinskiy_nba_data_pinned_static,e829d4678be1e075f99e5d41a1c5f97089be446b
2021-22,1610612754,22100857,2022-02-13,shufinskiy_nba_data_pinned_static,e829d4678be1e075f99e5d41a1c5f97089be446b
2021-22,1610612754,22100870,2022-02-15,shufinskiy_nba_data_pinned_static,e829d4678be1e075f99e5d41a1c5f97089be446b
2021-22,1610612754,22100876,2022-02-16,shufinskiy_nba_data_pinned_static,e829d4678be1e075f99e5d41a1c5f97089be446b
2021-22,1610612754,22100897,2022-02-25,shufinskiy_nba_data_pinned_static,e829d4678be1e075f99e5d41a1c5f97089be446b
2021-22,1610612754,22100914,2022-02-27,shufinskiy_nba_data_pinned_static,e829d4678be1e075f99e5d41a1c5f97089be446b
2021-22,1610612754,22100921,2022-02-28,shufinskiy_nba_data_pinned_static,e829d4678be1e075f99e5d41a1c5f97089be446b
2021-22,1610612754,22100933,2022-03-02,shufinskiy_nba_data_pinned_static,e829d4678be1e075f99e5d41a1c5f97089be446b
2021-22,1610612754,22100946,2022-03-04,shufinskiy_nba_data_pinned_static,e829d4678be1e075f99e5d41a1c5f97089be446b
2021-22,1610612754,22100963,2022-03-06,shufinskiy_nba_data_pinned_static,e829d4678be1e075f99e5d41a1c5f97089be446b
2021-22,1610612754,22100976,2022-03-08,shufinskiy_nba_data_pinned_static,e829d4678be1e075f99e5d41a1c5f97089be446b
2021-22,1610612754,22101007,2022-03-12,shufinskiy_nba_data_pinned_static,e829d4678be1e075f99e5d41a1c5f97089be446b
2021-22,1610612754,22101016,2022-03-13,shufinskiy_nba_data_pinned_static,e829d4678be1e075f99e5d41a1c5f97089be446b
2021-22,1610612754,22101029,2022-03-15,shufinskiy_nba_data_pinned_static,e829d4678be1e075f99e5d41a1c5f97089be446b
2021-22,1610612754,22101053,2022-03-18,shufinskiy_nba_data_pinned_static,e829d4678be1e075f99e5d41a1c5f97089be446b
2021-22,1610612754,22101062,2022-03-20,shufinskiy_nba_data_pinned_static,e829d4678be1e075f99e5d41a1c5f97089be446b
2021-22,1610612754,22101086,2022-03-23,shufinskiy_nba_data_pinned_static,e829d4678be1e075f99e5d41a1c5f97089be446b
2021-22,1610612754,22101096,2022-03-24,shufinskiy_nba_data_pinned_static,e829d4678be1e075f99e5d41a1c5f97089be446b
2021-22,1610612754,22101109,2022-03-26,shufinskiy_nba_data_pinned_static,e829d4678be1e075f99e5d41a1c5f97089be446b
2021-22,1610612754,22101124,2022-03-28,shufinskiy_nba_data_pinned_static,e829d4678be1e075f99e5d41a1c5f97089be446b
2021-22,1610612754,22101137,2022-03-30,shufinskiy_nba_data_pinned_static,e829d4678be1e075f99e5d41a1c5f97089be446b
2021-22,1610612754,22101153,2022-04-01,shufinskiy_nba_data_pinned_static,e829d4678be1e075f99e5d41a1c5f97089be446b
2021-22,1610612754,22101169,2022-04-03,shufinskiy_nba_data_pinned_static,e829d4678be1e075f99e5d41a1c5f97089be446b
2021-22,1610612754,22101178,2022-04-05,shufinskiy_nba_data_pinned_static,e829d4678be1e075f99e5d41a1c5f97089be446b
2021-22,1610612754,22101214,2022-04-09,shufinskiy_nba_data_pinned_static,e829d4678be1e075f99e5d41a1c5f97089be446b
2021-22,1610612754,22101216,2022-04-10,shufinskiy_nba_data_pinned_static,e829d4678be1e075f99e5d41a1c5f97089be446b
2021-22,1610612760,22100011,2021-10-20,shufinskiy_nba_data_pinned_static,e829d4678be1e075f99e5d41a1c5f97089be446b
2021-22,1610612760,22100023,2021-10-22,shufinskiy_nba_data_pinned_static,e829d4678be1e075f99e5d41a1c5f97089be446b
2021-22,1610612760,22100038,2021-10-24,shufinskiy_nba_data_pinned_static,e829d4678be1e075f99e5d41a1c5f97089be446b
2021-22,1610612760,22100051,2021-10-26,shufinskiy_nba_data_pinned_static,e829d4678be1e075f99e5d41a1c5f97089be446b
2021-22,1610612760,22100061,2021-10-27,shufinskiy_nba_data_pinned_static,e829d4678be1e075f99e5d41a1c5f97089be446b
2021-22,1610612760,22100086,2021-10-30,shufinskiy_nba_data_pinned_static,e829d4678be1e075f99e5d41a1c5f97089be446b
2021-22,1610612760,22100102,2021-11-01,shufinskiy_nba_data_pinned_static,e829d4678be1e075f99e5d41a1c5f97089be446b
2021-22,1610612760,22100123,2021-11-04,shufinskiy_nba_data_pinned_static,e829d4678be1e075f99e5d41a1c5f97089be446b
2021-22,1610612760,22100144,2021-11-07,shufinskiy_nba_data_pinned_static,e829d4678be1e075f99e5d41a1c5f97089be446b
2021-22,1610612760,22100165,2021-11-10,shufinskiy_nba_data_pinned_static,e829d4678be1e075f99e5d41a1c5f97089be446b
2021-22,1610612760,22100180,2021-11-12,shufinskiy_nba_data_pinned_static,e829d4678be1e075f99e5d41a1c5f97089be446b
2021-22,1610612760,22100196,2021-11-14,shufinskiy_nba_data_pinned_static,e829d4678be1e075f99e5d41a1c5f97089be446b
2021-22,1610612760,22100207,2021-11-15,shufinskiy_nba_data_pinned_static,e829d4678be1e075f99e5d41a1c5f97089be446b
2021-22,1610612760,22100221,2021-11-17,shufinskiy_nba_data_pinned_static,e829d4678be1e075f99e5d41a1c5f97089be446b
2021-22,1610612760,22100234,2021-11-19,shufinskiy_nba_data_pinned_static,e829d4678be1e075f99e5d41a1c5f97089be446b
2021-22,1610612760,22100243,2021-11-20,shufinskiy_nba_data_pinned_static,e829d4678be1e075f99e5d41a1c5f97089be446b
2021-22,1610612760,22100255,2021-11-22,shufinskiy_nba_data_pinned_static,e829d4678be1e075f99e5d41a1c5f97089be446b
2021-22,1610612760,22100276,2021-11-24,shufinskiy_nba_data_pinned_static,e829d4678be1e075f99e5d41a1c5f97089be446b
2021-22,1610612760,22100286,2021-11-26,shufinskiy_nba_data_pinned_static,e829d4678be1e075f99e5d41a1c5f97089be446b
2021-22,1610612760,22100308,2021-11-29,shufinskiy_nba_data_pinned_static,e829d4678be1e075f99e5d41a1c5f97089be446b
2021-22,1610612760,22100326,2021-12-01,shufinskiy_nba_data_pinned_static,e829d4678be1e075f99e5d41a1c5f97089be446b
2021-22,1610612760,22100330,2021-12-02,shufinskiy_nba_data_pinned_static,e829d4678be1e075f99e5d41a1c5f97089be446b
2021-22,1610612760,22100354,2021-12-06,shufinskiy_nba_data_pinned_static,e829d4678be1e075f99e5d41a1c5f97089be446b
2021-22,1610612760,22100371,2021-12-08,shufinskiy_nba_data_pinned_static,e829d4678be1e075f99e5d41a1c5f97089be446b
2021-22,1610612760,22100389,2021-12-10,shufinskiy_nba_data_pinned_static,e829d4678be1e075f99e5d41a1c5f97089be446b
2021-22,1610612760,22100400,2021-12-12,shufinskiy_nba_data_pinned_static,e829d4678be1e075f99e5d41a1c5f97089be446b
2021-22,1610612760,22100422,2021-12-15,shufinskiy_nba_data_pinned_static,e829d4678be1e075f99e5d41a1c5f97089be446b
2021-22,1610612760,22100444,2021-12-18,shufinskiy_nba_data_pinned_static,e829d4678be1e075f99e5d41a1c5f97089be446b
2021-22,1610612760,22100460,2021-12-20,shufinskiy_nba_data_pinned_static,e829d4678be1e075f99e5d41a1c5f97089be446b
2021-22,1610612760,22100474,2021-12-22,shufinskiy_nba_data_pinned_static,e829d4678be1e075f99e5d41a1c5f97089be446b
2021-22,1610612760,22100483,2021-12-23,shufinskiy_nba_data_pinned_static,e829d4678be1e075f99e5d41a1c5f97089be446b
2021-22,1610612760,22100497,2021-12-26,shufinskiy_nba_data_pinned_static,e829d4678be1e075f99e5d41a1c5f97089be446b
2021-22,1610612760,22100515,2021-12-28,shufinskiy_nba_data_pinned_static,e829d4678be1e075f99e5d41a1c5f97089be446b
2021-22,1610612760,22100522,2021-12-29,shufinskiy_nba_data_pinned_static,e829d4678be1e075f99e5d41a1c5f97089be446b
2021-22,1610612760,22100536,2021-12-31,shufinskiy_nba_data_pinned_static,e829d4678be1e075f99e5d41a1c5f97089be446b
2021-22,1610612760,22100550,2022-01-02,shufinskiy_nba_data_pinned_static,e829d4678be1e075f99e5d41a1c5f97089be446b
2021-22,1610612760,22100574,2022-01-05,shufinskiy_nba_data_pinned_static,e829d4678be1e075f99e5d41a1c5f97089be446b
2021-22,1610612760,22100587,2022-01-07,shufinskiy_nba_data_pinned_static,e829d4678be1e075f99e5d41a1c5f97089be446b
2021-22,1610612760,22100601,2022-01-09,shufinskiy_nba_data_pinned_static,e829d4678be1e075f99e5d41a1c5f97089be446b
2021-22,1610612760,22100612,2022-01-11,shufinskiy_nba_data_pinned_static,e829d4678be1e075f99e5d41a1c5f97089be446b
2021-22,1610612760,22100630,2022-01-13,shufinskiy_nba_data_pinned_static,e829d4678be1e075f99e5d41a1c5f97089be446b
2021-22,1610612760,22100646,2022-01-15,shufinskiy_nba_data_pinned_static,e829d4678be1e075f99e5d41a1c5f97089be446b
2021-22,1610612760,22100663,2022-01-17,shufinskiy_nba_data_pinned_static,e829d4678be1e075f99e5d41a1c5f97089be446b
2021-22,1610612760,22100676,2022-01-19,shufinskiy_nba_data_pinned_static,e829d4678be1e075f99e5d41a1c5f97089be446b
2021-22,1610612760,22100684,2022-01-21,shufinskiy_nba_data_pinned_static,e829d4678be1e075f99e5d41a1c5f97089be446b
2021-22,1610612760,22100695,2022-01-22,shufinskiy_nba_data_pinned_static,e829d4678be1e075f99e5d41a1c5f97089be446b
2021-22,1610612760,22100730,2022-01-24,shufinskiy_nba_data_pinned_static,e829d4678be1e075f99e5d41a1c5f97089be446b
2021-22,1610612760,22100741,2022-01-28,shufinskiy_nba_data_pinned_static,e829d4678be1e075f99e5d41a1c5f97089be446b
2021-22,1610612760,22100765,2022-01-31,shufinskiy_nba_data_pinned_static,e829d4678be1e075f99e5d41a1c5f97089be446b
2021-22,1610612760,22100778,2022-02-02,shufinskiy_nba_data_pinned_static,e829d4678be1e075f99e5d41a1c5f97089be446b
2021-22,1610612760,22100795,2022-02-04,shufinskiy_nba_data_pinned_static,e829d4678be1e075f99e5d41a1c5f97089be446b
2021-22,1610612760,22100801,2022-02-05,shufinskiy_nba_data_pinned_static,e829d4678be1e075f99e5d41a1c5f97089be446b
2021-22,1610612760,22100813,2022-02-07,shufinskiy_nba_data_pinned_static,e829d4678be1e075f99e5d41a1c5f97089be446b
2021-22,1610612760,22100827,2022-02-09,shufinskiy_nba_data_pinned_static,e829d4678be1e075f99e5d41a1c5f97089be446b
2021-22,1610612760,22100840,2022-02-11,shufinskiy_nba_data_pinned_static,e829d4678be1e075f99e5d41a1c5f97089be446b
2021-22,1610612760,22100852,2022-02-12,shufinskiy_nba_data_pinned_static,e829d4678be1e075f99e5d41a1c5f97089be446b
2021-22,1610612760,22100860,2022-02-14,shufinskiy_nba_data_pinned_static,e829d4678be1e075f99e5d41a1c5f97089be446b
2021-22,1610612760,22100881,2022-02-16,shufinskiy_nba_data_pinned_static,e829d4678be1e075f99e5d41a1c5f97089be446b
2021-22,1610612760,22100893,2022-02-24,shufinskiy_nba_data_pinned_static,e829d4678be1e075f99e5d41a1c5f97089be446b
2021-22,1610612760,22100897,2022-02-25,shufinskiy_nba_data_pinned_static,e829d4678be1e075f99e5d41a1c5f97089be446b
2021-22,1610612760,22100925,2022-02-28,shufinskiy_nba_data_pinned_static,e829d4678be1e075f99e5d41a1c5f97089be446b
2021-22,1610612760,22100938,2022-03-02,shufinskiy_nba_data_pinned_static,e829d4678be1e075f99e5d41a1c5f97089be446b
2021-22,1610612760,22100951,2022-03-04,shufinskiy_nba_data_pinned_static,e829d4678be1e075f99e5d41a1c5f97089be446b
2021-22,1610612760,22100965,2022-03-06,shufinskiy_nba_data_pinned_static,e829d4678be1e075f99e5d41a1c5f97089be446b
2021-22,1610612760,22100979,2022-03-08,shufinskiy_nba_data_pinned_static,e829d4678be1e075f99e5d41a1c5f97089be446b
2021-22,1610612760,22100986,2022-03-09,shufinskiy_nba_data_pinned_static,e829d4678be1e075f99e5d41a1c5f97089be446b
2021-22,1610612760,22101018,2022-03-13,shufinskiy_nba_data_pinned_static,e829d4678be1e075f99e5d41a1c5f97089be446b
2021-22,1610612760,22101023,2022-03-14,shufinskiy_nba_data_pinned_static,e829d4678be1e075f99e5d41a1c5f97089be446b
2021-22,1610612760,22101040,2022-03-16,shufinskiy_nba_data_pinned_static,e829d4678be1e075f99e5d41a1c5f97089be446b
2021-22,1610612760,22101052,2022-03-18,shufinskiy_nba_data_pinned_static,e829d4678be1e075f99e5d41a1c5f97089be446b
2021-22,1610612760,22101065,2022-03-20,shufinskiy_nba_data_pinned_static,e829d4678be1e075f99e5d41a1c5f97089be446b
2021-22,1610612760,22101078,2022-03-21,shufinskiy_nba_data_pinned_static,e829d4678be1e075f99e5d41a1c5f97089be446b
2021-22,1610612760,22101091,2022-03-23,shufinskiy_nba_data_pinned_static,e829d4678be1e075f99e5d41a1c5f97089be446b
2021-22,1610612760,22101113,2022-03-26,shufinskiy_nba_data_pinned_static,e829d4678be1e075f99e5d41a1c5f97089be446b
2021-22,1610612760,22101130,2022-03-28,shufinskiy_nba_data_pinned_static,e829d4678be1e075f99e5d41a1c5f97089be446b
2021-22,1610612760,22101143,2022-03-30,shufinskiy_nba_data_pinned_static,e829d4678be1e075f99e5d41a1c5f97089be446b
2021-22,1610612760,22101157,2022-04-01,shufinskiy_nba_data_pinned_static,e829d4678be1e075f99e5d41a1c5f97089be446b
2021-22,1610612760,22101174,2022-04-03,shufinskiy_nba_data_pinned_static,e829d4678be1e075f99e5d41a1c5f97089be446b
2021-22,1610612760,22101185,2022-04-05,shufinskiy_nba_data_pinned_static,e829d4678be1e075f99e5d41a1c5f97089be446b
2021-22,1610612760,22101194,2022-04-06,shufinskiy_nba_data_pinned_static,e829d4678be1e075f99e5d41a1c5f97089be446b
2021-22,1610612760,22101211,2022-04-08,shufinskiy_nba_data_pinned_static,e829d4678be1e075f99e5d41a1c5f97089be446b
2021-22,1610612760,22101222,2022-04-10,shufinskiy_nba_data_pinned_static,e829d4678be1e075f99e5d41a1c5f97089be446b
2022-23,1610612760,22200010,2022-10-19,shufinskiy_nba_data_pinned_static,e829d4678be1e075f99e5d41a1c5f97089be446b
2022-23,1610612760,22200035,2022-10-22,shufinskiy_nba_data_pinned_static,e829d4678be1e075f99e5d41a1c5f97089be446b
2022-23,1610612760,22200041,2022-10-23,shufinskiy_nba_data_pinned_static,e829d4678be1e075f99e5d41a1c5f97089be446b
2022-23,1610612760,22200054,2022-10-25,shufinskiy_nba_data_pinned_static,e829d4678be1e075f99e5d41a1c5f97089be446b
2022-23,1610612760,22200067,2022-10-27,shufinskiy_nba_data_pinned_static,e829d4678be1e075f99e5d41a1c5f97089be446b
2022-23,1610612760,22200086,2022-10-29,shufinskiy_nba_data_pinned_static,e829d4678be1e075f99e5d41a1c5f97089be446b
2022-23,1610612760,22200105,2022-11-01,shufinskiy_nba_data_pinned_static,e829d4678be1e075f99e5d41a1c5f97089be446b
2022-23,1610612760,22200119,2022-11-03,shufinskiy_nba_data_pinned_static,e829d4678be1e075f99e5d41a1c5f97089be446b
2022-23,1610612760,22200136,2022-11-05,shufinskiy_nba_data_pinned_static,e829d4678be1e075f99e5d41a1c5f97089be446b
2022-23,1610612760,22200146,2022-11-07,shufinskiy_nba_data_pinned_static,e829d4678be1e075f99e5d41a1c5f97089be446b
2022-23,1610612760,22200168,2022-11-09,shufinskiy_nba_data_pinned_static,e829d4678be1e075f99e5d41a1c5f97089be446b
2022-23,1610612760,22200179,2022-11-11,shufinskiy_nba_data_pinned_static,e829d4678be1e075f99e5d41a1c5f97089be446b
2022-23,1610612760,22200192,2022-11-13,shufinskiy_nba_data_pinned_static,e829d4678be1e075f99e5d41a1c5f97089be446b
2022-23,1610612760,22200201,2022-11-14,shufinskiy_nba_data_pinned_static,e829d4678be1e075f99e5d41a1c5f97089be446b
2022-23,1610612760,22200213,2022-11-16,shufinskiy_nba_data_pinned_static,e829d4678be1e075f99e5d41a1c5f97089be446b
2022-23,1610612760,22200229,2022-11-18,shufinskiy_nba_data_pinned_static,e829d4678be1e075f99e5d41a1c5f97089be446b
2022-23,1610612760,22200254,2022-11-21,shufinskiy_nba_data_pinned_static,e829d4678be1e075f99e5d41a1c5f97089be446b
2022-23,1610612760,22200268,2022-11-23,shufinskiy_nba_data_pinned_static,e829d4678be1e075f99e5d41a1c5f97089be446b
2022-23,1610612760,22200281,2022-11-25,shufinskiy_nba_data_pinned_static,e829d4678be1e075f99e5d41a1c5f97089be446b
2022-23,1610612760,22200287,2022-11-26,shufinskiy_nba_data_pinned_static,e829d4678be1e075f99e5d41a1c5f97089be446b
2022-23,1610612760,22200304,2022-11-28,shufinskiy_nba_data_pinned_static,e829d4678be1e075f99e5d41a1c5f97089be446b
2022-23,1610612760,22200319,2022-11-30,shufinskiy_nba_data_pinned_static,e829d4678be1e075f99e5d41a1c5f97089be446b
2022-23,1610612760,22200341,2022-12-03,shufinskiy_nba_data_pinned_static,e829d4678be1e075f99e5d41a1c5f97089be446b
2022-23,1610612760,22200354,2022-12-05,shufinskiy_nba_data_pinned_static,e829d4678be1e075f99e5d41a1c5f97089be446b
2022-23,1610612760,22200368,2022-12-07,shufinskiy_nba_data_pinned_static,e829d4678be1e075f99e5d41a1c5f97089be446b
2022-23,1610612760,22200390,2022-12-10,shufinskiy_nba_data_pinned_static,e829d4678be1e075f99e5d41a1c5f97089be446b
2022-23,1610612760,22200405,2022-12-12,shufinskiy_nba_data_pinned_static,e829d4678be1e075f99e5d41a1c5f97089be446b
2022-23,1610612760,22200419,2022-12-14,shufinskiy_nba_data_pinned_static,e829d4678be1e075f99e5d41a1c5f97089be446b
2022-23,1610612760,22200435,2022-12-16,shufinskiy_nba_data_pinned_static,e829d4678be1e075f99e5d41a1c5f97089be446b
2022-23,1610612760,22200443,2022-12-17,shufinskiy_nba_data_pinned_static,e829d4678be1e075f99e5d41a1c5f97089be446b
2022-23,1610612760,22200458,2022-12-19,shufinskiy_nba_data_pinned_static,e829d4678be1e075f99e5d41a1c5f97089be446b
2022-23,1610612760,22200474,2022-12-21,shufinskiy_nba_data_pinned_static,e829d4678be1e075f99e5d41a1c5f97089be446b
2022-23,1610612760,22200488,2022-12-23,shufinskiy_nba_data_pinned_static,e829d4678be1e075f99e5d41a1c5f97089be446b
2022-23,1610612760,22200511,2022-12-27,shufinskiy_nba_data_pinned_static,e829d4678be1e075f99e5d41a1c5f97089be446b
2022-23,1610612760,22200523,2022-12-29,shufinskiy_nba_data_pinned_static,e829d4678be1e075f99e5d41a1c5f97089be446b
2022-23,1610612760,22200545,2022-12-31,shufinskiy_nba_data_pinned_static,e829d4678be1e075f99e5d41a1c5f97089be446b
2022-23,1610612760,22200562,2023-01-03,shufinskiy_nba_data_pinned_static,e829d4678be1e075f99e5d41a1c5f97089be446b
2022-23,1610612760,22200566,2023-01-04,shufinskiy_nba_data_pinned_static,e829d4678be1e075f99e5d41a1c5f97089be446b
2022-23,1610612760,22200584,2023-01-06,shufinskiy_nba_data_pinned_static,e829d4678be1e075f99e5d41a1c5f97089be446b
2022-23,1610612760,22200602,2023-01-08,shufinskiy_nba_data_pinned_static,e829d4678be1e075f99e5d41a1c5f97089be446b
2022-23,1610612760,22200611,2023-01-10,shufinskiy_nba_data_pinned_static,e829d4678be1e075f99e5d41a1c5f97089be446b
2022-23,1610612760,22200626,2023-01-12,shufinskiy_nba_data_pinned_static,e829d4678be1e075f99e5d41a1c5f97089be446b
2022-23,1610612760,22200636,2023-01-13,shufinskiy_nba_data_pinned_static,e829d4678be1e075f99e5d41a1c5f97089be446b
2022-23,1610612760,22200651,2023-01-15,shufinskiy_nba_data_pinned_static,e829d4678be1e075f99e5d41a1c5f97089be446b
2022-23,1610612760,22200674,2023-01-18,shufinskiy_nba_data_pinned_static,e829d4678be1e075f99e5d41a1c5f97089be446b
2022-23,1610612760,22200691,2023-01-20,shufinskiy_nba_data_pinned_static,e829d4678be1e075f99e5d41a1c5f97089be446b
2022-23,1610612760,22200702,2023-01-22,shufinskiy_nba_data_pinned_static,e829d4678be1e075f99e5d41a1c5f97089be446b
2022-23,1610612760,22200725,2023-01-25,shufinskiy_nba_data_pinned_static,e829d4678be1e075f99e5d41a1c5f97089be446b
2022-23,1610612760,22200739,2023-01-27,shufinskiy_nba_data_pinned_static,e829d4678be1e075f99e5d41a1c5f97089be446b
2022-23,1610612760,22200759,2023-01-30,shufinskiy_nba_data_pinned_static,e829d4678be1e075f99e5d41a1c5f97089be446b
2022-23,1610612760,22200773,2023-02-01,shufinskiy_nba_data_pinned_static,e829d4678be1e075f99e5d41a1c5f97089be446b
2022-23,1610612760,22200799,2023-02-04,shufinskiy_nba_data_pinned_static,e829d4678be1e075f99e5d41a1c5f97089be446b
2022-23,1610612760,22200814,2023-02-06,shufinskiy_nba_data_pinned_static,e829d4678be1e075f99e5d41a1c5f97089be446b
2022-23,1610612760,22200821,2023-02-07,shufinskiy_nba_data_pinned_static,e829d4678be1e075f99e5d41a1c5f97089be446b
2022-23,1610612760,22200843,2023-02-10,shufinskiy_nba_data_pinned_static,e829d4678be1e075f99e5d41a1c5f97089be446b
2022-23,1610612760,22200864,2023-02-13,shufinskiy_nba_data_pinned_static,e829d4678be1e075f99e5d41a1c5f97089be446b
2022-23,1610612760,22200880,2023-02-15,shufinskiy_nba_data_pinned_static,e829d4678be1e075f99e5d41a1c5f97089be446b
2022-23,1610612760,22200892,2023-02-23,shufinskiy_nba_data_pinned_static,e829d4678be1e075f99e5d41a1c5f97089be446b
2022-23,1610612760,22200899,2023-02-24,shufinskiy_nba_data_pinned_static,e829d4678be1e075f99e5d41a1c5f97089be446b
2022-23,1610612760,22200915,2023-02-26,shufinskiy_nba_data_pinned_static,e829d4678be1e075f99e5d41a1c5f97089be446b
2022-23,1610612760,22200928,2023-02-28,shufinskiy_nba_data_pinned_static,e829d4678be1e075f99e5d41a1c5f97089be446b
2022-23,1610612760,22200940,2023-03-01,shufinskiy_nba_data_pinned_static,e829d4678be1e075f99e5d41a1c5f97089be446b
2022-23,1610612760,22200951,2023-03-03,shufinskiy_nba_data_pinned_static,e829d4678be1e075f99e5d41a1c5f97089be446b
2022-23,1610612760,22200968,2023-03-05,shufinskiy_nba_data_pinned_static,e829d4678be1e075f99e5d41a1c5f97089be446b
2022-23,1610612760,22200982,2023-03-07,shufinskiy_nba_data_pinned_static,e829d4678be1e075f99e5d41a1c5f97089be446b
2022-23,1610612760,22200990,2023-03-08,shufinskiy_nba_data_pinned_static,e829d4678be1e075f99e5d41a1c5f97089be446b
2022-23,1610612760,22201011,2023-03-11,shufinskiy_nba_data_pinned_static,e829d4678be1e075f99e5d41a1c5f97089be446b
2022-23,1610612760,22201018,2023-03-12,shufinskiy_nba_data_pinned_static,e829d4678be1e075f99e5d41a1c5f97089be446b
2022-23,1610612760,22201031,2023-03-14,shufinskiy_nba_data_pinned_static,e829d4678be1e075f99e5d41a1c5f97089be446b
2022-23,1610612760,22201044,2023-03-16,shufinskiy_nba_data_pinned_static,e829d4678be1e075f99e5d41a1c5f97089be446b
2022-23,1610612760,22201064,2023-03-19,shufinskiy_nba_data_pinned_static,e829d4678be1e075f99e5d41a1c5f97089be446b
2022-23,1610612760,22201082,2023-03-21,shufinskiy_nba_data_pinned_static,e829d4678be1e075f99e5d41a1c5f97089be446b
2022-23,1610612760,22201096,2023-03-23,shufinskiy_nba_data_pinned_static,e829d4678be1e075f99e5d41a1c5f97089be446b
2022-23,1610612760,22201106,2023-03-24,shufinskiy_nba_data_pinned_static,e829d4678be1e075f99e5d41a1c5f97089be446b
2022-23,1610612760,22201120,2023-03-26,shufinskiy_nba_data_pinned_static,e829d4678be1e075f99e5d41a1c5f97089be446b
2022-23,1610612760,22201134,2023-03-28,shufinskiy_nba_data_pinned_static,e829d4678be1e075f99e5d41a1c5f97089be446b
2022-23,1610612760,22201142,2023-03-29,shufinskiy_nba_data_pinned_static,e829d4678be1e075f99e5d41a1c5f97089be446b
2022-23,1610612760,22201149,2023-03-31,shufinskiy_nba_data_pinned_static,e829d4678be1e075f99e5d41a1c5f97089be446b
2022-23,1610612760,22201172,2023-04-02,shufinskiy_nba_data_pinned_static,e829d4678be1e075f99e5d41a1c5f97089be446b
2022-23,1610612760,22201187,2023-04-04,shufinskiy_nba_data_pinned_static,e829d4678be1e075f99e5d41a1c5f97089be446b
2022-23,1610612760,22201200,2023-04-06,shufinskiy_nba_data_pinned_static,e829d4678be1e075f99e5d41a1c5f97089be446b
2022-23,1610612760,22201226,2023-04-09,shufinskiy_nba_data_pinned_static,e829d4678be1e075f99e5d41a1c5f97089be446b
2022-23,1610612764,22200004,2022-10-19,shufinskiy_nba_data_pinned_static,e829d4678be1e075f99e5d41a1c5f97089be446b
2022-23,1610612764,22200019,2022-10-21,shufinskiy_nba_data_pinned_static,e829d4678be1e075f99e5d41a1c5f97089be446b
2022-23,1610612764,22200039,2022-10-23,shufinskiy_nba_data_pinned_static,e829d4678be1e075f99e5d41a1c5f97089be446b
2022-23,1610612764,22200052,2022-10-25,shufinskiy_nba_data_pinned_static,e829d4678be1e075f99e5d41a1c5f97089be446b
2022-23,1610612764,22200074,2022-10-28,shufinskiy_nba_data_pinned_static,e829d4678be1e075f99e5d41a1c5f97089be446b
2022-23,1610612764,22200089,2022-10-30,shufinskiy_nba_data_pinned_static,e829d4678be1e075f99e5d41a1c5f97089be446b
2022-23,1610612764,22200097,2022-10-31,shufinskiy_nba_data_pinned_static,e829d4678be1e075f99e5d41a1c5f97089be446b
2022-23,1610612764,22200108,2022-11-02,shufinskiy_nba_data_pinned_static,e829d4678be1e075f99e5d41a1c5f97089be446b
2022-23,1610612764,22200123,2022-11-04,shufinskiy_nba_data_pinned_static,e829d4678be1e075f99e5d41a1c5f97089be446b
2022-23,1610612764,22200142,2022-11-06,shufinskiy_nba_data_pinned_static,e829d4678be1e075f99e5d41a1c5f97089be446b
2022-23,1610612764,22200144,2022-11-07,shufinskiy_nba_data_pinned_static,e829d4678be1e075f99e5d41a1c5f97089be446b
2022-23,1610612764,22200172,2022-11-10,shufinskiy_nba_data_pinned_static,e829d4678be1e075f99e5d41a1c5f97089be446b
2022-23,1610612764,22200185,2022-11-12,shufinskiy_nba_data_pinned_static,e829d4678be1e075f99e5d41a1c5f97089be446b
2022-23,1610612764,22200194,2022-11-13,shufinskiy_nba_data_pinned_static,e829d4678be1e075f99e5d41a1c5f97089be446b
2022-23,1610612764,22200213,2022-11-16,shufinskiy_nba_data_pinned_static,e829d4678be1e075f99e5d41a1c5f97089be446b
2022-23,1610612764,22200224,2022-11-18,shufinskiy_nba_data_pinned_static,e829d4678be1e075f99e5d41a1c5f97089be446b
2022-23,1610612764,22200241,2022-11-20,shufinskiy_nba_data_pinned_static,e829d4678be1e075f99e5d41a1c5f97089be446b
2022-23,1610612764,22200265,2022-11-23,shufinskiy_nba_data_pinned_static,e829d4678be1e075f99e5d41a1c5f97089be446b
2022-23,1610612764,22200277,2022-11-25,shufinskiy_nba_data_pinned_static,e829d4678be1e075f99e5d41a1c5f97089be446b
2022-23,1610612764,22200294,2022-11-27,shufinskiy_nba_data_pinned_static,e829d4678be1e075f99e5d41a1c5f97089be446b
2022-23,1610612764,22200300,2022-11-28,shufinskiy_nba_data_pinned_static,e829d4678be1e075f99e5d41a1c5f97089be446b
2022-23,1610612764,22200315,2022-11-30,shufinskiy_nba_data_pinned_static,e829d4678be1e075f99e5d41a1c5f97089be446b
2022-23,1610612764,22200326,2022-12-02,shufinskiy_nba_data_pinned_static,e829d4678be1e075f99e5d41a1c5f97089be446b
2022-23,1610612764,22200349,2022-12-04,shufinskiy_nba_data_pinned_static,e829d4678be1e075f99e5d41a1c5f97089be446b
2022-23,1610612764,22200367,2022-12-07,shufinskiy_nba_data_pinned_static,e829d4678be1e075f99e5d41a1c5f97089be446b
2022-23,1610612764,22200378,2022-12-09,shufinskiy_nba_data_pinned_static,e829d4678be1e075f99e5d41a1c5f97089be446b
2022-23,1610612764,22200389,2022-12-10,shufinskiy_nba_data_pinned_static,e829d4678be1e075f99e5d41a1c5f97089be446b
2022-23,1610612764,22200403,2022-12-12,shufinskiy_nba_data_pinned_static,e829d4678be1e075f99e5d41a1c5f97089be446b
2022-23,1610612764,22200422,2022-12-14,shufinskiy_nba_data_pinned_static,e829d4678be1e075f99e5d41a1c5f97089be446b
2022-23,1610612764,22200438,2022-12-17,shufinskiy_nba_data_pinned_static,e829d4678be1e075f99e5d41a1c5f97089be446b
2022-23,1610612764,22200451,2022-12-18,shufinskiy_nba_data_pinned_static,e829d4678be1e075f99e5d41a1c5f97089be446b
2022-23,1610612764,22200464,2022-12-20,shufinskiy_nba_data_pinned_static,e829d4678be1e075f99e5d41a1c5f97089be446b
2022-23,1610612764,22200478,2022-12-22,shufinskiy_nba_data_pinned_static,e829d4678be1e075f99e5d41a1c5f97089be446b
2022-23,1610612764,22200491,2022-12-23,shufinskiy_nba_data_pinned_static,e829d4678be1e075f99e5d41a1c5f97089be446b
2022-23,1610612764,22200506,2022-12-27,shufinskiy_nba_data_pinned_static,e829d4678be1e075f99e5d41a1c5f97089be446b
2022-23,1610612764,22200516,2022-12-28,shufinskiy_nba_data_pinned_static,e829d4678be1e075f99e5d41a1c5f97089be446b
2022-23,1610612764,22200529,2022-12-30,shufinskiy_nba_data_pinned_static,e829d4678be1e075f99e5d41a1c5f97089be446b
2022-23,1610612764,22200548,2023-01-01,shufinskiy_nba_data_pinned_static,e829d4678be1e075f99e5d41a1c5f97089be446b
2022-23,1610612764,22200561,2023-01-03,shufinskiy_nba_data_pinned_static,e829d4678be1e075f99e5d41a1c5f97089be446b
2022-23,1610612764,22200584,2023-01-06,shufinskiy_nba_data_pinned_static,e829d4678be1e075f99e5d41a1c5f97089be446b
2022-23,1610612764,22200605,2023-01-09,shufinskiy_nba_data_pinned_static,e829d4678be1e075f99e5d41a1c5f97089be446b
2022-23,1610612764,22200619,2023-01-11,shufinskiy_nba_data_pinned_static,e829d4678be1e075f99e5d41a1c5f97089be446b
2022-23,1610612764,22200634,2023-01-13,shufinskiy_nba_data_pinned_static,e829d4678be1e075f99e5d41a1c5f97089be446b
2022-23,1610612764,22200660,2023-01-16,shufinskiy_nba_data_pinned_static,e829d4678be1e075f99e5d41a1c5f97089be446b
2022-23,1610612764,22200669,2023-01-18,shufinskiy_nba_data_pinned_static,e829d4678be1e075f99e5d41a1c5f97089be446b
2022-23,1610612764,22200693,2023-01-21,shufinskiy_nba_data_pinned_static,e829d4678be1e075f99e5d41a1c5f97089be446b
2022-23,1610612764,22200717,2023-01-24,shufinskiy_nba_data_pinned_static,e829d4678be1e075f99e5d41a1c5f97089be446b
2022-23,1610612764,22200722,2023-01-25,shufinskiy_nba_data_pinned_static,e829d4678be1e075f99e5d41a1c5f97089be446b
2022-23,1610612764,22200747,2023-01-28,shufinskiy_nba_data_pinned_static,e829d4678be1e075f99e5d41a1c5f97089be446b
2022-23,1610612764,22200760,2023-01-30,shufinskiy_nba_data_pinned_static,e829d4678be1e075f99e5d41a1c5f97089be446b
2022-23,1610612764,22200787,2023-02-03,shufinskiy_nba_data_pinned_static,e829d4678be1e075f99e5d41a1c5f97089be446b
2022-23,1610612764,22200793,2023-02-04,shufinskiy_nba_data_pinned_static,e829d4678be1e075f99e5d41a1c5f97089be446b
2022-23,1610612764,22200809,2023-02-06,shufinskiy_nba_data_pinned_static,e829d4678be1e075f99e5d41a1c5f97089be446b
2022-23,1610612764,22200823,2023-02-08,shufinskiy_nba_data_pinned_static,e829d4678be1e075f99e5d41a1c5f97089be446b
2022-23,1610612764,22200849,2023-02-11,shufinskiy_nba_data_pinned_static,e829d4678be1e075f99e5d41a1c5f97089be446b
2022-23,1610612764,22200866,2023-02-13,shufinskiy_nba_data_pinned_static,e829d4678be1e075f99e5d41a1c5f97089be446b
2022-23,1610612764,22200872,2023-02-14,shufinskiy_nba_data_pinned_static,e829d4678be1e075f99e5d41a1c5f97089be446b
2022-23,1610612764,22200884,2023-02-16,shufinskiy_nba_data_pinned_static,e829d4678be1e075f99e5d41a1c5f97089be446b
2022-23,1610612764,22200895,2023-02-24,shufinskiy_nba_data_pinned_static,e829d4678be1e075f99e5d41a1c5f97089be446b
2022-23,1610612764,22200912,2023-02-26,shufinskiy_nba_data_pinned_static,e829d4678be1e075f99e5d41a1c5f97089be446b
2022-23,1610612764,22200923,2023-02-28,shufinskiy_nba_data_pinned_static,e829d4678be1e075f99e5d41a1c5f97089be446b
2022-23,1610612764,22200942,2023-03-02,shufinskiy_nba_data_pinned_static,e829d4678be1e075f99e5d41a1c5f97089be446b
2022-23,1610612764,22200956,2023-03-04,shufinskiy_nba_data_pinned_static,e829d4678be1e075f99e5d41a1c5f97089be446b
2022-23,1610612764,22200973,2023-03-05,shufinskiy_nba_data_pinned_static,e829d4678be1e075f99e5d41a1c5f97089be446b
2022-23,1610612764,22200769,2023-03-07,shufinskiy_nba_data_pinned_static,e829d4678be1e075f99e5d41a1c5f97089be446b
2022-23,1610612764,22200985,2023-03-08,shufinskiy_nba_data_pinned_static,e829d4678be1e075f99e5d41a1c5f97089be446b
2022-23,1610612764,22200999,2023-03-10,shufinskiy_nba_data_pinned_static,e829d4678be1e075f99e5d41a1c5f97089be446b
2022-23,1610612764,22201016,2023-03-12,shufinskiy_nba_data_pinned_static,e829d4678be1e075f99e5d41a1c5f97089be446b
2022-23,1610612764,22201028,2023-03-14,shufinskiy_nba_data_pinned_static,e829d4678be1e075f99e5d41a1c5f97089be446b
2022-23,1610612764,22201049,2023-03-17,shufinskiy_nba_data_pinned_static,e829d4678be1e075f99e5d41a1c5f97089be446b
2022-23,1610612764,22201059,2023-03-18,shufinskiy_nba_data_pinned_static,e829d4678be1e075f99e5d41a1c5f97089be446b
2022-23,1610612764,22201077,2023-03-21,shufinskiy_nba_data_pinned_static,e829d4678be1e075f99e5d41a1c5f97089be446b
2022-23,1610612764,22201083,2023-03-22,shufinskiy_nba_data_pinned_static,e829d4678be1e075f99e5d41a1c5f97089be446b
2022-23,1610612764,22201098,2023-03-24,shufinskiy_nba_data_pinned_static,e829d4678be1e075f99e5d41a1c5f97089be446b
2022-23,1610612764,22201119,2023-03-26,shufinskiy_nba_data_pinned_static,e829d4678be1e075f99e5d41a1c5f97089be446b
2022-23,1610612764,22201130,2023-03-28,shufinskiy_nba_data_pinned_static,e829d4678be1e075f99e5d41a1c5f97089be446b
2022-23,1610612764,22201151,2023-03-31,shufinskiy_nba_data_pinned_static,e829d4678be1e075f99e5d41a1c5f97089be446b
2022-23,1610612764,22201168,2023-04-02,shufinskiy_nba_data_pinned_static,e829d4678be1e075f99e5d41a1c5f97089be446b
2022-23,1610612764,22201179,2023-04-04,shufinskiy_nba_data_pinned_static,e829d4678be1e075f99e5d41a1c5f97089be446b
2022-23,1610612764,22201191,2023-04-05,shufinskiy_nba_data_pinned_static,e829d4678be1e075f99e5d41a1c5f97089be446b
2022-23,1610612764,22201204,2023-04-07,shufinskiy_nba_data_pinned_static,e829d4678be1e075f99e5d41a1c5f97089be446b
2022-23,1610612764,22201222,2023-04-09,shufinskiy_nba_data_pinned_static,e829d4678be1e075f99e5d41a1c5f97089be446b
2022-23,1610612765,22200003,2022-10-19,shufinskiy_nba_data_pinned_static,e829d4678be1e075f99e5d41a1c5f97089be446b
2022-23,1610612765,22200023,2022-10-21,shufinskiy_nba_data_pinned_static,e829d4678be1e075f99e5d41a1c5f97089be446b
2022-23,1610612765,22200029,2022-10-22,shufinskiy_nba_data_pinned_static,e829d4678be1e075f99e5d41a1c5f97089be446b
2022-23,1610612765,22200052,2022-10-25,shufinskiy_nba_data_pinned_static,e829d4678be1e075f99e5d41a1c5f97089be446b
2022-23,1610612765,22200057,2022-10-26,shufinskiy_nba_data_pinned_static,e829d4678be1e075f99e5d41a1c5f97089be446b
2022-23,1610612765,22200070,2022-10-28,shufinskiy_nba_data_pinned_static,e829d4678be1e075f99e5d41a1c5f97089be446b
2022-23,1610612765,22200091,2022-10-30,shufinskiy_nba_data_pinned_static,e829d4678be1e075f99e5d41a1c5f97089be446b
2022-23,1610612765,22200100,2022-10-31,shufinskiy_nba_data_pinned_static,e829d4678be1e075f99e5d41a1c5f97089be446b
2022-23,1610612765,22200113,2022-11-02,shufinskiy_nba_data_pinned_static,e829d4678be1e075f99e5d41a1c5f97089be446b
2022-23,1610612765,22200120,2022-11-04,shufinskiy_nba_data_pinned_static,e829d4678be1e075f99e5d41a1c5f97089be446b
2022-23,1610612765,22200146,2022-11-07,shufinskiy_nba_data_pinned_static,e829d4678be1e075f99e5d41a1c5f97089be446b
2022-23,1610612765,22200163,2022-11-09,shufinskiy_nba_data_pinned_static,e829d4678be1e075f99e5d41a1c5f97089be446b
2022-23,1610612765,22200178,2022-11-11,shufinskiy_nba_data_pinned_static,e829d4678be1e075f99e5d41a1c5f97089be446b
2022-23,1610612765,22200186,2022-11-12,shufinskiy_nba_data_pinned_static,e829d4678be1e075f99e5d41a1c5f97089be446b
2022-23,1610612765,22200199,2022-11-14,shufinskiy_nba_data_pinned_static,e829d4678be1e075f99e5d41a1c5f97089be446b
2022-23,1610612765,22200223,2022-11-17,shufinskiy_nba_data_pinned_static,e829d4678be1e075f99e5d41a1c5f97089be446b
2022-23,1610612765,22200234,2022-11-18,shufinskiy_nba_data_pinned_static,e829d4678be1e075f99e5d41a1c5f97089be446b
2022-23,1610612765,22200242,2022-11-20,shufinskiy_nba_data_pinned_static,e829d4678be1e075f99e5d41a1c5f97089be446b
2022-23,1610612765,22200258,2022-11-22,shufinskiy_nba_data_pinned_static,e829d4678be1e075f99e5d41a1c5f97089be446b
2022-23,1610612765,22200270,2022-11-23,shufinskiy_nba_data_pinned_static,e829d4678be1e075f99e5d41a1c5f97089be446b
2022-23,1610612765,22200283,2022-11-25,shufinskiy_nba_data_pinned_static,e829d4678be1e075f99e5d41a1c5f97089be446b
2022-23,1610612765,22200295,2022-11-27,shufinskiy_nba_data_pinned_static,e829d4678be1e075f99e5d41a1c5f97089be446b
2022-23,1610612765,22200309,2022-11-29,shufinskiy_nba_data_pinned_static,e829d4678be1e075f99e5d41a1c5f97089be446b
2022-23,1610612765,22200325,2022-12-01,shufinskiy_nba_data_pinned_static,e829d4678be1e075f99e5d41a1c5f97089be446b
2022-23,1610612765,22200347,2022-12-04,shufinskiy_nba_data_pinned_static,e829d4678be1e075f99e5d41a1c5f97089be446b
2022-23,1610612765,22200361,2022-12-06,shufinskiy_nba_data_pinned_static,e829d4678be1e075f99e5d41a1c5f97089be446b
2022-23,1610612765,22200371,2022-12-07,shufinskiy_nba_data_pinned_static,e829d4678be1e075f99e5d41a1c5f97089be446b
2022-23,1610612765,22200383,2022-12-09,shufinskiy_nba_data_pinned_static,e829d4678be1e075f99e5d41a1c5f97089be446b
2022-23,1610612765,22200396,2022-12-11,shufinskiy_nba_data_pinned_static,e829d4678be1e075f99e5d41a1c5f97089be446b
2022-23,1610612765,22200414,2022-12-14,shufinskiy_nba_data_pinned_static,e829d4678be1e075f99e5d41a1c5f97089be446b
2022-23,1610612765,22200429,2022-12-16,shufinskiy_nba_data_pinned_static,e829d4678be1e075f99e5d41a1c5f97089be446b
2022-23,1610612765,22200447,2022-12-18,shufinskiy_nba_data_pinned_static,e829d4678be1e075f99e5d41a1c5f97089be446b
2022-23,1610612765,22200461,2022-12-20,shufinskiy_nba_data_pinned_static,e829d4678be1e075f99e5d41a1c5f97089be446b
2022-23,1610612765,22200467,2022-12-21,shufinskiy_nba_data_pinned_static,e829d4678be1e075f99e5d41a1c5f97089be446b
2022-23,1610612765,22200481,2022-12-23,shufinskiy_nba_data_pinned_static,e829d4678be1e075f99e5d41a1c5f97089be446b
2022-23,1610612765,22200499,2022-12-26,shufinskiy_nba_data_pinned_static,e829d4678be1e075f99e5d41a1c5f97089be446b
2022-23,1610612765,22200515,2022-12-28,shufinskiy_nba_data_pinned_static,e829d4678be1e075f99e5d41a1c5f97089be446b
2022-23,1610612765,22200532,2022-12-30,shufinskiy_nba_data_pinned_static,e829d4678be1e075f99e5d41a1c5f97089be446b
2022-23,1610612765,22200544,2022-12-31,shufinskiy_nba_data_pinned_static,e829d4678be1e075f99e5d41a1c5f97089be446b
2022-23,1610612765,22200559,2023-01-02,shufinskiy_nba_data_pinned_static,e829d4678be1e075f99e5d41a1c5f97089be446b
2022-23,1610612765,22200573,2023-01-04,shufinskiy_nba_data_pinned_static,e829d4678be1e075f99e5d41a1c5f97089be446b
2022-23,1610612765,22200585,2023-01-06,shufinskiy_nba_data_pinned_static,e829d4678be1e075f99e5d41a1c5f97089be446b
2022-23,1610612765,22200596,2023-01-08,shufinskiy_nba_data_pinned_static,e829d4678be1e075f99e5d41a1c5f97089be446b
2022-23,1610612765,22200612,2023-01-10,shufinskiy_nba_data_pinned_static,e829d4678be1e075f99e5d41a1c5f97089be446b
2022-23,1610612765,22200618,2023-01-11,shufinskiy_nba_data_pinned_static,e829d4678be1e075f99e5d41a1c5f97089be446b
2022-23,1610612765,22200632,2023-01-13,shufinskiy_nba_data_pinned_static,e829d4678be1e075f99e5d41a1c5f97089be446b
2022-23,1610612765,22200648,2023-01-15,shufinskiy_nba_data_pinned_static,e829d4678be1e075f99e5d41a1c5f97089be446b
2022-23,1610612765,22200678,2023-01-19,shufinskiy_nba_data_pinned_static,e829d4678be1e075f99e5d41a1c5f97089be446b
2022-23,1610612765,22200706,2023-01-23,shufinskiy_nba_data_pinned_static,e829d4678be1e075f99e5d41a1c5f97089be446b
2022-23,1610612765,22200731,2023-01-26,shufinskiy_nba_data_pinned_static,e829d4678be1e075f99e5d41a1c5f97089be446b
2022-23,1610612765,22200743,2023-01-28,shufinskiy_nba_data_pinned_static,e829d4678be1e075f99e5d41a1c5f97089be446b
2022-23,1610612765,22200761,2023-01-30,shufinskiy_nba_data_pinned_static,e829d4678be1e075f99e5d41a1c5f97089be446b
2022-23,1610612765,22200785,2023-02-03,shufinskiy_nba_data_pinned_static,e829d4678be1e075f99e5d41a1c5f97089be446b
2022-23,1610612765,22200794,2023-02-04,shufinskiy_nba_data_pinned_static,e829d4678be1e075f99e5d41a1c5f97089be446b
2022-23,1610612765,22200808,2023-02-06,shufinskiy_nba_data_pinned_static,e829d4678be1e075f99e5d41a1c5f97089be446b
2022-23,1610612765,22200822,2023-02-08,shufinskiy_nba_data_pinned_static,e829d4678be1e075f99e5d41a1c5f97089be446b
2022-23,1610612765,22200835,2023-02-10,shufinskiy_nba_data_pinned_static,e829d4678be1e075f99e5d41a1c5f97089be446b
2022-23,1610612765,22200856,2023-02-12,shufinskiy_nba_data_pinned_static,e829d4678be1e075f99e5d41a1c5f97089be446b
2022-23,1610612765,22200877,2023-02-15,shufinskiy_nba_data_pinned_static,e829d4678be1e075f99e5d41a1c5f97089be446b
2022-23,1610612765,22200888,2023-02-23,shufinskiy_nba_data_pinned_static,e829d4678be1e075f99e5d41a1c5f97089be446b
2022-23,1610612765,22200903,2023-02-25,shufinskiy_nba_data_pinned_static,e829d4678be1e075f99e5d41a1c5f97089be446b
2022-23,1610612765,22200919,2023-02-27,shufinskiy_nba_data_pinned_static,e829d4678be1e075f99e5d41a1c5f97089be446b
2022-23,1610612765,22200934,2023-03-01,shufinskiy_nba_data_pinned_static,e829d4678be1e075f99e5d41a1c5f97089be446b
2022-23,1610612765,22200957,2023-03-04,shufinskiy_nba_data_pinned_static,e829d4678be1e075f99e5d41a1c5f97089be446b
2022-23,1610612765,22200977,2023-03-06,shufinskiy_nba_data_pinned_static,e829d4678be1e075f99e5d41a1c5f97089be446b
2022-23,1610612765,22200769,2023-03-07,shufinskiy_nba_data_pinned_static,e829d4678be1e075f99e5d41a1c5f97089be446b
2022-23,1610612765,22200992,2023-03-09,shufinskiy_nba_data_pinned_static,e829d4678be1e075f99e5d41a1c5f97089be446b
2022-23,1610612765,22201006,2023-03-11,shufinskiy_nba_data_pinned_static,e829d4678be1e075f99e5d41a1c5f97089be446b
2022-23,1610612765,22201020,2023-03-13,shufinskiy_nba_data_pinned_static,e829d4678be1e075f99e5d41a1c5f97089be446b
2022-23,1610612765,22201028,2023-03-14,shufinskiy_nba_data_pinned_static,e829d4678be1e075f99e5d41a1c5f97089be446b
2022-23,1610612765,22201042,2023-03-16,shufinskiy_nba_data_pinned_static,e829d4678be1e075f99e5d41a1c5f97089be446b
2022-23,1610612765,22201066,2023-03-19,shufinskiy_nba_data_pinned_static,e829d4678be1e075f99e5d41a1c5f97089be446b
2022-23,1610612765,22201078,2023-03-21,shufinskiy_nba_data_pinned_static,e829d4678be1e075f99e5d41a1c5f97089be446b
2022-23,1610612765,22201099,2023-03-24,shufinskiy_nba_data_pinned_static,e829d4678be1e075f99e5d41a1c5f97089be446b
2022-23,1610612765,22201122,2023-03-27,shufinskiy_nba_data_pinned_static,e829d4678be1e075f99e5d41a1c5f97089be446b
2022-23,1610612765,22201142,2023-03-29,shufinskiy_nba_data_pinned_static,e829d4678be1e075f99e5d41a1c5f97089be446b
2022-23,1610612765,22201155,2023-03-31,shufinskiy_nba_data_pinned_static,e829d4678be1e075f99e5d41a1c5f97089be446b
2022-23,1610612765,22201169,2023-04-02,shufinskiy_nba_data_pinned_static,e829d4678be1e075f99e5d41a1c5f97089be446b
2022-23,1610612765,22201177,2023-04-04,shufinskiy_nba_data_pinned_static,e829d4678be1e075f99e5d41a1c5f97089be446b
2022-23,1610612765,22201189,2023-04-05,shufinskiy_nba_data_pinned_static,e829d4678be1e075f99e5d41a1c5f97089be446b
2022-23,1610612765,22201203,2023-04-07,shufinskiy_nba_data_pinned_static,e829d4678be1e075f99e5d41a1c5f97089be446b
2022-23,1610612765,22201223,2023-04-09,shufinskiy_nba_data_pinned_static,e829d4678be1e075f99e5d41a1c5f97089be446b
2022-23,1610612766,22200011,2022-10-19,shufinskiy_nba_data_pinned_static,e829d4678be1e075f99e5d41a1c5f97089be446b
2022-23,1610612766,22200017,2022-10-21,shufinskiy_nba_data_pinned_static,e829d4678be1e075f99e5d41a1c5f97089be446b
2022-23,1610612766,22200038,2022-10-23,shufinskiy_nba_data_pinned_static,e829d4678be1e075f99e5d41a1c5f97089be446b
2022-23,1610612766,22200058,2022-10-26,shufinskiy_nba_data_pinned_static,e829d4678be1e075f99e5d41a1c5f97089be446b
2022-23,1610612766,22200071,2022-10-28,shufinskiy_nba_data_pinned_static,e829d4678be1e075f99e5d41a1c5f97089be446b
2022-23,1610612766,22200082,2022-10-29,shufinskiy_nba_data_pinned_static,e829d4678be1e075f99e5d41a1c5f97089be446b
2022-23,1610612766,22200096,2022-10-31,shufinskiy_nba_data_pinned_static,e829d4678be1e075f99e5d41a1c5f97089be446b
2022-23,1610612766,22200111,2022-11-02,shufinskiy_nba_data_pinned_static,e829d4678be1e075f99e5d41a1c5f97089be446b
2022-23,1610612766,22200125,2022-11-04,shufinskiy_nba_data_pinned_static,e829d4678be1e075f99e5d41a1c5f97089be446b
2022-23,1610612766,22200133,2022-11-05,shufinskiy_nba_data_pinned_static,e829d4678be1e075f99e5d41a1c5f97089be446b
2022-23,1610612766,22200144,2022-11-07,shufinskiy_nba_data_pinned_static,e829d4678be1e075f99e5d41a1c5f97089be446b
2022-23,1610612766,22200159,2022-11-09,shufinskiy_nba_data_pinned_static,e829d4678be1e075f99e5d41a1c5f97089be446b
2022-23,1610612766,22200174,2022-11-10,shufinskiy_nba_data_pinned_static,e829d4678be1e075f99e5d41a1c5f97089be446b
2022-23,1610612766,22200189,2022-11-12,shufinskiy_nba_data_pinned_static,e829d4678be1e075f99e5d41a1c5f97089be446b
2022-23,1610612766,22200200,2022-11-14,shufinskiy_nba_data_pinned_static,e829d4678be1e075f99e5d41a1c5f97089be446b
2022-23,1610612766,22200211,2022-11-16,shufinskiy_nba_data_pinned_static,e829d4678be1e075f99e5d41a1c5f97089be446b
2022-23,1610612766,22200225,2022-11-18,shufinskiy_nba_data_pinned_static,e829d4678be1e075f99e5d41a1c5f97089be446b
2022-23,1610612766,22200241,2022-11-20,shufinskiy_nba_data_pinned_static,e829d4678be1e075f99e5d41a1c5f97089be446b
2022-23,1610612766,22200260,2022-11-23,shufinskiy_nba_data_pinned_static,e829d4678be1e075f99e5d41a1c5f97089be446b
2022-23,1610612766,22200272,2022-11-25,shufinskiy_nba_data_pinned_static,e829d4678be1e075f99e5d41a1c5f97089be446b
2022-23,1610612766,22200301,2022-11-28,shufinskiy_nba_data_pinned_static,e829d4678be1e075f99e5d41a1c5f97089be446b
2022-23,1610612766,22200326,2022-12-02,shufinskiy_nba_data_pinned_static,e829d4678be1e075f99e5d41a1c5f97089be446b
2022-23,1610612766,22200339,2022-12-03,shufinskiy_nba_data_pinned_static,e829d4678be1e075f99e5d41a1c5f97089be446b
2022-23,1610612766,22200352,2022-12-05,shufinskiy_nba_data_pinned_static,e829d4678be1e075f99e5d41a1c5f97089be446b
2022-23,1610612766,22200364,2022-12-07,shufinskiy_nba_data_pinned_static,e829d4678be1e075f99e5d41a1c5f97089be446b
2022-23,1610612766,22200377,2022-12-09,shufinskiy_nba_data_pinned_static,e829d4678be1e075f99e5d41a1c5f97089be446b
2022-23,1610612766,22200399,2022-12-11,shufinskiy_nba_data_pinned_static,e829d4678be1e075f99e5d41a1c5f97089be446b
2022-23,1610612766,22200414,2022-12-14,shufinskiy_nba_data_pinned_static,e829d4678be1e075f99e5d41a1c5f97089be446b
2022-23,1610612766,22200428,2022-12-16,shufinskiy_nba_data_pinned_static,e829d4678be1e075f99e5d41a1c5f97089be446b
2022-23,1610612766,22200450,2022-12-18,shufinskiy_nba_data_pinned_static,e829d4678be1e075f99e5d41a1c5f97089be446b
2022-23,1610612766,22200460,2022-12-19,shufinskiy_nba_data_pinned_static,e829d4678be1e075f99e5d41a1c5f97089be446b
2022-23,1610612766,22200476,2022-12-21,shufinskiy_nba_data_pinned_static,e829d4678be1e075f99e5d41a1c5f97089be446b
2022-23,1610612766,22200492,2022-12-23,shufinskiy_nba_data_pinned_static,e829d4678be1e075f99e5d41a1c5f97089be446b
2022-23,1610612766,22200504,2022-12-26,shufinskiy_nba_data_pinned_static,e829d4678be1e075f99e5d41a1c5f97089be446b
2022-23,1610612766,22200513,2022-12-27,shufinskiy_nba_data_pinned_static,e829d4678be1e075f99e5d41a1c5f97089be446b
2022-23,1610612766,22200523,2022-12-29,shufinskiy_nba_data_pinned_static,e829d4678be1e075f99e5d41a1c5f97089be446b
2022-23,1610612766,22200539,2022-12-31,shufinskiy_nba_data_pinned_static,e829d4678be1e075f99e5d41a1c5f97089be446b
2022-23,1610612766,22200551,2023-01-02,shufinskiy_nba_data_pinned_static,e829d4678be1e075f99e5d41a1c5f97089be446b
2022-23,1610612766,22200564,2023-01-04,shufinskiy_nba_data_pinned_static,e829d4678be1e075f99e5d41a1c5f97089be446b
2022-23,1610612766,22200583,2023-01-06,shufinskiy_nba_data_pinned_static,e829d4678be1e075f99e5d41a1c5f97089be446b
2022-23,1610612766,22200598,2023-01-08,shufinskiy_nba_data_pinned_static,e829d4678be1e075f99e5d41a1c5f97089be446b
2022-23,1610612766,22200613,2023-01-10,shufinskiy_nba_data_pinned_static,e829d4678be1e075f99e5d41a1c5f97089be446b
2022-23,1610612766,22200629,2023-01-12,shufinskiy_nba_data_pinned_static,e829d4678be1e075f99e5d41a1c5f97089be446b
2022-23,1610612766,22200642,2023-01-14,shufinskiy_nba_data_pinned_static,e829d4678be1e075f99e5d41a1c5f97089be446b
2022-23,1610612766,22200656,2023-01-16,shufinskiy_nba_data_pinned_static,e829d4678be1e075f99e5d41a1c5f97089be446b
2022-23,1610612766,22200671,2023-01-18,shufinskiy_nba_data_pinned_static,e829d4678be1e075f99e5d41a1c5f97089be446b
2022-23,1610612766,22200694,2023-01-21,shufinskiy_nba_data_pinned_static,e829d4678be1e075f99e5d41a1c5f97089be446b
2022-23,1610612766,22200710,2023-01-23,shufinskiy_nba_data_pinned_static,e829d4678be1e075f99e5d41a1c5f97089be446b
2022-23,1610612766,22200718,2023-01-24,shufinskiy_nba_data_pinned_static,e829d4678be1e075f99e5d41a1c5f97089be446b
2022-23,1610612766,22200732,2023-01-26,shufinskiy_nba_data_pinned_static,e829d4678be1e075f99e5d41a1c5f97089be446b
2022-23,1610612766,22200752,2023-01-29,shufinskiy_nba_data_pinned_static,e829d4678be1e075f99e5d41a1c5f97089be446b
2022-23,1610612766,22200767,2023-01-31,shufinskiy_nba_data_pinned_static,e829d4678be1e075f99e5d41a1c5f97089be446b
2022-23,1610612766,22200781,2023-02-02,shufinskiy_nba_data_pinned_static,e829d4678be1e075f99e5d41a1c5f97089be446b
2022-23,1610612766,22200785,2023-02-03,shufinskiy_nba_data_pinned_static,e829d4678be1e075f99e5d41a1c5f97089be446b
2022-23,1610612766,22200802,2023-02-05,shufinskiy_nba_data_pinned_static,e829d4678be1e075f99e5d41a1c5f97089be446b
2022-23,1610612766,22200823,2023-02-08,shufinskiy_nba_data_pinned_static,e829d4678be1e075f99e5d41a1c5f97089be446b
2022-23,1610612766,22200838,2023-02-10,shufinskiy_nba_data_pinned_static,e829d4678be1e075f99e5d41a1c5f97089be446b
2022-23,1610612766,22200847,2023-02-11,shufinskiy_nba_data_pinned_static,e829d4678be1e075f99e5d41a1c5f97089be446b
2022-23,1610612766,22200857,2023-02-13,shufinskiy_nba_data_pinned_static,e829d4678be1e075f99e5d41a1c5f97089be446b
2022-23,1610612766,22200873,2023-02-15,shufinskiy_nba_data_pinned_static,e829d4678be1e075f99e5d41a1c5f97089be446b
2022-23,1610612766,22200898,2023-02-24,shufinskiy_nba_data_pinned_static,e829d4678be1e075f99e5d41a1c5f97089be446b
2022-23,1610612766,22200904,2023-02-25,shufinskiy_nba_data_pinned_static,e829d4678be1e075f99e5d41a1c5f97089be446b
2022-23,1610612766,22200919,2023-02-27,shufinskiy_nba_data_pinned_static,e829d4678be1e075f99e5d41a1c5f97089be446b
2022-23,1610612766,22200933,2023-03-01,shufinskiy_nba_data_pinned_static,e829d4678be1e075f99e5d41a1c5f97089be446b
2022-23,1610612766,22200946,2023-03-03,shufinskiy_nba_data_pinned_static,e829d4678be1e075f99e5d41a1c5f97089be446b
2022-23,1610612766,22200965,2023-03-05,shufinskiy_nba_data_pinned_static,e829d4678be1e075f99e5d41a1c5f97089be446b
2022-23,1610612766,22200979,2023-03-07,shufinskiy_nba_data_pinned_static,e829d4678be1e075f99e5d41a1c5f97089be446b
2022-23,1610612766,22200992,2023-03-09,shufinskiy_nba_data_pinned_static,e829d4678be1e075f99e5d41a1c5f97089be446b
2022-23,1610612766,22201005,2023-03-11,shufinskiy_nba_data_pinned_static,e829d4678be1e075f99e5d41a1c5f97089be446b
2022-23,1610612766,22201015,2023-03-12,shufinskiy_nba_data_pinned_static,e829d4678be1e075f99e5d41a1c5f97089be446b
2022-23,1610612766,22201027,2023-03-14,shufinskiy_nba_data_pinned_static,e829d4678be1e075f99e5d41a1c5f97089be446b
2022-23,1610612766,22201047,2023-03-17,shufinskiy_nba_data_pinned_static,e829d4678be1e075f99e5d41a1c5f97089be446b
2022-23,1610612766,22201071,2023-03-20,shufinskiy_nba_data_pinned_static,e829d4678be1e075f99e5d41a1c5f97089be446b
2022-23,1610612766,22201095,2023-03-23,shufinskiy_nba_data_pinned_static,e829d4678be1e075f99e5d41a1c5f97089be446b
2022-23,1610612766,22201101,2023-03-24,shufinskiy_nba_data_pinned_static,e829d4678be1e075f99e5d41a1c5f97089be446b
2022-23,1610612766,22201113,2023-03-26,shufinskiy_nba_data_pinned_static,e829d4678be1e075f99e5d41a1c5f97089be446b
2022-23,1610612766,22201134,2023-03-28,shufinskiy_nba_data_pinned_static,e829d4678be1e075f99e5d41a1c5f97089be446b
2022-23,1610612766,22201148,2023-03-31,shufinskiy_nba_data_pinned_static,e829d4678be1e075f99e5d41a1c5f97089be446b
2022-23,1610612766,22201163,2023-04-02,shufinskiy_nba_data_pinned_static,e829d4678be1e075f99e5d41a1c5f97089be446b
2022-23,1610612766,22201176,2023-04-04,shufinskiy_nba_data_pinned_static,e829d4678be1e075f99e5d41a1c5f97089be446b
2022-23,1610612766,22201202,2023-04-07,shufinskiy_nba_data_pinned_static,e829d4678be1e075f99e5d41a1c5f97089be446b
2022-23,1610612766,22201218,2023-04-09,shufinskiy_nba_data_pinned_static,e829d4678be1e075f99e5d41a1c5f97089be446b
2023-24,1610612751,22300067,2023-10-25,shufinskiy_nba_data_pinned_static,e829d4678be1e075f99e5d41a1c5f97089be446b
2023-24,1610612751,22300084,2023-10-27,shufinskiy_nba_data_pinned_static,e829d4678be1e075f99e5d41a1c5f97089be446b
2023-24,1610612751,22300101,2023-10-30,shufinskiy_nba_data_pinned_static,e829d4678be1e075f99e5d41a1c5f97089be446b
2023-24,1610612751,22300119,2023-11-01,shufinskiy_nba_data_pinned_static,e829d4678be1e075f99e5d41a1c5f97089be446b
2023-24,1610612751,22300004,2023-11-03,shufinskiy_nba_data_pinned_static,e829d4678be1e075f99e5d41a1c5f97089be446b
2023-24,1610612751,22300136,2023-11-04,shufinskiy_nba_data_pinned_static,e829d4678be1e075f99e5d41a1c5f97089be446b
2023-24,1610612751,22300149,2023-11-06,shufinskiy_nba_data_pinned_static,e829d4678be1e075f99e5d41a1c5f97089be446b
2023-24,1610612751,22300160,2023-11-08,shufinskiy_nba_data_pinned_static,e829d4678be1e075f99e5d41a1c5f97089be446b
2023-24,1610612751,22300010,2023-11-10,shufinskiy_nba_data_pinned_static,e829d4678be1e075f99e5d41a1c5f97089be446b
2023-24,1610612751,22300178,2023-11-12,shufinskiy_nba_data_pinned_static,e829d4678be1e075f99e5d41a1c5f97089be446b
2023-24,1610612751,22300020,2023-11-14,shufinskiy_nba_data_pinned_static,e829d4678be1e075f99e5d41a1c5f97089be446b
2023-24,1610612751,22300200,2023-11-16,shufinskiy_nba_data_pinned_static,e829d4678be1e075f99e5d41a1c5f97089be446b
2023-24,1610612751,22300208,2023-11-19,shufinskiy_nba_data_pinned_static,e829d4678be1e075f99e5d41a1c5f97089be446b
2023-24,1610612751,22300227,2023-11-22,shufinskiy_nba_data_pinned_static,e829d4678be1e075f99e5d41a1c5f97089be446b
2023-24,1610612751,22300240,2023-11-25,shufinskiy_nba_data_pinned_static,e829d4678be1e075f99e5d41a1c5f97089be446b
2023-24,1610612751,22300250,2023-11-26,shufinskiy_nba_data_pinned_static,e829d4678be1e075f99e5d41a1c5f97089be446b
2023-24,1610612751,22300054,2023-11-28,shufinskiy_nba_data_pinned_static,e829d4678be1e075f99e5d41a1c5f97089be446b
2023-24,1610612751,22300266,2023-11-30,shufinskiy_nba_data_pinned_static,e829d4678be1e075f99e5d41a1c5f97089be446b
2023-24,1610612751,22300282,2023-12-02,shufinskiy_nba_data_pinned_static,e829d4678be1e075f99e5d41a1c5f97089be446b
2023-24,1610612751,22301209,2023-12-06,shufinskiy_nba_data_pinned_static,e829d4678be1e075f99e5d41a1c5f97089be446b
2023-24,1610612751,22301219,2023-12-08,shufinskiy_nba_data_pinned_static,e829d4678be1e075f99e5d41a1c5f97089be446b
2023-24,1610612751,22300303,2023-12-11,shufinskiy_nba_data_pinned_static,e829d4678be1e075f99e5d41a1c5f97089be446b
2023-24,1610612751,22300317,2023-12-13,shufinskiy_nba_data_pinned_static,e829d4678be1e075f99e5d41a1c5f97089be446b
2023-24,1610612751,22300322,2023-12-14,shufinskiy_nba_data_pinned_static,e829d4678be1e075f99e5d41a1c5f97089be446b
2023-24,1610612751,22300339,2023-12-16,shufinskiy_nba_data_pinned_static,e829d4678be1e075f99e5d41a1c5f97089be446b
2023-24,1610612751,22300357,2023-12-18,shufinskiy_nba_data_pinned_static,e829d4678be1e075f99e5d41a1c5f97089be446b
2023-24,1610612751,22300368,2023-12-20,shufinskiy_nba_data_pinned_static,e829d4678be1e075f99e5d41a1c5f97089be446b
2023-24,1610612751,22300383,2023-12-22,shufinskiy_nba_data_pinned_static,e829d4678be1e075f99e5d41a1c5f97089be446b
2023-24,1610612751,22300394,2023-12-23,shufinskiy_nba_data_pinned_static,e829d4678be1e075f99e5d41a1c5f97089be446b
2023-24,1610612751,22300406,2023-12-26,shufinskiy_nba_data_pinned_static,e829d4678be1e075f99e5d41a1c5f97089be446b
2023-24,1610612751,22300417,2023-12-27,shufinskiy_nba_data_pinned_static,e829d4678be1e075f99e5d41a1c5f97089be446b
2023-24,1610612751,22300430,2023-12-29,shufinskiy_nba_data_pinned_static,e829d4678be1e075f99e5d41a1c5f97089be446b
2023-24,1610612751,22300447,2023-12-31,shufinskiy_nba_data_pinned_static,e829d4678be1e075f99e5d41a1c5f97089be446b
2023-24,1610612751,22300461,2024-01-02,shufinskiy_nba_data_pinned_static,e829d4678be1e075f99e5d41a1c5f97089be446b
2023-24,1610612751,22300469,2024-01-03,shufinskiy_nba_data_pinned_static,e829d4678be1e075f99e5d41a1c5f97089be446b
2023-24,1610612751,22300481,2024-01-05,shufinskiy_nba_data_pinned_static,e829d4678be1e075f99e5d41a1c5f97089be446b
2023-24,1610612751,22300498,2024-01-07,shufinskiy_nba_data_pinned_static,e829d4678be1e075f99e5d41a1c5f97089be446b
2023-24,1610612751,22300527,2024-01-11,shufinskiy_nba_data_pinned_static,e829d4678be1e075f99e5d41a1c5f97089be446b
2023-24,1610612751,22300562,2024-01-15,shufinskiy_nba_data_pinned_static,e829d4678be1e075f99e5d41a1c5f97089be446b
2023-24,1610612751,22300578,2024-01-17,shufinskiy_nba_data_pinned_static,e829d4678be1e075f99e5d41a1c5f97089be446b
2023-24,1610612751,22300591,2024-01-19,shufinskiy_nba_data_pinned_static,e829d4678be1e075f99e5d41a1c5f97089be446b
2023-24,1610612751,22300600,2024-01-21,shufinskiy_nba_data_pinned_static,e829d4678be1e075f99e5d41a1c5f97089be446b
2023-24,1610612751,22300615,2024-01-23,shufinskiy_nba_data_pinned_static,e829d4678be1e075f99e5d41a1c5f97089be446b
2023-24,1610612751,22300629,2024-01-25,shufinskiy_nba_data_pinned_static,e829d4678be1e075f99e5d41a1c5f97089be446b
2023-24,1610612751,22300645,2024-01-27,shufinskiy_nba_data_pinned_static,e829d4678be1e075f99e5d41a1c5f97089be446b
2023-24,1610612751,22300660,2024-01-29,shufinskiy_nba_data_pinned_static,e829d4678be1e075f99e5d41a1c5f97089be446b
2023-24,1610612751,22300677,2024-01-31,shufinskiy_nba_data_pinned_static,e829d4678be1e075f99e5d41a1c5f97089be446b
2023-24,1610612751,22300698,2024-02-03,shufinskiy_nba_data_pinned_static,e829d4678be1e075f99e5d41a1c5f97089be446b
2023-24,1610612751,22300717,2024-02-05,shufinskiy_nba_data_pinned_static,e829d4678be1e075f99e5d41a1c5f97089be446b
2023-24,1610612751,22300720,2024-02-06,shufinskiy_nba_data_pinned_static,e829d4678be1e075f99e5d41a1c5f97089be446b
2023-24,1610612751,22300735,2024-02-08,shufinskiy_nba_data_pinned_static,e829d4678be1e075f99e5d41a1c5f97089be446b
2023-24,1610612751,22300750,2024-02-10,shufinskiy_nba_data_pinned_static,e829d4678be1e075f99e5d41a1c5f97089be446b
2023-24,1610612751,22300771,2024-02-13,shufinskiy_nba_data_pinned_static,e829d4678be1e075f99e5d41a1c5f97089be446b
2023-24,1610612751,22300780,2024-02-14,shufinskiy_nba_data_pinned_static,e829d4678be1e075f99e5d41a1c5f97089be446b
2023-24,1610612751,22300795,2024-02-22,shufinskiy_nba_data_pinned_static,e829d4678be1e075f99e5d41a1c5f97089be446b
2023-24,1610612751,22300815,2024-02-24,shufinskiy_nba_data_pinned_static,e829d4678be1e075f99e5d41a1c5f97089be446b
2023-24,1610612751,22300830,2024-02-26,shufinskiy_nba_data_pinned_static,e829d4678be1e075f99e5d41a1c5f97089be446b
2023-24,1610612751,22300833,2024-02-27,shufinskiy_nba_data_pinned_static,e829d4678be1e075f99e5d41a1c5f97089be446b
2023-24,1610612751,22300851,2024-02-29,shufinskiy_nba_data_pinned_static,e829d4678be1e075f99e5d41a1c5f97089be446b
2023-24,1610612751,22300866,2024-03-02,shufinskiy_nba_data_pinned_static,e829d4678be1e075f99e5d41a1c5f97089be446b
2023-24,1610612751,22300879,2024-03-04,shufinskiy_nba_data_pinned_static,e829d4678be1e075f99e5d41a1c5f97089be446b
2023-24,1610612751,22300887,2024-03-05,shufinskiy_nba_data_pinned_static,e829d4678be1e075f99e5d41a1c5f97089be446b
2023-24,1610612751,22300902,2024-03-07,shufinskiy_nba_data_pinned_static,e829d4678be1e075f99e5d41a1c5f97089be446b
2023-24,1610612751,22300918,2024-03-09,shufinskiy_nba_data_pinned_static,e829d4678be1e075f99e5d41a1c5f97089be446b
2023-24,1610612751,22300930,2024-03-10,shufinskiy_nba_data_pinned_static,e829d4678be1e075f99e5d41a1c5f97089be446b
2023-24,1610612751,22300947,2024-03-13,shufinskiy_nba_data_pinned_static,e829d4678be1e075f99e5d41a1c5f97089be446b
2023-24,1610612751,22300968,2024-03-16,shufinskiy_nba_data_pinned_static,e829d4678be1e075f99e5d41a1c5f97089be446b
2023-24,1610612751,22300981,2024-03-17,shufinskiy_nba_data_pinned_static,e829d4678be1e075f99e5d41a1c5f97089be446b
2023-24,1610612751,22300993,2024-03-19,shufinskiy_nba_data_pinned_static,e829d4678be1e075f99e5d41a1c5f97089be446b
2023-24,1610612751,22301007,2024-03-21,shufinskiy_nba_data_pinned_static,e829d4678be1e075f99e5d41a1c5f97089be446b
2023-24,1610612751,22301019,2024-03-23,shufinskiy_nba_data_pinned_static,e829d4678be1e075f99e5d41a1c5f97089be446b
2023-24,1610612751,22301036,2024-03-25,shufinskiy_nba_data_pinned_static,e829d4678be1e075f99e5d41a1c5f97089be446b
2023-24,1610612751,22301050,2024-03-27,shufinskiy_nba_data_pinned_static,e829d4678be1e075f99e5d41a1c5f97089be446b
2023-24,1610612751,22301066,2024-03-29,shufinskiy_nba_data_pinned_static,e829d4678be1e075f99e5d41a1c5f97089be446b
2023-24,1610612751,22301078,2024-03-31,shufinskiy_nba_data_pinned_static,e829d4678be1e075f99e5d41a1c5f97089be446b
2023-24,1610612751,22301089,2024-04-01,shufinskiy_nba_data_pinned_static,e829d4678be1e075f99e5d41a1c5f97089be446b
2023-24,1610612751,22301106,2024-04-03,shufinskiy_nba_data_pinned_static,e829d4678be1e075f99e5d41a1c5f97089be446b
2023-24,1610612751,22301128,2024-04-06,shufinskiy_nba_data_pinned_static,e829d4678be1e075f99e5d41a1c5f97089be446b
2023-24,1610612751,22301141,2024-04-07,shufinskiy_nba_data_pinned_static,e829d4678be1e075f99e5d41a1c5f97089be446b
2023-24,1610612751,22301160,2024-04-10,shufinskiy_nba_data_pinned_static,e829d4678be1e075f99e5d41a1c5f97089be446b
2023-24,1610612751,22301175,2024-04-12,shufinskiy_nba_data_pinned_static,e829d4678be1e075f99e5d41a1c5f97089be446b
2023-24,1610612751,22301192,2024-04-14,shufinskiy_nba_data_pinned_static,e829d4678be1e075f99e5d41a1c5f97089be446b
2024-25,1610612744,22400072,2024-10-23,shufinskiy_nba_data_pinned_static,e829d4678be1e075f99e5d41a1c5f97089be446b
2024-25,1610612744,22400084,2024-10-25,shufinskiy_nba_data_pinned_static,e829d4678be1e075f99e5d41a1c5f97089be446b
2024-25,1610612744,22400101,2024-10-27,shufinskiy_nba_data_pinned_static,e829d4678be1e075f99e5d41a1c5f97089be446b
2024-25,1610612744,22400116,2024-10-29,shufinskiy_nba_data_pinned_static,e829d4678be1e075f99e5d41a1c5f97089be446b
2024-25,1610612744,22400126,2024-10-30,shufinskiy_nba_data_pinned_static,e829d4678be1e075f99e5d41a1c5f97089be446b
2024-25,1610612744,22400144,2024-11-02,shufinskiy_nba_data_pinned_static,e829d4678be1e075f99e5d41a1c5f97089be446b
2024-25,1610612744,22400155,2024-11-04,shufinskiy_nba_data_pinned_static,e829d4678be1e075f99e5d41a1c5f97089be446b
2024-25,1610612744,22400172,2024-11-06,shufinskiy_nba_data_pinned_static,e829d4678be1e075f99e5d41a1c5f97089be446b
2024-25,1610612744,22400188,2024-11-08,shufinskiy_nba_data_pinned_static,e829d4678be1e075f99e5d41a1c5f97089be446b
2024-25,1610612744,22400207,2024-11-10,shufinskiy_nba_data_pinned_static,e829d4678be1e075f99e5d41a1c5f97089be446b
2024-25,1610612744,22400007,2024-11-12,shufinskiy_nba_data_pinned_static,e829d4678be1e075f99e5d41a1c5f97089be446b
2024-25,1610612744,22400019,2024-11-15,shufinskiy_nba_data_pinned_static,e829d4678be1e075f99e5d41a1c5f97089be446b
2024-25,1610612744,22400251,2024-11-18,shufinskiy_nba_data_pinned_static,e829d4678be1e075f99e5d41a1c5f97089be446b
2024-25,1610612744,22400258,2024-11-20,shufinskiy_nba_data_pinned_static,e829d4678be1e075f99e5d41a1c5f97089be446b
2024-25,1610612744,22400032,2024-11-22,shufinskiy_nba_data_pinned_static,e829d4678be1e075f99e5d41a1c5f97089be446b
2024-25,1610612744,22400269,2024-11-23,shufinskiy_nba_data_pinned_static,e829d4678be1e075f99e5d41a1c5f97089be446b
2024-25,1610612744,22400284,2024-11-25,shufinskiy_nba_data_pinned_static,e829d4678be1e075f99e5d41a1c5f97089be446b
2024-25,1610612744,22400299,2024-11-27,shufinskiy_nba_data_pinned_static,e829d4678be1e075f99e5d41a1c5f97089be446b
2024-25,1610612744,22400303,2024-11-30,shufinskiy_nba_data_pinned_static,e829d4678be1e075f99e5d41a1c5f97089be446b
2024-25,1610612744,22400058,2024-12-03,shufinskiy_nba_data_pinned_static,e829d4678be1e075f99e5d41a1c5f97089be446b
2024-25,1610612744,22400332,2024-12-05,shufinskiy_nba_data_pinned_static,e829d4678be1e075f99e5d41a1c5f97089be446b
2024-25,1610612744,22400338,2024-12-06,shufinskiy_nba_data_pinned_static,e829d4678be1e075f99e5d41a1c5f97089be446b
2024-25,1610612744,22400355,2024-12-08,shufinskiy_nba_data_pinned_static,e829d4678be1e075f99e5d41a1c5f97089be446b
2024-25,1610612744,22401204,2024-12-11,shufinskiy_nba_data_pinned_static,e829d4678be1e075f99e5d41a1c5f97089be446b
2024-25,1610612744,22401228,2024-12-15,shufinskiy_nba_data_pinned_static,e829d4678be1e075f99e5d41a1c5f97089be446b
2024-25,1610612744,22400366,2024-12-19,shufinskiy_nba_data_pinned_static,e829d4678be1e075f99e5d41a1c5f97089be446b
2024-25,1610612744,22400383,2024-12-21,shufinskiy_nba_data_pinned_static,e829d4678be1e075f99e5d41a1c5f97089be446b
2024-25,1610612744,22400403,2024-12-23,shufinskiy_nba_data_pinned_static,e829d4678be1e075f99e5d41a1c5f97089be446b
2024-25,1610612744,22400408,2024-12-25,shufinskiy_nba_data_pinned_static,e829d4678be1e075f99e5d41a1c5f97089be446b
2024-25,1610612744,22400426,2024-12-27,shufinskiy_nba_data_pinned_static,e829d4678be1e075f99e5d41a1c5f97089be446b
2024-25,1610612744,22400431,2024-12-28,shufinskiy_nba_data_pinned_static,e829d4678be1e075f99e5d41a1c5f97089be446b
2024-25,1610612744,22400446,2024-12-30,shufinskiy_nba_data_pinned_static,e829d4678be1e075f99e5d41a1c5f97089be446b
2024-25,1610612744,22400467,2025-01-02,shufinskiy_nba_data_pinned_static,e829d4678be1e075f99e5d41a1c5f97089be446b
2024-25,1610612744,22400485,2025-01-04,shufinskiy_nba_data_pinned_static,e829d4678be1e075f99e5d41a1c5f97089be446b
2024-25,1610612744,22400492,2025-01-05,shufinskiy_nba_data_pinned_static,e829d4678be1e075f99e5d41a1c5f97089be446b
2024-25,1610612744,22400508,2025-01-07,shufinskiy_nba_data_pinned_static,e829d4678be1e075f99e5d41a1c5f97089be446b
2024-25,1610612744,22400518,2025-01-09,shufinskiy_nba_data_pinned_static,e829d4678be1e075f99e5d41a1c5f97089be446b
2024-25,1610612744,22400525,2025-01-10,shufinskiy_nba_data_pinned_static,e829d4678be1e075f99e5d41a1c5f97089be446b
2024-25,1610612744,22400550,2025-01-13,shufinskiy_nba_data_pinned_static,e829d4678be1e075f99e5d41a1c5f97089be446b
2024-25,1610612744,22400565,2025-01-15,shufinskiy_nba_data_pinned_static,e829d4678be1e075f99e5d41a1c5f97089be446b
2024-25,1610612744,22400589,2025-01-18,shufinskiy_nba_data_pinned_static,e829d4678be1e075f99e5d41a1c5f97089be446b
2024-25,1610612744,22400604,2025-01-20,shufinskiy_nba_data_pinned_static,e829d4678be1e075f99e5d41a1c5f97089be446b
2024-25,1610612744,22400619,2025-01-22,shufinskiy_nba_data_pinned_static,e829d4678be1e075f99e5d41a1c5f97089be446b
2024-25,1610612744,22400628,2025-01-23,shufinskiy_nba_data_pinned_static,e829d4678be1e075f99e5d41a1c5f97089be446b
2024-25,1610612744,22400644,2025-01-25,shufinskiy_nba_data_pinned_static,e829d4678be1e075f99e5d41a1c5f97089be446b
2024-25,1610612744,22400661,2025-01-28,shufinskiy_nba_data_pinned_static,e829d4678be1e075f99e5d41a1c5f97089be446b
2024-25,1610612744,22400673,2025-01-29,shufinskiy_nba_data_pinned_static,e829d4678be1e075f99e5d41a1c5f97089be446b
2024-25,1610612744,22400685,2025-01-31,shufinskiy_nba_data_pinned_static,e829d4678be1e075f99e5d41a1c5f97089be446b
2024-25,1610612744,22400708,2025-02-03,shufinskiy_nba_data_pinned_static,e829d4678be1e075f99e5d41a1c5f97089be446b
2024-25,1610612744,22400725,2025-02-05,shufinskiy_nba_data_pinned_static,e829d4678be1e075f99e5d41a1c5f97089be446b
2024-25,1610612744,22400731,2025-02-06,shufinskiy_nba_data_pinned_static,e829d4678be1e075f99e5d41a1c5f97089be446b
2024-25,1610612744,22400745,2025-02-08,shufinskiy_nba_data_pinned_static,e829d4678be1e075f99e5d41a1c5f97089be446b
2024-25,1610612744,22400760,2025-02-10,shufinskiy_nba_data_pinned_static,e829d4678be1e075f99e5d41a1c5f97089be446b
2024-25,1610612744,22400782,2025-02-12,shufinskiy_nba_data_pinned_static,e829d4678be1e075f99e5d41a1c5f97089be446b
2024-25,1610612744,22400784,2025-02-13,shufinskiy_nba_data_pinned_static,e829d4678be1e075f99e5d41a1c5f97089be446b
2024-25,1610612744,22400805,2025-02-21,shufinskiy_nba_data_pinned_static,e829d4678be1e075f99e5d41a1c5f97089be446b
2024-25,1610612744,22400812,2025-02-23,shufinskiy_nba_data_pinned_static,e829d4678be1e075f99e5d41a1c5f97089be446b
2024-25,1610612744,22400834,2025-02-25,shufinskiy_nba_data_pinned_static,e829d4678be1e075f99e5d41a1c5f97089be446b
2024-25,1610612744,22400845,2025-02-27,shufinskiy_nba_data_pinned_static,e829d4678be1e075f99e5d41a1c5f97089be446b
2024-25,1610612744,22400864,2025-03-01,shufinskiy_nba_data_pinned_static,e829d4678be1e075f99e5d41a1c5f97089be446b
2024-25,1610612744,22400875,2025-03-03,shufinskiy_nba_data_pinned_static,e829d4678be1e075f99e5d41a1c5f97089be446b
2024-25,1610612744,22400885,2025-03-04,shufinskiy_nba_data_pinned_static,e829d4678be1e075f99e5d41a1c5f97089be446b
2024-25,1610612744,22400901,2025-03-06,shufinskiy_nba_data_pinned_static,e829d4678be1e075f99e5d41a1c5f97089be446b
2024-25,1610612744,22400919,2025-03-08,shufinskiy_nba_data_pinned_static,e829d4678be1e075f99e5d41a1c5f97089be446b
2024-25,1610612744,22400938,2025-03-10,shufinskiy_nba_data_pinned_static,e829d4678be1e075f99e5d41a1c5f97089be446b
2024-25,1610612744,22400957,2025-03-13,shufinskiy_nba_data_pinned_static,e829d4678be1e075f99e5d41a1c5f97089be446b
2024-25,1610612744,22400974,2025-03-15,shufinskiy_nba_data_pinned_static,e829d4678be1e075f99e5d41a1c5f97089be446b
2024-25,1610612744,22400990,2025-03-17,shufinskiy_nba_data_pinned_static,e829d4678be1e075f99e5d41a1c5f97089be446b
2024-25,1610612744,22401012,2025-03-18,shufinskiy_nba_data_pinned_static,e829d4678be1e075f99e5d41a1c5f97089be446b
2024-25,1610612744,22401005,2025-03-20,shufinskiy_nba_data_pinned_static,e829d4678be1e075f99e5d41a1c5f97089be446b
2024-25,1610612744,22401025,2025-03-22,shufinskiy_nba_data_pinned_static,e829d4678be1e075f99e5d41a1c5f97089be446b
2024-25,1610612744,22401047,2025-03-25,shufinskiy_nba_data_pinned_static,e829d4678be1e075f99e5d41a1c5f97089be446b
2024-25,1610612744,22401072,2025-03-28,shufinskiy_nba_data_pinned_static,e829d4678be1e075f99e5d41a1c5f97089be446b
2024-25,1610612744,22401086,2025-03-30,shufinskiy_nba_data_pinned_static,e829d4678be1e075f99e5d41a1c5f97089be446b
2024-25,1610612744,22401100,2025-04-01,shufinskiy_nba_data_pinned_static,e829d4678be1e075f99e5d41a1c5f97089be446b
2024-25,1610612744,22401117,2025-04-03,shufinskiy_nba_data_pinned_static,e829d4678be1e075f99e5d41a1c5f97089be446b
2024-25,1610612744,22401125,2025-04-04,shufinskiy_nba_data_pinned_static,e829d4678be1e075f99e5d41a1c5f97089be446b
2024-25,1610612744,22401143,2025-04-06,shufinskiy_nba_data_pinned_static,e829d4678be1e075f99e5d41a1c5f97089be446b
2024-25,1610612744,22401154,2025-04-08,shufinskiy_nba_data_pinned_static,e829d4678be1e075f99e5d41a1c5f97089be446b
2024-25,1610612744,22401163,2025-04-09,shufinskiy_nba_data_pinned_static,e829d4678be1e075f99e5d41a1c5f97089be446b
2024-25,1610612744,22401183,2025-04-11,shufinskiy_nba_data_pinned_static,e829d4678be1e075f99e5d41a1c5f97089be446b
2024-25,1610612744,22401198,2025-04-13,shufinskiy_nba_data_pinned_static,e829d4678be1e075f99e5d41a1c5f97089be446b
